run,type,module,name,attrname,attrvalue,vectime,vecvalue
General-350-20260718-15:54:39-5193,runattr,,,configname,General,,
General-350-20260718-15:54:39-5193,runattr,,,datetime,20260718-15:54:39,,
General-350-20260718-15:54:39-5193,runattr,,,datetimef,20260718-155439,,
General-350-20260718-15:54:39-5193,runattr,,,experiment,General,,
General-350-20260718-15:54:39-5193,runattr,,,inifile,Test_MLModel_1.ini,,
General-350-20260718-15:54:39-5193,runattr,,,iterationvars,"$myraan=195, $threshold=0.60, $0=23542",,
General-350-20260718-15:54:39-5193,runattr,,,iterationvarsd,myraan=195/threshold=0.60/23542,,
General-350-20260718-15:54:39-5193,runattr,,,iterationvarsf,"myraan=195,threshold=0.60,23542-",,
General-350-20260718-15:54:39-5193,runattr,,,measurement,"$myraan=195, $threshold=0.60, $0=23542",,
General-350-20260718-15:54:39-5193,runattr,,,network,Florasat.Test_Individual.Florasat_Individual_Sats,,
General-350-20260718-15:54:39-5193,runattr,,,processid,5193,,
General-350-20260718-15:54:39-5193,runattr,,,repetition,0,,
General-350-20260718-15:54:39-5193,runattr,,,replication,#0,,
General-350-20260718-15:54:39-5193,runattr,,,resultdir,results,,
General-350-20260718-15:54:39-5193,runattr,,,runnumber,350,,
General-350-20260718-15:54:39-5193,runattr,,,seedset,350,,
General-350-20260718-15:54:39-5193,itervar,,,myraan,195,,
General-350-20260718-15:54:39-5193,itervar,,,threshold,0.60,,
General-350-20260718-15:54:39-5193,config,,,*.stats_altitude,670,,
General-350-20260718-15:54:39-5193,config,,,*.stats_raan,185,,
General-350-20260718-15:54:39-5193,config,,,image-path,../../images:../../../../samples/inet4.5_2/images,,
General-350-20260718-15:54:39-5193,config,,,network,Florasat.Test_Individual.Florasat_Individual_Sats,,
General-350-20260718-15:54:39-5193,config,,,rng-class,cMersenneTwister,,
General-350-20260718-15:54:39-5193,config,,,*.**.result-recording-modes,-,,
General-350-20260718-15:54:39-5193,config,,,**.result-recording-modes,-,,
General-350-20260718-15:54:39-5193,config,,,**.statistic-recording,true,,
General-350-20260718-15:54:39-5193,config,,,**.scalar-recording,true,,
General-350-20260718-15:54:39-5193,config,,,**.vector-recording,true,,
General-350-20260718-15:54:39-5193,config,,,**.vector-record-eventnumbers,true,,
General-350-20260718-15:54:39-5193,config,,,repeat,10,,
General-350-20260718-15:54:39-5193,config,,,seed-0-mt,23542,,
General-350-20260718-15:54:39-5193,config,,,sim-time-limit,749s,,
General-350-20260718-15:54:39-5193,config,,,simtime-resolution,-11,,
General-350-20260718-15:54:39-5193,config,,,**.stats_altitude,670,,
General-350-20260718-15:54:39-5193,config,,,**.stats_raan,185,,
General-350-20260718-15:54:39-5193,config,,,*.radioMedium.backgroundNoise.power,-110dBm,,
General-350-20260718-15:54:39-5193,config,,,*.radioMedium.mediumLimitCache.centerFrequency,868MHz,,
General-350-20260718-15:54:39-5193,config,,,*.radioMedium.mediumLimitCache.maxTransmissionDuration,4s,,
General-350-20260718-15:54:39-5193,config,,,*.radioMedium.mediumLimitCache.minInterferenceTime,0s,,
General-350-20260718-15:54:39-5193,config,,,**.numSatellites,1,,
General-350-20260718-15:54:39-5193,config,,,*.satellite[*].mobilityType,"""Sat_Mob_SatelliteMobility_Standalone""",,
General-350-20260718-15:54:39-5193,config,,,*.satellite[*].noradModuleType,"""Sat_Mob_NoradA""",,
General-350-20260718-15:54:39-5193,config,,,**.satellite[*].**.initFromDisplayString,false,,
General-350-20260718-15:54:39-5193,config,,,*.satellite[*].mobility.faceForward,true,,
General-350-20260718-15:54:39-5193,config,,,*.satellite[*].mobility.updateInterval,20s,,
General-350-20260718-15:54:39-5193,config,,,*.satellite[*].NoradModule.satName,"""FLoRaSat""",,
General-350-20260718-15:54:39-5193,config,,,*.satellite[*].NoradModule.satIndex,-1,,
General-350-20260718-15:54:39-5193,config,,,*.satellite[*].NoradModule.baseYear,20,,
General-350-20260718-15:54:39-5193,config,,,*.satellite[*].NoradModule.baseDay,1.5,,
General-350-20260718-15:54:39-5193,config,,,*.satellite[*].NoradModule.planes,1,,
General-350-20260718-15:54:39-5193,config,,,*.satellite[*].NoradModule.satPerPlane,1,,
General-350-20260718-15:54:39-5193,config,,,*.satellite[*].NoradModule.eccentricity,0.000001,,
General-350-20260718-15:54:39-5193,config,,,*.satellite[*].NoradModule.inclination,98,,
General-350-20260718-15:54:39-5193,config,,,*.satellite[*].NoradModule.altitude,670,,
General-350-20260718-15:54:39-5193,config,,,*.satellite[0].NoradModule.raan,195,,
General-350-20260718-15:54:39-5193,config,,,*.satellite[0].NoradModule.meanAnomaly,195,,
General-350-20260718-15:54:39-5193,config,,,*.satellite[*].phyDSL.radio.receiver.enableCollisionOverlap,true,,
General-350-20260718-15:54:39-5193,config,,,*.satellite[*].phyDSL.radio.receiver.minCollisionOverlap,0s,,
General-350-20260718-15:54:39-5193,config,,,*.satellite[*].phyDSL.radio.antenna.typename,ConstantGainAntenna,,
General-350-20260718-15:54:39-5193,config,,,*.satellite[*].phyDSL.radio.antenna.mobilityModule,"""^.^.^.mobility""",,
General-350-20260718-15:54:39-5193,config,,,*.satellite[*].phyISL.radio.antenna.mobilityModule,"""^.^.^.mobility""",,
General-350-20260718-15:54:39-5193,config,,,*.satellite[*].phyGSL.radio.antenna.mobilityModule,"""^.^.^.mobility""",,
General-350-20260718-15:54:39-5193,config,,,*.satellite[*].phyDSL.radio.antenna.gain,12dB,,
General-350-20260718-15:54:39-5193,config,,,*.satellite[*].net.routingType,"""Null_Routing""",,
General-350-20260718-15:54:39-5193,config,,,*.terminal[*].net.routingType,"""Ter_Null_Routing""",,
General-350-20260718-15:54:39-5193,config,,,*.**.numGroundLinks,40,,
General-350-20260718-15:54:39-5193,config,,,*.satellite[*].**.interfaceTableModule,"""""",,
General-350-20260718-15:54:39-5193,config,,,**.radioMedium.typename,LoRaMedium,,
General-350-20260718-15:54:39-5193,config,,,**.radioMedium.analogModel.typename,LoRaAnalogModel,,
General-350-20260718-15:54:39-5193,config,,,**.intraPlaneIslDisabled,false,,
General-350-20260718-15:54:39-5193,config,,,**.interPlaneIslDisabled,false,,
General-350-20260718-15:54:39-5193,config,,,**.numTerminals,60,,
General-350-20260718-15:54:39-5193,config,,,*.terminal[*].phy.radio.antenna.mobilityModule,"""^.^.^.mob""",,
General-350-20260718-15:54:39-5193,config,,,*.terminal[*].dlk.mac.interfaceTableModule,"""""",,
General-350-20260718-15:54:39-5193,config,,,*.terminal[*].dlk.energySourceModule,"""""",,
General-350-20260718-15:54:39-5193,config,,,*.terminal[*].dlk.mac.LoRaTP,"intuniform(12, 14)",,
General-350-20260718-15:54:39-5193,config,,,*.terminal[*].dlk.mac.LoRaSF,"intuniform(10, 12)",,
General-350-20260718-15:54:39-5193,config,,,*.terminal[*].dlk.mac.useMLBox,true,,
General-350-20260718-15:54:39-5193,config,,,*.terminal[*].dlk.mac.mlBox.modelPath,"""/home/ylnner/Documents/omnet++/omnetpp-6.3.0/projects/florasat_v4_ult_routing/simulations/Test_Individual/mlmodels/transformer_scripted.pt""",,
General-350-20260718-15:54:39-5193,config,,,*.terminal[*].dlk.mac.mlBox.threshold,0.60,,
General-350-20260718-15:54:39-5193,config,,,**.numberOfPacketsToSend,0,,
General-350-20260718-15:54:39-5193,config,,,**.timeToFirstPacket,1s,,
General-350-20260718-15:54:39-5193,config,,,**.timeToNextPacket,115s,,
General-350-20260718-15:54:39-5193,config,,,*.terminal[0].mob.radius,0.0,,
General-350-20260718-15:54:39-5193,config,,,*.terminal[0].mob.centerLatitude,54.978,,
General-350-20260718-15:54:39-5193,config,,,*.terminal[0].mob.centerLongitude,-1.617,,
General-350-20260718-15:54:39-5193,config,,,*.terminal[1].mob.radius,0.0,,
General-350-20260718-15:54:39-5193,config,,,*.terminal[1].mob.centerLatitude,52.630,,
General-350-20260718-15:54:39-5193,config,,,*.terminal[1].mob.centerLongitude,-1.139,,
General-350-20260718-15:54:39-5193,config,,,*.terminal[2].mob.radius,0.0,,
General-350-20260718-15:54:39-5193,config,,,*.terminal[2].mob.centerLatitude,52.612,,
General-350-20260718-15:54:39-5193,config,,,*.terminal[2].mob.centerLongitude,-6.295,,
General-350-20260718-15:54:39-5193,config,,,*.terminal[3].mob.radius,0.0,,
General-350-20260718-15:54:39-5193,config,,,*.terminal[3].mob.centerLatitude,47.243,,
General-350-20260718-15:54:39-5193,config,,,*.terminal[3].mob.centerLongitude,6.024,,
General-350-20260718-15:54:39-5193,config,,,*.terminal[4].mob.radius,0.0,,
General-350-20260718-15:54:39-5193,config,,,*.terminal[4].mob.centerLatitude,43.610,,
General-350-20260718-15:54:39-5193,config,,,*.terminal[4].mob.centerLongitude,3.876,,
General-350-20260718-15:54:39-5193,config,,,*.terminal[5].mob.radius,0.0,,
General-350-20260718-15:54:39-5193,config,,,*.terminal[5].mob.centerLatitude,49.443,,
General-350-20260718-15:54:39-5193,config,,,*.terminal[5].mob.centerLongitude,1.099,,
General-350-20260718-15:54:39-5193,config,,,*.terminal[6].mob.radius,0.0,,
General-350-20260718-15:54:39-5193,config,,,*.terminal[6].mob.centerLatitude,37.992,,
General-350-20260718-15:54:39-5193,config,,,*.terminal[6].mob.centerLongitude,-1.130,,
General-350-20260718-15:54:39-5193,config,,,*.terminal[7].mob.radius,0.0,,
General-350-20260718-15:54:39-5193,config,,,*.terminal[7].mob.centerLatitude,40.965,,
General-350-20260718-15:54:39-5193,config,,,*.terminal[7].mob.centerLongitude,-5.664,,
General-350-20260718-15:54:39-5193,config,,,*.terminal[8].mob.radius,0.0,,
General-350-20260718-15:54:39-5193,config,,,*.terminal[8].mob.centerLatitude,40.657,,
General-350-20260718-15:54:39-5193,config,,,*.terminal[8].mob.centerLongitude,-7.914,,
General-350-20260718-15:54:39-5193,config,,,*.terminal[9].mob.radius,0.0,,
General-350-20260718-15:54:39-5193,config,,,*.terminal[9].mob.centerLatitude,51.340,,
General-350-20260718-15:54:39-5193,config,,,*.terminal[9].mob.centerLongitude,12.373,,
General-350-20260718-15:54:39-5193,config,,,*.terminal[10].mob.radius,0.0,,
General-350-20260718-15:54:39-5193,config,,,*.terminal[10].mob.centerLatitude,51.455,,
General-350-20260718-15:54:39-5193,config,,,*.terminal[10].mob.centerLongitude,7.011,,
General-350-20260718-15:54:39-5193,config,,,*.terminal[11].mob.radius,0.0,,
General-350-20260718-15:54:39-5193,config,,,*.terminal[11].mob.centerLatitude,49.452,,
General-350-20260718-15:54:39-5193,config,,,*.terminal[11].mob.centerLongitude,11.076,,
General-350-20260718-15:54:39-5193,config,,,*.terminal[12].mob.radius,0.0,,
General-350-20260718-15:54:39-5193,config,,,*.terminal[12].mob.centerLatitude,43.769,,
General-350-20260718-15:54:39-5193,config,,,*.terminal[12].mob.centerLongitude,11.255,,
General-350-20260718-15:54:39-5193,config,,,*.terminal[13].mob.radius,0.0,,
General-350-20260718-15:54:39-5193,config,,,*.terminal[13].mob.centerLatitude,41.117,,
General-350-20260718-15:54:39-5193,config,,,*.terminal[13].mob.centerLongitude,16.871,,
General-350-20260718-15:54:39-5193,config,,,*.terminal[14].mob.radius,0.0,,
General-350-20260718-15:54:39-5193,config,,,*.terminal[14].mob.centerLatitude,52.132,,
General-350-20260718-15:54:39-5193,config,,,*.terminal[14].mob.centerLongitude,5.291,,
General-350-20260718-15:54:39-5193,config,,,*.terminal[15].mob.radius,0.0,,
General-350-20260718-15:54:39-5193,config,,,*.terminal[15].mob.centerLatitude,50.411,,
General-350-20260718-15:54:39-5193,config,,,*.terminal[15].mob.centerLongitude,4.444,,
General-350-20260718-15:54:39-5193,config,,,*.terminal[16].mob.radius,0.0,,
General-350-20260718-15:54:39-5193,config,,,*.terminal[16].mob.centerLatitude,47.559,,
General-350-20260718-15:54:39-5193,config,,,*.terminal[16].mob.centerLongitude,7.588,,
General-350-20260718-15:54:39-5193,config,,,*.terminal[17].mob.radius,0.0,,
General-350-20260718-15:54:39-5193,config,,,*.terminal[17].mob.centerLatitude,55.403,,
General-350-20260718-15:54:39-5193,config,,,*.terminal[17].mob.centerLongitude,10.402,,
General-350-20260718-15:54:39-5193,config,,,*.terminal[18].mob.radius,0.0,,
General-350-20260718-15:54:39-5193,config,,,*.terminal[18].mob.centerLatitude,59.858,,
General-350-20260718-15:54:39-5193,config,,,*.terminal[18].mob.centerLongitude,17.638,,
General-350-20260718-15:54:39-5193,config,,,*.terminal[19].mob.radius,0.0,,
General-350-20260718-15:54:39-5193,config,,,*.terminal[19].mob.centerLatitude,60.451,,
General-350-20260718-15:54:39-5193,config,,,*.terminal[19].mob.centerLongitude,22.266,,
General-350-20260718-15:54:39-5193,config,,,*.terminal[20].mob.radius,0.0,,
General-350-20260718-15:54:39-5193,config,,,*.terminal[20].mob.centerLatitude,56.325,,
General-350-20260718-15:54:39-5193,config,,,*.terminal[20].mob.centerLongitude,22.349,,
General-350-20260718-15:54:39-5193,config,,,*.terminal[21].mob.radius,0.0,,
General-350-20260718-15:54:39-5193,config,,,*.terminal[21].mob.centerLatitude,49.883,,
General-350-20260718-15:54:39-5193,config,,,*.terminal[21].mob.centerLongitude,18.568,,
General-350-20260718-15:54:39-5193,config,,,*.terminal[22].mob.radius,0.0,,
General-350-20260718-15:54:39-5193,config,,,*.terminal[22].mob.centerLatitude,47.531,,
General-350-20260718-15:54:39-5193,config,,,*.terminal[22].mob.centerLongitude,21.627,,
General-350-20260718-15:54:39-5193,config,,,*.terminal[23].mob.radius,0.0,,
General-350-20260718-15:54:39-5193,config,,,*.terminal[23].mob.centerLatitude,44.179,,
General-350-20260718-15:54:39-5193,config,,,*.terminal[23].mob.centerLongitude,28.649,,
General-350-20260718-15:54:39-5193,config,,,*.terminal[24].mob.radius,0.0,,
General-350-20260718-15:54:39-5193,config,,,*.terminal[24].mob.centerLatitude,45.327,,
General-350-20260718-15:54:39-5193,config,,,*.terminal[24].mob.centerLongitude,14.442,,
General-350-20260718-15:54:39-5193,config,,,*.terminal[25].mob.radius,0.0,,
General-350-20260718-15:54:39-5193,config,,,*.terminal[25].mob.centerLatitude,40.694,,
General-350-20260718-15:54:39-5193,config,,,*.terminal[25].mob.centerLongitude,30.400,,
General-350-20260718-15:54:39-5193,config,,,*.terminal[26].mob.radius,0.0,,
General-350-20260718-15:54:39-5193,config,,,*.terminal[26].mob.centerLatitude,37.066,,
General-350-20260718-15:54:39-5193,config,,,*.terminal[26].mob.centerLongitude,37.383,,
General-350-20260718-15:54:39-5193,config,,,*.terminal[27].mob.radius,0.0,,
General-350-20260718-15:54:39-5193,config,,,*.terminal[27].mob.centerLatitude,64.836,,
General-350-20260718-15:54:39-5193,config,,,*.terminal[27].mob.centerLongitude,-23.708,,
General-350-20260718-15:54:39-5193,config,,,*.terminal[28].mob.radius,0.0,,
General-350-20260718-15:54:39-5193,config,,,*.terminal[28].mob.centerLatitude,28.099,,
General-350-20260718-15:54:39-5193,config,,,*.terminal[28].mob.centerLongitude,-17.113,,
General-350-20260718-15:54:39-5193,config,,,*.terminal[29].mob.radius,0.0,,
General-350-20260718-15:54:39-5193,config,,,*.terminal[29].mob.centerLatitude,34.921,,
General-350-20260718-15:54:39-5193,config,,,*.terminal[29].mob.centerLongitude,33.623,,
General-350-20260718-15:54:39-5193,config,,,*.terminal[30].mob.radius,0.0,,
General-350-20260718-15:54:39-5193,config,,,*.terminal[30].mob.centerLatitude,55.953,,
General-350-20260718-15:54:39-5193,config,,,*.terminal[30].mob.centerLongitude,-3.188,,
General-350-20260718-15:54:39-5193,config,,,*.terminal[31].mob.radius,0.0,,
General-350-20260718-15:54:39-5193,config,,,*.terminal[31].mob.centerLatitude,51.481,,
General-350-20260718-15:54:39-5193,config,,,*.terminal[31].mob.centerLongitude,-3.179,,
General-350-20260718-15:54:39-5193,config,,,*.terminal[32].mob.radius,0.0,,
General-350-20260718-15:54:39-5193,config,,,*.terminal[32].mob.centerLatitude,53.349,,
General-350-20260718-15:54:39-5193,config,,,*.terminal[32].mob.centerLongitude,-6.260,,
General-350-20260718-15:54:39-5193,config,,,*.terminal[33].mob.radius,0.0,,
General-350-20260718-15:54:39-5193,config,,,*.terminal[33].mob.centerLatitude,45.764,,
General-350-20260718-15:54:39-5193,config,,,*.terminal[33].mob.centerLongitude,4.835,,
General-350-20260718-15:54:39-5193,config,,,*.terminal[34].mob.radius,0.0,,
General-350-20260718-15:54:39-5193,config,,,*.terminal[34].mob.centerLatitude,48.573,,
General-350-20260718-15:54:39-5193,config,,,*.terminal[34].mob.centerLongitude,7.752,,
General-350-20260718-15:54:39-5193,config,,,*.terminal[35].mob.radius,0.0,,
General-350-20260718-15:54:39-5193,config,,,*.terminal[35].mob.centerLatitude,44.837,,
General-350-20260718-15:54:39-5193,config,,,*.terminal[35].mob.centerLongitude,-0.579,,
General-350-20260718-15:54:39-5193,config,,,*.terminal[36].mob.radius,0.0,,
General-350-20260718-15:54:39-5193,config,,,*.terminal[36].mob.centerLatitude,41.385,,
General-350-20260718-15:54:39-5193,config,,,*.terminal[36].mob.centerLongitude,2.173,,
General-350-20260718-15:54:39-5193,config,,,*.terminal[37].mob.radius,0.0,,
General-350-20260718-15:54:39-5193,config,,,*.terminal[37].mob.centerLatitude,41.157,,
General-350-20260718-15:54:39-5193,config,,,*.terminal[37].mob.centerLongitude,-8.629,,
General-350-20260718-15:54:39-5193,config,,,*.terminal[38].mob.radius,0.0,,
General-350-20260718-15:54:39-5193,config,,,*.terminal[38].mob.centerLatitude,37.389,,
General-350-20260718-15:54:39-5193,config,,,*.terminal[38].mob.centerLongitude,-5.984,,
General-350-20260718-15:54:39-5193,config,,,*.terminal[39].mob.radius,0.0,,
General-350-20260718-15:54:39-5193,config,,,*.terminal[39].mob.centerLatitude,53.551,,
General-350-20260718-15:54:39-5193,config,,,*.terminal[39].mob.centerLongitude,9.993,,
General-350-20260718-15:54:39-5193,config,,,*.terminal[40].mob.radius,0.0,,
General-350-20260718-15:54:39-5193,config,,,*.terminal[40].mob.centerLatitude,48.135,,
General-350-20260718-15:54:39-5193,config,,,*.terminal[40].mob.centerLongitude,11.582,,
General-350-20260718-15:54:39-5193,config,,,*.terminal[41].mob.radius,0.0,,
General-350-20260718-15:54:39-5193,config,,,*.terminal[41].mob.centerLatitude,50.110,,
General-350-20260718-15:54:39-5193,config,,,*.terminal[41].mob.centerLongitude,8.682,,
General-350-20260718-15:54:39-5193,config,,,*.terminal[42].mob.radius,0.0,,
General-350-20260718-15:54:39-5193,config,,,*.terminal[42].mob.centerLatitude,45.464,,
General-350-20260718-15:54:39-5193,config,,,*.terminal[42].mob.centerLongitude,9.190,,
General-350-20260718-15:54:39-5193,config,,,*.terminal[43].mob.radius,0.0,,
General-350-20260718-15:54:39-5193,config,,,*.terminal[43].mob.centerLatitude,40.851,,
General-350-20260718-15:54:39-5193,config,,,*.terminal[43].mob.centerLongitude,14.268,,
General-350-20260718-15:54:39-5193,config,,,*.terminal[44].mob.radius,0.0,,
General-350-20260718-15:54:39-5193,config,,,*.terminal[44].mob.centerLatitude,51.209,,
General-350-20260718-15:54:39-5193,config,,,*.terminal[44].mob.centerLongitude,3.224,,
General-350-20260718-15:54:39-5193,config,,,*.terminal[45].mob.radius,0.0,,
General-350-20260718-15:54:39-5193,config,,,*.terminal[45].mob.centerLatitude,48.208,,
General-350-20260718-15:54:39-5193,config,,,*.terminal[45].mob.centerLongitude,16.373,,
General-350-20260718-15:54:39-5193,config,,,*.terminal[46].mob.radius,0.0,,
General-350-20260718-15:54:39-5193,config,,,*.terminal[46].mob.centerLatitude,52.229,,
General-350-20260718-15:54:39-5193,config,,,*.terminal[46].mob.centerLongitude,21.012,,
General-350-20260718-15:54:39-5193,config,,,*.terminal[47].mob.radius,0.0,,
General-350-20260718-15:54:39-5193,config,,,*.terminal[47].mob.centerLatitude,59.913,,
General-350-20260718-15:54:39-5193,config,,,*.terminal[47].mob.centerLongitude,10.752,,
General-350-20260718-15:54:39-5193,config,,,*.terminal[48].mob.radius,0.0,,
General-350-20260718-15:54:39-5193,config,,,*.terminal[48].mob.centerLatitude,56.949,,
General-350-20260718-15:54:39-5193,config,,,*.terminal[48].mob.centerLongitude,24.105,,
General-350-20260718-15:54:39-5193,config,,,*.terminal[49].mob.radius,0.0,,
General-350-20260718-15:54:39-5193,config,,,*.terminal[49].mob.centerLatitude,59.437,,
General-350-20260718-15:54:39-5193,config,,,*.terminal[49].mob.centerLongitude,24.753,,
General-350-20260718-15:54:39-5193,config,,,*.terminal[50].mob.radius,0.0,,
General-350-20260718-15:54:39-5193,config,,,*.terminal[50].mob.centerLatitude,50.075,,
General-350-20260718-15:54:39-5193,config,,,*.terminal[50].mob.centerLongitude,14.437,,
General-350-20260718-15:54:39-5193,config,,,*.terminal[51].mob.radius,0.0,,
General-350-20260718-15:54:39-5193,config,,,*.terminal[51].mob.centerLatitude,42.697,,
General-350-20260718-15:54:39-5193,config,,,*.terminal[51].mob.centerLongitude,23.321,,
General-350-20260718-15:54:39-5193,config,,,*.terminal[52].mob.radius,0.0,,
General-350-20260718-15:54:39-5193,config,,,*.terminal[52].mob.centerLatitude,45.815,,
General-350-20260718-15:54:39-5193,config,,,*.terminal[52].mob.centerLongitude,15.981,,
General-350-20260718-15:54:39-5193,config,,,*.terminal[53].mob.radius,0.0,,
General-350-20260718-15:54:39-5193,config,,,*.terminal[53].mob.centerLatitude,40.640,,
General-350-20260718-15:54:39-5193,config,,,*.terminal[53].mob.centerLongitude,22.944,,
General-350-20260718-15:54:39-5193,config,,,*.terminal[54].mob.radius,0.0,,
General-350-20260718-15:54:39-5193,config,,,*.terminal[54].mob.centerLatitude,39.933,,
General-350-20260718-15:54:39-5193,config,,,*.terminal[54].mob.centerLongitude,32.859,,
General-350-20260718-15:54:39-5193,config,,,*.terminal[55].mob.radius,0.0,,
General-350-20260718-15:54:39-5193,config,,,*.terminal[55].mob.centerLatitude,38.419,,
General-350-20260718-15:54:39-5193,config,,,*.terminal[55].mob.centerLongitude,27.128,,
General-350-20260718-15:54:39-5193,config,,,*.terminal[56].mob.radius,0.0,,
General-350-20260718-15:54:39-5193,config,,,*.terminal[56].mob.centerLatitude,35.898,,
General-350-20260718-15:54:39-5193,config,,,*.terminal[56].mob.centerLongitude,14.514,,
General-350-20260718-15:54:39-5193,config,,,*.terminal[57].mob.radius,0.0,,
General-350-20260718-15:54:39-5193,config,,,*.terminal[57].mob.centerLatitude,65.683,,
General-350-20260718-15:54:39-5193,config,,,*.terminal[57].mob.centerLongitude,-18.087,,
General-350-20260718-15:54:39-5193,config,,,*.terminal[58].mob.radius,0.0,,
General-350-20260718-15:54:39-5193,config,,,*.terminal[58].mob.centerLatitude,28.463,,
General-350-20260718-15:54:39-5193,config,,,*.terminal[58].mob.centerLongitude,-16.251,,
General-350-20260718-15:54:39-5193,config,,,*.terminal[59].mob.radius,0.0,,
General-350-20260718-15:54:39-5193,config,,,*.terminal[59].mob.centerLatitude,35.185,,
General-350-20260718-15:54:39-5193,config,,,*.terminal[59].mob.centerLongitude,33.382,,
General-350-20260718-15:54:39-5193,config,,,**.numStations,3,,
General-350-20260718-15:54:39-5193,config,,,**.numStations,3,,
General-350-20260718-15:54:39-5193,config,,,*.station[0].mobility.latitude,55.752,,
General-350-20260718-15:54:39-5193,config,,,*.station[0].mobility.longitude,37.616,,
General-350-20260718-15:54:39-5193,config,,,*.station[0].cityName,"""Moscow""",,
General-350-20260718-15:54:39-5193,config,,,*.station[0].groundStationId,7,,
General-350-20260718-15:54:39-5193,config,,,*.station[0].routerAddr,"""10.0.0.29""",,
General-350-20260718-15:54:39-5193,config,,,*.station[0].serving,"""10.0.0.29""",,
General-350-20260718-15:54:39-5193,config,,,*.station[1].mobility.latitude,28.652,,
General-350-20260718-15:54:39-5193,config,,,*.station[1].mobility.longitude,77.231,,
General-350-20260718-15:54:39-5193,config,,,*.station[1].cityName,"""Delhi""",,
General-350-20260718-15:54:39-5193,config,,,*.station[1].groundStationId,11,,
General-350-20260718-15:54:39-5193,config,,,*.station[1].routerAddr,"""10.0.0.45""",,
General-350-20260718-15:54:39-5193,config,,,*.station[1].serving,"""10.0.0.45""",,
General-350-20260718-15:54:39-5193,config,,,*.station[2].mobility.latitude,25.35,,
General-350-20260718-15:54:39-5193,config,,,*.station[2].mobility.longitude,51.24,,
General-350-20260718-15:54:39-5193,config,,,*.station[2].cityName,"""Katar""",,
General-350-20260718-15:54:39-5193,config,,,*.station[2].groundStationId,19,,
General-350-20260718-15:54:39-5193,config,,,*.station[2].routerAddr,"""10.0.0.77""",,
General-350-20260718-15:54:39-5193,config,,,*.station[2].serving,"""10.0.0.77""",,
General-350-20260718-15:54:39-5193,config,,,*.visualizer.canvasVisualizer.mediumVisualizer.typename,,,
General-350-20260718-15:54:39-5193,config,,,*.visualizer.*.radioVisualizer.displayAntennaLobes,true,,
General-350-20260718-15:54:39-5193,config,,,*.visualizer.*.dataLinkVisualizer.displayLinks,true,,
General-350-20260718-15:54:39-5193,config,,,*.visualizer.*.mobilityVisualizer.displayMovementTrails,true,,
General-350-20260718-15:54:39-5193,config,,,*.visualizer.*.mobilityVisualizer.movementTrailLineWidth,1,,
General-350-20260718-15:54:39-5193,config,,,*.visualizer.*.mobilityVisualizer.trailLength,3000,,
General-350-20260718-15:54:39-5193,config,,,**.ttxStart_max,1s,,
General-350-20260718-15:54:39-5193,config,,,**.ttxIdle_min,10s,,
General-350-20260718-15:54:39-5193,config,,,**.ttxIdle_max,15s,,
General-350-20260718-15:54:39-5193,config,,,**.Ntw,1,,
General-350-20260718-15:54:39-5193,config,,,**.Ntx,5,,
General-350-20260718-15:54:39-5193,config,,,**.ttwDuration,100s,,
General-350-20260718-15:54:39-5193,config,,,output-scalar-file,results/results_florasat_ml_trf/transformer-raan-195-th-0.60-General-0.sca,,
General-350-20260718-15:54:39-5193,config,,,output-vector-file,results/results_florasat_ml_trf/transformer-raan-195-th-0.60-General-0.vec,,
General-350-20260718-15:54:39-5193,vector,Florasat_Individual_Sats.terminal[42].dlk.mac,vector_preds_Transformer,,,"1.07121549663 11.19237912353 22.28345055482 32.77806058293 46.16344489972 116.47789180023 131.4302854063 144.73045538506 157.57243148494 170.92653732375 231.24530228996 244.4562030104 257.50147447898 269.41026631254 283.91484550294 346.67318603303 357.75014359783 370.00712983124 380.55705178576 391.04104289716 461.12568683387 472.83367437124 485.86923009413 496.18534904485 509.44497553096 576.41352480557 590.29723667586 604.5553642516 617.03892225795 629.91842730948 691.61099554366 703.01017315337 715.19527584175 727.32729918533 740.97600810556","14704201.1 14704202.1 14704203.1 14704204.1 14704205.1 14710201.1 14710202.1 14710203 14710204 14710205 14716201 14716202 14716203 14716204 14716205 14722201 14722202 14722203 14722204 14722205 14728201 14728202 14728203 14728204 14728205 14734201 14734202 14734203 14734204 14734205 14740201 14740202 14740203 14740204 14740205"
General-350-20260718-15:54:39-5193,vector,Florasat_Individual_Sats.terminal[7].dlk.mac,vector_preds_Transformer,,,"1.08152910322 15.64045064454 28.3168196138 42.55060170963 53.70632023853 116.90625844663 130.78328897269 142.88941791654 153.23343238933 165.52078195056 231.05577664147 245.68360737455 259.95659535332 271.47968044668 285.04790083203 346.72606155113 360.02031546039 373.10218858602 387.21255110646 399.03513918234 461.67794793262 476.57668611035 491.43715677317 501.98701662943 513.21726970375 576.68926050584 591.41649181768 604.96515693422 619.80078970478 633.07647206285 691.41592650977 704.85323136393 715.52773859771 728.65303846262 739.26116675906","14700701.1 14700702.1 14700703.1 14700704.1 14700705.1 14706701.1 14706702.1 14706703 14706704 14706705 14712701 14712702 14712703 14712704 14712705 14718701 14718702 14718703 14718704 14718705 14724701 14724702 14724703 14724704 14724705 14730701 14730702 14730703 14730704 14730705 14736701 14736702 14736703 14736704 14736705"
General-350-20260718-15:54:39-5193,vector,Florasat_Individual_Sats.terminal[47].dlk.mac,vector_preds_Transformer,,,"1.09386848263 14.70472581895 27.89848961379 39.02335327911 52.47936420469 116.56364157493 128.51421755436 139.71221408853 153.23306799563 165.16326905391 231.61830238602 242.77510348195 256.89748629997 266.95455707912 281.60134379472 346.63879212947 357.16411073716 371.68542263122 384.92556496547 396.51620905172 461.42783141369 471.91634998098 484.84230055264 495.15007250383 509.27189262257 576.17013559467 588.93663556105 600.65659424196 615.60921291494 627.34075285983 691.70233358745 705.61167513602 716.04527984047 726.61446709186 738.11929347227","14704701.1 14704702.1 14704703.1 14704704.1 14704705.1 14710701.1 14710702.1 14710703.1 14710704.1 14710705.1 14716701.1 14716702.1 14716703.1 14716704.1 14716705.1 14722701 14722702 14722703 14722704 14722705 14728701 14728702 14728703 14728704 14728705 14734701 14734702 14734703 14734704 14734705 14740701 14740702 14740703 14740704 14740705"
General-350-20260718-15:54:39-5193,vector,Florasat_Individual_Sats.terminal[32].dlk.mac,vector_preds_Transformer,,,"1.09591619205 13.03300475329 26.53635191242 39.65537933842 52.18110311986 116.89172919327 131.87319466681 142.12481563515 156.24529966107 167.12888592226 231.29116327036 242.15992247802 252.98455531825 265.21255671396 280.15124149271 346.36207970278 357.49281876324 368.87809608783 381.5765389516 393.89129894855 461.32540280255 473.4153974466 487.72973411041 499.05511370999 509.3335008705 576.23205253994 586.32782366965 599.94578504143 610.30890539079 625.23299285583 691.60137419589 705.01235336065 718.31163406605 729.17905834154 742.98749482492","14703201.1 14703202.1 14703203.1 14703204.1 14703205.1 14709201.1 14709202.1 14709203 14709204 14709205 14715201 14715202 14715203 14715204 14715205 14721201 14721202 14721203 14721204 14721205 14727201 14727202 14727203 14727204 14727205 14733201 14733202 14733203 14733204 14733205 14739201 14739202 14739203 14739204 14739205"
General-350-20260718-15:54:39-5193,vector,Florasat_Individual_Sats.terminal[51].dlk.mac,vector_preds_Transformer,,,"1.10648575635 11.68012913247 22.82534970367 36.43640282727 46.83331046766 116.91539770854 131.29800093058 145.29829425668 159.55423817784 169.90170978057 231.14338500169 245.26751194359 256.39632705576 266.53960256698 276.54005414783 346.97278515343 358.73076657323 372.43895199057 386.64113604953 397.20971666067 461.6435588852 471.99730227026 486.03878589836 497.71821478638 512.42079248093 576.46271124133 588.22975474177 601.06109334971 612.54609835567 625.12454830343 691.97082279134 702.76178928442 716.10788380611 729.12786577246 742.84031898947","14705101.1 14705102.1 14705103.1 14705104.1 14705105.1 14711101.1 14711102.1 14711103 14711104 14711105 14717101 14717102 14717103 14717104 14717105 14723101.1 14723102.1 14723103.1 14723104.1 14723105.1 14729101.1 14729102.1 14729103.1 14729104.1 14729105.1 14735101 14735102 14735103 14735104 14735105 14741101 14741102 14741103 14741104 14741105"
General-350-20260718-15:54:39-5193,vector,Florasat_Individual_Sats.terminal[19].dlk.mac,vector_preds_Transformer,,,"1.1294819694 11.16048645112 24.00575216743 34.39165446441 44.590897921 116.34143116837 129.93886876339 143.87035161094 154.11118177185 164.18974952842 231.10982245742 242.74593709362 256.36878702649 269.40691184694 283.90294123417 346.05733558536 359.96031735442 371.37197166216 382.75305997115 397.15941416333 461.32311278279 473.75203353376 487.94461993873 499.169459583 513.30427746777 576.60516546853 589.5459927856 603.63032875513 616.26282788045 628.03710461757 691.91470223572 706.04683715594 716.7598965948 729.11541721062 742.46140858485","14701901.1 14701902.1 14701903.1 14701904.1 14701905.1 14707901.1 14707902.1 14707903.1 14707904.1 14707905.1 14713901.1 14713902.1 14713903.1 14713904.1 14713905.1 14719901 14719902 14719903 14719904 14719905 14725901 14725902 14725903 14725904 14725905 14731901 14731902 14731903 14731904 14731905 14737901 14737902 14737903 14737904 14737905"
General-350-20260718-15:54:39-5193,vector,Florasat_Individual_Sats.terminal[11].dlk.mac,vector_preds_Transformer,,,"1.13899325323 14.07198534999 28.92802932602 41.67800784646 51.95904739852 116.15284239152 129.66151746316 140.37917820481 154.03662236384 165.14132586517 231.53378028795 244.99625268415 257.75224191509 272.28555804142 282.754245552 346.00607633218 356.73602983914 370.23105107573 382.7009842426 397.11425851541 461.48287230683 474.09767272812 485.47244241391 498.00674165878 510.08241493534 576.92097681621 588.20844914345 601.33954038657 613.44137009978 626.82572891051 691.15544186113 704.48577758064 715.70433587208 727.87250722549 738.07569197868","14701101.1 14701102.1 14701103.1 14701104.1 14701105.1 14707101.1 14707102.1 14707103 14707104 14707105 14713101 14713102 14713103 14713104 14713105 14719101.1 14719102.1 14719103.1 14719104.1 14719105.1 14725101 14725102 14725103 14725104 14725105 14731101 14731102 14731103 14731104 14731105 14737101 14737102 14737103 14737104 14737105"
General-350-20260718-15:54:39-5193,vector,Florasat_Individual_Sats.terminal[10].dlk.mac,vector_preds_Transformer,,,"1.14321126253 14.14041256765 25.30438015587 39.97179487604 53.43777332455 116.2842126356 128.23036028445 140.9684144021 154.62961529638 168.18058403232 231.8705490469 244.90379250771 257.1187801396 267.53915502271 278.72760032583 346.0942482457 359.63930552685 373.62058439734 385.2348428776 398.36207078863 461.6940867079 472.1424800104 482.45489132404 494.06426886492 507.65257722046 576.87737324229 590.19891265035 604.38186249882 614.79026874714 627.73574936274 691.21340038534 706.08081886824 718.90282031777 729.82510823803 742.33903057687","14701001.1 14701002.1 14701003.1 14701004.1 14701005.1 14707001.1 14707002.1 14707003 14707004 14707005 14713001 14713002 14713003 14713004 14713005 14719001 14719002 14719003 14719004 14719005 14725001 14725002 14725003 14725004 14725005 14731001 14731002 14731003 14731004 14731005 14737001 14737002 14737003 14737004 14737005"
General-350-20260718-15:54:39-5193,vector,Florasat_Individual_Sats.terminal[14].dlk.mac,vector_preds_Transformer,,,"1.1691308422 15.27358309878 26.67821153114 38.47700534552 48.97545868578 116.64064605394 129.08109442703 141.84480844438 153.60350529454 168.02497694409 231.70503913891 244.33679791168 257.28022833472 271.78356057267 283.32787377761 346.51351405913 360.65637675137 372.27554398845 385.69527872396 397.60859237192 461.06052179728 474.02932224819 484.60674330616 495.30883112597 505.87225623569 576.33252807846 591.13344548805 602.80890754959 617.01562370592 627.23142646206 691.3617508132 705.11479618447 716.70081240311 729.56465049949 741.14321466838","14701401.1 14701402.1 14701403.1 14701404.1 14701405.1 14707401.1 14707402.1 14707403 14707404 14707405 14713401 14713402 14713403 14713404 14713405 14719401 14719402 14719403 14719404 14719405 14725401 14725402 14725403 14725404 14725405 14731401 14731402 14731403 14731404 14731405 14737401 14737402 14737403 14737404 14737405"
General-350-20260718-15:54:39-5193,vector,Florasat_Individual_Sats.terminal[15].dlk.mac,vector_preds_Transformer,,,"1.17012853385 13.85058891843 25.92087168363 37.7836977155 52.18124548672 116.21896232711 128.37828645715 142.13502068072 153.58786598546 165.46959566185 231.19486014033 243.01916073566 254.96709423746 266.61225111946 277.81241851068 346.89391726814 358.58731763041 369.91584777552 380.79847653931 392.46064901887 461.31456008949 474.24034232809 487.64061690378 501.27707789489 515.35668715672 576.89057640731 589.306674822 601.87919902615 615.57260238565 628.54021054576 691.84011248569 704.76899041608 715.18313164986 726.605474649 738.74724408426","14701501.1 14701502.1 14701503.1 14701504.1 14701505.1 14707501.1 14707502.1 14707503 14707504 14707505 14713501 14713502 14713503 14713504 14713505 14719501 14719502 14719503 14719504 14719505 14725501 14725502 14725503 14725504 14725505 14731501 14731502 14731503 14731504 14731505 14737501 14737502 14737503 14737504 14737505"
General-350-20260718-15:54:39-5193,vector,Florasat_Individual_Sats.terminal[52].dlk.mac,vector_preds_Transformer,,,"1.18338809069 14.56791290152 25.57653351524 37.05235814978 49.69927721028 116.60733395326 129.72441744711 143.24990639533 156.58394639101 167.4596630265 231.61230946961 243.9936040279 256.27669954859 267.94482390699 278.14621137641 346.06145821954 356.74230918265 368.08636186505 382.85259599192 395.64820539183 461.98201153451 472.63580861409 486.36025721813 497.90929279314 509.61061405857 576.7699707679 588.46240728465 603.00119367382 613.78621225548 624.06685672072 691.81898937048 702.14090959937 716.81490027648 727.82424895977 740.04827865701","14705201.1 14705202.1 14705203.1 14705204.1 14705205.1 14711201.1 14711202.1 14711203 14711204 14711205 14717201 14717202.1 14717203 14717204.1 14717205.1 14723201.1 14723202.1 14723203.1 14723204.1 14723205.1 14729201.1 14729202.1 14729203.1 14729204.1 14729205.1 14735201 14735202 14735203 14735204 14735205 14741201 14741202 14741203 14741204 14741205"
General-350-20260718-15:54:39-5193,vector,Florasat_Individual_Sats.terminal[22].dlk.mac,vector_preds_Transformer,,,"1.18585587898 14.56514969771 27.86391435378 38.75181438006 51.01427927567 116.19193861121 130.50312749785 144.36058186786 158.61384678608 172.77816882682 231.97549822531 242.77827077685 253.90285409894 267.18557706592 279.6317074881 346.63275191141 357.98812517593 370.14261812134 381.64387619518 394.44429186568 461.40023763105 474.73972027236 486.54703173949 501.15640004677 513.20351153542 576.09348439611 590.35628113197 603.99667509482 618.71370712993 630.10659962426 691.65905219316 702.84243873017 716.44999827304 727.88509587337 742.87000544647","14702201.1 14702202.1 14702203.1 14702204.1 14702205.1 14708201.1 14708202.1 14708203 14708204 14708205 14714201.1 14714202.1 14714203.1 14714204.1 14714205.1 14720201.1 14720202.1 14720203.1 14720204.1 14720205.1 14726201.1 14726202.1 14726203.1 14726204 14726205 14732201 14732202 14732203 14732204 14732205 14738201 14738202 14738203 14738204 14738205"
General-350-20260718-15:54:39-5193,vector,Florasat_Individual_Sats.terminal[37].dlk.mac,vector_preds_Transformer,,,"1.20032239845 15.06735608936 26.20286741899 36.98967032157 51.12583619332 116.48951469827 129.21483027073 141.14280434464 154.51356497615 166.32098412861 231.6924768032 243.39228075789 255.68562923209 266.75811894098 280.70409034355 346.73243826139 357.1921809495 369.74978780025 384.54325320432 394.92013153387 461.59124867106 472.61816327158 485.93885189901 499.62010714971 512.58213637327 576.75675834948 587.56746032345 600.21891312511 614.51218253887 627.09880714608 691.39011508483 706.12562118727 719.66984698014 729.70874103299 740.0074907851","14703701.1 14703702.1 14703703.1 14703704.1 14703705.1 14709701.1 14709702.1 14709703 14709704 14709705 14715701 14715702 14715703 14715704 14715705 14721701 14721702 14721703 14721704 14721705 14727701 14727702 14727703 14727704 14727705 14733701 14733702 14733703 14733704 14733705 14739701 14739702 14739703 14739704 14739705"
General-350-20260718-15:54:39-5193,vector,Florasat_Individual_Sats.terminal[3].dlk.mac,vector_preds_Transformer,,,"1.23027744517 11.40103092697 25.86651341571 40.64763440332 52.09413750261 116.33624469582 130.92764591984 142.29102559224 156.3219805418 166.51149798603 231.5565753046 245.0069777614 257.94098830596 272.56528837886 285.53966387222 346.34437866695 359.6930821829 370.5243091071 384.64477857179 397.46597881499 461.51123526925 473.0067198358 483.90315168141 495.12571051786 506.17346837371 576.2543275163 590.47521846625 603.73651226074 618.55842027487 630.51822326053 691.50578924874 703.10651034885 713.74977901997 726.2125889149 738.96970958519","14700301.1 14700302.1 14700303.1 14700304.1 14700305.1 14706301.1 14706302.1 14706303 14706304 14706305 14712301 14712302 14712303 14712304 14712305 14718301 14718302 14718303 14718304 14718305 14724301 14724302 14724303 14724304 14724305 14730301 14730302 14730303 14730304 14730305 14736301 14736302 14736303 14736304 14736305"
General-350-20260718-15:54:39-5193,vector,Florasat_Individual_Sats.terminal[5].dlk.mac,vector_preds_Transformer,,,"1.2517637678 12.31478336268 24.49630300166 38.58926176327 48.80945095095 116.02952833613 130.58731722273 140.99540565373 154.17708937754 164.92807234731 231.83643971826 243.22867548931 254.31985485041 267.17435809457 281.3590509633 346.7684366887 357.30287572905 369.82726410567 384.006905752 395.18612405937 461.26637778035 471.87743856478 486.44606275041 500.03321379679 512.07794590643 576.59261551802 590.19420706318 604.59042885807 614.91129014874 625.73815339478 691.51593402261 705.69457505597 718.81961338106 730.47567624483 741.22049778002","14700501.1 14700502.1 14700503.1 14700504.1 14700505.1 14706501.1 14706502.1 14706503 14706504 14706505 14712501 14712502 14712503 14712504 14712505 14718501 14718502 14718503 14718504 14718505 14724501 14724502 14724503 14724504 14724505 14730501 14730502 14730503 14730504 14730505 14736501 14736502 14736503 14736504 14736505"
General-350-20260718-15:54:39-5193,vector,Florasat_Individual_Sats.terminal[56].dlk.mac,vector_preds_Transformer,,,"1.26355803967 13.96533993003 25.27434142586 38.29209069419 52.10444396641 116.62970176921 128.61676166672 141.07582792779 153.51908248988 164.86004267609 231.41135117412 243.20124158892 254.28264700715 266.07411970175 277.79798057769 346.63455737312 360.09792894963 371.22872841917 385.64376131305 398.32070329482 461.01268869708 475.32145281089 489.35164382564 503.69978052447 515.9688778303 576.69477494992 589.82922083791 602.71575987665 613.44691204699 628.08560625511 691.60159716755 706.36832490121 720.92080420605 730.94204310351 742.9946316618","14705601.1 14705602.1 14705603.1 14705604.1 14705605.1 14711601.1 14711602.1 14711603 14711604 14711605 14717601 14717602 14717603 14717604 14717605 14723601 14723602 14723603 14723604 14723605 14729601.1 14729602.1 14729603.1 14729604.1 14729605.1 14735601.1 14735602.1 14735603.1 14735604.1 14735605.1 14741601.1 14741602.1 14741603.1 14741604.1 14741605.1"
General-350-20260718-15:54:39-5193,vector,Florasat_Individual_Sats.terminal[0].dlk.mac,vector_preds_Transformer,,,"1.28853469598 11.79666841146 26.57506044697 36.64274335815 48.90213027922 116.42841408867 130.29616587702 143.82341157435 154.73606457724 167.95837519481 231.70617576246 244.01982279052 258.84906306653 273.47097540647 285.09304846777 346.3999920839 360.62763958937 374.79226477212 388.8961064769 401.57230208745 461.7048219128 475.54124996089 488.43142149411 501.2476262371 514.24722354765 576.65306615713 590.78091426007 604.75757464952 616.83347133756 630.66721906838 691.79640373355 701.95284697833 712.98334130925 724.22474225541 735.08761417144","14700001.1 14700002.1 14700003.1 14700004.1 14700005.1 14706001.1 14706002.1 14706003 14706004 14706005 14712001 14712002 14712003 14712004 14712005 14718001 14718002 14718003 14718004 14718005 14724001 14724002 14724003 14724004 14724005 14730001 14730002 14730003 14730004 14730005 14736001 14736002 14736003 14736004 14736005"
General-350-20260718-15:54:39-5193,vector,Florasat_Individual_Sats.terminal[36].dlk.mac,vector_preds_Transformer,,,"1.3230970765 11.89978694846 23.7427020953 35.40998871275 48.04689738038 116.47696144599 126.93252960988 140.1682716161 152.565902428 165.97676278976 231.6831139219 243.97856429569 258.41660677922 271.6394471482 286.22413295439 346.46994077205 360.62672368088 371.73234343948 384.35149347829 395.90799405775 461.23942744802 472.39653653 482.93271102361 493.70075744344 504.3383660866 576.20832670014 587.80750991194 598.65751077537 612.259197979 622.46465548873 691.93818452698 706.88722672686 717.84329516278 730.22765216465 741.32513119072","14703601.1 14703602.1 14703603.1 14703604.1 14703605.1 14709601.1 14709602.1 14709603 14709604 14709605 14715601 14715602 14715603 14715604 14715605 14721601 14721602 14721603 14721604 14721605 14727601 14727602 14727603 14727604 14727605 14733601 14733602 14733603 14733604 14733605 14739601 14739602 14739603 14739604 14739605"
General-350-20260718-15:54:39-5193,vector,Florasat_Individual_Sats.terminal[9].dlk.mac,vector_preds_Transformer,,,"1.33071705396 14.34284750768 25.77387445769 38.86512539978 48.89948541578 116.58317838376 128.60988653428 143.56107902876 158.09151791199 171.06348813092 231.72620477411 246.68536504055 259.31828612717 271.06962551618 283.75055235018 346.79637328279 360.87601191504 372.81252696086 383.73246681318 398.31299278676 461.3016846024 471.85717161908 483.84202156263 498.80297399057 509.16870987556 576.29009529063 591.21882616006 602.44640290667 615.8990865869 627.22199829458 691.13503816095 702.25924656167 714.74379011802 728.12155364686 738.54119510995","14700901.1 14700902.1 14700903.1 14700904.1 14700905.1 14706901.1 14706902.1 14706903 14706904 14706905 14712901.1 14712902.1 14712903.1 14712904.1 14712905.1 14718901.1 14718902.1 14718903.1 14718904.1 14718905.1 14724901 14724902 14724903 14724904 14724905 14730901 14730902 14730903 14730904 14730905 14736901 14736902 14736903 14736904 14736905"
General-350-20260718-15:54:39-5193,vector,Florasat_Individual_Sats.terminal[27].dlk.mac,vector_preds_Transformer,,,"1.33947761939 11.83384346869 24.53345038905 35.80412153364 47.44632995315 116.30277890619 128.95639292221 141.64091491281 153.55964378362 167.82386905422 231.96372155589 245.05462169438 257.34526476148 267.87472181512 282.67297776673 346.71504129749 356.71714329021 367.43494391069 378.17447317741 389.03583177691 461.23815355985 473.34318682714 484.44192170212 497.12219980941 511.75624655955 576.44470306905 588.31146105053 599.38535938831 610.90697492915 621.93433529092 691.49359230371 701.5164922371 714.48276217514 728.69682189379 743.55479136411","14702701.1 14702702.1 14702703.1 14702704.1 14702705.1 14708701.1 14708702.1 14708703 14708704 14708705 14714701 14714702 14714703 14714704 14714705 14720701 14720702 14720703 14720704 14720705 14726701 14726702 14726703 14726704 14726705 14732701 14732702 14732703 14732704 14732705 14738701 14738702 14738703 14738704 14738705"
General-350-20260718-15:54:39-5193,vector,Florasat_Individual_Sats.terminal[13].dlk.mac,vector_preds_Transformer,,,"1.35734614707 15.65141033754 27.80914127617 38.77595830033 50.15140226483 116.98578391457 127.65324979438 142.6385669352 154.19393672375 166.36633660295 231.93247711705 243.61574433814 257.94022073457 270.8549201088 283.29714472941 346.57472447306 360.08298581163 372.52124520181 385.60620194813 396.41139721428 461.6019257938 472.56764931604 482.91545040672 495.80700836726 507.83743693842 576.58807319216 591.17936067492 603.42843971773 614.86151632829 629.62200237531 691.06663555256 701.78345302818 715.79182042973 730.40125998319 740.63672660501","14701301.1 14701302.1 14701303.1 14701304.1 14701305.1 14707301.1 14707302.1 14707303 14707304 14707305 14713301 14713302 14713303 14713304 14713305 14719301 14719302 14719303 14719304.1 14719305.1 14725301.1 14725302.1 14725303.1 14725304.1 14725305.1 14731301.1 14731302.1 14731303.1 14731304.1 14731305.1 14737301 14737302 14737303 14737304 14737305"
General-350-20260718-15:54:39-5193,vector,Florasat_Individual_Sats.terminal[8].dlk.mac,vector_preds_Transformer,,,"1.36124498211 16.28145733033 26.38138532987 36.80023159947 47.82937554409 116.75488439552 130.46558799386 142.22115277477 153.80927643321 166.47015147076 231.14422215568 244.14969643299 255.54485461978 268.28722524062 278.83571707365 346.45935027255 357.70399357518 368.57247898215 383.4737181859 393.81474995379 461.04966672184 472.84272153908 485.62998493365 500.49130269606 514.48821780901 576.02426836523 586.87337802513 600.92523970431 615.25097267492 627.547609088 691.01435502223 703.68597813929 714.46429766762 724.89292106406 739.36159972149","14700801.1 14700802.1 14700803.1 14700804.1 14700805.1 14706801.1 14706802.1 14706803 14706804 14706805 14712801 14712802 14712803 14712804 14712805 14718801 14718802 14718803 14718804 14718805 14724801 14724802 14724803 14724804 14724805 14730801 14730802 14730803 14730804 14730805 14736801 14736802 14736803 14736804 14736805"
General-350-20260718-15:54:39-5193,vector,Florasat_Individual_Sats.terminal[24].dlk.mac,vector_preds_Transformer,,,"1.37412934657 16.20005069277 28.36195971095 41.91344150319 56.54559406312 116.10645777336 129.81207755184 141.94693622435 152.59183908021 166.9782866179 231.14198322408 242.11805352941 253.77115150913 266.19968274608 279.91459050565 346.50463279663 356.96598972055 371.47851456749 381.78802252375 394.51804762567 461.92931669182 472.17087291065 484.98928674963 497.28134315811 509.81173124747 576.92741405475 590.66483606841 602.11525552697 614.29874743941 624.75326410519 691.99962827866 704.05182221346 715.24609365757 730.22789284727 743.61729948456","14702401.1 14702402.1 14702403.1 14702404.1 14702405.1 14708401.1 14708402.1 14708403 14708404 14708405 14714401 14714402 14714403 14714404 14714405 14720401.1 14720402.1 14720403.1 14720404.1 14720405.1 14726401.1 14726402.1 14726403.1 14726404.1 14726405.1 14732401 14732402 14732403 14732404 14732405 14738401 14738402 14738403 14738404 14738405"
General-350-20260718-15:54:39-5193,vector,Florasat_Individual_Sats.terminal[6].dlk.mac,vector_preds_Transformer,,,"1.39958225074 13.40416920022 23.67959468509 34.61322020856 46.86285879812 116.98566660867 129.57168023218 139.71710004727 153.49237090908 165.0408073538 231.82197583211 246.14502697438 258.0478355831 270.86638096324 285.65006765374 346.03769157431 356.60575263784 368.20738834212 382.06228663562 394.09659548313 461.32420918252 474.43483035359 484.49000324052 497.14695587102 510.22155446163 576.30934984842 586.71199165005 596.97098877933 607.09909938346 620.86360136932 691.89070098032 704.48684407444 716.32644837884 727.10047596063 741.86692093661","14700601.1 14700602.1 14700603.1 14700604.1 14700605.1 14706601.1 14706602.1 14706603 14706604 14706605 14712601 14712602 14712603 14712604 14712605 14718601 14718602 14718603 14718604 14718605 14724601 14724602 14724603 14724604 14724605 14730601 14730602 14730603 14730604 14730605 14736601 14736602 14736603 14736604 14736605"
General-350-20260718-15:54:39-5193,vector,Florasat_Individual_Sats.terminal[31].dlk.mac,vector_preds_Transformer,,,"1.45024708891 13.59409299749 27.96705175843 38.1904932328 51.02227167529 116.99675684329 130.3993053385 141.89077992574 154.06025752308 169.00016569066 231.36881309212 243.25568935135 255.15798252774 265.78382770996 279.37993278843 346.10619434854 356.43513572286 369.87033737241 381.52684700559 393.22321524727 461.44488652213 473.00600644527 486.58125290973 501.43951964076 512.80463891547 576.84551169025 587.8537867181 600.10858976725 610.52513632318 625.43144696602 691.96898154286 705.21302283812 717.79381174548 732.19259188115 746.97975005559","14703101.1 14703102.1 14703103.1 14703104.1 14703105.1 14709101.1 14709102.1 14709103 14709104 14709105 14715101 14715102 14715103 14715104 14715105 14721101 14721102 14721103 14721104 14721105 14727101 14727102 14727103 14727104 14727105 14733101 14733102 14733103 14733104 14733105 14739101 14739102 14739103 14739104 14739105"
General-350-20260718-15:54:39-5193,vector,Florasat_Individual_Sats.terminal[38].dlk.mac,vector_preds_Transformer,,,"1.46652572276 14.08732180321 25.81521024066 40.36816964229 52.42563921796 116.39541365649 128.91502310033 143.06597585767 156.37820054638 170.50756948628 231.50443591853 241.75091927266 253.6246668126 264.03038476687 275.9562876923 346.55246182089 360.87761595939 371.69984633197 384.71743188543 396.15343102697 461.8319967601 475.3430726172 486.35232130672 500.16576137767 510.85114349984 576.53517153207 588.96367322281 599.87208032259 614.63386653085 625.34384820937 691.36079709115 704.79627572535 718.08819856215 728.78300736961 741.11592239654","14703801.1 14703802.1 14703803.1 14703804.1 14703805.1 14709801.1 14709802.1 14709803 14709804 14709805 14715801 14715802 14715803 14715804 14715805 14721801 14721802 14721803 14721804 14721805 14727801 14727802 14727803 14727804 14727805 14733801 14733802 14733803 14733804 14733805 14739801 14739802 14739803 14739804 14739805"
General-350-20260718-15:54:39-5193,vector,Florasat_Individual_Sats.terminal[30].dlk.mac,vector_preds_Transformer,,,"1.47169590136 15.13750906242 29.15175149124 43.7758964349 57.13245083601 116.0804973091 129.96725246799 144.04871620727 157.88532428001 171.0393872452 231.36506304145 242.02675188542 252.42500994238 263.98062952328 274.17923381668 346.29417067138 358.00124335429 369.48121958622 380.65349914809 393.49336548685 461.61907356372 473.82014683937 488.24942754489 499.01682859893 512.75256424584 576.27459979849 590.31174606644 603.27892092872 614.77974370588 625.12103743269 691.42632502154 704.00856921123 715.69349873601 728.69031959236 741.35576997208","14703001.1 14703002.1 14703003.1 14703004.1 14703005.1 14709001.1 14709002.1 14709003 14709004 14709005 14715001 14715002 14715003 14715004 14715005 14721001 14721002 14721003 14721004 14721005 14727001 14727002 14727003 14727004 14727005 14733001 14733002 14733003 14733004 14733005 14739001 14739002 14739003 14739004 14739005"
General-350-20260718-15:54:39-5193,vector,Florasat_Individual_Sats.terminal[59].dlk.mac,vector_preds_Transformer,,,"1.4892785151 14.06800635787 24.60467878309 35.48578500211 49.47716811834 116.69035794446 130.06901618791 144.58097278955 157.64724683365 172.14050557929 231.86903063837 244.81393927522 255.37308000308 265.790839914 278.15403303644 346.41880824976 360.6977340316 371.3293206743 384.00698278263 395.26461600839 461.62672687648 475.28278180957 488.80847304571 501.2576708952 511.82837505336 576.50123478728 591.37823326862 605.04953708499 615.78645612345 626.31054050987 691.28204724705 704.15309888497 717.30352883413 729.19339972268 742.88132403581","14705901.1 14705902.1 14705903.1 14705904.1 14705905.1 14711901.1 14711902.1 14711903 14711904 14711905 14717901 14717902 14717903 14717904 14717905 14723901 14723902 14723903 14723904 14723905 14729901 14729902 14729903 14729904 14729905 14735901.1 14735902.1 14735903.1 14735904.1 14735905.1 14741901 14741902 14741903 14741904 14741905"
General-350-20260718-15:54:39-5193,vector,Florasat_Individual_Sats.terminal[2].dlk.mac,vector_preds_Transformer,,,"1.51321355277 12.84249604587 25.93805340608 37.78219451337 48.02340523131 116.06388368248 126.76885055448 140.87742428132 153.67915035528 166.65373002132 231.05838629627 242.98231211468 253.98253383441 267.34824471851 277.35279762396 346.44709248119 356.94840787235 367.74240608118 380.90989646642 394.77404640313 461.78462892422 474.50134176296 488.78519732157 499.25494137454 510.60006777408 576.520421091 588.58767231623 602.66569459391 614.5680189277 626.82281036442 691.73324768269 704.33691293886 716.1888974621 728.34459959832 742.0090704523","14700201.1 14700202.1 14700203.1 14700204.1 14700205.1 14706201.1 14706202.1 14706203 14706204 14706205 14712201 14712202 14712203 14712204 14712205 14718201 14718202 14718203 14718204 14718205 14724201 14724202 14724203 14724204 14724205 14730201 14730202 14730203 14730204 14730205 14736201 14736202 14736203 14736204 14736205"
General-350-20260718-15:54:39-5193,vector,Florasat_Individual_Sats.terminal[43].dlk.mac,vector_preds_Transformer,,,"1.51648938889 16.11420570757 30.68961169222 44.15449850145 56.90020450275 116.20792408474 128.76588682411 141.56938930391 152.10863913525 164.83481094822 231.27279428532 243.55137523613 258.36099850014 270.70558162173 281.78365557105 346.75023944443 359.12507965206 373.70995235722 385.36839649057 398.98028050642 461.32968447777 474.67596891826 485.9301482353 498.16396042263 509.37363576401 576.18790685176 587.88215387473 601.08669017535 611.17879030854 622.68066791213 691.14676628984 702.84895900777 715.12271508365 725.93700426887 738.12276959908","14704301.1 14704302.1 14704303.1 14704304.1 14704305.1 14710301.1 14710302.1 14710303 14710304 14710305 14716301 14716302 14716303 14716304 14716305 14722301 14722302 14722303 14722304 14722305 14728301.1 14728302.1 14728303.1 14728304.1 14728305.1 14734301.1 14734302.1 14734303.1 14734304.1 14734305.1 14740301 14740302 14740303 14740304 14740305"
General-350-20260718-15:54:39-5193,vector,Florasat_Individual_Sats.terminal[46].dlk.mac,vector_preds_Transformer,,,"1.5353913242 13.61371626589 26.16833020794 36.4076478975 50.55738038012 116.51339472155 131.41250403831 143.02472325624 155.00712285168 168.48592131283 231.61882107216 245.87167564849 259.42631651484 269.76182003924 281.67421040776 346.91885882523 357.21957872855 368.50481630653 382.62480447885 395.50152620651 461.95551640866 472.92116074636 483.94657263578 494.00591646949 507.4956231045 576.84772925638 591.09008327313 604.86290103477 617.52757783584 632.50763059897 691.31320455763 705.56457329494 717.67276231967 731.41073948773 745.04800692852","14704601.1 14704602.1 14704603.1 14704604.1 14704605.1 14710601.1 14710602.1 14710603.1 14710604.1 14710605.1 14716601.1 14716602.1 14716603.1 14716604.1 14716605.1 14722601.1 14722602.1 14722603.1 14722604.1 14722605.1 14728601 14728602 14728603 14728604 14728605 14734601 14734602 14734603 14734604 14734605 14740601 14740602 14740603 14740604 14740605"
General-350-20260718-15:54:39-5193,vector,Florasat_Individual_Sats.terminal[49].dlk.mac,vector_preds_Transformer,,,"1.5425319944 16.05189342144 27.76984225352 39.50379932624 52.21016479282 116.40778903454 126.87850238011 141.44686004217 155.82650128822 165.94581995928 231.57901943172 243.26476128399 256.33309785719 271.30146721238 285.24892111635 346.52735607722 360.6326824266 373.59810902411 386.00954053248 399.53260101634 461.86484108958 475.73806839808 490.72295919223 504.33381631434 515.14896394381 576.61556531815 587.49693282321 597.78352553747 612.15107137361 625.0619425464 691.58131218399 704.01014777017 715.29319844325 729.27088494995 741.69366049348","14704901.1 14704902.1 14704903.1 14704904.1 14704905.1 14710901.1 14710902.1 14710903.1 14710904.1 14710905.1 14716901.1 14716902.1 14716903.1 14716904.1 14716905.1 14722901 14722902 14722903 14722904 14722905 14728901 14728902 14728903 14728904 14728905 14734901 14734902 14734903 14734904 14734905 14740901 14740902 14740903 14740904 14740905"
General-350-20260718-15:54:39-5193,vector,Florasat_Individual_Sats.terminal[57].dlk.mac,vector_preds_Transformer,,,"1.56870598439 16.19731498067 29.61113571422 43.79930544994 56.38196776621 116.84812512319 130.41662358283 142.40167877707 155.25080481731 168.74356969563 231.1762715166 245.75051851804 257.81939885347 270.64851073782 281.71948849923 346.21088120388 359.66593932826 369.73305385094 380.34138899413 392.22031505662 461.20567088178 471.89109882968 485.82271232432 499.46773695456 511.37134072882 576.20642146561 590.34548273659 603.52168485638 617.13618561625 631.75209850654 691.53419975378 706.18498816458 718.22748245509 730.32043407392 742.37585291569","14705701.1 14705702.1 14705703.1 14705704.1 14705705.1 14711701.1 14711702.1 14711703 14711704 14711705 14717701 14717702 14717703 14717704 14717705 14723701 14723702 14723703 14723704 14723705 14729701 14729702 14729703 14729704 14729705 14735701 14735702 14735703 14735704 14735705 14741701 14741702 14741703 14741704 14741705"
General-350-20260718-15:54:39-5193,vector,Florasat_Individual_Sats.terminal[50].dlk.mac,vector_preds_Transformer,,,"1.58202823927 15.19089081185 26.54377086763 39.76670658891 52.60106866807 116.1898538447 130.2059472946 141.46454970935 155.28762214468 169.79216601234 231.1451429578 245.82958660158 256.72003267519 269.32059093681 280.68192789284 346.31573714525 360.06300347717 373.25943723414 388.17039741529 398.33563213097 461.2222670943 474.97603287501 485.52203274611 496.778844635 509.08529275609 576.67839364219 587.84880875797 601.13112551347 611.86409417261 622.20240856475 691.14945360855 702.68894062424 717.3663349885 730.00407247967 741.37529837596","14705001.1 14705002.1 14705003.1 14705004.1 14705005.1 14711001.1 14711002.1 14711003 14711004 14711005 14717001.1 14717002.1 14717003.1 14717004.1 14717005.1 14723001.1 14723002.1 14723003.1 14723004.1 14723005.1 14729001 14729002 14729003 14729004 14729005 14735001 14735002 14735003 14735004 14735005 14741001 14741002 14741003 14741004 14741005"
General-350-20260718-15:54:39-5193,vector,Florasat_Individual_Sats.terminal[45].dlk.mac,vector_preds_Transformer,,,"1.60209492175 12.71239470784 26.70476548816 39.4440308304 54.39927081088 116.01669549756 127.78097982798 138.91658769269 153.55730299885 163.60844851868 231.62509335321 242.36697204527 256.95456508081 267.20527654164 279.09990798449 346.63699364266 359.22431627498 373.21970005496 385.51185869472 395.57281464664 461.23189078877 474.0504791122 488.44061449171 502.36926480547 515.65132308171 576.98162848782 591.89986419119 602.81265162583 613.10444507701 627.37277172808 691.32839475805 703.88203859842 717.49619000522 731.09351425013 742.73309706524","14704501.1 14704502.1 14704503.1 14704504.1 14704505.1 14710501.1 14710502.1 14710503 14710504 14710505 14716501 14716502 14716503 14716504 14716505 14722501.1 14722502.1 14722503.1 14722504.1 14722505.1 14728501.1 14728502.1 14728503.1 14728504 14728505 14734501 14734502 14734503 14734504 14734505 14740501 14740502 14740503 14740504 14740505"
General-350-20260718-15:54:39-5193,vector,Florasat_Individual_Sats.terminal[34].dlk.mac,vector_preds_Transformer,,,"1.61554327025 14.76775770332 28.66633152962 42.06046061614 56.37683958188 116.3186322921 130.07667463157 141.91704879283 155.68907797803 168.21779742256 231.86026647617 242.85493502207 254.29520904715 267.08152034366 277.94521008082 346.43102200609 356.48468706897 366.74288314907 378.45424441411 391.99324952462 461.98240520479 473.45191779942 488.36133675812 503.08949581044 517.27528904494 576.93828191515 589.5101283039 603.17108782498 615.00947676856 627.05269978406 691.90411502006 706.61137594003 721.34885027748 733.18452811776 743.55897737759","14703401.1 14703402.1 14703403.1 14703404.1 14703405.1 14709401.1 14709402.1 14709403 14709404 14709405 14715401 14715402 14715403 14715404 14715405 14721401 14721402 14721403 14721404 14721405 14727401 14727402 14727403 14727404 14727405 14733401 14733402 14733403 14733404 14733405 14739401 14739402 14739403 14739404 14739405"
General-350-20260718-15:54:39-5193,vector,Florasat_Individual_Sats.terminal[33].dlk.mac,vector_preds_Transformer,,,"1.61614656821 16.50855963025 29.20483924239 43.10863326676 54.26720993849 116.53764457745 130.81006508973 144.39754803619 158.97719848157 169.15520987428 231.09624946257 242.42934027105 256.37485396816 269.6574686328 280.90536969016 346.89162704418 359.79051392665 374.10566815664 387.54923101421 402.12183570861 461.40552045987 474.30893829535 488.90699017653 503.84207728063 516.46202522307 576.06477577798 588.26626746892 603.09567972645 616.23891256261 628.60220522131 691.16983311577 704.16490730574 718.6707606921 729.97476354451 741.1924324031","14703301.1 14703302.1 14703303.1 14703304.1 14703305.1 14709301.1 14709302.1 14709303 14709304 14709305 14715301 14715302 14715303 14715304 14715305 14721301 14721302 14721303 14721304 14721305 14727301 14727302 14727303 14727304 14727305 14733301 14733302 14733303 14733304 14733305 14739301 14739302 14739303 14739304 14739305"
General-350-20260718-15:54:39-5193,vector,Florasat_Individual_Sats.terminal[41].dlk.mac,vector_preds_Transformer,,,"1.61899693403 14.90173671953 27.72491029207 42.60716278897 52.87108603608 116.11177933891 130.18290316127 141.19581007655 155.15045708535 169.06066457416 231.33701991872 245.26496751816 256.7889628117 268.35709591513 282.9517967708 346.20998357399 358.39572803909 372.07906485046 383.14406822994 397.26538864872 461.62504314468 471.77761246473 485.4368843676 496.47888283966 511.18290060455 576.90904114349 589.28916933434 603.97427655011 616.35200999048 627.60695425979 691.95605534897 705.09186884458 716.7468254182 728.3693661082 742.05539421713","14704101.1 14704102.1 14704103.1 14704104.1 14704105.1 14710101.1 14710102.1 14710103 14710104 14710105 14716101 14716102 14716103 14716104 14716105 14722101 14722102 14722103 14722104 14722105 14728101 14728102 14728103 14728104 14728105 14734101 14734102 14734103 14734104 14734105 14740101 14740102 14740103 14740104 14740105"
General-350-20260718-15:54:39-5193,vector,Florasat_Individual_Sats.terminal[28].dlk.mac,vector_preds_Transformer,,,"1.65250985487 15.1261988359 28.19274529535 41.68428911315 52.27081284695 116.93140675663 127.89476786857 139.54612465692 152.22682030406 166.37901178794 231.4660320261 241.95836539427 256.64360965998 270.2762044773 282.81788097741 346.09201419842 358.97764667728 369.51691289641 384.30557436053 397.5915917973 461.26693175733 473.3317681842 488.22081539989 503.11458936403 517.33630446693 576.81279186811 587.70002868096 599.5641073347 614.16071881726 624.37308477424 691.59967562044 704.03964064876 717.86933041388 727.98545193254 741.06437419752","14702801.1 14702802.1 14702803.1 14702804.1 14702805.1 14708801.1 14708802.1 14708803 14708804 14708805 14714801 14714802 14714803 14714804 14714805 14720801 14720802 14720803 14720804 14720805 14726801 14726802 14726803 14726804 14726805 14732801 14732802 14732803 14732804 14732805 14738801 14738802 14738803 14738804 14738805"
General-350-20260718-15:54:39-5193,vector,Florasat_Individual_Sats.terminal[20].dlk.mac,vector_preds_Transformer,,,"1.65343256108 13.55952887935 24.54982811608 35.07324430416 46.820735757 116.00217553414 130.46032665507 142.27995082946 153.60405286286 168.53324224102 231.40889999364 241.60562488856 254.61752880737 268.57071049185 281.04644671455 346.61645326088 360.84623568714 371.19864400266 384.27946387114 395.63288611499 461.93510121526 472.61391044687 483.42126710433 497.05853608995 509.36308047245 576.57334975107 589.96461112774 600.86253864248 615.63625002536 630.40529817715 691.92108966224 705.50506799994 720.39817580185 730.55359431356 744.72494421573","14702001.1 14702002.1 14702003.1 14702004.1 14702005.1 14708001.1 14708002.1 14708003.1 14708004.1 14708005.1 14714001.1 14714002.1 14714003.1 14714004.1 14714005.1 14720001.1 14720002.1 14720003.1 14720004 14720005 14726001 14726002 14726003 14726004 14726005 14732001 14732002 14732003 14732004 14732005 14738001 14738002 14738003 14738004 14738005"
General-350-20260718-15:54:39-5193,vector,Florasat_Individual_Sats.terminal[40].dlk.mac,vector_preds_Transformer,,,"1.66463111597 16.57374120969 27.11075041745 38.57228662073 51.90109634259 116.24418729264 130.51202866062 144.67065630177 158.45555419381 168.96606190292 231.78705856507 245.70162453875 258.43474030681 272.14687702199 284.37670190306 346.9082900139 361.17476221197 373.67781781382 387.86349963886 398.47047858197 461.15551517927 475.0505535421 487.1630172967 497.95474111685 509.09976309049 576.28403815394 588.1159902045 598.1193092484 610.25385007099 621.98463924532 691.58863965771 701.66388624231 714.42916671629 726.09446289367 738.88950848137","14704001.1 14704002.1 14704003.1 14704004.1 14704005.1 14710001.1 14710002.1 14710003 14710004 14710005 14716001 14716002 14716003 14716004 14716005 14722001 14722002.1 14722003.1 14722004.1 14722005.1 14728001.1 14728002.1 14728003 14728004 14728005 14734001 14734002 14734003 14734004 14734005 14740001 14740002 14740003 14740004 14740005"
General-350-20260718-15:54:39-5193,vector,Florasat_Individual_Sats.terminal[23].dlk.mac,vector_preds_Transformer,,,"1.67658061045 13.13014053064 27.22376636252 38.32566661434 52.87719643581 116.60801118007 126.85813522316 139.36994556222 152.03440232902 162.78627598659 231.72056962154 246.71111238189 257.33994158101 270.70309334434 283.84323705802 346.80225493596 359.79187324504 373.96825816809 386.88312813734 397.96023556126 461.4564452644 474.83175405977 487.37540687761 499.61426247238 511.69412947703 576.30053870659 588.27127422485 601.03326843865 611.85516912653 626.09325957647 691.43712388375 702.85578538571 715.78682942805 727.26336151734 739.82464593858","14702301.1 14702302.1 14702303.1 14702304.1 14702305.1 14708301.1 14708302.1 14708303 14708304 14708305 14714301.1 14714302.1 14714303.1 14714304.1 14714305.1 14720301.1 14720302.1 14720303.1 14720304.1 14720305.1 14726301.1 14726302.1 14726303.1 14726304.1 14726305 14732301 14732302 14732303 14732304 14732305 14738301 14738302 14738303 14738304 14738305"
General-350-20260718-15:54:39-5193,vector,Florasat_Individual_Sats.terminal[55].dlk.mac,vector_preds_Transformer,,,"1.69570239005 13.79664464132 26.44907074724 37.88162780204 48.54442646005 116.47223536251 130.69615009217 141.02514080214 155.65129409521 167.62448128406 231.73044150881 246.12924707657 260.801890939 271.53366497903 285.18776766675 346.38914880995 358.60668919469 369.3584963861 379.9465755683 394.23980708072 461.95588032785 475.39216905204 486.75261583948 500.61034081225 513.47157403664 576.23033723561 591.08131343615 603.63999630441 615.51803615294 630.38760549739 691.69749648636 706.26629098994 718.79010517476 733.58165235002 748.38387404195","14705501.1 14705502.1 14705503.1 14705504.1 14705505.1 14711501.1 14711502.1 14711503 14711504 14711505 14717501 14717502 14717503 14717504 14717505 14723501 14723502 14723503 14723504.1 14723505.1 14729501.1 14729502.1 14729503.1 14729504.1 14729505.1 14735501.1 14735502.1 14735503.1 14735504.1 14735505.1 14741501 14741502 14741503 14741504 14741505"
General-350-20260718-15:54:39-5193,vector,Florasat_Individual_Sats.terminal[17].dlk.mac,vector_preds_Transformer,,,"1.70427293167 15.32844772678 26.94953467463 40.20943177048 53.57849204097 116.44096121611 130.82312573865 141.58707263367 151.65188786294 164.81306726881 231.86569766141 244.92550145601 256.27101331716 268.8854643912 283.64751392742 346.98696003505 360.19932332425 372.51608227356 384.23583237314 398.11423244397 461.08799448842 472.90620662644 485.45103710982 496.70120194577 511.31905615702 576.33032818232 590.59992989432 602.78475799155 617.25772074563 629.85528719634 691.10295242094 703.43434296827 714.56795059074 728.21727351215 741.00105301989","14701701.1 14701702.1 14701703.1 14701704.1 14701705.1 14707701.1 14707702.1 14707703 14707704.1 14707705.1 14713701.1 14713702.1 14713703.1 14713704.1 14713705.1 14719701 14719702 14719703 14719704 14719705 14725701 14725702 14725703 14725704 14725705 14731701 14731702 14731703 14731704 14731705 14737701 14737702 14737703 14737704 14737705"
General-350-20260718-15:54:39-5193,vector,Florasat_Individual_Sats.terminal[12].dlk.mac,vector_preds_Transformer,,,"1.75747529906 14.37295395718 28.97321136505 41.63837266341 54.87250989722 116.66788951959 126.71007012017 138.68962321547 149.56137553905 161.75241314224 231.43004844943 243.53151199687 256.6720185806 271.0095033322 283.42769154161 346.47774846433 361.36963784369 375.26436903654 389.28708991059 403.22527688951 461.78517373418 475.06737673445 486.15284655149 501.09521199971 512.46018743048 576.42976828245 587.05277628358 600.27969356253 611.02079102745 624.10974490199 691.52690569567 702.19909337977 715.54466935037 728.84877471416 740.07502747746","14701201.1 14701202.1 14701203.1 14701204.1 14701205.1 14707201.1 14707202.1 14707203 14707204 14707205 14713201 14713202 14713203 14713204 14713205 14719201 14719202 14719203 14719204 14719205 14725201.1 14725202.1 14725203.1 14725204.1 14725205.1 14731201 14731202 14731203 14731204 14731205 14737201 14737202 14737203 14737204 14737205"
General-350-20260718-15:54:39-5193,vector,Florasat_Individual_Sats.terminal[29].dlk.mac,vector_preds_Transformer,,,"1.78172849072 13.66480709356 23.82372592063 36.65353836445 48.43411251507 116.52571479417 131.47025758843 144.53564999253 157.6980563216 172.54356890429 231.75269080931 244.4052560071 254.8580757007 269.74305319507 279.83566184785 346.11848442582 360.92391398735 375.33099781721 388.03089723107 400.30271468567 461.47016596817 474.42853418714 486.23867313214 496.5573131591 508.74687949963 576.53350470494 588.31787398806 602.89823997323 615.08682498615 628.29400559561 691.88093888271 703.82499543415 714.48722946738 727.30549123651 738.40280402965","14702901.1 14702902.1 14702903.1 14702904.1 14702905.1 14708901.1 14708902.1 14708903 14708904 14708905 14714901 14714902 14714903 14714904 14714905 14720901 14720902 14720903 14720904 14720905 14726901 14726902 14726903 14726904 14726905 14732901 14732902 14732903 14732904 14732905 14738901 14738902 14738903 14738904 14738905"
General-350-20260718-15:54:39-5193,vector,Florasat_Individual_Sats.terminal[58].dlk.mac,vector_preds_Transformer,,,"1.78325437196 12.40910049016 26.23430767283 39.65128197288 51.76433948637 116.1439044904 129.8747449813 143.76632593945 154.19340745919 166.29425029876 231.3071616746 245.71587462514 259.88814950642 271.47858841648 285.46072269511 346.73836165597 361.0059559173 373.8905534104 386.38953264011 397.09047307516 461.26565710548 474.03040805622 485.18178852415 499.41778586735 511.47777784057 576.00876220153 587.23530786112 601.57896792749 613.81488987012 628.26224884251 691.15068983426 705.85054256278 716.5109166156 731.06071670912 742.87828767928","14705801.1 14705802.1 14705803.1 14705804.1 14705805.1 14711801.1 14711802.1 14711803 14711804 14711805 14717801 14717802 14717803 14717804 14717805 14723801 14723802 14723803 14723804 14723805 14729801 14729802 14729803 14729804 14729805 14735801 14735802 14735803 14735804 14735805 14741801 14741802 14741803 14741804 14741805"
General-350-20260718-15:54:39-5193,vector,Florasat_Individual_Sats.terminal[4].dlk.mac,vector_preds_Transformer,,,"1.78648754093 14.50266166893 27.49154405855 39.55436923611 52.46604885277 116.76226843148 127.40614456008 139.59327779943 152.22417227225 166.52364319306 231.8479709439 245.45875149034 257.63177943602 271.27266586944 285.69719419418 346.71066502156 361.02915969608 374.53757855623 388.88841481578 403.19158192539 461.41850713547 471.7178081281 484.32787101739 498.83283835044 509.00372525467 576.44062371552 589.26823548018 603.67411827762 616.53283093567 626.96209167922 691.8974240392 704.9757892231 716.40747069032 727.39710567752 742.26774331764","14700401.1 14700402.1 14700403.1 14700404.1 14700405.1 14706401.1 14706402.1 14706403 14706404 14706405 14712401 14712402 14712403 14712404 14712405 14718401 14718402 14718403 14718404 14718405 14724401 14724402 14724403 14724404 14724405 14730401 14730402 14730403 14730404 14730405 14736401 14736402 14736403 14736404 14736405"
General-350-20260718-15:54:39-5193,vector,Florasat_Individual_Sats.terminal[21].dlk.mac,vector_preds_Transformer,,,"1.79964523879 11.94446467096 25.01335967099 38.08293618844 52.44470786769 116.16248826263 126.66892472305 140.94711580081 154.27649979596 168.70865661651 231.03499611653 241.21256420086 255.85955970269 269.92130784248 280.69159209775 346.15353954351 360.16254394525 372.04949780111 383.19138477766 394.52421672968 461.99576240801 475.33985708095 489.24643086688 499.75087910494 510.9663928796 576.51350516081 588.65462575643 598.74825672665 609.83602046221 619.83694992447 691.0181224891 702.70327399927 717.4195817064 730.96224892977 741.2306089045","14702101.1 14702102.1 14702103.1 14702104.1 14702105.1 14708101.1 14708102.1 14708103 14708104 14708105.1 14714101.1 14714102.1 14714103.1 14714104.1 14714105.1 14720101.1 14720102.1 14720103.1 14720104.1 14720105.1 14726101.1 14726102.1 14726103 14726104 14726105 14732101 14732102 14732103 14732104 14732105 14738101 14738102 14738103 14738104 14738105"
General-350-20260718-15:54:39-5193,vector,Florasat_Individual_Sats.terminal[54].dlk.mac,vector_preds_Transformer,,,"1.79985214025 15.19353296259 26.71411424643 40.25892219856 54.78289306979 116.11938103382 130.97575541982 143.27760877833 155.84444033494 168.94437416037 231.07574839913 242.4965080684 254.60134033416 267.39901930047 278.16701364075 346.39242965518 356.76439537806 369.64866881049 380.48966594878 390.67475250014 461.73413583869 475.68451992795 488.48537090677 503.12348154234 514.01139182714 576.01464874553 586.16915044118 596.6662391622 610.28858263836 624.70638720643 691.46636207099 702.05062497617 715.63277291344 725.9956711412 740.94257671829","14705401.1 14705402.1 14705403.1 14705404.1 14705405.1 14711401.1 14711402.1 14711403 14711404 14711405 14717401 14717402 14717403 14717404 14717405 14723401 14723402 14723403 14723404 14723405 14729401 14729402 14729403 14729404 14729405 14735401 14735402 14735403 14735404 14735405 14741401 14741402 14741403 14741404 14741405"
General-350-20260718-15:54:39-5193,vector,Florasat_Individual_Sats.terminal[35].dlk.mac,vector_preds_Transformer,,,"1.82176686521 14.55922082346 27.95104988432 42.86707112147 56.38258898561 116.07852467033 127.00002245186 138.1506828107 152.29861003394 164.17381726718 231.47972017759 243.85978084639 257.05974756507 267.08950364496 280.72332337149 346.34364318266 360.78980576061 375.45131613082 388.65477024159 400.46613137052 461.75156548247 473.16055239504 485.80211435072 499.96189405187 513.85471681342 576.77221948025 587.34875465837 601.07670399803 613.15812354535 624.80493099406 691.16273495578 704.19577136729 717.9244665415 731.71475798567 744.47854389297","14703501.1 14703502.1 14703503.1 14703504.1 14703505.1 14709501.1 14709502.1 14709503 14709504 14709505 14715501 14715502 14715503 14715504 14715505 14721501 14721502 14721503 14721504 14721505 14727501 14727502 14727503 14727504 14727505 14733501 14733502 14733503 14733504 14733505 14739501 14739502 14739503 14739504 14739505"
General-350-20260718-15:54:39-5193,vector,Florasat_Individual_Sats.terminal[16].dlk.mac,vector_preds_Transformer,,,"1.85553227761 15.41824386898 27.18558590953 37.73000014923 48.96923778207 116.00559699209 128.70442078774 140.82441191514 152.70669985655 167.22967168059 231.0710797864 242.67573896656 254.46575786779 264.88887144463 279.88667370845 346.76014897763 360.44380798354 373.14446619596 385.72655098513 400.33459860715 461.64618322975 474.27416098071 486.23022306128 500.20290086162 513.21131311007 576.57431304315 587.1200369948 601.26904989685 613.93710882262 626.19850446446 691.67633251101 702.82590543665 715.60925622168 730.46222559805 741.32576842839","14701601.1 14701602.1 14701603.1 14701604.1 14701605.1 14707601.1 14707602.1 14707603 14707604 14707605 14713601 14713602 14713603 14713604 14713605 14719601 14719602 14719603 14719604 14719605 14725601 14725602 14725603 14725604 14725605 14731601 14731602 14731603 14731604 14731605 14737601 14737602 14737603 14737604 14737605"
General-350-20260718-15:54:39-5193,vector,Florasat_Individual_Sats.terminal[53].dlk.mac,vector_preds_Transformer,,,"1.88328126329 16.29404420499 30.58669125429 42.02405340854 52.76978680516 116.39855200145 126.81509421742 141.78914707805 153.68480604909 166.51077629601 231.54901148775 246.19072922645 256.65707608592 271.26263277279 285.97176352888 346.45519725932 359.04923483567 373.14955087566 385.18545012759 396.324054298 461.03467547987 475.94709375245 490.46166639729 505.17541839579 518.6267562206 576.06312636309 590.22717737732 600.44607677985 613.28966885129 628.08664808305 691.13278996758 705.40937242191 716.48205437208 728.90394936525 740.55397649971","14705301.1 14705302.1 14705303.1 14705304.1 14705305.1 14711301.1 14711302.1 14711303 14711304 14711305 14717301 14717302 14717303 14717304 14717305 14723301 14723302.1 14723303.1 14723304.1 14723305.1 14729301.1 14729302.1 14729303.1 14729304.1 14729305.1 14735301.1 14735302.1 14735303.1 14735304.1 14735305.1 14741301 14741302 14741303 14741304 14741305"
General-350-20260718-15:54:39-5193,vector,Florasat_Individual_Sats.terminal[25].dlk.mac,vector_preds_Transformer,,,"1.88696160004 11.91434169211 23.85852612229 36.27046406874 46.42387901456 116.13945477642 126.9408579811 137.80233587371 149.33964794501 161.91811847849 231.81304439902 244.05687359278 254.82242171187 265.73555795476 280.00888654497 346.33029682608 361.26694099907 373.95037345867 384.5089567271 397.88697264669 461.99876537779 472.1462262934 484.59128946065 499.32842809473 510.26483034015 576.32620972791 589.13669712004 603.05883513974 614.25025055628 625.41894185101 691.41256214073 702.15235114633 714.32655814057 729.31206302321 740.18272099504","14702501.1 14702502.1 14702503.1 14702504.1 14702505.1 14708501.1 14708502.1 14708503 14708504 14708505 14714501 14714502 14714503 14714504 14714505 14720501 14720502.1 14720503.1 14720504.1 14720505.1 14726501.1 14726502.1 14726503.1 14726504.1 14726505.1 14732501.1 14732502.1 14732503.1 14732504.1 14732505 14738501 14738502 14738503 14738504 14738505"
General-350-20260718-15:54:39-5193,vector,Florasat_Individual_Sats.terminal[26].dlk.mac,vector_preds_Transformer,,,"1.91225081193 16.01901980675 27.18596519762 37.99085967684 49.33320000161 116.86254980904 131.00651451666 145.06632605731 158.57648888999 173.40539455694 231.70923865051 242.29473959538 254.67093964456 268.76141991582 278.93961078137 346.52933362289 359.58666105871 373.28741520876 384.18365087244 396.49425416021 461.40158427064 473.87528269551 485.45791979529 495.93703492777 508.24315283447 576.8448546757 591.00358071225 602.81085652951 617.18647959595 628.06126224179 691.34600437572 701.87728349794 713.99425510293 724.31537204049 737.49809544393","14702601.1 14702602.1 14702603.1 14702604.1 14702605.1 14708601.1 14708602.1 14708603 14708604 14708605 14714601 14714602 14714603 14714604 14714605 14720601 14720602 14720603 14720604 14720605 14726601 14726602 14726603 14726604 14726605 14732601 14732602 14732603 14732604 14732605 14738601 14738602 14738603 14738604 14738605"
General-350-20260718-15:54:39-5193,vector,Florasat_Individual_Sats.terminal[44].dlk.mac,vector_preds_Transformer,,,"1.92939056782 12.45863691089 26.63449577056 41.39588457882 51.64906756022 116.55698883045 129.07392592449 141.70406152192 155.13476278796 168.76140520838 231.06701561064 241.23614978674 255.68943818961 269.41375715821 283.5641375538 346.79248928139 357.20482006134 369.06017837627 379.90465311264 394.33709614841 461.95364491385 476.75026245135 488.86928654345 499.9176860107 512.02524105505 576.85822640406 589.53485766752 600.55741804163 610.81218333426 623.50516944518 691.63778344425 702.88591679325 716.8884324925 727.70048420899 739.94763074815","14704401.1 14704402.1 14704403.1 14704404.1 14704405.1 14710401.1 14710402.1 14710403 14710404 14710405 14716401 14716402 14716403 14716404 14716405 14722401 14722402 14722403 14722404 14722405 14728401 14728402 14728403 14728404 14728405 14734401 14734402 14734403 14734404 14734405 14740401 14740402 14740403 14740404 14740405"
General-350-20260718-15:54:39-5193,vector,Florasat_Individual_Sats.terminal[18].dlk.mac,vector_preds_Transformer,,,"1.93049178645 12.18093698914 24.10808796598 37.8822876485 49.11408422468 116.97443884984 130.65314773657 144.27438608674 158.16899959185 169.29425705993 231.24701501871 241.30859526409 253.13420318485 266.46754446974 278.98871296387 346.26337742433 356.63570730249 370.67356178538 381.76513167216 396.36057785248 461.32553765993 475.17269034614 490.02022026084 500.93005284761 513.3018698413 576.38965466502 588.64943961706 600.21514933766 613.92064246442 624.62964608893 691.8804130482 703.37224841467 716.76109472057 731.68468585704 746.37856326532","14701801.1 14701802.1 14701803.1 14701804.1 14701805.1 14707801.1 14707802.1 14707803.1 14707804.1 14707805.1 14713801.1 14713802.1 14713803.1 14713804.1 14713805.1 14719801 14719802 14719803 14719804 14719805 14725801 14725802 14725803 14725804 14725805 14731801 14731802 14731803 14731804 14731805 14737801 14737802 14737803 14737804 14737805"
General-350-20260718-15:54:39-5193,vector,Florasat_Individual_Sats.terminal[48].dlk.mac,vector_preds_Transformer,,,"1.95073087467 14.4192008907 25.33535059891 37.16121592326 49.6291224903 116.4977963001 128.81759966374 141.51632371242 156.23719532625 167.09907307988 231.9239253425 244.85722028557 258.72349494044 272.1352656933 282.21777491178 346.89566839347 360.59131205757 371.54692364135 384.7999390713 396.9833602591 461.59270764422 472.07114631404 486.48372384581 500.08816611116 511.16232127162 576.74240298988 589.59691401175 602.35600822791 616.87667339062 629.37045949581 691.26897319267 704.03712730902 715.03320620908 726.61965524708 737.56979249814","14704801.1 14704802.1 14704803.1 14704804.1 14704805.1 14710801.1 14710802.1 14710803.1 14710804.1 14710805.1 14716801.1 14716802.1 14716803.1 14716804.1 14716805.1 14722801.1 14722802.1 14722803.1 14722804 14722805 14728801 14728802 14728803 14728804 14728805 14734801 14734802 14734803 14734804 14734805 14740801 14740802 14740803 14740804 14740805"
General-350-20260718-15:54:39-5193,vector,Florasat_Individual_Sats.terminal[1].dlk.mac,vector_preds_Transformer,,,"1.95414766925 12.24395651393 26.69866640958 40.38608216121 53.2117983119 116.1152689266 128.05425369902 141.62183256959 155.90897864219 169.28281573136 231.67357900133 246.60646079876 260.149391548 270.93729840428 282.56797607941 346.17350843525 358.09524690988 369.03920683218 383.64174166252 397.23888271279 461.12095438666 473.21928714775 486.98932315014 500.88230270451 513.40989013343 576.50448061666 588.46522077593 599.36108305492 611.50445420901 623.96844621888 691.98521713004 702.01993868197 715.38980328687 728.08823602949 742.35242927773","14700101.1 14700102.1 14700103.1 14700104.1 14700105.1 14706101.1 14706102.1 14706103 14706104 14706105 14712101 14712102 14712103 14712104 14712105 14718101 14718102 14718103 14718104 14718105 14724101 14724102 14724103 14724104 14724105 14730101 14730102 14730103 14730104 14730105 14736101 14736102 14736103 14736104 14736105"
General-350-20260718-15:54:39-5193,vector,Florasat_Individual_Sats.terminal[39].dlk.mac,vector_preds_Transformer,,,"1.99702676083 14.6923851762 25.91442600754 36.45786785451 49.32988717035 116.53691637632 130.65058279619 144.60129003808 155.07045627524 166.54983262018 231.0315963896 242.53031553258 257.30341787706 272.05656457716 284.39197812369 346.26465434209 359.72413903568 374.42650931655 387.59210334858 400.26410370367 461.6925873463 474.25472620478 485.85021883202 500.82204035552 512.71328766783 576.1741286288 590.52065173792 603.63178683374 617.82301942747 629.1542615327 691.6993710713 703.09108205373 717.72724507959 729.58397375537 743.21869267152","14703901.1 14703902.1 14703903.1 14703904.1 14703905.1 14709901.1 14709902.1 14709903 14709904 14709905 14715901.1 14715902.1 14715903 14715904 14715905 14721901 14721902 14721903 14721904 14721905 14727901 14727902 14727903 14727904 14727905 14733901 14733902 14733903 14733904 14733905 14739901 14739902 14739903 14739904 14739905"
General-350-20260718-15:54:39-5193,vector,Florasat_Individual_Sats.satellite[0].dlkDSL.mac,VectorTransmitMethod_ReceptionResult,,,"25.32397838905 34.35911658293 36.59464953364 44.5664244349 46.171953921 48.23685795315 57.92297883601 129.30474555436 131.08937173657 132.66372266681 140.50274208853 142.23738804217 144.71061008674 145.45140761094 153.23294386294 154.02359599563 154.04027686286 155.69223777185 156.61702928822 157.81825132625 158.60522359185 165.77080552842 169.73048105993 231.84512399364 242.04184888856 244.4298280279 253.57042718485 254.69338209894 255.05375280737 266.90376846974 269.00693449185 272.09199521238 273.7163216933 278.58243537641 279.42493696387 280.4222354881 281.48267071455 282.39187179472 283.25526640776 284.18677635018 346.49768221954 347.23259728279 357.17853318265 357.52655783914 358.77865317593 358.80063472855 359.48545883567 361.31223591504 361.74359994525 362.05746899907 368.52258586505 370.08587230653 372.26904256749 373.24875096086 373.63055380111 374.11404181382 380.7371035683 382.43440419518 383.28881999192 383.4915122426 385.2994847271 388.22219204953 388.29972363886 395.23481986568 398.67750064669 398.79077266067 461.47089947987 462.41823553451 463.2246148852 473.07203261409 473.35817731604 473.57835827026 475.4867775421 483.70597840672 486.79648121813 487.54314383948 487.61984189836 490.89789039729 490.93269982564 496.59753636726 498.07187115811 498.34551679314 498.95448842263 499.29927078638 500.11895609473 501.40086881225 502.67626799971 505.28083652447 505.61164239579 508.62796493842 510.04683805857 514.26210203664 517.5499338303 519.0629802206 588.67268187473 589.92722512004 590.66340137732 600.88230077985 601.87721817535 604.29681587665 605.48576108499 611.96931830854 613.72589285129 615.02796804699 616.22268012345 623.47119591213 626.74676450987 628.52287208305 629.66666225511 631.17813349739 693.18265316755 707.94938090121 722.50186020605 732.52309910351 744.5756876618","14702703 14704204 14702704 14703004 14701905 14702705 14703005 14710702 14707802 14709202 14710703 14710903 14707803 14707903 14707704 14710704 14708004 14707904 14710904 14710804 14707804 14707905 14707805 14714001 14714002 14717202 14713803 14714203 14714003 14713804 14714004 14716904 14716804 14717205 14713805 14714205 14714005 14716705 14716605 14712905 14723201 14718901 14723202 14719102 14720202 14722602 14723302 14718902 14720102 14720502 14723203 14722603 14720403 14718903 14720103 14722003 14723504 14720204 14723204 14719104 14720504 14723104 14722004 14720205 14720505 14723105 14729301 14729201 14729101 14729202 14725302 14729102 14728002 14725303 14729203 14729503 14729103 14729303 14729603 14725304 14726404 14729204 14728304 14729104 14726504 14729504 14725204 14729604 14729304 14725305 14729205 14729505 14729605 14729305 14734302 14732502 14735302 14735303 14734303 14735603 14735903 14734304 14735304 14735604 14735904 14734305 14735905 14735305 14735605 14735505 14741601 14741602 14741603 14741604 14741605"
General-350-20260718-15:54:39-5193,vector,Florasat_Individual_Sats.satellite[0].dlkDSL.mac,Satellite Position when Repetition Received,,,"25.32397838905 34.35911658293 36.59464953364 44.5664244349 46.171953921 48.23685795315 57.92297883601 129.30474555436 131.08937173657 132.66372266681 140.50274208853 142.23738804217 144.71061008674 145.45140761094 153.23294386294 154.02359599563 154.04027686286 155.69223777185 156.61702928822 157.81825132625 158.60522359185 165.77080552842 169.73048105993 231.84512399364 242.04184888856 244.4298280279 253.57042718485 254.69338209894 255.05375280737 266.90376846974 269.00693449185 272.09199521238 273.7163216933 278.58243537641 279.42493696387 280.4222354881 281.48267071455 282.39187179472 283.25526640776 284.18677635018 346.49768221954 347.23259728279 357.17853318265 357.52655783914 358.77865317593 358.80063472855 359.48545883567 361.31223591504 361.74359994525 362.05746899907 368.52258586505 370.08587230653 372.26904256749 373.24875096086 373.63055380111 374.11404181382 380.7371035683 382.43440419518 383.28881999192 383.4915122426 385.2994847271 388.22219204953 388.29972363886 395.23481986568 398.67750064669 398.79077266067 461.47089947987 462.41823553451 463.2246148852 473.07203261409 473.35817731604 473.57835827026 475.4867775421 483.70597840672 486.79648121813 487.54314383948 487.61984189836 490.89789039729 490.93269982564 496.59753636726 498.07187115811 498.34551679314 498.95448842263 499.29927078638 500.11895609473 501.40086881225 502.67626799971 505.28083652447 505.61164239579 508.62796493842 510.04683805857 514.26210203664 517.5499338303 519.0629802206 588.67268187473 589.92722512004 590.66340137732 600.88230077985 601.87721817535 604.29681587665 605.48576108499 611.96931830854 613.72589285129 615.02796804699 616.22268012345 623.47119591213 626.74676450987 628.52287208305 629.66666225511 631.17813349739 693.18265316755 707.94938090121 722.50186020605 732.52309910351 744.5756876618","180 180 180 180 180 180 180 180 180 180 180 180 180 180 180 180 180 180 180 180 180 180 180 180 180 180 180 180 180 180 180 180 180 180 180 180 180 180 180 180 180 180 180 180 180 180 180 180 180 180 180 180 180 180 180 180 180 180 180 180 180 180 180 180 180 180 180 180 180 180 180 180 180 180 180 180 180 180 180 180 180 180 180 180 180 180 180 180 180 180 180 180 180 180 180 180 180 180 180 180 180 180 180 180 180 180 180 180 180 180 180 180 180 180 180"
General-350-20260718-15:54:39-5193,vector,Florasat_Individual_Sats.satellite[0].dlkDSL.mac,Repetition Position for Node 493 at Satellite,,,"25.32397838905 36.59464953364 48.23685795315","180 180 180"
General-350-20260718-15:54:39-5193,vector,Florasat_Individual_Sats.satellite[0].dlkDSL.mac,All Nodes Repetition Generation Delay at Satellite,,,"25.32397838905 34.35911658293 36.59464953364 44.5664244349 46.171953921 48.23685795315 57.92297883601 129.30474555436 131.08937173657 132.66372266681 140.50274208853 142.23738804217 144.71061008674 145.45140761094 153.23294386294 154.02359599563 154.04027686286 155.69223777185 156.61702928822 157.81825132625 158.60522359185 165.77080552842 169.73048105993 231.84512399364 242.04184888856 244.4298280279 253.57042718485 254.69338209894 255.05375280737 266.90376846974 269.00693449185 272.09199521238 273.7163216933 278.58243537641 279.42493696387 280.4222354881 281.48267071455 282.39187179472 283.25526640776 284.18677635018 346.49768221954 347.23259728279 357.17853318265 357.52655783914 358.77865317593 358.80063472855 359.48545883567 361.31223591504 361.74359994525 362.05746899907 368.52258586505 370.08587230653 372.26904256749 373.24875096086 373.63055380111 374.11404181382 380.7371035683 382.43440419518 383.28881999192 383.4915122426 385.2994847271 388.22219204953 388.29972363886 395.23481986568 398.67750064669 398.79077266067 461.47089947987 462.41823553451 463.2246148852 473.07203261409 473.35817731604 473.57835827026 475.4867775421 483.70597840672 486.79648121813 487.54314383948 487.61984189836 490.89789039729 490.93269982564 496.59753636726 498.07187115811 498.34551679314 498.95448842263 499.29927078638 500.11895609473 501.40086881225 502.67626799971 505.28083652447 505.61164239579 508.62796493842 510.04683805857 514.26210203664 517.5499338303 519.0629802206 588.67268187473 589.92722512004 590.66340137732 600.88230077985 601.87721817535 604.29681587665 605.48576108499 611.96931830854 613.72589285129 615.02796804699 616.22268012345 623.47119591213 626.74676450987 628.52287208305 629.66666225511 631.17813349739 693.18265316755 707.94938090121 722.50186020605 732.52309910351 744.5756876618","24.32397838905 33.35911658293 35.59464953364 43.5664244349 45.171953921 47.23685795315 56.92297883601 13.30474555436 15.08937173657 16.66372266681 24.50274208853 26.23738804217 28.71061008674 29.45140761094 37.23294386294 38.02359599563 38.04027686286 39.69223777185 40.61702928822 41.81825132625 42.60522359185 49.77080552842 53.73048105993 0.84512399363999 11.04184888856 13.4298280279 22.57042718485 23.69338209894 24.05375280737 35.90376846974 38.00693449185 41.09199521238 42.7163216933 47.58243537641 48.42493696387 49.4222354881 50.48267071455 51.39187179472 52.25526640776 53.18677635018 0.49768221953997 1.23259728279 11.17853318265 11.52655783914 12.77865317593 12.80063472855 13.48545883567 15.31223591504 15.74359994525 16.05746899907 22.52258586505 24.08587230653 26.26904256749 27.24875096086 27.63055380111 28.11404181382 34.7371035683 36.43440419518 37.28881999192 37.4915122426 39.2994847271 42.22219204953 42.29972363886 49.23481986568 52.67750064669 52.79077266067 0.47089947986996 1.41823553451 2.2246148852 12.07203261409 12.35817731604 12.57835827026 14.4867775421 22.70597840672 25.79648121813 26.54314383948 26.61984189836 29.89789039729 29.93269982564 35.59753636726 37.07187115811 37.34551679314 37.95448842263 38.29927078638 39.11895609473 40.40086881225 41.67626799971 44.28083652447 44.61164239579 47.62796493842 49.04683805857 53.26210203664 56.5499338303 58.0629802206 12.67268187473 13.92722512004 14.66340137732 24.88230077985 25.87721817535 28.29681587665 29.48576108499 35.96931830854 37.72589285129 39.02796804699 40.22268012345 47.47119591213 50.74676450987 52.52287208305 53.66666225511 55.17813349739 2.1826531675499 16.94938090121 31.50186020605 41.52309910351 53.5756876618"
General-350-20260718-15:54:39-5193,vector,Florasat_Individual_Sats.satellite[0].dlkDSL.mac,Repetition Generation Delay for Node 493 at Satellite,,,"25.32397838905 36.59464953364 48.23685795315","24.32397838905 35.59464953364 47.23685795315"
General-350-20260718-15:54:39-5193,vector,Florasat_Individual_Sats.satellite[0].dlkDSL.mac,Successful Repetition Number counted for MAC protocol,,,"25.32397838905 34.35911658293 44.5664244349 46.171953921 129.30474555436 131.08937173657 132.66372266681 142.23738804217 145.45140761094 153.23294386294 154.04027686286 157.81825132625 231.84512399364 244.4298280279 253.57042718485 254.69338209894 272.09199521238 273.7163216933 282.39187179472 283.25526640776 284.18677635018 346.49768221954 347.23259728279 357.52655783914 358.77865317593 358.80063472855 359.48545883567 361.74359994525 362.05746899907 372.26904256749 374.11404181382 380.7371035683 388.22219204953 461.47089947987 462.41823553451 463.2246148852 473.35817731604 475.4867775421 487.54314383948 490.93269982564 498.07187115811 498.95448842263 500.11895609473 502.67626799971 588.67268187473 589.92722512004 590.66340137732 604.29681587665 605.48576108499 631.17813349739 693.18265316755","3 4 4 5 2 2 2 3 3 4 4 4 1 2 3 3 4 4 5 5 5 1 1 2 2 2 2 2 2 3 3 4 4 1 1 1 2 2 3 3 4 4 4 4 2 2 2 3 3 5 1"
General-350-20260718-15:54:39-5193,vector,Florasat_Individual_Sats.satellite[0].dlkDSL.mac,Successful Repetition Number counted for the Model,,,"25.32397838905 34.35911658293 44.5664244349 46.171953921 129.30474555436 131.08937173657 132.66372266681 142.23738804217 145.45140761094 153.23294386294 154.04027686286 157.81825132625 231.84512399364 244.4298280279 253.57042718485 254.69338209894 272.09199521238 273.7163216933 282.39187179472 283.25526640776 284.18677635018 346.49768221954 347.23259728279 357.52655783914 358.77865317593 358.80063472855 359.48545883567 361.74359994525 362.05746899907 372.26904256749 374.11404181382 380.7371035683 388.22219204953 461.47089947987 462.41823553451 463.2246148852 473.35817731604 475.4867775421 487.54314383948 490.93269982564 498.07187115811 498.95448842263 500.11895609473 502.67626799971 588.67268187473 589.92722512004 590.66340137732 604.29681587665 605.48576108499 631.17813349739 693.18265316755","3 4 4 5 2 2 2 3 3 3 4 4 1 1 3 3 4 4 5 5 5 1 1 2 2 2 1 2 1 3 2 1 4 1 1 1 2 2 3 3 4 4 4 4 2 2 2 3 3 5 1"
General-350-20260718-15:54:39-5193,vector,Florasat_Individual_Sats.satellite[0].dlkDSL.mac,All Nodes Message Generation Delay at Satellite,,,"25.32397838905 34.35911658293 44.5664244349 46.171953921 129.30474555436 131.08937173657 132.66372266681 142.23738804217 145.45140761094 153.23294386294 154.04027686286 157.81825132625 231.84512399364 244.4298280279 253.57042718485 254.69338209894 272.09199521238 273.7163216933 282.39187179472 283.25526640776 284.18677635018 346.49768221954 347.23259728279 357.52655783914 358.77865317593 358.80063472855 359.48545883567 361.74359994525 362.05746899907 372.26904256749 374.11404181382 380.7371035683 388.22219204953 461.47089947987 462.41823553451 463.2246148852 473.35817731604 475.4867775421 487.54314383948 490.93269982564 498.07187115811 498.95448842263 500.11895609473 502.67626799971 588.67268187473 589.92722512004 590.66340137732 604.29681587665 605.48576108499 631.17813349739 693.18265316755","24.32397838905 33.35911658293 43.5664244349 45.171953921 13.30474555436 15.08937173657 16.66372266681 26.23738804217 29.45140761094 37.23294386294 38.04027686286 41.81825132625 0.84512399363999 13.4298280279 22.57042718485 23.69338209894 41.09199521238 42.7163216933 51.39187179472 52.25526640776 53.18677635018 0.49768221953997 1.23259728279 11.52655783914 12.77865317593 12.80063472855 13.48545883567 15.74359994525 16.05746899907 26.26904256749 28.11404181382 34.7371035683 42.22219204953 0.47089947986996 1.41823553451 2.2246148852 12.35817731604 14.4867775421 26.54314383948 29.93269982564 37.07187115811 37.95448842263 39.11895609473 41.67626799971 12.67268187473 13.92722512004 14.66340137732 28.29681587665 29.48576108499 55.17813349739 2.1826531675499"
General-350-20260718-15:54:39-5193,vector,Florasat_Individual_Sats.satellite[0].dlkDSL.mac,Message Generation Delay for Node 493 at Satellite,,,"25.32397838905","24.32397838905"
General-350-20260718-15:54:39-5193,vector,Florasat_Individual_Sats.satellite[0].net.packetHandler,packets received,,,"25.32397838905 34.35911658293 36.59464953364 44.5664244349 46.171953921 48.23685795315 57.92297883601 129.30474555436 131.08937173657 132.66372266681 140.50274208853 142.23738804217 144.71061008674 145.45140761094 153.23294386294 154.02359599563 154.04027686286 155.69223777185 156.61702928822 157.81825132625 158.60522359185 165.77080552842 169.73048105993 231.84512399364 242.04184888856 244.4298280279 253.57042718485 254.69338209894 255.05375280737 266.90376846974 269.00693449185 272.09199521238 273.7163216933 278.58243537641 279.42493696387 280.4222354881 281.48267071455 282.39187179472 283.25526640776 284.18677635018 346.49768221954 347.23259728279 357.17853318265 357.52655783914 358.77865317593 358.80063472855 359.48545883567 361.31223591504 361.74359994525 362.05746899907 368.52258586505 370.08587230653 372.26904256749 373.24875096086 373.63055380111 374.11404181382 380.7371035683 382.43440419518 383.28881999192 383.4915122426 385.2994847271 388.22219204953 388.29972363886 395.23481986568 398.67750064669 398.79077266067 461.47089947987 462.41823553451 463.2246148852 473.07203261409 473.35817731604 473.57835827026 475.4867775421 483.70597840672 486.79648121813 487.54314383948 487.61984189836 490.89789039729 490.93269982564 496.59753636726 498.07187115811 498.34551679314 498.95448842263 499.29927078638 500.11895609473 501.40086881225 502.67626799971 505.28083652447 505.61164239579 508.62796493842 510.04683805857 514.26210203664 517.5499338303 519.0629802206 588.67268187473 589.92722512004 590.66340137732 600.88230077985 601.87721817535 604.29681587665 605.48576108499 611.96931830854 613.72589285129 615.02796804699 616.22268012345 623.47119591213 626.74676450987 628.52287208305 629.66666225511 631.17813349739 693.18265316755 707.94938090121 722.50186020605 732.52309910351 744.5756876618","1 2 3 4 5 6 7 8 9 10 11 12 13 14 15 16 17 18 19 20 21 22 23 24 25 26 27 28 29 30 31 32 33 34 35 36 37 38 39 40 41 42 43 44 45 46 47 48 49 50 51 52 53 54 55 56 57 58 59 60 61 62 63 64 65 66 67 68 69 70 71 72 73 74 75 76 77 78 79 80 81 82 83 84 85 86 87 88 89 90 91 92 93 94 95 96 97 98 99 100 101 102 103 104 105 106 107 108 109 110 111 112 113 114 115"
General-350-20260718-15:54:39-5193,vector,Florasat_Individual_Sats.satellite[0].net.packetHandler,dropped unroutable,,,"25.32397838905 34.35911658293 36.59464953364 44.5664244349 46.171953921 48.23685795315 57.92297883601 129.30474555436 131.08937173657 132.66372266681 140.50274208853 142.23738804217 144.71061008674 145.45140761094 153.23294386294 154.02359599563 154.04027686286 155.69223777185 156.61702928822 157.81825132625 158.60522359185 165.77080552842 169.73048105993 231.84512399364 242.04184888856 244.4298280279 253.57042718485 254.69338209894 255.05375280737 266.90376846974 269.00693449185 272.09199521238 273.7163216933 278.58243537641 279.42493696387 280.4222354881 281.48267071455 282.39187179472 283.25526640776 284.18677635018 346.49768221954 347.23259728279 357.17853318265 357.52655783914 358.77865317593 358.80063472855 359.48545883567 361.31223591504 361.74359994525 362.05746899907 368.52258586505 370.08587230653 372.26904256749 373.24875096086 373.63055380111 374.11404181382 380.7371035683 382.43440419518 383.28881999192 383.4915122426 385.2994847271 388.22219204953 388.29972363886 395.23481986568 398.67750064669 398.79077266067 461.47089947987 462.41823553451 463.2246148852 473.07203261409 473.35817731604 473.57835827026 475.4867775421 483.70597840672 486.79648121813 487.54314383948 487.61984189836 490.89789039729 490.93269982564 496.59753636726 498.07187115811 498.34551679314 498.95448842263 499.29927078638 500.11895609473 501.40086881225 502.67626799971 505.28083652447 505.61164239579 508.62796493842 510.04683805857 514.26210203664 517.5499338303 519.0629802206 588.67268187473 589.92722512004 590.66340137732 600.88230077985 601.87721817535 604.29681587665 605.48576108499 611.96931830854 613.72589285129 615.02796804699 616.22268012345 623.47119591213 626.74676450987 628.52287208305 629.66666225511 631.17813349739 693.18265316755 707.94938090121 722.50186020605 732.52309910351 744.5756876618","1 2 3 4 5 6 7 8 9 10 11 12 13 14 15 16 17 18 19 20 21 22 23 24 25 26 27 28 29 30 31 32 33 34 35 36 37 38 39 40 41 42 43 44 45 46 47 48 49 50 51 52 53 54 55 56 57 58 59 60 61 62 63 64 65 66 67 68 69 70 71 72 73 74 75 76 77 78 79 80 81 82 83 84 85 86 87 88 89 90 91 92 93 94 95 96 97 98 99 100 101 102 103 104 105 106 107 108 109 110 111 112 113 114 115"
General-350-20260718-15:54:39-5193,vector,Florasat_Individual_Sats.satellite[0].net.packetHandler,packets dropped,,,"25.32397838905 34.35911658293 36.59464953364 44.5664244349 46.171953921 48.23685795315 57.92297883601 129.30474555436 131.08937173657 132.66372266681 140.50274208853 142.23738804217 144.71061008674 145.45140761094 153.23294386294 154.02359599563 154.04027686286 155.69223777185 156.61702928822 157.81825132625 158.60522359185 165.77080552842 169.73048105993 231.84512399364 242.04184888856 244.4298280279 253.57042718485 254.69338209894 255.05375280737 266.90376846974 269.00693449185 272.09199521238 273.7163216933 278.58243537641 279.42493696387 280.4222354881 281.48267071455 282.39187179472 283.25526640776 284.18677635018 346.49768221954 347.23259728279 357.17853318265 357.52655783914 358.77865317593 358.80063472855 359.48545883567 361.31223591504 361.74359994525 362.05746899907 368.52258586505 370.08587230653 372.26904256749 373.24875096086 373.63055380111 374.11404181382 380.7371035683 382.43440419518 383.28881999192 383.4915122426 385.2994847271 388.22219204953 388.29972363886 395.23481986568 398.67750064669 398.79077266067 461.47089947987 462.41823553451 463.2246148852 473.07203261409 473.35817731604 473.57835827026 475.4867775421 483.70597840672 486.79648121813 487.54314383948 487.61984189836 490.89789039729 490.93269982564 496.59753636726 498.07187115811 498.34551679314 498.95448842263 499.29927078638 500.11895609473 501.40086881225 502.67626799971 505.28083652447 505.61164239579 508.62796493842 510.04683805857 514.26210203664 517.5499338303 519.0629802206 588.67268187473 589.92722512004 590.66340137732 600.88230077985 601.87721817535 604.29681587665 605.48576108499 611.96931830854 613.72589285129 615.02796804699 616.22268012345 623.47119591213 626.74676450987 628.52287208305 629.66666225511 631.17813349739 693.18265316755 707.94938090121 722.50186020605 732.52309910351 744.5756876618","1 2 3 4 5 6 7 8 9 10 11 12 13 14 15 16 17 18 19 20 21 22 23 24 25 26 27 28 29 30 31 32 33 34 35 36 37 38 39 40 41 42 43 44 45 46 47 48 49 50 51 52 53 54 55 56 57 58 59 60 61 62 63 64 65 66 67 68 69 70 71 72 73 74 75 76 77 78 79 80 81 82 83 84 85 86 87 88 89 90 91 92 93 94 95 96 97 98 99 100 101 102 103 104 105 106 107 108 109 110 111 112 113 114 115"
General-350-20260718-15:54:39-5193,vector,Florasat_Individual_Sats.satellite[0].dlkDSL.mac,Repetition Position for Node 718 at Satellite,,,"34.35911658293","180"
General-350-20260718-15:54:39-5193,vector,Florasat_Individual_Sats.satellite[0].dlkDSL.mac,Repetition Generation Delay for Node 718 at Satellite,,,"34.35911658293","33.35911658293"
General-350-20260718-15:54:39-5193,vector,Florasat_Individual_Sats.satellite[0].dlkDSL.mac,Message Generation Delay for Node 718 at Satellite,,,"34.35911658293","33.35911658293"
General-350-20260718-15:54:39-5193,vector,Florasat_Individual_Sats.satellite[0].dlkDSL.mac,Repetition Position for Node 538 at Satellite,,,"44.5664244349 57.92297883601","180 180"
General-350-20260718-15:54:39-5193,vector,Florasat_Individual_Sats.satellite[0].dlkDSL.mac,Repetition Generation Delay for Node 538 at Satellite,,,"44.5664244349 57.92297883601","43.5664244349 56.92297883601"
General-350-20260718-15:54:39-5193,vector,Florasat_Individual_Sats.satellite[0].dlkDSL.mac,Message Generation Delay for Node 538 at Satellite,,,"44.5664244349","43.5664244349"
General-350-20260718-15:54:39-5193,vector,Florasat_Individual_Sats.satellite[0].dlkDSL.mac,Repetition Position for Node 373 at Satellite,,,"46.171953921 145.45140761094 155.69223777185 165.77080552842","180 180 180 180"
General-350-20260718-15:54:39-5193,vector,Florasat_Individual_Sats.satellite[0].dlkDSL.mac,Repetition Generation Delay for Node 373 at Satellite,,,"46.171953921 145.45140761094 155.69223777185 165.77080552842","45.171953921 29.45140761094 39.69223777185 49.77080552842"
General-350-20260718-15:54:39-5193,vector,Florasat_Individual_Sats.satellite[0].dlkDSL.mac,Message Generation Delay for Node 373 at Satellite,,,"46.171953921 145.45140761094","45.171953921 29.45140761094"
General-350-20260718-15:54:39-5193,vector,Florasat_Individual_Sats.satellite[0].dlkDSL.mac,Repetition Position for Node 793 at Satellite,,,"129.30474555436 140.50274208853 154.02359599563 282.39187179472","180 180 180 180"
General-350-20260718-15:54:39-5193,vector,Florasat_Individual_Sats.satellite[0].dlkDSL.mac,Repetition Generation Delay for Node 793 at Satellite,,,"129.30474555436 140.50274208853 154.02359599563 282.39187179472","13.30474555436 24.50274208853 38.02359599563 51.39187179472"
General-350-20260718-15:54:39-5193,vector,Florasat_Individual_Sats.satellite[0].dlkDSL.mac,Message Generation Delay for Node 793 at Satellite,,,"129.30474555436 282.39187179472","13.30474555436 51.39187179472"
General-350-20260718-15:54:39-5193,vector,Florasat_Individual_Sats.satellite[0].dlkDSL.mac,Repetition Position for Node 358 at Satellite,,,"131.08937173657 144.71061008674 158.60522359185 169.73048105993 253.57042718485 266.90376846974 279.42493696387","180 180 180 180 180 180 180"
General-350-20260718-15:54:39-5193,vector,Florasat_Individual_Sats.satellite[0].dlkDSL.mac,Repetition Generation Delay for Node 358 at Satellite,,,"131.08937173657 144.71061008674 158.60522359185 169.73048105993 253.57042718485 266.90376846974 279.42493696387","15.08937173657 28.71061008674 42.60522359185 53.73048105993 22.57042718485 35.90376846974 48.42493696387"
General-350-20260718-15:54:39-5193,vector,Florasat_Individual_Sats.satellite[0].dlkDSL.mac,Message Generation Delay for Node 358 at Satellite,,,"131.08937173657 253.57042718485","15.08937173657 22.57042718485"
General-350-20260718-15:54:39-5193,vector,Florasat_Individual_Sats.satellite[0].dlkDSL.mac,Repetition Position for Node 568 at Satellite,,,"132.66372266681","180"
General-350-20260718-15:54:39-5193,vector,Florasat_Individual_Sats.satellite[0].dlkDSL.mac,Repetition Generation Delay for Node 568 at Satellite,,,"132.66372266681","16.66372266681"
General-350-20260718-15:54:39-5193,vector,Florasat_Individual_Sats.satellite[0].dlkDSL.mac,Message Generation Delay for Node 568 at Satellite,,,"132.66372266681","16.66372266681"
General-350-20260718-15:54:39-5193,vector,Florasat_Individual_Sats.satellite[0].dlkDSL.mac,Repetition Position for Node 823 at Satellite,,,"142.23738804217 156.61702928822 272.09199521238","180 180 180"
General-350-20260718-15:54:39-5193,vector,Florasat_Individual_Sats.satellite[0].dlkDSL.mac,Repetition Generation Delay for Node 823 at Satellite,,,"142.23738804217 156.61702928822 272.09199521238","26.23738804217 40.61702928822 41.09199521238"
General-350-20260718-15:54:39-5193,vector,Florasat_Individual_Sats.satellite[0].dlkDSL.mac,Message Generation Delay for Node 823 at Satellite,,,"142.23738804217 272.09199521238","26.23738804217 41.09199521238"
General-350-20260718-15:54:39-5193,vector,Florasat_Individual_Sats.satellite[0].dlkDSL.mac,Repetition Position for Node 343 at Satellite,,,"153.23294386294","180"
General-350-20260718-15:54:39-5193,vector,Florasat_Individual_Sats.satellite[0].dlkDSL.mac,Repetition Generation Delay for Node 343 at Satellite,,,"153.23294386294","37.23294386294"
General-350-20260718-15:54:39-5193,vector,Florasat_Individual_Sats.satellite[0].dlkDSL.mac,Message Generation Delay for Node 343 at Satellite,,,"153.23294386294","37.23294386294"
General-350-20260718-15:54:39-5193,vector,Florasat_Individual_Sats.satellite[0].dlkDSL.mac,Repetition Position for Node 388 at Satellite,,,"154.04027686286 231.84512399364 242.04184888856 255.05375280737 269.00693449185 281.48267071455","180 180 180 180 180 180"
General-350-20260718-15:54:39-5193,vector,Florasat_Individual_Sats.satellite[0].dlkDSL.mac,Repetition Generation Delay for Node 388 at Satellite,,,"154.04027686286 231.84512399364 242.04184888856 255.05375280737 269.00693449185 281.48267071455","38.04027686286 0.84512399363999 11.04184888856 24.05375280737 38.00693449185 50.48267071455"
General-350-20260718-15:54:39-5193,vector,Florasat_Individual_Sats.satellite[0].dlkDSL.mac,Message Generation Delay for Node 388 at Satellite,,,"154.04027686286 231.84512399364","38.04027686286 0.84512399363999"
General-350-20260718-15:54:39-5193,vector,Florasat_Individual_Sats.satellite[0].dlkDSL.mac,Repetition Position for Node 808 at Satellite,,,"157.81825132625 273.7163216933","180 180"
General-350-20260718-15:54:39-5193,vector,Florasat_Individual_Sats.satellite[0].dlkDSL.mac,Repetition Generation Delay for Node 808 at Satellite,,,"157.81825132625 273.7163216933","41.81825132625 42.7163216933"
General-350-20260718-15:54:39-5193,vector,Florasat_Individual_Sats.satellite[0].dlkDSL.mac,Message Generation Delay for Node 808 at Satellite,,,"157.81825132625 273.7163216933","41.81825132625 42.7163216933"
General-350-20260718-15:54:39-5193,vector,Florasat_Individual_Sats.satellite[0].dlkDSL.mac,Repetition Position for Node 868 at Satellite,,,"244.4298280279 278.58243537641 346.49768221954 357.17853318265 368.52258586505 383.28881999192 462.41823553451 473.07203261409 486.79648121813 498.34551679314 510.04683805857","180 180 180 180 180 180 180 180 180 180 180"
General-350-20260718-15:54:39-5193,vector,Florasat_Individual_Sats.satellite[0].dlkDSL.mac,Repetition Generation Delay for Node 868 at Satellite,,,"244.4298280279 278.58243537641 346.49768221954 357.17853318265 368.52258586505 383.28881999192 462.41823553451 473.07203261409 486.79648121813 498.34551679314 510.04683805857","13.4298280279 47.58243537641 0.49768221953997 11.17853318265 22.52258586505 37.28881999192 1.41823553451 12.07203261409 25.79648121813 37.34551679314 49.04683805857"
General-350-20260718-15:54:39-5193,vector,Florasat_Individual_Sats.satellite[0].dlkDSL.mac,Message Generation Delay for Node 868 at Satellite,,,"244.4298280279 346.49768221954 462.41823553451","13.4298280279 0.49768221953997 1.41823553451"
General-350-20260718-15:54:39-5193,vector,Florasat_Individual_Sats.satellite[0].dlkDSL.mac,Repetition Position for Node 418 at Satellite,,,"254.69338209894 280.4222354881 358.77865317593 382.43440419518 395.23481986568","180 180 180 180 180"
General-350-20260718-15:54:39-5193,vector,Florasat_Individual_Sats.satellite[0].dlkDSL.mac,Repetition Generation Delay for Node 418 at Satellite,,,"254.69338209894 280.4222354881 358.77865317593 382.43440419518 395.23481986568","23.69338209894 49.4222354881 12.77865317593 36.43440419518 49.23481986568"
General-350-20260718-15:54:39-5193,vector,Florasat_Individual_Sats.satellite[0].dlkDSL.mac,Message Generation Delay for Node 418 at Satellite,,,"254.69338209894 358.77865317593","23.69338209894 12.77865317593"
General-350-20260718-15:54:39-5193,vector,Florasat_Individual_Sats.satellite[0].dlkDSL.mac,Repetition Position for Node 778 at Satellite,,,"283.25526640776 358.80063472855 370.08587230653","180 180 180"
General-350-20260718-15:54:39-5193,vector,Florasat_Individual_Sats.satellite[0].dlkDSL.mac,Repetition Generation Delay for Node 778 at Satellite,,,"283.25526640776 358.80063472855 370.08587230653","52.25526640776 12.80063472855 24.08587230653"
General-350-20260718-15:54:39-5193,vector,Florasat_Individual_Sats.satellite[0].dlkDSL.mac,Message Generation Delay for Node 778 at Satellite,,,"283.25526640776 358.80063472855","52.25526640776 12.80063472855"
General-350-20260718-15:54:39-5193,vector,Florasat_Individual_Sats.satellite[0].dlkDSL.mac,Repetition Position for Node 223 at Satellite,,,"284.18677635018 347.23259728279 361.31223591504 373.24875096086","180 180 180 180"
General-350-20260718-15:54:39-5193,vector,Florasat_Individual_Sats.satellite[0].dlkDSL.mac,Repetition Generation Delay for Node 223 at Satellite,,,"284.18677635018 347.23259728279 361.31223591504 373.24875096086","53.18677635018 1.23259728279 15.31223591504 27.24875096086"
General-350-20260718-15:54:39-5193,vector,Florasat_Individual_Sats.satellite[0].dlkDSL.mac,Message Generation Delay for Node 223 at Satellite,,,"284.18677635018 347.23259728279","53.18677635018 1.23259728279"
General-350-20260718-15:54:39-5193,vector,Florasat_Individual_Sats.satellite[0].dlkDSL.mac,Repetition Position for Node 253 at Satellite,,,"357.52655783914 383.4915122426","180 180"
General-350-20260718-15:54:39-5193,vector,Florasat_Individual_Sats.satellite[0].dlkDSL.mac,Repetition Generation Delay for Node 253 at Satellite,,,"357.52655783914 383.4915122426","11.52655783914 37.4915122426"
General-350-20260718-15:54:39-5193,vector,Florasat_Individual_Sats.satellite[0].dlkDSL.mac,Message Generation Delay for Node 253 at Satellite,,,"357.52655783914","11.52655783914"
General-350-20260718-15:54:39-5193,vector,Florasat_Individual_Sats.satellite[0].dlkDSL.mac,Repetition Position for Node 883 at Satellite,,,"359.48545883567 461.47089947987 490.89789039729 505.61164239579 519.0629802206 590.66340137732 600.88230077985 613.72589285129 628.52287208305","180 180 180 180 180 180 180 180 180"
General-350-20260718-15:54:39-5193,vector,Florasat_Individual_Sats.satellite[0].dlkDSL.mac,Repetition Generation Delay for Node 883 at Satellite,,,"359.48545883567 461.47089947987 490.89789039729 505.61164239579 519.0629802206 590.66340137732 600.88230077985 613.72589285129 628.52287208305","13.48545883567 0.47089947986996 29.89789039729 44.61164239579 58.0629802206 14.66340137732 24.88230077985 37.72589285129 52.52287208305"
General-350-20260718-15:54:39-5193,vector,Florasat_Individual_Sats.satellite[0].dlkDSL.mac,Message Generation Delay for Node 883 at Satellite,,,"359.48545883567 461.47089947987 590.66340137732","13.48545883567 0.47089947986996 14.66340137732"
General-350-20260718-15:54:39-5193,vector,Florasat_Individual_Sats.satellite[0].dlkDSL.mac,Repetition Position for Node 403 at Satellite,,,"361.74359994525 373.63055380111","180 180"
General-350-20260718-15:54:39-5193,vector,Florasat_Individual_Sats.satellite[0].dlkDSL.mac,Repetition Generation Delay for Node 403 at Satellite,,,"361.74359994525 373.63055380111","15.74359994525 27.63055380111"
General-350-20260718-15:54:39-5193,vector,Florasat_Individual_Sats.satellite[0].dlkDSL.mac,Message Generation Delay for Node 403 at Satellite,,,"361.74359994525","15.74359994525"
General-350-20260718-15:54:39-5193,vector,Florasat_Individual_Sats.satellite[0].dlkDSL.mac,Repetition Position for Node 463 at Satellite,,,"362.05746899907 385.2994847271 398.67750064669 500.11895609473 589.92722512004","180 180 180 180 180"
General-350-20260718-15:54:39-5193,vector,Florasat_Individual_Sats.satellite[0].dlkDSL.mac,Repetition Generation Delay for Node 463 at Satellite,,,"362.05746899907 385.2994847271 398.67750064669 500.11895609473 589.92722512004","16.05746899907 39.2994847271 52.67750064669 39.11895609473 13.92722512004"
General-350-20260718-15:54:39-5193,vector,Florasat_Individual_Sats.satellite[0].dlkDSL.mac,Message Generation Delay for Node 463 at Satellite,,,"362.05746899907 500.11895609473 589.92722512004","16.05746899907 39.11895609473 13.92722512004"
General-350-20260718-15:54:39-5193,vector,Florasat_Individual_Sats.satellite[0].dlkDSL.mac,Repetition Position for Node 448 at Satellite,,,"372.26904256749 498.07187115811","180 180"
General-350-20260718-15:54:39-5193,vector,Florasat_Individual_Sats.satellite[0].dlkDSL.mac,Repetition Generation Delay for Node 448 at Satellite,,,"372.26904256749 498.07187115811","26.26904256749 37.07187115811"
General-350-20260718-15:54:39-5193,vector,Florasat_Individual_Sats.satellite[0].dlkDSL.mac,Message Generation Delay for Node 448 at Satellite,,,"372.26904256749 498.07187115811","26.26904256749 37.07187115811"
General-350-20260718-15:54:39-5193,vector,Florasat_Individual_Sats.satellite[0].dlkDSL.mac,Repetition Position for Node 688 at Satellite,,,"374.11404181382 388.29972363886 475.4867775421","180 180 180"
General-350-20260718-15:54:39-5193,vector,Florasat_Individual_Sats.satellite[0].dlkDSL.mac,Repetition Generation Delay for Node 688 at Satellite,,,"374.11404181382 388.29972363886 475.4867775421","28.11404181382 42.29972363886 14.4867775421"
General-350-20260718-15:54:39-5193,vector,Florasat_Individual_Sats.satellite[0].dlkDSL.mac,Message Generation Delay for Node 688 at Satellite,,,"374.11404181382 475.4867775421","28.11404181382 14.4867775421"
General-350-20260718-15:54:39-5193,vector,Florasat_Individual_Sats.satellite[0].dlkDSL.mac,Repetition Position for Node 913 at Satellite,,,"380.7371035683 487.54314383948 501.40086881225 514.26210203664 631.17813349739","180 180 180 180 180"
General-350-20260718-15:54:39-5193,vector,Florasat_Individual_Sats.satellite[0].dlkDSL.mac,Repetition Generation Delay for Node 913 at Satellite,,,"380.7371035683 487.54314383948 501.40086881225 514.26210203664 631.17813349739","34.7371035683 26.54314383948 40.40086881225 53.26210203664 55.17813349739"
General-350-20260718-15:54:39-5193,vector,Florasat_Individual_Sats.satellite[0].dlkDSL.mac,Message Generation Delay for Node 913 at Satellite,,,"380.7371035683 487.54314383948 631.17813349739","34.7371035683 26.54314383948 55.17813349739"
General-350-20260718-15:54:39-5193,vector,Florasat_Individual_Sats.satellite[0].dlkDSL.mac,Repetition Position for Node 853 at Satellite,,,"388.22219204953 398.79077266067 463.2246148852 473.57835827026 487.61984189836 499.29927078638","180 180 180 180 180 180"
General-350-20260718-15:54:39-5193,vector,Florasat_Individual_Sats.satellite[0].dlkDSL.mac,Repetition Generation Delay for Node 853 at Satellite,,,"388.22219204953 398.79077266067 463.2246148852 473.57835827026 487.61984189836 499.29927078638","42.22219204953 52.79077266067 2.2246148852 12.57835827026 26.61984189836 38.29927078638"
General-350-20260718-15:54:39-5193,vector,Florasat_Individual_Sats.satellite[0].dlkDSL.mac,Message Generation Delay for Node 853 at Satellite,,,"388.22219204953 463.2246148852","42.22219204953 2.2246148852"
General-350-20260718-15:54:39-5193,vector,Florasat_Individual_Sats.satellite[0].dlkDSL.mac,Repetition Position for Node 283 at Satellite,,,"473.35817731604 483.70597840672 496.59753636726 508.62796493842","180 180 180 180"
General-350-20260718-15:54:39-5193,vector,Florasat_Individual_Sats.satellite[0].dlkDSL.mac,Repetition Generation Delay for Node 283 at Satellite,,,"473.35817731604 483.70597840672 496.59753636726 508.62796493842","12.35817731604 22.70597840672 35.59753636726 47.62796493842"
General-350-20260718-15:54:39-5193,vector,Florasat_Individual_Sats.satellite[0].dlkDSL.mac,Message Generation Delay for Node 283 at Satellite,,,"473.35817731604","12.35817731604"
General-350-20260718-15:54:39-5193,vector,Florasat_Individual_Sats.satellite[0].dlkDSL.mac,Repetition Position for Node 928 at Satellite,,,"490.93269982564 505.28083652447 517.5499338303 604.29681587665 615.02796804699 629.66666225511 693.18265316755 707.94938090121 722.50186020605 732.52309910351 744.5756876618","180 180 180 180 180 180 180 180 180 180 180"
General-350-20260718-15:54:39-5193,vector,Florasat_Individual_Sats.satellite[0].dlkDSL.mac,Repetition Generation Delay for Node 928 at Satellite,,,"490.93269982564 505.28083652447 517.5499338303 604.29681587665 615.02796804699 629.66666225511 693.18265316755 707.94938090121 722.50186020605 732.52309910351 744.5756876618","29.93269982564 44.28083652447 56.5499338303 28.29681587665 39.02796804699 53.66666225511 2.1826531675499 16.94938090121 31.50186020605 41.52309910351 53.5756876618"
General-350-20260718-15:54:39-5193,vector,Florasat_Individual_Sats.satellite[0].dlkDSL.mac,Message Generation Delay for Node 928 at Satellite,,,"490.93269982564 604.29681587665 693.18265316755","29.93269982564 28.29681587665 2.1826531675499"
General-350-20260718-15:54:39-5193,vector,Florasat_Individual_Sats.satellite[0].dlkDSL.mac,Repetition Position for Node 733 at Satellite,,,"498.95448842263 588.67268187473 601.87721817535 611.96931830854 623.47119591213","180 180 180 180 180"
General-350-20260718-15:54:39-5193,vector,Florasat_Individual_Sats.satellite[0].dlkDSL.mac,Repetition Generation Delay for Node 733 at Satellite,,,"498.95448842263 588.67268187473 601.87721817535 611.96931830854 623.47119591213","37.95448842263 12.67268187473 25.87721817535 35.96931830854 47.47119591213"
General-350-20260718-15:54:39-5193,vector,Florasat_Individual_Sats.satellite[0].dlkDSL.mac,Message Generation Delay for Node 733 at Satellite,,,"498.95448842263 588.67268187473","37.95448842263 12.67268187473"
General-350-20260718-15:54:39-5193,vector,Florasat_Individual_Sats.satellite[0].dlkDSL.mac,Repetition Position for Node 268 at Satellite,,,"502.67626799971","180"
General-350-20260718-15:54:39-5193,vector,Florasat_Individual_Sats.satellite[0].dlkDSL.mac,Repetition Generation Delay for Node 268 at Satellite,,,"502.67626799971","41.67626799971"
General-350-20260718-15:54:39-5193,vector,Florasat_Individual_Sats.satellite[0].dlkDSL.mac,Message Generation Delay for Node 268 at Satellite,,,"502.67626799971","41.67626799971"
General-350-20260718-15:54:39-5193,vector,Florasat_Individual_Sats.satellite[0].dlkDSL.mac,Repetition Position for Node 973 at Satellite,,,"605.48576108499 616.22268012345 626.74676450987","180 180 180"
General-350-20260718-15:54:39-5193,vector,Florasat_Individual_Sats.satellite[0].dlkDSL.mac,Repetition Generation Delay for Node 973 at Satellite,,,"605.48576108499 616.22268012345 626.74676450987","29.48576108499 40.22268012345 50.74676450987"
General-350-20260718-15:54:39-5193,vector,Florasat_Individual_Sats.satellite[0].dlkDSL.mac,Message Generation Delay for Node 973 at Satellite,,,"605.48576108499","29.48576108499"
