run,type,module,name,attrname,attrvalue,vectime,vecvalue
General-333-20260803-18:23:03-61703,runattr,,,configname,General,,
General-333-20260803-18:23:03-61703,runattr,,,datetime,20260803-18:23:03,,
General-333-20260803-18:23:03-61703,runattr,,,datetimef,20260803-182303,,
General-333-20260803-18:23:03-61703,runattr,,,experiment,General,,
General-333-20260803-18:23:03-61703,runattr,,,inifile,Test_MLModel_6.ini,,
General-333-20260803-18:23:03-61703,runattr,,,iterationvars,"$myraan=195, $threshold=0.40, $0=42781",,
General-333-20260803-18:23:03-61703,runattr,,,iterationvarsd,myraan=195/threshold=0.40/42781,,
General-333-20260803-18:23:03-61703,runattr,,,iterationvarsf,"myraan=195,threshold=0.40,42781-",,
General-333-20260803-18:23:03-61703,runattr,,,measurement,"$myraan=195, $threshold=0.40, $0=42781",,
General-333-20260803-18:23:03-61703,runattr,,,network,Florasat.Test_Individual.Florasat_Individual_Sats,,
General-333-20260803-18:23:03-61703,runattr,,,processid,61703,,
General-333-20260803-18:23:03-61703,runattr,,,repetition,3,,
General-333-20260803-18:23:03-61703,runattr,,,replication,#3,,
General-333-20260803-18:23:03-61703,runattr,,,resultdir,results,,
General-333-20260803-18:23:03-61703,runattr,,,runnumber,333,,
General-333-20260803-18:23:03-61703,runattr,,,seedset,333,,
General-333-20260803-18:23:03-61703,itervar,,,myraan,195,,
General-333-20260803-18:23:03-61703,itervar,,,threshold,0.40,,
General-333-20260803-18:23:03-61703,config,,,*.stats_altitude,670,,
General-333-20260803-18:23:03-61703,config,,,*.stats_raan,185,,
General-333-20260803-18:23:03-61703,config,,,image-path,../../images:../../../../samples/inet4.5_2/images,,
General-333-20260803-18:23:03-61703,config,,,network,Florasat.Test_Individual.Florasat_Individual_Sats,,
General-333-20260803-18:23:03-61703,config,,,rng-class,cMersenneTwister,,
General-333-20260803-18:23:03-61703,config,,,*.**.result-recording-modes,-,,
General-333-20260803-18:23:03-61703,config,,,**.result-recording-modes,-,,
General-333-20260803-18:23:03-61703,config,,,**.statistic-recording,true,,
General-333-20260803-18:23:03-61703,config,,,**.scalar-recording,true,,
General-333-20260803-18:23:03-61703,config,,,**.vector-recording,true,,
General-333-20260803-18:23:03-61703,config,,,**.vector-record-eventnumbers,true,,
General-333-20260803-18:23:03-61703,config,,,repeat,10,,
General-333-20260803-18:23:03-61703,config,,,seed-0-mt,42781,,
General-333-20260803-18:23:03-61703,config,,,sim-time-limit,749s,,
General-333-20260803-18:23:03-61703,config,,,simtime-resolution,-11,,
General-333-20260803-18:23:03-61703,config,,,**.stats_altitude,670,,
General-333-20260803-18:23:03-61703,config,,,**.stats_raan,185,,
General-333-20260803-18:23:03-61703,config,,,*.radioMedium.backgroundNoise.power,-110dBm,,
General-333-20260803-18:23:03-61703,config,,,*.radioMedium.mediumLimitCache.centerFrequency,868MHz,,
General-333-20260803-18:23:03-61703,config,,,*.radioMedium.mediumLimitCache.maxTransmissionDuration,4s,,
General-333-20260803-18:23:03-61703,config,,,*.radioMedium.mediumLimitCache.minInterferenceTime,0s,,
General-333-20260803-18:23:03-61703,config,,,**.numSatellites,1,,
General-333-20260803-18:23:03-61703,config,,,*.satellite[*].mobilityType,"""Sat_Mob_SatelliteMobility_Standalone""",,
General-333-20260803-18:23:03-61703,config,,,*.satellite[*].noradModuleType,"""Sat_Mob_NoradA""",,
General-333-20260803-18:23:03-61703,config,,,**.satellite[*].**.initFromDisplayString,false,,
General-333-20260803-18:23:03-61703,config,,,*.satellite[*].mobility.faceForward,true,,
General-333-20260803-18:23:03-61703,config,,,*.satellite[*].mobility.updateInterval,20s,,
General-333-20260803-18:23:03-61703,config,,,*.satellite[*].NoradModule.satName,"""FLoRaSat""",,
General-333-20260803-18:23:03-61703,config,,,*.satellite[*].NoradModule.satIndex,-1,,
General-333-20260803-18:23:03-61703,config,,,*.satellite[*].NoradModule.baseYear,20,,
General-333-20260803-18:23:03-61703,config,,,*.satellite[*].NoradModule.baseDay,1.5,,
General-333-20260803-18:23:03-61703,config,,,*.satellite[*].NoradModule.planes,1,,
General-333-20260803-18:23:03-61703,config,,,*.satellite[*].NoradModule.satPerPlane,1,,
General-333-20260803-18:23:03-61703,config,,,*.satellite[*].NoradModule.eccentricity,0.000001,,
General-333-20260803-18:23:03-61703,config,,,*.satellite[*].NoradModule.inclination,98,,
General-333-20260803-18:23:03-61703,config,,,*.satellite[*].NoradModule.altitude,670,,
General-333-20260803-18:23:03-61703,config,,,*.satellite[0].NoradModule.raan,195,,
General-333-20260803-18:23:03-61703,config,,,*.satellite[0].NoradModule.meanAnomaly,195,,
General-333-20260803-18:23:03-61703,config,,,*.satellite[*].phyDSL.radio.receiver.enableCollisionOverlap,true,,
General-333-20260803-18:23:03-61703,config,,,*.satellite[*].phyDSL.radio.receiver.minCollisionOverlap,0s,,
General-333-20260803-18:23:03-61703,config,,,*.satellite[*].phyDSL.radio.antenna.typename,ConstantGainAntenna,,
General-333-20260803-18:23:03-61703,config,,,*.satellite[*].phyDSL.radio.antenna.mobilityModule,"""^.^.^.mobility""",,
General-333-20260803-18:23:03-61703,config,,,*.satellite[*].phyISL.radio.antenna.mobilityModule,"""^.^.^.mobility""",,
General-333-20260803-18:23:03-61703,config,,,*.satellite[*].phyGSL.radio.antenna.mobilityModule,"""^.^.^.mobility""",,
General-333-20260803-18:23:03-61703,config,,,*.satellite[*].phyDSL.radio.antenna.gain,12dB,,
General-333-20260803-18:23:03-61703,config,,,*.satellite[*].net.routingType,"""Null_Routing""",,
General-333-20260803-18:23:03-61703,config,,,*.terminal[*].net.routingType,"""Ter_Null_Routing""",,
General-333-20260803-18:23:03-61703,config,,,*.**.numGroundLinks,40,,
General-333-20260803-18:23:03-61703,config,,,*.satellite[*].**.interfaceTableModule,"""""",,
General-333-20260803-18:23:03-61703,config,,,**.radioMedium.typename,LoRaMedium,,
General-333-20260803-18:23:03-61703,config,,,**.radioMedium.analogModel.typename,LoRaAnalogModel,,
General-333-20260803-18:23:03-61703,config,,,**.intraPlaneIslDisabled,false,,
General-333-20260803-18:23:03-61703,config,,,**.interPlaneIslDisabled,false,,
General-333-20260803-18:23:03-61703,config,,,**.numTerminals,60,,
General-333-20260803-18:23:03-61703,config,,,*.terminal[*].phy.radio.antenna.mobilityModule,"""^.^.^.mob""",,
General-333-20260803-18:23:03-61703,config,,,*.terminal[*].dlk.mac.interfaceTableModule,"""""",,
General-333-20260803-18:23:03-61703,config,,,*.terminal[*].dlk.energySourceModule,"""""",,
General-333-20260803-18:23:03-61703,config,,,*.terminal[*].dlk.mac.LoRaTP,"intuniform(12, 14)",,
General-333-20260803-18:23:03-61703,config,,,*.terminal[*].dlk.mac.LoRaSF,"intuniform(10, 12)",,
General-333-20260803-18:23:03-61703,config,,,*.terminal[*].dlk.mac.useMLBoxMLP,true,,
General-333-20260803-18:23:03-61703,config,,,*.terminal[*].dlk.mac.mlBoxMLP.modelPath,"""/home/ylnner/Documents/omnet++/omnetpp-6.3.0/projects/florasat_v4_ult_routing/simulations/Test_Individual/mlmodels/mlp_exported.pt""",,
General-333-20260803-18:23:03-61703,config,,,*.terminal[*].dlk.mac.mlBoxMLP.threshold,0.40,,
General-333-20260803-18:23:03-61703,config,,,**.numberOfPacketsToSend,0,,
General-333-20260803-18:23:03-61703,config,,,**.timeToFirstPacket,1s,,
General-333-20260803-18:23:03-61703,config,,,**.timeToNextPacket,115s,,
General-333-20260803-18:23:03-61703,config,,,*.terminal[0].mob.radius,0.0,,
General-333-20260803-18:23:03-61703,config,,,*.terminal[0].mob.centerLatitude,54.978,,
General-333-20260803-18:23:03-61703,config,,,*.terminal[0].mob.centerLongitude,-1.617,,
General-333-20260803-18:23:03-61703,config,,,*.terminal[1].mob.radius,0.0,,
General-333-20260803-18:23:03-61703,config,,,*.terminal[1].mob.centerLatitude,52.630,,
General-333-20260803-18:23:03-61703,config,,,*.terminal[1].mob.centerLongitude,-1.139,,
General-333-20260803-18:23:03-61703,config,,,*.terminal[2].mob.radius,0.0,,
General-333-20260803-18:23:03-61703,config,,,*.terminal[2].mob.centerLatitude,52.612,,
General-333-20260803-18:23:03-61703,config,,,*.terminal[2].mob.centerLongitude,-6.295,,
General-333-20260803-18:23:03-61703,config,,,*.terminal[3].mob.radius,0.0,,
General-333-20260803-18:23:03-61703,config,,,*.terminal[3].mob.centerLatitude,47.243,,
General-333-20260803-18:23:03-61703,config,,,*.terminal[3].mob.centerLongitude,6.024,,
General-333-20260803-18:23:03-61703,config,,,*.terminal[4].mob.radius,0.0,,
General-333-20260803-18:23:03-61703,config,,,*.terminal[4].mob.centerLatitude,43.610,,
General-333-20260803-18:23:03-61703,config,,,*.terminal[4].mob.centerLongitude,3.876,,
General-333-20260803-18:23:03-61703,config,,,*.terminal[5].mob.radius,0.0,,
General-333-20260803-18:23:03-61703,config,,,*.terminal[5].mob.centerLatitude,49.443,,
General-333-20260803-18:23:03-61703,config,,,*.terminal[5].mob.centerLongitude,1.099,,
General-333-20260803-18:23:03-61703,config,,,*.terminal[6].mob.radius,0.0,,
General-333-20260803-18:23:03-61703,config,,,*.terminal[6].mob.centerLatitude,37.992,,
General-333-20260803-18:23:03-61703,config,,,*.terminal[6].mob.centerLongitude,-1.130,,
General-333-20260803-18:23:03-61703,config,,,*.terminal[7].mob.radius,0.0,,
General-333-20260803-18:23:03-61703,config,,,*.terminal[7].mob.centerLatitude,40.965,,
General-333-20260803-18:23:03-61703,config,,,*.terminal[7].mob.centerLongitude,-5.664,,
General-333-20260803-18:23:03-61703,config,,,*.terminal[8].mob.radius,0.0,,
General-333-20260803-18:23:03-61703,config,,,*.terminal[8].mob.centerLatitude,40.657,,
General-333-20260803-18:23:03-61703,config,,,*.terminal[8].mob.centerLongitude,-7.914,,
General-333-20260803-18:23:03-61703,config,,,*.terminal[9].mob.radius,0.0,,
General-333-20260803-18:23:03-61703,config,,,*.terminal[9].mob.centerLatitude,51.340,,
General-333-20260803-18:23:03-61703,config,,,*.terminal[9].mob.centerLongitude,12.373,,
General-333-20260803-18:23:03-61703,config,,,*.terminal[10].mob.radius,0.0,,
General-333-20260803-18:23:03-61703,config,,,*.terminal[10].mob.centerLatitude,51.455,,
General-333-20260803-18:23:03-61703,config,,,*.terminal[10].mob.centerLongitude,7.011,,
General-333-20260803-18:23:03-61703,config,,,*.terminal[11].mob.radius,0.0,,
General-333-20260803-18:23:03-61703,config,,,*.terminal[11].mob.centerLatitude,49.452,,
General-333-20260803-18:23:03-61703,config,,,*.terminal[11].mob.centerLongitude,11.076,,
General-333-20260803-18:23:03-61703,config,,,*.terminal[12].mob.radius,0.0,,
General-333-20260803-18:23:03-61703,config,,,*.terminal[12].mob.centerLatitude,43.769,,
General-333-20260803-18:23:03-61703,config,,,*.terminal[12].mob.centerLongitude,11.255,,
General-333-20260803-18:23:03-61703,config,,,*.terminal[13].mob.radius,0.0,,
General-333-20260803-18:23:03-61703,config,,,*.terminal[13].mob.centerLatitude,41.117,,
General-333-20260803-18:23:03-61703,config,,,*.terminal[13].mob.centerLongitude,16.871,,
General-333-20260803-18:23:03-61703,config,,,*.terminal[14].mob.radius,0.0,,
General-333-20260803-18:23:03-61703,config,,,*.terminal[14].mob.centerLatitude,52.132,,
General-333-20260803-18:23:03-61703,config,,,*.terminal[14].mob.centerLongitude,5.291,,
General-333-20260803-18:23:03-61703,config,,,*.terminal[15].mob.radius,0.0,,
General-333-20260803-18:23:03-61703,config,,,*.terminal[15].mob.centerLatitude,50.411,,
General-333-20260803-18:23:03-61703,config,,,*.terminal[15].mob.centerLongitude,4.444,,
General-333-20260803-18:23:03-61703,config,,,*.terminal[16].mob.radius,0.0,,
General-333-20260803-18:23:03-61703,config,,,*.terminal[16].mob.centerLatitude,47.559,,
General-333-20260803-18:23:03-61703,config,,,*.terminal[16].mob.centerLongitude,7.588,,
General-333-20260803-18:23:03-61703,config,,,*.terminal[17].mob.radius,0.0,,
General-333-20260803-18:23:03-61703,config,,,*.terminal[17].mob.centerLatitude,55.403,,
General-333-20260803-18:23:03-61703,config,,,*.terminal[17].mob.centerLongitude,10.402,,
General-333-20260803-18:23:03-61703,config,,,*.terminal[18].mob.radius,0.0,,
General-333-20260803-18:23:03-61703,config,,,*.terminal[18].mob.centerLatitude,59.858,,
General-333-20260803-18:23:03-61703,config,,,*.terminal[18].mob.centerLongitude,17.638,,
General-333-20260803-18:23:03-61703,config,,,*.terminal[19].mob.radius,0.0,,
General-333-20260803-18:23:03-61703,config,,,*.terminal[19].mob.centerLatitude,60.451,,
General-333-20260803-18:23:03-61703,config,,,*.terminal[19].mob.centerLongitude,22.266,,
General-333-20260803-18:23:03-61703,config,,,*.terminal[20].mob.radius,0.0,,
General-333-20260803-18:23:03-61703,config,,,*.terminal[20].mob.centerLatitude,56.325,,
General-333-20260803-18:23:03-61703,config,,,*.terminal[20].mob.centerLongitude,22.349,,
General-333-20260803-18:23:03-61703,config,,,*.terminal[21].mob.radius,0.0,,
General-333-20260803-18:23:03-61703,config,,,*.terminal[21].mob.centerLatitude,49.883,,
General-333-20260803-18:23:03-61703,config,,,*.terminal[21].mob.centerLongitude,18.568,,
General-333-20260803-18:23:03-61703,config,,,*.terminal[22].mob.radius,0.0,,
General-333-20260803-18:23:03-61703,config,,,*.terminal[22].mob.centerLatitude,47.531,,
General-333-20260803-18:23:03-61703,config,,,*.terminal[22].mob.centerLongitude,21.627,,
General-333-20260803-18:23:03-61703,config,,,*.terminal[23].mob.radius,0.0,,
General-333-20260803-18:23:03-61703,config,,,*.terminal[23].mob.centerLatitude,44.179,,
General-333-20260803-18:23:03-61703,config,,,*.terminal[23].mob.centerLongitude,28.649,,
General-333-20260803-18:23:03-61703,config,,,*.terminal[24].mob.radius,0.0,,
General-333-20260803-18:23:03-61703,config,,,*.terminal[24].mob.centerLatitude,45.327,,
General-333-20260803-18:23:03-61703,config,,,*.terminal[24].mob.centerLongitude,14.442,,
General-333-20260803-18:23:03-61703,config,,,*.terminal[25].mob.radius,0.0,,
General-333-20260803-18:23:03-61703,config,,,*.terminal[25].mob.centerLatitude,40.694,,
General-333-20260803-18:23:03-61703,config,,,*.terminal[25].mob.centerLongitude,30.400,,
General-333-20260803-18:23:03-61703,config,,,*.terminal[26].mob.radius,0.0,,
General-333-20260803-18:23:03-61703,config,,,*.terminal[26].mob.centerLatitude,37.066,,
General-333-20260803-18:23:03-61703,config,,,*.terminal[26].mob.centerLongitude,37.383,,
General-333-20260803-18:23:03-61703,config,,,*.terminal[27].mob.radius,0.0,,
General-333-20260803-18:23:03-61703,config,,,*.terminal[27].mob.centerLatitude,64.836,,
General-333-20260803-18:23:03-61703,config,,,*.terminal[27].mob.centerLongitude,-23.708,,
General-333-20260803-18:23:03-61703,config,,,*.terminal[28].mob.radius,0.0,,
General-333-20260803-18:23:03-61703,config,,,*.terminal[28].mob.centerLatitude,28.099,,
General-333-20260803-18:23:03-61703,config,,,*.terminal[28].mob.centerLongitude,-17.113,,
General-333-20260803-18:23:03-61703,config,,,*.terminal[29].mob.radius,0.0,,
General-333-20260803-18:23:03-61703,config,,,*.terminal[29].mob.centerLatitude,34.921,,
General-333-20260803-18:23:03-61703,config,,,*.terminal[29].mob.centerLongitude,33.623,,
General-333-20260803-18:23:03-61703,config,,,*.terminal[30].mob.radius,0.0,,
General-333-20260803-18:23:03-61703,config,,,*.terminal[30].mob.centerLatitude,55.953,,
General-333-20260803-18:23:03-61703,config,,,*.terminal[30].mob.centerLongitude,-3.188,,
General-333-20260803-18:23:03-61703,config,,,*.terminal[31].mob.radius,0.0,,
General-333-20260803-18:23:03-61703,config,,,*.terminal[31].mob.centerLatitude,51.481,,
General-333-20260803-18:23:03-61703,config,,,*.terminal[31].mob.centerLongitude,-3.179,,
General-333-20260803-18:23:03-61703,config,,,*.terminal[32].mob.radius,0.0,,
General-333-20260803-18:23:03-61703,config,,,*.terminal[32].mob.centerLatitude,53.349,,
General-333-20260803-18:23:03-61703,config,,,*.terminal[32].mob.centerLongitude,-6.260,,
General-333-20260803-18:23:03-61703,config,,,*.terminal[33].mob.radius,0.0,,
General-333-20260803-18:23:03-61703,config,,,*.terminal[33].mob.centerLatitude,45.764,,
General-333-20260803-18:23:03-61703,config,,,*.terminal[33].mob.centerLongitude,4.835,,
General-333-20260803-18:23:03-61703,config,,,*.terminal[34].mob.radius,0.0,,
General-333-20260803-18:23:03-61703,config,,,*.terminal[34].mob.centerLatitude,48.573,,
General-333-20260803-18:23:03-61703,config,,,*.terminal[34].mob.centerLongitude,7.752,,
General-333-20260803-18:23:03-61703,config,,,*.terminal[35].mob.radius,0.0,,
General-333-20260803-18:23:03-61703,config,,,*.terminal[35].mob.centerLatitude,44.837,,
General-333-20260803-18:23:03-61703,config,,,*.terminal[35].mob.centerLongitude,-0.579,,
General-333-20260803-18:23:03-61703,config,,,*.terminal[36].mob.radius,0.0,,
General-333-20260803-18:23:03-61703,config,,,*.terminal[36].mob.centerLatitude,41.385,,
General-333-20260803-18:23:03-61703,config,,,*.terminal[36].mob.centerLongitude,2.173,,
General-333-20260803-18:23:03-61703,config,,,*.terminal[37].mob.radius,0.0,,
General-333-20260803-18:23:03-61703,config,,,*.terminal[37].mob.centerLatitude,41.157,,
General-333-20260803-18:23:03-61703,config,,,*.terminal[37].mob.centerLongitude,-8.629,,
General-333-20260803-18:23:03-61703,config,,,*.terminal[38].mob.radius,0.0,,
General-333-20260803-18:23:03-61703,config,,,*.terminal[38].mob.centerLatitude,37.389,,
General-333-20260803-18:23:03-61703,config,,,*.terminal[38].mob.centerLongitude,-5.984,,
General-333-20260803-18:23:03-61703,config,,,*.terminal[39].mob.radius,0.0,,
General-333-20260803-18:23:03-61703,config,,,*.terminal[39].mob.centerLatitude,53.551,,
General-333-20260803-18:23:03-61703,config,,,*.terminal[39].mob.centerLongitude,9.993,,
General-333-20260803-18:23:03-61703,config,,,*.terminal[40].mob.radius,0.0,,
General-333-20260803-18:23:03-61703,config,,,*.terminal[40].mob.centerLatitude,48.135,,
General-333-20260803-18:23:03-61703,config,,,*.terminal[40].mob.centerLongitude,11.582,,
General-333-20260803-18:23:03-61703,config,,,*.terminal[41].mob.radius,0.0,,
General-333-20260803-18:23:03-61703,config,,,*.terminal[41].mob.centerLatitude,50.110,,
General-333-20260803-18:23:03-61703,config,,,*.terminal[41].mob.centerLongitude,8.682,,
General-333-20260803-18:23:03-61703,config,,,*.terminal[42].mob.radius,0.0,,
General-333-20260803-18:23:03-61703,config,,,*.terminal[42].mob.centerLatitude,45.464,,
General-333-20260803-18:23:03-61703,config,,,*.terminal[42].mob.centerLongitude,9.190,,
General-333-20260803-18:23:03-61703,config,,,*.terminal[43].mob.radius,0.0,,
General-333-20260803-18:23:03-61703,config,,,*.terminal[43].mob.centerLatitude,40.851,,
General-333-20260803-18:23:03-61703,config,,,*.terminal[43].mob.centerLongitude,14.268,,
General-333-20260803-18:23:03-61703,config,,,*.terminal[44].mob.radius,0.0,,
General-333-20260803-18:23:03-61703,config,,,*.terminal[44].mob.centerLatitude,51.209,,
General-333-20260803-18:23:03-61703,config,,,*.terminal[44].mob.centerLongitude,3.224,,
General-333-20260803-18:23:03-61703,config,,,*.terminal[45].mob.radius,0.0,,
General-333-20260803-18:23:03-61703,config,,,*.terminal[45].mob.centerLatitude,48.208,,
General-333-20260803-18:23:03-61703,config,,,*.terminal[45].mob.centerLongitude,16.373,,
General-333-20260803-18:23:03-61703,config,,,*.terminal[46].mob.radius,0.0,,
General-333-20260803-18:23:03-61703,config,,,*.terminal[46].mob.centerLatitude,52.229,,
General-333-20260803-18:23:03-61703,config,,,*.terminal[46].mob.centerLongitude,21.012,,
General-333-20260803-18:23:03-61703,config,,,*.terminal[47].mob.radius,0.0,,
General-333-20260803-18:23:03-61703,config,,,*.terminal[47].mob.centerLatitude,59.913,,
General-333-20260803-18:23:03-61703,config,,,*.terminal[47].mob.centerLongitude,10.752,,
General-333-20260803-18:23:03-61703,config,,,*.terminal[48].mob.radius,0.0,,
General-333-20260803-18:23:03-61703,config,,,*.terminal[48].mob.centerLatitude,56.949,,
General-333-20260803-18:23:03-61703,config,,,*.terminal[48].mob.centerLongitude,24.105,,
General-333-20260803-18:23:03-61703,config,,,*.terminal[49].mob.radius,0.0,,
General-333-20260803-18:23:03-61703,config,,,*.terminal[49].mob.centerLatitude,59.437,,
General-333-20260803-18:23:03-61703,config,,,*.terminal[49].mob.centerLongitude,24.753,,
General-333-20260803-18:23:03-61703,config,,,*.terminal[50].mob.radius,0.0,,
General-333-20260803-18:23:03-61703,config,,,*.terminal[50].mob.centerLatitude,50.075,,
General-333-20260803-18:23:03-61703,config,,,*.terminal[50].mob.centerLongitude,14.437,,
General-333-20260803-18:23:03-61703,config,,,*.terminal[51].mob.radius,0.0,,
General-333-20260803-18:23:03-61703,config,,,*.terminal[51].mob.centerLatitude,42.697,,
General-333-20260803-18:23:03-61703,config,,,*.terminal[51].mob.centerLongitude,23.321,,
General-333-20260803-18:23:03-61703,config,,,*.terminal[52].mob.radius,0.0,,
General-333-20260803-18:23:03-61703,config,,,*.terminal[52].mob.centerLatitude,45.815,,
General-333-20260803-18:23:03-61703,config,,,*.terminal[52].mob.centerLongitude,15.981,,
General-333-20260803-18:23:03-61703,config,,,*.terminal[53].mob.radius,0.0,,
General-333-20260803-18:23:03-61703,config,,,*.terminal[53].mob.centerLatitude,40.640,,
General-333-20260803-18:23:03-61703,config,,,*.terminal[53].mob.centerLongitude,22.944,,
General-333-20260803-18:23:03-61703,config,,,*.terminal[54].mob.radius,0.0,,
General-333-20260803-18:23:03-61703,config,,,*.terminal[54].mob.centerLatitude,39.933,,
General-333-20260803-18:23:03-61703,config,,,*.terminal[54].mob.centerLongitude,32.859,,
General-333-20260803-18:23:03-61703,config,,,*.terminal[55].mob.radius,0.0,,
General-333-20260803-18:23:03-61703,config,,,*.terminal[55].mob.centerLatitude,38.419,,
General-333-20260803-18:23:03-61703,config,,,*.terminal[55].mob.centerLongitude,27.128,,
General-333-20260803-18:23:03-61703,config,,,*.terminal[56].mob.radius,0.0,,
General-333-20260803-18:23:03-61703,config,,,*.terminal[56].mob.centerLatitude,35.898,,
General-333-20260803-18:23:03-61703,config,,,*.terminal[56].mob.centerLongitude,14.514,,
General-333-20260803-18:23:03-61703,config,,,*.terminal[57].mob.radius,0.0,,
General-333-20260803-18:23:03-61703,config,,,*.terminal[57].mob.centerLatitude,65.683,,
General-333-20260803-18:23:03-61703,config,,,*.terminal[57].mob.centerLongitude,-18.087,,
General-333-20260803-18:23:03-61703,config,,,*.terminal[58].mob.radius,0.0,,
General-333-20260803-18:23:03-61703,config,,,*.terminal[58].mob.centerLatitude,28.463,,
General-333-20260803-18:23:03-61703,config,,,*.terminal[58].mob.centerLongitude,-16.251,,
General-333-20260803-18:23:03-61703,config,,,*.terminal[59].mob.radius,0.0,,
General-333-20260803-18:23:03-61703,config,,,*.terminal[59].mob.centerLatitude,35.185,,
General-333-20260803-18:23:03-61703,config,,,*.terminal[59].mob.centerLongitude,33.382,,
General-333-20260803-18:23:03-61703,config,,,**.numStations,3,,
General-333-20260803-18:23:03-61703,config,,,**.numStations,3,,
General-333-20260803-18:23:03-61703,config,,,*.station[0].mobility.latitude,55.752,,
General-333-20260803-18:23:03-61703,config,,,*.station[0].mobility.longitude,37.616,,
General-333-20260803-18:23:03-61703,config,,,*.station[0].cityName,"""Moscow""",,
General-333-20260803-18:23:03-61703,config,,,*.station[0].groundStationId,7,,
General-333-20260803-18:23:03-61703,config,,,*.station[0].routerAddr,"""10.0.0.29""",,
General-333-20260803-18:23:03-61703,config,,,*.station[0].serving,"""10.0.0.29""",,
General-333-20260803-18:23:03-61703,config,,,*.station[1].mobility.latitude,28.652,,
General-333-20260803-18:23:03-61703,config,,,*.station[1].mobility.longitude,77.231,,
General-333-20260803-18:23:03-61703,config,,,*.station[1].cityName,"""Delhi""",,
General-333-20260803-18:23:03-61703,config,,,*.station[1].groundStationId,11,,
General-333-20260803-18:23:03-61703,config,,,*.station[1].routerAddr,"""10.0.0.45""",,
General-333-20260803-18:23:03-61703,config,,,*.station[1].serving,"""10.0.0.45""",,
General-333-20260803-18:23:03-61703,config,,,*.station[2].mobility.latitude,25.35,,
General-333-20260803-18:23:03-61703,config,,,*.station[2].mobility.longitude,51.24,,
General-333-20260803-18:23:03-61703,config,,,*.station[2].cityName,"""Katar""",,
General-333-20260803-18:23:03-61703,config,,,*.station[2].groundStationId,19,,
General-333-20260803-18:23:03-61703,config,,,*.station[2].routerAddr,"""10.0.0.77""",,
General-333-20260803-18:23:03-61703,config,,,*.station[2].serving,"""10.0.0.77""",,
General-333-20260803-18:23:03-61703,config,,,*.visualizer.canvasVisualizer.mediumVisualizer.typename,,,
General-333-20260803-18:23:03-61703,config,,,*.visualizer.*.radioVisualizer.displayAntennaLobes,true,,
General-333-20260803-18:23:03-61703,config,,,*.visualizer.*.dataLinkVisualizer.displayLinks,true,,
General-333-20260803-18:23:03-61703,config,,,*.visualizer.*.mobilityVisualizer.displayMovementTrails,true,,
General-333-20260803-18:23:03-61703,config,,,*.visualizer.*.mobilityVisualizer.movementTrailLineWidth,1,,
General-333-20260803-18:23:03-61703,config,,,*.visualizer.*.mobilityVisualizer.trailLength,3000,,
General-333-20260803-18:23:03-61703,config,,,**.ttxStart_max,1s,,
General-333-20260803-18:23:03-61703,config,,,**.ttxIdle_min,10s,,
General-333-20260803-18:23:03-61703,config,,,**.ttxIdle_max,15s,,
General-333-20260803-18:23:03-61703,config,,,**.Ntw,1,,
General-333-20260803-18:23:03-61703,config,,,**.Ntx,5,,
General-333-20260803-18:23:03-61703,config,,,**.ttwDuration,100s,,
General-333-20260803-18:23:03-61703,config,,,output-scalar-file,results/results_florasat_ml_mlp/mlp-raan-195-th-0.40-General-3.sca,,
General-333-20260803-18:23:03-61703,config,,,output-vector-file,results/results_florasat_ml_mlp/mlp-raan-195-th-0.40-General-3.vec,,
General-333-20260803-18:23:03-61703,vector,Florasat_Individual_Sats.terminal[44].dlk.mac,vector_preds_MLP,,,"1.02034618217 11.67325602565 21.97824159474 36.57960476889 49.14181512501 116.90845972206 130.8636738772 144.66490940586 155.83414051029 170.04614791995 231.03920070385 245.26554223895 258.43856067676 270.76401609275 281.7337582428 346.98661171994 357.59078604332 369.76848834357 382.52109621931 395.20543009439 461.70489410986 473.21568224695 488.14446432399 498.38633591076 511.40183795243 576.94854778633 589.92952940333 604.68560637603 618.59816220635 629.43852219311 691.32009497657 701.61457825149 712.31943381065 724.33241491485 738.67294802027","13990401 13990402 13990403 13990404 13990405 13996401 13996402 13996403 13996404 13996405 14002401 14002402 14002403 14002404 14002405 14008401 14008402 14008403 14008404 14008405 14014401 14014402 14014403 14014404 14014405 14020401 14020402 14020403 14020404 14020405 14026401 14026402 14026403 14026404 14026405"
General-333-20260803-18:23:03-61703,vector,Florasat_Individual_Sats.terminal[11].dlk.mac,vector_preds_MLP,,,"1.03572839964 14.2224789618 28.15527711156 39.31688606133 53.80927470256 116.79801250855 127.10918101413 138.02849568125 149.45517866571 161.33045399493 231.33244421193 245.21503714122 255.74989625578 268.86855156603 282.98853214225 346.50245353277 358.38645804022 371.77062237915 382.78970500501 393.10565763782 461.44478032109 475.11000894801 485.82349798269 496.52713686204 509.2032312937 576.33497067401 590.64286461705 601.98642918747 612.08316445374 625.71106131096 691.01774568134 702.82086313632 713.18060644949 723.73723691725 735.14119036775","13987101 13987102 13987103 13987104 13987105 13993101 13993102 13993103 13993104 13993105 13999101 13999102 13999103 13999104 13999105 14005101.1 14005102.1 14005103.1 14005104.1 14005105.1 14011101.1 14011102.1 14011103 14011104 14011105 14017101 14017102 14017103 14017104 14017105 14023101 14023102 14023103 14023104 14023105"
General-333-20260803-18:23:03-61703,vector,Florasat_Individual_Sats.terminal[51].dlk.mac,vector_preds_MLP,,,"1.06226636795 11.33705616695 23.69497693725 35.65273031708 50.11515139019 116.28778517479 127.87888173247 137.88840722875 149.66053113807 160.7739553228 231.24376412504 244.57988209929 258.29505740804 272.11348639242 282.11697892891 346.41271894076 359.50253052265 370.96834373638 381.48445785955 394.78727370246 461.62878740625 476.43837283179 489.58788819657 499.98686762107 514.52416996052 576.34267748543 589.5191102915 600.70516588609 611.66923227581 623.54399581184 691.00471766852 704.75459622406 717.71440974856 731.29914347502 741.95217037644","13991101 13991102 13991103 13991104 13991105 13997101 13997102 13997103 13997104 13997105 14003101 14003102 14003103 14003104 14003105 14009101.1 14009102.1 14009103.1 14009104.1 14009105.1 14015101.1 14015102.1 14015103.1 14015104.1 14015105.1 14021101.1 14021102.1 14021103.1 14021104.1 14021105.1 14027101.1 14027102.1 14027103.1 14027104.1 14027105.1"
General-333-20260803-18:23:03-61703,vector,Florasat_Individual_Sats.terminal[21].dlk.mac,vector_preds_MLP,,,"1.06321485178 11.70671693911 23.54475959717 36.6866724873 50.29672288383 116.94082718622 127.08690056857 141.54250812182 155.89342805255 168.28353237757 231.66422062088 243.12606026302 256.52235453715 269.24615499563 282.29504674905 346.09138220246 357.26298078708 371.32827036827 384.58693060371 396.92303947801 461.03517861618 475.79414355965 490.55800513412 503.9049658964 517.13614717057 576.87275669724 591.0703702278 602.92404391291 613.47088089516 627.75144160563 691.86554732919 705.51275171759 716.99573803414 731.84167230688 744.0586192552","13988101 13988102 13988103 13988104 13988105 13994101 13994102 13994103 13994104 13994105 14000101 14000102 14000103.1 14000104.1 14000105.1 14006101.1 14006102.1 14006103.1 14006104.1 14006105.1 14012101.1 14012102.1 14012103.1 14012104.1 14012105.1 14018101 14018102 14018103 14018104 14018105 14024101 14024102 14024103 14024104 14024105"
General-333-20260803-18:23:03-61703,vector,Florasat_Individual_Sats.terminal[17].dlk.mac,vector_preds_MLP,,,"1.06715809507 15.36243309336 26.47206826787 40.3827162967 51.34855504566 116.71968706651 127.89877077565 138.11608542223 151.79774269229 165.16791356844 231.13040804327 241.97972282231 255.97531274473 268.2403750536 280.86902286089 346.96397282369 359.8269881024 373.14678950421 386.04506264976 400.27289483184 461.76621686621 471.86556842481 485.35126842745 496.11877483735 510.16308434843 576.67722989037 587.07850061404 602.0638666132 616.95356409345 631.67403357267 691.30699149612 705.78936350112 717.52648109034 731.08291587489 742.06422094418","13987701 13987702 13987703 13987704 13987705 13993701 13993702 13993703 13993704 13993705 13999701 13999702 13999703 13999704 13999705 14005701 14005702 14005703 14005704 14005705 14011701 14011702 14011703 14011704 14011705 14017701 14017702 14017703 14017704 14017705 14023701 14023702 14023703 14023704 14023705"
General-333-20260803-18:23:03-61703,vector,Florasat_Individual_Sats.terminal[37].dlk.mac,vector_preds_MLP,,,"1.07208603271 12.16134696128 24.43443047675 37.80142638228 51.27640317521 116.77902717516 131.28841802501 145.75690870313 157.99316274375 171.19674252952 231.08170682029 246.00204039412 259.45800041594 272.22419633344 284.90373171098 346.51962092891 357.16932604834 368.28905645338 383.26555380411 396.69461134867 461.45894979546 474.13747851807 487.40922111622 498.57300762273 513.30047481414 576.1358499839 588.06354577281 598.56741150236 610.94439710933 625.3897798548 691.44212869741 702.61822613352 716.94396452676 730.47174332361 743.3373893546","13989701 13989702 13989703 13989704 13989705 13995701 13995702 13995703 13995704 13995705 14001701 14001702 14001703 14001704 14001705 14007701 14007702 14007703 14007704 14007705 14013701 14013702 14013703 14013704 14013705 14019701 14019702 14019703 14019704 14019705 14025701 14025702 14025703 14025704 14025705"
General-333-20260803-18:23:03-61703,vector,Florasat_Individual_Sats.terminal[10].dlk.mac,vector_preds_MLP,,,"1.08195328433 13.41887901118 24.38528343383 35.43027518596 48.82253919425 116.62645528745 126.96405601641 139.49113562656 150.04389056889 164.56092049204 231.10194910248 244.55832343013 256.11497038091 267.70428474574 282.38045383525 346.57460521953 357.5441270757 370.67565026972 380.88077267794 393.22024528216 461.43194158236 474.86947132764 487.27027321724 501.15203660471 513.86656962941 576.29989731987 591.01030534762 603.91871174146 617.86600925541 629.21751358244 691.34571787762 703.53027424985 718.05109841959 729.23328008363 740.8426805234","13987001 13987002 13987003 13987004 13987005 13993001 13993002 13993003 13993004 13993005 13999001 13999002 13999003 13999004 13999005 14005001 14005002 14005003 14005004 14005005 14011001 14011002 14011003 14011004 14011005 14017001 14017002 14017003 14017004 14017005 14023001 14023002 14023003 14023004 14023005"
General-333-20260803-18:23:03-61703,vector,Florasat_Individual_Sats.terminal[0].dlk.mac,vector_preds_MLP,,,"1.09114662325 15.78220538259 27.08450518478 40.77041865722 52.42360188556 116.24024244281 130.02222946519 142.54854328837 152.59902470652 166.70340661565 231.36851956067 244.71816073568 257.706716883 271.69924823149 282.81194461673 346.09382636682 359.66226320551 371.39320106548 384.44511475693 395.04193722456 461.22321243491 471.96040654182 484.74412385816 496.48472064267 509.88561823707 576.02438125061 587.23352314322 600.6838821934 612.01553125516 622.4898239132 691.81604200671 706.41222534398 717.65200538258 727.84956324776 742.35704401555","13986001 13986002 13986003 13986004 13986005 13992001 13992002 13992003 13992004 13992005 13998001 13998002 13998003 13998004 13998005 14004001 14004002 14004003 14004004 14004005 14010001 14010002 14010003 14010004 14010005 14016001 14016002 14016003 14016004 14016005 14022001 14022002 14022003 14022004 14022005"
General-333-20260803-18:23:03-61703,vector,Florasat_Individual_Sats.terminal[45].dlk.mac,vector_preds_MLP,,,"1.0940641996 14.54239962669 27.34321558778 41.11650444032 54.86051229341 116.61018465925 130.63924455363 144.88230172475 155.11390168616 165.88574448298 231.95282567712 242.70883802395 256.08157326305 267.85288124416 278.59135441669 346.50524025247 360.71561142033 372.9490670252 387.84081239648 400.14513985183 461.79438263178 474.92732234299 485.7325869787 500.22343983175 514.51556514599 576.93325696862 591.2815478933 605.55011907825 615.90091285645 628.86360177305 691.74374660966 704.23184267734 714.86903563165 728.59615042829 739.27938241186","13990501 13990502 13990503 13990504 13990505 13996501 13996502 13996503 13996504 13996505 14002501 14002502 14002503 14002504 14002505 14008501.1 14008502.1 14008503.1 14008504.1 14008505.1 14014501.1 14014502.1 14014503.1 14014504.1 14014505.1 14020501.1 14020502.1 14020503.1 14020504.1 14020505.1 14026501.1 14026502.1 14026503 14026504 14026505"
General-333-20260803-18:23:03-61703,vector,Florasat_Individual_Sats.terminal[56].dlk.mac,vector_preds_MLP,,,"1.12092125602 13.14251230936 26.05565395695 38.60995755787 49.3382413385 116.9496098666 128.96212072508 142.06448407658 152.13514933759 165.38406464668 231.3269787957 242.37443877734 253.1578190846 268.00964506344 279.15404587054 346.23811853421 357.89934742451 372.68062380911 386.32271944615 396.47920022556 461.203643783 473.95784962434 488.1759708291 500.730613556 511.52466503066 576.7999113847 588.43261480634 601.64752257243 612.33005298255 625.55002377438 691.97563706036 703.61908406322 717.38542489312 729.22992611723 740.44173766347","13991601 13991602 13991603 13991604 13991605 13997601 13997602 13997603 13997604 13997605 14003601 14003602 14003603 14003604 14003605 14009601 14009602 14009603 14009604 14009605.1 14015601.1 14015602.1 14015603.1 14015604.1 14015605.1 14021601.1 14021602.1 14021603.1 14021604.1 14021605.1 14027601.1 14027602.1 14027603.1 14027604.1 14027605.1"
General-333-20260803-18:23:03-61703,vector,Florasat_Individual_Sats.terminal[32].dlk.mac,vector_preds_MLP,,,"1.14886625088 15.69090827834 28.90010154806 39.09457617905 51.56198596815 116.10146228527 130.65117850271 143.11779517867 155.81705883914 169.15935874288 231.81569037098 243.33489732072 257.66900728992 271.8816853601 283.7099014183 346.55855447915 356.61273012915 371.31712531833 381.75023671518 392.29202076605 461.43279414438 472.70825454896 483.32568645408 494.13238318335 508.75879845396 576.86198846693 588.67704717233 601.26617911644 612.38280481798 625.56174646504 691.07039103471 704.64673400461 719.20315923472 729.58598768641 741.93956196494","13989201 13989202 13989203 13989204 13989205 13995201 13995202 13995203 13995204 13995205 14001201 14001202 14001203 14001204 14001205 14007201 14007202 14007203 14007204 14007205 14013201 14013202 14013203 14013204 14013205 14019201 14019202 14019203 14019204 14019205 14025201 14025202 14025203 14025204 14025205"
General-333-20260803-18:23:03-61703,vector,Florasat_Individual_Sats.terminal[6].dlk.mac,vector_preds_MLP,,,"1.16539154691 11.19211352221 21.42961787549 34.70188480243 49.09466166887 116.05968077201 126.7696750618 140.17300318926 152.52826059819 163.56649484602 231.76267753402 242.18355025561 253.30995893618 264.57644803729 279.0100902475 346.63640853739 361.33420917927 375.75430383812 390.13291700533 401.37113878992 461.11416615499 473.19846290466 486.31704882439 499.53919019853 514.1757215648 576.84618561692 591.63577506482 604.61902031256 617.27120459243 631.16300869431 691.51196399238 703.34417640232 715.00905831578 728.90317254933 743.57996309409","13986601 13986602 13986603 13986604 13986605 13992601 13992602 13992603 13992604 13992605 13998601 13998602 13998603 13998604 13998605 14004601 14004602 14004603 14004604 14004605 14010601 14010602 14010603 14010604 14010605 14016601 14016602 14016603 14016604.1 14016605.1 14022601.1 14022602.1 14022603.1 14022604.1 14022605.1"
General-333-20260803-18:23:03-61703,vector,Florasat_Individual_Sats.terminal[50].dlk.mac,vector_preds_MLP,,,"1.18940256932 12.47987494152 25.25527412235 37.88110189303 49.52028173767 116.49599766009 130.44095382327 144.86198578728 158.56156137888 172.82052667928 231.36176506849 245.6131164215 260.42932864255 273.89524522098 287.54447012185 346.84867707617 360.7386048832 375.0600923046 389.56748549431 400.77243810473 461.12801961019 472.60295710992 484.38849466271 497.94894378749 508.66474894225 576.84159397171 591.49205934513 606.46649372671 616.84873563727 627.75918112626 691.28345641843 704.21810907265 715.83894268912 727.74790172302 740.42716178763","13991001 13991002 13991003 13991004 13991005 13997001 13997002 13997003 13997004 13997005 14003001 14003002 14003003 14003004 14003005.1 14009001.1 14009002.1 14009003.1 14009004.1 14009005.1 14015001.1 14015002.1 14015003.1 14015004.1 14015005.1 14021001 14021002 14021003 14021004 14021005 14027001 14027002 14027003 14027004 14027005"
General-333-20260803-18:23:03-61703,vector,Florasat_Individual_Sats.terminal[54].dlk.mac,vector_preds_MLP,,,"1.22089679516 15.21791167953 28.38914260082 41.40171637922 53.79569242872 116.90185320238 131.54104355979 142.61557382555 153.93263858301 168.81743688276 231.92965007923 246.66499712691 260.27999550873 273.36842117203 285.64495651471 346.24833165458 360.02576536988 374.60217100708 389.4233342635 402.23641402694 461.18222625786 472.63855770207 483.24554898287 495.30291959503 506.6782057539 576.29712039069 590.04740197491 600.85125790141 615.5372871242 625.59494096716 691.7549760181 703.6717701396 718.57186782477 732.90953136003 744.41319545685","13991401 13991402 13991403 13991404 13991405 13997401 13997402 13997403 13997404 13997405 14003401 14003402 14003403 14003404 14003405 14009401 14009402 14009403 14009404 14009405 14015401.1 14015402.1 14015403.1 14015404.1 14015405.1 14021401.1 14021402.1 14021403.1 14021404.1 14021405.1 14027401.1 14027402.1 14027403.1 14027404.1 14027405.1"
General-333-20260803-18:23:03-61703,vector,Florasat_Individual_Sats.terminal[43].dlk.mac,vector_preds_MLP,,,"1.27728918474 12.59011704847 23.95917292125 33.98423341126 45.01170329191 116.16258698469 126.48589469213 138.90499233338 149.28654945525 159.60819615353 231.46807930153 241.47233802197 255.51364077093 269.54617440189 282.56360132783 346.62211294891 359.83327224059 372.11212515389 384.93112072605 395.8146566283 461.64281715127 474.68650159729 485.09692471777 496.98094062111 508.48516821116 576.58037712867 590.79202589532 601.20015086676 613.86998755694 624.04385520215 691.59994222061 705.02361739008 718.10784745799 732.03865823756 743.49060749124","13990301 13990302 13990303 13990304 13990305 13996301 13996302 13996303 13996304 13996305 14002301 14002302 14002303 14002304 14002305 14008301 14008302 14008303 14008304.1 14008305.1 14014301.1 14014302.1 14014303.1 14014304.1 14014305.1 14020301.1 14020302.1 14020303.1 14020304.1 14020305.1 14026301.1 14026302.1 14026303.1 14026304.1 14026305.1"
General-333-20260803-18:23:03-61703,vector,Florasat_Individual_Sats.terminal[33].dlk.mac,vector_preds_MLP,,,"1.28318096395 15.82043659874 28.49461913342 41.72600243241 55.08924761555 116.62548635178 128.62083832756 140.09689637133 150.69750792253 162.64633043692 231.11159928772 243.09149026918 254.33973992756 265.34783782834 277.74440009543 346.53040219983 358.7699233375 372.26833238802 383.24163270602 395.59703832096 461.64578519622 472.90768931015 486.24349922385 500.50141864085 513.93442104316 576.10447564372 589.75435544015 601.30603819247 613.49274730868 624.7533088047 691.17354017613 703.13582490711 715.76497025369 725.86307008448 739.12772260886","13989301 13989302 13989303 13989304 13989305 13995301 13995302 13995303 13995304 13995305 14001301 14001302 14001303 14001304 14001305 14007301 14007302 14007303 14007304 14007305 14013301 14013302 14013303 14013304 14013305 14019301 14019302 14019303 14019304 14019305 14025301 14025302 14025303 14025304 14025305"
General-333-20260803-18:23:03-61703,vector,Florasat_Individual_Sats.terminal[38].dlk.mac,vector_preds_MLP,,,"1.29237833014 15.51212051464 30.36482322891 40.4939714137 54.00395989697 116.15183824464 126.1609763701 138.13955267449 152.04764209129 166.64537685714 231.38964698301 241.79103599396 253.64402648528 266.38528237702 277.04859830556 346.4133057273 356.64751124173 367.23238517833 378.1424746972 390.7274595364 461.18552937615 474.89095647447 485.66096695583 496.74705250282 510.95099545992 576.45505051292 589.10973164649 603.69198575779 616.87538983463 629.49019739218 691.54236279475 705.5027899663 715.95367318415 728.38370467233 740.23301688651","13989801 13989802 13989803 13989804 13989805 13995801 13995802 13995803 13995804 13995805 14001801 14001802 14001803 14001804 14001805 14007801 14007802 14007803 14007804 14007805 14013801 14013802 14013803 14013804 14013805 14019801 14019802 14019803 14019804 14019805 14025801 14025802 14025803 14025804 14025805"
General-333-20260803-18:23:03-61703,vector,Florasat_Individual_Sats.terminal[30].dlk.mac,vector_preds_MLP,,,"1.29803949245 14.78319944557 28.68826678464 39.43979194363 49.8227083762 116.27373547526 126.81916043279 137.49039877206 148.51673765574 159.19341227156 231.62893840647 241.71265876456 256.323896894 268.16300987103 280.3023619561 346.00095934165 360.33700245596 374.68630759325 386.38972510747 400.51909641759 461.86888084305 471.92419941444 484.35890630959 494.56288682903 507.58168758266 576.99186479952 590.84877185803 604.45558842435 617.68352379837 627.70647876943 691.23488833569 704.54058198631 718.21788698225 729.85428787442 739.98809726001","13989001 13989002 13989003 13989004 13989005 13995001 13995002 13995003 13995004 13995005 14001001 14001002 14001003 14001004 14001005 14007001 14007002 14007003 14007004 14007005 14013001 14013002 14013003 14013004 14013005 14019001 14019002 14019003 14019004 14019005 14025001 14025002 14025003 14025004 14025005"
General-333-20260803-18:23:03-61703,vector,Florasat_Individual_Sats.terminal[52].dlk.mac,vector_preds_MLP,,,"1.30276222341 13.72959274426 23.82961217989 34.60208441573 48.97523695696 116.00042339275 129.70865198155 140.51153088897 154.97997507197 167.9584376337 231.82303317077 245.20359050203 259.43530740053 274.17843388696 286.84702324867 346.49478885415 359.20508932625 371.94919031533 382.96141854791 394.74652259798 461.55704955012 475.00177001139 486.63759503188 496.90444477043 510.64341949207 576.91938570561 588.50104242191 600.59704178339 611.44968385203 623.15380917723 691.7963383121 704.89532404766 718.02001048299 730.93110591127 744.35283622425","13991201 13991202 13991203 13991204 13991205 13997201 13997202 13997203 13997204 13997205 14003201 14003202 14003203 14003204 14003205 14009201.1 14009202.1 14009203.1 14009204.1 14009205.1 14015201.1 14015202.1 14015203.1 14015204.1 14015205.1 14021201.1 14021202.1 14021203.1 14021204.1 14021205.1 14027201.1 14027202.1 14027203.1 14027204.1 14027205.1"
General-333-20260803-18:23:03-61703,vector,Florasat_Individual_Sats.terminal[23].dlk.mac,vector_preds_MLP,,,"1.31597551634 12.81275113114 24.43982734229 37.89086056524 49.84425845207 116.92642139317 130.64259534631 142.67164241568 154.30733300558 167.91563143184 231.29047897505 243.15325139882 255.67175144772 270.02313599898 282.81853997823 346.92511768546 358.86307318695 371.90219564946 382.51752970741 393.2682722027 461.22387129255 474.9739671303 487.11118289526 499.549863667 511.56000210578 576.34509791527 587.94758475642 601.95246447134 612.62174099474 626.21478017093 691.02668179455 701.58924704208 715.10838669166 726.7355851843 740.48244056664","13988301 13988302 13988303 13988304 13988305 13994301 13994302 13994303 13994304 13994305 14000301 14000302 14000303 14000304 14000305 14006301.1 14006302.1 14006303.1 14006304.1 14006305.1 14012301.1 14012302.1 14012303.1 14012304.1 14012305.1 14018301.1 14018302.1 14018303.1 14018304.1 14018305.1 14024301.1 14024302.1 14024303.1 14024304.1 14024305.1"
General-333-20260803-18:23:03-61703,vector,Florasat_Individual_Sats.terminal[48].dlk.mac,vector_preds_MLP,,,"1.31628859811 12.21941000106 25.96513751684 38.33512742561 49.58582997461 116.66123994067 129.47976972698 139.73439492425 154.17455720739 167.24415655854 231.14886917546 243.27715444751 255.33830851805 267.86191700049 282.02812194963 346.90896392753 359.55980960233 373.82935219165 385.31526494492 397.14568222012 461.52388001862 476.15505105769 488.15330680646 499.5924195759 512.54555545817 576.79639385268 586.81806972669 599.88757177558 611.7788921711 625.65613788273 691.86966436915 705.41539337253 719.80970324133 729.83344791689 744.651257121","13990801.1 13990802.1 13990803.1 13990804.1 13990805.1 13996801.1 13996802.1 13996803.1 13996804.1 13996805.1 14002801.1 14002802.1 14002803.1 14002804.1 14002805.1 14008801 14008802 14008803 14008804 14008805 14014801 14014802 14014803 14014804 14014805 14020801 14020802 14020803 14020804 14020805 14026801 14026802 14026803 14026804 14026805"
General-333-20260803-18:23:03-61703,vector,Florasat_Individual_Sats.terminal[15].dlk.mac,vector_preds_MLP,,,"1.32275026292 13.02208066686 27.64979425702 39.95494995383 51.44496408175 116.47250559949 130.46621719678 143.65965245245 154.75299910828 169.75240421202 231.33174437075 241.69118412514 255.72691262327 269.86022624746 283.51633675024 346.80103614833 360.60307426518 374.61807143199 385.71347472281 398.32943919371 461.37026644521 473.74840870592 485.69599936227 497.44387836172 509.79044438433 576.97641206044 591.49960692693 605.58485590923 618.82695699879 632.15773393703 691.83088384336 702.55484359805 712.90377076716 725.10017556838 738.02524637898","13987501 13987502 13987503 13987504 13987505 13993501 13993502 13993503 13993504 13993505 13999501 13999502 13999503 13999504 13999505 14005501 14005502 14005503 14005504 14005505 14011501 14011502 14011503 14011504 14011505 14017501 14017502 14017503 14017504 14017505 14023501 14023502 14023503 14023504 14023505"
General-333-20260803-18:23:03-61703,vector,Florasat_Individual_Sats.terminal[4].dlk.mac,vector_preds_MLP,,,"1.34899153793 15.84073298098 26.02324738004 39.53176513267 53.64271841314 116.80040370068 126.90084492532 139.16395473387 152.61928672995 166.1386807179 231.97655051691 243.73311390612 256.6429433818 266.98692458775 278.73772398546 346.7355757344 358.35936004389 372.90928684617 385.84694627067 399.27809017105 461.80378764239 475.39403282408 489.25649444875 500.75774335605 511.86382653727 576.11012817896 589.05410946067 603.7292291685 617.06673222547 628.07923891535 691.64360494399 702.8578230103 713.63708960404 725.48928032209 735.69378673843","13986401 13986402 13986403 13986404 13986405 13992401 13992402 13992403 13992404 13992405 13998401 13998402 13998403 13998404 13998405 14004401 14004402 14004403 14004404 14004405 14010401 14010402 14010403 14010404 14010405 14016401.1 14016402.1 14016403.1 14016404.1 14016405.1 14022401.1 14022402.1 14022403.1 14022404.1 14022405.1"
General-333-20260803-18:23:03-61703,vector,Florasat_Individual_Sats.terminal[19].dlk.mac,vector_preds_MLP,,,"1.37549638608 16.08213445148 26.49171243282 39.57570342091 53.10812147195 116.87112532463 127.27991857356 140.00671920273 151.92691833735 165.07701272051 231.00871478743 242.00267203339 256.78967040335 267.90296422737 278.10871543316 346.74292204389 361.62116277567 373.4758277582 386.58560012071 398.77307831146 461.83512889547 473.2478762092 483.90739197842 494.14187145884 505.32124795368 576.9399068749 591.48958127014 606.15422601811 618.30806470825 631.80284718866 691.6495181846 705.64042657195 715.90038624173 730.74139585881 745.64954470773","13987901.1 13987902.1 13987903.1 13987904.1 13987905.1 13993901.1 13993902.1 13993903.1 13993904.1 13993905.1 13999901.1 13999902.1 13999903 13999904 13999905 14005901 14005902 14005903 14005904 14005905 14011901 14011902 14011903 14011904 14011905 14017901 14017902 14017903 14017904 14017905 14023901 14023902 14023903 14023904 14023905"
General-333-20260803-18:23:03-61703,vector,Florasat_Individual_Sats.terminal[16].dlk.mac,vector_preds_MLP,,,"1.38655170775 12.3209565701 25.75405409187 38.73963140976 49.25381595712 116.7088775977 128.59838219592 143.46908909967 156.0797033261 169.03665071004 231.39636069722 243.16068794997 255.84941946622 266.63738352084 277.3186529202 346.82003398216 357.66313055437 370.48649048456 384.67211178411 396.5690872157 461.95749603258 472.12895138119 485.781878734 495.9349034836 510.47555311047 576.67431466584 589.16445061052 601.10465165879 614.33680673316 626.99163948721 691.40395972063 704.01035257382 716.2008854968 728.62528242287 743.1379206106","13987601 13987602 13987603 13987604 13987605 13993601 13993602 13993603 13993604 13993605 13999601 13999602 13999603 13999604 13999605 14005601 14005602 14005603 14005604 14005605 14011601 14011602 14011603 14011604 14011605 14017601 14017602 14017603 14017604 14017605 14023601 14023602 14023603 14023604 14023605"
General-333-20260803-18:23:03-61703,vector,Florasat_Individual_Sats.terminal[5].dlk.mac,vector_preds_MLP,,,"1.39824073715 13.31799839693 26.80796214449 38.41870673885 48.57663286919 116.76526334812 127.65435949294 139.65672242548 150.8152019626 161.07256461028 231.98583697854 246.90105213738 258.68542409922 270.88224656252 283.52634124412 346.31613132008 357.48345588729 370.37002464919 381.06133949523 391.7026430536 461.53401509672 471.67970639118 482.50071259844 496.52485142276 508.14756188589 576.40193003905 590.45026752492 603.04998379061 616.93431984843 629.36490771454 691.37106592325 705.75963330362 716.00058560167 726.46356006177 736.81363592647","13986501 13986502 13986503 13986504 13986505 13992501 13992502 13992503 13992504 13992505 13998501 13998502 13998503 13998504 13998505 14004501 14004502 14004503 14004504 14004505 14010501 14010502 14010503 14010504 14010505 14016501 14016502 14016503 14016504 14016505 14022501 14022502 14022503 14022504 14022505"
General-333-20260803-18:23:03-61703,vector,Florasat_Individual_Sats.terminal[47].dlk.mac,vector_preds_MLP,,,"1.41925431881 11.72958507645 21.99178698449 36.19255161006 49.36980552832 116.10685415659 129.20715543185 142.51891680737 156.80106033315 170.61818282795 231.90590273007 242.54231410334 254.17940988671 267.62927137664 281.22085244394 346.07115475461 359.38743854175 369.95640877286 383.45103155473 394.21025710414 461.52294585761 476.02286796598 489.96845967765 501.68407602632 516.4932111376 576.03321223031 587.43207705068 599.1251615712 611.92958416511 623.2042286275 691.33924465626 701.46128129796 715.39758386207 730.38479363197 743.3448789455","13990701.1 13990702.1 13990703.1 13990704.1 13990705.1 13996701.1 13996702.1 13996703.1 13996704.1 13996705.1 14002701.1 14002702 14002703 14002704 14002705 14008701 14008702 14008703 14008704 14008705 14014701 14014702 14014703 14014704 14014705 14020701 14020702 14020703 14020704 14020705 14026701 14026702 14026703 14026704 14026705"
General-333-20260803-18:23:03-61703,vector,Florasat_Individual_Sats.terminal[39].dlk.mac,vector_preds_MLP,,,"1.41929584835 13.99405840133 25.04604674574 35.2977654005 49.32983905241 116.70448451885 127.32240233337 141.90940865664 152.68666689865 165.68976113571 231.58012614027 242.16943238187 256.16508268309 268.61375627597 280.47956309887 346.73156816 357.45915398188 370.45256999973 381.67481605615 393.65360049251 461.71871956508 474.11118030735 488.63199344208 499.99492626475 514.19512247621 576.85352476151 589.02706929436 602.42633716855 614.00528106442 628.567341618 691.92459721328 702.82522885571 716.26775060873 730.97800624999 741.56560799549","13989901 13989902 13989903 13989904 13989905 13995901.1 13995902.1 13995903.1 13995904.1 13995905.1 14001901.1 14001902.1 14001903.1 14001904.1 14001905 14007901 14007902 14007903 14007904 14007905 14013901 14013902 14013903 14013904 14013905 14019901 14019902 14019903 14019904 14019905 14025901 14025902 14025903 14025904 14025905"
General-333-20260803-18:23:03-61703,vector,Florasat_Individual_Sats.terminal[41].dlk.mac,vector_preds_MLP,,,"1.42057855544 15.01774182357 25.07627505739 37.44554067077 50.28325068927 116.97404013085 130.90934663266 143.01489349292 154.49633053574 164.76763169701 231.08486517426 245.76105191349 260.58993993769 271.23865336971 283.97840023716 346.09466770384 356.91580049297 371.48331981571 384.34859936195 397.41733751446 461.44643063331 474.92911634175 488.26867472171 498.48790283222 511.66242181929 576.50797476596 591.26596073224 602.78588786209 613.81064280472 626.51225913968 691.58724447968 702.68106042314 712.86557117733 723.23246852634 733.94514156528","13990101 13990102 13990103 13990104 13990105 13996101 13996102 13996103 13996104 13996105 14002101 14002102 14002103 14002104 14002105 14008101 14008102 14008103 14008104 14008105 14014101 14014102 14014103 14014104 14014105 14020101 14020102 14020103 14020104 14020105 14026101 14026102 14026103 14026104 14026105"
General-333-20260803-18:23:03-61703,vector,Florasat_Individual_Sats.terminal[31].dlk.mac,vector_preds_MLP,,,"1.45400345861 12.93817172595 24.03896507411 36.99786161026 48.98687617108 116.00557260285 127.45241610054 139.26324779238 150.73483728059 161.05113424082 231.60364450677 245.35975637636 255.5296939509 268.84518313944 283.38583194209 346.96465329314 358.49778037682 372.44560280164 386.36731214287 400.6087522132 461.28846897697 471.56844686903 485.50199748669 496.85625914205 508.45980223804 576.26381948241 588.56301936205 600.67256384064 614.92841352011 626.94622953656 691.86121252901 706.61050819629 717.80036285357 731.55400026194 744.25009958167","13989101 13989102 13989103 13989104 13989105 13995101 13995102 13995103 13995104 13995105 14001101 14001102 14001103 14001104 14001105 14007101 14007102 14007103 14007104 14007105 14013101 14013102 14013103 14013104 14013105 14019101 14019102 14019103 14019104 14019105 14025101 14025102 14025103 14025104 14025105"
General-333-20260803-18:23:03-61703,vector,Florasat_Individual_Sats.terminal[20].dlk.mac,vector_preds_MLP,,,"1.47183333826 13.352534923 26.05668725515 40.44994522072 53.0903043535 116.88855541893 131.73822300764 141.90910922735 152.47531456313 164.0674322287 231.18145705434 245.73845822947 258.45591488062 270.60969484505 285.25053134654 346.32577709528 357.18925056537 372.0808147362 383.99653847702 397.57207548036 461.79813954607 473.42992217956 486.05080273329 496.32215881698 509.83236093401 576.31883822498 587.78828880866 599.43098729593 613.52680975688 625.44862343115 691.28829679289 703.08330767392 715.66223603044 726.22518657776 736.688221802","13988001.1 13988002.1 13988003.1 13988004.1 13988005.1 13994001.1 13994002.1 13994003.1 13994004.1 13994005.1 14000001.1 14000002.1 14000003.1 14000004.1 14000005.1 14006001.1 14006002 14006003 14006004 14006005 14012001 14012002 14012003 14012004 14012005 14018001 14018002 14018003 14018004 14018005 14024001 14024002 14024003 14024004 14024005"
General-333-20260803-18:23:03-61703,vector,Florasat_Individual_Sats.terminal[13].dlk.mac,vector_preds_MLP,,,"1.47242762893 11.72706504282 25.89096555882 37.74919312727 50.61036141054 116.96903162054 128.6465552717 142.02983582625 156.19788952172 169.44799223216 231.17538543767 245.59363571927 258.81730059977 269.85727280844 282.95973536791 346.19675767864 358.84764006734 369.05490689469 379.4285572276 393.86955244723 461.18322269805 471.87242644886 482.26278274134 496.25963769201 508.06111929752 576.73683490837 591.35657001403 605.53015134763 617.86628985195 628.68706053472 691.94444087148 706.03236934799 719.51106414362 731.50004794053 743.56482266844","13987301 13987302 13987303 13987304 13987305 13993301 13993302 13993303 13993304 13993305 13999301 13999302 13999303 13999304 13999305 14005301 14005302.1 14005303.1 14005304.1 14005305.1 14011301.1 14011302.1 14011303.1 14011304.1 14011305.1 14017301.1 14017302.1 14017303.1 14017304.1 14017305.1 14023301.1 14023302.1 14023303.1 14023304.1 14023305.1"
General-333-20260803-18:23:03-61703,vector,Florasat_Individual_Sats.terminal[57].dlk.mac,vector_preds_MLP,,,"1.47317750775 14.72117044776 28.1179059965 38.95163162192 49.09272074862 116.43827764108 131.36898006452 143.2029986768 153.38010222092 163.92742396355 231.15101925517 242.46009777952 254.2542894471 264.67917977902 279.20195495663 346.22954098182 357.07878403738 368.82896159682 379.95673248451 393.85408260417 461.64235248999 475.21799796098 486.77012549318 501.31334719202 512.90435390035 576.36639312399 590.36702607898 603.92718369514 614.92998498515 627.67634467245 691.00456319354 702.29705144605 716.25214451528 727.82806947199 739.02254915051","13991701 13991702 13991703 13991704 13991705 13997701 13997702 13997703 13997704 13997705 14003701 14003702 14003703 14003704 14003705 14009701 14009702 14009703 14009704 14009705 14015701 14015702 14015703 14015704 14015705 14021701 14021702 14021703 14021704 14021705 14027701 14027702 14027703 14027704 14027705"
General-333-20260803-18:23:03-61703,vector,Florasat_Individual_Sats.terminal[9].dlk.mac,vector_preds_MLP,,,"1.49394008354 11.7633767568 26.04510534345 36.93471873202 48.13995772646 116.43541450868 129.47308443393 139.75697043142 154.30842403695 168.92256764136 231.06677439949 244.27453085618 257.87946383307 268.45990437852 280.60578803137 346.7782378213 361.56832783064 373.19557091617 388.05273193796 400.72216724558 461.31928703957 475.13945432938 489.05154457059 503.23455342766 514.22778400685 576.53210234083 587.08040502225 598.39297184674 610.24532430293 622.20147353434 691.78250650223 702.14254427049 716.94921813602 729.91648717364 743.78231647587","13986901 13986902 13986903 13986904 13986905 13992901 13992902 13992903 13992904 13992905 13998901 13998902 13998903 13998904 13998905 14004901 14004902.1 14004903.1 14004904.1 14004905.1 14010901 14010902 14010903 14010904 14010905 14016901 14016902 14016903 14016904 14016905 14022901 14022902 14022903 14022904 14022905"
General-333-20260803-18:23:03-61703,vector,Florasat_Individual_Sats.terminal[42].dlk.mac,vector_preds_MLP,,,"1.50506445579 15.34695009491 28.4480004434 40.59700515144 53.81327745644 116.15216400521 130.75611475785 144.43733258568 154.89362588431 168.13299871678 231.92291929061 244.57610011124 257.76179642323 272.40683847013 286.22165977512 346.03395377146 356.75802768767 370.68684718199 383.99827261665 396.16244858224 461.28723300993 474.94988605147 486.63032163051 500.16778764548 514.42993602366 576.22164889029 586.64052217174 599.18619779311 611.14103857451 623.1796341415 691.30343461083 705.93108646711 716.34136393573 727.1160591559 738.36330443411","13990201 13990202 13990203 13990204 13990205 13996201 13996202 13996203 13996204 13996205 14002201 14002202 14002203 14002204 14002205 14008201 14008202 14008203 14008204 14008205 14014201.1 14014202.1 14014203.1 14014204.1 14014205.1 14020201.1 14020202.1 14020203.1 14020204.1 14020205.1 14026201.1 14026202.1 14026203.1 14026204.1 14026205.1"
General-333-20260803-18:23:03-61703,vector,Florasat_Individual_Sats.terminal[49].dlk.mac,vector_preds_MLP,,,"1.50639361981 14.91539442027 29.42263372289 40.50748788682 53.96343164309 116.2209038178 126.75258511072 141.36470612348 154.7551269012 165.97283824207 231.62837671465 244.00083632208 256.85336690861 271.14318851497 286.10294393496 346.42224758235 359.08585283742 371.39529299643 384.86519994168 396.85902182898 461.05783147342 473.13200885267 488.04086773377 499.96123113157 514.83344222023 576.00061689061 590.48060146999 605.21947839321 619.14313179232 631.02090562601 691.82189795841 705.22543924 718.61467776309 728.72840405629 741.57791607851","13990901.1 13990902.1 13990903.1 13990904.1 13990905.1 13996901.1 13996902.1 13996903.1 13996904.1 13996905.1 14002901.1 14002902.1 14002903.1 14002904.1 14002905.1 14008901 14008902 14008903 14008904 14008905 14014901 14014902 14014903 14014904 14014905 14020901 14020902 14020903 14020904 14020905 14026901 14026902 14026903 14026904 14026905"
General-333-20260803-18:23:03-61703,vector,Florasat_Individual_Sats.terminal[8].dlk.mac,vector_preds_MLP,,,"1.51217766944 13.37894759862 25.20791717362 37.79974635946 48.21291115623 116.49014776293 130.88146943319 144.98266484425 155.24432875868 167.44080818677 231.23140342068 243.97281645215 255.92541294522 268.81132171606 280.46543782112 346.55258890823 358.05314136319 370.25857752305 383.19257504772 393.71286217705 461.48755600606 473.7446216871 484.241011851 498.54917995445 509.85729862866 576.12776353979 589.58808848542 603.61548317504 613.63873040211 625.72377670929 691.72063263506 704.28981766012 715.17182664387 729.8831526693 740.35755730956","13986801 13986802 13986803 13986804 13986805 13992801 13992802 13992803 13992804 13992805 13998801 13998802 13998803 13998804 13998805 14004801 14004802 14004803 14004804 14004805 14010801 14010802 14010803 14010804 14010805 14016801 14016802 14016803 14016804 14016805 14022801 14022802 14022803 14022804 14022805"
General-333-20260803-18:23:03-61703,vector,Florasat_Individual_Sats.terminal[58].dlk.mac,vector_preds_MLP,,,"1.51471587084 13.93571029487 27.7062403406 38.10003916803 49.16855227505 116.50030958373 126.57222737814 137.02151569677 149.68020280729 163.45082264067 231.08363308827 244.41608510678 255.73760994011 270.65602310234 282.88222640636 346.29422685993 358.78479578346 372.9769923531 386.83387477114 399.65319676604 461.40716331266 473.54518000106 484.74317371682 498.12238274328 511.50260683684 576.02779479185 590.57429879857 604.16768656764 614.7620730598 628.07775825099 691.84472431382 706.58663460938 718.83129548584 730.53855442861 743.35415280727","13991801 13991802 13991803 13991804 13991805 13997801 13997802 13997803 13997804 13997805 14003801 14003802 14003803 14003804 14003805 14009801 14009802 14009803 14009804 14009805 14015801 14015802 14015803 14015804 14015805 14021801 14021802 14021803 14021804 14021805 14027801 14027802 14027803 14027804 14027805"
General-333-20260803-18:23:03-61703,vector,Florasat_Individual_Sats.terminal[2].dlk.mac,vector_preds_MLP,,,"1.52477214742 14.38996765926 28.07634655782 42.20007373416 53.06330725248 116.66302381339 127.53381936368 139.65570088848 152.82778459275 165.09043885069 231.13907038583 243.14327694242 253.97455783909 266.34155585895 278.30788084421 346.95590012311 359.18536612485 371.26833220665 381.74950688333 393.52325844067 461.92883570073 472.52432074374 485.56256288639 498.46245991974 508.81135909445 576.69406744419 589.62669181871 600.69162563538 612.28745471105 625.23219620111 691.5896182491 702.05044775456 715.83291540458 730.47657427099 742.32622421533","13986201 13986202 13986203 13986204 13986205 13992201 13992202 13992203 13992204 13992205 13998201 13998202 13998203 13998204 13998205 14004201 14004202 14004203 14004204 14004205 14010201 14010202 14010203 14010204 14010205 14016201 14016202 14016203 14016204 14016205 14022201 14022202 14022203 14022204 14022205"
General-333-20260803-18:23:03-61703,vector,Florasat_Individual_Sats.terminal[18].dlk.mac,vector_preds_MLP,,,"1.5248580121 12.99203364365 26.14608854824 37.2401057994 50.82958498458 116.40210670442 127.50988575536 139.26688156928 149.84883145568 164.17063547437 231.58828117396 245.15052096895 259.61859505368 273.89378356143 286.627522595 346.22979361331 357.70059215021 370.41206541005 382.99781555193 397.70796824013 461.7640856558 475.14628834766 488.07651414512 501.232922666 513.23221878939 576.95355058112 588.87099544913 600.95873968838 613.0492116434 623.73622364294 691.01759287063 703.09729246306 714.53848893521 726.31395646371 740.28550738818","13987801.1 13987802.1 13987803.1 13987804.1 13987805.1 13993801.1 13993802.1 13993803.1 13993804.1 13993805.1 13999801.1 13999802.1 13999803 13999804 13999805 14005801 14005802 14005803 14005804 14005805 14011801 14011802 14011803 14011804 14011805 14017801 14017802 14017803 14017804 14017805 14023801 14023802 14023803 14023804 14023805"
General-333-20260803-18:23:03-61703,vector,Florasat_Individual_Sats.terminal[35].dlk.mac,vector_preds_MLP,,,"1.54603428999 11.84254549304 21.93800179032 32.82082203171 45.98494374287 116.02865865012 127.8089434132 141.25935731945 152.48623917136 165.26893716562 231.79199739452 244.9625570313 258.62187504744 271.54886118461 281.73184905642 346.91028124816 360.38983078953 373.1064820434 386.01199374814 396.61867553299 461.93699840293 472.75674521294 483.10656946804 496.55028645135 510.37154741422 576.5431815444 588.75085611013 600.43680570787 611.95318238344 625.69429049035 691.53837714531 704.2860405061 719.1198116222 731.59138118919 742.5907469024","13989501 13989502 13989503 13989504 13989505 13995501 13995502 13995503 13995504 13995505 14001501 14001502 14001503 14001504 14001505 14007501 14007502 14007503 14007504 14007505 14013501 14013502 14013503 14013504 14013505 14019501 14019502 14019503 14019504 14019505 14025501 14025502 14025503 14025504 14025505"
General-333-20260803-18:23:03-61703,vector,Florasat_Individual_Sats.terminal[12].dlk.mac,vector_preds_MLP,,,"1.56633875077 13.4858978584 26.39237427596 39.42854554719 53.93081130787 116.7289360303 129.94151659473 143.28160612541 157.59676041128 167.79477997031 231.62340480136 244.08943150658 256.76341271959 270.26596620562 283.95846984465 346.87149240705 357.76791784516 372.66261265566 387.35341435833 400.93713156948 461.01262729056 472.17684622994 486.29522088357 496.866835739 507.2560185662 576.87829405419 587.70056360751 600.0342408591 613.10622733902 625.9426278167 691.88613232342 702.02579253703 713.37283309317 726.56313466375 736.6597018845","13987201 13987202 13987203 13987204 13987205 13993201 13993202 13993203 13993204 13993205 13999201 13999202 13999203 13999204 13999205 14005201 14005202 14005203 14005204 14005205 14011201.1 14011202.1 14011203.1 14011204.1 14011205.1 14017201.1 14017202.1 14017203.1 14017204.1 14017205.1 14023201.1 14023202.1 14023203.1 14023204.1 14023205.1"
General-333-20260803-18:23:03-61703,vector,Florasat_Individual_Sats.terminal[3].dlk.mac,vector_preds_MLP,,,"1.60107931239 14.91908603465 29.16654364556 40.63602289884 52.74276181125 116.76390793733 128.77762092487 140.62622634787 151.44494094164 166.14290394913 231.72846227908 244.62322594738 255.83282357338 266.13235070626 277.26673914841 346.78076460841 358.55519751552 371.81954548694 383.72596628265 395.45479036169 461.02556968131 472.95824937895 487.82428199914 500.58831418422 512.75404263311 576.1038070824 590.4590210435 604.27386055002 614.89509694744 629.74210891291 691.87149844784 704.07882446726 716.37488849764 727.07851275173 741.48505851114","13986301 13986302 13986303 13986304 13986305 13992301 13992302 13992303 13992304 13992305 13998301 13998302 13998303 13998304 13998305 14004301 14004302 14004303 14004304 14004305 14010301 14010302 14010303 14010304 14010305 14016301.1 14016302.1 14016303.1 14016304.1 14016305.1 14022301.1 14022302.1 14022303.1 14022304 14022305"
General-333-20260803-18:23:03-61703,vector,Florasat_Individual_Sats.terminal[7].dlk.mac,vector_preds_MLP,,,"1.61689101509 13.52642875305 28.44909366826 41.94106382342 56.66399067292 116.79158390407 130.012956511 142.65966618341 157.13266537898 170.89855308203 231.92460360914 244.53835248226 254.85249395576 269.68627256901 282.97147731158 346.05282998132 357.20125477482 367.47105375352 382.15345863556 393.00658994541 461.06608674489 471.42394736386 486.31263367576 500.7899115698 515.40914765769 576.44407463958 588.75488532125 598.94222992705 609.32484704419 622.75843621232 691.38479263824 705.82222797395 719.12981030717 730.10350051522 740.41317099542","13986701 13986702 13986703 13986704 13986705 13992701 13992702 13992703 13992704 13992705 13998701 13998702 13998703 13998704 13998705 14004701 14004702 14004703 14004704 14004705 14010701 14010702 14010703 14010704 14010705 14016701 14016702 14016703 14016704 14016705 14022701 14022702 14022703 14022704 14022705"
General-333-20260803-18:23:03-61703,vector,Florasat_Individual_Sats.terminal[28].dlk.mac,vector_preds_MLP,,,"1.62248939835 14.80566591234 27.06596868672 41.08351874375 55.6499497369 116.57771889982 127.47924955026 138.03805810562 152.34734211745 162.62915225978 231.97479747562 243.36179037672 256.36114895437 266.97670397791 278.24416469526 346.50767975044 360.43355110124 373.64798254822 384.00737293087 395.99414540361 461.57658109395 471.96102242288 485.28734812815 495.65184991643 508.98116583656 576.81092092022 589.20152166229 599.97802158887 611.79985317005 623.04290488199 691.81703921035 704.63443706487 718.97726689907 729.09439217741 742.02506222156","13988801 13988802 13988803 13988804 13988805 13994801 13994802 13994803 13994804 13994805 14000801 14000802 14000803 14000804 14000805 14006801 14006802 14006803 14006804 14006805 14012801 14012802 14012803 14012804 14012805 14018801 14018802 14018803 14018804 14018805 14024801 14024802 14024803 14024804 14024805"
General-333-20260803-18:23:03-61703,vector,Florasat_Individual_Sats.terminal[55].dlk.mac,vector_preds_MLP,,,"1.62947253324 12.6053311117 26.79484313354 41.68128494755 52.72040775278 116.05524555361 126.39232272096 138.33559154696 149.97856317251 163.30865651998 231.97191044083 244.49328801222 256.18853068421 266.60989931179 279.7527099445 346.56667318451 361.06685817265 371.92581581208 385.22241014429 395.78841645527 461.76638509473 474.64096768969 485.67933838326 496.63608262991 507.53741592961 576.02651484986 590.16000803653 600.39018336311 613.26344480366 626.16469890206 691.90121415514 706.11138079642 721.10046883207 731.38694284461 745.44583447604","13991501 13991502 13991503 13991504 13991505 13997501 13997502 13997503 13997504 13997505 14003501 14003502 14003503 14003504 14003505 14009501 14009502 14009503 14009504.1 14009505.1 14015501.1 14015502.1 14015503.1 14015504.1 14015505.1 14021501.1 14021502.1 14021503.1 14021504.1 14021505.1 14027501.1 14027502.1 14027503.1 14027504.1 14027505.1"
General-333-20260803-18:23:03-61703,vector,Florasat_Individual_Sats.terminal[46].dlk.mac,vector_preds_MLP,,,"1.63052902278 13.58697831352 24.65399194696 39.5050501132 51.29604525469 116.86663792212 127.9456996601 138.78879067115 151.4192642339 161.75448945234 231.561101028 244.41393042007 254.44820903265 269.34423953435 284.1044606038 346.80167344958 358.26471683314 369.57387144073 384.13772833861 397.75272064471 461.99579566205 476.38676917134 488.06840560818 498.13285166351 511.18954624585 576.44956706651 589.69001220866 599.75269785245 613.76334241918 625.90615300439 691.07322712359 705.09637135826 715.2820249442 729.63024731073 744.08001138991","13990601.1 13990602.1 13990603.1 13990604.1 13990605.1 13996601.1 13996602.1 13996603.1 13996604.1 13996605.1 14002601.1 14002602.1 14002603.1 14002604.1 14002605.1 14008601.1 14008602.1 14008603.1 14008604.1 14008605 14014601 14014602 14014603 14014604 14014605 14020601 14020602 14020603 14020604 14020605 14026601 14026602 14026603 14026604 14026605"
General-333-20260803-18:23:03-61703,vector,Florasat_Individual_Sats.terminal[59].dlk.mac,vector_preds_MLP,,,"1.63996649859 14.82813866995 27.25981528242 42.09907705267 54.45785576664 116.90137239546 128.9101798439 141.00960564009 152.5793591505 165.80560878176 231.71846877364 243.05080634937 253.48973358212 266.81840812018 278.29652496077 346.97928578709 359.0915572457 369.09863580251 380.75522603583 391.89044990227 461.43969321041 476.19722159695 486.77424058783 501.47847433574 515.27681787032 576.70264657936 589.26817496889 603.81905522081 615.70637877798 627.54815782886 691.45717612305 703.04858553526 713.63282301184 727.90853180061 741.17148588598","13991901 13991902 13991903 13991904 13991905 13997901 13997902 13997903 13997904 13997905 14003901 14003902 14003903 14003904 14003905 14009901 14009902 14009903 14009904 14009905 14015901.1 14015902.1 14015903.1 14015904.1 14015905.1 14021901.1 14021902.1 14021903.1 14021904.1 14021905.1 14027901.1 14027902.1 14027903.1 14027904.1 14027905.1"
General-333-20260803-18:23:03-61703,vector,Florasat_Individual_Sats.terminal[53].dlk.mac,vector_preds_MLP,,,"1.64639642579 13.71702384321 24.69808475581 36.37005105616 48.44889911475 116.3744221658 127.6085694246 138.63716389588 151.24621106964 163.53243165254 231.238530203 245.3657962433 260.3011284843 273.26247447216 287.05478061851 346.40467995289 358.38545096549 373.21041028923 383.96585029992 396.31707326136 461.34337773919 472.89370021573 487.69839744456 500.20551501214 514.7527380418 576.69468675018 590.41097955405 603.78127544396 617.63824004423 630.95850878255 691.69927631179 702.56506530591 716.85376511095 731.77077871771 745.44497010787","13991301 13991302 13991303 13991304 13991305 13997301 13997302 13997303 13997304 13997305 14003301 14003302 14003303 14003304 14003305 14009301 14009302.1 14009303.1 14009304.1 14009305.1 14015301.1 14015302.1 14015303.1 14015304.1 14015305.1 14021301.1 14021302.1 14021303.1 14021304.1 14021305.1 14027301.1 14027302.1 14027303.1 14027304.1 14027305.1"
General-333-20260803-18:23:03-61703,vector,Florasat_Individual_Sats.terminal[40].dlk.mac,vector_preds_MLP,,,"1.65264142677 12.18074000673 22.26386071182 34.77439069421 47.61316312709 116.01897459943 130.68876152742 144.14412589977 154.5621992834 165.35196060665 231.43029067083 241.70162058435 255.84828763036 267.41213773028 278.03461152827 346.60290388064 356.72258220287 367.02674445254 378.6359791914 391.90817463817 461.14338230994 475.4859980587 488.79386519618 503.21213747096 517.16248945636 576.74117830303 587.58541656146 598.221656824 609.31828557584 620.06313200179 691.53382287547 704.56132436008 717.77410673513 731.43056345126 745.39688012866","13990001 13990002 13990003 13990004 13990005 13996001 13996002 13996003 13996004 13996005 14002001 14002002 14002003 14002004 14002005 14008001 14008002.1 14008003.1 14008004.1 14008005.1 14014001.1 14014002.1 14014003.1 14014004.1 14014005.1 14020001.1 14020002.1 14020003.1 14020004.1 14020005.1 14026001.1 14026002.1 14026003.1 14026004.1 14026005"
General-333-20260803-18:23:03-61703,vector,Florasat_Individual_Sats.terminal[24].dlk.mac,vector_preds_MLP,,,"1.66551414761 12.5819115201 22.6058149396 35.3200911812 45.59801747906 116.31684302562 127.9075873734 141.71629829775 153.28999189288 167.21052855231 231.14091084059 246.13163953949 260.18103308346 272.69777339836 284.10719255171 346.96299393405 357.95153515623 371.06563997199 381.5988684874 393.91478871903 461.88403129345 474.74039920606 488.20731008426 502.66527286382 513.80871759379 576.61620697519 588.33186051389 602.13349420507 614.55893041496 629.31464249897 691.07591567095 704.72035174374 718.79174624802 733.46247308305 747.02483067871","13988401 13988402 13988403 13988404 13988405 13994401 13994402 13994403 13994404 13994405 14000401 14000402 14000403 14000404 14000405 14006401 14006402.1 14006403.1 14006404.1 14006405.1 14012401.1 14012402.1 14012403.1 14012404.1 14012405.1 14018401.1 14018402.1 14018403.1 14018404.1 14018405.1 14024401.1 14024402.1 14024403.1 14024404.1 14024405.1"
General-333-20260803-18:23:03-61703,vector,Florasat_Individual_Sats.terminal[27].dlk.mac,vector_preds_MLP,,,"1.67507555033 13.32282220642 24.46544416179 35.73844881193 49.4297136406 116.6258813059 130.13712501876 144.65069299472 158.64652773157 171.93110259973 231.61433379469 243.25684595691 258.05224688911 272.3583366694 285.89501445718 346.95440530591 361.9438044359 375.15303840209 386.12762261578 396.16903277626 461.73569413112 472.81263494608 484.12116805185 495.25856632716 507.49653170793 576.3163603656 586.49410674814 596.59636827651 610.39081960683 624.3991743226 691.94375403738 706.67297258787 718.06794860098 731.95584518882 743.75819088938","13988701 13988702 13988703 13988704 13988705 13994701 13994702 13994703 13994704 13994705 14000701 14000702 14000703 14000704 14000705 14006701 14006702 14006703 14006704 14006705 14012701 14012702 14012703 14012704 14012705 14018701 14018702 14018703 14018704 14018705 14024701 14024702 14024703 14024704 14024705"
General-333-20260803-18:23:03-61703,vector,Florasat_Individual_Sats.terminal[1].dlk.mac,vector_preds_MLP,,,"1.70676686685 15.12495768723 29.62443067926 40.26697457187 54.58252886428 116.7240965825 128.64631100837 141.54955722904 153.76790299127 166.07467630692 231.47238063673 242.00207705074 255.29996709479 268.61553728511 280.56861253269 346.97476848587 360.48397522047 374.32521850779 388.91032792139 400.15526857786 461.17827777076 472.65607946227 483.57853981457 497.17475938401 508.9285170685 576.65641397168 588.69268220314 602.77928342158 613.71544307028 625.45053728437 691.10674191476 701.68681396148 712.40143845067 724.72144967853 735.02627258282","13986101 13986102 13986103 13986104 13986105 13992101 13992102 13992103 13992104 13992105 13998101 13998102 13998103 13998104 13998105 14004101 14004102 14004103 14004104 14004105 14010101 14010102 14010103 14010104 14010105 14016101 14016102 14016103 14016104 14016105 14022101 14022102 14022103 14022104 14022105"
General-333-20260803-18:23:03-61703,vector,Florasat_Individual_Sats.terminal[29].dlk.mac,vector_preds_MLP,,,"1.70789270569 15.7112370783 28.77871698956 40.99811933259 51.64454789389 116.16427063802 127.97185623413 138.23911531223 150.14472187357 163.92227946874 231.55341146258 246.47555934126 257.40186403366 268.13036112674 282.04536256241 346.02834797464 356.85388523619 371.03693798184 384.26608998561 398.42875085538 461.35127803194 471.86180997756 483.33211527671 497.92843179893 508.11235704924 576.29762974218 589.95243309764 600.87158646434 614.00362497195 624.17989044799 691.17862790846 705.5474155643 716.93380274949 730.44785615429 741.98897741176","13988901 13988902 13988903 13988904 13988905 13994901 13994902 13994903 13994904 13994905 14000901 14000902 14000903 14000904 14000905 14006901 14006902 14006903 14006904 14006905 14012901.1 14012902.1 14012903.1 14012904.1 14012905.1 14018901.1 14018902.1 14018903.1 14018904.1 14018905.1 14024901.1 14024902.1 14024903.1 14024904.1 14024905.1"
General-333-20260803-18:23:03-61703,vector,Florasat_Individual_Sats.terminal[36].dlk.mac,vector_preds_MLP,,,"1.71881970158 15.29710438824 27.653084344 37.84472514666 49.99176545441 116.9607841149 130.20925688511 145.14422451449 158.72689603782 172.39555727295 231.09463787475 245.21900911304 257.62993556402 269.6095828754 280.57818190033 346.65419426071 359.55195480864 371.79598660231 383.93455365463 398.62894615996 461.93989522266 472.63338962081 486.6365862845 497.94545607618 510.73613379593 576.55974885891 587.08698643115 600.20768775814 612.55734465061 623.34564401162 691.7873317264 703.43733820063 717.39671304286 728.48454991751 741.95205373852","13989601 13989602 13989603 13989604 13989605 13995601 13995602 13995603 13995604 13995605 14001601 14001602 14001603 14001604 14001605 14007601 14007602 14007603 14007604 14007605 14013601 14013602 14013603 14013604 14013605 14019601 14019602 14019603 14019604 14019605 14025601 14025602 14025603 14025604 14025605"
General-333-20260803-18:23:03-61703,vector,Florasat_Individual_Sats.terminal[26].dlk.mac,vector_preds_MLP,,,"1.73012953624 16.383971798 30.22370946617 45.08147589769 56.98914361791 116.29987640213 129.07436112547 143.76733788778 156.0665215787 169.18036003271 231.279458025 243.03431774466 256.2332189104 268.98803542461 283.70727534499 346.40229720622 357.59664196637 370.27768496889 380.48919834778 393.85784435784 461.11666397657 474.66039670398 485.12478623073 500.11313024093 511.86258594156 576.55513240467 591.53506871406 604.79685982782 618.21493817237 629.74007633258 691.58682595636 704.37442365964 718.7681440129 728.94419913227 743.53402126162","13988601 13988602 13988603 13988604 13988605 13994601 13994602 13994603 13994604 13994605 14000601 14000602 14000603 14000604 14000605 14006601 14006602 14006603 14006604 14006605 14012601 14012602 14012603 14012604 14012605 14018601.1 14018602.1 14018603.1 14018604.1 14018605.1 14024601.1 14024602 14024603 14024604 14024605"
General-333-20260803-18:23:03-61703,vector,Florasat_Individual_Sats.terminal[25].dlk.mac,vector_preds_MLP,,,"1.77979896893 12.34288431122 23.58592623845 37.57955096313 52.48924668762 116.00021947408 129.72697760328 142.26518660668 153.24352790602 164.64434202412 231.86345704575 242.51511703804 256.25228862138 267.6997938645 277.82063684053 346.65747392084 357.00343801849 371.91889239451 385.89624431891 400.25172105966 461.18167314655 473.59505320177 484.93852424062 495.91092593362 510.35820270399 576.32338354737 590.62268862757 602.13591689384 616.04882103298 627.55921694357 691.7812112954 705.51703382773 717.28329811269 730.25147852861 743.92247739155","13988501 13988502 13988503 13988504 13988505 13994501 13994502 13994503 13994504 13994505 14000501 14000502 14000503 14000504 14000505 14006501 14006502 14006503 14006504.1 14006505.1 14012501.1 14012502.1 14012503.1 14012504.1 14012505.1 14018501.1 14018502.1 14018503.1 14018504.1 14018505.1 14024501.1 14024502.1 14024503.1 14024504.1 14024505.1"
General-333-20260803-18:23:03-61703,vector,Florasat_Individual_Sats.terminal[14].dlk.mac,vector_preds_MLP,,,"1.82856568578 15.50259093615 25.7090538994 39.84885913414 51.17541906867 116.96347407065 129.6294781845 141.13577640033 152.82256909064 163.29545383342 231.50807432435 246.2367122476 258.77924098587 270.79506661115 283.06278527785 346.07547853095 356.70805651764 371.18063980084 383.22150472853 394.19928555445 461.72726430767 474.11467956099 485.91581504512 499.94083446287 511.18538596038 576.07318356866 586.33266473422 596.45703405724 608.65054836497 623.21049959865 691.53119869414 701.95350656985 714.93270932115 728.4921576269 741.08440627577","13987401 13987402 13987403 13987404 13987405 13993401 13993402 13993403 13993404 13993405 13999401 13999402 13999403 13999404 13999405 14005401 14005402 14005403 14005404 14005405 14011401 14011402 14011403 14011404 14011405 14017401 14017402 14017403 14017404 14017405 14023401 14023402 14023403 14023404 14023405"
General-333-20260803-18:23:03-61703,vector,Florasat_Individual_Sats.satellite[0].dlkDSL.mac,VectorTransmitMethod_ReceptionResult,,,"1.85547831881 12.16580907645 14.57308964365 15.70592242027 16.87266245148 22.42801098449 30.21316172289 36.62877561006 38.8211617994 40.36623142091 49.80602952832 51.73226925469 52.41064098458 53.89864947195 54.75395964309 117.66165332463 128.07044657356 128.3819236601 129.09094175536 129.64337943185 131.06082572698 132.52875100764 139.22501467115 140.79724720273 142.95514080737 151.42988745568 151.8554882339 152.71744633735 153.12289089865 155.5456549012 155.75561320739 157.23728433315 162.19071345234 164.8579602287 165.75169147437 165.86754072051 166.12598513571 166.76336624207 168.82521255854 171.05440682795 231.997325028 232.72992517546 242.60565638187 242.79320003339 244.79136432208 244.85015442007 244.85821044751 246.52898622947 246.73157696895 254.88443303265 256.91936451805 256.95857853715 257.64389490861 259.06209220918 259.24644288062 269.04998027597 269.44297300049 271.40022284505 271.66012944811 282.73127074905 283.60917794963 284.5406846038 286.04105934654 286.60786852398 286.89347193496 289.12552612185 357.0964255032 357.69920478708 358.30363820287 359.93875452265 359.99561732625 360.42869606734 361.15183542033 368.60780045254 370.01009544073 370.63596289469 372.73971831533 373.3852910252 376.6411483046 381.0096132276 383.75194654791 385.02315460371 385.72164872605 385.98286060378 388.27703639648 391.14854149431 393.48923063817 394.0588002027 394.35101271903 395.22349770246 395.45060844723 395.53705059798 396.36239339359 397.35926347801 398.06025622556 400.58136385183 401.04224905966 473.32992421573 473.42908570207 473.45348244886 474.38558120177 475.47702959729 476.23036755965 476.87459683179 483.84383874134 484.03607698287 485.88745271777 485.96955066271 486.1688109787 487.87627688357 488.13462144456 488.64353408426 489.7570268291 490.02411219657 490.99422913412 498.71895979893 501.13216080394 502.311669556 503.10149686382 504.3411898964 504.79319347096 507.4687337539 508.32794392961 509.27569621116 512.35053010578 513.10572103066 514.24494159379 515.22046402366 515.89748629875 516.85787387032 517.57237117057 518.74354545636 578.3809673847 587.43105017174 588.27433267649 589.9553342915 590.84720355405 591.7177718933 592.93762601403 599.802712824 599.97672579311 602.92644489384 604.21749944396 604.71008455002 605.98634307825 607.11120734763 610.89934157584 612.89371718111 613.91110898255 614.99515441496 616.33713685645 619.00546617237 621.64418800179 624.83438320215 626.95522690206 627.13107977438 628.34974494357 630.53060433258 631.39473278255 631.95353669431 703.00128930591 714.95388909317 717.28998911095 721.09212014362 721.89099683207 726.27980832209 729.69370054933 733.70005936003 733.89869708305 736.48431473843 738.2407578845 739.15383243411 741.27296856664 742.02279366347 742.77950541176 746.23636247604 747.46105467871","13990701 13990702 13987802 13990902 13987902 13990703 13990903 13990704 13987804 13987904 13990705 13990605 13987805 13987905 13990905 13993901 13993902 13996602 13993802 13996702 13996802 13994002 13996603 13993903 13996703 13993804 13996604 13993904 13995904 13996904 13996804 13996704 13996605 13994005 13993805 13993905 13995905 13996905 13996805 13996705 14002601 14002801 14001902 13999902 14002902 14002602 14002802 14000002 13999802 14002603 14002803 14000103 14002903 14000203 14000003 14001904 14002804 14000004 14000204 14000105 14002805 14002605 14000005 14000205 14002905 14003005 14006202 14006102 14008002 14009102 14009202 14005302 14008502 14008003 14008603 14005303 14009203 14008503 14009003 14005304 14009204 14006104 14008304 14006204 14008504 14009004 14008005 14006305 14006405 14009105 14005305 14009205 14006205 14006105 14009605 14008505 14006505 14015302 14015402 14011302 14012502 14014302 14012102 14015102 14011303 14015403 14014303 14015003 14014503 14011203 14015303 14012403 14015603 14015103 14012103 14012904 14012204 14015604 14012404 14012104 14014004 14015405 14015505 14014305 14012305 14015605 14012405 14014205 14012205 14015905 14012105 14014005 14021601 14020202 14018202 14021102 14021302 14020502 14017302 14020003 14020203 14018503 14021303 14016303 14020503 14017303 14020004 14018204 14021604 14018404 14020504 14018604 14020005 14020305 14021505 14021605 14018505 14018605 14021305 14016605 14027302 14023203 14027303 14023303 14027503 14022404 14022604 14027404 14024404 14022405 14023205 14026205 14024305 14027605 14024905 14027505 14024405"
General-333-20260803-18:23:03-61703,vector,Florasat_Individual_Sats.satellite[0].dlkDSL.mac,Satellite Position when Repetition Received,,,"1.85547831881 12.16580907645 14.57308964365 15.70592242027 16.87266245148 22.42801098449 30.21316172289 36.62877561006 38.8211617994 40.36623142091 49.80602952832 51.73226925469 52.41064098458 53.89864947195 54.75395964309 117.66165332463 128.07044657356 128.3819236601 129.09094175536 129.64337943185 131.06082572698 132.52875100764 139.22501467115 140.79724720273 142.95514080737 151.42988745568 151.8554882339 152.71744633735 153.12289089865 155.5456549012 155.75561320739 157.23728433315 162.19071345234 164.8579602287 165.75169147437 165.86754072051 166.12598513571 166.76336624207 168.82521255854 171.05440682795 231.997325028 232.72992517546 242.60565638187 242.79320003339 244.79136432208 244.85015442007 244.85821044751 246.52898622947 246.73157696895 254.88443303265 256.91936451805 256.95857853715 257.64389490861 259.06209220918 259.24644288062 269.04998027597 269.44297300049 271.40022284505 271.66012944811 282.73127074905 283.60917794963 284.5406846038 286.04105934654 286.60786852398 286.89347193496 289.12552612185 357.0964255032 357.69920478708 358.30363820287 359.93875452265 359.99561732625 360.42869606734 361.15183542033 368.60780045254 370.01009544073 370.63596289469 372.73971831533 373.3852910252 376.6411483046 381.0096132276 383.75194654791 385.02315460371 385.72164872605 385.98286060378 388.27703639648 391.14854149431 393.48923063817 394.0588002027 394.35101271903 395.22349770246 395.45060844723 395.53705059798 396.36239339359 397.35926347801 398.06025622556 400.58136385183 401.04224905966 473.32992421573 473.42908570207 473.45348244886 474.38558120177 475.47702959729 476.23036755965 476.87459683179 483.84383874134 484.03607698287 485.88745271777 485.96955066271 486.1688109787 487.87627688357 488.13462144456 488.64353408426 489.7570268291 490.02411219657 490.99422913412 498.71895979893 501.13216080394 502.311669556 503.10149686382 504.3411898964 504.79319347096 507.4687337539 508.32794392961 509.27569621116 512.35053010578 513.10572103066 514.24494159379 515.22046402366 515.89748629875 516.85787387032 517.57237117057 518.74354545636 578.3809673847 587.43105017174 588.27433267649 589.9553342915 590.84720355405 591.7177718933 592.93762601403 599.802712824 599.97672579311 602.92644489384 604.21749944396 604.71008455002 605.98634307825 607.11120734763 610.89934157584 612.89371718111 613.91110898255 614.99515441496 616.33713685645 619.00546617237 621.64418800179 624.83438320215 626.95522690206 627.13107977438 628.34974494357 630.53060433258 631.39473278255 631.95353669431 703.00128930591 714.95388909317 717.28998911095 721.09212014362 721.89099683207 726.27980832209 729.69370054933 733.70005936003 733.89869708305 736.48431473843 738.2407578845 739.15383243411 741.27296856664 742.02279366347 742.77950541176 746.23636247604 747.46105467871","180 180 180 180 180 180 180 180 180 180 180 180 180 180 180 180 180 180 180 180 180 180 180 180 180 180 180 180 180 180 180 180 180 180 180 180 180 180 180 180 180 180 180 180 180 180 180 180 180 180 180 180 180 180 180 180 180 180 180 180 180 180 180 180 180 180 180 180 180 180 180 180 180 180 180 180 180 180 180 180 180 180 180 180 180 180 180 180 180 180 180 180 180 180 180 180 180 180 180 180 180 180 180 180 180 180 180 180 180 180 180 180 180 180 180 180 180 180 180 180 180 180 180 180 180 180 180 180 180 180 180 180 180 180 180 180 180 180 180 180 180 180 180 180 180 180 180 180 180 180 180 180 180 180 180 180 180 180 180 180 180 180 180 180 180 180 180 180 180 180 180 180 180 180 180 180 180"
General-333-20260803-18:23:03-61703,vector,Florasat_Individual_Sats.satellite[0].dlkDSL.mac,Repetition Position for Node 793 at Satellite,,,"1.85547831881 12.16580907645 22.42801098449 36.62877561006 49.80602952832 129.64337943185 142.95514080737 157.23728433315 171.05440682795","180 180 180 180 180 180 180 180 180"
General-333-20260803-18:23:03-61703,vector,Florasat_Individual_Sats.satellite[0].dlkDSL.mac,All Nodes Repetition Generation Delay at Satellite,,,"1.85547831881 12.16580907645 14.57308964365 15.70592242027 16.87266245148 22.42801098449 30.21316172289 36.62877561006 38.8211617994 40.36623142091 49.80602952832 51.73226925469 52.41064098458 53.89864947195 54.75395964309 117.66165332463 128.07044657356 128.3819236601 129.09094175536 129.64337943185 131.06082572698 132.52875100764 139.22501467115 140.79724720273 142.95514080737 151.42988745568 151.8554882339 152.71744633735 153.12289089865 155.5456549012 155.75561320739 157.23728433315 162.19071345234 164.8579602287 165.75169147437 165.86754072051 166.12598513571 166.76336624207 168.82521255854 171.05440682795 231.997325028 232.72992517546 242.60565638187 242.79320003339 244.79136432208 244.85015442007 244.85821044751 246.52898622947 246.73157696895 254.88443303265 256.91936451805 256.95857853715 257.64389490861 259.06209220918 259.24644288062 269.04998027597 269.44297300049 271.40022284505 271.66012944811 282.73127074905 283.60917794963 284.5406846038 286.04105934654 286.60786852398 286.89347193496 289.12552612185 357.0964255032 357.69920478708 358.30363820287 359.93875452265 359.99561732625 360.42869606734 361.15183542033 368.60780045254 370.01009544073 370.63596289469 372.73971831533 373.3852910252 376.6411483046 381.0096132276 383.75194654791 385.02315460371 385.72164872605 385.98286060378 388.27703639648 391.14854149431 393.48923063817 394.0588002027 394.35101271903 395.22349770246 395.45060844723 395.53705059798 396.36239339359 397.35926347801 398.06025622556 400.58136385183 401.04224905966 473.32992421573 473.42908570207 473.45348244886 474.38558120177 475.47702959729 476.23036755965 476.87459683179 483.84383874134 484.03607698287 485.88745271777 485.96955066271 486.1688109787 487.87627688357 488.13462144456 488.64353408426 489.7570268291 490.02411219657 490.99422913412 498.71895979893 501.13216080394 502.311669556 503.10149686382 504.3411898964 504.79319347096 507.4687337539 508.32794392961 509.27569621116 512.35053010578 513.10572103066 514.24494159379 515.22046402366 515.89748629875 516.85787387032 517.57237117057 518.74354545636 578.3809673847 587.43105017174 588.27433267649 589.9553342915 590.84720355405 591.7177718933 592.93762601403 599.802712824 599.97672579311 602.92644489384 604.21749944396 604.71008455002 605.98634307825 607.11120734763 610.89934157584 612.89371718111 613.91110898255 614.99515441496 616.33713685645 619.00546617237 621.64418800179 624.83438320215 626.95522690206 627.13107977438 628.34974494357 630.53060433258 631.39473278255 631.95353669431 703.00128930591 714.95388909317 717.28998911095 721.09212014362 721.89099683207 726.27980832209 729.69370054933 733.70005936003 733.89869708305 736.48431473843 738.2407578845 739.15383243411 741.27296856664 742.02279366347 742.77950541176 746.23636247604 747.46105467871","0.85547831881 11.16580907645 13.57308964365 14.70592242027 15.87266245148 21.42801098449 29.21316172289 35.62877561006 37.8211617994 39.36623142091 48.80602952832 50.73226925469 51.41064098458 52.89864947195 53.75395964309 1.66165332463 12.07044657356 12.3819236601 13.09094175536 13.64337943185 15.06082572698 16.52875100764 23.22501467115 24.79724720273 26.95514080737 35.42988745568 35.8554882339 36.71744633735 37.12289089865 39.5456549012 39.75561320739 41.23728433315 46.19071345234 48.8579602287 49.75169147437 49.86754072051 50.12598513571 50.76336624207 52.82521255854 55.05440682795 0.99732502799998 1.72992517546 11.60565638187 11.79320003339 13.79136432208 13.85015442007 13.85821044751 15.52898622947 15.73157696895 23.88443303265 25.91936451805 25.95857853715 26.64389490861 28.06209220918 28.24644288062 38.04998027597 38.44297300049 40.40022284505 40.66012944811 51.73127074905 52.60917794963 53.5406846038 55.04105934654 55.60786852398 55.89347193496 58.12552612185 11.0964255032 11.69920478708 12.30363820287 13.93875452265 13.99561732625 14.42869606734 15.15183542033 22.60780045254 24.01009544073 24.63596289469 26.73971831533 27.3852910252 30.6411483046 35.0096132276 37.75194654791 39.02315460371 39.72164872605 39.98286060378 42.27703639648 45.14854149431 47.48923063817 48.0588002027 48.35101271903 49.22349770246 49.45060844723 49.53705059798 50.36239339359 51.35926347801 52.06025622556 54.58136385183 55.04224905966 12.32992421573 12.42908570207 12.45348244886 13.38558120177 14.47702959729 15.23036755965 15.87459683179 22.84383874134 23.03607698287 24.88745271777 24.96955066271 25.1688109787 26.87627688357 27.13462144456 27.64353408426 28.7570268291 29.02411219657 29.99422913412 37.71895979893 40.13216080394 41.311669556 42.10149686382 43.3411898964 43.79319347096 46.4687337539 47.32794392961 48.27569621116 51.35053010578 52.10572103066 53.24494159379 54.22046402366 54.89748629875 55.85787387032 56.57237117057 57.74354545636 2.3809673846999 11.43105017174 12.27433267649 13.9553342915 14.84720355405 15.7177718933 16.93762601403 23.802712824 23.97672579311 26.92644489384 28.21749944396 28.71008455002 29.98634307825 31.11120734763 34.89934157584 36.89371718111 37.91110898255 38.99515441496 40.33713685645 43.00546617237 45.64418800179 48.83438320215 50.95522690206 51.13107977438 52.34974494357 54.53060433258 55.39473278255 55.95353669431 12.00128930591 23.95388909317 26.28998911095 30.09212014362 30.89099683207 35.27980832209 38.69370054933 42.70005936003 42.89869708305 45.48431473843 47.2407578845 48.15383243411 50.27296856664 51.02279366347 51.77950541176 55.23636247604 56.46105467871"
General-333-20260803-18:23:03-61703,vector,Florasat_Individual_Sats.satellite[0].dlkDSL.mac,Repetition Generation Delay for Node 793 at Satellite,,,"1.85547831881 12.16580907645 22.42801098449 36.62877561006 49.80602952832 129.64337943185 142.95514080737 157.23728433315 171.05440682795","0.85547831881 11.16580907645 21.42801098449 35.62877561006 48.80602952832 13.64337943185 26.95514080737 41.23728433315 55.05440682795"
General-333-20260803-18:23:03-61703,vector,Florasat_Individual_Sats.satellite[0].dlkDSL.mac,Successful Repetition Number counted for MAC protocol,,,"1.85547831881 14.57308964365 15.70592242027 16.87266245148 51.73226925469 117.66165332463 128.3819236601 129.09094175536 129.64337943185 131.06082572698 132.52875100764 153.12289089865 155.5456549012 231.997325028 232.72992517546 242.60565638187 242.79320003339 244.79136432208 246.52898622947 246.73157696895 256.95857853715 259.06209220918 289.12552612185 357.0964255032 357.69920478708 358.30363820287 359.93875452265 359.99561732625 360.42869606734 361.15183542033 370.01009544073 376.6411483046 385.72164872605 394.0588002027 394.35101271903 398.06025622556 401.04224905966 473.32992421573 473.42908570207 473.45348244886 474.38558120177 475.47702959729 476.23036755965 476.87459683179 485.96955066271 486.1688109787 487.87627688357 488.64353408426 489.7570268291 498.71895979893 501.13216080394 504.79319347096 508.32794392961 512.35053010578 515.22046402366 516.85787387032 578.3809673847 587.43105017174 588.27433267649 589.9553342915 590.84720355405 591.7177718933 592.93762601403 599.802712824 602.92644489384 604.71008455002 614.99515441496 619.00546617237 624.83438320215 626.95522690206 631.95353669431 703.00128930591 714.95388909317 721.09212014362 721.89099683207 726.27980832209 729.69370054933 733.70005936003 733.89869708305 739.15383243411 741.27296856664 742.02279366347 742.77950541176","1 2 2 2 5 1 2 2 2 2 2 4 4 1 1 2 2 2 2 2 3 3 5 2 2 2 2 2 2 2 3 3 4 5 5 5 5 2 2 2 2 2 2 2 3 3 3 3 3 4 4 4 5 5 5 5 1 2 2 2 2 2 2 3 3 3 4 4 5 5 5 2 3 3 3 4 4 4 4 5 5 5 5"
General-333-20260803-18:23:03-61703,vector,Florasat_Individual_Sats.satellite[0].dlkDSL.mac,Successful Repetition Number counted for the Model,,,"1.85547831881 14.57308964365 15.70592242027 16.87266245148 51.73226925469 117.66165332463 128.3819236601 129.09094175536 129.64337943185 131.06082572698 132.52875100764 153.12289089865 155.5456549012 231.997325028 232.72992517546 242.60565638187 242.79320003339 244.79136432208 246.52898622947 246.73157696895 256.95857853715 259.06209220918 289.12552612185 357.0964255032 357.69920478708 358.30363820287 359.93875452265 359.99561732625 360.42869606734 361.15183542033 370.01009544073 376.6411483046 385.72164872605 394.0588002027 394.35101271903 398.06025622556 401.04224905966 473.32992421573 473.42908570207 473.45348244886 474.38558120177 475.47702959729 476.23036755965 476.87459683179 485.96955066271 486.1688109787 487.87627688357 488.64353408426 489.7570268291 498.71895979893 501.13216080394 504.79319347096 508.32794392961 512.35053010578 515.22046402366 516.85787387032 578.3809673847 587.43105017174 588.27433267649 589.9553342915 590.84720355405 591.7177718933 592.93762601403 599.802712824 602.92644489384 604.71008455002 614.99515441496 619.00546617237 624.83438320215 626.95522690206 631.95353669431 703.00128930591 714.95388909317 721.09212014362 721.89099683207 726.27980832209 729.69370054933 733.70005936003 733.89869708305 739.15383243411 741.27296856664 742.02279366347 742.77950541176","1 2 2 2 5 1 2 2 2 2 2 4 4 1 1 2 2 2 2 2 1 1 1 2 2 1 2 2 1 2 3 3 1 5 4 1 2 2 2 2 2 2 2 2 3 3 3 3 3 4 4 4 5 5 5 5 1 2 2 2 2 2 2 3 3 3 4 4 5 5 2 2 3 3 3 4 4 4 4 5 5 5 5"
General-333-20260803-18:23:03-61703,vector,Florasat_Individual_Sats.satellite[0].dlkDSL.mac,All Nodes Message Generation Delay at Satellite,,,"1.85547831881 14.57308964365 15.70592242027 16.87266245148 51.73226925469 117.66165332463 128.3819236601 129.09094175536 129.64337943185 131.06082572698 132.52875100764 153.12289089865 155.5456549012 231.997325028 232.72992517546 242.60565638187 242.79320003339 244.79136432208 246.52898622947 246.73157696895 256.95857853715 259.06209220918 289.12552612185 357.0964255032 357.69920478708 358.30363820287 359.93875452265 359.99561732625 360.42869606734 361.15183542033 370.01009544073 376.6411483046 385.72164872605 394.0588002027 394.35101271903 398.06025622556 401.04224905966 473.32992421573 473.42908570207 473.45348244886 474.38558120177 475.47702959729 476.23036755965 476.87459683179 485.96955066271 486.1688109787 487.87627688357 488.64353408426 489.7570268291 498.71895979893 501.13216080394 504.79319347096 508.32794392961 512.35053010578 515.22046402366 516.85787387032 578.3809673847 587.43105017174 588.27433267649 589.9553342915 590.84720355405 591.7177718933 592.93762601403 599.802712824 602.92644489384 604.71008455002 614.99515441496 619.00546617237 624.83438320215 626.95522690206 631.95353669431 703.00128930591 714.95388909317 721.09212014362 721.89099683207 726.27980832209 729.69370054933 733.70005936003 733.89869708305 739.15383243411 741.27296856664 742.02279366347 742.77950541176","0.85547831881 13.57308964365 14.70592242027 15.87266245148 50.73226925469 1.66165332463 12.3819236601 13.09094175536 13.64337943185 15.06082572698 16.52875100764 37.12289089865 39.5456549012 0.99732502799998 1.72992517546 11.60565638187 11.79320003339 13.79136432208 15.52898622947 15.73157696895 25.95857853715 28.06209220918 58.12552612185 11.0964255032 11.69920478708 12.30363820287 13.93875452265 13.99561732625 14.42869606734 15.15183542033 24.01009544073 30.6411483046 39.72164872605 48.0588002027 48.35101271903 52.06025622556 55.04224905966 12.32992421573 12.42908570207 12.45348244886 13.38558120177 14.47702959729 15.23036755965 15.87459683179 24.96955066271 25.1688109787 26.87627688357 27.64353408426 28.7570268291 37.71895979893 40.13216080394 43.79319347096 47.32794392961 51.35053010578 54.22046402366 55.85787387032 2.3809673846999 11.43105017174 12.27433267649 13.9553342915 14.84720355405 15.7177718933 16.93762601403 23.802712824 26.92644489384 28.71008455002 38.99515441496 43.00546617237 48.83438320215 50.95522690206 55.95353669431 12.00128930591 23.95388909317 30.09212014362 30.89099683207 35.27980832209 38.69370054933 42.70005936003 42.89869708305 48.15383243411 50.27296856664 51.02279366347 51.77950541176"
General-333-20260803-18:23:03-61703,vector,Florasat_Individual_Sats.satellite[0].dlkDSL.mac,Message Generation Delay for Node 793 at Satellite,,,"1.85547831881 129.64337943185","0.85547831881 13.64337943185"
General-333-20260803-18:23:03-61703,vector,Florasat_Individual_Sats.satellite[0].net.packetHandler,packets received,,,"1.85547831881 12.16580907645 14.57308964365 15.70592242027 16.87266245148 22.42801098449 30.21316172289 36.62877561006 38.8211617994 40.36623142091 49.80602952832 51.73226925469 52.41064098458 53.89864947195 54.75395964309 117.66165332463 128.07044657356 128.3819236601 129.09094175536 129.64337943185 131.06082572698 132.52875100764 139.22501467115 140.79724720273 142.95514080737 151.42988745568 151.8554882339 152.71744633735 153.12289089865 155.5456549012 155.75561320739 157.23728433315 162.19071345234 164.8579602287 165.75169147437 165.86754072051 166.12598513571 166.76336624207 168.82521255854 171.05440682795 231.997325028 232.72992517546 242.60565638187 242.79320003339 244.79136432208 244.85015442007 244.85821044751 246.52898622947 246.73157696895 254.88443303265 256.91936451805 256.95857853715 257.64389490861 259.06209220918 259.24644288062 269.04998027597 269.44297300049 271.40022284505 271.66012944811 282.73127074905 283.60917794963 284.5406846038 286.04105934654 286.60786852398 286.89347193496 289.12552612185 357.0964255032 357.69920478708 358.30363820287 359.93875452265 359.99561732625 360.42869606734 361.15183542033 368.60780045254 370.01009544073 370.63596289469 372.73971831533 373.3852910252 376.6411483046 381.0096132276 383.75194654791 385.02315460371 385.72164872605 385.98286060378 388.27703639648 391.14854149431 393.48923063817 394.0588002027 394.35101271903 395.22349770246 395.45060844723 395.53705059798 396.36239339359 397.35926347801 398.06025622556 400.58136385183 401.04224905966 473.32992421573 473.42908570207 473.45348244886 474.38558120177 475.47702959729 476.23036755965 476.87459683179 483.84383874134 484.03607698287 485.88745271777 485.96955066271 486.1688109787 487.87627688357 488.13462144456 488.64353408426 489.7570268291 490.02411219657 490.99422913412 498.71895979893 501.13216080394 502.311669556 503.10149686382 504.3411898964 504.79319347096 507.4687337539 508.32794392961 509.27569621116 512.35053010578 513.10572103066 514.24494159379 515.22046402366 515.89748629875 516.85787387032 517.57237117057 518.74354545636 578.3809673847 587.43105017174 588.27433267649 589.9553342915 590.84720355405 591.7177718933 592.93762601403 599.802712824 599.97672579311 602.92644489384 604.21749944396 604.71008455002 605.98634307825 607.11120734763 610.89934157584 612.89371718111 613.91110898255 614.99515441496 616.33713685645 619.00546617237 621.64418800179 624.83438320215 626.95522690206 627.13107977438 628.34974494357 630.53060433258 631.39473278255 631.95353669431 703.00128930591 714.95388909317 717.28998911095 721.09212014362 721.89099683207 726.27980832209 729.69370054933 733.70005936003 733.89869708305 736.48431473843 738.2407578845 739.15383243411 741.27296856664 742.02279366347 742.77950541176 746.23636247604 747.46105467871","1 2 3 4 5 6 7 8 9 10 11 12 13 14 15 16 17 18 19 20 21 22 23 24 25 26 27 28 29 30 31 32 33 34 35 36 37 38 39 40 41 42 43 44 45 46 47 48 49 50 51 52 53 54 55 56 57 58 59 60 61 62 63 64 65 66 67 68 69 70 71 72 73 74 75 76 77 78 79 80 81 82 83 84 85 86 87 88 89 90 91 92 93 94 95 96 97 98 99 100 101 102 103 104 105 106 107 108 109 110 111 112 113 114 115 116 117 118 119 120 121 122 123 124 125 126 127 128 129 130 131 132 133 134 135 136 137 138 139 140 141 142 143 144 145 146 147 148 149 150 151 152 153 154 155 156 157 158 159 160 161 162 163 164 165 166 167 168 169 170 171 172 173 174 175 176 177"
General-333-20260803-18:23:03-61703,vector,Florasat_Individual_Sats.satellite[0].net.packetHandler,dropped unroutable,,,"1.85547831881 12.16580907645 14.57308964365 15.70592242027 16.87266245148 22.42801098449 30.21316172289 36.62877561006 38.8211617994 40.36623142091 49.80602952832 51.73226925469 52.41064098458 53.89864947195 54.75395964309 117.66165332463 128.07044657356 128.3819236601 129.09094175536 129.64337943185 131.06082572698 132.52875100764 139.22501467115 140.79724720273 142.95514080737 151.42988745568 151.8554882339 152.71744633735 153.12289089865 155.5456549012 155.75561320739 157.23728433315 162.19071345234 164.8579602287 165.75169147437 165.86754072051 166.12598513571 166.76336624207 168.82521255854 171.05440682795 231.997325028 232.72992517546 242.60565638187 242.79320003339 244.79136432208 244.85015442007 244.85821044751 246.52898622947 246.73157696895 254.88443303265 256.91936451805 256.95857853715 257.64389490861 259.06209220918 259.24644288062 269.04998027597 269.44297300049 271.40022284505 271.66012944811 282.73127074905 283.60917794963 284.5406846038 286.04105934654 286.60786852398 286.89347193496 289.12552612185 357.0964255032 357.69920478708 358.30363820287 359.93875452265 359.99561732625 360.42869606734 361.15183542033 368.60780045254 370.01009544073 370.63596289469 372.73971831533 373.3852910252 376.6411483046 381.0096132276 383.75194654791 385.02315460371 385.72164872605 385.98286060378 388.27703639648 391.14854149431 393.48923063817 394.0588002027 394.35101271903 395.22349770246 395.45060844723 395.53705059798 396.36239339359 397.35926347801 398.06025622556 400.58136385183 401.04224905966 473.32992421573 473.42908570207 473.45348244886 474.38558120177 475.47702959729 476.23036755965 476.87459683179 483.84383874134 484.03607698287 485.88745271777 485.96955066271 486.1688109787 487.87627688357 488.13462144456 488.64353408426 489.7570268291 490.02411219657 490.99422913412 498.71895979893 501.13216080394 502.311669556 503.10149686382 504.3411898964 504.79319347096 507.4687337539 508.32794392961 509.27569621116 512.35053010578 513.10572103066 514.24494159379 515.22046402366 515.89748629875 516.85787387032 517.57237117057 518.74354545636 578.3809673847 587.43105017174 588.27433267649 589.9553342915 590.84720355405 591.7177718933 592.93762601403 599.802712824 599.97672579311 602.92644489384 604.21749944396 604.71008455002 605.98634307825 607.11120734763 610.89934157584 612.89371718111 613.91110898255 614.99515441496 616.33713685645 619.00546617237 621.64418800179 624.83438320215 626.95522690206 627.13107977438 628.34974494357 630.53060433258 631.39473278255 631.95353669431 703.00128930591 714.95388909317 717.28998911095 721.09212014362 721.89099683207 726.27980832209 729.69370054933 733.70005936003 733.89869708305 736.48431473843 738.2407578845 739.15383243411 741.27296856664 742.02279366347 742.77950541176 746.23636247604 747.46105467871","1 2 3 4 5 6 7 8 9 10 11 12 13 14 15 16 17 18 19 20 21 22 23 24 25 26 27 28 29 30 31 32 33 34 35 36 37 38 39 40 41 42 43 44 45 46 47 48 49 50 51 52 53 54 55 56 57 58 59 60 61 62 63 64 65 66 67 68 69 70 71 72 73 74 75 76 77 78 79 80 81 82 83 84 85 86 87 88 89 90 91 92 93 94 95 96 97 98 99 100 101 102 103 104 105 106 107 108 109 110 111 112 113 114 115 116 117 118 119 120 121 122 123 124 125 126 127 128 129 130 131 132 133 134 135 136 137 138 139 140 141 142 143 144 145 146 147 148 149 150 151 152 153 154 155 156 157 158 159 160 161 162 163 164 165 166 167 168 169 170 171 172 173 174 175 176 177"
General-333-20260803-18:23:03-61703,vector,Florasat_Individual_Sats.satellite[0].net.packetHandler,packets dropped,,,"1.85547831881 12.16580907645 14.57308964365 15.70592242027 16.87266245148 22.42801098449 30.21316172289 36.62877561006 38.8211617994 40.36623142091 49.80602952832 51.73226925469 52.41064098458 53.89864947195 54.75395964309 117.66165332463 128.07044657356 128.3819236601 129.09094175536 129.64337943185 131.06082572698 132.52875100764 139.22501467115 140.79724720273 142.95514080737 151.42988745568 151.8554882339 152.71744633735 153.12289089865 155.5456549012 155.75561320739 157.23728433315 162.19071345234 164.8579602287 165.75169147437 165.86754072051 166.12598513571 166.76336624207 168.82521255854 171.05440682795 231.997325028 232.72992517546 242.60565638187 242.79320003339 244.79136432208 244.85015442007 244.85821044751 246.52898622947 246.73157696895 254.88443303265 256.91936451805 256.95857853715 257.64389490861 259.06209220918 259.24644288062 269.04998027597 269.44297300049 271.40022284505 271.66012944811 282.73127074905 283.60917794963 284.5406846038 286.04105934654 286.60786852398 286.89347193496 289.12552612185 357.0964255032 357.69920478708 358.30363820287 359.93875452265 359.99561732625 360.42869606734 361.15183542033 368.60780045254 370.01009544073 370.63596289469 372.73971831533 373.3852910252 376.6411483046 381.0096132276 383.75194654791 385.02315460371 385.72164872605 385.98286060378 388.27703639648 391.14854149431 393.48923063817 394.0588002027 394.35101271903 395.22349770246 395.45060844723 395.53705059798 396.36239339359 397.35926347801 398.06025622556 400.58136385183 401.04224905966 473.32992421573 473.42908570207 473.45348244886 474.38558120177 475.47702959729 476.23036755965 476.87459683179 483.84383874134 484.03607698287 485.88745271777 485.96955066271 486.1688109787 487.87627688357 488.13462144456 488.64353408426 489.7570268291 490.02411219657 490.99422913412 498.71895979893 501.13216080394 502.311669556 503.10149686382 504.3411898964 504.79319347096 507.4687337539 508.32794392961 509.27569621116 512.35053010578 513.10572103066 514.24494159379 515.22046402366 515.89748629875 516.85787387032 517.57237117057 518.74354545636 578.3809673847 587.43105017174 588.27433267649 589.9553342915 590.84720355405 591.7177718933 592.93762601403 599.802712824 599.97672579311 602.92644489384 604.21749944396 604.71008455002 605.98634307825 607.11120734763 610.89934157584 612.89371718111 613.91110898255 614.99515441496 616.33713685645 619.00546617237 621.64418800179 624.83438320215 626.95522690206 627.13107977438 628.34974494357 630.53060433258 631.39473278255 631.95353669431 703.00128930591 714.95388909317 717.28998911095 721.09212014362 721.89099683207 726.27980832209 729.69370054933 733.70005936003 733.89869708305 736.48431473843 738.2407578845 739.15383243411 741.27296856664 742.02279366347 742.77950541176 746.23636247604 747.46105467871","1 2 3 4 5 6 7 8 9 10 11 12 13 14 15 16 17 18 19 20 21 22 23 24 25 26 27 28 29 30 31 32 33 34 35 36 37 38 39 40 41 42 43 44 45 46 47 48 49 50 51 52 53 54 55 56 57 58 59 60 61 62 63 64 65 66 67 68 69 70 71 72 73 74 75 76 77 78 79 80 81 82 83 84 85 86 87 88 89 90 91 92 93 94 95 96 97 98 99 100 101 102 103 104 105 106 107 108 109 110 111 112 113 114 115 116 117 118 119 120 121 122 123 124 125 126 127 128 129 130 131 132 133 134 135 136 137 138 139 140 141 142 143 144 145 146 147 148 149 150 151 152 153 154 155 156 157 158 159 160 161 162 163 164 165 166 167 168 169 170 171 172 173 174 175 176 177"
General-333-20260803-18:23:03-61703,vector,Florasat_Individual_Sats.terminal[34].dlk.mac,vector_preds_MLP,,,"1.87720587524 15.00950288657 28.45763098962 42.23189566449 52.46341033305 116.60817921278 130.9910078044 145.00017518992 155.06028429372 168.00696940394 231.2760418551 243.78027897235 255.05656023417 265.8690948484 277.62624759017 346.74539521034 359.31794268708 372.4842141713 382.53175406996 397.06640204461 461.28190490627 476.26028936566 488.8618429387 500.52940104134 515.12644195674 576.44970920007 588.77697659959 599.85230816947 609.90114646218 622.42183942883 691.7403639534 702.85329451621 717.00893669342 727.62124032899 738.37509705871","13989401 13989402 13989403 13989404 13989405 13995401 13995402 13995403 13995404 13995405 14001401 14001402 14001403 14001404 14001405 14007401 14007402 14007403 14007404 14007405 14013401 14013402 14013403 14013404 14013405 14019401 14019402 14019403 14019404 14019405 14025401 14025402 14025403 14025404 14025405"
General-333-20260803-18:23:03-61703,vector,Florasat_Individual_Sats.terminal[22].dlk.mac,vector_preds_MLP,,,"1.89843041915 12.80229994538 22.88065807288 35.4946222282 46.37062630942 116.77192859841 127.23277679319 138.08337061108 151.62054274372 164.27279762599 231.62125314423 246.47191767069 258.62586820918 271.22390544811 286.17164452398 346.49931655871 356.6602015032 370.92287454778 385.54663660378 395.92616939359 461.25775488629 474.3124983001 488.29545006575 500.69593680394 515.46126229875 576.27866244363 587.83810867649 600.32760858257 612.45749318111 625.70710964222 691.48078587349 705.33261080133 718.64969573892 733.14388078382 743.44738593768","13988201 13988202 13988203 13988204 13988205 13994201 13994202 13994203 13994204 13994205 14000201 14000202 14000203.1 14000204.1 14000205.1 14006201.1 14006202.1 14006203.1 14006204.1 14006205.1 14012201.1 14012202.1 14012203.1 14012204.1 14012205.1 14018201.1 14018202.1 14018203.1 14018204.1 14018205 14024201 14024202 14024203 14024204 14024205"
General-333-20260803-18:23:03-61703,vector,Florasat_Individual_Sats.satellite[0].dlkDSL.mac,Repetition Position for Node 358 at Satellite,,,"14.57308964365 38.8211617994 52.41064098458 129.09094175536 151.42988745568 165.75169147437 246.73157696895","180 180 180 180 180 180 180"
General-333-20260803-18:23:03-61703,vector,Florasat_Individual_Sats.satellite[0].dlkDSL.mac,Repetition Generation Delay for Node 358 at Satellite,,,"14.57308964365 38.8211617994 52.41064098458 129.09094175536 151.42988745568 165.75169147437 246.73157696895","13.57308964365 37.8211617994 51.41064098458 13.09094175536 35.42988745568 49.75169147437 15.73157696895"
General-333-20260803-18:23:03-61703,vector,Florasat_Individual_Sats.satellite[0].dlkDSL.mac,Message Generation Delay for Node 358 at Satellite,,,"14.57308964365 129.09094175536 246.73157696895","13.57308964365 13.09094175536 15.73157696895"
General-333-20260803-18:23:03-61703,vector,Florasat_Individual_Sats.satellite[0].dlkDSL.mac,Repetition Position for Node 823 at Satellite,,,"15.70592242027 30.21316172289 54.75395964309 155.5456549012 166.76336624207 244.79136432208 257.64389490861 286.89347193496","180 180 180 180 180 180 180 180"
General-333-20260803-18:23:03-61703,vector,Florasat_Individual_Sats.satellite[0].dlkDSL.mac,Repetition Generation Delay for Node 823 at Satellite,,,"15.70592242027 30.21316172289 54.75395964309 155.5456549012 166.76336624207 244.79136432208 257.64389490861 286.89347193496","14.70592242027 29.21316172289 53.75395964309 39.5456549012 50.76336624207 13.79136432208 26.64389490861 55.89347193496"
General-333-20260803-18:23:03-61703,vector,Florasat_Individual_Sats.satellite[0].dlkDSL.mac,Message Generation Delay for Node 823 at Satellite,,,"15.70592242027 155.5456549012 244.79136432208","14.70592242027 39.5456549012 13.79136432208"
General-333-20260803-18:23:03-61703,vector,Florasat_Individual_Sats.satellite[0].dlkDSL.mac,Repetition Position for Node 373 at Satellite,,,"16.87266245148 40.36623142091 53.89864947195 117.66165332463 128.07044657356 140.79724720273 152.71744633735 165.86754072051 242.79320003339","180 180 180 180 180 180 180 180 180"
General-333-20260803-18:23:03-61703,vector,Florasat_Individual_Sats.satellite[0].dlkDSL.mac,Repetition Generation Delay for Node 373 at Satellite,,,"16.87266245148 40.36623142091 53.89864947195 117.66165332463 128.07044657356 140.79724720273 152.71744633735 165.86754072051 242.79320003339","15.87266245148 39.36623142091 52.89864947195 1.66165332463 12.07044657356 24.79724720273 36.71744633735 49.86754072051 11.79320003339"
General-333-20260803-18:23:03-61703,vector,Florasat_Individual_Sats.satellite[0].dlkDSL.mac,Message Generation Delay for Node 373 at Satellite,,,"16.87266245148 117.66165332463 242.79320003339","15.87266245148 1.66165332463 11.79320003339"
General-333-20260803-18:23:03-61703,vector,Florasat_Individual_Sats.satellite[0].dlkDSL.mac,Repetition Position for Node 778 at Satellite,,,"51.73226925469 128.3819236601 139.22501467115 151.8554882339 162.19071345234 231.997325028 244.85015442007 254.88443303265 284.5406846038 370.01009544073","180 180 180 180 180 180 180 180 180 180"
General-333-20260803-18:23:03-61703,vector,Florasat_Individual_Sats.satellite[0].dlkDSL.mac,Repetition Generation Delay for Node 778 at Satellite,,,"51.73226925469 128.3819236601 139.22501467115 151.8554882339 162.19071345234 231.997325028 244.85015442007 254.88443303265 284.5406846038 370.01009544073","50.73226925469 12.3819236601 23.22501467115 35.8554882339 46.19071345234 0.99732502799998 13.85015442007 23.88443303265 53.5406846038 24.01009544073"
General-333-20260803-18:23:03-61703,vector,Florasat_Individual_Sats.satellite[0].dlkDSL.mac,Message Generation Delay for Node 778 at Satellite,,,"51.73226925469 128.3819236601 231.997325028 370.01009544073","50.73226925469 12.3819236601 0.99732502799998 24.01009544073"
General-333-20260803-18:23:03-61703,vector,Florasat_Individual_Sats.satellite[0].dlkDSL.mac,Repetition Position for Node 808 at Satellite,,,"131.06082572698 155.75561320739 168.82521255854 232.72992517546 244.85821044751 256.91936451805 269.44297300049 283.60917794963","180 180 180 180 180 180 180 180"
General-333-20260803-18:23:03-61703,vector,Florasat_Individual_Sats.satellite[0].dlkDSL.mac,Repetition Generation Delay for Node 808 at Satellite,,,"131.06082572698 155.75561320739 168.82521255854 232.72992517546 244.85821044751 256.91936451805 269.44297300049 283.60917794963","15.06082572698 39.75561320739 52.82521255854 1.72992517546 13.85821044751 25.91936451805 38.44297300049 52.60917794963"
General-333-20260803-18:23:03-61703,vector,Florasat_Individual_Sats.satellite[0].dlkDSL.mac,Message Generation Delay for Node 808 at Satellite,,,"131.06082572698 232.72992517546","15.06082572698 1.72992517546"
General-333-20260803-18:23:03-61703,vector,Florasat_Individual_Sats.satellite[0].dlkDSL.mac,Repetition Position for Node 388 at Satellite,,,"132.52875100764 164.8579602287 246.52898622947 259.24644288062 271.40022284505 286.04105934654","180 180 180 180 180 180"
General-333-20260803-18:23:03-61703,vector,Florasat_Individual_Sats.satellite[0].dlkDSL.mac,Repetition Generation Delay for Node 388 at Satellite,,,"132.52875100764 164.8579602287 246.52898622947 259.24644288062 271.40022284505 286.04105934654","16.52875100764 48.8579602287 15.52898622947 28.24644288062 40.40022284505 55.04105934654"
General-333-20260803-18:23:03-61703,vector,Florasat_Individual_Sats.satellite[0].dlkDSL.mac,Message Generation Delay for Node 388 at Satellite,,,"132.52875100764 246.52898622947","16.52875100764 15.52898622947"
General-333-20260803-18:23:03-61703,vector,Florasat_Individual_Sats.satellite[0].dlkDSL.mac,Repetition Position for Node 673 at Satellite,,,"153.12289089865 166.12598513571 242.60565638187 269.04998027597","180 180 180 180"
General-333-20260803-18:23:03-61703,vector,Florasat_Individual_Sats.satellite[0].dlkDSL.mac,Repetition Generation Delay for Node 673 at Satellite,,,"153.12289089865 166.12598513571 242.60565638187 269.04998027597","37.12289089865 50.12598513571 11.60565638187 38.04998027597"
General-333-20260803-18:23:03-61703,vector,Florasat_Individual_Sats.satellite[0].dlkDSL.mac,Message Generation Delay for Node 673 at Satellite,,,"153.12289089865 242.60565638187","37.12289089865 11.60565638187"
General-333-20260803-18:23:03-61703,vector,Florasat_Individual_Sats.satellite[0].dlkDSL.mac,Repetition Position for Node 403 at Satellite,,,"256.95857853715 282.73127074905 357.69920478708 385.02315460371 397.35926347801 476.23036755965 490.99422913412 504.3411898964 517.57237117057","180 180 180 180 180 180 180 180 180"
General-333-20260803-18:23:03-61703,vector,Florasat_Individual_Sats.satellite[0].dlkDSL.mac,Repetition Generation Delay for Node 403 at Satellite,,,"256.95857853715 282.73127074905 357.69920478708 385.02315460371 397.35926347801 476.23036755965 490.99422913412 504.3411898964 517.57237117057","25.95857853715 51.73127074905 11.69920478708 39.02315460371 51.35926347801 15.23036755965 29.99422913412 43.3411898964 56.57237117057"
General-333-20260803-18:23:03-61703,vector,Florasat_Individual_Sats.satellite[0].dlkDSL.mac,Message Generation Delay for Node 403 at Satellite,,,"256.95857853715 357.69920478708 476.23036755965","25.95857853715 11.69920478708 15.23036755965"
General-333-20260803-18:23:03-61703,vector,Florasat_Individual_Sats.satellite[0].dlkDSL.mac,Repetition Position for Node 418 at Satellite,,,"259.06209220918 271.66012944811 286.60786852398 357.0964255032 385.98286060378 396.36239339359 501.13216080394 515.89748629875 588.27433267649 612.89371718111","180 180 180 180 180 180 180 180 180 180"
General-333-20260803-18:23:03-61703,vector,Florasat_Individual_Sats.satellite[0].dlkDSL.mac,Repetition Generation Delay for Node 418 at Satellite,,,"259.06209220918 271.66012944811 286.60786852398 357.0964255032 385.98286060378 396.36239339359 501.13216080394 515.89748629875 588.27433267649 612.89371718111","28.06209220918 40.66012944811 55.60786852398 11.0964255032 39.98286060378 50.36239339359 40.13216080394 54.89748629875 12.27433267649 36.89371718111"
General-333-20260803-18:23:03-61703,vector,Florasat_Individual_Sats.satellite[0].dlkDSL.mac,Message Generation Delay for Node 418 at Satellite,,,"259.06209220918 357.0964255032 501.13216080394 588.27433267649","28.06209220918 11.0964255032 40.13216080394 12.27433267649"
General-333-20260803-18:23:03-61703,vector,Florasat_Individual_Sats.satellite[0].dlkDSL.mac,Repetition Position for Node 838 at Satellite,,,"289.12552612185 376.6411483046 391.14854149431 485.96955066271","180 180 180 180"
General-333-20260803-18:23:03-61703,vector,Florasat_Individual_Sats.satellite[0].dlkDSL.mac,Repetition Generation Delay for Node 838 at Satellite,,,"289.12552612185 376.6411483046 391.14854149431 485.96955066271","58.12552612185 30.6411483046 45.14854149431 24.96955066271"
General-333-20260803-18:23:03-61703,vector,Florasat_Individual_Sats.satellite[0].dlkDSL.mac,Message Generation Delay for Node 838 at Satellite,,,"289.12552612185 376.6411483046 485.96955066271","58.12552612185 30.6411483046 24.96955066271"
General-333-20260803-18:23:03-61703,vector,Florasat_Individual_Sats.satellite[0].dlkDSL.mac,Repetition Position for Node 688 at Satellite,,,"358.30363820287 368.60780045254 393.48923063817 504.79319347096 518.74354545636 599.802712824 610.89934157584 621.64418800179","180 180 180 180 180 180 180 180"
General-333-20260803-18:23:03-61703,vector,Florasat_Individual_Sats.satellite[0].dlkDSL.mac,Repetition Generation Delay for Node 688 at Satellite,,,"358.30363820287 368.60780045254 393.48923063817 504.79319347096 518.74354545636 599.802712824 610.89934157584 621.64418800179","12.30363820287 22.60780045254 47.48923063817 43.79319347096 57.74354545636 23.802712824 34.89934157584 45.64418800179"
General-333-20260803-18:23:03-61703,vector,Florasat_Individual_Sats.satellite[0].dlkDSL.mac,Message Generation Delay for Node 688 at Satellite,,,"358.30363820287 504.79319347096 599.802712824","12.30363820287 43.79319347096 23.802712824"
General-333-20260803-18:23:03-61703,vector,Florasat_Individual_Sats.satellite[0].dlkDSL.mac,Repetition Position for Node 853 at Satellite,,,"359.93875452265 395.22349770246 476.87459683179 490.02411219657 589.9553342915","180 180 180 180 180"
General-333-20260803-18:23:03-61703,vector,Florasat_Individual_Sats.satellite[0].dlkDSL.mac,Repetition Generation Delay for Node 853 at Satellite,,,"359.93875452265 395.22349770246 476.87459683179 490.02411219657 589.9553342915","13.93875452265 49.22349770246 15.87459683179 29.02411219657 13.9553342915"
General-333-20260803-18:23:03-61703,vector,Florasat_Individual_Sats.satellite[0].dlkDSL.mac,Message Generation Delay for Node 853 at Satellite,,,"359.93875452265 476.87459683179 589.9553342915","13.93875452265 15.87459683179 13.9553342915"
General-333-20260803-18:23:03-61703,vector,Florasat_Individual_Sats.satellite[0].dlkDSL.mac,Repetition Position for Node 868 at Satellite,,,"359.99561732625 372.73971831533 383.75194654791 395.53705059798","180 180 180 180"
General-333-20260803-18:23:03-61703,vector,Florasat_Individual_Sats.satellite[0].dlkDSL.mac,Repetition Generation Delay for Node 868 at Satellite,,,"359.99561732625 372.73971831533 383.75194654791 395.53705059798","13.99561732625 26.73971831533 37.75194654791 49.53705059798"
General-333-20260803-18:23:03-61703,vector,Florasat_Individual_Sats.satellite[0].dlkDSL.mac,Message Generation Delay for Node 868 at Satellite,,,"359.99561732625","13.99561732625"
General-333-20260803-18:23:03-61703,vector,Florasat_Individual_Sats.satellite[0].dlkDSL.mac,Repetition Position for Node 283 at Satellite,,,"360.42869606734 370.63596289469 381.0096132276 395.45060844723 473.45348244886 483.84383874134 592.93762601403 607.11120734763 721.09212014362","180 180 180 180 180 180 180 180 180"
General-333-20260803-18:23:03-61703,vector,Florasat_Individual_Sats.satellite[0].dlkDSL.mac,Repetition Generation Delay for Node 283 at Satellite,,,"360.42869606734 370.63596289469 381.0096132276 395.45060844723 473.45348244886 483.84383874134 592.93762601403 607.11120734763 721.09212014362","14.42869606734 24.63596289469 35.0096132276 49.45060844723 12.45348244886 22.84383874134 16.93762601403 31.11120734763 30.09212014362"
General-333-20260803-18:23:03-61703,vector,Florasat_Individual_Sats.satellite[0].dlkDSL.mac,Message Generation Delay for Node 283 at Satellite,,,"360.42869606734 473.45348244886 592.93762601403 721.09212014362","14.42869606734 12.45348244886 16.93762601403 30.09212014362"
General-333-20260803-18:23:03-61703,vector,Florasat_Individual_Sats.satellite[0].dlkDSL.mac,Repetition Position for Node 763 at Satellite,,,"361.15183542033 373.3852910252 388.27703639648 400.58136385183 486.1688109787 591.7177718933 605.98634307825 616.33713685645","180 180 180 180 180 180 180 180"
General-333-20260803-18:23:03-61703,vector,Florasat_Individual_Sats.satellite[0].dlkDSL.mac,Repetition Generation Delay for Node 763 at Satellite,,,"361.15183542033 373.3852910252 388.27703639648 400.58136385183 486.1688109787 591.7177718933 605.98634307825 616.33713685645","15.15183542033 27.3852910252 42.27703639648 54.58136385183 25.1688109787 15.7177718933 29.98634307825 40.33713685645"
General-333-20260803-18:23:03-61703,vector,Florasat_Individual_Sats.satellite[0].dlkDSL.mac,Message Generation Delay for Node 763 at Satellite,,,"361.15183542033 486.1688109787 591.7177718933","15.15183542033 25.1688109787 15.7177718933"
General-333-20260803-18:23:03-61703,vector,Florasat_Individual_Sats.satellite[0].dlkDSL.mac,Repetition Position for Node 733 at Satellite,,,"385.72164872605 475.47702959729 485.88745271777 509.27569621116 624.83438320215","180 180 180 180 180"
General-333-20260803-18:23:03-61703,vector,Florasat_Individual_Sats.satellite[0].dlkDSL.mac,Repetition Generation Delay for Node 733 at Satellite,,,"385.72164872605 475.47702959729 485.88745271777 509.27569621116 624.83438320215","39.72164872605 14.47702959729 24.88745271777 48.27569621116 48.83438320215"
General-333-20260803-18:23:03-61703,vector,Florasat_Individual_Sats.satellite[0].dlkDSL.mac,Message Generation Delay for Node 733 at Satellite,,,"385.72164872605 475.47702959729 624.83438320215","39.72164872605 14.47702959729 48.83438320215"
General-333-20260803-18:23:03-61703,vector,Florasat_Individual_Sats.satellite[0].dlkDSL.mac,Repetition Position for Node 433 at Satellite,,,"394.0588002027 512.35053010578 741.27296856664","180 180 180"
General-333-20260803-18:23:03-61703,vector,Florasat_Individual_Sats.satellite[0].dlkDSL.mac,Repetition Generation Delay for Node 433 at Satellite,,,"394.0588002027 512.35053010578 741.27296856664","48.0588002027 51.35053010578 50.27296856664"
General-333-20260803-18:23:03-61703,vector,Florasat_Individual_Sats.satellite[0].dlkDSL.mac,Message Generation Delay for Node 433 at Satellite,,,"394.0588002027 512.35053010578 741.27296856664","48.0588002027 51.35053010578 50.27296856664"
General-333-20260803-18:23:03-61703,vector,Florasat_Individual_Sats.satellite[0].dlkDSL.mac,Repetition Position for Node 448 at Satellite,,,"394.35101271903 488.64353408426 503.10149686382 514.24494159379 614.99515441496 733.89869708305 747.46105467871","180 180 180 180 180 180 180"
General-333-20260803-18:23:03-61703,vector,Florasat_Individual_Sats.satellite[0].dlkDSL.mac,Repetition Generation Delay for Node 448 at Satellite,,,"394.35101271903 488.64353408426 503.10149686382 514.24494159379 614.99515441496 733.89869708305 747.46105467871","48.35101271903 27.64353408426 42.10149686382 53.24494159379 38.99515441496 42.89869708305 56.46105467871"
General-333-20260803-18:23:03-61703,vector,Florasat_Individual_Sats.satellite[0].dlkDSL.mac,Message Generation Delay for Node 448 at Satellite,,,"394.35101271903 488.64353408426 614.99515441496 733.89869708305","48.35101271903 27.64353408426 38.99515441496 42.89869708305"
General-333-20260803-18:23:03-61703,vector,Florasat_Individual_Sats.satellite[0].dlkDSL.mac,Repetition Position for Node 928 at Satellite,,,"398.06025622556 489.7570268291 502.311669556 513.10572103066 578.3809673847 613.91110898255 627.13107977438 742.02279366347","180 180 180 180 180 180 180 180"
General-333-20260803-18:23:03-61703,vector,Florasat_Individual_Sats.satellite[0].dlkDSL.mac,Repetition Generation Delay for Node 928 at Satellite,,,"398.06025622556 489.7570268291 502.311669556 513.10572103066 578.3809673847 613.91110898255 627.13107977438 742.02279366347","52.06025622556 28.7570268291 41.311669556 52.10572103066 2.3809673846999 37.91110898255 51.13107977438 51.02279366347"
General-333-20260803-18:23:03-61703,vector,Florasat_Individual_Sats.satellite[0].dlkDSL.mac,Message Generation Delay for Node 928 at Satellite,,,"398.06025622556 489.7570268291 578.3809673847 742.02279366347","52.06025622556 28.7570268291 2.3809673846999 51.02279366347"
General-333-20260803-18:23:03-61703,vector,Florasat_Individual_Sats.satellite[0].dlkDSL.mac,Repetition Position for Node 463 at Satellite,,,"401.04224905966 474.38558120177 602.92644489384 628.34974494357","180 180 180 180"
General-333-20260803-18:23:03-61703,vector,Florasat_Individual_Sats.satellite[0].dlkDSL.mac,Repetition Generation Delay for Node 463 at Satellite,,,"401.04224905966 474.38558120177 602.92644489384 628.34974494357","55.04224905966 13.38558120177 26.92644489384 52.34974494357"
General-333-20260803-18:23:03-61703,vector,Florasat_Individual_Sats.satellite[0].dlkDSL.mac,Message Generation Delay for Node 463 at Satellite,,,"401.04224905966 474.38558120177 602.92644489384","55.04224905966 13.38558120177 26.92644489384"
General-333-20260803-18:23:03-61703,vector,Florasat_Individual_Sats.satellite[0].dlkDSL.mac,Repetition Position for Node 883 at Satellite,,,"473.32992421573 488.13462144456 590.84720355405 604.21749944396 631.39473278255 703.00128930591 717.28998911095","180 180 180 180 180 180 180"
General-333-20260803-18:23:03-61703,vector,Florasat_Individual_Sats.satellite[0].dlkDSL.mac,Repetition Generation Delay for Node 883 at Satellite,,,"473.32992421573 488.13462144456 590.84720355405 604.21749944396 631.39473278255 703.00128930591 717.28998911095","12.32992421573 27.13462144456 14.84720355405 28.21749944396 55.39473278255 12.00128930591 26.28998911095"
General-333-20260803-18:23:03-61703,vector,Florasat_Individual_Sats.satellite[0].dlkDSL.mac,Message Generation Delay for Node 883 at Satellite,,,"473.32992421573 590.84720355405 703.00128930591","12.32992421573 14.84720355405 12.00128930591"
General-333-20260803-18:23:03-61703,vector,Florasat_Individual_Sats.satellite[0].dlkDSL.mac,Repetition Position for Node 898 at Satellite,,,"473.42908570207 484.03607698287 507.4687337539 733.70005936003","180 180 180 180"
General-333-20260803-18:23:03-61703,vector,Florasat_Individual_Sats.satellite[0].dlkDSL.mac,Repetition Generation Delay for Node 898 at Satellite,,,"473.42908570207 484.03607698287 507.4687337539 733.70005936003","12.42908570207 23.03607698287 46.4687337539 42.70005936003"
General-333-20260803-18:23:03-61703,vector,Florasat_Individual_Sats.satellite[0].dlkDSL.mac,Message Generation Delay for Node 898 at Satellite,,,"473.42908570207 733.70005936003","12.42908570207 42.70005936003"
General-333-20260803-18:23:03-61703,vector,Florasat_Individual_Sats.satellite[0].dlkDSL.mac,Repetition Position for Node 268 at Satellite,,,"487.87627688357 714.95388909317 738.2407578845","180 180 180"
General-333-20260803-18:23:03-61703,vector,Florasat_Individual_Sats.satellite[0].dlkDSL.mac,Repetition Generation Delay for Node 268 at Satellite,,,"487.87627688357 714.95388909317 738.2407578845","26.87627688357 23.95388909317 47.2407578845"
General-333-20260803-18:23:03-61703,vector,Florasat_Individual_Sats.satellite[0].dlkDSL.mac,Message Generation Delay for Node 268 at Satellite,,,"487.87627688357 714.95388909317","26.87627688357 23.95388909317"
General-333-20260803-18:23:03-61703,vector,Florasat_Individual_Sats.satellite[0].dlkDSL.mac,Repetition Position for Node 523 at Satellite,,,"498.71895979893 742.77950541176","180 180"
General-333-20260803-18:23:03-61703,vector,Florasat_Individual_Sats.satellite[0].dlkDSL.mac,Repetition Generation Delay for Node 523 at Satellite,,,"498.71895979893 742.77950541176","37.71895979893 51.77950541176"
General-333-20260803-18:23:03-61703,vector,Florasat_Individual_Sats.satellite[0].dlkDSL.mac,Message Generation Delay for Node 523 at Satellite,,,"498.71895979893 742.77950541176","37.71895979893 51.77950541176"
General-333-20260803-18:23:03-61703,vector,Florasat_Individual_Sats.satellite[0].dlkDSL.mac,Repetition Position for Node 913 at Satellite,,,"508.32794392961 626.95522690206 721.89099683207 746.23636247604","180 180 180 180"
General-333-20260803-18:23:03-61703,vector,Florasat_Individual_Sats.satellite[0].dlkDSL.mac,Repetition Generation Delay for Node 913 at Satellite,,,"508.32794392961 626.95522690206 721.89099683207 746.23636247604","47.32794392961 50.95522690206 30.89099683207 55.23636247604"
General-333-20260803-18:23:03-61703,vector,Florasat_Individual_Sats.satellite[0].dlkDSL.mac,Message Generation Delay for Node 913 at Satellite,,,"508.32794392961 626.95522690206 721.89099683207","47.32794392961 50.95522690206 30.89099683207"
General-333-20260803-18:23:03-61703,vector,Florasat_Individual_Sats.satellite[0].dlkDSL.mac,Repetition Position for Node 718 at Satellite,,,"515.22046402366 587.43105017174 599.97672579311 739.15383243411","180 180 180 180"
General-333-20260803-18:23:03-61703,vector,Florasat_Individual_Sats.satellite[0].dlkDSL.mac,Repetition Generation Delay for Node 718 at Satellite,,,"515.22046402366 587.43105017174 599.97672579311 739.15383243411","54.22046402366 11.43105017174 23.97672579311 48.15383243411"
General-333-20260803-18:23:03-61703,vector,Florasat_Individual_Sats.satellite[0].dlkDSL.mac,Message Generation Delay for Node 718 at Satellite,,,"515.22046402366 587.43105017174 739.15383243411","54.22046402366 11.43105017174 48.15383243411"
General-333-20260803-18:23:03-61703,vector,Florasat_Individual_Sats.satellite[0].dlkDSL.mac,Repetition Position for Node 973 at Satellite,,,"516.85787387032","180"
General-333-20260803-18:23:03-61703,vector,Florasat_Individual_Sats.satellite[0].dlkDSL.mac,Repetition Generation Delay for Node 973 at Satellite,,,"516.85787387032","55.85787387032"
General-333-20260803-18:23:03-61703,vector,Florasat_Individual_Sats.satellite[0].dlkDSL.mac,Message Generation Delay for Node 973 at Satellite,,,"516.85787387032","55.85787387032"
General-333-20260803-18:23:03-61703,vector,Florasat_Individual_Sats.satellite[0].dlkDSL.mac,Repetition Position for Node 133 at Satellite,,,"604.71008455002","180"
General-333-20260803-18:23:03-61703,vector,Florasat_Individual_Sats.satellite[0].dlkDSL.mac,Repetition Generation Delay for Node 133 at Satellite,,,"604.71008455002","28.71008455002"
General-333-20260803-18:23:03-61703,vector,Florasat_Individual_Sats.satellite[0].dlkDSL.mac,Message Generation Delay for Node 133 at Satellite,,,"604.71008455002","28.71008455002"
General-333-20260803-18:23:03-61703,vector,Florasat_Individual_Sats.satellite[0].dlkDSL.mac,Repetition Position for Node 478 at Satellite,,,"619.00546617237 630.53060433258","180 180"
General-333-20260803-18:23:03-61703,vector,Florasat_Individual_Sats.satellite[0].dlkDSL.mac,Repetition Generation Delay for Node 478 at Satellite,,,"619.00546617237 630.53060433258","43.00546617237 54.53060433258"
General-333-20260803-18:23:03-61703,vector,Florasat_Individual_Sats.satellite[0].dlkDSL.mac,Message Generation Delay for Node 478 at Satellite,,,"619.00546617237","43.00546617237"
General-333-20260803-18:23:03-61703,vector,Florasat_Individual_Sats.satellite[0].dlkDSL.mac,Repetition Position for Node 178 at Satellite,,,"631.95353669431 729.69370054933","180 180"
General-333-20260803-18:23:03-61703,vector,Florasat_Individual_Sats.satellite[0].dlkDSL.mac,Repetition Generation Delay for Node 178 at Satellite,,,"631.95353669431 729.69370054933","55.95353669431 38.69370054933"
General-333-20260803-18:23:03-61703,vector,Florasat_Individual_Sats.satellite[0].dlkDSL.mac,Message Generation Delay for Node 178 at Satellite,,,"631.95353669431 729.69370054933","55.95353669431 38.69370054933"
General-333-20260803-18:23:03-61703,vector,Florasat_Individual_Sats.satellite[0].dlkDSL.mac,Repetition Position for Node 148 at Satellite,,,"726.27980832209 736.48431473843","180 180"
General-333-20260803-18:23:03-61703,vector,Florasat_Individual_Sats.satellite[0].dlkDSL.mac,Repetition Generation Delay for Node 148 at Satellite,,,"726.27980832209 736.48431473843","35.27980832209 45.48431473843"
General-333-20260803-18:23:03-61703,vector,Florasat_Individual_Sats.satellite[0].dlkDSL.mac,Message Generation Delay for Node 148 at Satellite,,,"726.27980832209","35.27980832209"
