run,type,module,name,attrname,attrvalue,vectime,vecvalue
General-290-20260718-16:35:03-5569,runattr,,,configname,General,,
General-290-20260718-16:35:03-5569,runattr,,,datetime,20260718-16:35:03,,
General-290-20260718-16:35:03-5569,runattr,,,datetimef,20260718-163503,,
General-290-20260718-16:35:03-5569,runattr,,,experiment,General,,
General-290-20260718-16:35:03-5569,runattr,,,inifile,Test_MLModel_2.ini,,
General-290-20260718-16:35:03-5569,runattr,,,iterationvars,"$myraan=185, $threshold=0.95, $0=23542",,
General-290-20260718-16:35:03-5569,runattr,,,iterationvarsd,myraan=185/threshold=0.95/23542,,
General-290-20260718-16:35:03-5569,runattr,,,iterationvarsf,"myraan=185,threshold=0.95,23542-",,
General-290-20260718-16:35:03-5569,runattr,,,measurement,"$myraan=185, $threshold=0.95, $0=23542",,
General-290-20260718-16:35:03-5569,runattr,,,network,Florasat.Test_Individual.Florasat_Individual_Sats,,
General-290-20260718-16:35:03-5569,runattr,,,processid,5569,,
General-290-20260718-16:35:03-5569,runattr,,,repetition,0,,
General-290-20260718-16:35:03-5569,runattr,,,replication,#0,,
General-290-20260718-16:35:03-5569,runattr,,,resultdir,results,,
General-290-20260718-16:35:03-5569,runattr,,,runnumber,290,,
General-290-20260718-16:35:03-5569,runattr,,,seedset,290,,
General-290-20260718-16:35:03-5569,itervar,,,myraan,185,,
General-290-20260718-16:35:03-5569,itervar,,,threshold,0.95,,
General-290-20260718-16:35:03-5569,config,,,*.stats_altitude,670,,
General-290-20260718-16:35:03-5569,config,,,*.stats_raan,185,,
General-290-20260718-16:35:03-5569,config,,,image-path,../../images:../../../../samples/inet4.5_2/images,,
General-290-20260718-16:35:03-5569,config,,,network,Florasat.Test_Individual.Florasat_Individual_Sats,,
General-290-20260718-16:35:03-5569,config,,,rng-class,cMersenneTwister,,
General-290-20260718-16:35:03-5569,config,,,*.**.result-recording-modes,-,,
General-290-20260718-16:35:03-5569,config,,,**.result-recording-modes,-,,
General-290-20260718-16:35:03-5569,config,,,**.statistic-recording,true,,
General-290-20260718-16:35:03-5569,config,,,**.scalar-recording,true,,
General-290-20260718-16:35:03-5569,config,,,**.vector-recording,true,,
General-290-20260718-16:35:03-5569,config,,,**.vector-record-eventnumbers,true,,
General-290-20260718-16:35:03-5569,config,,,repeat,10,,
General-290-20260718-16:35:03-5569,config,,,seed-0-mt,23542,,
General-290-20260718-16:35:03-5569,config,,,sim-time-limit,749s,,
General-290-20260718-16:35:03-5569,config,,,simtime-resolution,-11,,
General-290-20260718-16:35:03-5569,config,,,**.stats_altitude,670,,
General-290-20260718-16:35:03-5569,config,,,**.stats_raan,185,,
General-290-20260718-16:35:03-5569,config,,,*.radioMedium.backgroundNoise.power,-110dBm,,
General-290-20260718-16:35:03-5569,config,,,*.radioMedium.mediumLimitCache.centerFrequency,868MHz,,
General-290-20260718-16:35:03-5569,config,,,*.radioMedium.mediumLimitCache.maxTransmissionDuration,4s,,
General-290-20260718-16:35:03-5569,config,,,*.radioMedium.mediumLimitCache.minInterferenceTime,0s,,
General-290-20260718-16:35:03-5569,config,,,**.numSatellites,1,,
General-290-20260718-16:35:03-5569,config,,,*.satellite[*].mobilityType,"""Sat_Mob_SatelliteMobility_Standalone""",,
General-290-20260718-16:35:03-5569,config,,,*.satellite[*].noradModuleType,"""Sat_Mob_NoradA""",,
General-290-20260718-16:35:03-5569,config,,,**.satellite[*].**.initFromDisplayString,false,,
General-290-20260718-16:35:03-5569,config,,,*.satellite[*].mobility.faceForward,true,,
General-290-20260718-16:35:03-5569,config,,,*.satellite[*].mobility.updateInterval,20s,,
General-290-20260718-16:35:03-5569,config,,,*.satellite[*].NoradModule.satName,"""FLoRaSat""",,
General-290-20260718-16:35:03-5569,config,,,*.satellite[*].NoradModule.satIndex,-1,,
General-290-20260718-16:35:03-5569,config,,,*.satellite[*].NoradModule.baseYear,20,,
General-290-20260718-16:35:03-5569,config,,,*.satellite[*].NoradModule.baseDay,1.5,,
General-290-20260718-16:35:03-5569,config,,,*.satellite[*].NoradModule.planes,1,,
General-290-20260718-16:35:03-5569,config,,,*.satellite[*].NoradModule.satPerPlane,1,,
General-290-20260718-16:35:03-5569,config,,,*.satellite[*].NoradModule.eccentricity,0.000001,,
General-290-20260718-16:35:03-5569,config,,,*.satellite[*].NoradModule.inclination,98,,
General-290-20260718-16:35:03-5569,config,,,*.satellite[*].NoradModule.altitude,670,,
General-290-20260718-16:35:03-5569,config,,,*.satellite[0].NoradModule.raan,185,,
General-290-20260718-16:35:03-5569,config,,,*.satellite[0].NoradModule.meanAnomaly,195,,
General-290-20260718-16:35:03-5569,config,,,*.satellite[*].phyDSL.radio.receiver.enableCollisionOverlap,true,,
General-290-20260718-16:35:03-5569,config,,,*.satellite[*].phyDSL.radio.receiver.minCollisionOverlap,0s,,
General-290-20260718-16:35:03-5569,config,,,*.satellite[*].phyDSL.radio.antenna.typename,ConstantGainAntenna,,
General-290-20260718-16:35:03-5569,config,,,*.satellite[*].phyDSL.radio.antenna.mobilityModule,"""^.^.^.mobility""",,
General-290-20260718-16:35:03-5569,config,,,*.satellite[*].phyISL.radio.antenna.mobilityModule,"""^.^.^.mobility""",,
General-290-20260718-16:35:03-5569,config,,,*.satellite[*].phyGSL.radio.antenna.mobilityModule,"""^.^.^.mobility""",,
General-290-20260718-16:35:03-5569,config,,,*.satellite[*].phyDSL.radio.antenna.gain,12dB,,
General-290-20260718-16:35:03-5569,config,,,*.satellite[*].net.routingType,"""Null_Routing""",,
General-290-20260718-16:35:03-5569,config,,,*.terminal[*].net.routingType,"""Ter_Null_Routing""",,
General-290-20260718-16:35:03-5569,config,,,*.**.numGroundLinks,40,,
General-290-20260718-16:35:03-5569,config,,,*.satellite[*].**.interfaceTableModule,"""""",,
General-290-20260718-16:35:03-5569,config,,,**.radioMedium.typename,LoRaMedium,,
General-290-20260718-16:35:03-5569,config,,,**.radioMedium.analogModel.typename,LoRaAnalogModel,,
General-290-20260718-16:35:03-5569,config,,,**.intraPlaneIslDisabled,false,,
General-290-20260718-16:35:03-5569,config,,,**.interPlaneIslDisabled,false,,
General-290-20260718-16:35:03-5569,config,,,**.numTerminals,60,,
General-290-20260718-16:35:03-5569,config,,,*.terminal[*].phy.radio.antenna.mobilityModule,"""^.^.^.mob""",,
General-290-20260718-16:35:03-5569,config,,,*.terminal[*].dlk.mac.interfaceTableModule,"""""",,
General-290-20260718-16:35:03-5569,config,,,*.terminal[*].dlk.energySourceModule,"""""",,
General-290-20260718-16:35:03-5569,config,,,*.terminal[*].dlk.mac.LoRaTP,"intuniform(12, 14)",,
General-290-20260718-16:35:03-5569,config,,,*.terminal[*].dlk.mac.LoRaSF,"intuniform(10, 12)",,
General-290-20260718-16:35:03-5569,config,,,*.terminal[*].dlk.mac.useMLBoxBiLSTM,true,,
General-290-20260718-16:35:03-5569,config,,,*.terminal[*].dlk.mac.mlBoxBiLSTM.modelPath,"""/home/ylnner/Documents/omnet++/omnetpp-6.3.0/projects/florasat_v4_ult_routing/simulations/Test_Individual/mlmodels/bilstm_scripted.pt""",,
General-290-20260718-16:35:03-5569,config,,,*.terminal[*].dlk.mac.mlBoxBiLSTM.threshold,0.95,,
General-290-20260718-16:35:03-5569,config,,,**.numberOfPacketsToSend,0,,
General-290-20260718-16:35:03-5569,config,,,**.timeToFirstPacket,1s,,
General-290-20260718-16:35:03-5569,config,,,**.timeToNextPacket,115s,,
General-290-20260718-16:35:03-5569,config,,,*.terminal[0].mob.radius,0.0,,
General-290-20260718-16:35:03-5569,config,,,*.terminal[0].mob.centerLatitude,54.978,,
General-290-20260718-16:35:03-5569,config,,,*.terminal[0].mob.centerLongitude,-1.617,,
General-290-20260718-16:35:03-5569,config,,,*.terminal[1].mob.radius,0.0,,
General-290-20260718-16:35:03-5569,config,,,*.terminal[1].mob.centerLatitude,52.630,,
General-290-20260718-16:35:03-5569,config,,,*.terminal[1].mob.centerLongitude,-1.139,,
General-290-20260718-16:35:03-5569,config,,,*.terminal[2].mob.radius,0.0,,
General-290-20260718-16:35:03-5569,config,,,*.terminal[2].mob.centerLatitude,52.612,,
General-290-20260718-16:35:03-5569,config,,,*.terminal[2].mob.centerLongitude,-6.295,,
General-290-20260718-16:35:03-5569,config,,,*.terminal[3].mob.radius,0.0,,
General-290-20260718-16:35:03-5569,config,,,*.terminal[3].mob.centerLatitude,47.243,,
General-290-20260718-16:35:03-5569,config,,,*.terminal[3].mob.centerLongitude,6.024,,
General-290-20260718-16:35:03-5569,config,,,*.terminal[4].mob.radius,0.0,,
General-290-20260718-16:35:03-5569,config,,,*.terminal[4].mob.centerLatitude,43.610,,
General-290-20260718-16:35:03-5569,config,,,*.terminal[4].mob.centerLongitude,3.876,,
General-290-20260718-16:35:03-5569,config,,,*.terminal[5].mob.radius,0.0,,
General-290-20260718-16:35:03-5569,config,,,*.terminal[5].mob.centerLatitude,49.443,,
General-290-20260718-16:35:03-5569,config,,,*.terminal[5].mob.centerLongitude,1.099,,
General-290-20260718-16:35:03-5569,config,,,*.terminal[6].mob.radius,0.0,,
General-290-20260718-16:35:03-5569,config,,,*.terminal[6].mob.centerLatitude,37.992,,
General-290-20260718-16:35:03-5569,config,,,*.terminal[6].mob.centerLongitude,-1.130,,
General-290-20260718-16:35:03-5569,config,,,*.terminal[7].mob.radius,0.0,,
General-290-20260718-16:35:03-5569,config,,,*.terminal[7].mob.centerLatitude,40.965,,
General-290-20260718-16:35:03-5569,config,,,*.terminal[7].mob.centerLongitude,-5.664,,
General-290-20260718-16:35:03-5569,config,,,*.terminal[8].mob.radius,0.0,,
General-290-20260718-16:35:03-5569,config,,,*.terminal[8].mob.centerLatitude,40.657,,
General-290-20260718-16:35:03-5569,config,,,*.terminal[8].mob.centerLongitude,-7.914,,
General-290-20260718-16:35:03-5569,config,,,*.terminal[9].mob.radius,0.0,,
General-290-20260718-16:35:03-5569,config,,,*.terminal[9].mob.centerLatitude,51.340,,
General-290-20260718-16:35:03-5569,config,,,*.terminal[9].mob.centerLongitude,12.373,,
General-290-20260718-16:35:03-5569,config,,,*.terminal[10].mob.radius,0.0,,
General-290-20260718-16:35:03-5569,config,,,*.terminal[10].mob.centerLatitude,51.455,,
General-290-20260718-16:35:03-5569,config,,,*.terminal[10].mob.centerLongitude,7.011,,
General-290-20260718-16:35:03-5569,config,,,*.terminal[11].mob.radius,0.0,,
General-290-20260718-16:35:03-5569,config,,,*.terminal[11].mob.centerLatitude,49.452,,
General-290-20260718-16:35:03-5569,config,,,*.terminal[11].mob.centerLongitude,11.076,,
General-290-20260718-16:35:03-5569,config,,,*.terminal[12].mob.radius,0.0,,
General-290-20260718-16:35:03-5569,config,,,*.terminal[12].mob.centerLatitude,43.769,,
General-290-20260718-16:35:03-5569,config,,,*.terminal[12].mob.centerLongitude,11.255,,
General-290-20260718-16:35:03-5569,config,,,*.terminal[13].mob.radius,0.0,,
General-290-20260718-16:35:03-5569,config,,,*.terminal[13].mob.centerLatitude,41.117,,
General-290-20260718-16:35:03-5569,config,,,*.terminal[13].mob.centerLongitude,16.871,,
General-290-20260718-16:35:03-5569,config,,,*.terminal[14].mob.radius,0.0,,
General-290-20260718-16:35:03-5569,config,,,*.terminal[14].mob.centerLatitude,52.132,,
General-290-20260718-16:35:03-5569,config,,,*.terminal[14].mob.centerLongitude,5.291,,
General-290-20260718-16:35:03-5569,config,,,*.terminal[15].mob.radius,0.0,,
General-290-20260718-16:35:03-5569,config,,,*.terminal[15].mob.centerLatitude,50.411,,
General-290-20260718-16:35:03-5569,config,,,*.terminal[15].mob.centerLongitude,4.444,,
General-290-20260718-16:35:03-5569,config,,,*.terminal[16].mob.radius,0.0,,
General-290-20260718-16:35:03-5569,config,,,*.terminal[16].mob.centerLatitude,47.559,,
General-290-20260718-16:35:03-5569,config,,,*.terminal[16].mob.centerLongitude,7.588,,
General-290-20260718-16:35:03-5569,config,,,*.terminal[17].mob.radius,0.0,,
General-290-20260718-16:35:03-5569,config,,,*.terminal[17].mob.centerLatitude,55.403,,
General-290-20260718-16:35:03-5569,config,,,*.terminal[17].mob.centerLongitude,10.402,,
General-290-20260718-16:35:03-5569,config,,,*.terminal[18].mob.radius,0.0,,
General-290-20260718-16:35:03-5569,config,,,*.terminal[18].mob.centerLatitude,59.858,,
General-290-20260718-16:35:03-5569,config,,,*.terminal[18].mob.centerLongitude,17.638,,
General-290-20260718-16:35:03-5569,config,,,*.terminal[19].mob.radius,0.0,,
General-290-20260718-16:35:03-5569,config,,,*.terminal[19].mob.centerLatitude,60.451,,
General-290-20260718-16:35:03-5569,config,,,*.terminal[19].mob.centerLongitude,22.266,,
General-290-20260718-16:35:03-5569,config,,,*.terminal[20].mob.radius,0.0,,
General-290-20260718-16:35:03-5569,config,,,*.terminal[20].mob.centerLatitude,56.325,,
General-290-20260718-16:35:03-5569,config,,,*.terminal[20].mob.centerLongitude,22.349,,
General-290-20260718-16:35:03-5569,config,,,*.terminal[21].mob.radius,0.0,,
General-290-20260718-16:35:03-5569,config,,,*.terminal[21].mob.centerLatitude,49.883,,
General-290-20260718-16:35:03-5569,config,,,*.terminal[21].mob.centerLongitude,18.568,,
General-290-20260718-16:35:03-5569,config,,,*.terminal[22].mob.radius,0.0,,
General-290-20260718-16:35:03-5569,config,,,*.terminal[22].mob.centerLatitude,47.531,,
General-290-20260718-16:35:03-5569,config,,,*.terminal[22].mob.centerLongitude,21.627,,
General-290-20260718-16:35:03-5569,config,,,*.terminal[23].mob.radius,0.0,,
General-290-20260718-16:35:03-5569,config,,,*.terminal[23].mob.centerLatitude,44.179,,
General-290-20260718-16:35:03-5569,config,,,*.terminal[23].mob.centerLongitude,28.649,,
General-290-20260718-16:35:03-5569,config,,,*.terminal[24].mob.radius,0.0,,
General-290-20260718-16:35:03-5569,config,,,*.terminal[24].mob.centerLatitude,45.327,,
General-290-20260718-16:35:03-5569,config,,,*.terminal[24].mob.centerLongitude,14.442,,
General-290-20260718-16:35:03-5569,config,,,*.terminal[25].mob.radius,0.0,,
General-290-20260718-16:35:03-5569,config,,,*.terminal[25].mob.centerLatitude,40.694,,
General-290-20260718-16:35:03-5569,config,,,*.terminal[25].mob.centerLongitude,30.400,,
General-290-20260718-16:35:03-5569,config,,,*.terminal[26].mob.radius,0.0,,
General-290-20260718-16:35:03-5569,config,,,*.terminal[26].mob.centerLatitude,37.066,,
General-290-20260718-16:35:03-5569,config,,,*.terminal[26].mob.centerLongitude,37.383,,
General-290-20260718-16:35:03-5569,config,,,*.terminal[27].mob.radius,0.0,,
General-290-20260718-16:35:03-5569,config,,,*.terminal[27].mob.centerLatitude,64.836,,
General-290-20260718-16:35:03-5569,config,,,*.terminal[27].mob.centerLongitude,-23.708,,
General-290-20260718-16:35:03-5569,config,,,*.terminal[28].mob.radius,0.0,,
General-290-20260718-16:35:03-5569,config,,,*.terminal[28].mob.centerLatitude,28.099,,
General-290-20260718-16:35:03-5569,config,,,*.terminal[28].mob.centerLongitude,-17.113,,
General-290-20260718-16:35:03-5569,config,,,*.terminal[29].mob.radius,0.0,,
General-290-20260718-16:35:03-5569,config,,,*.terminal[29].mob.centerLatitude,34.921,,
General-290-20260718-16:35:03-5569,config,,,*.terminal[29].mob.centerLongitude,33.623,,
General-290-20260718-16:35:03-5569,config,,,*.terminal[30].mob.radius,0.0,,
General-290-20260718-16:35:03-5569,config,,,*.terminal[30].mob.centerLatitude,55.953,,
General-290-20260718-16:35:03-5569,config,,,*.terminal[30].mob.centerLongitude,-3.188,,
General-290-20260718-16:35:03-5569,config,,,*.terminal[31].mob.radius,0.0,,
General-290-20260718-16:35:03-5569,config,,,*.terminal[31].mob.centerLatitude,51.481,,
General-290-20260718-16:35:03-5569,config,,,*.terminal[31].mob.centerLongitude,-3.179,,
General-290-20260718-16:35:03-5569,config,,,*.terminal[32].mob.radius,0.0,,
General-290-20260718-16:35:03-5569,config,,,*.terminal[32].mob.centerLatitude,53.349,,
General-290-20260718-16:35:03-5569,config,,,*.terminal[32].mob.centerLongitude,-6.260,,
General-290-20260718-16:35:03-5569,config,,,*.terminal[33].mob.radius,0.0,,
General-290-20260718-16:35:03-5569,config,,,*.terminal[33].mob.centerLatitude,45.764,,
General-290-20260718-16:35:03-5569,config,,,*.terminal[33].mob.centerLongitude,4.835,,
General-290-20260718-16:35:03-5569,config,,,*.terminal[34].mob.radius,0.0,,
General-290-20260718-16:35:03-5569,config,,,*.terminal[34].mob.centerLatitude,48.573,,
General-290-20260718-16:35:03-5569,config,,,*.terminal[34].mob.centerLongitude,7.752,,
General-290-20260718-16:35:03-5569,config,,,*.terminal[35].mob.radius,0.0,,
General-290-20260718-16:35:03-5569,config,,,*.terminal[35].mob.centerLatitude,44.837,,
General-290-20260718-16:35:03-5569,config,,,*.terminal[35].mob.centerLongitude,-0.579,,
General-290-20260718-16:35:03-5569,config,,,*.terminal[36].mob.radius,0.0,,
General-290-20260718-16:35:03-5569,config,,,*.terminal[36].mob.centerLatitude,41.385,,
General-290-20260718-16:35:03-5569,config,,,*.terminal[36].mob.centerLongitude,2.173,,
General-290-20260718-16:35:03-5569,config,,,*.terminal[37].mob.radius,0.0,,
General-290-20260718-16:35:03-5569,config,,,*.terminal[37].mob.centerLatitude,41.157,,
General-290-20260718-16:35:03-5569,config,,,*.terminal[37].mob.centerLongitude,-8.629,,
General-290-20260718-16:35:03-5569,config,,,*.terminal[38].mob.radius,0.0,,
General-290-20260718-16:35:03-5569,config,,,*.terminal[38].mob.centerLatitude,37.389,,
General-290-20260718-16:35:03-5569,config,,,*.terminal[38].mob.centerLongitude,-5.984,,
General-290-20260718-16:35:03-5569,config,,,*.terminal[39].mob.radius,0.0,,
General-290-20260718-16:35:03-5569,config,,,*.terminal[39].mob.centerLatitude,53.551,,
General-290-20260718-16:35:03-5569,config,,,*.terminal[39].mob.centerLongitude,9.993,,
General-290-20260718-16:35:03-5569,config,,,*.terminal[40].mob.radius,0.0,,
General-290-20260718-16:35:03-5569,config,,,*.terminal[40].mob.centerLatitude,48.135,,
General-290-20260718-16:35:03-5569,config,,,*.terminal[40].mob.centerLongitude,11.582,,
General-290-20260718-16:35:03-5569,config,,,*.terminal[41].mob.radius,0.0,,
General-290-20260718-16:35:03-5569,config,,,*.terminal[41].mob.centerLatitude,50.110,,
General-290-20260718-16:35:03-5569,config,,,*.terminal[41].mob.centerLongitude,8.682,,
General-290-20260718-16:35:03-5569,config,,,*.terminal[42].mob.radius,0.0,,
General-290-20260718-16:35:03-5569,config,,,*.terminal[42].mob.centerLatitude,45.464,,
General-290-20260718-16:35:03-5569,config,,,*.terminal[42].mob.centerLongitude,9.190,,
General-290-20260718-16:35:03-5569,config,,,*.terminal[43].mob.radius,0.0,,
General-290-20260718-16:35:03-5569,config,,,*.terminal[43].mob.centerLatitude,40.851,,
General-290-20260718-16:35:03-5569,config,,,*.terminal[43].mob.centerLongitude,14.268,,
General-290-20260718-16:35:03-5569,config,,,*.terminal[44].mob.radius,0.0,,
General-290-20260718-16:35:03-5569,config,,,*.terminal[44].mob.centerLatitude,51.209,,
General-290-20260718-16:35:03-5569,config,,,*.terminal[44].mob.centerLongitude,3.224,,
General-290-20260718-16:35:03-5569,config,,,*.terminal[45].mob.radius,0.0,,
General-290-20260718-16:35:03-5569,config,,,*.terminal[45].mob.centerLatitude,48.208,,
General-290-20260718-16:35:03-5569,config,,,*.terminal[45].mob.centerLongitude,16.373,,
General-290-20260718-16:35:03-5569,config,,,*.terminal[46].mob.radius,0.0,,
General-290-20260718-16:35:03-5569,config,,,*.terminal[46].mob.centerLatitude,52.229,,
General-290-20260718-16:35:03-5569,config,,,*.terminal[46].mob.centerLongitude,21.012,,
General-290-20260718-16:35:03-5569,config,,,*.terminal[47].mob.radius,0.0,,
General-290-20260718-16:35:03-5569,config,,,*.terminal[47].mob.centerLatitude,59.913,,
General-290-20260718-16:35:03-5569,config,,,*.terminal[47].mob.centerLongitude,10.752,,
General-290-20260718-16:35:03-5569,config,,,*.terminal[48].mob.radius,0.0,,
General-290-20260718-16:35:03-5569,config,,,*.terminal[48].mob.centerLatitude,56.949,,
General-290-20260718-16:35:03-5569,config,,,*.terminal[48].mob.centerLongitude,24.105,,
General-290-20260718-16:35:03-5569,config,,,*.terminal[49].mob.radius,0.0,,
General-290-20260718-16:35:03-5569,config,,,*.terminal[49].mob.centerLatitude,59.437,,
General-290-20260718-16:35:03-5569,config,,,*.terminal[49].mob.centerLongitude,24.753,,
General-290-20260718-16:35:03-5569,config,,,*.terminal[50].mob.radius,0.0,,
General-290-20260718-16:35:03-5569,config,,,*.terminal[50].mob.centerLatitude,50.075,,
General-290-20260718-16:35:03-5569,config,,,*.terminal[50].mob.centerLongitude,14.437,,
General-290-20260718-16:35:03-5569,config,,,*.terminal[51].mob.radius,0.0,,
General-290-20260718-16:35:03-5569,config,,,*.terminal[51].mob.centerLatitude,42.697,,
General-290-20260718-16:35:03-5569,config,,,*.terminal[51].mob.centerLongitude,23.321,,
General-290-20260718-16:35:03-5569,config,,,*.terminal[52].mob.radius,0.0,,
General-290-20260718-16:35:03-5569,config,,,*.terminal[52].mob.centerLatitude,45.815,,
General-290-20260718-16:35:03-5569,config,,,*.terminal[52].mob.centerLongitude,15.981,,
General-290-20260718-16:35:03-5569,config,,,*.terminal[53].mob.radius,0.0,,
General-290-20260718-16:35:03-5569,config,,,*.terminal[53].mob.centerLatitude,40.640,,
General-290-20260718-16:35:03-5569,config,,,*.terminal[53].mob.centerLongitude,22.944,,
General-290-20260718-16:35:03-5569,config,,,*.terminal[54].mob.radius,0.0,,
General-290-20260718-16:35:03-5569,config,,,*.terminal[54].mob.centerLatitude,39.933,,
General-290-20260718-16:35:03-5569,config,,,*.terminal[54].mob.centerLongitude,32.859,,
General-290-20260718-16:35:03-5569,config,,,*.terminal[55].mob.radius,0.0,,
General-290-20260718-16:35:03-5569,config,,,*.terminal[55].mob.centerLatitude,38.419,,
General-290-20260718-16:35:03-5569,config,,,*.terminal[55].mob.centerLongitude,27.128,,
General-290-20260718-16:35:03-5569,config,,,*.terminal[56].mob.radius,0.0,,
General-290-20260718-16:35:03-5569,config,,,*.terminal[56].mob.centerLatitude,35.898,,
General-290-20260718-16:35:03-5569,config,,,*.terminal[56].mob.centerLongitude,14.514,,
General-290-20260718-16:35:03-5569,config,,,*.terminal[57].mob.radius,0.0,,
General-290-20260718-16:35:03-5569,config,,,*.terminal[57].mob.centerLatitude,65.683,,
General-290-20260718-16:35:03-5569,config,,,*.terminal[57].mob.centerLongitude,-18.087,,
General-290-20260718-16:35:03-5569,config,,,*.terminal[58].mob.radius,0.0,,
General-290-20260718-16:35:03-5569,config,,,*.terminal[58].mob.centerLatitude,28.463,,
General-290-20260718-16:35:03-5569,config,,,*.terminal[58].mob.centerLongitude,-16.251,,
General-290-20260718-16:35:03-5569,config,,,*.terminal[59].mob.radius,0.0,,
General-290-20260718-16:35:03-5569,config,,,*.terminal[59].mob.centerLatitude,35.185,,
General-290-20260718-16:35:03-5569,config,,,*.terminal[59].mob.centerLongitude,33.382,,
General-290-20260718-16:35:03-5569,config,,,**.numStations,3,,
General-290-20260718-16:35:03-5569,config,,,**.numStations,3,,
General-290-20260718-16:35:03-5569,config,,,*.station[0].mobility.latitude,55.752,,
General-290-20260718-16:35:03-5569,config,,,*.station[0].mobility.longitude,37.616,,
General-290-20260718-16:35:03-5569,config,,,*.station[0].cityName,"""Moscow""",,
General-290-20260718-16:35:03-5569,config,,,*.station[0].groundStationId,7,,
General-290-20260718-16:35:03-5569,config,,,*.station[0].routerAddr,"""10.0.0.29""",,
General-290-20260718-16:35:03-5569,config,,,*.station[0].serving,"""10.0.0.29""",,
General-290-20260718-16:35:03-5569,config,,,*.station[1].mobility.latitude,28.652,,
General-290-20260718-16:35:03-5569,config,,,*.station[1].mobility.longitude,77.231,,
General-290-20260718-16:35:03-5569,config,,,*.station[1].cityName,"""Delhi""",,
General-290-20260718-16:35:03-5569,config,,,*.station[1].groundStationId,11,,
General-290-20260718-16:35:03-5569,config,,,*.station[1].routerAddr,"""10.0.0.45""",,
General-290-20260718-16:35:03-5569,config,,,*.station[1].serving,"""10.0.0.45""",,
General-290-20260718-16:35:03-5569,config,,,*.station[2].mobility.latitude,25.35,,
General-290-20260718-16:35:03-5569,config,,,*.station[2].mobility.longitude,51.24,,
General-290-20260718-16:35:03-5569,config,,,*.station[2].cityName,"""Katar""",,
General-290-20260718-16:35:03-5569,config,,,*.station[2].groundStationId,19,,
General-290-20260718-16:35:03-5569,config,,,*.station[2].routerAddr,"""10.0.0.77""",,
General-290-20260718-16:35:03-5569,config,,,*.station[2].serving,"""10.0.0.77""",,
General-290-20260718-16:35:03-5569,config,,,*.visualizer.canvasVisualizer.mediumVisualizer.typename,,,
General-290-20260718-16:35:03-5569,config,,,*.visualizer.*.radioVisualizer.displayAntennaLobes,true,,
General-290-20260718-16:35:03-5569,config,,,*.visualizer.*.dataLinkVisualizer.displayLinks,true,,
General-290-20260718-16:35:03-5569,config,,,*.visualizer.*.mobilityVisualizer.displayMovementTrails,true,,
General-290-20260718-16:35:03-5569,config,,,*.visualizer.*.mobilityVisualizer.movementTrailLineWidth,1,,
General-290-20260718-16:35:03-5569,config,,,*.visualizer.*.mobilityVisualizer.trailLength,3000,,
General-290-20260718-16:35:03-5569,config,,,**.ttxStart_max,1s,,
General-290-20260718-16:35:03-5569,config,,,**.ttxIdle_min,10s,,
General-290-20260718-16:35:03-5569,config,,,**.ttxIdle_max,15s,,
General-290-20260718-16:35:03-5569,config,,,**.Ntw,1,,
General-290-20260718-16:35:03-5569,config,,,**.Ntx,5,,
General-290-20260718-16:35:03-5569,config,,,**.ttwDuration,100s,,
General-290-20260718-16:35:03-5569,config,,,output-scalar-file,results/results_florasat_ml_lstm/bilstm-raan-185-th-0.95-General-0.sca,,
General-290-20260718-16:35:03-5569,config,,,output-vector-file,results/results_florasat_ml_lstm/bilstm-raan-185-th-0.95-General-0.vec,,
General-290-20260718-16:35:03-5569,vector,Florasat_Individual_Sats.terminal[42].dlk.mac,vector_preds_BiLSTM,,,"1.07121549663 11.19237912353 22.28345055482 32.77806058293 46.16344489972 116.47789180023 131.4302854063 144.73045538506 157.57243148494 170.92653732375 231.24530228996 244.4562030104 257.50147447898 269.41026631254 283.91484550294 346.67318603303 357.75014359783 370.00712983124 380.55705178576 391.04104289716 461.12568683387 472.83367437124 485.86923009413 496.18534904485 509.44497553096 576.41352480557 590.29723667586 604.5553642516 617.03892225795 629.91842730948 691.61099554366 703.01017315337 715.19527584175 727.32729918533 740.97600810556","12184201.1 12184202.1 12184203.1 12184204.1 12184205.1 12190201.1 12190202.1 12190203 12190204 12190205 12196201 12196202 12196203 12196204 12196205 12202201 12202202 12202203 12202204 12202205 12208201 12208202 12208203 12208204 12208205 12214201 12214202 12214203 12214204 12214205 12220201 12220202 12220203 12220204 12220205"
General-290-20260718-16:35:03-5569,vector,Florasat_Individual_Sats.terminal[7].dlk.mac,vector_preds_BiLSTM,,,"1.08152910322 15.64045064454 28.3168196138 42.55060170963 53.70632023853 116.90625844663 130.78328897269 142.88941791654 153.23343238933 165.52078195056 231.05577664147 245.68360737455 259.95659535332 271.47968044668 285.04790083203 346.72606155113 360.02031546039 373.10218858602 387.21255110646 399.03513918234 461.67794793262 476.57668611035 491.43715677317 501.98701662943 513.21726970375 576.68926050584 591.41649181768 604.96515693422 619.80078970478 633.07647206285 691.41592650977 704.85323136393 715.52773859771 728.65303846262 739.26116675906","12180701.1 12180702.1 12180703.1 12180704.1 12180705.1 12186701.1 12186702.1 12186703 12186704 12186705 12192701 12192702 12192703 12192704 12192705 12198701 12198702 12198703 12198704 12198705 12204701 12204702 12204703 12204704 12204705 12210701 12210702 12210703 12210704 12210705 12216701 12216702 12216703 12216704 12216705"
General-290-20260718-16:35:03-5569,vector,Florasat_Individual_Sats.terminal[47].dlk.mac,vector_preds_BiLSTM,,,"1.09386848263 14.70472581895 27.89848961379 39.02335327911 52.47936420469 116.56364157493 128.51421755436 139.71221408853 153.23306799563 165.16326905391 231.61830238602 242.77510348195 256.89748629997 266.95455707912 281.60134379472 346.63879212947 357.16411073716 371.68542263122 384.92556496547 396.51620905172 461.42783141369 471.91634998098 484.84230055264 495.15007250383 509.27189262257 576.17013559467 588.93663556105 600.65659424196 615.60921291494 627.34075285983 691.70233358745 705.61167513602 716.04527984047 726.61446709186 738.11929347227","12184701.1 12184702.1 12184703.1 12184704.1 12184705.1 12190701.1 12190702.1 12190703.1 12190704.1 12190705.1 12196701.1 12196702.1 12196703 12196704 12196705 12202701 12202702 12202703 12202704 12202705 12208701 12208702 12208703 12208704 12208705 12214701 12214702 12214703 12214704 12214705 12220701 12220702 12220703 12220704 12220705"
General-290-20260718-16:35:03-5569,vector,Florasat_Individual_Sats.terminal[32].dlk.mac,vector_preds_BiLSTM,,,"1.09591619205 13.03300475329 26.53635191242 39.65537933842 52.18110311986 116.89172919327 131.87319466681 142.12481563515 156.24529966107 167.12888592226 231.29116327036 242.15992247802 252.98455531825 265.21255671396 280.15124149271 346.36207970278 357.49281876324 368.87809608783 381.5765389516 393.89129894855 461.32540280255 473.4153974466 487.72973411041 499.05511370999 509.3335008705 576.23205253994 586.32782366965 599.94578504143 610.30890539079 625.23299285583 691.60137419589 705.01235336065 718.31163406605 729.17905834154 742.98749482492","12183201.1 12183202.1 12183203.1 12183204.1 12183205.1 12189201.1 12189202.1 12189203 12189204 12189205 12195201 12195202 12195203 12195204 12195205 12201201 12201202 12201203 12201204 12201205 12207201 12207202 12207203 12207204 12207205 12213201 12213202 12213203 12213204 12213205 12219201 12219202 12219203 12219204 12219205"
General-290-20260718-16:35:03-5569,vector,Florasat_Individual_Sats.terminal[51].dlk.mac,vector_preds_BiLSTM,,,"1.10648575635 11.68012913247 22.82534970367 36.43640282727 46.83331046766 116.91539770854 131.29800093058 145.29829425668 159.55423817784 169.90170978057 231.14338500169 245.26751194359 256.39632705576 266.53960256698 276.54005414783 346.97278515343 358.73076657323 372.43895199057 386.64113604953 397.20971666067 461.6435588852 471.99730227026 486.03878589836 497.71821478638 512.42079248093 576.46271124133 588.22975474177 601.06109334971 612.54609835567 625.12454830343 691.97082279134 702.76178928442 716.10788380611 729.12786577246 742.84031898947","12185101.1 12185102.1 12185103.1 12185104.1 12185105.1 12191101.1 12191102.1 12191103 12191104 12191105 12197101 12197102 12197103 12197104 12197105 12203101 12203102 12203103 12203104 12203105 12209101 12209102 12209103 12209104 12209105 12215101 12215102 12215103 12215104 12215105 12221101 12221102 12221103 12221104 12221105"
General-290-20260718-16:35:03-5569,vector,Florasat_Individual_Sats.terminal[19].dlk.mac,vector_preds_BiLSTM,,,"1.1294819694 11.16048645112 24.00575216743 34.39165446441 44.590897921 116.34143116837 129.93886876339 143.87035161094 154.11118177185 164.18974952842 231.10982245742 242.74593709362 256.36878702649 269.40691184694 283.90294123417 346.05733558536 359.96031735442 371.37197166216 382.75305997115 397.15941416333 461.32311278279 473.75203353376 487.94461993873 499.169459583 513.30427746777 576.60516546853 589.5459927856 603.63032875513 616.26282788045 628.03710461757 691.91470223572 706.04683715594 716.7598965948 729.11541721062 742.46140858485","12181901.1 12181902.1 12181903.1 12181904.1 12181905.1 12187901.1 12187902.1 12187903.1 12187904.1 12187905.1 12193901.1 12193902 12193903 12193904 12193905 12199901 12199902 12199903 12199904 12199905 12205901 12205902 12205903 12205904 12205905 12211901 12211902 12211903 12211904 12211905 12217901 12217902 12217903 12217904 12217905"
General-290-20260718-16:35:03-5569,vector,Florasat_Individual_Sats.terminal[11].dlk.mac,vector_preds_BiLSTM,,,"1.13899325323 14.07198534999 28.92802932602 41.67800784646 51.95904739852 116.15284239152 129.66151746316 140.37917820481 154.03662236384 165.14132586517 231.53378028795 244.99625268415 257.75224191509 272.28555804142 282.754245552 346.00607633218 356.73602983914 370.23105107573 382.7009842426 397.11425851541 461.48287230683 474.09767272812 485.47244241391 498.00674165878 510.08241493534 576.92097681621 588.20844914345 601.33954038657 613.44137009978 626.82572891051 691.15544186113 704.48577758064 715.70433587208 727.87250722549 738.07569197868","12181101.1 12181102.1 12181103.1 12181104.1 12181105.1 12187101.1 12187102.1 12187103 12187104 12187105 12193101 12193102 12193103 12193104 12193105 12199101.1 12199102.1 12199103.1 12199104.1 12199105 12205101 12205102 12205103 12205104 12205105 12211101 12211102 12211103 12211104 12211105 12217101 12217102 12217103 12217104 12217105"
General-290-20260718-16:35:03-5569,vector,Florasat_Individual_Sats.terminal[10].dlk.mac,vector_preds_BiLSTM,,,"1.14321126253 14.14041256765 25.30438015587 39.97179487604 53.43777332455 116.2842126356 128.23036028445 140.9684144021 154.62961529638 168.18058403232 231.8705490469 244.90379250771 257.1187801396 267.53915502271 278.72760032583 346.0942482457 359.63930552685 373.62058439734 385.2348428776 398.36207078863 461.6940867079 472.1424800104 482.45489132404 494.06426886492 507.65257722046 576.87737324229 590.19891265035 604.38186249882 614.79026874714 627.73574936274 691.21340038534 706.08081886824 718.90282031777 729.82510823803 742.33903057687","12181001.1 12181002.1 12181003.1 12181004.1 12181005.1 12187001.1 12187002.1 12187003 12187004 12187005 12193001 12193002 12193003 12193004 12193005 12199001 12199002 12199003 12199004 12199005 12205001 12205002 12205003 12205004 12205005 12211001 12211002 12211003 12211004 12211005 12217001 12217002 12217003 12217004 12217005"
General-290-20260718-16:35:03-5569,vector,Florasat_Individual_Sats.terminal[14].dlk.mac,vector_preds_BiLSTM,,,"1.1691308422 15.27358309878 26.67821153114 38.47700534552 48.97545868578 116.64064605394 129.08109442703 141.84480844438 153.60350529454 168.02497694409 231.70503913891 244.33679791168 257.28022833472 271.78356057267 283.32787377761 346.51351405913 360.65637675137 372.27554398845 385.69527872396 397.60859237192 461.06052179728 474.02932224819 484.60674330616 495.30883112597 505.87225623569 576.33252807846 591.13344548805 602.80890754959 617.01562370592 627.23142646206 691.3617508132 705.11479618447 716.70081240311 729.56465049949 741.14321466838","12181401.1 12181402.1 12181403.1 12181404.1 12181405.1 12187401.1 12187402.1 12187403 12187404 12187405 12193401 12193402 12193403 12193404 12193405 12199401 12199402 12199403 12199404 12199405 12205401 12205402 12205403 12205404 12205405 12211401 12211402 12211403 12211404 12211405 12217401 12217402 12217403 12217404 12217405"
General-290-20260718-16:35:03-5569,vector,Florasat_Individual_Sats.terminal[15].dlk.mac,vector_preds_BiLSTM,,,"1.17012853385 13.85058891843 25.92087168363 37.7836977155 52.18124548672 116.21896232711 128.37828645715 142.13502068072 153.58786598546 165.46959566185 231.19486014033 243.01916073566 254.96709423746 266.61225111946 277.81241851068 346.89391726814 358.58731763041 369.91584777552 380.79847653931 392.46064901887 461.31456008949 474.24034232809 487.64061690378 501.27707789489 515.35668715672 576.89057640731 589.306674822 601.87919902615 615.57260238565 628.54021054576 691.84011248569 704.76899041608 715.18313164986 726.605474649 738.74724408426","12181501.1 12181502.1 12181503.1 12181504.1 12181505.1 12187501.1 12187502.1 12187503 12187504 12187505 12193501 12193502 12193503 12193504 12193505 12199501 12199502 12199503 12199504 12199505 12205501 12205502 12205503 12205504 12205505 12211501 12211502 12211503 12211504 12211505 12217501 12217502 12217503 12217504 12217505"
General-290-20260718-16:35:03-5569,vector,Florasat_Individual_Sats.terminal[52].dlk.mac,vector_preds_BiLSTM,,,"1.18338809069 14.56791290152 25.57653351524 37.05235814978 49.69927721028 116.60733395326 129.72441744711 143.24990639533 156.58394639101 167.4596630265 231.61230946961 243.9936040279 256.27669954859 267.94482390699 278.14621137641 346.06145821954 356.74230918265 368.08636186505 382.85259599192 395.64820539183 461.98201153451 472.63580861409 486.36025721813 497.90929279314 509.61061405857 576.7699707679 588.46240728465 603.00119367382 613.78621225548 624.06685672072 691.81898937048 702.14090959937 716.81490027648 727.82424895977 740.04827865701","12185201.1 12185202.1 12185203.1 12185204.1 12185205.1 12191201.1 12191202.1 12191203 12191204 12191205 12197201 12197202 12197203 12197204 12197205 12203201 12203202 12203203 12203204 12203205 12209201 12209202 12209203 12209204 12209205 12215201 12215202 12215203 12215204 12215205 12221201 12221202 12221203 12221204 12221205"
General-290-20260718-16:35:03-5569,vector,Florasat_Individual_Sats.terminal[22].dlk.mac,vector_preds_BiLSTM,,,"1.18585587898 14.56514969771 27.86391435378 38.75181438006 51.01427927567 116.19193861121 130.50312749785 144.36058186786 158.61384678608 172.77816882682 231.97549822531 242.77827077685 253.90285409894 267.18557706592 279.6317074881 346.63275191141 357.98812517593 370.14261812134 381.64387619518 394.44429186568 461.40023763105 474.73972027236 486.54703173949 501.15640004677 513.20351153542 576.09348439611 590.35628113197 603.99667509482 618.71370712993 630.10659962426 691.65905219316 702.84243873017 716.44999827304 727.88509587337 742.87000544647","12182201.1 12182202.1 12182203.1 12182204.1 12182205.1 12188201.1 12188202.1 12188203 12188204 12188205 12194201 12194202 12194203 12194204 12194205 12200201 12200202 12200203 12200204 12200205 12206201 12206202 12206203 12206204 12206205 12212201 12212202 12212203 12212204 12212205 12218201 12218202 12218203 12218204 12218205"
General-290-20260718-16:35:03-5569,vector,Florasat_Individual_Sats.terminal[37].dlk.mac,vector_preds_BiLSTM,,,"1.20032239845 15.06735608936 26.20286741899 36.98967032157 51.12583619332 116.48951469827 129.21483027073 141.14280434464 154.51356497615 166.32098412861 231.6924768032 243.39228075789 255.68562923209 266.75811894098 280.70409034355 346.73243826139 357.1921809495 369.74978780025 384.54325320432 394.92013153387 461.59124867106 472.61816327158 485.93885189901 499.62010714971 512.58213637327 576.75675834948 587.56746032345 600.21891312511 614.51218253887 627.09880714608 691.39011508483 706.12562118727 719.66984698014 729.70874103299 740.0074907851","12183701.1 12183702.1 12183703.1 12183704.1 12183705.1 12189701.1 12189702.1 12189703 12189704 12189705 12195701 12195702 12195703 12195704 12195705 12201701 12201702 12201703 12201704 12201705 12207701 12207702 12207703 12207704 12207705 12213701 12213702 12213703 12213704 12213705 12219701 12219702 12219703 12219704 12219705"
General-290-20260718-16:35:03-5569,vector,Florasat_Individual_Sats.terminal[3].dlk.mac,vector_preds_BiLSTM,,,"1.23027744517 11.40103092697 25.86651341571 40.64763440332 52.09413750261 116.33624469582 130.92764591984 142.29102559224 156.3219805418 166.51149798603 231.5565753046 245.0069777614 257.94098830596 272.56528837886 285.53966387222 346.34437866695 359.6930821829 370.5243091071 384.64477857179 397.46597881499 461.51123526925 473.0067198358 483.90315168141 495.12571051786 506.17346837371 576.2543275163 590.47521846625 603.73651226074 618.55842027487 630.51822326053 691.50578924874 703.10651034885 713.74977901997 726.2125889149 738.96970958519","12180301.1 12180302.1 12180303.1 12180304.1 12180305.1 12186301.1 12186302.1 12186303 12186304 12186305 12192301 12192302 12192303 12192304 12192305 12198301 12198302 12198303 12198304 12198305 12204301 12204302 12204303 12204304 12204305 12210301 12210302 12210303 12210304 12210305 12216301 12216302 12216303 12216304 12216305"
General-290-20260718-16:35:03-5569,vector,Florasat_Individual_Sats.terminal[5].dlk.mac,vector_preds_BiLSTM,,,"1.2517637678 12.31478336268 24.49630300166 38.58926176327 48.80945095095 116.02952833613 130.58731722273 140.99540565373 154.17708937754 164.92807234731 231.83643971826 243.22867548931 254.31985485041 267.17435809457 281.3590509633 346.7684366887 357.30287572905 369.82726410567 384.006905752 395.18612405937 461.26637778035 471.87743856478 486.44606275041 500.03321379679 512.07794590643 576.59261551802 590.19420706318 604.59042885807 614.91129014874 625.73815339478 691.51593402261 705.69457505597 718.81961338106 730.47567624483 741.22049778002","12180501.1 12180502.1 12180503.1 12180504.1 12180505.1 12186501.1 12186502.1 12186503 12186504 12186505 12192501 12192502 12192503 12192504 12192505 12198501 12198502 12198503 12198504 12198505 12204501 12204502 12204503 12204504 12204505 12210501 12210502 12210503 12210504 12210505 12216501 12216502 12216503 12216504 12216505"
General-290-20260718-16:35:03-5569,vector,Florasat_Individual_Sats.terminal[56].dlk.mac,vector_preds_BiLSTM,,,"1.26355803967 13.96533993003 25.27434142586 38.29209069419 52.10444396641 116.62970176921 128.61676166672 141.07582792779 153.51908248988 164.86004267609 231.41135117412 243.20124158892 254.28264700715 266.07411970175 277.79798057769 346.63455737312 360.09792894963 371.22872841917 385.64376131305 398.32070329482 461.01268869708 475.32145281089 489.35164382564 503.69978052447 515.9688778303 576.69477494992 589.82922083791 602.71575987665 613.44691204699 628.08560625511 691.60159716755 706.36832490121 720.92080420605 730.94204310351 742.9946316618","12185601.1 12185602.1 12185603.1 12185604.1 12185605.1 12191601.1 12191602.1 12191603 12191604 12191605 12197601 12197602 12197603 12197604 12197605 12203601 12203602 12203603 12203604 12203605 12209601 12209602 12209603 12209604.1 12209605.1 12215601.1 12215602.1 12215603.1 12215604.1 12215605.1 12221601 12221602 12221603 12221604 12221605"
General-290-20260718-16:35:03-5569,vector,Florasat_Individual_Sats.terminal[0].dlk.mac,vector_preds_BiLSTM,,,"1.28853469598 11.79666841146 26.57506044697 36.64274335815 48.90213027922 116.42841408867 130.29616587702 143.82341157435 154.73606457724 167.95837519481 231.70617576246 244.01982279052 258.84906306653 273.47097540647 285.09304846777 346.3999920839 360.62763958937 374.79226477212 388.8961064769 401.57230208745 461.7048219128 475.54124996089 488.43142149411 501.2476262371 514.24722354765 576.65306615713 590.78091426007 604.75757464952 616.83347133756 630.66721906838 691.79640373355 701.95284697833 712.98334130925 724.22474225541 735.08761417144","12180001.1 12180002.1 12180003.1 12180004.1 12180005.1 12186001.1 12186002.1 12186003 12186004 12186005 12192001 12192002 12192003 12192004 12192005 12198001 12198002 12198003 12198004 12198005 12204001 12204002 12204003 12204004 12204005 12210001 12210002 12210003 12210004 12210005 12216001 12216002 12216003 12216004 12216005"
General-290-20260718-16:35:03-5569,vector,Florasat_Individual_Sats.terminal[36].dlk.mac,vector_preds_BiLSTM,,,"1.3230970765 11.89978694846 23.7427020953 35.40998871275 48.04689738038 116.47696144599 126.93252960988 140.1682716161 152.565902428 165.97676278976 231.6831139219 243.97856429569 258.41660677922 271.6394471482 286.22413295439 346.46994077205 360.62672368088 371.73234343948 384.35149347829 395.90799405775 461.23942744802 472.39653653 482.93271102361 493.70075744344 504.3383660866 576.20832670014 587.80750991194 598.65751077537 612.259197979 622.46465548873 691.93818452698 706.88722672686 717.84329516278 730.22765216465 741.32513119072","12183601.1 12183602.1 12183603.1 12183604.1 12183605.1 12189601.1 12189602.1 12189603 12189604 12189605 12195601 12195602 12195603 12195604 12195605 12201601 12201602 12201603 12201604 12201605 12207601 12207602 12207603 12207604 12207605 12213601 12213602 12213603 12213604 12213605 12219601 12219602 12219603 12219604 12219605"
General-290-20260718-16:35:03-5569,vector,Florasat_Individual_Sats.terminal[9].dlk.mac,vector_preds_BiLSTM,,,"1.33071705396 14.34284750768 25.77387445769 38.86512539978 48.89948541578 116.58317838376 128.60988653428 143.56107902876 158.09151791199 171.06348813092 231.72620477411 246.68536504055 259.31828612717 271.06962551618 283.75055235018 346.79637328279 360.87601191504 372.81252696086 383.73246681318 398.31299278676 461.3016846024 471.85717161908 483.84202156263 498.80297399057 509.16870987556 576.29009529063 591.21882616006 602.44640290667 615.8990865869 627.22199829458 691.13503816095 702.25924656167 714.74379011802 728.12155364686 738.54119510995","12180901.1 12180902.1 12180903.1 12180904.1 12180905.1 12186901.1 12186902.1 12186903 12186904 12186905 12192901 12192902 12192903 12192904 12192905 12198901.1 12198902.1 12198903 12198904 12198905 12204901 12204902 12204903 12204904 12204905 12210901 12210902 12210903 12210904 12210905 12216901 12216902 12216903 12216904 12216905"
General-290-20260718-16:35:03-5569,vector,Florasat_Individual_Sats.terminal[27].dlk.mac,vector_preds_BiLSTM,,,"1.33947761939 11.83384346869 24.53345038905 35.80412153364 47.44632995315 116.30277890619 128.95639292221 141.64091491281 153.55964378362 167.82386905422 231.96372155589 245.05462169438 257.34526476148 267.87472181512 282.67297776673 346.71504129749 356.71714329021 367.43494391069 378.17447317741 389.03583177691 461.23815355985 473.34318682714 484.44192170212 497.12219980941 511.75624655955 576.44470306905 588.31146105053 599.38535938831 610.90697492915 621.93433529092 691.49359230371 701.5164922371 714.48276217514 728.69682189379 743.55479136411","12182701.1 12182702.1 12182703.1 12182704.1 12182705.1 12188701.1 12188702.1 12188703 12188704 12188705 12194701 12194702 12194703 12194704 12194705 12200701 12200702 12200703 12200704 12200705 12206701 12206702 12206703 12206704 12206705 12212701 12212702 12212703 12212704 12212705 12218701 12218702 12218703 12218704 12218705"
General-290-20260718-16:35:03-5569,vector,Florasat_Individual_Sats.terminal[13].dlk.mac,vector_preds_BiLSTM,,,"1.35734614707 15.65141033754 27.80914127617 38.77595830033 50.15140226483 116.98578391457 127.65324979438 142.6385669352 154.19393672375 166.36633660295 231.93247711705 243.61574433814 257.94022073457 270.8549201088 283.29714472941 346.57472447306 360.08298581163 372.52124520181 385.60620194813 396.41139721428 461.6019257938 472.56764931604 482.91545040672 495.80700836726 507.83743693842 576.58807319216 591.17936067492 603.42843971773 614.86151632829 629.62200237531 691.06663555256 701.78345302818 715.79182042973 730.40125998319 740.63672660501","12181301.1 12181302.1 12181303.1 12181304.1 12181305.1 12187301.1 12187302.1 12187303 12187304 12187305 12193301 12193302 12193303 12193304 12193305 12199301 12199302 12199303 12199304 12199305 12205301 12205302 12205303 12205304.1 12205305.1 12211301 12211302 12211303 12211304 12211305 12217301 12217302 12217303 12217304 12217305"
General-290-20260718-16:35:03-5569,vector,Florasat_Individual_Sats.terminal[8].dlk.mac,vector_preds_BiLSTM,,,"1.36124498211 16.28145733033 26.38138532987 36.80023159947 47.82937554409 116.75488439552 130.46558799386 142.22115277477 153.80927643321 166.47015147076 231.14422215568 244.14969643299 255.54485461978 268.28722524062 278.83571707365 346.45935027255 357.70399357518 368.57247898215 383.4737181859 393.81474995379 461.04966672184 472.84272153908 485.62998493365 500.49130269606 514.48821780901 576.02426836523 586.87337802513 600.92523970431 615.25097267492 627.547609088 691.01435502223 703.68597813929 714.46429766762 724.89292106406 739.36159972149","12180801.1 12180802.1 12180803.1 12180804.1 12180805.1 12186801.1 12186802.1 12186803 12186804 12186805 12192801 12192802 12192803 12192804 12192805 12198801 12198802 12198803 12198804 12198805 12204801 12204802 12204803 12204804 12204805 12210801 12210802 12210803 12210804 12210805 12216801 12216802 12216803 12216804 12216805"
General-290-20260718-16:35:03-5569,vector,Florasat_Individual_Sats.terminal[24].dlk.mac,vector_preds_BiLSTM,,,"1.37412934657 16.20005069277 28.36195971095 41.91344150319 56.54559406312 116.10645777336 129.81207755184 141.94693622435 152.59183908021 166.9782866179 231.14198322408 242.11805352941 253.77115150913 266.19968274608 279.91459050565 346.50463279663 356.96598972055 371.47851456749 381.78802252375 394.51804762567 461.92931669182 472.17087291065 484.98928674963 497.28134315811 509.81173124747 576.92741405475 590.66483606841 602.11525552697 614.29874743941 624.75326410519 691.99962827866 704.05182221346 715.24609365757 730.22789284727 743.61729948456","12182401.1 12182402.1 12182403.1 12182404.1 12182405.1 12188401.1 12188402.1 12188403 12188404 12188405 12194401 12194402 12194403 12194404 12194405 12200401 12200402 12200403 12200404 12200405 12206401 12206402 12206403 12206404 12206405 12212401 12212402 12212403 12212404 12212405 12218401 12218402 12218403 12218404 12218405"
General-290-20260718-16:35:03-5569,vector,Florasat_Individual_Sats.terminal[6].dlk.mac,vector_preds_BiLSTM,,,"1.39958225074 13.40416920022 23.67959468509 34.61322020856 46.86285879812 116.98566660867 129.57168023218 139.71710004727 153.49237090908 165.0408073538 231.82197583211 246.14502697438 258.0478355831 270.86638096324 285.65006765374 346.03769157431 356.60575263784 368.20738834212 382.06228663562 394.09659548313 461.32420918252 474.43483035359 484.49000324052 497.14695587102 510.22155446163 576.30934984842 586.71199165005 596.97098877933 607.09909938346 620.86360136932 691.89070098032 704.48684407444 716.32644837884 727.10047596063 741.86692093661","12180601.1 12180602.1 12180603.1 12180604.1 12180605.1 12186601.1 12186602.1 12186603 12186604 12186605 12192601 12192602 12192603 12192604 12192605 12198601 12198602 12198603 12198604 12198605 12204601 12204602 12204603 12204604 12204605 12210601 12210602.1 12210603.1 12210604.1 12210605.1 12216601 12216602 12216603 12216604 12216605"
General-290-20260718-16:35:03-5569,vector,Florasat_Individual_Sats.terminal[31].dlk.mac,vector_preds_BiLSTM,,,"1.45024708891 13.59409299749 27.96705175843 38.1904932328 51.02227167529 116.99675684329 130.3993053385 141.89077992574 154.06025752308 169.00016569066 231.36881309212 243.25568935135 255.15798252774 265.78382770996 279.37993278843 346.10619434854 356.43513572286 369.87033737241 381.52684700559 393.22321524727 461.44488652213 473.00600644527 486.58125290973 501.43951964076 512.80463891547 576.84551169025 587.8537867181 600.10858976725 610.52513632318 625.43144696602 691.96898154286 705.21302283812 717.79381174548 732.19259188115 746.97975005559","12183101.1 12183102.1 12183103.1 12183104.1 12183105.1 12189101.1 12189102.1 12189103 12189104 12189105 12195101 12195102 12195103 12195104 12195105 12201101 12201102 12201103 12201104 12201105 12207101 12207102 12207103 12207104 12207105 12213101 12213102 12213103 12213104 12213105 12219101 12219102 12219103 12219104 12219105"
General-290-20260718-16:35:03-5569,vector,Florasat_Individual_Sats.terminal[38].dlk.mac,vector_preds_BiLSTM,,,"1.46652572276 14.08732180321 25.81521024066 40.36816964229 52.42563921796 116.39541365649 128.91502310033 143.06597585767 156.37820054638 170.50756948628 231.50443591853 241.75091927266 253.6246668126 264.03038476687 275.9562876923 346.55246182089 360.87761595939 371.69984633197 384.71743188543 396.15343102697 461.8319967601 475.3430726172 486.35232130672 500.16576137767 510.85114349984 576.53517153207 588.96367322281 599.87208032259 614.63386653085 625.34384820937 691.36079709115 704.79627572535 718.08819856215 728.78300736961 741.11592239654","12183801.1 12183802.1 12183803.1 12183804.1 12183805.1 12189801.1 12189802.1 12189803 12189804 12189805 12195801 12195802 12195803 12195804 12195805 12201801 12201802 12201803 12201804 12201805 12207801 12207802 12207803 12207804 12207805 12213801 12213802 12213803 12213804 12213805 12219801 12219802 12219803 12219804 12219805"
General-290-20260718-16:35:03-5569,vector,Florasat_Individual_Sats.terminal[30].dlk.mac,vector_preds_BiLSTM,,,"1.47169590136 15.13750906242 29.15175149124 43.7758964349 57.13245083601 116.0804973091 129.96725246799 144.04871620727 157.88532428001 171.0393872452 231.36506304145 242.02675188542 252.42500994238 263.98062952328 274.17923381668 346.29417067138 358.00124335429 369.48121958622 380.65349914809 393.49336548685 461.61907356372 473.82014683937 488.24942754489 499.01682859893 512.75256424584 576.27459979849 590.31174606644 603.27892092872 614.77974370588 625.12103743269 691.42632502154 704.00856921123 715.69349873601 728.69031959236 741.35576997208","12183001.1 12183002.1 12183003.1 12183004.1 12183005.1 12189001.1 12189002.1 12189003 12189004 12189005 12195001 12195002 12195003 12195004 12195005 12201001 12201002 12201003 12201004 12201005 12207001 12207002 12207003 12207004 12207005 12213001 12213002 12213003 12213004 12213005 12219001 12219002 12219003 12219004 12219005"
General-290-20260718-16:35:03-5569,vector,Florasat_Individual_Sats.terminal[59].dlk.mac,vector_preds_BiLSTM,,,"1.4892785151 14.06800635787 24.60467878309 35.48578500211 49.47716811834 116.69035794446 130.06901618791 144.58097278955 157.64724683365 172.14050557929 231.86903063837 244.81393927522 255.37308000308 265.790839914 278.15403303644 346.41880824976 360.6977340316 371.3293206743 384.00698278263 395.26461600839 461.62672687648 475.28278180957 488.80847304571 501.2576708952 511.82837505336 576.50123478728 591.37823326862 605.04953708499 615.78645612345 626.31054050987 691.28204724705 704.15309888497 717.30352883413 729.19339972268 742.88132403581","12185901.1 12185902.1 12185903.1 12185904.1 12185905.1 12191901.1 12191902.1 12191903 12191904 12191905 12197901 12197902 12197903 12197904 12197905 12203901 12203902 12203903 12203904 12203905 12209901 12209902 12209903 12209904 12209905 12215901 12215902 12215903 12215904 12215905 12221901 12221902 12221903 12221904 12221905"
General-290-20260718-16:35:03-5569,vector,Florasat_Individual_Sats.terminal[2].dlk.mac,vector_preds_BiLSTM,,,"1.51321355277 12.84249604587 25.93805340608 37.78219451337 48.02340523131 116.06388368248 126.76885055448 140.87742428132 153.67915035528 166.65373002132 231.05838629627 242.98231211468 253.98253383441 267.34824471851 277.35279762396 346.44709248119 356.94840787235 367.74240608118 380.90989646642 394.77404640313 461.78462892422 474.50134176296 488.78519732157 499.25494137454 510.60006777408 576.520421091 588.58767231623 602.66569459391 614.5680189277 626.82281036442 691.73324768269 704.33691293886 716.1888974621 728.34459959832 742.0090704523","12180201.1 12180202.1 12180203.1 12180204.1 12180205.1 12186201.1 12186202.1 12186203 12186204 12186205 12192201 12192202 12192203 12192204 12192205 12198201 12198202 12198203 12198204 12198205 12204201 12204202 12204203 12204204 12204205 12210201 12210202 12210203 12210204 12210205 12216201 12216202 12216203 12216204 12216205"
General-290-20260718-16:35:03-5569,vector,Florasat_Individual_Sats.terminal[43].dlk.mac,vector_preds_BiLSTM,,,"1.51648938889 16.11420570757 30.68961169222 44.15449850145 56.90020450275 116.20792408474 128.76588682411 141.56938930391 152.10863913525 164.83481094822 231.27279428532 243.55137523613 258.36099850014 270.70558162173 281.78365557105 346.75023944443 359.12507965206 373.70995235722 385.36839649057 398.98028050642 461.32968447777 474.67596891826 485.9301482353 498.16396042263 509.37363576401 576.18790685176 587.88215387473 601.08669017535 611.17879030854 622.68066791213 691.14676628984 702.84895900777 715.12271508365 725.93700426887 738.12276959908","12184301.1 12184302.1 12184303.1 12184304.1 12184305.1 12190301.1 12190302.1 12190303 12190304 12190305 12196301 12196302 12196303 12196304 12196305 12202301 12202302 12202303 12202304 12202305 12208301 12208302.1 12208303.1 12208304.1 12208305.1 12214301.1 12214302.1 12214303.1 12214304.1 12214305 12220301 12220302 12220303 12220304 12220305"
General-290-20260718-16:35:03-5569,vector,Florasat_Individual_Sats.terminal[46].dlk.mac,vector_preds_BiLSTM,,,"1.5353913242 13.61371626589 26.16833020794 36.4076478975 50.55738038012 116.51339472155 131.41250403831 143.02472325624 155.00712285168 168.48592131283 231.61882107216 245.87167564849 259.42631651484 269.76182003924 281.67421040776 346.91885882523 357.21957872855 368.50481630653 382.62480447885 395.50152620651 461.95551640866 472.92116074636 483.94657263578 494.00591646949 507.4956231045 576.84772925638 591.09008327313 604.86290103477 617.52757783584 632.50763059897 691.31320455763 705.56457329494 717.67276231967 731.41073948773 745.04800692852","12184601.1 12184602.1 12184603.1 12184604.1 12184605.1 12190601.1 12190602.1 12190603 12190604 12190605 12196601 12196602 12196603 12196604 12196605 12202601 12202602 12202603 12202604 12202605 12208601 12208602 12208603 12208604 12208605 12214601 12214602 12214603 12214604 12214605 12220601 12220602 12220603 12220604 12220605"
General-290-20260718-16:35:03-5569,vector,Florasat_Individual_Sats.terminal[49].dlk.mac,vector_preds_BiLSTM,,,"1.5425319944 16.05189342144 27.76984225352 39.50379932624 52.21016479282 116.40778903454 126.87850238011 141.44686004217 155.82650128822 165.94581995928 231.57901943172 243.26476128399 256.33309785719 271.30146721238 285.24892111635 346.52735607722 360.6326824266 373.59810902411 386.00954053248 399.53260101634 461.86484108958 475.73806839808 490.72295919223 504.33381631434 515.14896394381 576.61556531815 587.49693282321 597.78352553747 612.15107137361 625.0619425464 691.58131218399 704.01014777017 715.29319844325 729.27088494995 741.69366049348","12184901.1 12184902.1 12184903.1 12184904.1 12184905.1 12190901.1 12190902.1 12190903.1 12190904.1 12190905.1 12196901.1 12196902 12196903 12196904 12196905 12202901 12202902 12202903 12202904 12202905 12208901 12208902 12208903 12208904 12208905 12214901 12214902 12214903 12214904 12214905 12220901 12220902 12220903 12220904 12220905"
General-290-20260718-16:35:03-5569,vector,Florasat_Individual_Sats.terminal[57].dlk.mac,vector_preds_BiLSTM,,,"1.56870598439 16.19731498067 29.61113571422 43.79930544994 56.38196776621 116.84812512319 130.41662358283 142.40167877707 155.25080481731 168.74356969563 231.1762715166 245.75051851804 257.81939885347 270.64851073782 281.71948849923 346.21088120388 359.66593932826 369.73305385094 380.34138899413 392.22031505662 461.20567088178 471.89109882968 485.82271232432 499.46773695456 511.37134072882 576.20642146561 590.34548273659 603.52168485638 617.13618561625 631.75209850654 691.53419975378 706.18498816458 718.22748245509 730.32043407392 742.37585291569","12185701.1 12185702.1 12185703.1 12185704.1 12185705.1 12191701.1 12191702.1 12191703 12191704 12191705 12197701 12197702 12197703 12197704 12197705 12203701 12203702 12203703 12203704 12203705 12209701 12209702 12209703 12209704 12209705 12215701 12215702 12215703 12215704 12215705 12221701 12221702 12221703 12221704 12221705"
General-290-20260718-16:35:03-5569,vector,Florasat_Individual_Sats.terminal[50].dlk.mac,vector_preds_BiLSTM,,,"1.58202823927 15.19089081185 26.54377086763 39.76670658891 52.60106866807 116.1898538447 130.2059472946 141.46454970935 155.28762214468 169.79216601234 231.1451429578 245.82958660158 256.72003267519 269.32059093681 280.68192789284 346.31573714525 360.06300347717 373.25943723414 388.17039741529 398.33563213097 461.2222670943 474.97603287501 485.52203274611 496.778844635 509.08529275609 576.67839364219 587.84880875797 601.13112551347 611.86409417261 622.20240856475 691.14945360855 702.68894062424 717.3663349885 730.00407247967 741.37529837596","12185001.1 12185002.1 12185003.1 12185004.1 12185005.1 12191001.1 12191002.1 12191003 12191004 12191005 12197001 12197002 12197003 12197004 12197005 12203001.1 12203002 12203003 12203004 12203005 12209001 12209002 12209003 12209004 12209005 12215001 12215002 12215003 12215004 12215005 12221001 12221002 12221003 12221004 12221005"
General-290-20260718-16:35:03-5569,vector,Florasat_Individual_Sats.terminal[45].dlk.mac,vector_preds_BiLSTM,,,"1.60209492175 12.71239470784 26.70476548816 39.4440308304 54.39927081088 116.01669549756 127.78097982798 138.91658769269 153.55730299885 163.60844851868 231.62509335321 242.36697204527 256.95456508081 267.20527654164 279.09990798449 346.63699364266 359.22431627498 373.21970005496 385.51185869472 395.57281464664 461.23189078877 474.0504791122 488.44061449171 502.36926480547 515.65132308171 576.98162848782 591.89986419119 602.81265162583 613.10444507701 627.37277172808 691.32839475805 703.88203859842 717.49619000522 731.09351425013 742.73309706524","12184501.1 12184502.1 12184503.1 12184504.1 12184505.1 12190501.1 12190502.1 12190503 12190504 12190505 12196501 12196502 12196503 12196504 12196505 12202501 12202502.1 12202503.1 12202504.1 12202505.1 12208501 12208502 12208503 12208504 12208505 12214501 12214502 12214503 12214504 12214505 12220501 12220502 12220503 12220504 12220505"
General-290-20260718-16:35:03-5569,vector,Florasat_Individual_Sats.terminal[34].dlk.mac,vector_preds_BiLSTM,,,"1.61554327025 14.76775770332 28.66633152962 42.06046061614 56.37683958188 116.3186322921 130.07667463157 141.91704879283 155.68907797803 168.21779742256 231.86026647617 242.85493502207 254.29520904715 267.08152034366 277.94521008082 346.43102200609 356.48468706897 366.74288314907 378.45424441411 391.99324952462 461.98240520479 473.45191779942 488.36133675812 503.08949581044 517.27528904494 576.93828191515 589.5101283039 603.17108782498 615.00947676856 627.05269978406 691.90411502006 706.61137594003 721.34885027748 733.18452811776 743.55897737759","12183401.1 12183402.1 12183403.1 12183404.1 12183405.1 12189401.1 12189402.1 12189403 12189404 12189405 12195401 12195402 12195403 12195404 12195405 12201401 12201402 12201403 12201404 12201405 12207401 12207402 12207403 12207404 12207405 12213401 12213402 12213403 12213404 12213405 12219401 12219402 12219403 12219404 12219405"
General-290-20260718-16:35:03-5569,vector,Florasat_Individual_Sats.terminal[33].dlk.mac,vector_preds_BiLSTM,,,"1.61614656821 16.50855963025 29.20483924239 43.10863326676 54.26720993849 116.53764457745 130.81006508973 144.39754803619 158.97719848157 169.15520987428 231.09624946257 242.42934027105 256.37485396816 269.6574686328 280.90536969016 346.89162704418 359.79051392665 374.10566815664 387.54923101421 402.12183570861 461.40552045987 474.30893829535 488.90699017653 503.84207728063 516.46202522307 576.06477577798 588.26626746892 603.09567972645 616.23891256261 628.60220522131 691.16983311577 704.16490730574 718.6707606921 729.97476354451 741.1924324031","12183301.1 12183302.1 12183303.1 12183304.1 12183305.1 12189301.1 12189302.1 12189303 12189304 12189305 12195301 12195302 12195303 12195304 12195305 12201301 12201302 12201303 12201304 12201305 12207301 12207302 12207303 12207304 12207305 12213301 12213302 12213303 12213304 12213305 12219301 12219302 12219303 12219304 12219305"
General-290-20260718-16:35:03-5569,vector,Florasat_Individual_Sats.terminal[41].dlk.mac,vector_preds_BiLSTM,,,"1.61899693403 14.90173671953 27.72491029207 42.60716278897 52.87108603608 116.11177933891 130.18290316127 141.19581007655 155.15045708535 169.06066457416 231.33701991872 245.26496751816 256.7889628117 268.35709591513 282.9517967708 346.20998357399 358.39572803909 372.07906485046 383.14406822994 397.26538864872 461.62504314468 471.77761246473 485.4368843676 496.47888283966 511.18290060455 576.90904114349 589.28916933434 603.97427655011 616.35200999048 627.60695425979 691.95605534897 705.09186884458 716.7468254182 728.3693661082 742.05539421713","12184101.1 12184102.1 12184103.1 12184104.1 12184105.1 12190101.1 12190102.1 12190103 12190104 12190105 12196101 12196102 12196103 12196104 12196105 12202101 12202102 12202103 12202104 12202105 12208101 12208102 12208103 12208104 12208105 12214101 12214102 12214103 12214104 12214105 12220101 12220102 12220103 12220104 12220105"
General-290-20260718-16:35:03-5569,vector,Florasat_Individual_Sats.terminal[28].dlk.mac,vector_preds_BiLSTM,,,"1.65250985487 15.1261988359 28.19274529535 41.68428911315 52.27081284695 116.93140675663 127.89476786857 139.54612465692 152.22682030406 166.37901178794 231.4660320261 241.95836539427 256.64360965998 270.2762044773 282.81788097741 346.09201419842 358.97764667728 369.51691289641 384.30557436053 397.5915917973 461.26693175733 473.3317681842 488.22081539989 503.11458936403 517.33630446693 576.81279186811 587.70002868096 599.5641073347 614.16071881726 624.37308477424 691.59967562044 704.03964064876 717.86933041388 727.98545193254 741.06437419752","12182801.1 12182802.1 12182803.1 12182804.1 12182805.1 12188801.1 12188802.1 12188803 12188804 12188805 12194801 12194802 12194803 12194804 12194805 12200801 12200802 12200803 12200804 12200805 12206801 12206802 12206803 12206804 12206805 12212801 12212802 12212803 12212804 12212805 12218801 12218802 12218803 12218804 12218805"
General-290-20260718-16:35:03-5569,vector,Florasat_Individual_Sats.terminal[20].dlk.mac,vector_preds_BiLSTM,,,"1.65343256108 13.55952887935 24.54982811608 35.07324430416 46.820735757 116.00217553414 130.46032665507 142.27995082946 153.60405286286 168.53324224102 231.40889999364 241.60562488856 254.61752880737 268.57071049185 281.04644671455 346.61645326088 360.84623568714 371.19864400266 384.27946387114 395.63288611499 461.93510121526 472.61391044687 483.42126710433 497.05853608995 509.36308047245 576.57334975107 589.96461112774 600.86253864248 615.63625002536 630.40529817715 691.92108966224 705.50506799994 720.39817580185 730.55359431356 744.72494421573","12182001.1 12182002.1 12182003.1 12182004.1 12182005.1 12188001.1 12188002.1 12188003 12188004 12188005 12194001.1 12194002.1 12194003 12194004 12194005 12200001 12200002 12200003 12200004 12200005 12206001 12206002 12206003 12206004 12206005 12212001 12212002 12212003 12212004 12212005 12218001 12218002 12218003 12218004 12218005"
General-290-20260718-16:35:03-5569,vector,Florasat_Individual_Sats.terminal[40].dlk.mac,vector_preds_BiLSTM,,,"1.66463111597 16.57374120969 27.11075041745 38.57228662073 51.90109634259 116.24418729264 130.51202866062 144.67065630177 158.45555419381 168.96606190292 231.78705856507 245.70162453875 258.43474030681 272.14687702199 284.37670190306 346.9082900139 361.17476221197 373.67781781382 387.86349963886 398.47047858197 461.15551517927 475.0505535421 487.1630172967 497.95474111685 509.09976309049 576.28403815394 588.1159902045 598.1193092484 610.25385007099 621.98463924532 691.58863965771 701.66388624231 714.42916671629 726.09446289367 738.88950848137","12184001.1 12184002.1 12184003.1 12184004.1 12184005.1 12190001.1 12190002.1 12190003 12190004 12190005 12196001 12196002 12196003 12196004 12196005 12202001 12202002 12202003.1 12202004.1 12202005.1 12208001 12208002 12208003 12208004 12208005 12214001 12214002 12214003 12214004 12214005 12220001 12220002 12220003 12220004 12220005"
General-290-20260718-16:35:03-5569,vector,Florasat_Individual_Sats.terminal[23].dlk.mac,vector_preds_BiLSTM,,,"1.67658061045 13.13014053064 27.22376636252 38.32566661434 52.87719643581 116.60801118007 126.85813522316 139.36994556222 152.03440232902 162.78627598659 231.72056962154 246.71111238189 257.33994158101 270.70309334434 283.84323705802 346.80225493596 359.79187324504 373.96825816809 386.88312813734 397.96023556126 461.4564452644 474.83175405977 487.37540687761 499.61426247238 511.69412947703 576.30053870659 588.27127422485 601.03326843865 611.85516912653 626.09325957647 691.43712388375 702.85578538571 715.78682942805 727.26336151734 739.82464593858","12182301.1 12182302.1 12182303.1 12182304.1 12182305.1 12188301.1 12188302.1 12188303 12188304 12188305 12194301 12194302 12194303 12194304 12194305 12200301 12200302 12200303 12200304 12200305 12206301 12206302 12206303 12206304 12206305 12212301 12212302 12212303 12212304 12212305 12218301 12218302 12218303 12218304 12218305"
General-290-20260718-16:35:03-5569,vector,Florasat_Individual_Sats.terminal[55].dlk.mac,vector_preds_BiLSTM,,,"1.69570239005 13.79664464132 26.44907074724 37.88162780204 48.54442646005 116.47223536251 130.69615009217 141.02514080214 155.65129409521 167.62448128406 231.73044150881 246.12924707657 260.801890939 271.53366497903 285.18776766675 346.38914880995 358.60668919469 369.3584963861 379.9465755683 394.23980708072 461.95588032785 475.39216905204 486.75261583948 500.61034081225 513.47157403664 576.23033723561 591.08131343615 603.63999630441 615.51803615294 630.38760549739 691.69749648636 706.26629098994 718.79010517476 733.58165235002 748.38387404195","12185501.1 12185502.1 12185503.1 12185504.1 12185505.1 12191501.1 12191502.1 12191503 12191504 12191505 12197501 12197502 12197503 12197504 12197505 12203501 12203502 12203503 12203504 12203505 12209501 12209502 12209503 12209504 12209505 12215501 12215502 12215503 12215504 12215505 12221501 12221502 12221503 12221504 12221505"
General-290-20260718-16:35:03-5569,vector,Florasat_Individual_Sats.terminal[17].dlk.mac,vector_preds_BiLSTM,,,"1.70427293167 15.32844772678 26.94953467463 40.20943177048 53.57849204097 116.44096121611 130.82312573865 141.58707263367 151.65188786294 164.81306726881 231.86569766141 244.92550145601 256.27101331716 268.8854643912 283.64751392742 346.98696003505 360.19932332425 372.51608227356 384.23583237314 398.11423244397 461.08799448842 472.90620662644 485.45103710982 496.70120194577 511.31905615702 576.33032818232 590.59992989432 602.78475799155 617.25772074563 629.85528719634 691.10295242094 703.43434296827 714.56795059074 728.21727351215 741.00105301989","12181701.1 12181702.1 12181703.1 12181704.1 12181705.1 12187701.1 12187702.1 12187703 12187704 12187705 12193701 12193702 12193703 12193704 12193705.1 12199701 12199702 12199703 12199704 12199705 12205701 12205702 12205703 12205704 12205705 12211701 12211702 12211703 12211704 12211705 12217701 12217702 12217703 12217704 12217705"
General-290-20260718-16:35:03-5569,vector,Florasat_Individual_Sats.terminal[12].dlk.mac,vector_preds_BiLSTM,,,"1.75747529906 14.37295395718 28.97321136505 41.63837266341 54.87250989722 116.66788951959 126.71007012017 138.68962321547 149.56137553905 161.75241314224 231.43004844943 243.53151199687 256.6720185806 271.0095033322 283.42769154161 346.47774846433 361.36963784369 375.26436903654 389.28708991059 403.22527688951 461.78517373418 475.06737673445 486.15284655149 501.09521199971 512.46018743048 576.42976828245 587.05277628358 600.27969356253 611.02079102745 624.10974490199 691.52690569567 702.19909337977 715.54466935037 728.84877471416 740.07502747746","12181201.1 12181202.1 12181203.1 12181204.1 12181205.1 12187201.1 12187202.1 12187203 12187204 12187205 12193201 12193202 12193203 12193204 12193205 12199201 12199202 12199203 12199204 12199205 12205201.1 12205202.1 12205203.1 12205204.1 12205205.1 12211201 12211202 12211203 12211204 12211205 12217201 12217202 12217203 12217204 12217205"
General-290-20260718-16:35:03-5569,vector,Florasat_Individual_Sats.terminal[29].dlk.mac,vector_preds_BiLSTM,,,"1.78172849072 13.66480709356 23.82372592063 36.65353836445 48.43411251507 116.52571479417 131.47025758843 144.53564999253 157.6980563216 172.54356890429 231.75269080931 244.4052560071 254.8580757007 269.74305319507 279.83566184785 346.11848442582 360.92391398735 375.33099781721 388.03089723107 400.30271468567 461.47016596817 474.42853418714 486.23867313214 496.5573131591 508.74687949963 576.53350470494 588.31787398806 602.89823997323 615.08682498615 628.29400559561 691.88093888271 703.82499543415 714.48722946738 727.30549123651 738.40280402965","12182901.1 12182902.1 12182903.1 12182904.1 12182905.1 12188901.1 12188902.1 12188903 12188904 12188905 12194901 12194902 12194903 12194904 12194905 12200901 12200902 12200903 12200904 12200905 12206901 12206902 12206903 12206904 12206905 12212901 12212902 12212903 12212904 12212905 12218901 12218902 12218903 12218904 12218905"
General-290-20260718-16:35:03-5569,vector,Florasat_Individual_Sats.terminal[58].dlk.mac,vector_preds_BiLSTM,,,"1.78325437196 12.40910049016 26.23430767283 39.65128197288 51.76433948637 116.1439044904 129.8747449813 143.76632593945 154.19340745919 166.29425029876 231.3071616746 245.71587462514 259.88814950642 271.47858841648 285.46072269511 346.73836165597 361.0059559173 373.8905534104 386.38953264011 397.09047307516 461.26565710548 474.03040805622 485.18178852415 499.41778586735 511.47777784057 576.00876220153 587.23530786112 601.57896792749 613.81488987012 628.26224884251 691.15068983426 705.85054256278 716.5109166156 731.06071670912 742.87828767928","12185801.1 12185802.1 12185803.1 12185804.1 12185805.1 12191801.1 12191802.1 12191803 12191804 12191805 12197801 12197802 12197803 12197804 12197805 12203801 12203802 12203803 12203804 12203805 12209801 12209802 12209803 12209804 12209805 12215801 12215802 12215803 12215804 12215805 12221801 12221802 12221803 12221804 12221805"
General-290-20260718-16:35:03-5569,vector,Florasat_Individual_Sats.terminal[4].dlk.mac,vector_preds_BiLSTM,,,"1.78648754093 14.50266166893 27.49154405855 39.55436923611 52.46604885277 116.76226843148 127.40614456008 139.59327779943 152.22417227225 166.52364319306 231.8479709439 245.45875149034 257.63177943602 271.27266586944 285.69719419418 346.71066502156 361.02915969608 374.53757855623 388.88841481578 403.19158192539 461.41850713547 471.7178081281 484.32787101739 498.83283835044 509.00372525467 576.44062371552 589.26823548018 603.67411827762 616.53283093567 626.96209167922 691.8974240392 704.9757892231 716.40747069032 727.39710567752 742.26774331764","12180401.1 12180402.1 12180403.1 12180404.1 12180405.1 12186401.1 12186402.1 12186403 12186404 12186405 12192401 12192402 12192403 12192404 12192405 12198401 12198402 12198403 12198404 12198405 12204401 12204402 12204403 12204404 12204405 12210401 12210402 12210403 12210404 12210405 12216401 12216402 12216403 12216404 12216405"
General-290-20260718-16:35:03-5569,vector,Florasat_Individual_Sats.terminal[21].dlk.mac,vector_preds_BiLSTM,,,"1.79964523879 11.94446467096 25.01335967099 38.08293618844 52.44470786769 116.16248826263 126.66892472305 140.94711580081 154.27649979596 168.70865661651 231.03499611653 241.21256420086 255.85955970269 269.92130784248 280.69159209775 346.15353954351 360.16254394525 372.04949780111 383.19138477766 394.52421672968 461.99576240801 475.33985708095 489.24643086688 499.75087910494 510.9663928796 576.51350516081 588.65462575643 598.74825672665 609.83602046221 619.83694992447 691.0181224891 702.70327399927 717.4195817064 730.96224892977 741.2306089045","12182101.1 12182102.1 12182103.1 12182104.1 12182105.1 12188101.1 12188102.1 12188103 12188104 12188105 12194101 12194102 12194103 12194104 12194105 12200101 12200102 12200103 12200104 12200105 12206101 12206102 12206103 12206104 12206105 12212101 12212102 12212103 12212104 12212105 12218101 12218102 12218103 12218104 12218105"
General-290-20260718-16:35:03-5569,vector,Florasat_Individual_Sats.terminal[54].dlk.mac,vector_preds_BiLSTM,,,"1.79985214025 15.19353296259 26.71411424643 40.25892219856 54.78289306979 116.11938103382 130.97575541982 143.27760877833 155.84444033494 168.94437416037 231.07574839913 242.4965080684 254.60134033416 267.39901930047 278.16701364075 346.39242965518 356.76439537806 369.64866881049 380.48966594878 390.67475250014 461.73413583869 475.68451992795 488.48537090677 503.12348154234 514.01139182714 576.01464874553 586.16915044118 596.6662391622 610.28858263836 624.70638720643 691.46636207099 702.05062497617 715.63277291344 725.9956711412 740.94257671829","12185401.1 12185402.1 12185403.1 12185404.1 12185405.1 12191401.1 12191402.1 12191403 12191404 12191405 12197401 12197402 12197403 12197404 12197405 12203401 12203402 12203403 12203404 12203405 12209401 12209402 12209403 12209404 12209405 12215401 12215402 12215403 12215404 12215405 12221401 12221402 12221403 12221404 12221405"
General-290-20260718-16:35:03-5569,vector,Florasat_Individual_Sats.terminal[35].dlk.mac,vector_preds_BiLSTM,,,"1.82176686521 14.55922082346 27.95104988432 42.86707112147 56.38258898561 116.07852467033 127.00002245186 138.1506828107 152.29861003394 164.17381726718 231.47972017759 243.85978084639 257.05974756507 267.08950364496 280.72332337149 346.34364318266 360.78980576061 375.45131613082 388.65477024159 400.46613137052 461.75156548247 473.16055239504 485.80211435072 499.96189405187 513.85471681342 576.77221948025 587.34875465837 601.07670399803 613.15812354535 624.80493099406 691.16273495578 704.19577136729 717.9244665415 731.71475798567 744.47854389297","12183501.1 12183502.1 12183503.1 12183504.1 12183505.1 12189501.1 12189502.1 12189503 12189504 12189505 12195501 12195502 12195503 12195504 12195505 12201501 12201502 12201503 12201504 12201505 12207501 12207502 12207503 12207504 12207505 12213501 12213502 12213503 12213504 12213505 12219501 12219502 12219503 12219504 12219505"
General-290-20260718-16:35:03-5569,vector,Florasat_Individual_Sats.terminal[16].dlk.mac,vector_preds_BiLSTM,,,"1.85553227761 15.41824386898 27.18558590953 37.73000014923 48.96923778207 116.00559699209 128.70442078774 140.82441191514 152.70669985655 167.22967168059 231.0710797864 242.67573896656 254.46575786779 264.88887144463 279.88667370845 346.76014897763 360.44380798354 373.14446619596 385.72655098513 400.33459860715 461.64618322975 474.27416098071 486.23022306128 500.20290086162 513.21131311007 576.57431304315 587.1200369948 601.26904989685 613.93710882262 626.19850446446 691.67633251101 702.82590543665 715.60925622168 730.46222559805 741.32576842839","12181601.1 12181602.1 12181603.1 12181604.1 12181605.1 12187601.1 12187602.1 12187603 12187604 12187605 12193601 12193602 12193603 12193604 12193605 12199601 12199602 12199603 12199604 12199605 12205601 12205602 12205603 12205604 12205605 12211601 12211602 12211603 12211604 12211605 12217601 12217602 12217603 12217604 12217605"
General-290-20260718-16:35:03-5569,vector,Florasat_Individual_Sats.terminal[53].dlk.mac,vector_preds_BiLSTM,,,"1.88328126329 16.29404420499 30.58669125429 42.02405340854 52.76978680516 116.39855200145 126.81509421742 141.78914707805 153.68480604909 166.51077629601 231.54901148775 246.19072922645 256.65707608592 271.26263277279 285.97176352888 346.45519725932 359.04923483567 373.14955087566 385.18545012759 396.324054298 461.03467547987 475.94709375245 490.46166639729 505.17541839579 518.6267562206 576.06312636309 590.22717737732 600.44607677985 613.28966885129 628.08664808305 691.13278996758 705.40937242191 716.48205437208 728.90394936525 740.55397649971","12185301.1 12185302.1 12185303.1 12185304.1 12185305.1 12191301.1 12191302.1 12191303 12191304 12191305 12197301 12197302 12197303 12197304 12197305 12203301 12203302 12203303 12203304 12203305 12209301 12209302 12209303 12209304 12209305 12215301 12215302 12215303 12215304 12215305 12221301 12221302 12221303 12221304 12221305"
General-290-20260718-16:35:03-5569,vector,Florasat_Individual_Sats.terminal[25].dlk.mac,vector_preds_BiLSTM,,,"1.88696160004 11.91434169211 23.85852612229 36.27046406874 46.42387901456 116.13945477642 126.9408579811 137.80233587371 149.33964794501 161.91811847849 231.81304439902 244.05687359278 254.82242171187 265.73555795476 280.00888654497 346.33029682608 361.26694099907 373.95037345867 384.5089567271 397.88697264669 461.99876537779 472.1462262934 484.59128946065 499.32842809473 510.26483034015 576.32620972791 589.13669712004 603.05883513974 614.25025055628 625.41894185101 691.41256214073 702.15235114633 714.32655814057 729.31206302321 740.18272099504","12182501.1 12182502.1 12182503.1 12182504.1 12182505.1 12188501.1 12188502.1 12188503 12188504 12188505 12194501 12194502 12194503 12194504 12194505 12200501 12200502 12200503 12200504 12200505 12206501 12206502 12206503 12206504 12206505 12212501 12212502 12212503 12212504 12212505 12218501 12218502 12218503 12218504 12218505"
General-290-20260718-16:35:03-5569,vector,Florasat_Individual_Sats.terminal[26].dlk.mac,vector_preds_BiLSTM,,,"1.91225081193 16.01901980675 27.18596519762 37.99085967684 49.33320000161 116.86254980904 131.00651451666 145.06632605731 158.57648888999 173.40539455694 231.70923865051 242.29473959538 254.67093964456 268.76141991582 278.93961078137 346.52933362289 359.58666105871 373.28741520876 384.18365087244 396.49425416021 461.40158427064 473.87528269551 485.45791979529 495.93703492777 508.24315283447 576.8448546757 591.00358071225 602.81085652951 617.18647959595 628.06126224179 691.34600437572 701.87728349794 713.99425510293 724.31537204049 737.49809544393","12182601.1 12182602.1 12182603.1 12182604.1 12182605.1 12188601.1 12188602.1 12188603 12188604 12188605 12194601 12194602 12194603 12194604 12194605 12200601 12200602 12200603 12200604 12200605 12206601 12206602 12206603 12206604 12206605 12212601 12212602 12212603 12212604 12212605 12218601 12218602 12218603 12218604 12218605"
General-290-20260718-16:35:03-5569,vector,Florasat_Individual_Sats.terminal[44].dlk.mac,vector_preds_BiLSTM,,,"1.92939056782 12.45863691089 26.63449577056 41.39588457882 51.64906756022 116.55698883045 129.07392592449 141.70406152192 155.13476278796 168.76140520838 231.06701561064 241.23614978674 255.68943818961 269.41375715821 283.5641375538 346.79248928139 357.20482006134 369.06017837627 379.90465311264 394.33709614841 461.95364491385 476.75026245135 488.86928654345 499.9176860107 512.02524105505 576.85822640406 589.53485766752 600.55741804163 610.81218333426 623.50516944518 691.63778344425 702.88591679325 716.8884324925 727.70048420899 739.94763074815","12184401.1 12184402.1 12184403.1 12184404.1 12184405.1 12190401.1 12190402.1 12190403 12190404 12190405 12196401 12196402 12196403 12196404 12196405 12202401 12202402 12202403 12202404 12202405 12208401 12208402 12208403 12208404 12208405 12214401 12214402 12214403 12214404 12214405 12220401 12220402 12220403 12220404 12220405"
General-290-20260718-16:35:03-5569,vector,Florasat_Individual_Sats.terminal[18].dlk.mac,vector_preds_BiLSTM,,,"1.93049178645 12.18093698914 24.10808796598 37.8822876485 49.11408422468 116.97443884984 130.65314773657 144.27438608674 158.16899959185 169.29425705993 231.24701501871 241.30859526409 253.13420318485 266.46754446974 278.98871296387 346.26337742433 356.63570730249 370.67356178538 381.76513167216 396.36057785248 461.32553765993 475.17269034614 490.02022026084 500.93005284761 513.3018698413 576.38965466502 588.64943961706 600.21514933766 613.92064246442 624.62964608893 691.8804130482 703.37224841467 716.76109472057 731.68468585704 746.37856326532","12181801.1 12181802.1 12181803.1 12181804.1 12181805.1 12187801.1 12187802.1 12187803.1 12187804.1 12187805.1 12193801.1 12193802 12193803 12193804 12193805 12199801 12199802 12199803 12199804 12199805 12205801 12205802 12205803 12205804 12205805 12211801 12211802 12211803 12211804 12211805 12217801 12217802 12217803 12217804 12217805"
General-290-20260718-16:35:03-5569,vector,Florasat_Individual_Sats.terminal[48].dlk.mac,vector_preds_BiLSTM,,,"1.95073087467 14.4192008907 25.33535059891 37.16121592326 49.6291224903 116.4977963001 128.81759966374 141.51632371242 156.23719532625 167.09907307988 231.9239253425 244.85722028557 258.72349494044 272.1352656933 282.21777491178 346.89566839347 360.59131205757 371.54692364135 384.7999390713 396.9833602591 461.59270764422 472.07114631404 486.48372384581 500.08816611116 511.16232127162 576.74240298988 589.59691401175 602.35600822791 616.87667339062 629.37045949581 691.26897319267 704.03712730902 715.03320620908 726.61965524708 737.56979249814","12184801.1 12184802.1 12184803.1 12184804.1 12184805.1 12190801.1 12190802.1 12190803 12190804 12190805 12196801 12196802 12196803 12196804 12196805 12202801 12202802 12202803 12202804 12202805 12208801 12208802 12208803 12208804 12208805 12214801 12214802 12214803 12214804 12214805 12220801 12220802 12220803 12220804 12220805"
General-290-20260718-16:35:03-5569,vector,Florasat_Individual_Sats.terminal[1].dlk.mac,vector_preds_BiLSTM,,,"1.95414766925 12.24395651393 26.69866640958 40.38608216121 53.2117983119 116.1152689266 128.05425369902 141.62183256959 155.90897864219 169.28281573136 231.67357900133 246.60646079876 260.149391548 270.93729840428 282.56797607941 346.17350843525 358.09524690988 369.03920683218 383.64174166252 397.23888271279 461.12095438666 473.21928714775 486.98932315014 500.88230270451 513.40989013343 576.50448061666 588.46522077593 599.36108305492 611.50445420901 623.96844621888 691.98521713004 702.01993868197 715.38980328687 728.08823602949 742.35242927773","12180101.1 12180102.1 12180103.1 12180104.1 12180105.1 12186101.1 12186102.1 12186103 12186104 12186105 12192101 12192102 12192103 12192104 12192105 12198101 12198102 12198103 12198104 12198105 12204101 12204102 12204103 12204104 12204105 12210101 12210102 12210103 12210104 12210105 12216101 12216102 12216103 12216104 12216105"
General-290-20260718-16:35:03-5569,vector,Florasat_Individual_Sats.terminal[39].dlk.mac,vector_preds_BiLSTM,,,"1.99702676083 14.6923851762 25.91442600754 36.45786785451 49.32988717035 116.53691637632 130.65058279619 144.60129003808 155.07045627524 166.54983262018 231.0315963896 242.53031553258 257.30341787706 272.05656457716 284.39197812369 346.26465434209 359.72413903568 374.42650931655 387.59210334858 400.26410370367 461.6925873463 474.25472620478 485.85021883202 500.82204035552 512.71328766783 576.1741286288 590.52065173792 603.63178683374 617.82301942747 629.1542615327 691.6993710713 703.09108205373 717.72724507959 729.58397375537 743.21869267152","12183901.1 12183902.1 12183903.1 12183904.1 12183905.1 12189901.1 12189902.1 12189903 12189904 12189905 12195901 12195902 12195903 12195904 12195905 12201901 12201902 12201903 12201904 12201905 12207901 12207902 12207903 12207904 12207905 12213901 12213902 12213903 12213904 12213905 12219901 12219902 12219903 12219904 12219905"
General-290-20260718-16:35:03-5569,vector,Florasat_Individual_Sats.satellite[0].dlkDSL.mac,VectorTransmitMethod_ReceptionResult,,,"12.62437146869 25.32397838905 34.35911658293 36.59464953364 44.5664244349 46.171953921 48.23685795315 57.92297883601 117.92248716837 127.66903038011 131.08937173657 131.51992476339 132.66372266681 140.50274208853 142.23738804217 144.71061008674 145.45140761094 154.02359599563 155.69223777185 156.61702928822 158.60522359185 165.77080552842 166.73634795928 169.73048105993 232.40883038602 242.04184888856 243.56563148195 285.22856992742 346.79660433218 347.23259728279 347.89679314525 357.52655783914 360.80537227498 361.31223591504 371.02157907573 374.11404181382 374.80075605496 383.4915122426 387.09291469472 388.29972363886 397.15387064664 398.90670258197 463.36622973418 475.46649691826 476.64843273445 486.7206762353 487.73390255149 496.59753636726 498.95448842263 502.67626799971 505.28083652447 508.62796493842 510.16416376401 514.04124343048 517.5499338303 576.97843485176 578.27583094992 587.50251965005 588.67268187473 591.41027683791 597.76151677933 601.87721817535 604.29681587665 607.88962738346 611.96931830854 615.02796804699 621.65412936932 629.66666225511","12182702 12182703 12184204 12182704 12183004 12181905 12182705 12183005 12187901 12190902 12187802 12187902 12189202 12190703 12190903 12187803 12187903 12190704 12187904 12190904 12187804 12187905 12190905 12187805 12196701 12194002 12196702 12193705 12199101 12198901 12203001 12199102 12202502 12198902 12199103 12202003 12202503 12199104 12202504 12202004 12202505 12202005 12205201 12208302 12205202 12208303 12205203 12205304 12208304 12205204 12209604 12205305 12208305 12205205 12209605 12214301 12215601 12210602 12214302 12215602 12210603 12214303 12215603 12210604 12214304 12215604 12210605 12215605"
General-290-20260718-16:35:03-5569,vector,Florasat_Individual_Sats.satellite[0].dlkDSL.mac,Satellite Position when Repetition Received,,,"12.62437146869 25.32397838905 34.35911658293 36.59464953364 44.5664244349 46.171953921 48.23685795315 57.92297883601 117.92248716837 127.66903038011 131.08937173657 131.51992476339 132.66372266681 140.50274208853 142.23738804217 144.71061008674 145.45140761094 154.02359599563 155.69223777185 156.61702928822 158.60522359185 165.77080552842 166.73634795928 169.73048105993 232.40883038602 242.04184888856 243.56563148195 285.22856992742 346.79660433218 347.23259728279 347.89679314525 357.52655783914 360.80537227498 361.31223591504 371.02157907573 374.11404181382 374.80075605496 383.4915122426 387.09291469472 388.29972363886 397.15387064664 398.90670258197 463.36622973418 475.46649691826 476.64843273445 486.7206762353 487.73390255149 496.59753636726 498.95448842263 502.67626799971 505.28083652447 508.62796493842 510.16416376401 514.04124343048 517.5499338303 576.97843485176 578.27583094992 587.50251965005 588.67268187473 591.41027683791 597.76151677933 601.87721817535 604.29681587665 607.88962738346 611.96931830854 615.02796804699 621.65412936932 629.66666225511","180 180 180 180 180 180 180 180 180 180 180 180 180 180 180 180 180 180 180 180 180 180 180 180 180 180 180 180 180 180 180 180 180 180 180 180 180 180 180 180 180 180 180 180 180 180 180 180 180 180 180 180 180 180 180 180 180 180 180 180 180 180 180 180 180 180 180 180"
General-290-20260718-16:35:03-5569,vector,Florasat_Individual_Sats.satellite[0].dlkDSL.mac,Repetition Position for Node 493 at Satellite,,,"12.62437146869 25.32397838905 36.59464953364 48.23685795315","180 180 180 180"
General-290-20260718-16:35:03-5569,vector,Florasat_Individual_Sats.satellite[0].dlkDSL.mac,All Nodes Repetition Generation Delay at Satellite,,,"12.62437146869 25.32397838905 34.35911658293 36.59464953364 44.5664244349 46.171953921 48.23685795315 57.92297883601 117.92248716837 127.66903038011 131.08937173657 131.51992476339 132.66372266681 140.50274208853 142.23738804217 144.71061008674 145.45140761094 154.02359599563 155.69223777185 156.61702928822 158.60522359185 165.77080552842 166.73634795928 169.73048105993 232.40883038602 242.04184888856 243.56563148195 285.22856992742 346.79660433218 347.23259728279 347.89679314525 357.52655783914 360.80537227498 361.31223591504 371.02157907573 374.11404181382 374.80075605496 383.4915122426 387.09291469472 388.29972363886 397.15387064664 398.90670258197 463.36622973418 475.46649691826 476.64843273445 486.7206762353 487.73390255149 496.59753636726 498.95448842263 502.67626799971 505.28083652447 508.62796493842 510.16416376401 514.04124343048 517.5499338303 576.97843485176 578.27583094992 587.50251965005 588.67268187473 591.41027683791 597.76151677933 601.87721817535 604.29681587665 607.88962738346 611.96931830854 615.02796804699 621.65412936932 629.66666225511","11.62437146869 24.32397838905 33.35911658293 35.59464953364 43.5664244349 45.171953921 47.23685795315 56.92297883601 1.92248716837 11.66903038011 15.08937173657 15.51992476339 16.66372266681 24.50274208853 26.23738804217 28.71061008674 29.45140761094 38.02359599563 39.69223777185 40.61702928822 42.60522359185 49.77080552842 50.73634795928 53.73048105993 1.40883038602 11.04184888856 12.56563148195 54.22856992742 0.79660433217998 1.23259728279 1.89679314525 11.52655783914 14.80537227498 15.31223591504 25.02157907573 28.11404181382 28.80075605496 37.4915122426 41.09291469472 42.29972363886 51.15387064664 52.90670258197 2.36622973418 14.46649691826 15.64843273445 25.7206762353 26.73390255149 35.59753636726 37.95448842263 41.67626799971 44.28083652447 47.62796493842 49.16416376401 53.04124343048 56.5499338303 0.97843485175997 2.27583094992 11.50251965005 12.67268187473 15.41027683791 21.76151677933 25.87721817535 28.29681587665 31.88962738346 35.96931830854 39.02796804699 45.65412936932 53.66666225511"
General-290-20260718-16:35:03-5569,vector,Florasat_Individual_Sats.satellite[0].dlkDSL.mac,Repetition Generation Delay for Node 493 at Satellite,,,"12.62437146869 25.32397838905 36.59464953364 48.23685795315","11.62437146869 24.32397838905 35.59464953364 47.23685795315"
General-290-20260718-16:35:03-5569,vector,Florasat_Individual_Sats.satellite[0].dlkDSL.mac,Successful Repetition Number counted for MAC protocol,,,"12.62437146869 34.35911658293 44.5664244349 46.171953921 117.92248716837 127.66903038011 131.08937173657 132.66372266681 140.50274208853 232.40883038602 242.04184888856 285.22856992742 346.79660433218 347.23259728279 347.89679314525 360.80537227498 374.11404181382 463.36622973418 475.46649691826 496.59753636726 505.28083652447 576.97843485176 578.27583094992 587.50251965005","2 4 4 5 1 2 2 2 3 1 2 5 1 1 1 2 3 1 2 4 4 1 1 2"
General-290-20260718-16:35:03-5569,vector,Florasat_Individual_Sats.satellite[0].dlkDSL.mac,Successful Repetition Number counted for the Model,,,"12.62437146869 34.35911658293 44.5664244349 46.171953921 117.92248716837 127.66903038011 131.08937173657 132.66372266681 140.50274208853 232.40883038602 242.04184888856 285.22856992742 346.79660433218 347.23259728279 347.89679314525 360.80537227498 374.11404181382 463.36622973418 475.46649691826 496.59753636726 505.28083652447 576.97843485176 578.27583094992 587.50251965005","2 4 4 5 1 2 2 2 3 1 2 1 1 1 1 1 1 1 1 1 1 1 1 1"
General-290-20260718-16:35:03-5569,vector,Florasat_Individual_Sats.satellite[0].dlkDSL.mac,All Nodes Message Generation Delay at Satellite,,,"12.62437146869 34.35911658293 44.5664244349 46.171953921 117.92248716837 127.66903038011 131.08937173657 132.66372266681 140.50274208853 232.40883038602 242.04184888856 285.22856992742 346.79660433218 347.23259728279 347.89679314525 360.80537227498 374.11404181382 463.36622973418 475.46649691826 496.59753636726 505.28083652447 576.97843485176 578.27583094992 587.50251965005","11.62437146869 33.35911658293 43.5664244349 45.171953921 1.92248716837 11.66903038011 15.08937173657 16.66372266681 24.50274208853 1.40883038602 11.04184888856 54.22856992742 0.79660433217998 1.23259728279 1.89679314525 14.80537227498 28.11404181382 2.36622973418 14.46649691826 35.59753636726 44.28083652447 0.97843485175997 2.27583094992 11.50251965005"
General-290-20260718-16:35:03-5569,vector,Florasat_Individual_Sats.satellite[0].dlkDSL.mac,Message Generation Delay for Node 493 at Satellite,,,"12.62437146869","11.62437146869"
General-290-20260718-16:35:03-5569,vector,Florasat_Individual_Sats.satellite[0].net.packetHandler,packets received,,,"12.62437146869 25.32397838905 34.35911658293 36.59464953364 44.5664244349 46.171953921 48.23685795315 57.92297883601 117.92248716837 127.66903038011 131.08937173657 131.51992476339 132.66372266681 140.50274208853 142.23738804217 144.71061008674 145.45140761094 154.02359599563 155.69223777185 156.61702928822 158.60522359185 165.77080552842 166.73634795928 169.73048105993 232.40883038602 242.04184888856 243.56563148195 285.22856992742 346.79660433218 347.23259728279 347.89679314525 357.52655783914 360.80537227498 361.31223591504 371.02157907573 374.11404181382 374.80075605496 383.4915122426 387.09291469472 388.29972363886 397.15387064664 398.90670258197 463.36622973418 475.46649691826 476.64843273445 486.7206762353 487.73390255149 496.59753636726 498.95448842263 502.67626799971 505.28083652447 508.62796493842 510.16416376401 514.04124343048 517.5499338303 576.97843485176 578.27583094992 587.50251965005 588.67268187473 591.41027683791 597.76151677933 601.87721817535 604.29681587665 607.88962738346 611.96931830854 615.02796804699 621.65412936932 629.66666225511","1 2 3 4 5 6 7 8 9 10 11 12 13 14 15 16 17 18 19 20 21 22 23 24 25 26 27 28 29 30 31 32 33 34 35 36 37 38 39 40 41 42 43 44 45 46 47 48 49 50 51 52 53 54 55 56 57 58 59 60 61 62 63 64 65 66 67 68"
General-290-20260718-16:35:03-5569,vector,Florasat_Individual_Sats.satellite[0].net.packetHandler,dropped unroutable,,,"12.62437146869 25.32397838905 34.35911658293 36.59464953364 44.5664244349 46.171953921 48.23685795315 57.92297883601 117.92248716837 127.66903038011 131.08937173657 131.51992476339 132.66372266681 140.50274208853 142.23738804217 144.71061008674 145.45140761094 154.02359599563 155.69223777185 156.61702928822 158.60522359185 165.77080552842 166.73634795928 169.73048105993 232.40883038602 242.04184888856 243.56563148195 285.22856992742 346.79660433218 347.23259728279 347.89679314525 357.52655783914 360.80537227498 361.31223591504 371.02157907573 374.11404181382 374.80075605496 383.4915122426 387.09291469472 388.29972363886 397.15387064664 398.90670258197 463.36622973418 475.46649691826 476.64843273445 486.7206762353 487.73390255149 496.59753636726 498.95448842263 502.67626799971 505.28083652447 508.62796493842 510.16416376401 514.04124343048 517.5499338303 576.97843485176 578.27583094992 587.50251965005 588.67268187473 591.41027683791 597.76151677933 601.87721817535 604.29681587665 607.88962738346 611.96931830854 615.02796804699 621.65412936932 629.66666225511","1 2 3 4 5 6 7 8 9 10 11 12 13 14 15 16 17 18 19 20 21 22 23 24 25 26 27 28 29 30 31 32 33 34 35 36 37 38 39 40 41 42 43 44 45 46 47 48 49 50 51 52 53 54 55 56 57 58 59 60 61 62 63 64 65 66 67 68"
General-290-20260718-16:35:03-5569,vector,Florasat_Individual_Sats.satellite[0].net.packetHandler,packets dropped,,,"12.62437146869 25.32397838905 34.35911658293 36.59464953364 44.5664244349 46.171953921 48.23685795315 57.92297883601 117.92248716837 127.66903038011 131.08937173657 131.51992476339 132.66372266681 140.50274208853 142.23738804217 144.71061008674 145.45140761094 154.02359599563 155.69223777185 156.61702928822 158.60522359185 165.77080552842 166.73634795928 169.73048105993 232.40883038602 242.04184888856 243.56563148195 285.22856992742 346.79660433218 347.23259728279 347.89679314525 357.52655783914 360.80537227498 361.31223591504 371.02157907573 374.11404181382 374.80075605496 383.4915122426 387.09291469472 388.29972363886 397.15387064664 398.90670258197 463.36622973418 475.46649691826 476.64843273445 486.7206762353 487.73390255149 496.59753636726 498.95448842263 502.67626799971 505.28083652447 508.62796493842 510.16416376401 514.04124343048 517.5499338303 576.97843485176 578.27583094992 587.50251965005 588.67268187473 591.41027683791 597.76151677933 601.87721817535 604.29681587665 607.88962738346 611.96931830854 615.02796804699 621.65412936932 629.66666225511","1 2 3 4 5 6 7 8 9 10 11 12 13 14 15 16 17 18 19 20 21 22 23 24 25 26 27 28 29 30 31 32 33 34 35 36 37 38 39 40 41 42 43 44 45 46 47 48 49 50 51 52 53 54 55 56 57 58 59 60 61 62 63 64 65 66 67 68"
General-290-20260718-16:35:03-5569,vector,Florasat_Individual_Sats.satellite[0].dlkDSL.mac,Repetition Position for Node 718 at Satellite,,,"34.35911658293","180"
General-290-20260718-16:35:03-5569,vector,Florasat_Individual_Sats.satellite[0].dlkDSL.mac,Repetition Generation Delay for Node 718 at Satellite,,,"34.35911658293","33.35911658293"
General-290-20260718-16:35:03-5569,vector,Florasat_Individual_Sats.satellite[0].dlkDSL.mac,Message Generation Delay for Node 718 at Satellite,,,"34.35911658293","33.35911658293"
General-290-20260718-16:35:03-5569,vector,Florasat_Individual_Sats.satellite[0].dlkDSL.mac,Repetition Position for Node 538 at Satellite,,,"44.5664244349 57.92297883601","180 180"
General-290-20260718-16:35:03-5569,vector,Florasat_Individual_Sats.satellite[0].dlkDSL.mac,Repetition Generation Delay for Node 538 at Satellite,,,"44.5664244349 57.92297883601","43.5664244349 56.92297883601"
General-290-20260718-16:35:03-5569,vector,Florasat_Individual_Sats.satellite[0].dlkDSL.mac,Message Generation Delay for Node 538 at Satellite,,,"44.5664244349","43.5664244349"
General-290-20260718-16:35:03-5569,vector,Florasat_Individual_Sats.satellite[0].dlkDSL.mac,Repetition Position for Node 373 at Satellite,,,"46.171953921 117.92248716837 131.51992476339 145.45140761094 155.69223777185 165.77080552842","180 180 180 180 180 180"
General-290-20260718-16:35:03-5569,vector,Florasat_Individual_Sats.satellite[0].dlkDSL.mac,Repetition Generation Delay for Node 373 at Satellite,,,"46.171953921 117.92248716837 131.51992476339 145.45140761094 155.69223777185 165.77080552842","45.171953921 1.92248716837 15.51992476339 29.45140761094 39.69223777185 49.77080552842"
General-290-20260718-16:35:03-5569,vector,Florasat_Individual_Sats.satellite[0].dlkDSL.mac,Message Generation Delay for Node 373 at Satellite,,,"46.171953921 117.92248716837","45.171953921 1.92248716837"
General-290-20260718-16:35:03-5569,vector,Florasat_Individual_Sats.satellite[0].dlkDSL.mac,Repetition Position for Node 823 at Satellite,,,"127.66903038011 142.23738804217 156.61702928822 166.73634795928","180 180 180 180"
General-290-20260718-16:35:03-5569,vector,Florasat_Individual_Sats.satellite[0].dlkDSL.mac,Repetition Generation Delay for Node 823 at Satellite,,,"127.66903038011 142.23738804217 156.61702928822 166.73634795928","11.66903038011 26.23738804217 40.61702928822 50.73634795928"
General-290-20260718-16:35:03-5569,vector,Florasat_Individual_Sats.satellite[0].dlkDSL.mac,Message Generation Delay for Node 823 at Satellite,,,"127.66903038011","11.66903038011"
General-290-20260718-16:35:03-5569,vector,Florasat_Individual_Sats.satellite[0].dlkDSL.mac,Repetition Position for Node 358 at Satellite,,,"131.08937173657 144.71061008674 158.60522359185 169.73048105993","180 180 180 180"
General-290-20260718-16:35:03-5569,vector,Florasat_Individual_Sats.satellite[0].dlkDSL.mac,Repetition Generation Delay for Node 358 at Satellite,,,"131.08937173657 144.71061008674 158.60522359185 169.73048105993","15.08937173657 28.71061008674 42.60522359185 53.73048105993"
General-290-20260718-16:35:03-5569,vector,Florasat_Individual_Sats.satellite[0].dlkDSL.mac,Message Generation Delay for Node 358 at Satellite,,,"131.08937173657","15.08937173657"
General-290-20260718-16:35:03-5569,vector,Florasat_Individual_Sats.satellite[0].dlkDSL.mac,Repetition Position for Node 568 at Satellite,,,"132.66372266681","180"
General-290-20260718-16:35:03-5569,vector,Florasat_Individual_Sats.satellite[0].dlkDSL.mac,Repetition Generation Delay for Node 568 at Satellite,,,"132.66372266681","16.66372266681"
General-290-20260718-16:35:03-5569,vector,Florasat_Individual_Sats.satellite[0].dlkDSL.mac,Message Generation Delay for Node 568 at Satellite,,,"132.66372266681","16.66372266681"
General-290-20260718-16:35:03-5569,vector,Florasat_Individual_Sats.satellite[0].dlkDSL.mac,Repetition Position for Node 793 at Satellite,,,"140.50274208853 154.02359599563 232.40883038602 243.56563148195","180 180 180 180"
General-290-20260718-16:35:03-5569,vector,Florasat_Individual_Sats.satellite[0].dlkDSL.mac,Repetition Generation Delay for Node 793 at Satellite,,,"140.50274208853 154.02359599563 232.40883038602 243.56563148195","24.50274208853 38.02359599563 1.40883038602 12.56563148195"
General-290-20260718-16:35:03-5569,vector,Florasat_Individual_Sats.satellite[0].dlkDSL.mac,Message Generation Delay for Node 793 at Satellite,,,"140.50274208853 232.40883038602","24.50274208853 1.40883038602"
General-290-20260718-16:35:03-5569,vector,Florasat_Individual_Sats.satellite[0].dlkDSL.mac,Repetition Position for Node 388 at Satellite,,,"242.04184888856","180"
General-290-20260718-16:35:03-5569,vector,Florasat_Individual_Sats.satellite[0].dlkDSL.mac,Repetition Generation Delay for Node 388 at Satellite,,,"242.04184888856","11.04184888856"
General-290-20260718-16:35:03-5569,vector,Florasat_Individual_Sats.satellite[0].dlkDSL.mac,Message Generation Delay for Node 388 at Satellite,,,"242.04184888856","11.04184888856"
General-290-20260718-16:35:03-5569,vector,Florasat_Individual_Sats.satellite[0].dlkDSL.mac,Repetition Position for Node 343 at Satellite,,,"285.22856992742","180"
General-290-20260718-16:35:03-5569,vector,Florasat_Individual_Sats.satellite[0].dlkDSL.mac,Repetition Generation Delay for Node 343 at Satellite,,,"285.22856992742","54.22856992742"
General-290-20260718-16:35:03-5569,vector,Florasat_Individual_Sats.satellite[0].dlkDSL.mac,Message Generation Delay for Node 343 at Satellite,,,"285.22856992742","54.22856992742"
General-290-20260718-16:35:03-5569,vector,Florasat_Individual_Sats.satellite[0].dlkDSL.mac,Repetition Position for Node 253 at Satellite,,,"346.79660433218 357.52655783914 371.02157907573 383.4915122426","180 180 180 180"
General-290-20260718-16:35:03-5569,vector,Florasat_Individual_Sats.satellite[0].dlkDSL.mac,Repetition Generation Delay for Node 253 at Satellite,,,"346.79660433218 357.52655783914 371.02157907573 383.4915122426","0.79660433217998 11.52655783914 25.02157907573 37.4915122426"
General-290-20260718-16:35:03-5569,vector,Florasat_Individual_Sats.satellite[0].dlkDSL.mac,Message Generation Delay for Node 253 at Satellite,,,"346.79660433218","0.79660433217998"
General-290-20260718-16:35:03-5569,vector,Florasat_Individual_Sats.satellite[0].dlkDSL.mac,Repetition Position for Node 223 at Satellite,,,"347.23259728279 361.31223591504","180 180"
General-290-20260718-16:35:03-5569,vector,Florasat_Individual_Sats.satellite[0].dlkDSL.mac,Repetition Generation Delay for Node 223 at Satellite,,,"347.23259728279 361.31223591504","1.23259728279 15.31223591504"
General-290-20260718-16:35:03-5569,vector,Florasat_Individual_Sats.satellite[0].dlkDSL.mac,Message Generation Delay for Node 223 at Satellite,,,"347.23259728279","1.23259728279"
General-290-20260718-16:35:03-5569,vector,Florasat_Individual_Sats.satellite[0].dlkDSL.mac,Repetition Position for Node 838 at Satellite,,,"347.89679314525","180"
General-290-20260718-16:35:03-5569,vector,Florasat_Individual_Sats.satellite[0].dlkDSL.mac,Repetition Generation Delay for Node 838 at Satellite,,,"347.89679314525","1.89679314525"
General-290-20260718-16:35:03-5569,vector,Florasat_Individual_Sats.satellite[0].dlkDSL.mac,Message Generation Delay for Node 838 at Satellite,,,"347.89679314525","1.89679314525"
General-290-20260718-16:35:03-5569,vector,Florasat_Individual_Sats.satellite[0].dlkDSL.mac,Repetition Position for Node 763 at Satellite,,,"360.80537227498 374.80075605496 387.09291469472 397.15387064664","180 180 180 180"
General-290-20260718-16:35:03-5569,vector,Florasat_Individual_Sats.satellite[0].dlkDSL.mac,Repetition Generation Delay for Node 763 at Satellite,,,"360.80537227498 374.80075605496 387.09291469472 397.15387064664","14.80537227498 28.80075605496 41.09291469472 51.15387064664"
General-290-20260718-16:35:03-5569,vector,Florasat_Individual_Sats.satellite[0].dlkDSL.mac,Message Generation Delay for Node 763 at Satellite,,,"360.80537227498","14.80537227498"
General-290-20260718-16:35:03-5569,vector,Florasat_Individual_Sats.satellite[0].dlkDSL.mac,Repetition Position for Node 688 at Satellite,,,"374.11404181382 388.29972363886 398.90670258197","180 180 180"
General-290-20260718-16:35:03-5569,vector,Florasat_Individual_Sats.satellite[0].dlkDSL.mac,Repetition Generation Delay for Node 688 at Satellite,,,"374.11404181382 388.29972363886 398.90670258197","28.11404181382 42.29972363886 52.90670258197"
General-290-20260718-16:35:03-5569,vector,Florasat_Individual_Sats.satellite[0].dlkDSL.mac,Message Generation Delay for Node 688 at Satellite,,,"374.11404181382","28.11404181382"
General-290-20260718-16:35:03-5569,vector,Florasat_Individual_Sats.satellite[0].dlkDSL.mac,Repetition Position for Node 268 at Satellite,,,"463.36622973418 476.64843273445 487.73390255149 502.67626799971 514.04124343048","180 180 180 180 180"
General-290-20260718-16:35:03-5569,vector,Florasat_Individual_Sats.satellite[0].dlkDSL.mac,Repetition Generation Delay for Node 268 at Satellite,,,"463.36622973418 476.64843273445 487.73390255149 502.67626799971 514.04124343048","2.36622973418 15.64843273445 26.73390255149 41.67626799971 53.04124343048"
General-290-20260718-16:35:03-5569,vector,Florasat_Individual_Sats.satellite[0].dlkDSL.mac,Message Generation Delay for Node 268 at Satellite,,,"463.36622973418","2.36622973418"
General-290-20260718-16:35:03-5569,vector,Florasat_Individual_Sats.satellite[0].dlkDSL.mac,Repetition Position for Node 733 at Satellite,,,"475.46649691826 486.7206762353 498.95448842263 510.16416376401 576.97843485176 588.67268187473 601.87721817535 611.96931830854","180 180 180 180 180 180 180 180"
General-290-20260718-16:35:03-5569,vector,Florasat_Individual_Sats.satellite[0].dlkDSL.mac,Repetition Generation Delay for Node 733 at Satellite,,,"475.46649691826 486.7206762353 498.95448842263 510.16416376401 576.97843485176 588.67268187473 601.87721817535 611.96931830854","14.46649691826 25.7206762353 37.95448842263 49.16416376401 0.97843485175997 12.67268187473 25.87721817535 35.96931830854"
General-290-20260718-16:35:03-5569,vector,Florasat_Individual_Sats.satellite[0].dlkDSL.mac,Message Generation Delay for Node 733 at Satellite,,,"475.46649691826 576.97843485176","14.46649691826 0.97843485175997"
General-290-20260718-16:35:03-5569,vector,Florasat_Individual_Sats.satellite[0].dlkDSL.mac,Repetition Position for Node 283 at Satellite,,,"496.59753636726 508.62796493842","180 180"
General-290-20260718-16:35:03-5569,vector,Florasat_Individual_Sats.satellite[0].dlkDSL.mac,Repetition Generation Delay for Node 283 at Satellite,,,"496.59753636726 508.62796493842","35.59753636726 47.62796493842"
General-290-20260718-16:35:03-5569,vector,Florasat_Individual_Sats.satellite[0].dlkDSL.mac,Message Generation Delay for Node 283 at Satellite,,,"496.59753636726","35.59753636726"
General-290-20260718-16:35:03-5569,vector,Florasat_Individual_Sats.satellite[0].dlkDSL.mac,Repetition Position for Node 928 at Satellite,,,"505.28083652447 517.5499338303 578.27583094992 591.41027683791 604.29681587665 615.02796804699 629.66666225511","180 180 180 180 180 180 180"
General-290-20260718-16:35:03-5569,vector,Florasat_Individual_Sats.satellite[0].dlkDSL.mac,Repetition Generation Delay for Node 928 at Satellite,,,"505.28083652447 517.5499338303 578.27583094992 591.41027683791 604.29681587665 615.02796804699 629.66666225511","44.28083652447 56.5499338303 2.27583094992 15.41027683791 28.29681587665 39.02796804699 53.66666225511"
General-290-20260718-16:35:03-5569,vector,Florasat_Individual_Sats.satellite[0].dlkDSL.mac,Message Generation Delay for Node 928 at Satellite,,,"505.28083652447 578.27583094992","44.28083652447 2.27583094992"
General-290-20260718-16:35:03-5569,vector,Florasat_Individual_Sats.satellite[0].dlkDSL.mac,Repetition Position for Node 178 at Satellite,,,"587.50251965005 597.76151677933 607.88962738346 621.65412936932","180 180 180 180"
General-290-20260718-16:35:03-5569,vector,Florasat_Individual_Sats.satellite[0].dlkDSL.mac,Repetition Generation Delay for Node 178 at Satellite,,,"587.50251965005 597.76151677933 607.88962738346 621.65412936932","11.50251965005 21.76151677933 31.88962738346 45.65412936932"
General-290-20260718-16:35:03-5569,vector,Florasat_Individual_Sats.satellite[0].dlkDSL.mac,Message Generation Delay for Node 178 at Satellite,,,"587.50251965005","11.50251965005"
