run,type,module,name,attrname,attrvalue,vectime,vecvalue
General-202-20260718-16:31:37-5569,runattr,,,configname,General,,
General-202-20260718-16:31:37-5569,runattr,,,datetime,20260718-16:31:37,,
General-202-20260718-16:31:37-5569,runattr,,,datetimef,20260718-163137,,
General-202-20260718-16:31:37-5569,runattr,,,experiment,General,,
General-202-20260718-16:31:37-5569,runattr,,,inifile,Test_MLModel_2.ini,,
General-202-20260718-16:31:37-5569,runattr,,,iterationvars,"$myraan=185, $threshold=0.10, $0=15937",,
General-202-20260718-16:31:37-5569,runattr,,,iterationvarsd,myraan=185/threshold=0.10/15937,,
General-202-20260718-16:31:37-5569,runattr,,,iterationvarsf,"myraan=185,threshold=0.10,15937-",,
General-202-20260718-16:31:37-5569,runattr,,,measurement,"$myraan=185, $threshold=0.10, $0=15937",,
General-202-20260718-16:31:37-5569,runattr,,,network,Florasat.Test_Individual.Florasat_Individual_Sats,,
General-202-20260718-16:31:37-5569,runattr,,,processid,5569,,
General-202-20260718-16:31:37-5569,runattr,,,repetition,2,,
General-202-20260718-16:31:37-5569,runattr,,,replication,#2,,
General-202-20260718-16:31:37-5569,runattr,,,resultdir,results,,
General-202-20260718-16:31:37-5569,runattr,,,runnumber,202,,
General-202-20260718-16:31:37-5569,runattr,,,seedset,202,,
General-202-20260718-16:31:37-5569,itervar,,,myraan,185,,
General-202-20260718-16:31:37-5569,itervar,,,threshold,0.10,,
General-202-20260718-16:31:37-5569,config,,,*.stats_altitude,670,,
General-202-20260718-16:31:37-5569,config,,,*.stats_raan,185,,
General-202-20260718-16:31:37-5569,config,,,image-path,../../images:../../../../samples/inet4.5_2/images,,
General-202-20260718-16:31:37-5569,config,,,network,Florasat.Test_Individual.Florasat_Individual_Sats,,
General-202-20260718-16:31:37-5569,config,,,rng-class,cMersenneTwister,,
General-202-20260718-16:31:37-5569,config,,,*.**.result-recording-modes,-,,
General-202-20260718-16:31:37-5569,config,,,**.result-recording-modes,-,,
General-202-20260718-16:31:37-5569,config,,,**.statistic-recording,true,,
General-202-20260718-16:31:37-5569,config,,,**.scalar-recording,true,,
General-202-20260718-16:31:37-5569,config,,,**.vector-recording,true,,
General-202-20260718-16:31:37-5569,config,,,**.vector-record-eventnumbers,true,,
General-202-20260718-16:31:37-5569,config,,,repeat,10,,
General-202-20260718-16:31:37-5569,config,,,seed-0-mt,15937,,
General-202-20260718-16:31:37-5569,config,,,sim-time-limit,749s,,
General-202-20260718-16:31:37-5569,config,,,simtime-resolution,-11,,
General-202-20260718-16:31:37-5569,config,,,**.stats_altitude,670,,
General-202-20260718-16:31:37-5569,config,,,**.stats_raan,185,,
General-202-20260718-16:31:37-5569,config,,,*.radioMedium.backgroundNoise.power,-110dBm,,
General-202-20260718-16:31:37-5569,config,,,*.radioMedium.mediumLimitCache.centerFrequency,868MHz,,
General-202-20260718-16:31:37-5569,config,,,*.radioMedium.mediumLimitCache.maxTransmissionDuration,4s,,
General-202-20260718-16:31:37-5569,config,,,*.radioMedium.mediumLimitCache.minInterferenceTime,0s,,
General-202-20260718-16:31:37-5569,config,,,**.numSatellites,1,,
General-202-20260718-16:31:37-5569,config,,,*.satellite[*].mobilityType,"""Sat_Mob_SatelliteMobility_Standalone""",,
General-202-20260718-16:31:37-5569,config,,,*.satellite[*].noradModuleType,"""Sat_Mob_NoradA""",,
General-202-20260718-16:31:37-5569,config,,,**.satellite[*].**.initFromDisplayString,false,,
General-202-20260718-16:31:37-5569,config,,,*.satellite[*].mobility.faceForward,true,,
General-202-20260718-16:31:37-5569,config,,,*.satellite[*].mobility.updateInterval,20s,,
General-202-20260718-16:31:37-5569,config,,,*.satellite[*].NoradModule.satName,"""FLoRaSat""",,
General-202-20260718-16:31:37-5569,config,,,*.satellite[*].NoradModule.satIndex,-1,,
General-202-20260718-16:31:37-5569,config,,,*.satellite[*].NoradModule.baseYear,20,,
General-202-20260718-16:31:37-5569,config,,,*.satellite[*].NoradModule.baseDay,1.5,,
General-202-20260718-16:31:37-5569,config,,,*.satellite[*].NoradModule.planes,1,,
General-202-20260718-16:31:37-5569,config,,,*.satellite[*].NoradModule.satPerPlane,1,,
General-202-20260718-16:31:37-5569,config,,,*.satellite[*].NoradModule.eccentricity,0.000001,,
General-202-20260718-16:31:37-5569,config,,,*.satellite[*].NoradModule.inclination,98,,
General-202-20260718-16:31:37-5569,config,,,*.satellite[*].NoradModule.altitude,670,,
General-202-20260718-16:31:37-5569,config,,,*.satellite[0].NoradModule.raan,185,,
General-202-20260718-16:31:37-5569,config,,,*.satellite[0].NoradModule.meanAnomaly,195,,
General-202-20260718-16:31:37-5569,config,,,*.satellite[*].phyDSL.radio.receiver.enableCollisionOverlap,true,,
General-202-20260718-16:31:37-5569,config,,,*.satellite[*].phyDSL.radio.receiver.minCollisionOverlap,0s,,
General-202-20260718-16:31:37-5569,config,,,*.satellite[*].phyDSL.radio.antenna.typename,ConstantGainAntenna,,
General-202-20260718-16:31:37-5569,config,,,*.satellite[*].phyDSL.radio.antenna.mobilityModule,"""^.^.^.mobility""",,
General-202-20260718-16:31:37-5569,config,,,*.satellite[*].phyISL.radio.antenna.mobilityModule,"""^.^.^.mobility""",,
General-202-20260718-16:31:37-5569,config,,,*.satellite[*].phyGSL.radio.antenna.mobilityModule,"""^.^.^.mobility""",,
General-202-20260718-16:31:37-5569,config,,,*.satellite[*].phyDSL.radio.antenna.gain,12dB,,
General-202-20260718-16:31:37-5569,config,,,*.satellite[*].net.routingType,"""Null_Routing""",,
General-202-20260718-16:31:37-5569,config,,,*.terminal[*].net.routingType,"""Ter_Null_Routing""",,
General-202-20260718-16:31:37-5569,config,,,*.**.numGroundLinks,40,,
General-202-20260718-16:31:37-5569,config,,,*.satellite[*].**.interfaceTableModule,"""""",,
General-202-20260718-16:31:37-5569,config,,,**.radioMedium.typename,LoRaMedium,,
General-202-20260718-16:31:37-5569,config,,,**.radioMedium.analogModel.typename,LoRaAnalogModel,,
General-202-20260718-16:31:37-5569,config,,,**.intraPlaneIslDisabled,false,,
General-202-20260718-16:31:37-5569,config,,,**.interPlaneIslDisabled,false,,
General-202-20260718-16:31:37-5569,config,,,**.numTerminals,60,,
General-202-20260718-16:31:37-5569,config,,,*.terminal[*].phy.radio.antenna.mobilityModule,"""^.^.^.mob""",,
General-202-20260718-16:31:37-5569,config,,,*.terminal[*].dlk.mac.interfaceTableModule,"""""",,
General-202-20260718-16:31:37-5569,config,,,*.terminal[*].dlk.energySourceModule,"""""",,
General-202-20260718-16:31:37-5569,config,,,*.terminal[*].dlk.mac.LoRaTP,"intuniform(12, 14)",,
General-202-20260718-16:31:37-5569,config,,,*.terminal[*].dlk.mac.LoRaSF,"intuniform(10, 12)",,
General-202-20260718-16:31:37-5569,config,,,*.terminal[*].dlk.mac.useMLBoxBiLSTM,true,,
General-202-20260718-16:31:37-5569,config,,,*.terminal[*].dlk.mac.mlBoxBiLSTM.modelPath,"""/home/ylnner/Documents/omnet++/omnetpp-6.3.0/projects/florasat_v4_ult_routing/simulations/Test_Individual/mlmodels/bilstm_scripted.pt""",,
General-202-20260718-16:31:37-5569,config,,,*.terminal[*].dlk.mac.mlBoxBiLSTM.threshold,0.10,,
General-202-20260718-16:31:37-5569,config,,,**.numberOfPacketsToSend,0,,
General-202-20260718-16:31:37-5569,config,,,**.timeToFirstPacket,1s,,
General-202-20260718-16:31:37-5569,config,,,**.timeToNextPacket,115s,,
General-202-20260718-16:31:37-5569,config,,,*.terminal[0].mob.radius,0.0,,
General-202-20260718-16:31:37-5569,config,,,*.terminal[0].mob.centerLatitude,54.978,,
General-202-20260718-16:31:37-5569,config,,,*.terminal[0].mob.centerLongitude,-1.617,,
General-202-20260718-16:31:37-5569,config,,,*.terminal[1].mob.radius,0.0,,
General-202-20260718-16:31:37-5569,config,,,*.terminal[1].mob.centerLatitude,52.630,,
General-202-20260718-16:31:37-5569,config,,,*.terminal[1].mob.centerLongitude,-1.139,,
General-202-20260718-16:31:37-5569,config,,,*.terminal[2].mob.radius,0.0,,
General-202-20260718-16:31:37-5569,config,,,*.terminal[2].mob.centerLatitude,52.612,,
General-202-20260718-16:31:37-5569,config,,,*.terminal[2].mob.centerLongitude,-6.295,,
General-202-20260718-16:31:37-5569,config,,,*.terminal[3].mob.radius,0.0,,
General-202-20260718-16:31:37-5569,config,,,*.terminal[3].mob.centerLatitude,47.243,,
General-202-20260718-16:31:37-5569,config,,,*.terminal[3].mob.centerLongitude,6.024,,
General-202-20260718-16:31:37-5569,config,,,*.terminal[4].mob.radius,0.0,,
General-202-20260718-16:31:37-5569,config,,,*.terminal[4].mob.centerLatitude,43.610,,
General-202-20260718-16:31:37-5569,config,,,*.terminal[4].mob.centerLongitude,3.876,,
General-202-20260718-16:31:37-5569,config,,,*.terminal[5].mob.radius,0.0,,
General-202-20260718-16:31:37-5569,config,,,*.terminal[5].mob.centerLatitude,49.443,,
General-202-20260718-16:31:37-5569,config,,,*.terminal[5].mob.centerLongitude,1.099,,
General-202-20260718-16:31:37-5569,config,,,*.terminal[6].mob.radius,0.0,,
General-202-20260718-16:31:37-5569,config,,,*.terminal[6].mob.centerLatitude,37.992,,
General-202-20260718-16:31:37-5569,config,,,*.terminal[6].mob.centerLongitude,-1.130,,
General-202-20260718-16:31:37-5569,config,,,*.terminal[7].mob.radius,0.0,,
General-202-20260718-16:31:37-5569,config,,,*.terminal[7].mob.centerLatitude,40.965,,
General-202-20260718-16:31:37-5569,config,,,*.terminal[7].mob.centerLongitude,-5.664,,
General-202-20260718-16:31:37-5569,config,,,*.terminal[8].mob.radius,0.0,,
General-202-20260718-16:31:37-5569,config,,,*.terminal[8].mob.centerLatitude,40.657,,
General-202-20260718-16:31:37-5569,config,,,*.terminal[8].mob.centerLongitude,-7.914,,
General-202-20260718-16:31:37-5569,config,,,*.terminal[9].mob.radius,0.0,,
General-202-20260718-16:31:37-5569,config,,,*.terminal[9].mob.centerLatitude,51.340,,
General-202-20260718-16:31:37-5569,config,,,*.terminal[9].mob.centerLongitude,12.373,,
General-202-20260718-16:31:37-5569,config,,,*.terminal[10].mob.radius,0.0,,
General-202-20260718-16:31:37-5569,config,,,*.terminal[10].mob.centerLatitude,51.455,,
General-202-20260718-16:31:37-5569,config,,,*.terminal[10].mob.centerLongitude,7.011,,
General-202-20260718-16:31:37-5569,config,,,*.terminal[11].mob.radius,0.0,,
General-202-20260718-16:31:37-5569,config,,,*.terminal[11].mob.centerLatitude,49.452,,
General-202-20260718-16:31:37-5569,config,,,*.terminal[11].mob.centerLongitude,11.076,,
General-202-20260718-16:31:37-5569,config,,,*.terminal[12].mob.radius,0.0,,
General-202-20260718-16:31:37-5569,config,,,*.terminal[12].mob.centerLatitude,43.769,,
General-202-20260718-16:31:37-5569,config,,,*.terminal[12].mob.centerLongitude,11.255,,
General-202-20260718-16:31:37-5569,config,,,*.terminal[13].mob.radius,0.0,,
General-202-20260718-16:31:37-5569,config,,,*.terminal[13].mob.centerLatitude,41.117,,
General-202-20260718-16:31:37-5569,config,,,*.terminal[13].mob.centerLongitude,16.871,,
General-202-20260718-16:31:37-5569,config,,,*.terminal[14].mob.radius,0.0,,
General-202-20260718-16:31:37-5569,config,,,*.terminal[14].mob.centerLatitude,52.132,,
General-202-20260718-16:31:37-5569,config,,,*.terminal[14].mob.centerLongitude,5.291,,
General-202-20260718-16:31:37-5569,config,,,*.terminal[15].mob.radius,0.0,,
General-202-20260718-16:31:37-5569,config,,,*.terminal[15].mob.centerLatitude,50.411,,
General-202-20260718-16:31:37-5569,config,,,*.terminal[15].mob.centerLongitude,4.444,,
General-202-20260718-16:31:37-5569,config,,,*.terminal[16].mob.radius,0.0,,
General-202-20260718-16:31:37-5569,config,,,*.terminal[16].mob.centerLatitude,47.559,,
General-202-20260718-16:31:37-5569,config,,,*.terminal[16].mob.centerLongitude,7.588,,
General-202-20260718-16:31:37-5569,config,,,*.terminal[17].mob.radius,0.0,,
General-202-20260718-16:31:37-5569,config,,,*.terminal[17].mob.centerLatitude,55.403,,
General-202-20260718-16:31:37-5569,config,,,*.terminal[17].mob.centerLongitude,10.402,,
General-202-20260718-16:31:37-5569,config,,,*.terminal[18].mob.radius,0.0,,
General-202-20260718-16:31:37-5569,config,,,*.terminal[18].mob.centerLatitude,59.858,,
General-202-20260718-16:31:37-5569,config,,,*.terminal[18].mob.centerLongitude,17.638,,
General-202-20260718-16:31:37-5569,config,,,*.terminal[19].mob.radius,0.0,,
General-202-20260718-16:31:37-5569,config,,,*.terminal[19].mob.centerLatitude,60.451,,
General-202-20260718-16:31:37-5569,config,,,*.terminal[19].mob.centerLongitude,22.266,,
General-202-20260718-16:31:37-5569,config,,,*.terminal[20].mob.radius,0.0,,
General-202-20260718-16:31:37-5569,config,,,*.terminal[20].mob.centerLatitude,56.325,,
General-202-20260718-16:31:37-5569,config,,,*.terminal[20].mob.centerLongitude,22.349,,
General-202-20260718-16:31:37-5569,config,,,*.terminal[21].mob.radius,0.0,,
General-202-20260718-16:31:37-5569,config,,,*.terminal[21].mob.centerLatitude,49.883,,
General-202-20260718-16:31:37-5569,config,,,*.terminal[21].mob.centerLongitude,18.568,,
General-202-20260718-16:31:37-5569,config,,,*.terminal[22].mob.radius,0.0,,
General-202-20260718-16:31:37-5569,config,,,*.terminal[22].mob.centerLatitude,47.531,,
General-202-20260718-16:31:37-5569,config,,,*.terminal[22].mob.centerLongitude,21.627,,
General-202-20260718-16:31:37-5569,config,,,*.terminal[23].mob.radius,0.0,,
General-202-20260718-16:31:37-5569,config,,,*.terminal[23].mob.centerLatitude,44.179,,
General-202-20260718-16:31:37-5569,config,,,*.terminal[23].mob.centerLongitude,28.649,,
General-202-20260718-16:31:37-5569,config,,,*.terminal[24].mob.radius,0.0,,
General-202-20260718-16:31:37-5569,config,,,*.terminal[24].mob.centerLatitude,45.327,,
General-202-20260718-16:31:37-5569,config,,,*.terminal[24].mob.centerLongitude,14.442,,
General-202-20260718-16:31:37-5569,config,,,*.terminal[25].mob.radius,0.0,,
General-202-20260718-16:31:37-5569,config,,,*.terminal[25].mob.centerLatitude,40.694,,
General-202-20260718-16:31:37-5569,config,,,*.terminal[25].mob.centerLongitude,30.400,,
General-202-20260718-16:31:37-5569,config,,,*.terminal[26].mob.radius,0.0,,
General-202-20260718-16:31:37-5569,config,,,*.terminal[26].mob.centerLatitude,37.066,,
General-202-20260718-16:31:37-5569,config,,,*.terminal[26].mob.centerLongitude,37.383,,
General-202-20260718-16:31:37-5569,config,,,*.terminal[27].mob.radius,0.0,,
General-202-20260718-16:31:37-5569,config,,,*.terminal[27].mob.centerLatitude,64.836,,
General-202-20260718-16:31:37-5569,config,,,*.terminal[27].mob.centerLongitude,-23.708,,
General-202-20260718-16:31:37-5569,config,,,*.terminal[28].mob.radius,0.0,,
General-202-20260718-16:31:37-5569,config,,,*.terminal[28].mob.centerLatitude,28.099,,
General-202-20260718-16:31:37-5569,config,,,*.terminal[28].mob.centerLongitude,-17.113,,
General-202-20260718-16:31:37-5569,config,,,*.terminal[29].mob.radius,0.0,,
General-202-20260718-16:31:37-5569,config,,,*.terminal[29].mob.centerLatitude,34.921,,
General-202-20260718-16:31:37-5569,config,,,*.terminal[29].mob.centerLongitude,33.623,,
General-202-20260718-16:31:37-5569,config,,,*.terminal[30].mob.radius,0.0,,
General-202-20260718-16:31:37-5569,config,,,*.terminal[30].mob.centerLatitude,55.953,,
General-202-20260718-16:31:37-5569,config,,,*.terminal[30].mob.centerLongitude,-3.188,,
General-202-20260718-16:31:37-5569,config,,,*.terminal[31].mob.radius,0.0,,
General-202-20260718-16:31:37-5569,config,,,*.terminal[31].mob.centerLatitude,51.481,,
General-202-20260718-16:31:37-5569,config,,,*.terminal[31].mob.centerLongitude,-3.179,,
General-202-20260718-16:31:37-5569,config,,,*.terminal[32].mob.radius,0.0,,
General-202-20260718-16:31:37-5569,config,,,*.terminal[32].mob.centerLatitude,53.349,,
General-202-20260718-16:31:37-5569,config,,,*.terminal[32].mob.centerLongitude,-6.260,,
General-202-20260718-16:31:37-5569,config,,,*.terminal[33].mob.radius,0.0,,
General-202-20260718-16:31:37-5569,config,,,*.terminal[33].mob.centerLatitude,45.764,,
General-202-20260718-16:31:37-5569,config,,,*.terminal[33].mob.centerLongitude,4.835,,
General-202-20260718-16:31:37-5569,config,,,*.terminal[34].mob.radius,0.0,,
General-202-20260718-16:31:37-5569,config,,,*.terminal[34].mob.centerLatitude,48.573,,
General-202-20260718-16:31:37-5569,config,,,*.terminal[34].mob.centerLongitude,7.752,,
General-202-20260718-16:31:37-5569,config,,,*.terminal[35].mob.radius,0.0,,
General-202-20260718-16:31:37-5569,config,,,*.terminal[35].mob.centerLatitude,44.837,,
General-202-20260718-16:31:37-5569,config,,,*.terminal[35].mob.centerLongitude,-0.579,,
General-202-20260718-16:31:37-5569,config,,,*.terminal[36].mob.radius,0.0,,
General-202-20260718-16:31:37-5569,config,,,*.terminal[36].mob.centerLatitude,41.385,,
General-202-20260718-16:31:37-5569,config,,,*.terminal[36].mob.centerLongitude,2.173,,
General-202-20260718-16:31:37-5569,config,,,*.terminal[37].mob.radius,0.0,,
General-202-20260718-16:31:37-5569,config,,,*.terminal[37].mob.centerLatitude,41.157,,
General-202-20260718-16:31:37-5569,config,,,*.terminal[37].mob.centerLongitude,-8.629,,
General-202-20260718-16:31:37-5569,config,,,*.terminal[38].mob.radius,0.0,,
General-202-20260718-16:31:37-5569,config,,,*.terminal[38].mob.centerLatitude,37.389,,
General-202-20260718-16:31:37-5569,config,,,*.terminal[38].mob.centerLongitude,-5.984,,
General-202-20260718-16:31:37-5569,config,,,*.terminal[39].mob.radius,0.0,,
General-202-20260718-16:31:37-5569,config,,,*.terminal[39].mob.centerLatitude,53.551,,
General-202-20260718-16:31:37-5569,config,,,*.terminal[39].mob.centerLongitude,9.993,,
General-202-20260718-16:31:37-5569,config,,,*.terminal[40].mob.radius,0.0,,
General-202-20260718-16:31:37-5569,config,,,*.terminal[40].mob.centerLatitude,48.135,,
General-202-20260718-16:31:37-5569,config,,,*.terminal[40].mob.centerLongitude,11.582,,
General-202-20260718-16:31:37-5569,config,,,*.terminal[41].mob.radius,0.0,,
General-202-20260718-16:31:37-5569,config,,,*.terminal[41].mob.centerLatitude,50.110,,
General-202-20260718-16:31:37-5569,config,,,*.terminal[41].mob.centerLongitude,8.682,,
General-202-20260718-16:31:37-5569,config,,,*.terminal[42].mob.radius,0.0,,
General-202-20260718-16:31:37-5569,config,,,*.terminal[42].mob.centerLatitude,45.464,,
General-202-20260718-16:31:37-5569,config,,,*.terminal[42].mob.centerLongitude,9.190,,
General-202-20260718-16:31:37-5569,config,,,*.terminal[43].mob.radius,0.0,,
General-202-20260718-16:31:37-5569,config,,,*.terminal[43].mob.centerLatitude,40.851,,
General-202-20260718-16:31:37-5569,config,,,*.terminal[43].mob.centerLongitude,14.268,,
General-202-20260718-16:31:37-5569,config,,,*.terminal[44].mob.radius,0.0,,
General-202-20260718-16:31:37-5569,config,,,*.terminal[44].mob.centerLatitude,51.209,,
General-202-20260718-16:31:37-5569,config,,,*.terminal[44].mob.centerLongitude,3.224,,
General-202-20260718-16:31:37-5569,config,,,*.terminal[45].mob.radius,0.0,,
General-202-20260718-16:31:37-5569,config,,,*.terminal[45].mob.centerLatitude,48.208,,
General-202-20260718-16:31:37-5569,config,,,*.terminal[45].mob.centerLongitude,16.373,,
General-202-20260718-16:31:37-5569,config,,,*.terminal[46].mob.radius,0.0,,
General-202-20260718-16:31:37-5569,config,,,*.terminal[46].mob.centerLatitude,52.229,,
General-202-20260718-16:31:37-5569,config,,,*.terminal[46].mob.centerLongitude,21.012,,
General-202-20260718-16:31:37-5569,config,,,*.terminal[47].mob.radius,0.0,,
General-202-20260718-16:31:37-5569,config,,,*.terminal[47].mob.centerLatitude,59.913,,
General-202-20260718-16:31:37-5569,config,,,*.terminal[47].mob.centerLongitude,10.752,,
General-202-20260718-16:31:37-5569,config,,,*.terminal[48].mob.radius,0.0,,
General-202-20260718-16:31:37-5569,config,,,*.terminal[48].mob.centerLatitude,56.949,,
General-202-20260718-16:31:37-5569,config,,,*.terminal[48].mob.centerLongitude,24.105,,
General-202-20260718-16:31:37-5569,config,,,*.terminal[49].mob.radius,0.0,,
General-202-20260718-16:31:37-5569,config,,,*.terminal[49].mob.centerLatitude,59.437,,
General-202-20260718-16:31:37-5569,config,,,*.terminal[49].mob.centerLongitude,24.753,,
General-202-20260718-16:31:37-5569,config,,,*.terminal[50].mob.radius,0.0,,
General-202-20260718-16:31:37-5569,config,,,*.terminal[50].mob.centerLatitude,50.075,,
General-202-20260718-16:31:37-5569,config,,,*.terminal[50].mob.centerLongitude,14.437,,
General-202-20260718-16:31:37-5569,config,,,*.terminal[51].mob.radius,0.0,,
General-202-20260718-16:31:37-5569,config,,,*.terminal[51].mob.centerLatitude,42.697,,
General-202-20260718-16:31:37-5569,config,,,*.terminal[51].mob.centerLongitude,23.321,,
General-202-20260718-16:31:37-5569,config,,,*.terminal[52].mob.radius,0.0,,
General-202-20260718-16:31:37-5569,config,,,*.terminal[52].mob.centerLatitude,45.815,,
General-202-20260718-16:31:37-5569,config,,,*.terminal[52].mob.centerLongitude,15.981,,
General-202-20260718-16:31:37-5569,config,,,*.terminal[53].mob.radius,0.0,,
General-202-20260718-16:31:37-5569,config,,,*.terminal[53].mob.centerLatitude,40.640,,
General-202-20260718-16:31:37-5569,config,,,*.terminal[53].mob.centerLongitude,22.944,,
General-202-20260718-16:31:37-5569,config,,,*.terminal[54].mob.radius,0.0,,
General-202-20260718-16:31:37-5569,config,,,*.terminal[54].mob.centerLatitude,39.933,,
General-202-20260718-16:31:37-5569,config,,,*.terminal[54].mob.centerLongitude,32.859,,
General-202-20260718-16:31:37-5569,config,,,*.terminal[55].mob.radius,0.0,,
General-202-20260718-16:31:37-5569,config,,,*.terminal[55].mob.centerLatitude,38.419,,
General-202-20260718-16:31:37-5569,config,,,*.terminal[55].mob.centerLongitude,27.128,,
General-202-20260718-16:31:37-5569,config,,,*.terminal[56].mob.radius,0.0,,
General-202-20260718-16:31:37-5569,config,,,*.terminal[56].mob.centerLatitude,35.898,,
General-202-20260718-16:31:37-5569,config,,,*.terminal[56].mob.centerLongitude,14.514,,
General-202-20260718-16:31:37-5569,config,,,*.terminal[57].mob.radius,0.0,,
General-202-20260718-16:31:37-5569,config,,,*.terminal[57].mob.centerLatitude,65.683,,
General-202-20260718-16:31:37-5569,config,,,*.terminal[57].mob.centerLongitude,-18.087,,
General-202-20260718-16:31:37-5569,config,,,*.terminal[58].mob.radius,0.0,,
General-202-20260718-16:31:37-5569,config,,,*.terminal[58].mob.centerLatitude,28.463,,
General-202-20260718-16:31:37-5569,config,,,*.terminal[58].mob.centerLongitude,-16.251,,
General-202-20260718-16:31:37-5569,config,,,*.terminal[59].mob.radius,0.0,,
General-202-20260718-16:31:37-5569,config,,,*.terminal[59].mob.centerLatitude,35.185,,
General-202-20260718-16:31:37-5569,config,,,*.terminal[59].mob.centerLongitude,33.382,,
General-202-20260718-16:31:37-5569,config,,,**.numStations,3,,
General-202-20260718-16:31:37-5569,config,,,**.numStations,3,,
General-202-20260718-16:31:37-5569,config,,,*.station[0].mobility.latitude,55.752,,
General-202-20260718-16:31:37-5569,config,,,*.station[0].mobility.longitude,37.616,,
General-202-20260718-16:31:37-5569,config,,,*.station[0].cityName,"""Moscow""",,
General-202-20260718-16:31:37-5569,config,,,*.station[0].groundStationId,7,,
General-202-20260718-16:31:37-5569,config,,,*.station[0].routerAddr,"""10.0.0.29""",,
General-202-20260718-16:31:37-5569,config,,,*.station[0].serving,"""10.0.0.29""",,
General-202-20260718-16:31:37-5569,config,,,*.station[1].mobility.latitude,28.652,,
General-202-20260718-16:31:37-5569,config,,,*.station[1].mobility.longitude,77.231,,
General-202-20260718-16:31:37-5569,config,,,*.station[1].cityName,"""Delhi""",,
General-202-20260718-16:31:37-5569,config,,,*.station[1].groundStationId,11,,
General-202-20260718-16:31:37-5569,config,,,*.station[1].routerAddr,"""10.0.0.45""",,
General-202-20260718-16:31:37-5569,config,,,*.station[1].serving,"""10.0.0.45""",,
General-202-20260718-16:31:37-5569,config,,,*.station[2].mobility.latitude,25.35,,
General-202-20260718-16:31:37-5569,config,,,*.station[2].mobility.longitude,51.24,,
General-202-20260718-16:31:37-5569,config,,,*.station[2].cityName,"""Katar""",,
General-202-20260718-16:31:37-5569,config,,,*.station[2].groundStationId,19,,
General-202-20260718-16:31:37-5569,config,,,*.station[2].routerAddr,"""10.0.0.77""",,
General-202-20260718-16:31:37-5569,config,,,*.station[2].serving,"""10.0.0.77""",,
General-202-20260718-16:31:37-5569,config,,,*.visualizer.canvasVisualizer.mediumVisualizer.typename,,,
General-202-20260718-16:31:37-5569,config,,,*.visualizer.*.radioVisualizer.displayAntennaLobes,true,,
General-202-20260718-16:31:37-5569,config,,,*.visualizer.*.dataLinkVisualizer.displayLinks,true,,
General-202-20260718-16:31:37-5569,config,,,*.visualizer.*.mobilityVisualizer.displayMovementTrails,true,,
General-202-20260718-16:31:37-5569,config,,,*.visualizer.*.mobilityVisualizer.movementTrailLineWidth,1,,
General-202-20260718-16:31:37-5569,config,,,*.visualizer.*.mobilityVisualizer.trailLength,3000,,
General-202-20260718-16:31:37-5569,config,,,**.ttxStart_max,1s,,
General-202-20260718-16:31:37-5569,config,,,**.ttxIdle_min,10s,,
General-202-20260718-16:31:37-5569,config,,,**.ttxIdle_max,15s,,
General-202-20260718-16:31:37-5569,config,,,**.Ntw,1,,
General-202-20260718-16:31:37-5569,config,,,**.Ntx,5,,
General-202-20260718-16:31:37-5569,config,,,**.ttwDuration,100s,,
General-202-20260718-16:31:37-5569,config,,,output-scalar-file,results/results_florasat_ml_lstm/bilstm-raan-185-th-0.10-General-2.sca,,
General-202-20260718-16:31:37-5569,config,,,output-vector-file,results/results_florasat_ml_lstm/bilstm-raan-185-th-0.10-General-2.vec,,
General-202-20260718-16:31:37-5569,vector,Florasat_Individual_Sats.terminal[59].dlk.mac,vector_preds_BiLSTM,,,"1.00911459932 14.49176269281 28.64048086503 41.5509728673 53.35796880932 116.50980732334 126.52644991689 138.75071419799 149.70324691432 162.8884702297 231.80398897198 246.24917713855 260.31748588592 274.72464873851 286.5934396307 346.89056303632 359.54593350459 370.04784694221 380.39306468144 391.61742920568 461.53415608499 475.02320538787 489.04387888312 501.73659734125 516.00103451218 576.14353307243 590.29577272315 602.10424735164 614.25963934115 625.88913224824 691.63456975482 703.44918340561 716.41100480803 727.790068842 742.44751534075","8489901.1 8489902.1 8489903.1 8489904.1 8489905.1 8495901.1 8495902.1 8495903 8495904.1 8495905.1 8501901.1 8501902.1 8501903.1 8501904.1 8501905.1 8507901.1 8507902.1 8507903.1 8507904.1 8507905.1 8513901.1 8513902.1 8513903.1 8513904.1 8513905.1 8519901.1 8519902.1 8519903.1 8519904.1 8519905.1 8525901.1 8525902.1 8525903.1 8525904.1 8525905.1"
General-202-20260718-16:31:37-5569,vector,Florasat_Individual_Sats.terminal[47].dlk.mac,vector_preds_BiLSTM,,,"1.08371247957 13.82205062383 23.94544103951 34.61531677353 44.71857263893 116.17504911055 128.15847732267 142.99467020808 153.14784539771 165.1394503892 231.37732513645 243.548047947 254.68870978034 266.44884803612 280.90069986228 346.27682866529 358.34669998032 373.21251705172 386.8290387257 397.98225438804 461.93902317528 472.69937209296 487.03789793514 498.62710981025 509.51244342933 576.8544271125 587.9493844721 601.13181442511 613.93890915578 628.75252351537 691.13155480265 702.94556135685 717.69166741428 729.61852113973 741.94816667494","8488701.1 8488702.1 8488703.1 8488704.1 8488705.1 8494701.1 8494702.1 8494703.1 8494704.1 8494705.1 8500701.1 8500702.1 8500703.1 8500704.1 8500705.1 8506701.1 8506702.1 8506703.1 8506704.1 8506705.1 8512701.1 8512702.1 8512703.1 8512704.1 8512705.1 8518701.1 8518702.1 8518703.1 8518704.1 8518705.1 8524701.1 8524702.1 8524703.1 8524704.1 8524705"
General-202-20260718-16:31:37-5569,vector,Florasat_Individual_Sats.terminal[16].dlk.mac,vector_preds_BiLSTM,,,"1.08513854374 12.2435139392 25.75695324968 36.88885184517 49.01039994601 116.58940383303 127.35239320505 140.09811012028 153.42104718741 164.31918406929 231.79925001133 246.48296165187 259.66232896689 273.09702520049 283.88878251216 346.03369532782 358.7448795517 372.83822494839 384.42613982992 397.51541428315 461.80037140404 475.49152297923 488.94518341311 503.57517027669 514.87250505388 576.67958032712 588.78417053981 602.22196889947 613.69839642685 627.49394988664 691.50550313666 706.31231014523 719.2182743831 732.1627049453 743.99900183337","8485601.1 8485602.1 8485603.1 8485604.1 8485605.1 8491601.1 8491602.1 8491603.1 8491604.1 8491605.1 8497601.1 8497602.1 8497603.1 8497604.1 8497605.1 8503601.1 8503602.1 8503603.1 8503604.1 8503605.1 8509601.1 8509602.1 8509603.1 8509604.1 8509605.1 8515601.1 8515602.1 8515603.1 8515604.1 8515605.1 8521601.1 8521602.1 8521603.1 8521604.1 8521605.1"
General-202-20260718-16:31:37-5569,vector,Florasat_Individual_Sats.terminal[21].dlk.mac,vector_preds_BiLSTM,,,"1.10621656384 13.2429876374 26.95400884467 40.73230481682 51.64368987408 116.79773922334 129.41304085101 142.20231422945 152.63349515293 165.00756295654 231.56503853807 242.95998254511 254.35486155748 267.55673859804 280.35433266498 346.55162878195 359.6683443964 370.4536986989 383.47202281095 396.89750208962 461.15804155543 473.64334021648 486.13407624606 496.84930912754 507.17394011747 576.81015170179 590.95794444787 605.09904786944 619.42784242914 633.31473166239 691.98863237305 703.00184512302 717.39846073697 727.6952644568 738.54026367795","8486101.1 8486102.1 8486103.1 8486104.1 8486105.1 8492101.1 8492102.1 8492103.1 8492104.1 8492105.1 8498101.1 8498102.1 8498103.1 8498104.1 8498105.1 8504101.1 8504102.1 8504103.1 8504104.1 8504105.1 8510101.1 8510102.1 8510103.1 8510104.1 8510105.1 8516101.1 8516102.1 8516103.1 8516104.1 8516105.1 8522101.1 8522102.1 8522103.1 8522104.1 8522105.1"
General-202-20260718-16:31:37-5569,vector,Florasat_Individual_Sats.terminal[18].dlk.mac,vector_preds_BiLSTM,,,"1.11060918472 13.62585404935 25.16869277275 36.29781969754 50.40156181484 116.16166836233 129.07648858032 139.11874706042 152.61370670982 164.771709044 231.00434240187 243.76896422822 254.6331133123 267.18782465905 278.8079921843 346.80322458898 357.29043098563 370.33270325792 381.88330255729 392.41189094191 461.70052116434 472.60255003278 484.75315156788 498.61236836691 513.12905574031 576.37995610526 590.75879642205 604.64611139894 619.13108072058 631.62503272342 691.23834073474 703.9198866759 716.4268566242 730.90385671054 742.85773750558","8485801.1 8485802.1 8485803.1 8485804.1 8485805.1 8491801.1 8491802.1 8491803.1 8491804.1 8491805.1 8497801.1 8497802.1 8497803.1 8497804.1 8497805.1 8503801.1 8503802.1 8503803.1 8503804.1 8503805.1 8509801.1 8509802.1 8509803.1 8509804.1 8509805.1 8515801.1 8515802.1 8515803.1 8515804.1 8515805.1 8521801.1 8521802 8521803 8521804 8521805"
General-202-20260718-16:31:37-5569,vector,Florasat_Individual_Sats.terminal[12].dlk.mac,vector_preds_BiLSTM,,,"1.12578082713 12.81212575617 27.68289646832 38.68073767982 50.76481319381 116.25688902568 130.3164691804 144.43205604679 155.22723093396 165.51781267044 231.01409491431 245.47667000722 258.24691163772 269.22700946848 283.68132944382 346.927852161 358.46070682351 370.81200357946 382.89886519965 396.76164193731 461.26159771462 472.5133964885 486.35728648631 497.52726936014 507.79545175144 576.62610753626 586.79821081763 600.87481514738 612.4964959263 626.31876690384 691.59161780681 705.28651910903 716.78060760558 728.28690649312 740.42410366772","8485201.1 8485202.1 8485203.1 8485204.1 8485205.1 8491201.1 8491202.1 8491203.1 8491204.1 8491205.1 8497201.1 8497202.1 8497203.1 8497204.1 8497205.1 8503201.1 8503202.1 8503203.1 8503204.1 8503205.1 8509201.1 8509202.1 8509203.1 8509204.1 8509205.1 8515201.1 8515202.1 8515203.1 8515204.1 8515205.1 8521201.1 8521202.1 8521203.1 8521204.1 8521205.1"
General-202-20260718-16:31:37-5569,vector,Florasat_Individual_Sats.terminal[2].dlk.mac,vector_preds_BiLSTM,,,"1.12887979089 12.85723337624 23.72185293305 36.21537848096 49.13247881876 116.23361247731 126.64335501403 136.84304898977 149.60941534163 164.01578903687 231.00088261766 244.95841174619 259.95260098716 270.93178866314 283.87456755735 346.37532212003 357.40951956878 369.43596167187 380.81512588006 395.66497372626 461.73713325756 472.38292443683 483.90393526643 494.01120334166 504.36037474662 576.83243955043 587.48406506865 600.36595547478 611.4390230705 625.01476900675 691.38822489302 703.84020019439 715.82758845179 725.89506056858 740.22800144041","8484201.1 8484202.1 8484203.1 8484204.1 8484205.1 8490201.1 8490202.1 8490203.1 8490204.1 8490205.1 8496201.1 8496202.1 8496203.1 8496204.1 8496205.1 8502201.1 8502202.1 8502203.1 8502204.1 8502205.1 8508201.1 8508202.1 8508203.1 8508204.1 8508205.1 8514201.1 8514202.1 8514203.1 8514204.1 8514205.1 8520201.1 8520202.1 8520203.1 8520204.1 8520205.1"
General-202-20260718-16:31:37-5569,vector,Florasat_Individual_Sats.terminal[25].dlk.mac,vector_preds_BiLSTM,,,"1.13795786956 15.50562708964 29.4133981897 40.07087317737 52.41283309273 116.56529168319 128.54705310264 142.91608012817 154.24067251803 165.84976988332 231.32418812695 243.45304752095 255.77014267538 266.96300130897 281.63053026633 346.0998148236 358.56297495636 371.08813084756 381.14432111826 392.46171262093 461.33920106571 473.61766073038 483.72774017393 498.62916152459 512.33070048388 576.58149874327 590.4644311769 603.28992514197 617.39564288665 632.05835932308 691.58480778616 705.28808123246 719.98651486519 732.80094671808 745.91412231489","8486501.1 8486502.1 8486503.1 8486504.1 8486505.1 8492501.1 8492502.1 8492503.1 8492504.1 8492505.1 8498501.1 8498502.1 8498503.1 8498504.1 8498505.1 8504501.1 8504502.1 8504503.1 8504504.1 8504505.1 8510501.1 8510502.1 8510503.1 8510504.1 8510505.1 8516501.1 8516502.1 8516503.1 8516504.1 8516505.1 8522501.1 8522502.1 8522503.1 8522504.1 8522505.1"
General-202-20260718-16:31:37-5569,vector,Florasat_Individual_Sats.terminal[6].dlk.mac,vector_preds_BiLSTM,,,"1.16709108697 13.74770197435 27.30857810587 41.66364485863 55.93045273097 116.31999767059 130.84005892183 144.8620691921 156.47855896059 168.69600880447 231.29896866204 242.86596586043 254.54487146391 267.52853054018 282.10517018731 346.80787009583 359.17759402003 372.6972664129 385.66508318228 399.58363233297 461.29503964772 471.87823148188 482.12357367133 493.77493931074 505.01587596233 576.51979323383 589.30845367745 599.60344869317 610.90843463456 622.58082568552 691.52728244755 704.16863648896 716.31499972287 730.95433496846 745.71125736087","8484601.1 8484602.1 8484603.1 8484604.1 8484605.1 8490601.1 8490602.1 8490603.1 8490604.1 8490605.1 8496601.1 8496602.1 8496603.1 8496604.1 8496605.1 8502601.1 8502602.1 8502603.1 8502604.1 8502605.1 8508601.1 8508602.1 8508603.1 8508604.1 8508605.1 8514601.1 8514602.1 8514603.1 8514604.1 8514605.1 8520601.1 8520602.1 8520603.1 8520604.1 8520605.1"
General-202-20260718-16:31:37-5569,vector,Florasat_Individual_Sats.terminal[29].dlk.mac,vector_preds_BiLSTM,,,"1.18280800432 13.04339398886 26.00920143793 36.43185504386 50.41672789166 116.29508182989 126.47675489192 138.27826048015 153.23459560052 167.71789589664 231.1597791994 241.64299126295 251.7751584067 265.18510200363 277.14879413182 346.7202653056 361.22901365114 373.55163671262 387.57238858332 400.68342773778 461.13271179982 471.53487499361 485.70207100036 497.31362633314 509.81045811693 576.73757518874 587.88259853259 598.42242936719 611.75965683068 625.29183327336 691.99891205598 702.28766380763 712.91089194431 724.82133096037 738.62130047241","8486901.1 8486902.1 8486903.1 8486904.1 8486905.1 8492901.1 8492902.1 8492903 8492904 8492905.1 8498901.1 8498902.1 8498903.1 8498904.1 8498905.1 8504901.1 8504902.1 8504903.1 8504904.1 8504905.1 8510901.1 8510902.1 8510903.1 8510904.1 8510905.1 8516901.1 8516902.1 8516903.1 8516904.1 8516905.1 8522901.1 8522902.1 8522903.1 8522904.1 8522905.1"
General-202-20260718-16:31:37-5569,vector,Florasat_Individual_Sats.terminal[34].dlk.mac,vector_preds_BiLSTM,,,"1.19461400993 15.3611802971 27.5572569666 41.93073348469 54.9818733309 116.3113747912 128.72988048149 139.82004837738 154.28243836644 168.50213622814 231.10226879595 244.69251316157 259.25949770026 272.7631357871 287.12155938032 346.85161954793 358.52385958261 368.53276373539 382.00505492347 394.92154837539 461.70211348077 474.82130787777 488.26440608338 499.72735291207 514.29299129266 576.27320026606 589.45144730364 602.24508568621 615.12987338216 625.3385984581 691.77395901177 704.28402695688 717.38437938504 730.78828116995 742.99457755754","8487401.1 8487402.1 8487403.1 8487404.1 8487405.1 8493401.1 8493402.1 8493403.1 8493404.1 8493405.1 8499401.1 8499402.1 8499403.1 8499404.1 8499405.1 8505401.1 8505402.1 8505403.1 8505404.1 8505405.1 8511401.1 8511402.1 8511403.1 8511404.1 8511405.1 8517401.1 8517402.1 8517403.1 8517404.1 8517405.1 8523401.1 8523402.1 8523403.1 8523404.1 8523405.1"
General-202-20260718-16:31:37-5569,vector,Florasat_Individual_Sats.terminal[9].dlk.mac,vector_preds_BiLSTM,,,"1.21387000871 14.21037093131 26.76381434407 39.51921446342 51.73122333805 116.59954528301 129.17948277993 142.60085470485 153.51041628955 164.31821728567 231.52569942549 245.57217754331 258.19201015193 268.49770645402 282.10931650154 346.8989195989 360.22453841986 374.46523789316 389.2808645335 400.96106580458 461.43986394373 473.08863309422 487.63579507568 502.62187359715 516.62691176147 576.68264113297 589.49212874798 600.61902874894 613.87815953511 628.01547234109 691.16643579584 703.81384762843 713.91794752819 724.73594321311 735.55564609264","8484901.1 8484902.1 8484903.1 8484904.1 8484905.1 8490901.1 8490902.1 8490903.1 8490904.1 8490905.1 8496901.1 8496902.1 8496903.1 8496904.1 8496905.1 8502901.1 8502902.1 8502903.1 8502904.1 8502905.1 8508901.1 8508902.1 8508903.1 8508904.1 8508905.1 8514901.1 8514902.1 8514903.1 8514904.1 8514905.1 8520901.1 8520902.1 8520903.1 8520904.1 8520905.1"
General-202-20260718-16:31:37-5569,vector,Florasat_Individual_Sats.terminal[14].dlk.mac,vector_preds_BiLSTM,,,"1.22229183326 13.59263077146 24.73193573766 36.12079155865 49.45680018399 116.77427841863 130.99875365664 145.69444619981 158.46140935715 169.62696607505 231.38076345809 245.70668980386 260.02240622206 271.08396327262 282.00458695669 346.21357896877 361.16164848371 371.88891091081 386.67223038664 397.41131054517 461.09536610381 473.13430140098 487.1000860883 499.84920025408 514.73400049448 576.41235954058 588.39872041763 599.78164374525 611.04741010162 622.34538218518 691.99620050308 706.1068682156 720.62156990217 731.68905532616 741.72362953471","8485401.1 8485402.1 8485403.1 8485404.1 8485405.1 8491401.1 8491402.1 8491403.1 8491404.1 8491405.1 8497401.1 8497402.1 8497403.1 8497404.1 8497405.1 8503401.1 8503402.1 8503403.1 8503404.1 8503405.1 8509401.1 8509402.1 8509403.1 8509404.1 8509405.1 8515401.1 8515402.1 8515403.1 8515404.1 8515405.1 8521401.1 8521402.1 8521403.1 8521404.1 8521405.1"
General-202-20260718-16:31:37-5569,vector,Florasat_Individual_Sats.terminal[28].dlk.mac,vector_preds_BiLSTM,,,"1.23189552105 15.9232046071 27.70945105469 42.07657464547 52.32449951698 116.74668525439 127.98335014936 142.2351203193 157.0875933799 171.11798606557 231.82955721603 241.9303345806 254.07661043783 267.27485241345 280.39364880975 346.67568925931 359.73486547521 373.45885463454 386.43795626633 397.56586143676 461.9074944735 471.93792320811 486.86815676302 497.07757506891 510.6193411434 576.21718431404 589.93230699841 604.14102900238 614.44879231439 628.16612679674 691.52362550888 705.54523036978 717.24119983194 729.57907121325 740.79548538708","8486801.1 8486802.1 8486803.1 8486804.1 8486805.1 8492801.1 8492802.1 8492803 8492804 8492805 8498801 8498802 8498803 8498804 8498805.1 8504801.1 8504802.1 8504803.1 8504804.1 8504805.1 8510801.1 8510802.1 8510803.1 8510804.1 8510805.1 8516801.1 8516802.1 8516803.1 8516804.1 8516805.1 8522801.1 8522802.1 8522803.1 8522804.1 8522805.1"
General-202-20260718-16:31:37-5569,vector,Florasat_Individual_Sats.terminal[50].dlk.mac,vector_preds_BiLSTM,,,"1.24581832322 11.34024619939 23.86494040256 35.61715321149 48.39951195637 116.94205394899 131.77801412367 141.99419625755 153.36744263023 163.40175480535 231.19111827388 241.81831272132 253.2548320915 266.74048153613 280.2328164461 346.00363853737 360.51798719797 372.20048998949 384.35159236426 396.21220247006 461.50882728328 474.93210372678 487.51635126933 497.79094479676 510.59672571766 576.65006955341 587.91086188588 598.52685382777 608.72859803565 621.1223582395 691.12271606736 705.64020688227 718.84117703117 730.08543387102 740.55868177372","8489001.1 8489002.1 8489003.1 8489004.1 8489005.1 8495001.1 8495002.1 8495003.1 8495004.1 8495005.1 8501001.1 8501002.1 8501003.1 8501004.1 8501005.1 8507001.1 8507002.1 8507003.1 8507004.1 8507005.1 8513001.1 8513002.1 8513003.1 8513004.1 8513005.1 8519001.1 8519002.1 8519003.1 8519004.1 8519005.1 8525001.1 8525002.1 8525003.1 8525004.1 8525005.1"
General-202-20260718-16:31:37-5569,vector,Florasat_Individual_Sats.terminal[38].dlk.mac,vector_preds_BiLSTM,,,"1.28806319949 13.76823297399 25.20449018036 36.65531495982 50.57532470953 116.34908633167 127.74493814306 141.56480966112 152.40085631236 162.49312976701 231.4602270741 244.21905487962 257.73728232901 270.44754241547 282.42844151869 346.21970092831 359.88180485507 373.81095173372 387.97536350739 401.05363204678 461.52792883758 471.55943709729 485.96545994352 497.60724559031 511.96846579505 576.93393254839 591.0242404691 604.97484483594 618.49519235968 632.38446054818 691.65201967093 702.62550394027 714.26928820763 724.77915338566 734.93050090828","8487801.1 8487802.1 8487803.1 8487804.1 8487805.1 8493801.1 8493802.1 8493803.1 8493804.1 8493805.1 8499801.1 8499802.1 8499803.1 8499804.1 8499805.1 8505801.1 8505802.1 8505803.1 8505804.1 8505805.1 8511801.1 8511802.1 8511803.1 8511804.1 8511805.1 8517801.1 8517802.1 8517803.1 8517804.1 8517805.1 8523801.1 8523802.1 8523803.1 8523804.1 8523805.1"
General-202-20260718-16:31:37-5569,vector,Florasat_Individual_Sats.terminal[48].dlk.mac,vector_preds_BiLSTM,,,"1.29407009832 14.47468899447 28.21495878185 38.56957097329 52.05970538455 116.2448564684 130.98189794808 142.59515029728 153.20643508109 163.47420831095 231.70399575518 243.84073045827 255.33739161585 270.24770283862 284.62072246615 346.52465658425 360.32946223789 372.3522016108 383.04654148453 397.75223911902 461.79002262512 475.14325844333 489.94118869514 502.59431020682 513.73095489898 576.3746939851 588.30870280462 598.61474026763 612.92363050231 625.18692286522 691.38398430636 701.49665742507 715.12255328102 725.31602134323 735.81293543661","8488801.1 8488802.1 8488803.1 8488804.1 8488805.1 8494801.1 8494802.1 8494803.1 8494804.1 8494805.1 8500801.1 8500802.1 8500803.1 8500804.1 8500805.1 8506801.1 8506802.1 8506803.1 8506804.1 8506805.1 8512801.1 8512802.1 8512803.1 8512804.1 8512805.1 8518801.1 8518802.1 8518803.1 8518804.1 8518805.1 8524801.1 8524802.1 8524803 8524804 8524805"
General-202-20260718-16:31:37-5569,vector,Florasat_Individual_Sats.terminal[46].dlk.mac,vector_preds_BiLSTM,,,"1.31194211124 13.29155360163 27.17297100975 42.1630233496 53.28520186292 116.97950404696 129.69686425384 144.45426726108 156.40444225608 169.94044526806 231.92897815211 242.74363936112 255.83239369048 266.32262399257 278.37772249197 346.41120574553 356.5064810228 370.84845609031 384.6577276627 398.11397521639 461.36702416232 475.20454661455 486.21698426665 499.46157720406 513.86130226776 576.60970476572 591.60592091619 603.51210984751 617.08768317127 627.33340314357 691.33690404403 705.28361244989 717.94599510776 732.14977943502 744.73914632504","8488601.1 8488602.1 8488603.1 8488604.1 8488605.1 8494601.1 8494602.1 8494603.1 8494604.1 8494605.1 8500601.1 8500602.1 8500603.1 8500604.1 8500605.1 8506601.1 8506602.1 8506603.1 8506604.1 8506605.1 8512601.1 8512602.1 8512603.1 8512604.1 8512605.1 8518601.1 8518602.1 8518603.1 8518604.1 8518605.1 8524601.1 8524602.1 8524603.1 8524604.1 8524605.1"
General-202-20260718-16:31:37-5569,vector,Florasat_Individual_Sats.terminal[4].dlk.mac,vector_preds_BiLSTM,,,"1.32516608108 15.23175717215 28.96970061469 43.25272676535 56.5036389872 116.85735528101 129.58607399463 140.79878405411 152.24888770119 162.41251517762 231.53176310775 244.5079359978 256.60536915483 269.69923912152 280.86189510953 346.11160046887 360.66457867041 373.16473837128 385.62224714901 398.26571394574 461.45449573989 473.96956690238 485.79033767455 498.40369628393 513.39655340766 576.62573291082 590.803543485 604.41784242494 617.36422030814 630.23796164757 691.9966038703 702.00228674361 713.43986953167 727.10167806852 739.62785159727","8484401.1 8484402.1 8484403.1 8484404.1 8484405.1 8490401.1 8490402.1 8490403.1 8490404.1 8490405.1 8496401.1 8496402.1 8496403.1 8496404.1 8496405.1 8502401.1 8502402.1 8502403.1 8502404.1 8502405.1 8508401.1 8508402.1 8508403.1 8508404.1 8508405.1 8514401.1 8514402.1 8514403.1 8514404.1 8514405.1 8520401.1 8520402.1 8520403.1 8520404.1 8520405.1"
General-202-20260718-16:31:37-5569,vector,Florasat_Individual_Sats.terminal[23].dlk.mac,vector_preds_BiLSTM,,,"1.32547183405 11.48175542569 21.71220839466 36.53775933874 50.69527138234 116.27400786453 128.30378546915 139.65166535648 151.65612269962 165.35107975547 231.57737458032 243.3887569306 253.76784049697 264.37506917306 278.51860680758 346.42106884974 356.78881198983 368.74536524527 382.8637200885 396.97744491743 461.56294865627 471.94017501641 486.76461240603 500.07291420922 514.14799359022 576.52830322785 587.32199294073 602.04309379262 615.74775551026 629.02505254302 691.5154145069 704.37497368712 718.3569161459 733.01578033181 744.9638733517","8486301.1 8486302.1 8486303.1 8486304.1 8486305.1 8492301.1 8492302.1 8492303.1 8492304.1 8492305.1 8498301.1 8498302.1 8498303.1 8498304.1 8498305.1 8504301.1 8504302.1 8504303.1 8504304.1 8504305.1 8510301.1 8510302.1 8510303.1 8510304.1 8510305.1 8516301.1 8516302.1 8516303.1 8516304.1 8516305.1 8522301.1 8522302.1 8522303.1 8522304.1 8522305.1"
General-202-20260718-16:31:37-5569,vector,Florasat_Individual_Sats.terminal[8].dlk.mac,vector_preds_BiLSTM,,,"1.32573807868 14.03780580172 28.82579115941 42.98441873304 54.18866377463 116.39027026016 130.29355844483 141.97604298126 152.64119143132 164.95781013043 231.46947099012 245.51302782492 259.78110753348 270.8752237854 281.06398845906 346.57547383173 357.90035491879 369.01412865915 382.39212826197 394.27928210422 461.20498022134 474.62468682392 485.08446837961 497.07191819278 511.16394923254 576.23656025063 590.77205418632 601.99965349305 613.46178832952 625.44029047037 691.533693281 706.27039163583 718.14261891507 728.14339405601 738.33224417502","8484801.1 8484802.1 8484803.1 8484804.1 8484805.1 8490801.1 8490802.1 8490803.1 8490804.1 8490805.1 8496801.1 8496802.1 8496803.1 8496804.1 8496805.1 8502801.1 8502802.1 8502803.1 8502804.1 8502805.1 8508801.1 8508802.1 8508803.1 8508804.1 8508805.1 8514801.1 8514802.1 8514803.1 8514804.1 8514805.1 8520801.1 8520802.1 8520803.1 8520804.1 8520805.1"
General-202-20260718-16:31:37-5569,vector,Florasat_Individual_Sats.terminal[57].dlk.mac,vector_preds_BiLSTM,,,"1.34793221066 12.74608609313 24.38874090137 34.39901644993 45.80190435215 116.29684868129 127.9725955925 141.65757686343 154.83687687992 166.21760414658 231.94196518231 246.4978704364 259.89899219549 274.52732799994 288.77706321376 346.61025521462 361.36271375697 373.68798412615 385.35724345129 399.45526614436 461.48199105961 476.13535903254 489.41234096046 503.03358637588 515.22733395663 576.09271853114 587.54143259138 602.08236907724 614.51873300596 627.55732754128 691.58262938983 706.49233902246 721.05703306059 735.94392174297","8489701.1 8489702.1 8489703.1 8489704.1 8489705.1 8495701.1 8495702.1 8495703.1 8495704.1 8495705.1 8501701.1 8501702.1 8501703.1 8501704.1 8501705.1 8507701.1 8507702.1 8507703.1 8507704.1 8507705.1 8513701.1 8513702.1 8513703.1 8513704.1 8513705.1 8519701.1 8519702 8519703 8519704 8519705 8525701 8525702 8525703 8525704"
General-202-20260718-16:31:37-5569,vector,Florasat_Individual_Sats.terminal[56].dlk.mac,vector_preds_BiLSTM,,,"1.36536512757 12.72998811095 23.33105710568 36.37524619117 49.82019305928 116.90616677818 129.14464627113 141.49374071462 155.53930083127 167.61546401959 231.46057216963 244.6162602799 257.85242812638 271.4651605736 284.01075199991 346.12488791952 358.16305984999 372.4737593208 385.52602088568 395.56460170332 461.1850684844 472.65355833201 483.42948956741 497.5924834141 512.00669750198 576.56760535319 589.58993968321 600.17770983162 614.98755059321 627.1224811708 691.37482208409 702.58438206021 713.61959838284 724.00352615024 737.7865577801","8489601.1 8489602.1 8489603.1 8489604.1 8489605.1 8495601.1 8495602.1 8495603.1 8495604.1 8495605.1 8501601.1 8501602.1 8501603.1 8501604.1 8501605.1 8507601.1 8507602.1 8507603.1 8507604.1 8507605.1 8513601.1 8513602.1 8513603.1 8513604.1 8513605.1 8519601.1 8519602.1 8519603.1 8519604.1 8519605.1 8525601.1 8525602.1 8525603.1 8525604.1 8525605.1"
General-202-20260718-16:31:37-5569,vector,Florasat_Individual_Sats.terminal[54].dlk.mac,vector_preds_BiLSTM,,,"1.39673404465 13.73509255889 25.73120865691 36.76595521345 49.62186081986 116.34435137897 130.18979863893 142.77708109515 153.90768285073 166.83911960154 231.81242762227 242.19133891026 254.28445509845 264.83841040615 276.8302570223 346.42518250248 356.47514938004 366.62871904415 381.54747415078 396.45123870555 461.6998509781 474.57425175328 486.79061615002 501.37120346865 514.9711085097 576.01264460292 587.7661764219 602.17539769877 613.48528526887 623.48957430968 691.40444680094 702.94981344464 716.95636872994 728.48058677139 743.34298015083","8489401.1 8489402.1 8489403.1 8489404.1 8489405.1 8495401.1 8495402.1 8495403.1 8495404.1 8495405.1 8501401.1 8501402.1 8501403.1 8501404.1 8501405.1 8507401.1 8507402.1 8507403.1 8507404.1 8507405.1 8513401.1 8513402.1 8513403.1 8513404.1 8513405.1 8519401.1 8519402.1 8519403.1 8519404.1 8519405.1 8525401.1 8525402.1 8525403.1 8525404.1 8525405.1"
General-202-20260718-16:31:37-5569,vector,Florasat_Individual_Sats.terminal[44].dlk.mac,vector_preds_BiLSTM,,,"1.41786701209 16.18793787714 30.39382748003 42.76530868653 53.68205402326 116.57548200595 129.39921561186 140.16700067115 153.87003093399 168.56905848044 231.03193497215 244.72625547135 255.09976459131 268.37042187154 282.59726259438 346.69999384461 359.04794843541 369.25219809776 382.09861528151 394.27628179103 461.80920738983 475.6958867216 490.25284139113 504.61477300524 515.74297980312 576.25980571215 587.47225510958 602.05684527359 613.68901944207 627.19572595623 691.43242593738 703.50042608217 716.8395982706 730.11037173215 741.0543047206","8488401.1 8488402.1 8488403.1 8488404.1 8488405.1 8494401.1 8494402.1 8494403.1 8494404.1 8494405.1 8500401.1 8500402.1 8500403.1 8500404.1 8500405.1 8506401.1 8506402.1 8506403.1 8506404.1 8506405.1 8512401.1 8512402.1 8512403.1 8512404.1 8512405.1 8518401.1 8518402.1 8518403.1 8518404.1 8518405.1 8524401.1 8524402.1 8524403.1 8524404.1 8524405.1"
General-202-20260718-16:31:37-5569,vector,Florasat_Individual_Sats.terminal[10].dlk.mac,vector_preds_BiLSTM,,,"1.44607348694 15.14426303073 28.76257390692 43.6320128534 56.53386940458 116.29809456365 130.62964013964 143.79935209826 155.06636008458 165.32019352844 231.29435658804 241.97296902304 253.32571877166 267.36776592209 281.30014817113 346.90121445083 358.70021100016 368.99183701002 383.35529990937 393.48374357308 461.20340171107 475.48818857712 489.57007214381 500.41081772023 513.27566980804 576.82351024379 588.91042491095 601.38654739037 615.64156407513 628.47634656145 691.22862334107 702.06446442148 712.75799822738 724.57776201051 738.57787980326","8485001.1 8485002.1 8485003.1 8485004.1 8485005.1 8491001.1 8491002.1 8491003.1 8491004.1 8491005.1 8497001.1 8497002.1 8497003.1 8497004.1 8497005.1 8503001.1 8503002.1 8503003.1 8503004.1 8503005.1 8509001.1 8509002.1 8509003.1 8509004.1 8509005.1 8515001.1 8515002.1 8515003.1 8515004.1 8515005.1 8521001.1 8521002.1 8521003.1 8521004.1 8521005.1"
General-202-20260718-16:31:37-5569,vector,Florasat_Individual_Sats.terminal[0].dlk.mac,vector_preds_BiLSTM,,,"1.45534632844 12.31273463927 24.78721409803 38.97323282202 50.83809961331 116.71358385892 130.32374787215 140.54388156348 150.6305978268 163.68404176972 231.93633910757 242.89950414816 257.30904862889 270.9919342785 285.04287034761 346.77953784284 359.21075678826 370.6737089511 382.52886046702 397.23027345887 461.93890459463 473.20647423598 487.71167705162 499.66320964369 513.90586477333 576.06691868184 589.56454650988 601.21905369475 612.39656956774 625.7616850806 691.89571372909 704.40652055061 716.12444775156 731.08494672203 742.93707404263","8484001.1 8484002.1 8484003.1 8484004.1 8484005.1 8490001.1 8490002.1 8490003.1 8490004.1 8490005.1 8496001.1 8496002.1 8496003.1 8496004.1 8496005.1 8502001.1 8502002.1 8502003.1 8502004.1 8502005.1 8508001.1 8508002.1 8508003.1 8508004.1 8508005.1 8514001.1 8514002.1 8514003.1 8514004.1 8514005.1 8520001.1 8520002.1 8520003.1 8520004.1 8520005.1"
General-202-20260718-16:31:37-5569,vector,Florasat_Individual_Sats.terminal[49].dlk.mac,vector_preds_BiLSTM,,,"1.46163719567 14.29191954528 25.73313600245 36.991880005 48.62578685373 116.78804753046 127.51211276208 141.26538701518 152.72100497083 163.9066385657 231.83946889266 244.84305971674 257.08650245703 267.93700222531 282.74872513511 346.46307237842 361.19024447328 372.64284928259 386.85752031905 401.55931172007 461.76214361936 475.65237424942 486.76626810595 500.65351390071 514.25981666684 576.94674449717 590.04309960734 603.47481738403 617.81761495606 630.31662530824 691.94781314349 704.28056545323 715.50781043596 725.81883666339 737.06510570367","8488901.1 8488902.1 8488903.1 8488904.1 8488905.1 8494901.1 8494902.1 8494903.1 8494904.1 8494905.1 8500901.1 8500902.1 8500903.1 8500904.1 8500905.1 8506901.1 8506902.1 8506903.1 8506904.1 8506905.1 8512901.1 8512902.1 8512903.1 8512904.1 8512905.1 8518901.1 8518902.1 8518903.1 8518904.1 8518905.1 8524901.1 8524902.1 8524903 8524904 8524905"
General-202-20260718-16:31:37-5569,vector,Florasat_Individual_Sats.terminal[15].dlk.mac,vector_preds_BiLSTM,,,"1.46826758329 14.88988444954 26.7600359004 38.12521921168 52.45712004299 116.9020053877 131.43470541737 144.27572310367 158.05613959022 172.92393396422 231.91088491119 242.38035390735 253.20628914865 265.1243895688 277.3381029209 346.57591384393 357.58084155293 368.96752384514 380.49857766507 392.16494257585 461.61625876138 476.00328278309 488.89021355007 498.98142547044 510.87478079763 576.87566798553 587.86894415645 598.56807633443 610.69597161049 622.03632579325 691.70361162256 703.64130398351 715.56328920041 726.25661588366 738.0702463698","8485501.1 8485502.1 8485503.1 8485504.1 8485505.1 8491501.1 8491502.1 8491503.1 8491504.1 8491505.1 8497501.1 8497502.1 8497503.1 8497504.1 8497505.1 8503501.1 8503502.1 8503503.1 8503504.1 8503505.1 8509501.1 8509502.1 8509503.1 8509504.1 8509505.1 8515501.1 8515502.1 8515503.1 8515504.1 8515505.1 8521501.1 8521502.1 8521503.1 8521504.1 8521505.1"
General-202-20260718-16:31:37-5569,vector,Florasat_Individual_Sats.terminal[27].dlk.mac,vector_preds_BiLSTM,,,"1.47310246644 12.61102009728 27.31501595164 41.2477875005 54.03622743953 116.05670476309 130.90190758789 142.51221978199 156.63775757165 167.90246986528 231.97282231902 245.37343788799 257.43398987944 269.80896168994 284.64504224737 346.09439705522 357.31158830598 368.1596004162 381.35620718612 395.01161575573 461.46778802434 472.77726951451 483.81227554916 496.4324066001 509.18150916393 576.17688255431 590.90811502002 604.62399144703 617.49650474684 632.28258437873 691.55567338318 702.26991449576 713.28269698867 726.14501166833 737.00223549828","8486701.1 8486702.1 8486703.1 8486704.1 8486705.1 8492701.1 8492702.1 8492703.1 8492704.1 8492705.1 8498701.1 8498702.1 8498703.1 8498704.1 8498705.1 8504701.1 8504702.1 8504703.1 8504704.1 8504705.1 8510701.1 8510702.1 8510703.1 8510704 8510705 8516701 8516702 8516703 8516704 8516705 8522701 8522702 8522703 8522704 8522705"
General-202-20260718-16:31:37-5569,vector,Florasat_Individual_Sats.terminal[40].dlk.mac,vector_preds_BiLSTM,,,"1.49932385446 13.89388117381 28.8657218325 39.09529285995 52.03076312342 116.24476163392 129.95051655662 142.09783562668 156.37900801934 171.00300613302 231.03455771832 243.09569290979 256.18290839275 266.77089166851 276.88878224255 346.2216956194 357.88964478322 369.1370704784 380.59904328803 393.3116057075 461.07444427744 473.30452514067 485.71294645033 495.8208227246 508.12466314481 576.54682376422 587.05531856744 598.44280641643 610.25288240752 622.79267383857 691.31592038553 702.46601257124 715.39794774028 726.13213128644 737.34560645303","8488001.1 8488002.1 8488003.1 8488004.1 8488005.1 8494001.1 8494002.1 8494003.1 8494004.1 8494005.1 8500001.1 8500002.1 8500003.1 8500004.1 8500005.1 8506001.1 8506002.1 8506003.1 8506004.1 8506005.1 8512001.1 8512002.1 8512003.1 8512004.1 8512005.1 8518001.1 8518002.1 8518003.1 8518004.1 8518005.1 8524001.1 8524002.1 8524003.1 8524004.1 8524005.1"
General-202-20260718-16:31:37-5569,vector,Florasat_Individual_Sats.terminal[53].dlk.mac,vector_preds_BiLSTM,,,"1.52393114124 15.29405286838 27.52388958656 40.12792723207 53.19458377501 116.35286306823 129.52029261948 142.18779238384 153.69422629569 166.81993097044 231.27214152389 243.5073791272 256.68367285305 268.74148587487 280.12391132908 346.12792811729 359.35585322347 373.50388204818 385.0437486628 395.07877272111 461.07569023804 472.00221913704 482.4466727844 493.25000354857 507.17277612607 576.73410297045 590.60955813876 603.83736210316 616.88525794912 628.07384065492 691.36416669609 701.97247972968 714.76257588272 725.77117629023 737.93491976242","8489301.1 8489302.1 8489303.1 8489304.1 8489305.1 8495301.1 8495302.1 8495303.1 8495304.1 8495305.1 8501301.1 8501302.1 8501303.1 8501304.1 8501305.1 8507301.1 8507302.1 8507303.1 8507304.1 8507305.1 8513301.1 8513302.1 8513303.1 8513304.1 8513305.1 8519301.1 8519302.1 8519303.1 8519304.1 8519305.1 8525301.1 8525302.1 8525303.1 8525304.1 8525305.1"
General-202-20260718-16:31:37-5569,vector,Florasat_Individual_Sats.terminal[42].dlk.mac,vector_preds_BiLSTM,,,"1.55444527091 14.23691494786 25.30388395581 36.35881106765 51.15382786072 116.23548872047 126.58566448931 137.76848194981 148.44848898915 158.9603168678 231.94550474314 246.3699776961 260.55551946652 272.3402039255 286.66216044011 346.62221324653 359.79303004359 374.46941267372 386.00372314475 398.35582057734 461.22652319307 474.61735793553 486.13122727303 496.23095190316 508.26071059262 576.62000554171 589.68758910219 600.05719355331 611.68628466805 621.72817839217 691.45653649699 705.70615632692 718.78206076217 729.30222823401 742.40290826419","8488201.1 8488202.1 8488203.1 8488204.1 8488205.1 8494201.1 8494202.1 8494203.1 8494204.1 8494205.1 8500201.1 8500202.1 8500203.1 8500204.1 8500205.1 8506201.1 8506202.1 8506203.1 8506204.1 8506205.1 8512201.1 8512202.1 8512203.1 8512204.1 8512205.1 8518201.1 8518202.1 8518203.1 8518204.1 8518205.1 8524201.1 8524202.1 8524203.1 8524204.1 8524205.1"
General-202-20260718-16:31:37-5569,vector,Florasat_Individual_Sats.terminal[35].dlk.mac,vector_preds_BiLSTM,,,"1.58980018483 16.14606108657 27.28527616617 41.07967489307 55.35731892359 116.57593878568 126.96866216254 141.37535758316 154.93179796379 169.22458306536 231.83955458552 242.13000087859 256.65071350033 267.25189826311 278.08071846817 346.06680092099 357.94469253439 370.75335034681 383.75338063738 394.96179775498 461.67090090783 471.97646714141 483.6335513459 497.11961412779 510.88312868122 576.67379216664 588.94212441775 599.66016178974 611.39445696399 622.78778580856 691.55658646394 702.71278483468 713.44083920262 724.41970563867 739.22034250946","8487501.1 8487502.1 8487503.1 8487504.1 8487505.1 8493501.1 8493502.1 8493503.1 8493504.1 8493505.1 8499501.1 8499502.1 8499503.1 8499504.1 8499505.1 8505501.1 8505502.1 8505503.1 8505504.1 8505505.1 8511501.1 8511502.1 8511503.1 8511504.1 8511505.1 8517501.1 8517502.1 8517503.1 8517504.1 8517505.1 8523501.1 8523502.1 8523503.1 8523504.1 8523505.1"
General-202-20260718-16:31:37-5569,vector,Florasat_Individual_Sats.terminal[30].dlk.mac,vector_preds_BiLSTM,,,"1.60179055436 12.00760514965 26.81118760165 38.67218259047 49.66996231373 116.6308796003 127.35386149772 138.86569553451 149.79406355927 161.18301174883 231.8575745998 245.69670340769 256.84232500988 268.37441893319 283.18693084318 346.69208801771 356.81558855763 368.54154677899 382.16051011417 394.79405369447 461.7863838058 475.26929749269 488.50799345155 500.3643885497 511.23972711479 576.80461361376 588.89243621449 601.41551766149 612.93141948711 627.19910032884 691.58119515935 706.5524098482 718.62998309615 729.0017235775 740.75304306298","8487001.1 8487002.1 8487003.1 8487004.1 8487005.1 8493001.1 8493002.1 8493003.1 8493004.1 8493005.1 8499001.1 8499002.1 8499003.1 8499004.1 8499005.1 8505001.1 8505002.1 8505003.1 8505004.1 8505005.1 8511001.1 8511002.1 8511003.1 8511004.1 8511005.1 8517001.1 8517002.1 8517003.1 8517004.1 8517005.1 8523001.1 8523002.1 8523003.1 8523004.1 8523005.1"
General-202-20260718-16:31:37-5569,vector,Florasat_Individual_Sats.terminal[32].dlk.mac,vector_preds_BiLSTM,,,"1.62521292502 16.15739571792 29.49760931358 43.43388159457 58.33770416957 116.96892770985 130.23244981933 145.15878901048 158.88593403669 169.73811362917 231.77655901341 246.37431167928 260.17167154863 273.39839933254 286.14897372597 346.80971797951 361.46242743171 375.75535676604 388.65660056284 402.18945939139 461.82826487208 476.75777124684 486.82380576595 498.45159689524 510.29327857518 576.22336278926 589.29843254178 600.12582071149 611.62592500239 622.94940802176 691.40860783611 704.47384181176 715.37996479985 725.70826244051 738.74382798885","8487201.1 8487202.1 8487203.1 8487204.1 8487205.1 8493201.1 8493202.1 8493203.1 8493204.1 8493205.1 8499201.1 8499202.1 8499203.1 8499204.1 8499205.1 8505201.1 8505202.1 8505203.1 8505204.1 8505205.1 8511201.1 8511202.1 8511203.1 8511204.1 8511205.1 8517201.1 8517202.1 8517203.1 8517204.1 8517205.1 8523201.1 8523202.1 8523203.1 8523204.1 8523205.1"
General-202-20260718-16:31:37-5569,vector,Florasat_Individual_Sats.terminal[43].dlk.mac,vector_preds_BiLSTM,,,"1.65016126214 13.62007234805 26.85105743679 39.97641958972 53.59167731577 116.69771722518 128.00374975894 138.72476119083 152.7056426392 166.89622136765 231.13061488001 242.8355697121 257.09337546932 271.4292091222 284.76347543392 346.93917072681 359.8898022431 370.49272583519 383.70280537243 393.75335959206 461.78121499717 476.31022501155 486.37901368202 498.11280178139 512.58160708589 576.09651023196 589.06721013971 603.99811306992 615.07149147825 627.78970552167 691.44821190275 705.28885264415 719.07723324489 733.21009339182 744.24432858242","8488301.1 8488302.1 8488303.1 8488304.1 8488305.1 8494301.1 8494302.1 8494303.1 8494304.1 8494305.1 8500301.1 8500302.1 8500303.1 8500304.1 8500305.1 8506301.1 8506302.1 8506303.1 8506304.1 8506305.1 8512301.1 8512302.1 8512303.1 8512304.1 8512305.1 8518301.1 8518302.1 8518303.1 8518304.1 8518305.1 8524301.1 8524302.1 8524303.1 8524304.1 8524305.1"
General-202-20260718-16:31:37-5569,vector,Florasat_Individual_Sats.terminal[52].dlk.mac,vector_preds_BiLSTM,,,"1.65122253681 15.39234437375 29.04225949641 42.92280643574 54.4067668412 116.23931273422 126.91530206427 137.34992987895 150.79440532205 164.01540029165 231.88938967488 244.69432553929 256.42906630948 269.62469442585 281.46850392875 346.84419763903 361.04093994642 374.67812849488 386.09091059351 398.24923469033 461.00299993181 472.94356258004 483.572560756 498.19146992871 512.94257300207 576.96707610879 587.19315573713 601.03961132025 611.64978681505 624.38776272023 691.58591149957 704.76045806659 717.13406625902 731.79040313 744.16573325987","8489201.1 8489202.1 8489203.1 8489204.1 8489205.1 8495201.1 8495202.1 8495203.1 8495204.1 8495205.1 8501201.1 8501202.1 8501203.1 8501204.1 8501205.1 8507201.1 8507202.1 8507203.1 8507204.1 8507205.1 8513201.1 8513202.1 8513203.1 8513204.1 8513205.1 8519201.1 8519202.1 8519203.1 8519204.1 8519205.1 8525201.1 8525202.1 8525203.1 8525204.1 8525205.1"
General-202-20260718-16:31:37-5569,vector,Florasat_Individual_Sats.terminal[41].dlk.mac,vector_preds_BiLSTM,,,"1.66305348091 12.96225697431 27.00827876968 37.66908390262 48.21617615457 116.99386238609 129.01777908462 143.15238042292 153.44377030409 165.80674893945 231.58520634589 242.24591847928 253.1865140174 266.04418678279 277.31058444898 346.5062290749 361.21171434805 372.80649760085 387.3586132964 399.40619409828 461.21167097776 472.16601324687 486.90997426934 500.35240019975 512.68245556812 576.51325396216 589.41994128237 604.28683678457 617.34923034977 630.3536796216 691.65596636501 705.31607397739 717.77264483762 727.81104447343 740.04997900943","8488101.1 8488102.1 8488103.1 8488104.1 8488105.1 8494101.1 8494102.1 8494103.1 8494104.1 8494105.1 8500101.1 8500102.1 8500103.1 8500104.1 8500105.1 8506101.1 8506102.1 8506103.1 8506104.1 8506105.1 8512101.1 8512102.1 8512103.1 8512104.1 8512105.1 8518101.1 8518102.1 8518103.1 8518104.1 8518105.1 8524101.1 8524102.1 8524103.1 8524104.1 8524105.1"
General-202-20260718-16:31:37-5569,vector,Florasat_Individual_Sats.terminal[26].dlk.mac,vector_preds_BiLSTM,,,"1.66373975528 14.79414340877 28.27397368336 40.0577729179 50.18435386894 116.20489245234 127.62260284112 140.37870912883 153.14087051387 166.10994543369 231.37952055689 243.46758628055 253.76588214911 266.18902419252 277.20861124714 346.27757644118 359.81777441991 370.93762490503 382.72157612443 393.71130310884 461.3335641257 471.98942590784 485.34216686431 497.79906903207 509.79273581924 576.83224292519 589.40082185483 603.52747836896 615.80828375812 627.59292749502 691.33551524533 703.35469325935 716.53785194085 728.43550213194 739.80559175765","8486601.1 8486602.1 8486603.1 8486604.1 8486605.1 8492601.1 8492602.1 8492603 8492604 8492605.1 8498601 8498602.1 8498603.1 8498604.1 8498605.1 8504601.1 8504602.1 8504603.1 8504604.1 8504605.1 8510601.1 8510602.1 8510603.1 8510604.1 8510605.1 8516601.1 8516602.1 8516603.1 8516604.1 8516605.1 8522601.1 8522602.1 8522603.1 8522604.1 8522605.1"
General-202-20260718-16:31:37-5569,vector,Florasat_Individual_Sats.terminal[39].dlk.mac,vector_preds_BiLSTM,,,"1.67434031423 12.87953201379 24.73001908441 38.20203164755 48.56572666484 116.64487648546 130.3245524168 141.31430474017 153.33131144196 167.81806824403 231.62365791155 242.63212892809 255.98126707133 270.67436290789 285.48336805194 346.04302075296 358.03611984779 371.18368191016 383.26930633001 398.06272987928 461.65985177364 476.13857314782 486.45671375538 496.94126939261 510.56003656098 576.82147908909 590.45428795228 601.31874560681 614.02986535872 624.88278329093 691.82520034979 703.53950205049 713.95507808215 728.08593910559 740.36676757176","8487901.1 8487902.1 8487903.1 8487904.1 8487905.1 8493901.1 8493902.1 8493903.1 8493904.1 8493905.1 8499901.1 8499902.1 8499903.1 8499904.1 8499905.1 8505901.1 8505902.1 8505903.1 8505904.1 8505905.1 8511901.1 8511902.1 8511903.1 8511904.1 8511905.1 8517901.1 8517902.1 8517903.1 8517904.1 8517905.1 8523901.1 8523902.1 8523903.1 8523904.1 8523905.1"
General-202-20260718-16:31:37-5569,vector,Florasat_Individual_Sats.terminal[7].dlk.mac,vector_preds_BiLSTM,,,"1.67596396897 15.43569239113 29.09532947024 42.75987165771 57.25266035088 116.82935186522 130.32044574246 144.70702403784 155.53732008999 168.22555020428 231.03817073605 244.13618711149 254.51140662864 264.70686373859 278.74925781716 346.23345821281 361.06211764622 373.27225565445 387.88634783822 401.69877261972 461.62847847492 473.69144528453 485.01922123996 495.73395350064 509.25161824958 576.09616225283 590.44008183107 604.96181053156 619.33880658052 631.36255064095 691.14671936352 704.9912512207 718.63762817323 731.67739656149 746.48321009684","8484701.1 8484702.1 8484703.1 8484704.1 8484705.1 8490701.1 8490702.1 8490703.1 8490704.1 8490705.1 8496701.1 8496702.1 8496703.1 8496704.1 8496705.1 8502701.1 8502702.1 8502703.1 8502704.1 8502705.1 8508701.1 8508702.1 8508703.1 8508704.1 8508705.1 8514701.1 8514702.1 8514703.1 8514704.1 8514705.1 8520701.1 8520702.1 8520703.1 8520704.1 8520705.1"
General-202-20260718-16:31:37-5569,vector,Florasat_Individual_Sats.terminal[37].dlk.mac,vector_preds_BiLSTM,,,"1.69173793774 12.13344800309 26.64730417914 39.62899763858 53.64372309669 116.72633052594 131.43151561986 141.60078742332 153.92083362467 164.68919471279 231.36675998359 242.14832673455 256.11485688156 267.68794434984 281.70328348433 346.92575286701 361.81258696573 375.37473623733 388.0688486339 402.41694452916 461.88049035519 475.57633552374 487.1069828819 498.52372601419 509.168712646 576.59581743181 588.62266107463 600.22481074208 610.75934721623 622.47462405358 691.44891953422 705.21515979409 718.70263390803 728.82358126669 739.29923153925","8487701.1 8487702.1 8487703.1 8487704.1 8487705.1 8493701.1 8493702.1 8493703.1 8493704.1 8493705.1 8499701.1 8499702.1 8499703.1 8499704.1 8499705.1 8505701.1 8505702.1 8505703.1 8505704.1 8505705.1 8511701.1 8511702.1 8511703.1 8511704.1 8511705.1 8517701.1 8517702.1 8517703.1 8517704.1 8517705.1 8523701.1 8523702.1 8523703.1 8523704.1 8523705.1"
General-202-20260718-16:31:37-5569,vector,Florasat_Individual_Sats.terminal[55].dlk.mac,vector_preds_BiLSTM,,,"1.69716308056 12.29317733249 27.20014209439 38.10983790596 52.79908677609 116.88595029432 127.1314549332 141.67911945516 154.19993289769 166.80670802155 231.60712038656 242.81458255742 257.100179106 267.16976219113 281.5481271632 346.11762795574 358.96051997645 372.42258556513 384.54544249782 394.74333640746 461.86029126681 475.94650031812 487.73932762956 498.20807558531 512.02014711266 576.46153767779 587.1124623944 599.19942071614 610.05798172275 624.33268608828 691.45422689174 702.98341217008 717.2341992231 730.67287310165 742.60822258213","8489501.1 8489502.1 8489503.1 8489504.1 8489505.1 8495501.1 8495502.1 8495503.1 8495504.1 8495505.1 8501501.1 8501502.1 8501503.1 8501504.1 8501505.1 8507501.1 8507502.1 8507503.1 8507504.1 8507505.1 8513501.1 8513502.1 8513503.1 8513504.1 8513505.1 8519501.1 8519502.1 8519503.1 8519504.1 8519505.1 8525501.1 8525502.1 8525503.1 8525504.1 8525505.1"
General-202-20260718-16:31:37-5569,vector,Florasat_Individual_Sats.terminal[36].dlk.mac,vector_preds_BiLSTM,,,"1.70404985314 15.57102777762 26.89093558583 41.58973129931 55.96692428574 116.16020811442 128.21368039306 140.60088069713 154.17395333247 164.34900024743 231.0576515859 242.16391506186 253.71063624323 264.27130533546 275.03129213514 346.04088455532 356.20837636385 366.40716142696 381.32718464452 393.61274572531 461.08100006031 471.70084505133 486.12525194558 499.56498715236 511.00287456672 576.47017149068 590.67376993177 601.57226529251 616.06425635562 629.7924436319 691.61209130683 703.69878741005 716.31823710539 730.75442103227 745.34290611768","8487601.1 8487602.1 8487603.1 8487604.1 8487605.1 8493601.1 8493602.1 8493603.1 8493604.1 8493605.1 8499601.1 8499602.1 8499603.1 8499604.1 8499605.1 8505601.1 8505602.1 8505603.1 8505604.1 8505605.1 8511601.1 8511602.1 8511603.1 8511604.1 8511605.1 8517601.1 8517602.1 8517603.1 8517604.1 8517605.1 8523601.1 8523602.1 8523603.1 8523604.1 8523605.1"
General-202-20260718-16:31:37-5569,vector,Florasat_Individual_Sats.terminal[45].dlk.mac,vector_preds_BiLSTM,,,"1.71921169502 14.30021997891 24.35539928382 37.88799071219 50.03794474295 116.79396162136 130.59277766827 143.04644402559 156.91180763161 168.39216979896 231.77890390367 242.65373832406 254.10649324161 266.34873672131 276.62213283916 346.5304838114 359.367049678 370.14617850352 384.83976790961 397.4409548163 461.08951677242 473.9572046909 488.87846449995 500.48383767623 511.80895672203 576.15365156205 590.01663844799 602.65176811488 615.33654758241 627.43049431359 691.09825114533 702.65811830223 717.20856773829 728.41925966133 742.52222112425","8488501.1 8488502.1 8488503.1 8488504.1 8488505.1 8494501.1 8494502.1 8494503.1 8494504.1 8494505.1 8500501.1 8500502.1 8500503.1 8500504.1 8500505.1 8506501.1 8506502.1 8506503.1 8506504.1 8506505.1 8512501.1 8512502.1 8512503.1 8512504.1 8512505.1 8518501.1 8518502.1 8518503.1 8518504.1 8518505.1 8524501.1 8524502.1 8524503.1 8524504.1 8524505.1"
General-202-20260718-16:31:37-5569,vector,Florasat_Individual_Sats.terminal[24].dlk.mac,vector_preds_BiLSTM,,,"1.73099876195 13.7942978628 27.72549577337 40.41995508643 53.84665954905 116.08317549853 130.38353513624 140.57874049107 151.4495667005 166.01479168912 231.73927842616 244.5894740147 258.02079066378 269.75239190715 280.12421037978 346.39232135378 360.70688656066 371.60080788192 385.21776541253 397.59973802953 461.24161129352 474.9169530964 487.47616786743 502.4244059471 514.46748939925 576.02558531868 589.88931620447 600.68675537664 614.86255384121 628.55345498143 691.89024003525 701.9964842645 715.13492132141 725.38220091327 737.38065352384","8486401.1 8486402.1 8486403.1 8486404.1 8486405.1 8492401.1 8492402.1 8492403.1 8492404.1 8492405.1 8498401.1 8498402.1 8498403.1 8498404.1 8498405.1 8504401.1 8504402.1 8504403.1 8504404.1 8504405.1 8510401.1 8510402.1 8510403.1 8510404.1 8510405.1 8516401.1 8516402.1 8516403.1 8516404.1 8516405.1 8522401.1 8522402.1 8522403.1 8522404.1 8522405.1"
General-202-20260718-16:31:37-5569,vector,Florasat_Individual_Sats.terminal[17].dlk.mac,vector_preds_BiLSTM,,,"1.73630909901 14.40606179554 27.12305179471 37.54172332259 49.20440928917 116.53009119723 131.41020153463 145.48239636398 156.17706966749 166.48546443716 231.14570801007 243.8998296645 258.51711042668 272.1252550683 285.71788351145 346.76680052024 357.05971238739 367.49322246597 381.68707552552 392.52990793506 461.03103455319 472.77226420515 485.01119267242 498.076150476 510.04251374677 576.69891816005 590.95532027446 602.34396410198 613.17267307686 627.61176513066 691.57333092857 706.37912883167 720.86523884884 732.84433115483 746.97997162328","8485701.1 8485702.1 8485703.1 8485704.1 8485705.1 8491701.1 8491702.1 8491703.1 8491704.1 8491705.1 8497701.1 8497702.1 8497703.1 8497704.1 8497705.1 8503701.1 8503702.1 8503703.1 8503704.1 8503705.1 8509701.1 8509702.1 8509703.1 8509704.1 8509705.1 8515701.1 8515702.1 8515703.1 8515704.1 8515705.1 8521701.1 8521702.1 8521703.1 8521704.1 8521705.1"
General-202-20260718-16:31:37-5569,vector,Florasat_Individual_Sats.terminal[11].dlk.mac,vector_preds_BiLSTM,,,"1.74361086544 12.72222000151 27.44049851527 38.09791506245 48.33784734574 116.49123247806 131.47940441128 144.11863038526 156.39347096765 169.51207563257 231.12114932388 242.4652029993 255.48267278122 267.71735228249 280.74585958617 346.82612023922 359.17444191315 370.745152978 381.29325853219 395.49610163808 461.95976845641 473.02938328428 483.0620172883 497.1816579504 510.68114571227 576.02923820959 590.83756990498 605.42135488824 615.55859571323 627.41241967655 691.76284029544 702.53041350329 712.55603767046 724.53060770337 736.91930758464","8485101.1 8485102.1 8485103.1 8485104.1 8485105.1 8491101.1 8491102.1 8491103.1 8491104.1 8491105.1 8497101.1 8497102.1 8497103.1 8497104.1 8497105.1 8503101.1 8503102.1 8503103.1 8503104.1 8503105.1 8509101.1 8509102.1 8509103.1 8509104.1 8509105.1 8515101.1 8515102.1 8515103.1 8515104.1 8515105.1 8521101.1 8521102.1 8521103.1 8521104.1 8521105.1"
General-202-20260718-16:31:37-5569,vector,Florasat_Individual_Sats.terminal[20].dlk.mac,vector_preds_BiLSTM,,,"1.77934720041 16.04514258774 30.91160136368 45.01771031623 58.39499420114 116.64106245502 127.95155054075 142.4102183024 155.08543594043 169.21817691532 231.63981411606 244.17444936116 258.83752887021 269.11075466662 281.03189586662 346.51796913077 359.24068747624 373.78037139261 388.69381265784 399.16126434411 461.21138321632 472.9592267382 484.24211016554 496.54944616533 509.07746251021 576.314411317 587.47145205271 598.34991789191 611.76201030846 621.82312525228 691.83220069483 704.61570401071 718.9290102697 732.27956393361 745.36446322896","8486001.1 8486002.1 8486003.1 8486004.1 8486005.1 8492001.1 8492002.1 8492003.1 8492004.1 8492005.1 8498001.1 8498002.1 8498003.1 8498004.1 8498005.1 8504001.1 8504002.1 8504003.1 8504004.1 8504005.1 8510001.1 8510002.1 8510003.1 8510004.1 8510005.1 8516001.1 8516002.1 8516003.1 8516004.1 8516005.1 8522001.1 8522002.1 8522003.1 8522004.1 8522005.1"
General-202-20260718-16:31:37-5569,vector,Florasat_Individual_Sats.terminal[1].dlk.mac,vector_preds_BiLSTM,,,"1.79066037876 16.23386565014 30.04408040783 43.59547675937 58.00156433485 116.88131580735 131.51083302824 142.29023333662 156.5566946126 170.52283598831 231.67494110181 246.5327823977 261.00412549917 272.12271934725 284.019640669 346.27492068731 357.81458664033 368.3704909617 381.62462461436 392.19668597727 461.0368746384 473.86647364171 484.48272121884 496.45158473682 509.89500346873 576.71009127935 588.2156741952 598.79002451151 611.27085165539 622.73560350131 691.14635778079 701.76223711646 716.32829537452 729.5274575632 739.78799151792","8484101.1 8484102.1 8484103.1 8484104.1 8484105.1 8490101.1 8490102.1 8490103.1 8490104.1 8490105.1 8496101.1 8496102.1 8496103.1 8496104.1 8496105.1 8502101.1 8502102.1 8502103.1 8502104.1 8502105.1 8508101.1 8508102.1 8508103.1 8508104.1 8508105.1 8514101.1 8514102.1 8514103.1 8514104.1 8514105.1 8520101.1 8520102.1 8520103.1 8520104.1 8520105.1"
General-202-20260718-16:31:37-5569,vector,Florasat_Individual_Sats.terminal[31].dlk.mac,vector_preds_BiLSTM,,,"1.80512923119 14.48632544792 24.56734542805 37.86856756732 52.48841660516 116.52800202556 128.39468044182 142.29485579952 152.34847497264 166.3697448566 231.77998421504 242.30800492246 255.74216224858 270.71551777445 280.82335554901 346.47166861128 361.33363743569 372.55550623895 384.72418688261 397.22092191479 461.29563202825 472.30914966995 482.84645657148 493.57957589067 506.23703675437 576.6503556103 590.27578124032 604.56621856616 618.77020294267 632.94224644267 691.98810500838 704.42184761213 715.34558400558 727.24183594621 737.51677671726","8487101.1 8487102.1 8487103.1 8487104.1 8487105.1 8493101.1 8493102.1 8493103.1 8493104.1 8493105.1 8499101.1 8499102.1 8499103.1 8499104.1 8499105.1 8505101.1 8505102.1 8505103.1 8505104.1 8505105.1 8511101.1 8511102.1 8511103.1 8511104.1 8511105.1 8517101.1 8517102.1 8517103.1 8517104.1 8517105.1 8523101.1 8523102.1 8523103.1 8523104.1 8523105.1"
General-202-20260718-16:31:37-5569,vector,Florasat_Individual_Sats.terminal[13].dlk.mac,vector_preds_BiLSTM,,,"1.81345822313 15.34130153153 28.13336875779 41.53170264 52.87868305249 116.2109850219 126.34380878764 139.43088914268 152.41399565246 164.97907405254 231.83590504923 242.27306138375 256.78511762177 269.04400385917 282.14742814308 346.99370694696 361.96142052067 375.02402037964 389.76367611671 404.63312678039 461.93324791966 472.91301037068 486.92587991128 500.83987861638 513.25703633715 576.98647524742 589.95297444099 604.87332016741 618.82120241224 633.6435727931 691.42700948846 703.05865360634 716.57360833814 730.68383276091 742.36992853089","8485301.1 8485302.1 8485303.1 8485304.1 8485305.1 8491301.1 8491302.1 8491303.1 8491304.1 8491305.1 8497301.1 8497302.1 8497303.1 8497304.1 8497305.1 8503301.1 8503302.1 8503303.1 8503304.1 8503305.1 8509301.1 8509302.1 8509303.1 8509304.1 8509305.1 8515301.1 8515302.1 8515303.1 8515304.1 8515305.1 8521301.1 8521302.1 8521303.1 8521304.1 8521305.1"
General-202-20260718-16:31:37-5569,vector,Florasat_Individual_Sats.terminal[22].dlk.mac,vector_preds_BiLSTM,,,"1.89993650164 14.52338270122 25.81117083994 40.70990126557 53.50913784793 116.33348858752 126.46800314611 138.92548512737 151.49776577553 166.23963724425 231.57950283284 242.61427011946 257.49175838218 270.54165857751 281.23188791471 346.58359100018 361.35482071457 373.39233660396 385.82456770261 398.49144206523 461.46724920906 472.68540862086 486.99982352508 500.34888265608 511.99985267082 576.54673406039 590.47927936189 602.44203298235 612.62483222991 623.31259281257 691.67004528362 705.34757657582 717.6332738346 731.1990811131 741.4605423892","8486201.1 8486202.1 8486203.1 8486204.1 8486205.1 8492201.1 8492202.1 8492203.1 8492204.1 8492205.1 8498201.1 8498202.1 8498203.1 8498204.1 8498205.1 8504201.1 8504202.1 8504203.1 8504204.1 8504205.1 8510201.1 8510202.1 8510203.1 8510204.1 8510205.1 8516201.1 8516202.1 8516203.1 8516204.1 8516205.1 8522201.1 8522202.1 8522203.1 8522204.1 8522205.1"
General-202-20260718-16:31:37-5569,vector,Florasat_Individual_Sats.terminal[51].dlk.mac,vector_preds_BiLSTM,,,"1.93893308984 14.63902576594 29.22573505785 40.58651503409 55.23870990379 116.40422980022 126.77455525101 140.93736824068 153.40621153429 164.77851081477 231.98343898356 243.09501044988 255.25962502417 265.55019936246 277.98609923409 346.87618570798 357.54236767115 369.68940063426 380.48035600036 394.00547679094 461.45172406523 472.36261825729 482.99463245156 493.92898486531 504.00195528473 576.15458301129 590.1970334989 602.59193816781 615.06934977928 625.48650846211 691.74223907548 702.9979179604 716.30865020468 728.18254691106 741.78848770819","8489101.1 8489102.1 8489103.1 8489104.1 8489105.1 8495101.1 8495102.1 8495103.1 8495104.1 8495105.1 8501101.1 8501102.1 8501103.1 8501104.1 8501105.1 8507101.1 8507102.1 8507103.1 8507104.1 8507105.1 8513101.1 8513102.1 8513103.1 8513104.1 8513105.1 8519101.1 8519102.1 8519103.1 8519104.1 8519105.1 8525101.1 8525102.1 8525103.1 8525104.1 8525105.1"
General-202-20260718-16:31:37-5569,vector,Florasat_Individual_Sats.terminal[3].dlk.mac,vector_preds_BiLSTM,,,"1.94461368048 16.7999335893 27.62972500315 40.6848854213 55.59720367216 116.94796519214 131.58176240837 143.13298878935 153.20805812348 163.277571633 231.59478866844 246.53491606121 258.78853672883 273.02040441661 285.75407695142 346.92549204151 360.24708250235 371.054468096 383.74843282089 398.21546315378 461.01298436057 472.34063282958 482.85297869239 494.06690328848 507.5859637151 576.37539354758 590.72690676455 604.71130166226 616.53080346668 628.41984686931 691.21037934977 703.939260585 715.42308661342 726.05116989301 740.98867218197","8484301.1 8484302.1 8484303.1 8484304.1 8484305.1 8490301.1 8490302.1 8490303.1 8490304.1 8490305.1 8496301.1 8496302.1 8496303.1 8496304.1 8496305.1 8502301.1 8502302.1 8502303.1 8502304.1 8502305.1 8508301.1 8508302.1 8508303.1 8508304.1 8508305.1 8514301.1 8514302.1 8514303.1 8514304.1 8514305.1 8520301.1 8520302.1 8520303.1 8520304.1 8520305.1"
General-202-20260718-16:31:37-5569,vector,Florasat_Individual_Sats.terminal[58].dlk.mac,vector_preds_BiLSTM,,,"1.94540086552 15.89192155051 27.77304241784 37.84139506403 49.52354067006 116.15305400826 128.44576836354 139.41387990978 150.05993308057 163.88486022153 231.51017781883 245.41909848061 258.55956799188 272.63262670092 284.86211618479 346.76938694692 357.68904340477 371.05971834995 384.73812285951 398.72245384288 461.77397417882 472.14246729668 483.52523473371 496.46603372344 508.09242312843 576.8872247478 588.18189110304 601.9309758807 616.46653379592 628.7313531658 691.93048045435 706.47506146273 719.80691891094 734.48104214785 748.25915557612","8489801.1 8489802.1 8489803.1 8489804.1 8489805.1 8495801.1 8495802.1 8495803 8495804 8495805 8501801.1 8501802.1 8501803.1 8501804.1 8501805.1 8507801.1 8507802.1 8507803.1 8507804.1 8507805.1 8513801.1 8513802.1 8513803.1 8513804.1 8513805.1 8519801.1 8519802.1 8519803.1 8519804.1 8519805.1 8525801.1 8525802.1 8525803.1 8525804.1 8525805.1"
General-202-20260718-16:31:37-5569,vector,Florasat_Individual_Sats.terminal[19].dlk.mac,vector_preds_BiLSTM,,,"1.94886995107 15.01657759165 26.9200848646 37.18560261163 49.7100014342 116.14817334921 130.29421526124 144.45068046451 155.38423276856 169.45359244245 231.26499011554 244.00318982103 254.52947039297 267.97688612621 280.37748382915 346.43146386836 359.8868448264 372.19701040187 386.44373408635 397.05314939841 461.05072175921 474.9619315723 487.46895951871 501.55913823471 514.96825759602 576.12418490858 588.49242519052 603.20948682307 616.73040645943 630.2907327707 691.13965910953 702.32743981388 714.49183142605 726.489000957 739.55009680452","8485901.1 8485902.1 8485903.1 8485904.1 8485905.1 8491901.1 8491902.1 8491903.1 8491904.1 8491905.1 8497901.1 8497902.1 8497903.1 8497904.1 8497905.1 8503901.1 8503902.1 8503903.1 8503904.1 8503905.1 8509901.1 8509902.1 8509903.1 8509904.1 8509905.1 8515901.1 8515902.1 8515903.1 8515904.1 8515905.1 8521901.1 8521902 8521903 8521904 8521905"
General-202-20260718-16:31:37-5569,vector,Florasat_Individual_Sats.terminal[33].dlk.mac,vector_preds_BiLSTM,,,"1.95033411123 12.82855081931 26.77019744623 39.22881434532 53.50016449788 116.90586808138 128.90248029377 140.88384835283 154.12571988186 167.26923796466 231.88166091475 244.69542405359 255.95454848977 268.08120899857 280.28636184777 346.09206102393 358.82091668388 372.11890542484 382.80484539876 394.70668258565 461.62734028813 476.44426195346 489.87174522876 500.1988939864 514.19672272796 576.71762346989 591.17185563432 602.8648446838 613.72305992642 623.82292313036 691.58379883901 703.78319527302 716.85357095837 729.03368559014 740.85877388995","8487301.1 8487302.1 8487303.1 8487304.1 8487305.1 8493301.1 8493302.1 8493303.1 8493304.1 8493305.1 8499301.1 8499302.1 8499303.1 8499304.1 8499305.1 8505301.1 8505302.1 8505303.1 8505304.1 8505305.1 8511301.1 8511302.1 8511303.1 8511304.1 8511305.1 8517301.1 8517302.1 8517303.1 8517304.1 8517305.1 8523301.1 8523302.1 8523303.1 8523304.1 8523305.1"
General-202-20260718-16:31:37-5569,vector,Florasat_Individual_Sats.terminal[5].dlk.mac,vector_preds_BiLSTM,,,"1.95272127399 13.01411691122 24.47330692085 34.86591146212 47.56968681003 116.3292310345 126.51737312484 136.57869345439 150.74099829933 162.74752224842 231.34829296242 244.60067339452 256.54778510659 267.10448427453 280.50436181926 346.94876222266 360.9297176844 373.80887564365 387.75350586255 399.28177329805 461.20641624089 472.54275981919 482.89682502858 496.3382514799 508.25017307768 576.88076487742 589.60575622157 601.89188509714 612.69250585465 626.45432343008 691.82746464806 702.67610314838 715.00169569813 728.83503124072 743.40241343901","8484501.1 8484502.1 8484503.1 8484504.1 8484505.1 8490501.1 8490502.1 8490503.1 8490504.1 8490505.1 8496501.1 8496502.1 8496503.1 8496504.1 8496505.1 8502501.1 8502502.1 8502503.1 8502504.1 8502505.1 8508501.1 8508502.1 8508503.1 8508504.1 8508505.1 8514501.1 8514502.1 8514503.1 8514504.1 8514505.1 8520501.1 8520502.1 8520503.1 8520504.1 8520505.1"
General-202-20260718-16:31:37-5569,vector,Florasat_Individual_Sats.satellite[0].dlkDSL.mac,VectorTransmitMethod_ReceptionResult,,,"12.13077419939 23.29326439466 48.36021481003 58.43778833485 59.91876016957 129.51271258032 131.77242594808 131.87527126124 137.36922145439 138.42410498977 139.55497106042 139.71601312737 140.98010556348 142.84644301518 143.38567829728 145.91862036398 146.03173646451 151.0668218268 153.04993070982 155.87596394043 156.96528876856 159.3965408678 160.46699003669 161.61923574883 162.84873917762 164.12026576972 165.207933044 170.95905998831 171.03464844245 173.71446196422 244.3360536645 246.14291380386 257.27854900988 257.74527262889 258.95333442668 259.69572170026 260.45863022206 260.99174346652 261.44034949917 265.06183333546 268.81064293319 271.52018727262 272.2556885736 272.5614790683 275.82182013514 279.2442161843 280.79055666498 281.29811910953 281.90472792875 282.09067617113 282.44081095669 282.89984450154 283.62315484318 284.455864669 285.41125046615 285.46983851216 286.15410751145 286.27389605194 287.09838444011 287.55778338032 287.73002972597 290.35811921376 356.99890436385 357.49593638739 358.25081064033 362.39764452067 362.79277034805 367.19768942696 367.92944646597 368.20977504415 375.25576589316 377.33641276604 383.24106939876 384.18465682089 386.00829341253 387.10845438664 388.54403386255 390.0713925335 390.19990011671 392.95547057585 392.96613193506 394.18958359206 394.27427157308 394.8926617075 397.84753454517 400.07230129805 400.98725009828 405.06935078039 475.05358193553 483.28920269239 487.36210391128 490.30796922876 494.01579989067 496.66717590316 499.10832536014 501.27610261638 506.67326075437 508.0221877151 511.79340256672 512.45637111266 513.83277740766 514.63294672796 517.41743976147 589.50343413971 590.88950967745 591.46429793177 599.63564471614 600.49341755331 600.96823783162 602.36279329251 605.76537283594 606.54286653156 609.51912603565 610.49420572275 612.18498496399 615.50771547825 616.85478435562 617.80044430814 619.28572035968 620.91986258052 623.57831380856 624.82398672023 626.27703646211 627.9130091708 630.5829716319 630.67418564757 632.94360664095 633.17498854818 634.0797967931 707.26558946273 720.59744691094 735.72102890828 739.91330017502","8489002 8486303 8484505 8484105 8487205 8491802 8494802 8491902 8490503 8490203 8491803 8492203 8490003 8494903 8494803 8491703 8491903 8490004 8491804 8492004 8491904 8494205 8493204 8493005 8490405 8490005 8491805 8490105 8491905 8491505 8497702 8497402 8499003 8496003 8497703 8499403 8497403 8500203 8496103 8499604 8499004 8497404 8501604 8497704 8499605 8497805 8498105 8496405 8501205 8497005 8497405 8496905 8499005 8496105 8500805 8497605 8497705 8499905 8500205 8499405 8499205 8501705 8505602 8503702 8502102 8503302 8506102 8505603 8503703 8507403 8502903 8505203 8505304 8502304 8504404 8503404 8502504 8502904 8503304 8503505 8503705 8506305 8503005 8506005 8503405 8502505 8506105 8503305 8512202 8508303 8509303 8511303 8511104 8512204 8509204 8509304 8511105 8508305 8511605 8513505 8508405 8511305 8508905 8518302 8514602 8517602 8519503 8518203 8519603 8517603 8517803 8514703 8519004 8519504 8517504 8518304 8517604 8514404 8517804 8514704 8517505 8519205 8519105 8519605 8517605 8514405 8514705 8517805 8515305 8525802 8525803 8523805 8520805"
General-202-20260718-16:31:37-5569,vector,Florasat_Individual_Sats.satellite[0].dlkDSL.mac,Satellite Position when Repetition Received,,,"12.13077419939 23.29326439466 48.36021481003 58.43778833485 59.91876016957 129.51271258032 131.77242594808 131.87527126124 137.36922145439 138.42410498977 139.55497106042 139.71601312737 140.98010556348 142.84644301518 143.38567829728 145.91862036398 146.03173646451 151.0668218268 153.04993070982 155.87596394043 156.96528876856 159.3965408678 160.46699003669 161.61923574883 162.84873917762 164.12026576972 165.207933044 170.95905998831 171.03464844245 173.71446196422 244.3360536645 246.14291380386 257.27854900988 257.74527262889 258.95333442668 259.69572170026 260.45863022206 260.99174346652 261.44034949917 265.06183333546 268.81064293319 271.52018727262 272.2556885736 272.5614790683 275.82182013514 279.2442161843 280.79055666498 281.29811910953 281.90472792875 282.09067617113 282.44081095669 282.89984450154 283.62315484318 284.455864669 285.41125046615 285.46983851216 286.15410751145 286.27389605194 287.09838444011 287.55778338032 287.73002972597 290.35811921376 356.99890436385 357.49593638739 358.25081064033 362.39764452067 362.79277034805 367.19768942696 367.92944646597 368.20977504415 375.25576589316 377.33641276604 383.24106939876 384.18465682089 386.00829341253 387.10845438664 388.54403386255 390.0713925335 390.19990011671 392.95547057585 392.96613193506 394.18958359206 394.27427157308 394.8926617075 397.84753454517 400.07230129805 400.98725009828 405.06935078039 475.05358193553 483.28920269239 487.36210391128 490.30796922876 494.01579989067 496.66717590316 499.10832536014 501.27610261638 506.67326075437 508.0221877151 511.79340256672 512.45637111266 513.83277740766 514.63294672796 517.41743976147 589.50343413971 590.88950967745 591.46429793177 599.63564471614 600.49341755331 600.96823783162 602.36279329251 605.76537283594 606.54286653156 609.51912603565 610.49420572275 612.18498496399 615.50771547825 616.85478435562 617.80044430814 619.28572035968 620.91986258052 623.57831380856 624.82398672023 626.27703646211 627.9130091708 630.5829716319 630.67418564757 632.94360664095 633.17498854818 634.0797967931 707.26558946273 720.59744691094 735.72102890828 739.91330017502","180 180 180 180 180 180 180 180 180 180 180 180 180 180 180 180 180 180 180 180 180 180 180 180 180 180 180 180 180 180 180 180 180 180 180 180 180 180 180 180 180 180 180 180 180 180 180 180 180 180 180 180 180 180 180 180 180 180 180 180 180 180 180 180 180 180 180 180 180 180 180 180 180 180 180 180 180 180 180 180 180 180 180 180 180 180 180 180 180 180 180 180 180 180 180 180 180 180 180 180 180 180 180 180 180 180 180 180 180 180 180 180 180 180 180 180 180 180 180 180 180 180 180 180 180 180 180 180 180 180 180 180 180"
General-202-20260718-16:31:37-5569,vector,Florasat_Individual_Sats.satellite[0].dlkDSL.mac,Repetition Position for Node 838 at Satellite,,,"12.13077419939 609.51912603565","180 180"
General-202-20260718-16:31:37-5569,vector,Florasat_Individual_Sats.satellite[0].dlkDSL.mac,All Nodes Repetition Generation Delay at Satellite,,,"12.13077419939 23.29326439466 48.36021481003 58.43778833485 59.91876016957 129.51271258032 131.77242594808 131.87527126124 137.36922145439 138.42410498977 139.55497106042 139.71601312737 140.98010556348 142.84644301518 143.38567829728 145.91862036398 146.03173646451 151.0668218268 153.04993070982 155.87596394043 156.96528876856 159.3965408678 160.46699003669 161.61923574883 162.84873917762 164.12026576972 165.207933044 170.95905998831 171.03464844245 173.71446196422 244.3360536645 246.14291380386 257.27854900988 257.74527262889 258.95333442668 259.69572170026 260.45863022206 260.99174346652 261.44034949917 265.06183333546 268.81064293319 271.52018727262 272.2556885736 272.5614790683 275.82182013514 279.2442161843 280.79055666498 281.29811910953 281.90472792875 282.09067617113 282.44081095669 282.89984450154 283.62315484318 284.455864669 285.41125046615 285.46983851216 286.15410751145 286.27389605194 287.09838444011 287.55778338032 287.73002972597 290.35811921376 356.99890436385 357.49593638739 358.25081064033 362.39764452067 362.79277034805 367.19768942696 367.92944646597 368.20977504415 375.25576589316 377.33641276604 383.24106939876 384.18465682089 386.00829341253 387.10845438664 388.54403386255 390.0713925335 390.19990011671 392.95547057585 392.96613193506 394.18958359206 394.27427157308 394.8926617075 397.84753454517 400.07230129805 400.98725009828 405.06935078039 475.05358193553 483.28920269239 487.36210391128 490.30796922876 494.01579989067 496.66717590316 499.10832536014 501.27610261638 506.67326075437 508.0221877151 511.79340256672 512.45637111266 513.83277740766 514.63294672796 517.41743976147 589.50343413971 590.88950967745 591.46429793177 599.63564471614 600.49341755331 600.96823783162 602.36279329251 605.76537283594 606.54286653156 609.51912603565 610.49420572275 612.18498496399 615.50771547825 616.85478435562 617.80044430814 619.28572035968 620.91986258052 623.57831380856 624.82398672023 626.27703646211 627.9130091708 630.5829716319 630.67418564757 632.94360664095 633.17498854818 634.0797967931 707.26558946273 720.59744691094 735.72102890828 739.91330017502","11.13077419939 22.29326439466 47.36021481003 57.43778833485 58.91876016957 13.51271258032 15.77242594808 15.87527126124 21.36922145439 22.42410498977 23.55497106042 23.71601312737 24.98010556348 26.84644301518 27.38567829728 29.91862036398 30.03173646451 35.0668218268 37.04993070982 39.87596394043 40.96528876856 43.3965408678 44.46699003669 45.61923574883 46.84873917762 48.12026576972 49.207933044 54.95905998831 55.03464844245 57.71446196422 13.3360536645 15.14291380386 26.27854900988 26.74527262889 27.95333442668 28.69572170026 29.45863022206 29.99174346652 30.44034949917 34.06183333546 37.81064293319 40.52018727262 41.2556885736 41.5614790683 44.82182013514 48.2442161843 49.79055666498 50.29811910953 50.90472792875 51.09067617113 51.44081095669 51.89984450154 52.62315484318 53.455864669 54.41125046615 54.46983851216 55.15410751145 55.27389605194 56.09838444011 56.55778338032 56.73002972597 59.35811921376 10.99890436385 11.49593638739 12.25081064033 16.39764452067 16.79277034805 21.19768942696 21.92944646597 22.20977504415 29.25576589316 31.33641276604 37.24106939876 38.18465682089 40.00829341253 41.10845438664 42.54403386255 44.0713925335 44.19990011671 46.95547057585 46.96613193506 48.18958359206 48.27427157308 48.8926617075 51.84753454517 54.07230129805 54.98725009828 59.06935078039 14.05358193553 22.28920269239 26.36210391128 29.30796922876 33.01579989067 35.66717590316 38.10832536014 40.27610261638 45.67326075437 47.0221877151 50.79340256672 51.45637111266 52.83277740766 53.63294672796 56.41743976147 13.50343413971 14.88950967745 15.46429793177 23.63564471614 24.49341755331 24.96823783162 26.36279329251 29.76537283594 30.54286653156 33.51912603565 34.49420572275 36.18498496399 39.50771547825 40.85478435562 41.80044430814 43.28572035968 44.91986258052 47.57831380856 48.82398672023 50.27703646211 51.9130091708 54.5829716319 54.67418564757 56.94360664095 57.17498854818 58.0797967931 16.26558946273 29.59744691094 44.72102890828 48.91330017502"
General-202-20260718-16:31:37-5569,vector,Florasat_Individual_Sats.satellite[0].dlkDSL.mac,Repetition Generation Delay for Node 838 at Satellite,,,"12.13077419939 609.51912603565","11.13077419939 33.51912603565"
General-202-20260718-16:31:37-5569,vector,Florasat_Individual_Sats.satellite[0].dlkDSL.mac,Successful Repetition Number counted for MAC protocol,,,"12.13077419939 23.29326439466 48.36021481003 58.43778833485 59.91876016957 129.51271258032 131.77242594808 131.87527126124 137.36922145439 138.42410498977 139.71601312737 140.98010556348 142.84644301518 145.91862036398 155.87596394043 159.3965408678 160.46699003669 161.61923574883 162.84873917762 170.95905998831 173.71446196422 244.3360536645 246.14291380386 257.27854900988 257.74527262889 259.69572170026 260.99174346652 261.44034949917 265.06183333546 272.2556885736 279.2442161843 280.79055666498 281.29811910953 281.90472792875 282.09067617113 282.89984450154 285.41125046615 285.46983851216 286.27389605194 287.73002972597 290.35811921376 356.99890436385 357.49593638739 358.25081064033 362.39764452067 362.79277034805 368.20977504415 375.25576589316 377.33641276604 383.24106939876 384.18465682089 386.00829341253 387.10845438664 388.54403386255 392.95547057585 394.18958359206 394.27427157308 394.8926617075 475.05358193553 483.28920269239 487.36210391128 490.30796922876 494.01579989067 499.10832536014 511.79340256672 512.45637111266 513.83277740766 517.41743976147 589.50343413971 590.88950967745 591.46429793177 599.63564471614 600.49341755331 600.96823783162 605.76537283594 606.54286653156 609.51912603565 612.18498496399 617.80044430814 624.82398672023 626.27703646211 634.0797967931 707.26558946273 735.72102890828 739.91330017502","2 3 5 5 5 2 2 2 3 3 3 3 3 3 4 5 4 5 5 5 5 2 2 3 3 3 3 3 4 4 5 5 5 5 5 5 5 5 5 5 5 2 2 2 2 2 3 3 3 4 4 4 4 4 5 5 5 5 2 3 3 3 4 4 5 5 5 5 2 2 2 3 3 3 3 3 4 4 4 5 5 5 2 5 5"
General-202-20260718-16:31:37-5569,vector,Florasat_Individual_Sats.satellite[0].dlkDSL.mac,Successful Repetition Number counted for the Model,,,"12.13077419939 23.29326439466 48.36021481003 58.43778833485 59.91876016957 129.51271258032 131.77242594808 131.87527126124 137.36922145439 138.42410498977 139.71601312737 140.98010556348 142.84644301518 145.91862036398 155.87596394043 159.3965408678 160.46699003669 161.61923574883 162.84873917762 170.95905998831 173.71446196422 244.3360536645 246.14291380386 257.27854900988 257.74527262889 259.69572170026 260.99174346652 261.44034949917 265.06183333546 272.2556885736 279.2442161843 280.79055666498 281.29811910953 281.90472792875 282.09067617113 282.89984450154 285.41125046615 285.46983851216 286.27389605194 287.73002972597 290.35811921376 356.99890436385 357.49593638739 358.25081064033 362.39764452067 362.79277034805 368.20977504415 375.25576589316 377.33641276604 383.24106939876 384.18465682089 386.00829341253 387.10845438664 388.54403386255 392.95547057585 394.18958359206 394.27427157308 394.8926617075 475.05358193553 483.28920269239 487.36210391128 490.30796922876 494.01579989067 499.10832536014 511.79340256672 512.45637111266 513.83277740766 517.41743976147 589.50343413971 590.88950967745 591.46429793177 599.63564471614 600.49341755331 600.96823783162 605.76537283594 606.54286653156 609.51912603565 612.18498496399 617.80044430814 624.82398672023 626.27703646211 634.0797967931 707.26558946273 735.72102890828 739.91330017502","2 3 5 5 5 2 2 2 3 3 3 3 3 3 4 5 4 5 5 5 5 2 2 3 3 3 3 3 4 4 5 5 5 5 5 5 5 5 5 5 5 2 2 2 2 2 3 3 3 4 4 4 4 4 5 5 5 5 2 3 3 3 4 4 5 5 5 5 2 2 2 3 3 3 3 3 4 4 4 5 5 5 2 5 5"
General-202-20260718-16:31:37-5569,vector,Florasat_Individual_Sats.satellite[0].dlkDSL.mac,All Nodes Message Generation Delay at Satellite,,,"12.13077419939 23.29326439466 48.36021481003 58.43778833485 59.91876016957 129.51271258032 131.77242594808 131.87527126124 137.36922145439 138.42410498977 139.71601312737 140.98010556348 142.84644301518 145.91862036398 155.87596394043 159.3965408678 160.46699003669 161.61923574883 162.84873917762 170.95905998831 173.71446196422 244.3360536645 246.14291380386 257.27854900988 257.74527262889 259.69572170026 260.99174346652 261.44034949917 265.06183333546 272.2556885736 279.2442161843 280.79055666498 281.29811910953 281.90472792875 282.09067617113 282.89984450154 285.41125046615 285.46983851216 286.27389605194 287.73002972597 290.35811921376 356.99890436385 357.49593638739 358.25081064033 362.39764452067 362.79277034805 368.20977504415 375.25576589316 377.33641276604 383.24106939876 384.18465682089 386.00829341253 387.10845438664 388.54403386255 392.95547057585 394.18958359206 394.27427157308 394.8926617075 475.05358193553 483.28920269239 487.36210391128 490.30796922876 494.01579989067 499.10832536014 511.79340256672 512.45637111266 513.83277740766 517.41743976147 589.50343413971 590.88950967745 591.46429793177 599.63564471614 600.49341755331 600.96823783162 605.76537283594 606.54286653156 609.51912603565 612.18498496399 617.80044430814 624.82398672023 626.27703646211 634.0797967931 707.26558946273 735.72102890828 739.91330017502","11.13077419939 22.29326439466 47.36021481003 57.43778833485 58.91876016957 13.51271258032 15.77242594808 15.87527126124 21.36922145439 22.42410498977 23.71601312737 24.98010556348 26.84644301518 29.91862036398 39.87596394043 43.3965408678 44.46699003669 45.61923574883 46.84873917762 54.95905998831 57.71446196422 13.3360536645 15.14291380386 26.27854900988 26.74527262889 28.69572170026 29.99174346652 30.44034949917 34.06183333546 41.2556885736 48.2442161843 49.79055666498 50.29811910953 50.90472792875 51.09067617113 51.89984450154 54.41125046615 54.46983851216 55.27389605194 56.73002972597 59.35811921376 10.99890436385 11.49593638739 12.25081064033 16.39764452067 16.79277034805 22.20977504415 29.25576589316 31.33641276604 37.24106939876 38.18465682089 40.00829341253 41.10845438664 42.54403386255 46.95547057585 48.18958359206 48.27427157308 48.8926617075 14.05358193553 22.28920269239 26.36210391128 29.30796922876 33.01579989067 38.10832536014 50.79340256672 51.45637111266 52.83277740766 56.41743976147 13.50343413971 14.88950967745 15.46429793177 23.63564471614 24.49341755331 24.96823783162 29.76537283594 30.54286653156 33.51912603565 36.18498496399 41.80044430814 48.82398672023 50.27703646211 58.0797967931 16.26558946273 44.72102890828 48.91330017502"
General-202-20260718-16:31:37-5569,vector,Florasat_Individual_Sats.satellite[0].dlkDSL.mac,Message Generation Delay for Node 838 at Satellite,,,"12.13077419939 609.51912603565","11.13077419939 33.51912603565"
General-202-20260718-16:31:37-5569,vector,Florasat_Individual_Sats.satellite[0].net.packetHandler,packets received,,,"12.13077419939 23.29326439466 48.36021481003 58.43778833485 59.91876016957 129.51271258032 131.77242594808 131.87527126124 137.36922145439 138.42410498977 139.55497106042 139.71601312737 140.98010556348 142.84644301518 143.38567829728 145.91862036398 146.03173646451 151.0668218268 153.04993070982 155.87596394043 156.96528876856 159.3965408678 160.46699003669 161.61923574883 162.84873917762 164.12026576972 165.207933044 170.95905998831 171.03464844245 173.71446196422 244.3360536645 246.14291380386 257.27854900988 257.74527262889 258.95333442668 259.69572170026 260.45863022206 260.99174346652 261.44034949917 265.06183333546 268.81064293319 271.52018727262 272.2556885736 272.5614790683 275.82182013514 279.2442161843 280.79055666498 281.29811910953 281.90472792875 282.09067617113 282.44081095669 282.89984450154 283.62315484318 284.455864669 285.41125046615 285.46983851216 286.15410751145 286.27389605194 287.09838444011 287.55778338032 287.73002972597 290.35811921376 356.99890436385 357.49593638739 358.25081064033 362.39764452067 362.79277034805 367.19768942696 367.92944646597 368.20977504415 375.25576589316 377.33641276604 383.24106939876 384.18465682089 386.00829341253 387.10845438664 388.54403386255 390.0713925335 390.19990011671 392.95547057585 392.96613193506 394.18958359206 394.27427157308 394.8926617075 397.84753454517 400.07230129805 400.98725009828 405.06935078039 475.05358193553 483.28920269239 487.36210391128 490.30796922876 494.01579989067 496.66717590316 499.10832536014 501.27610261638 506.67326075437 508.0221877151 511.79340256672 512.45637111266 513.83277740766 514.63294672796 517.41743976147 589.50343413971 590.88950967745 591.46429793177 599.63564471614 600.49341755331 600.96823783162 602.36279329251 605.76537283594 606.54286653156 609.51912603565 610.49420572275 612.18498496399 615.50771547825 616.85478435562 617.80044430814 619.28572035968 620.91986258052 623.57831380856 624.82398672023 626.27703646211 627.9130091708 630.5829716319 630.67418564757 632.94360664095 633.17498854818 634.0797967931 707.26558946273 720.59744691094 735.72102890828 739.91330017502","1 2 3 4 5 6 7 8 9 10 11 12 13 14 15 16 17 18 19 20 21 22 23 24 25 26 27 28 29 30 31 32 33 34 35 36 37 38 39 40 41 42 43 44 45 46 47 48 49 50 51 52 53 54 55 56 57 58 59 60 61 62 63 64 65 66 67 68 69 70 71 72 73 74 75 76 77 78 79 80 81 82 83 84 85 86 87 88 89 90 91 92 93 94 95 96 97 98 99 100 101 102 103 104 105 106 107 108 109 110 111 112 113 114 115 116 117 118 119 120 121 122 123 124 125 126 127 128 129 130 131 132 133"
General-202-20260718-16:31:37-5569,vector,Florasat_Individual_Sats.satellite[0].net.packetHandler,dropped unroutable,,,"12.13077419939 23.29326439466 48.36021481003 58.43778833485 59.91876016957 129.51271258032 131.77242594808 131.87527126124 137.36922145439 138.42410498977 139.55497106042 139.71601312737 140.98010556348 142.84644301518 143.38567829728 145.91862036398 146.03173646451 151.0668218268 153.04993070982 155.87596394043 156.96528876856 159.3965408678 160.46699003669 161.61923574883 162.84873917762 164.12026576972 165.207933044 170.95905998831 171.03464844245 173.71446196422 244.3360536645 246.14291380386 257.27854900988 257.74527262889 258.95333442668 259.69572170026 260.45863022206 260.99174346652 261.44034949917 265.06183333546 268.81064293319 271.52018727262 272.2556885736 272.5614790683 275.82182013514 279.2442161843 280.79055666498 281.29811910953 281.90472792875 282.09067617113 282.44081095669 282.89984450154 283.62315484318 284.455864669 285.41125046615 285.46983851216 286.15410751145 286.27389605194 287.09838444011 287.55778338032 287.73002972597 290.35811921376 356.99890436385 357.49593638739 358.25081064033 362.39764452067 362.79277034805 367.19768942696 367.92944646597 368.20977504415 375.25576589316 377.33641276604 383.24106939876 384.18465682089 386.00829341253 387.10845438664 388.54403386255 390.0713925335 390.19990011671 392.95547057585 392.96613193506 394.18958359206 394.27427157308 394.8926617075 397.84753454517 400.07230129805 400.98725009828 405.06935078039 475.05358193553 483.28920269239 487.36210391128 490.30796922876 494.01579989067 496.66717590316 499.10832536014 501.27610261638 506.67326075437 508.0221877151 511.79340256672 512.45637111266 513.83277740766 514.63294672796 517.41743976147 589.50343413971 590.88950967745 591.46429793177 599.63564471614 600.49341755331 600.96823783162 602.36279329251 605.76537283594 606.54286653156 609.51912603565 610.49420572275 612.18498496399 615.50771547825 616.85478435562 617.80044430814 619.28572035968 620.91986258052 623.57831380856 624.82398672023 626.27703646211 627.9130091708 630.5829716319 630.67418564757 632.94360664095 633.17498854818 634.0797967931 707.26558946273 720.59744691094 735.72102890828 739.91330017502","1 2 3 4 5 6 7 8 9 10 11 12 13 14 15 16 17 18 19 20 21 22 23 24 25 26 27 28 29 30 31 32 33 34 35 36 37 38 39 40 41 42 43 44 45 46 47 48 49 50 51 52 53 54 55 56 57 58 59 60 61 62 63 64 65 66 67 68 69 70 71 72 73 74 75 76 77 78 79 80 81 82 83 84 85 86 87 88 89 90 91 92 93 94 95 96 97 98 99 100 101 102 103 104 105 106 107 108 109 110 111 112 113 114 115 116 117 118 119 120 121 122 123 124 125 126 127 128 129 130 131 132 133"
General-202-20260718-16:31:37-5569,vector,Florasat_Individual_Sats.satellite[0].net.packetHandler,packets dropped,,,"12.13077419939 23.29326439466 48.36021481003 58.43778833485 59.91876016957 129.51271258032 131.77242594808 131.87527126124 137.36922145439 138.42410498977 139.55497106042 139.71601312737 140.98010556348 142.84644301518 143.38567829728 145.91862036398 146.03173646451 151.0668218268 153.04993070982 155.87596394043 156.96528876856 159.3965408678 160.46699003669 161.61923574883 162.84873917762 164.12026576972 165.207933044 170.95905998831 171.03464844245 173.71446196422 244.3360536645 246.14291380386 257.27854900988 257.74527262889 258.95333442668 259.69572170026 260.45863022206 260.99174346652 261.44034949917 265.06183333546 268.81064293319 271.52018727262 272.2556885736 272.5614790683 275.82182013514 279.2442161843 280.79055666498 281.29811910953 281.90472792875 282.09067617113 282.44081095669 282.89984450154 283.62315484318 284.455864669 285.41125046615 285.46983851216 286.15410751145 286.27389605194 287.09838444011 287.55778338032 287.73002972597 290.35811921376 356.99890436385 357.49593638739 358.25081064033 362.39764452067 362.79277034805 367.19768942696 367.92944646597 368.20977504415 375.25576589316 377.33641276604 383.24106939876 384.18465682089 386.00829341253 387.10845438664 388.54403386255 390.0713925335 390.19990011671 392.95547057585 392.96613193506 394.18958359206 394.27427157308 394.8926617075 397.84753454517 400.07230129805 400.98725009828 405.06935078039 475.05358193553 483.28920269239 487.36210391128 490.30796922876 494.01579989067 496.66717590316 499.10832536014 501.27610261638 506.67326075437 508.0221877151 511.79340256672 512.45637111266 513.83277740766 514.63294672796 517.41743976147 589.50343413971 590.88950967745 591.46429793177 599.63564471614 600.49341755331 600.96823783162 602.36279329251 605.76537283594 606.54286653156 609.51912603565 610.49420572275 612.18498496399 615.50771547825 616.85478435562 617.80044430814 619.28572035968 620.91986258052 623.57831380856 624.82398672023 626.27703646211 627.9130091708 630.5829716319 630.67418564757 632.94360664095 633.17498854818 634.0797967931 707.26558946273 720.59744691094 735.72102890828 739.91330017502","1 2 3 4 5 6 7 8 9 10 11 12 13 14 15 16 17 18 19 20 21 22 23 24 25 26 27 28 29 30 31 32 33 34 35 36 37 38 39 40 41 42 43 44 45 46 47 48 49 50 51 52 53 54 55 56 57 58 59 60 61 62 63 64 65 66 67 68 69 70 71 72 73 74 75 76 77 78 79 80 81 82 83 84 85 86 87 88 89 90 91 92 93 94 95 96 97 98 99 100 101 102 103 104 105 106 107 108 109 110 111 112 113 114 115 116 117 118 119 120 121 122 123 124 125 126 127 128 129 130 131 132 133"
General-202-20260718-16:31:37-5569,vector,Florasat_Individual_Sats.satellite[0].dlkDSL.mac,Repetition Position for Node 433 at Satellite,,,"23.29326439466","180"
General-202-20260718-16:31:37-5569,vector,Florasat_Individual_Sats.satellite[0].dlkDSL.mac,Repetition Generation Delay for Node 433 at Satellite,,,"23.29326439466","22.29326439466"
General-202-20260718-16:31:37-5569,vector,Florasat_Individual_Sats.satellite[0].dlkDSL.mac,Message Generation Delay for Node 433 at Satellite,,,"23.29326439466","22.29326439466"
General-202-20260718-16:31:37-5569,vector,Florasat_Individual_Sats.satellite[0].dlkDSL.mac,Repetition Position for Node 163 at Satellite,,,"48.36021481003 137.36922145439 388.54403386255 400.07230129805","180 180 180 180"
General-202-20260718-16:31:37-5569,vector,Florasat_Individual_Sats.satellite[0].dlkDSL.mac,Repetition Generation Delay for Node 163 at Satellite,,,"48.36021481003 137.36922145439 388.54403386255 400.07230129805","47.36021481003 21.36922145439 42.54403386255 54.07230129805"
General-202-20260718-16:31:37-5569,vector,Florasat_Individual_Sats.satellite[0].dlkDSL.mac,Message Generation Delay for Node 163 at Satellite,,,"48.36021481003 137.36922145439 388.54403386255","47.36021481003 21.36922145439 42.54403386255"
General-202-20260718-16:31:37-5569,vector,Florasat_Individual_Sats.satellite[0].dlkDSL.mac,Repetition Position for Node 103 at Satellite,,,"58.43778833485 170.95905998831 261.44034949917 284.455864669 358.25081064033","180 180 180 180 180"
General-202-20260718-16:31:37-5569,vector,Florasat_Individual_Sats.satellite[0].dlkDSL.mac,Repetition Generation Delay for Node 103 at Satellite,,,"58.43778833485 170.95905998831 261.44034949917 284.455864669 358.25081064033","57.43778833485 54.95905998831 30.44034949917 53.455864669 12.25081064033"
General-202-20260718-16:31:37-5569,vector,Florasat_Individual_Sats.satellite[0].dlkDSL.mac,Message Generation Delay for Node 103 at Satellite,,,"58.43778833485 170.95905998831 261.44034949917 358.25081064033","57.43778833485 54.95905998831 30.44034949917 12.25081064033"
General-202-20260718-16:31:37-5569,vector,Florasat_Individual_Sats.satellite[0].dlkDSL.mac,Repetition Position for Node 568 at Satellite,,,"59.91876016957 160.46699003669 287.73002972597 377.33641276604","180 180 180 180"
General-202-20260718-16:31:37-5569,vector,Florasat_Individual_Sats.satellite[0].dlkDSL.mac,Repetition Generation Delay for Node 568 at Satellite,,,"59.91876016957 160.46699003669 287.73002972597 377.33641276604","58.91876016957 44.46699003669 56.73002972597 31.33641276604"
General-202-20260718-16:31:37-5569,vector,Florasat_Individual_Sats.satellite[0].dlkDSL.mac,Message Generation Delay for Node 568 at Satellite,,,"59.91876016957 160.46699003669 287.73002972597 377.33641276604","58.91876016957 44.46699003669 56.73002972597 31.33641276604"
General-202-20260718-16:31:37-5569,vector,Florasat_Individual_Sats.satellite[0].dlkDSL.mac,Repetition Position for Node 358 at Satellite,,,"129.51271258032 139.55497106042 153.04993070982 165.207933044 279.2442161843","180 180 180 180 180"
General-202-20260718-16:31:37-5569,vector,Florasat_Individual_Sats.satellite[0].dlkDSL.mac,Repetition Generation Delay for Node 358 at Satellite,,,"129.51271258032 139.55497106042 153.04993070982 165.207933044 279.2442161843","13.51271258032 23.55497106042 37.04993070982 49.207933044 48.2442161843"
General-202-20260718-16:31:37-5569,vector,Florasat_Individual_Sats.satellite[0].dlkDSL.mac,Message Generation Delay for Node 358 at Satellite,,,"129.51271258032 279.2442161843","13.51271258032 48.2442161843"
General-202-20260718-16:31:37-5569,vector,Florasat_Individual_Sats.satellite[0].dlkDSL.mac,Repetition Position for Node 808 at Satellite,,,"131.77242594808 143.38567829728 285.41125046615","180 180 180"
General-202-20260718-16:31:37-5569,vector,Florasat_Individual_Sats.satellite[0].dlkDSL.mac,Repetition Generation Delay for Node 808 at Satellite,,,"131.77242594808 143.38567829728 285.41125046615","15.77242594808 27.38567829728 54.41125046615"
General-202-20260718-16:31:37-5569,vector,Florasat_Individual_Sats.satellite[0].dlkDSL.mac,Message Generation Delay for Node 808 at Satellite,,,"131.77242594808 285.41125046615","15.77242594808 54.41125046615"
General-202-20260718-16:31:37-5569,vector,Florasat_Individual_Sats.satellite[0].dlkDSL.mac,Repetition Position for Node 373 at Satellite,,,"131.87527126124 146.03173646451 156.96528876856 171.03464844245","180 180 180 180"
General-202-20260718-16:31:37-5569,vector,Florasat_Individual_Sats.satellite[0].dlkDSL.mac,Repetition Generation Delay for Node 373 at Satellite,,,"131.87527126124 146.03173646451 156.96528876856 171.03464844245","15.87527126124 30.03173646451 40.96528876856 55.03464844245"
General-202-20260718-16:31:37-5569,vector,Florasat_Individual_Sats.satellite[0].dlkDSL.mac,Message Generation Delay for Node 373 at Satellite,,,"131.87527126124","15.87527126124"
General-202-20260718-16:31:37-5569,vector,Florasat_Individual_Sats.satellite[0].dlkDSL.mac,Repetition Position for Node 118 at Satellite,,,"138.42410498977","180"
General-202-20260718-16:31:37-5569,vector,Florasat_Individual_Sats.satellite[0].dlkDSL.mac,Repetition Generation Delay for Node 118 at Satellite,,,"138.42410498977","22.42410498977"
General-202-20260718-16:31:37-5569,vector,Florasat_Individual_Sats.satellite[0].dlkDSL.mac,Message Generation Delay for Node 118 at Satellite,,,"138.42410498977","22.42410498977"
General-202-20260718-16:31:37-5569,vector,Florasat_Individual_Sats.satellite[0].dlkDSL.mac,Repetition Position for Node 418 at Satellite,,,"139.71601312737","180"
General-202-20260718-16:31:37-5569,vector,Florasat_Individual_Sats.satellite[0].dlkDSL.mac,Repetition Generation Delay for Node 418 at Satellite,,,"139.71601312737","23.71601312737"
General-202-20260718-16:31:37-5569,vector,Florasat_Individual_Sats.satellite[0].dlkDSL.mac,Message Generation Delay for Node 418 at Satellite,,,"139.71601312737","23.71601312737"
General-202-20260718-16:31:37-5569,vector,Florasat_Individual_Sats.satellite[0].dlkDSL.mac,Repetition Position for Node 88 at Satellite,,,"140.98010556348 151.0668218268 164.12026576972 257.74527262889","180 180 180 180"
General-202-20260718-16:31:37-5569,vector,Florasat_Individual_Sats.satellite[0].dlkDSL.mac,Repetition Generation Delay for Node 88 at Satellite,,,"140.98010556348 151.0668218268 164.12026576972 257.74527262889","24.98010556348 35.0668218268 48.12026576972 26.74527262889"
General-202-20260718-16:31:37-5569,vector,Florasat_Individual_Sats.satellite[0].dlkDSL.mac,Message Generation Delay for Node 88 at Satellite,,,"140.98010556348 257.74527262889","24.98010556348 26.74527262889"
General-202-20260718-16:31:37-5569,vector,Florasat_Individual_Sats.satellite[0].dlkDSL.mac,Repetition Position for Node 823 at Satellite,,,"142.84644301518","180"
General-202-20260718-16:31:37-5569,vector,Florasat_Individual_Sats.satellite[0].dlkDSL.mac,Repetition Generation Delay for Node 823 at Satellite,,,"142.84644301518","26.84644301518"
General-202-20260718-16:31:37-5569,vector,Florasat_Individual_Sats.satellite[0].dlkDSL.mac,Message Generation Delay for Node 823 at Satellite,,,"142.84644301518","26.84644301518"
General-202-20260718-16:31:37-5569,vector,Florasat_Individual_Sats.satellite[0].dlkDSL.mac,Repetition Position for Node 343 at Satellite,,,"145.91862036398 244.3360536645 258.95333442668 272.5614790683 286.15410751145 357.49593638739 367.92944646597 392.96613193506","180 180 180 180 180 180 180 180"
General-202-20260718-16:31:37-5569,vector,Florasat_Individual_Sats.satellite[0].dlkDSL.mac,Repetition Generation Delay for Node 343 at Satellite,,,"145.91862036398 244.3360536645 258.95333442668 272.5614790683 286.15410751145 357.49593638739 367.92944646597 392.96613193506","29.91862036398 13.3360536645 27.95333442668 41.5614790683 55.15410751145 11.49593638739 21.92944646597 46.96613193506"
General-202-20260718-16:31:37-5569,vector,Florasat_Individual_Sats.satellite[0].dlkDSL.mac,Message Generation Delay for Node 343 at Satellite,,,"145.91862036398 244.3360536645 357.49593638739","29.91862036398 13.3360536645 11.49593638739"
General-202-20260718-16:31:37-5569,vector,Florasat_Individual_Sats.satellite[0].dlkDSL.mac,Repetition Position for Node 388 at Satellite,,,"155.87596394043","180"
General-202-20260718-16:31:37-5569,vector,Florasat_Individual_Sats.satellite[0].dlkDSL.mac,Repetition Generation Delay for Node 388 at Satellite,,,"155.87596394043","39.87596394043"
General-202-20260718-16:31:37-5569,vector,Florasat_Individual_Sats.satellite[0].dlkDSL.mac,Message Generation Delay for Node 388 at Satellite,,,"155.87596394043","39.87596394043"
General-202-20260718-16:31:37-5569,vector,Florasat_Individual_Sats.satellite[0].dlkDSL.mac,Repetition Position for Node 718 at Satellite,,,"159.3965408678 260.99174346652 287.09838444011 475.05358193553 496.66717590316 600.49341755331","180 180 180 180 180 180"
General-202-20260718-16:31:37-5569,vector,Florasat_Individual_Sats.satellite[0].dlkDSL.mac,Repetition Generation Delay for Node 718 at Satellite,,,"159.3965408678 260.99174346652 287.09838444011 475.05358193553 496.66717590316 600.49341755331","43.3965408678 29.99174346652 56.09838444011 14.05358193553 35.66717590316 24.49341755331"
General-202-20260718-16:31:37-5569,vector,Florasat_Individual_Sats.satellite[0].dlkDSL.mac,Message Generation Delay for Node 718 at Satellite,,,"159.3965408678 260.99174346652 475.05358193553 600.49341755331","43.3965408678 29.99174346652 14.05358193553 24.49341755331"
General-202-20260718-16:31:37-5569,vector,Florasat_Individual_Sats.satellite[0].dlkDSL.mac,Repetition Position for Node 538 at Satellite,,,"161.61923574883 257.27854900988 268.81064293319 283.62315484318","180 180 180 180"
General-202-20260718-16:31:37-5569,vector,Florasat_Individual_Sats.satellite[0].dlkDSL.mac,Repetition Generation Delay for Node 538 at Satellite,,,"161.61923574883 257.27854900988 268.81064293319 283.62315484318","45.61923574883 26.27854900988 37.81064293319 52.62315484318"
General-202-20260718-16:31:37-5569,vector,Florasat_Individual_Sats.satellite[0].dlkDSL.mac,Message Generation Delay for Node 538 at Satellite,,,"161.61923574883 257.27854900988","45.61923574883 26.27854900988"
General-202-20260718-16:31:37-5569,vector,Florasat_Individual_Sats.satellite[0].dlkDSL.mac,Repetition Position for Node 148 at Satellite,,,"162.84873917762 281.29811910953 513.83277740766 617.80044430814 630.67418564757","180 180 180 180 180"
General-202-20260718-16:31:37-5569,vector,Florasat_Individual_Sats.satellite[0].dlkDSL.mac,Repetition Generation Delay for Node 148 at Satellite,,,"162.84873917762 281.29811910953 513.83277740766 617.80044430814 630.67418564757","46.84873917762 50.29811910953 52.83277740766 41.80044430814 54.67418564757"
General-202-20260718-16:31:37-5569,vector,Florasat_Individual_Sats.satellite[0].dlkDSL.mac,Message Generation Delay for Node 148 at Satellite,,,"162.84873917762 281.29811910953 513.83277740766 617.80044430814","46.84873917762 50.29811910953 52.83277740766 41.80044430814"
General-202-20260718-16:31:37-5569,vector,Florasat_Individual_Sats.satellite[0].dlkDSL.mac,Repetition Position for Node 313 at Satellite,,,"173.71446196422 392.95547057585","180 180"
General-202-20260718-16:31:37-5569,vector,Florasat_Individual_Sats.satellite[0].dlkDSL.mac,Repetition Generation Delay for Node 313 at Satellite,,,"173.71446196422 392.95547057585","57.71446196422 46.95547057585"
General-202-20260718-16:31:37-5569,vector,Florasat_Individual_Sats.satellite[0].dlkDSL.mac,Message Generation Delay for Node 313 at Satellite,,,"173.71446196422 392.95547057585","57.71446196422 46.95547057585"
General-202-20260718-16:31:37-5569,vector,Florasat_Individual_Sats.satellite[0].dlkDSL.mac,Repetition Position for Node 298 at Satellite,,,"246.14291380386 260.45863022206 271.52018727262 282.44081095669 387.10845438664 397.84753454517","180 180 180 180 180 180"
General-202-20260718-16:31:37-5569,vector,Florasat_Individual_Sats.satellite[0].dlkDSL.mac,Repetition Generation Delay for Node 298 at Satellite,,,"246.14291380386 260.45863022206 271.52018727262 282.44081095669 387.10845438664 397.84753454517","15.14291380386 29.45863022206 40.52018727262 51.44081095669 41.10845438664 51.84753454517"
General-202-20260718-16:31:37-5569,vector,Florasat_Individual_Sats.satellite[0].dlkDSL.mac,Message Generation Delay for Node 298 at Satellite,,,"246.14291380386 387.10845438664","15.14291380386 41.10845438664"
General-202-20260718-16:31:37-5569,vector,Florasat_Individual_Sats.satellite[0].dlkDSL.mac,Repetition Position for Node 598 at Satellite,,,"259.69572170026 287.55778338032","180 180"
General-202-20260718-16:31:37-5569,vector,Florasat_Individual_Sats.satellite[0].dlkDSL.mac,Repetition Generation Delay for Node 598 at Satellite,,,"259.69572170026 287.55778338032","28.69572170026 56.55778338032"
General-202-20260718-16:31:37-5569,vector,Florasat_Individual_Sats.satellite[0].dlkDSL.mac,Message Generation Delay for Node 598 at Satellite,,,"259.69572170026","28.69572170026"
General-202-20260718-16:31:37-5569,vector,Florasat_Individual_Sats.satellite[0].dlkDSL.mac,Repetition Position for Node 628 at Satellite,,,"265.06183333546 275.82182013514 356.99890436385 367.19768942696 511.79340256672 591.46429793177 602.36279329251 616.85478435562 630.5829716319","180 180 180 180 180 180 180 180 180"
General-202-20260718-16:31:37-5569,vector,Florasat_Individual_Sats.satellite[0].dlkDSL.mac,Repetition Generation Delay for Node 628 at Satellite,,,"265.06183333546 275.82182013514 356.99890436385 367.19768942696 511.79340256672 591.46429793177 602.36279329251 616.85478435562 630.5829716319","34.06183333546 44.82182013514 10.99890436385 21.19768942696 50.79340256672 15.46429793177 26.36279329251 40.85478435562 54.5829716319"
General-202-20260718-16:31:37-5569,vector,Florasat_Individual_Sats.satellite[0].dlkDSL.mac,Message Generation Delay for Node 628 at Satellite,,,"265.06183333546 356.99890436385 511.79340256672 591.46429793177","34.06183333546 10.99890436385 50.79340256672 15.46429793177"
General-202-20260718-16:31:37-5569,vector,Florasat_Individual_Sats.satellite[0].dlkDSL.mac,Repetition Position for Node 928 at Satellite,,,"272.2556885736 600.96823783162 627.9130091708","180 180 180"
General-202-20260718-16:31:37-5569,vector,Florasat_Individual_Sats.satellite[0].dlkDSL.mac,Repetition Generation Delay for Node 928 at Satellite,,,"272.2556885736 600.96823783162 627.9130091708","41.2556885736 24.96823783162 51.9130091708"
General-202-20260718-16:31:37-5569,vector,Florasat_Individual_Sats.satellite[0].dlkDSL.mac,Message Generation Delay for Node 928 at Satellite,,,"272.2556885736 600.96823783162","41.2556885736 24.96823783162"
General-202-20260718-16:31:37-5569,vector,Florasat_Individual_Sats.satellite[0].dlkDSL.mac,Repetition Position for Node 403 at Satellite,,,"280.79055666498","180"
General-202-20260718-16:31:37-5569,vector,Florasat_Individual_Sats.satellite[0].dlkDSL.mac,Repetition Generation Delay for Node 403 at Satellite,,,"280.79055666498","49.79055666498"
General-202-20260718-16:31:37-5569,vector,Florasat_Individual_Sats.satellite[0].dlkDSL.mac,Message Generation Delay for Node 403 at Satellite,,,"280.79055666498","49.79055666498"
General-202-20260718-16:31:37-5569,vector,Florasat_Individual_Sats.satellite[0].dlkDSL.mac,Repetition Position for Node 868 at Satellite,,,"281.90472792875 624.82398672023","180 180"
General-202-20260718-16:31:37-5569,vector,Florasat_Individual_Sats.satellite[0].dlkDSL.mac,Repetition Generation Delay for Node 868 at Satellite,,,"281.90472792875 624.82398672023","50.90472792875 48.82398672023"
General-202-20260718-16:31:37-5569,vector,Florasat_Individual_Sats.satellite[0].dlkDSL.mac,Message Generation Delay for Node 868 at Satellite,,,"281.90472792875 624.82398672023","50.90472792875 48.82398672023"
General-202-20260718-16:31:37-5569,vector,Florasat_Individual_Sats.satellite[0].dlkDSL.mac,Repetition Position for Node 238 at Satellite,,,"282.09067617113 394.27427157308","180 180"
General-202-20260718-16:31:37-5569,vector,Florasat_Individual_Sats.satellite[0].dlkDSL.mac,Repetition Generation Delay for Node 238 at Satellite,,,"282.09067617113 394.27427157308","51.09067617113 48.27427157308"
General-202-20260718-16:31:37-5569,vector,Florasat_Individual_Sats.satellite[0].dlkDSL.mac,Message Generation Delay for Node 238 at Satellite,,,"282.09067617113 394.27427157308","51.09067617113 48.27427157308"
General-202-20260718-16:31:37-5569,vector,Florasat_Individual_Sats.satellite[0].dlkDSL.mac,Repetition Position for Node 223 at Satellite,,,"282.89984450154 375.25576589316 390.0713925335 517.41743976147","180 180 180 180"
General-202-20260718-16:31:37-5569,vector,Florasat_Individual_Sats.satellite[0].dlkDSL.mac,Repetition Generation Delay for Node 223 at Satellite,,,"282.89984450154 375.25576589316 390.0713925335 517.41743976147","51.89984450154 29.25576589316 44.0713925335 56.41743976147"
General-202-20260718-16:31:37-5569,vector,Florasat_Individual_Sats.satellite[0].dlkDSL.mac,Message Generation Delay for Node 223 at Satellite,,,"282.89984450154 375.25576589316 517.41743976147","51.89984450154 29.25576589316 56.41743976147"
General-202-20260718-16:31:37-5569,vector,Florasat_Individual_Sats.satellite[0].dlkDSL.mac,Repetition Position for Node 328 at Satellite,,,"285.46983851216","180"
General-202-20260718-16:31:37-5569,vector,Florasat_Individual_Sats.satellite[0].dlkDSL.mac,Repetition Generation Delay for Node 328 at Satellite,,,"285.46983851216","54.46983851216"
General-202-20260718-16:31:37-5569,vector,Florasat_Individual_Sats.satellite[0].dlkDSL.mac,Message Generation Delay for Node 328 at Satellite,,,"285.46983851216","54.46983851216"
General-202-20260718-16:31:37-5569,vector,Florasat_Individual_Sats.satellite[0].dlkDSL.mac,Repetition Position for Node 673 at Satellite,,,"286.27389605194","180"
General-202-20260718-16:31:37-5569,vector,Florasat_Individual_Sats.satellite[0].dlkDSL.mac,Repetition Generation Delay for Node 673 at Satellite,,,"286.27389605194","55.27389605194"
General-202-20260718-16:31:37-5569,vector,Florasat_Individual_Sats.satellite[0].dlkDSL.mac,Message Generation Delay for Node 673 at Satellite,,,"286.27389605194","55.27389605194"
General-202-20260718-16:31:37-5569,vector,Florasat_Individual_Sats.satellite[0].dlkDSL.mac,Repetition Position for Node 943 at Satellite,,,"290.35811921376","180"
General-202-20260718-16:31:37-5569,vector,Florasat_Individual_Sats.satellite[0].dlkDSL.mac,Repetition Generation Delay for Node 943 at Satellite,,,"290.35811921376","59.35811921376"
General-202-20260718-16:31:37-5569,vector,Florasat_Individual_Sats.satellite[0].dlkDSL.mac,Message Generation Delay for Node 943 at Satellite,,,"290.35811921376","59.35811921376"
General-202-20260718-16:31:37-5569,vector,Florasat_Individual_Sats.satellite[0].dlkDSL.mac,Repetition Position for Node 283 at Satellite,,,"362.39764452067 390.19990011671 405.06935078039 487.36210391128 501.27610261638 634.0797967931","180 180 180 180 180 180"
General-202-20260718-16:31:37-5569,vector,Florasat_Individual_Sats.satellite[0].dlkDSL.mac,Repetition Generation Delay for Node 283 at Satellite,,,"362.39764452067 390.19990011671 405.06935078039 487.36210391128 501.27610261638 634.0797967931","16.39764452067 44.19990011671 59.06935078039 26.36210391128 40.27610261638 58.0797967931"
General-202-20260718-16:31:37-5569,vector,Florasat_Individual_Sats.satellite[0].dlkDSL.mac,Message Generation Delay for Node 283 at Satellite,,,"362.39764452067 487.36210391128 634.0797967931","16.39764452067 26.36210391128 58.0797967931"
General-202-20260718-16:31:37-5569,vector,Florasat_Individual_Sats.satellite[0].dlkDSL.mac,Repetition Position for Node 703 at Satellite,,,"362.79277034805 400.98725009828","180 180"
General-202-20260718-16:31:37-5569,vector,Florasat_Individual_Sats.satellite[0].dlkDSL.mac,Repetition Generation Delay for Node 703 at Satellite,,,"362.79277034805 400.98725009828","16.79277034805 54.98725009828"
General-202-20260718-16:31:37-5569,vector,Florasat_Individual_Sats.satellite[0].dlkDSL.mac,Message Generation Delay for Node 703 at Satellite,,,"362.79277034805","16.79277034805"
General-202-20260718-16:31:37-5569,vector,Florasat_Individual_Sats.satellite[0].dlkDSL.mac,Repetition Position for Node 898 at Satellite,,,"368.20977504415","180"
General-202-20260718-16:31:37-5569,vector,Florasat_Individual_Sats.satellite[0].dlkDSL.mac,Repetition Generation Delay for Node 898 at Satellite,,,"368.20977504415","22.20977504415"
General-202-20260718-16:31:37-5569,vector,Florasat_Individual_Sats.satellite[0].dlkDSL.mac,Message Generation Delay for Node 898 at Satellite,,,"368.20977504415","22.20977504415"
General-202-20260718-16:31:37-5569,vector,Florasat_Individual_Sats.satellite[0].dlkDSL.mac,Repetition Position for Node 583 at Satellite,,,"383.24106939876 490.30796922876 514.63294672796","180 180 180"
General-202-20260718-16:31:37-5569,vector,Florasat_Individual_Sats.satellite[0].dlkDSL.mac,Repetition Generation Delay for Node 583 at Satellite,,,"383.24106939876 490.30796922876 514.63294672796","37.24106939876 29.30796922876 53.63294672796"
General-202-20260718-16:31:37-5569,vector,Florasat_Individual_Sats.satellite[0].dlkDSL.mac,Message Generation Delay for Node 583 at Satellite,,,"383.24106939876 490.30796922876","37.24106939876 29.30796922876"
General-202-20260718-16:31:37-5569,vector,Florasat_Individual_Sats.satellite[0].dlkDSL.mac,Repetition Position for Node 133 at Satellite,,,"384.18465682089 483.28920269239 508.0221877151","180 180 180"
General-202-20260718-16:31:37-5569,vector,Florasat_Individual_Sats.satellite[0].dlkDSL.mac,Repetition Generation Delay for Node 133 at Satellite,,,"384.18465682089 483.28920269239 508.0221877151","38.18465682089 22.28920269239 47.0221877151"
General-202-20260718-16:31:37-5569,vector,Florasat_Individual_Sats.satellite[0].dlkDSL.mac,Message Generation Delay for Node 133 at Satellite,,,"384.18465682089 483.28920269239","38.18465682089 22.28920269239"
General-202-20260718-16:31:37-5569,vector,Florasat_Individual_Sats.satellite[0].dlkDSL.mac,Repetition Position for Node 448 at Satellite,,,"386.00829341253","180"
General-202-20260718-16:31:37-5569,vector,Florasat_Individual_Sats.satellite[0].dlkDSL.mac,Repetition Generation Delay for Node 448 at Satellite,,,"386.00829341253","40.00829341253"
General-202-20260718-16:31:37-5569,vector,Florasat_Individual_Sats.satellite[0].dlkDSL.mac,Message Generation Delay for Node 448 at Satellite,,,"386.00829341253","40.00829341253"
General-202-20260718-16:31:37-5569,vector,Florasat_Individual_Sats.satellite[0].dlkDSL.mac,Repetition Position for Node 733 at Satellite,,,"394.18958359206 589.50343413971 615.50771547825","180 180 180"
General-202-20260718-16:31:37-5569,vector,Florasat_Individual_Sats.satellite[0].dlkDSL.mac,Repetition Generation Delay for Node 733 at Satellite,,,"394.18958359206 589.50343413971 615.50771547825","48.18958359206 13.50343413971 39.50771547825"
General-202-20260718-16:31:37-5569,vector,Florasat_Individual_Sats.satellite[0].dlkDSL.mac,Message Generation Delay for Node 733 at Satellite,,,"394.18958359206 589.50343413971","48.18958359206 13.50343413971"
General-202-20260718-16:31:37-5569,vector,Florasat_Individual_Sats.satellite[0].dlkDSL.mac,Repetition Position for Node 688 at Satellite,,,"394.8926617075","180"
General-202-20260718-16:31:37-5569,vector,Florasat_Individual_Sats.satellite[0].dlkDSL.mac,Repetition Generation Delay for Node 688 at Satellite,,,"394.8926617075","48.8926617075"
General-202-20260718-16:31:37-5569,vector,Florasat_Individual_Sats.satellite[0].dlkDSL.mac,Message Generation Delay for Node 688 at Satellite,,,"394.8926617075","48.8926617075"
General-202-20260718-16:31:37-5569,vector,Florasat_Individual_Sats.satellite[0].dlkDSL.mac,Repetition Position for Node 553 at Satellite,,,"494.01579989067 506.67326075437","180 180"
General-202-20260718-16:31:37-5569,vector,Florasat_Individual_Sats.satellite[0].dlkDSL.mac,Repetition Generation Delay for Node 553 at Satellite,,,"494.01579989067 506.67326075437","33.01579989067 45.67326075437"
General-202-20260718-16:31:37-5569,vector,Florasat_Individual_Sats.satellite[0].dlkDSL.mac,Message Generation Delay for Node 553 at Satellite,,,"494.01579989067","33.01579989067"
General-202-20260718-16:31:37-5569,vector,Florasat_Individual_Sats.satellite[0].dlkDSL.mac,Repetition Position for Node 268 at Satellite,,,"499.10832536014","180"
General-202-20260718-16:31:37-5569,vector,Florasat_Individual_Sats.satellite[0].dlkDSL.mac,Repetition Generation Delay for Node 268 at Satellite,,,"499.10832536014","38.10832536014"
General-202-20260718-16:31:37-5569,vector,Florasat_Individual_Sats.satellite[0].dlkDSL.mac,Message Generation Delay for Node 268 at Satellite,,,"499.10832536014","38.10832536014"
General-202-20260718-16:31:37-5569,vector,Florasat_Individual_Sats.satellite[0].dlkDSL.mac,Repetition Position for Node 913 at Satellite,,,"512.45637111266 599.63564471614 610.49420572275","180 180 180"
General-202-20260718-16:31:37-5569,vector,Florasat_Individual_Sats.satellite[0].dlkDSL.mac,Repetition Generation Delay for Node 913 at Satellite,,,"512.45637111266 599.63564471614 610.49420572275","51.45637111266 23.63564471614 34.49420572275"
General-202-20260718-16:31:37-5569,vector,Florasat_Individual_Sats.satellite[0].dlkDSL.mac,Message Generation Delay for Node 913 at Satellite,,,"512.45637111266 599.63564471614","51.45637111266 23.63564471614"
General-202-20260718-16:31:37-5569,vector,Florasat_Individual_Sats.satellite[0].dlkDSL.mac,Repetition Position for Node 178 at Satellite,,,"590.88950967745","180"
General-202-20260718-16:31:37-5569,vector,Florasat_Individual_Sats.satellite[0].dlkDSL.mac,Repetition Generation Delay for Node 178 at Satellite,,,"590.88950967745","14.88950967745"
General-202-20260718-16:31:37-5569,vector,Florasat_Individual_Sats.satellite[0].dlkDSL.mac,Message Generation Delay for Node 178 at Satellite,,,"590.88950967745","14.88950967745"
General-202-20260718-16:31:37-5569,vector,Florasat_Individual_Sats.satellite[0].dlkDSL.mac,Repetition Position for Node 658 at Satellite,,,"605.76537283594 619.28572035968 633.17498854818 735.72102890828","180 180 180 180"
General-202-20260718-16:31:37-5569,vector,Florasat_Individual_Sats.satellite[0].dlkDSL.mac,Repetition Generation Delay for Node 658 at Satellite,,,"605.76537283594 619.28572035968 633.17498854818 735.72102890828","29.76537283594 43.28572035968 57.17498854818 44.72102890828"
General-202-20260718-16:31:37-5569,vector,Florasat_Individual_Sats.satellite[0].dlkDSL.mac,Message Generation Delay for Node 658 at Satellite,,,"605.76537283594 735.72102890828","29.76537283594 44.72102890828"
General-202-20260718-16:31:37-5569,vector,Florasat_Individual_Sats.satellite[0].dlkDSL.mac,Repetition Position for Node 193 at Satellite,,,"606.54286653156 620.91986258052 632.94360664095","180 180 180"
General-202-20260718-16:31:37-5569,vector,Florasat_Individual_Sats.satellite[0].dlkDSL.mac,Repetition Generation Delay for Node 193 at Satellite,,,"606.54286653156 620.91986258052 632.94360664095","30.54286653156 44.91986258052 56.94360664095"
General-202-20260718-16:31:37-5569,vector,Florasat_Individual_Sats.satellite[0].dlkDSL.mac,Message Generation Delay for Node 193 at Satellite,,,"606.54286653156","30.54286653156"
General-202-20260718-16:31:37-5569,vector,Florasat_Individual_Sats.satellite[0].dlkDSL.mac,Repetition Position for Node 613 at Satellite,,,"612.18498496399 623.57831380856","180 180"
General-202-20260718-16:31:37-5569,vector,Florasat_Individual_Sats.satellite[0].dlkDSL.mac,Repetition Generation Delay for Node 613 at Satellite,,,"612.18498496399 623.57831380856","36.18498496399 47.57831380856"
General-202-20260718-16:31:37-5569,vector,Florasat_Individual_Sats.satellite[0].dlkDSL.mac,Message Generation Delay for Node 613 at Satellite,,,"612.18498496399","36.18498496399"
General-202-20260718-16:31:37-5569,vector,Florasat_Individual_Sats.satellite[0].dlkDSL.mac,Repetition Position for Node 853 at Satellite,,,"626.27703646211","180"
General-202-20260718-16:31:37-5569,vector,Florasat_Individual_Sats.satellite[0].dlkDSL.mac,Repetition Generation Delay for Node 853 at Satellite,,,"626.27703646211","50.27703646211"
General-202-20260718-16:31:37-5569,vector,Florasat_Individual_Sats.satellite[0].dlkDSL.mac,Message Generation Delay for Node 853 at Satellite,,,"626.27703646211","50.27703646211"
General-202-20260718-16:31:37-5569,vector,Florasat_Individual_Sats.satellite[0].dlkDSL.mac,Repetition Position for Node 958 at Satellite,,,"707.26558946273 720.59744691094","180 180"
General-202-20260718-16:31:37-5569,vector,Florasat_Individual_Sats.satellite[0].dlkDSL.mac,Repetition Generation Delay for Node 958 at Satellite,,,"707.26558946273 720.59744691094","16.26558946273 29.59744691094"
General-202-20260718-16:31:37-5569,vector,Florasat_Individual_Sats.satellite[0].dlkDSL.mac,Message Generation Delay for Node 958 at Satellite,,,"707.26558946273","16.26558946273"
General-202-20260718-16:31:37-5569,vector,Florasat_Individual_Sats.satellite[0].dlkDSL.mac,Repetition Position for Node 208 at Satellite,,,"739.91330017502","180"
General-202-20260718-16:31:37-5569,vector,Florasat_Individual_Sats.satellite[0].dlkDSL.mac,Repetition Generation Delay for Node 208 at Satellite,,,"739.91330017502","48.91330017502"
General-202-20260718-16:31:37-5569,vector,Florasat_Individual_Sats.satellite[0].dlkDSL.mac,Message Generation Delay for Node 208 at Satellite,,,"739.91330017502","48.91330017502"
