run,type,module,name,attrname,attrvalue,vectime,vecvalue
General-154-20260718-16:29:55-5569,runattr,,,configname,General,,
General-154-20260718-16:29:55-5569,runattr,,,datetime,20260718-16:29:55,,
General-154-20260718-16:29:55-5569,runattr,,,datetimef,20260718-162955,,
General-154-20260718-16:29:55-5569,runattr,,,experiment,General,,
General-154-20260718-16:29:55-5569,runattr,,,inifile,Test_MLModel_2.ini,,
General-154-20260718-16:29:55-5569,runattr,,,iterationvars,"$myraan=175, $threshold=0.60, $0=63029",,
General-154-20260718-16:29:55-5569,runattr,,,iterationvarsd,myraan=175/threshold=0.60/63029,,
General-154-20260718-16:29:55-5569,runattr,,,iterationvarsf,"myraan=175,threshold=0.60,63029-",,
General-154-20260718-16:29:55-5569,runattr,,,measurement,"$myraan=175, $threshold=0.60, $0=63029",,
General-154-20260718-16:29:55-5569,runattr,,,network,Florasat.Test_Individual.Florasat_Individual_Sats,,
General-154-20260718-16:29:55-5569,runattr,,,processid,5569,,
General-154-20260718-16:29:55-5569,runattr,,,repetition,4,,
General-154-20260718-16:29:55-5569,runattr,,,replication,#4,,
General-154-20260718-16:29:55-5569,runattr,,,resultdir,results,,
General-154-20260718-16:29:55-5569,runattr,,,runnumber,154,,
General-154-20260718-16:29:55-5569,runattr,,,seedset,154,,
General-154-20260718-16:29:55-5569,itervar,,,myraan,175,,
General-154-20260718-16:29:55-5569,itervar,,,threshold,0.60,,
General-154-20260718-16:29:55-5569,config,,,*.stats_altitude,670,,
General-154-20260718-16:29:55-5569,config,,,*.stats_raan,185,,
General-154-20260718-16:29:55-5569,config,,,image-path,../../images:../../../../samples/inet4.5_2/images,,
General-154-20260718-16:29:55-5569,config,,,network,Florasat.Test_Individual.Florasat_Individual_Sats,,
General-154-20260718-16:29:55-5569,config,,,rng-class,cMersenneTwister,,
General-154-20260718-16:29:55-5569,config,,,*.**.result-recording-modes,-,,
General-154-20260718-16:29:55-5569,config,,,**.result-recording-modes,-,,
General-154-20260718-16:29:55-5569,config,,,**.statistic-recording,true,,
General-154-20260718-16:29:55-5569,config,,,**.scalar-recording,true,,
General-154-20260718-16:29:55-5569,config,,,**.vector-recording,true,,
General-154-20260718-16:29:55-5569,config,,,**.vector-record-eventnumbers,true,,
General-154-20260718-16:29:55-5569,config,,,repeat,10,,
General-154-20260718-16:29:55-5569,config,,,seed-0-mt,63029,,
General-154-20260718-16:29:55-5569,config,,,sim-time-limit,749s,,
General-154-20260718-16:29:55-5569,config,,,simtime-resolution,-11,,
General-154-20260718-16:29:55-5569,config,,,**.stats_altitude,670,,
General-154-20260718-16:29:55-5569,config,,,**.stats_raan,185,,
General-154-20260718-16:29:55-5569,config,,,*.radioMedium.backgroundNoise.power,-110dBm,,
General-154-20260718-16:29:55-5569,config,,,*.radioMedium.mediumLimitCache.centerFrequency,868MHz,,
General-154-20260718-16:29:55-5569,config,,,*.radioMedium.mediumLimitCache.maxTransmissionDuration,4s,,
General-154-20260718-16:29:55-5569,config,,,*.radioMedium.mediumLimitCache.minInterferenceTime,0s,,
General-154-20260718-16:29:55-5569,config,,,**.numSatellites,1,,
General-154-20260718-16:29:55-5569,config,,,*.satellite[*].mobilityType,"""Sat_Mob_SatelliteMobility_Standalone""",,
General-154-20260718-16:29:55-5569,config,,,*.satellite[*].noradModuleType,"""Sat_Mob_NoradA""",,
General-154-20260718-16:29:55-5569,config,,,**.satellite[*].**.initFromDisplayString,false,,
General-154-20260718-16:29:55-5569,config,,,*.satellite[*].mobility.faceForward,true,,
General-154-20260718-16:29:55-5569,config,,,*.satellite[*].mobility.updateInterval,20s,,
General-154-20260718-16:29:55-5569,config,,,*.satellite[*].NoradModule.satName,"""FLoRaSat""",,
General-154-20260718-16:29:55-5569,config,,,*.satellite[*].NoradModule.satIndex,-1,,
General-154-20260718-16:29:55-5569,config,,,*.satellite[*].NoradModule.baseYear,20,,
General-154-20260718-16:29:55-5569,config,,,*.satellite[*].NoradModule.baseDay,1.5,,
General-154-20260718-16:29:55-5569,config,,,*.satellite[*].NoradModule.planes,1,,
General-154-20260718-16:29:55-5569,config,,,*.satellite[*].NoradModule.satPerPlane,1,,
General-154-20260718-16:29:55-5569,config,,,*.satellite[*].NoradModule.eccentricity,0.000001,,
General-154-20260718-16:29:55-5569,config,,,*.satellite[*].NoradModule.inclination,98,,
General-154-20260718-16:29:55-5569,config,,,*.satellite[*].NoradModule.altitude,670,,
General-154-20260718-16:29:55-5569,config,,,*.satellite[0].NoradModule.raan,175,,
General-154-20260718-16:29:55-5569,config,,,*.satellite[0].NoradModule.meanAnomaly,195,,
General-154-20260718-16:29:55-5569,config,,,*.satellite[*].phyDSL.radio.receiver.enableCollisionOverlap,true,,
General-154-20260718-16:29:55-5569,config,,,*.satellite[*].phyDSL.radio.receiver.minCollisionOverlap,0s,,
General-154-20260718-16:29:55-5569,config,,,*.satellite[*].phyDSL.radio.antenna.typename,ConstantGainAntenna,,
General-154-20260718-16:29:55-5569,config,,,*.satellite[*].phyDSL.radio.antenna.mobilityModule,"""^.^.^.mobility""",,
General-154-20260718-16:29:55-5569,config,,,*.satellite[*].phyISL.radio.antenna.mobilityModule,"""^.^.^.mobility""",,
General-154-20260718-16:29:55-5569,config,,,*.satellite[*].phyGSL.radio.antenna.mobilityModule,"""^.^.^.mobility""",,
General-154-20260718-16:29:55-5569,config,,,*.satellite[*].phyDSL.radio.antenna.gain,12dB,,
General-154-20260718-16:29:55-5569,config,,,*.satellite[*].net.routingType,"""Null_Routing""",,
General-154-20260718-16:29:55-5569,config,,,*.terminal[*].net.routingType,"""Ter_Null_Routing""",,
General-154-20260718-16:29:55-5569,config,,,*.**.numGroundLinks,40,,
General-154-20260718-16:29:55-5569,config,,,*.satellite[*].**.interfaceTableModule,"""""",,
General-154-20260718-16:29:55-5569,config,,,**.radioMedium.typename,LoRaMedium,,
General-154-20260718-16:29:55-5569,config,,,**.radioMedium.analogModel.typename,LoRaAnalogModel,,
General-154-20260718-16:29:55-5569,config,,,**.intraPlaneIslDisabled,false,,
General-154-20260718-16:29:55-5569,config,,,**.interPlaneIslDisabled,false,,
General-154-20260718-16:29:55-5569,config,,,**.numTerminals,60,,
General-154-20260718-16:29:55-5569,config,,,*.terminal[*].phy.radio.antenna.mobilityModule,"""^.^.^.mob""",,
General-154-20260718-16:29:55-5569,config,,,*.terminal[*].dlk.mac.interfaceTableModule,"""""",,
General-154-20260718-16:29:55-5569,config,,,*.terminal[*].dlk.energySourceModule,"""""",,
General-154-20260718-16:29:55-5569,config,,,*.terminal[*].dlk.mac.LoRaTP,"intuniform(12, 14)",,
General-154-20260718-16:29:55-5569,config,,,*.terminal[*].dlk.mac.LoRaSF,"intuniform(10, 12)",,
General-154-20260718-16:29:55-5569,config,,,*.terminal[*].dlk.mac.useMLBoxBiLSTM,true,,
General-154-20260718-16:29:55-5569,config,,,*.terminal[*].dlk.mac.mlBoxBiLSTM.modelPath,"""/home/ylnner/Documents/omnet++/omnetpp-6.3.0/projects/florasat_v4_ult_routing/simulations/Test_Individual/mlmodels/bilstm_scripted.pt""",,
General-154-20260718-16:29:55-5569,config,,,*.terminal[*].dlk.mac.mlBoxBiLSTM.threshold,0.60,,
General-154-20260718-16:29:55-5569,config,,,**.numberOfPacketsToSend,0,,
General-154-20260718-16:29:55-5569,config,,,**.timeToFirstPacket,1s,,
General-154-20260718-16:29:55-5569,config,,,**.timeToNextPacket,115s,,
General-154-20260718-16:29:55-5569,config,,,*.terminal[0].mob.radius,0.0,,
General-154-20260718-16:29:55-5569,config,,,*.terminal[0].mob.centerLatitude,54.978,,
General-154-20260718-16:29:55-5569,config,,,*.terminal[0].mob.centerLongitude,-1.617,,
General-154-20260718-16:29:55-5569,config,,,*.terminal[1].mob.radius,0.0,,
General-154-20260718-16:29:55-5569,config,,,*.terminal[1].mob.centerLatitude,52.630,,
General-154-20260718-16:29:55-5569,config,,,*.terminal[1].mob.centerLongitude,-1.139,,
General-154-20260718-16:29:55-5569,config,,,*.terminal[2].mob.radius,0.0,,
General-154-20260718-16:29:55-5569,config,,,*.terminal[2].mob.centerLatitude,52.612,,
General-154-20260718-16:29:55-5569,config,,,*.terminal[2].mob.centerLongitude,-6.295,,
General-154-20260718-16:29:55-5569,config,,,*.terminal[3].mob.radius,0.0,,
General-154-20260718-16:29:55-5569,config,,,*.terminal[3].mob.centerLatitude,47.243,,
General-154-20260718-16:29:55-5569,config,,,*.terminal[3].mob.centerLongitude,6.024,,
General-154-20260718-16:29:55-5569,config,,,*.terminal[4].mob.radius,0.0,,
General-154-20260718-16:29:55-5569,config,,,*.terminal[4].mob.centerLatitude,43.610,,
General-154-20260718-16:29:55-5569,config,,,*.terminal[4].mob.centerLongitude,3.876,,
General-154-20260718-16:29:55-5569,config,,,*.terminal[5].mob.radius,0.0,,
General-154-20260718-16:29:55-5569,config,,,*.terminal[5].mob.centerLatitude,49.443,,
General-154-20260718-16:29:55-5569,config,,,*.terminal[5].mob.centerLongitude,1.099,,
General-154-20260718-16:29:55-5569,config,,,*.terminal[6].mob.radius,0.0,,
General-154-20260718-16:29:55-5569,config,,,*.terminal[6].mob.centerLatitude,37.992,,
General-154-20260718-16:29:55-5569,config,,,*.terminal[6].mob.centerLongitude,-1.130,,
General-154-20260718-16:29:55-5569,config,,,*.terminal[7].mob.radius,0.0,,
General-154-20260718-16:29:55-5569,config,,,*.terminal[7].mob.centerLatitude,40.965,,
General-154-20260718-16:29:55-5569,config,,,*.terminal[7].mob.centerLongitude,-5.664,,
General-154-20260718-16:29:55-5569,config,,,*.terminal[8].mob.radius,0.0,,
General-154-20260718-16:29:55-5569,config,,,*.terminal[8].mob.centerLatitude,40.657,,
General-154-20260718-16:29:55-5569,config,,,*.terminal[8].mob.centerLongitude,-7.914,,
General-154-20260718-16:29:55-5569,config,,,*.terminal[9].mob.radius,0.0,,
General-154-20260718-16:29:55-5569,config,,,*.terminal[9].mob.centerLatitude,51.340,,
General-154-20260718-16:29:55-5569,config,,,*.terminal[9].mob.centerLongitude,12.373,,
General-154-20260718-16:29:55-5569,config,,,*.terminal[10].mob.radius,0.0,,
General-154-20260718-16:29:55-5569,config,,,*.terminal[10].mob.centerLatitude,51.455,,
General-154-20260718-16:29:55-5569,config,,,*.terminal[10].mob.centerLongitude,7.011,,
General-154-20260718-16:29:55-5569,config,,,*.terminal[11].mob.radius,0.0,,
General-154-20260718-16:29:55-5569,config,,,*.terminal[11].mob.centerLatitude,49.452,,
General-154-20260718-16:29:55-5569,config,,,*.terminal[11].mob.centerLongitude,11.076,,
General-154-20260718-16:29:55-5569,config,,,*.terminal[12].mob.radius,0.0,,
General-154-20260718-16:29:55-5569,config,,,*.terminal[12].mob.centerLatitude,43.769,,
General-154-20260718-16:29:55-5569,config,,,*.terminal[12].mob.centerLongitude,11.255,,
General-154-20260718-16:29:55-5569,config,,,*.terminal[13].mob.radius,0.0,,
General-154-20260718-16:29:55-5569,config,,,*.terminal[13].mob.centerLatitude,41.117,,
General-154-20260718-16:29:55-5569,config,,,*.terminal[13].mob.centerLongitude,16.871,,
General-154-20260718-16:29:55-5569,config,,,*.terminal[14].mob.radius,0.0,,
General-154-20260718-16:29:55-5569,config,,,*.terminal[14].mob.centerLatitude,52.132,,
General-154-20260718-16:29:55-5569,config,,,*.terminal[14].mob.centerLongitude,5.291,,
General-154-20260718-16:29:55-5569,config,,,*.terminal[15].mob.radius,0.0,,
General-154-20260718-16:29:55-5569,config,,,*.terminal[15].mob.centerLatitude,50.411,,
General-154-20260718-16:29:55-5569,config,,,*.terminal[15].mob.centerLongitude,4.444,,
General-154-20260718-16:29:55-5569,config,,,*.terminal[16].mob.radius,0.0,,
General-154-20260718-16:29:55-5569,config,,,*.terminal[16].mob.centerLatitude,47.559,,
General-154-20260718-16:29:55-5569,config,,,*.terminal[16].mob.centerLongitude,7.588,,
General-154-20260718-16:29:55-5569,config,,,*.terminal[17].mob.radius,0.0,,
General-154-20260718-16:29:55-5569,config,,,*.terminal[17].mob.centerLatitude,55.403,,
General-154-20260718-16:29:55-5569,config,,,*.terminal[17].mob.centerLongitude,10.402,,
General-154-20260718-16:29:55-5569,config,,,*.terminal[18].mob.radius,0.0,,
General-154-20260718-16:29:55-5569,config,,,*.terminal[18].mob.centerLatitude,59.858,,
General-154-20260718-16:29:55-5569,config,,,*.terminal[18].mob.centerLongitude,17.638,,
General-154-20260718-16:29:55-5569,config,,,*.terminal[19].mob.radius,0.0,,
General-154-20260718-16:29:55-5569,config,,,*.terminal[19].mob.centerLatitude,60.451,,
General-154-20260718-16:29:55-5569,config,,,*.terminal[19].mob.centerLongitude,22.266,,
General-154-20260718-16:29:55-5569,config,,,*.terminal[20].mob.radius,0.0,,
General-154-20260718-16:29:55-5569,config,,,*.terminal[20].mob.centerLatitude,56.325,,
General-154-20260718-16:29:55-5569,config,,,*.terminal[20].mob.centerLongitude,22.349,,
General-154-20260718-16:29:55-5569,config,,,*.terminal[21].mob.radius,0.0,,
General-154-20260718-16:29:55-5569,config,,,*.terminal[21].mob.centerLatitude,49.883,,
General-154-20260718-16:29:55-5569,config,,,*.terminal[21].mob.centerLongitude,18.568,,
General-154-20260718-16:29:55-5569,config,,,*.terminal[22].mob.radius,0.0,,
General-154-20260718-16:29:55-5569,config,,,*.terminal[22].mob.centerLatitude,47.531,,
General-154-20260718-16:29:55-5569,config,,,*.terminal[22].mob.centerLongitude,21.627,,
General-154-20260718-16:29:55-5569,config,,,*.terminal[23].mob.radius,0.0,,
General-154-20260718-16:29:55-5569,config,,,*.terminal[23].mob.centerLatitude,44.179,,
General-154-20260718-16:29:55-5569,config,,,*.terminal[23].mob.centerLongitude,28.649,,
General-154-20260718-16:29:55-5569,config,,,*.terminal[24].mob.radius,0.0,,
General-154-20260718-16:29:55-5569,config,,,*.terminal[24].mob.centerLatitude,45.327,,
General-154-20260718-16:29:55-5569,config,,,*.terminal[24].mob.centerLongitude,14.442,,
General-154-20260718-16:29:55-5569,config,,,*.terminal[25].mob.radius,0.0,,
General-154-20260718-16:29:55-5569,config,,,*.terminal[25].mob.centerLatitude,40.694,,
General-154-20260718-16:29:55-5569,config,,,*.terminal[25].mob.centerLongitude,30.400,,
General-154-20260718-16:29:55-5569,config,,,*.terminal[26].mob.radius,0.0,,
General-154-20260718-16:29:55-5569,config,,,*.terminal[26].mob.centerLatitude,37.066,,
General-154-20260718-16:29:55-5569,config,,,*.terminal[26].mob.centerLongitude,37.383,,
General-154-20260718-16:29:55-5569,config,,,*.terminal[27].mob.radius,0.0,,
General-154-20260718-16:29:55-5569,config,,,*.terminal[27].mob.centerLatitude,64.836,,
General-154-20260718-16:29:55-5569,config,,,*.terminal[27].mob.centerLongitude,-23.708,,
General-154-20260718-16:29:55-5569,config,,,*.terminal[28].mob.radius,0.0,,
General-154-20260718-16:29:55-5569,config,,,*.terminal[28].mob.centerLatitude,28.099,,
General-154-20260718-16:29:55-5569,config,,,*.terminal[28].mob.centerLongitude,-17.113,,
General-154-20260718-16:29:55-5569,config,,,*.terminal[29].mob.radius,0.0,,
General-154-20260718-16:29:55-5569,config,,,*.terminal[29].mob.centerLatitude,34.921,,
General-154-20260718-16:29:55-5569,config,,,*.terminal[29].mob.centerLongitude,33.623,,
General-154-20260718-16:29:55-5569,config,,,*.terminal[30].mob.radius,0.0,,
General-154-20260718-16:29:55-5569,config,,,*.terminal[30].mob.centerLatitude,55.953,,
General-154-20260718-16:29:55-5569,config,,,*.terminal[30].mob.centerLongitude,-3.188,,
General-154-20260718-16:29:55-5569,config,,,*.terminal[31].mob.radius,0.0,,
General-154-20260718-16:29:55-5569,config,,,*.terminal[31].mob.centerLatitude,51.481,,
General-154-20260718-16:29:55-5569,config,,,*.terminal[31].mob.centerLongitude,-3.179,,
General-154-20260718-16:29:55-5569,config,,,*.terminal[32].mob.radius,0.0,,
General-154-20260718-16:29:55-5569,config,,,*.terminal[32].mob.centerLatitude,53.349,,
General-154-20260718-16:29:55-5569,config,,,*.terminal[32].mob.centerLongitude,-6.260,,
General-154-20260718-16:29:55-5569,config,,,*.terminal[33].mob.radius,0.0,,
General-154-20260718-16:29:55-5569,config,,,*.terminal[33].mob.centerLatitude,45.764,,
General-154-20260718-16:29:55-5569,config,,,*.terminal[33].mob.centerLongitude,4.835,,
General-154-20260718-16:29:55-5569,config,,,*.terminal[34].mob.radius,0.0,,
General-154-20260718-16:29:55-5569,config,,,*.terminal[34].mob.centerLatitude,48.573,,
General-154-20260718-16:29:55-5569,config,,,*.terminal[34].mob.centerLongitude,7.752,,
General-154-20260718-16:29:55-5569,config,,,*.terminal[35].mob.radius,0.0,,
General-154-20260718-16:29:55-5569,config,,,*.terminal[35].mob.centerLatitude,44.837,,
General-154-20260718-16:29:55-5569,config,,,*.terminal[35].mob.centerLongitude,-0.579,,
General-154-20260718-16:29:55-5569,config,,,*.terminal[36].mob.radius,0.0,,
General-154-20260718-16:29:55-5569,config,,,*.terminal[36].mob.centerLatitude,41.385,,
General-154-20260718-16:29:55-5569,config,,,*.terminal[36].mob.centerLongitude,2.173,,
General-154-20260718-16:29:55-5569,config,,,*.terminal[37].mob.radius,0.0,,
General-154-20260718-16:29:55-5569,config,,,*.terminal[37].mob.centerLatitude,41.157,,
General-154-20260718-16:29:55-5569,config,,,*.terminal[37].mob.centerLongitude,-8.629,,
General-154-20260718-16:29:55-5569,config,,,*.terminal[38].mob.radius,0.0,,
General-154-20260718-16:29:55-5569,config,,,*.terminal[38].mob.centerLatitude,37.389,,
General-154-20260718-16:29:55-5569,config,,,*.terminal[38].mob.centerLongitude,-5.984,,
General-154-20260718-16:29:55-5569,config,,,*.terminal[39].mob.radius,0.0,,
General-154-20260718-16:29:55-5569,config,,,*.terminal[39].mob.centerLatitude,53.551,,
General-154-20260718-16:29:55-5569,config,,,*.terminal[39].mob.centerLongitude,9.993,,
General-154-20260718-16:29:55-5569,config,,,*.terminal[40].mob.radius,0.0,,
General-154-20260718-16:29:55-5569,config,,,*.terminal[40].mob.centerLatitude,48.135,,
General-154-20260718-16:29:55-5569,config,,,*.terminal[40].mob.centerLongitude,11.582,,
General-154-20260718-16:29:55-5569,config,,,*.terminal[41].mob.radius,0.0,,
General-154-20260718-16:29:55-5569,config,,,*.terminal[41].mob.centerLatitude,50.110,,
General-154-20260718-16:29:55-5569,config,,,*.terminal[41].mob.centerLongitude,8.682,,
General-154-20260718-16:29:55-5569,config,,,*.terminal[42].mob.radius,0.0,,
General-154-20260718-16:29:55-5569,config,,,*.terminal[42].mob.centerLatitude,45.464,,
General-154-20260718-16:29:55-5569,config,,,*.terminal[42].mob.centerLongitude,9.190,,
General-154-20260718-16:29:55-5569,config,,,*.terminal[43].mob.radius,0.0,,
General-154-20260718-16:29:55-5569,config,,,*.terminal[43].mob.centerLatitude,40.851,,
General-154-20260718-16:29:55-5569,config,,,*.terminal[43].mob.centerLongitude,14.268,,
General-154-20260718-16:29:55-5569,config,,,*.terminal[44].mob.radius,0.0,,
General-154-20260718-16:29:55-5569,config,,,*.terminal[44].mob.centerLatitude,51.209,,
General-154-20260718-16:29:55-5569,config,,,*.terminal[44].mob.centerLongitude,3.224,,
General-154-20260718-16:29:55-5569,config,,,*.terminal[45].mob.radius,0.0,,
General-154-20260718-16:29:55-5569,config,,,*.terminal[45].mob.centerLatitude,48.208,,
General-154-20260718-16:29:55-5569,config,,,*.terminal[45].mob.centerLongitude,16.373,,
General-154-20260718-16:29:55-5569,config,,,*.terminal[46].mob.radius,0.0,,
General-154-20260718-16:29:55-5569,config,,,*.terminal[46].mob.centerLatitude,52.229,,
General-154-20260718-16:29:55-5569,config,,,*.terminal[46].mob.centerLongitude,21.012,,
General-154-20260718-16:29:55-5569,config,,,*.terminal[47].mob.radius,0.0,,
General-154-20260718-16:29:55-5569,config,,,*.terminal[47].mob.centerLatitude,59.913,,
General-154-20260718-16:29:55-5569,config,,,*.terminal[47].mob.centerLongitude,10.752,,
General-154-20260718-16:29:55-5569,config,,,*.terminal[48].mob.radius,0.0,,
General-154-20260718-16:29:55-5569,config,,,*.terminal[48].mob.centerLatitude,56.949,,
General-154-20260718-16:29:55-5569,config,,,*.terminal[48].mob.centerLongitude,24.105,,
General-154-20260718-16:29:55-5569,config,,,*.terminal[49].mob.radius,0.0,,
General-154-20260718-16:29:55-5569,config,,,*.terminal[49].mob.centerLatitude,59.437,,
General-154-20260718-16:29:55-5569,config,,,*.terminal[49].mob.centerLongitude,24.753,,
General-154-20260718-16:29:55-5569,config,,,*.terminal[50].mob.radius,0.0,,
General-154-20260718-16:29:55-5569,config,,,*.terminal[50].mob.centerLatitude,50.075,,
General-154-20260718-16:29:55-5569,config,,,*.terminal[50].mob.centerLongitude,14.437,,
General-154-20260718-16:29:55-5569,config,,,*.terminal[51].mob.radius,0.0,,
General-154-20260718-16:29:55-5569,config,,,*.terminal[51].mob.centerLatitude,42.697,,
General-154-20260718-16:29:55-5569,config,,,*.terminal[51].mob.centerLongitude,23.321,,
General-154-20260718-16:29:55-5569,config,,,*.terminal[52].mob.radius,0.0,,
General-154-20260718-16:29:55-5569,config,,,*.terminal[52].mob.centerLatitude,45.815,,
General-154-20260718-16:29:55-5569,config,,,*.terminal[52].mob.centerLongitude,15.981,,
General-154-20260718-16:29:55-5569,config,,,*.terminal[53].mob.radius,0.0,,
General-154-20260718-16:29:55-5569,config,,,*.terminal[53].mob.centerLatitude,40.640,,
General-154-20260718-16:29:55-5569,config,,,*.terminal[53].mob.centerLongitude,22.944,,
General-154-20260718-16:29:55-5569,config,,,*.terminal[54].mob.radius,0.0,,
General-154-20260718-16:29:55-5569,config,,,*.terminal[54].mob.centerLatitude,39.933,,
General-154-20260718-16:29:55-5569,config,,,*.terminal[54].mob.centerLongitude,32.859,,
General-154-20260718-16:29:55-5569,config,,,*.terminal[55].mob.radius,0.0,,
General-154-20260718-16:29:55-5569,config,,,*.terminal[55].mob.centerLatitude,38.419,,
General-154-20260718-16:29:55-5569,config,,,*.terminal[55].mob.centerLongitude,27.128,,
General-154-20260718-16:29:55-5569,config,,,*.terminal[56].mob.radius,0.0,,
General-154-20260718-16:29:55-5569,config,,,*.terminal[56].mob.centerLatitude,35.898,,
General-154-20260718-16:29:55-5569,config,,,*.terminal[56].mob.centerLongitude,14.514,,
General-154-20260718-16:29:55-5569,config,,,*.terminal[57].mob.radius,0.0,,
General-154-20260718-16:29:55-5569,config,,,*.terminal[57].mob.centerLatitude,65.683,,
General-154-20260718-16:29:55-5569,config,,,*.terminal[57].mob.centerLongitude,-18.087,,
General-154-20260718-16:29:55-5569,config,,,*.terminal[58].mob.radius,0.0,,
General-154-20260718-16:29:55-5569,config,,,*.terminal[58].mob.centerLatitude,28.463,,
General-154-20260718-16:29:55-5569,config,,,*.terminal[58].mob.centerLongitude,-16.251,,
General-154-20260718-16:29:55-5569,config,,,*.terminal[59].mob.radius,0.0,,
General-154-20260718-16:29:55-5569,config,,,*.terminal[59].mob.centerLatitude,35.185,,
General-154-20260718-16:29:55-5569,config,,,*.terminal[59].mob.centerLongitude,33.382,,
General-154-20260718-16:29:55-5569,config,,,**.numStations,3,,
General-154-20260718-16:29:55-5569,config,,,**.numStations,3,,
General-154-20260718-16:29:55-5569,config,,,*.station[0].mobility.latitude,55.752,,
General-154-20260718-16:29:55-5569,config,,,*.station[0].mobility.longitude,37.616,,
General-154-20260718-16:29:55-5569,config,,,*.station[0].cityName,"""Moscow""",,
General-154-20260718-16:29:55-5569,config,,,*.station[0].groundStationId,7,,
General-154-20260718-16:29:55-5569,config,,,*.station[0].routerAddr,"""10.0.0.29""",,
General-154-20260718-16:29:55-5569,config,,,*.station[0].serving,"""10.0.0.29""",,
General-154-20260718-16:29:55-5569,config,,,*.station[1].mobility.latitude,28.652,,
General-154-20260718-16:29:55-5569,config,,,*.station[1].mobility.longitude,77.231,,
General-154-20260718-16:29:55-5569,config,,,*.station[1].cityName,"""Delhi""",,
General-154-20260718-16:29:55-5569,config,,,*.station[1].groundStationId,11,,
General-154-20260718-16:29:55-5569,config,,,*.station[1].routerAddr,"""10.0.0.45""",,
General-154-20260718-16:29:55-5569,config,,,*.station[1].serving,"""10.0.0.45""",,
General-154-20260718-16:29:55-5569,config,,,*.station[2].mobility.latitude,25.35,,
General-154-20260718-16:29:55-5569,config,,,*.station[2].mobility.longitude,51.24,,
General-154-20260718-16:29:55-5569,config,,,*.station[2].cityName,"""Katar""",,
General-154-20260718-16:29:55-5569,config,,,*.station[2].groundStationId,19,,
General-154-20260718-16:29:55-5569,config,,,*.station[2].routerAddr,"""10.0.0.77""",,
General-154-20260718-16:29:55-5569,config,,,*.station[2].serving,"""10.0.0.77""",,
General-154-20260718-16:29:55-5569,config,,,*.visualizer.canvasVisualizer.mediumVisualizer.typename,,,
General-154-20260718-16:29:55-5569,config,,,*.visualizer.*.radioVisualizer.displayAntennaLobes,true,,
General-154-20260718-16:29:55-5569,config,,,*.visualizer.*.dataLinkVisualizer.displayLinks,true,,
General-154-20260718-16:29:55-5569,config,,,*.visualizer.*.mobilityVisualizer.displayMovementTrails,true,,
General-154-20260718-16:29:55-5569,config,,,*.visualizer.*.mobilityVisualizer.movementTrailLineWidth,1,,
General-154-20260718-16:29:55-5569,config,,,*.visualizer.*.mobilityVisualizer.trailLength,3000,,
General-154-20260718-16:29:55-5569,config,,,**.ttxStart_max,1s,,
General-154-20260718-16:29:55-5569,config,,,**.ttxIdle_min,10s,,
General-154-20260718-16:29:55-5569,config,,,**.ttxIdle_max,15s,,
General-154-20260718-16:29:55-5569,config,,,**.Ntw,1,,
General-154-20260718-16:29:55-5569,config,,,**.Ntx,5,,
General-154-20260718-16:29:55-5569,config,,,**.ttwDuration,100s,,
General-154-20260718-16:29:55-5569,config,,,output-scalar-file,results/results_florasat_ml_lstm/bilstm-raan-175-th-0.60-General-4.sca,,
General-154-20260718-16:29:55-5569,config,,,output-vector-file,results/results_florasat_ml_lstm/bilstm-raan-175-th-0.60-General-4.vec,,
General-154-20260718-16:29:55-5569,vector,Florasat_Individual_Sats.terminal[29].dlk.mac,vector_preds_BiLSTM,,,"1.02368421899 14.88320068968 28.30557284806 38.70682761701 51.28598947124 116.60936016031 129.34311766201 143.55576552707 153.82207754441 164.13497509342 231.38789759553 246.06131727062 260.53704809467 272.15746747749 286.21561758756 346.96088290564 360.08390464261 373.76174792554 385.81613743002 399.54257295257 461.67109892075 476.31461108523 490.92114994373 504.66559570935 514.87602199498 576.00742401532 589.4205924971 602.27073391527 614.22807731177 629.20327014383 691.40185678005 704.1600793621 715.02859646896 728.63517790659 742.57777372234","6470901.1 6470902.1 6470903.1 6470904.1 6470905.1 6476901.1 6476902.1 6476903 6476904 6476905 6482901 6482902 6482903 6482904 6482905 6488901 6488902 6488903 6488904 6488905 6494901 6494902 6494903 6494904 6494905 6500901 6500902 6500903 6500904 6500905 6506901 6506902 6506903 6506904 6506905"
General-154-20260718-16:29:55-5569,vector,Florasat_Individual_Sats.terminal[14].dlk.mac,vector_preds_BiLSTM,,,"1.04892587173 11.11729815952 22.83033953398 33.99039173965 44.31889923174 116.93652111525 130.67676968477 141.12719501788 153.28361618985 163.99318357185 231.35320703709 242.02569418331 256.45615227847 267.9611046121 280.35900894995 346.87691588188 359.83284839313 372.66382240574 384.01005801978 396.23056461337 461.98642571899 474.81515971455 487.39995094575 498.32177178212 509.70020657964 576.47933217464 589.65138114174 600.2221710945 611.45181111526 623.37276395178 691.89831998502 705.50240898691 716.89800162171 728.82896098378 743.54136385792","6469401.1 6469402.1 6469403.1 6469404.1 6469405.1 6475401.1 6475402.1 6475403.1 6475404.1 6475405 6481401.1 6481402.1 6481403.1 6481404.1 6481405.1 6487401.1 6487402.1 6487403.1 6487404.1 6487405.1 6493401.1 6493402.1 6493403.1 6493404.1 6493405.1 6499401 6499402 6499403 6499404.1 6499405.1 6505401.1 6505402.1 6505403.1 6505404.1 6505405.1"
General-154-20260718-16:29:55-5569,vector,Florasat_Individual_Sats.terminal[7].dlk.mac,vector_preds_BiLSTM,,,"1.08353608102 15.05546703632 29.37029180862 39.77029164485 53.81599448202 116.2761592099 130.85625672504 144.38605144993 156.36038322375 169.00946283737 231.05584788998 243.35880779242 258.08111469075 268.59098329721 281.19074375997 346.4946870117 360.64302026597 374.64518914418 388.24709577323 402.47840165929 461.89144005859 475.99391182512 488.44528347463 498.49439414893 508.87152353744 576.93017940037 589.15810866165 603.84778090171 615.34962662496 627.38973379834 691.12978470814 701.82784131681 714.47603767574 726.16912143025 736.58821472153","6468701.1 6468702.1 6468703.1 6468704.1 6468705.1 6474701.1 6474702.1 6474703 6474704 6474705 6480701 6480702 6480703 6480704 6480705 6486701.1 6486702.1 6486703.1 6486704.1 6486705.1 6492701.1 6492702.1 6492703.1 6492704.1 6492705.1 6498701.1 6498702.1 6498703.1 6498704.1 6498705.1 6504701.1 6504702.1 6504703.1 6504704.1 6504705.1"
General-154-20260718-16:29:55-5569,vector,Florasat_Individual_Sats.terminal[11].dlk.mac,vector_preds_BiLSTM,,,"1.10036646738 15.56359386794 29.44518905041 39.50832771045 50.91949090735 116.50499152625 126.94973574858 138.08992667729 150.61239607888 161.18714447505 231.59466240043 243.06142239203 253.79288995709 265.66651930405 277.80856817799 346.8805619732 359.82918915758 371.15302381059 384.32643795456 396.36442886968 461.48147440236 475.74113353575 486.02972252481 498.40018121479 510.70348986029 576.12545013777 586.37533192057 597.22286057542 610.42852703831 623.2015723479 691.80028364086 706.74453112553 719.58353791293 729.74568898231 742.06949489098","6469101.1 6469102.1 6469103.1 6469104.1 6469105.1 6475101.1 6475102.1 6475103.1 6475104 6475105 6481101.1 6481102.1 6481103.1 6481104.1 6481105.1 6487101.1 6487102.1 6487103.1 6487104.1 6487105.1 6493101.1 6493102.1 6493103.1 6493104.1 6493105.1 6499101.1 6499102.1 6499103.1 6499104.1 6499105.1 6505101.1 6505102.1 6505103.1 6505104.1 6505105.1"
General-154-20260718-16:29:55-5569,vector,Florasat_Individual_Sats.terminal[35].dlk.mac,vector_preds_BiLSTM,,,"1.10541094374 12.90824516956 27.6288739224 41.51874555671 56.19663327979 116.24299900094 128.85087795975 142.34405643028 156.36511571194 169.7758055078 231.94399116794 245.4725778359 259.70975726843 269.79123877594 281.70580654056 346.49243219383 357.70310267433 369.37869009538 383.39168856828 393.99980617314 461.34529384482 476.13544241339 489.74856835022 503.04781407514 514.52517457004 576.76107235672 587.15450601373 601.70948700351 612.0852175979 626.07244020515 691.42390246317 701.71602583188 714.25290539093 727.95492468565 741.26935262047","6471501.1 6471502.1 6471503.1 6471504.1 6471505.1 6477501.1 6477502.1 6477503 6477504 6477505 6483501.1 6483502 6483503 6483504 6483505 6489501.1 6489502.1 6489503.1 6489504.1 6489505.1 6495501.1 6495502.1 6495503.1 6495504.1 6495505.1 6501501.1 6501502.1 6501503.1 6501504.1 6501505.1 6507501.1 6507502.1 6507503.1 6507504.1 6507505.1"
General-154-20260718-16:29:55-5569,vector,Florasat_Individual_Sats.terminal[19].dlk.mac,vector_preds_BiLSTM,,,"1.1061881131 13.86993843107 24.10111804236 38.88264573854 52.97379686823 116.40894468944 127.98420948396 141.21845738218 151.61714892323 165.05720767263 231.30905734911 245.7836482157 255.98810332548 266.38555374416 278.80683747423 346.97112088604 360.15841069678 370.39012550772 384.22353866091 395.50532666431 461.69704379817 473.04857031163 487.59294509259 502.40353516256 516.24819866917 576.07714225817 588.7725035781 599.17178803286 611.81865587877 622.45231834985 691.53749161982 705.5150684691 718.08850102592 731.12118847086 741.49466049042","6469901.1 6469902.1 6469903.1 6469904.1 6469905.1 6475901.1 6475902.1 6475903.1 6475904.1 6475905.1 6481901.1 6481902.1 6481903.1 6481904.1 6481905.1 6487901.1 6487902.1 6487903.1 6487904.1 6487905 6493901 6493902 6493903 6493904 6493905 6499901 6499902 6499903 6499904 6499905 6505901 6505902 6505903 6505904 6505905"
General-154-20260718-16:29:55-5569,vector,Florasat_Individual_Sats.terminal[47].dlk.mac,vector_preds_BiLSTM,,,"1.14318439597 12.71883591986 27.11838762252 40.42306267749 53.00849618483 116.38033612189 126.88116132771 139.21529780282 152.76124162157 164.43815631699 231.90388352517 245.89088895032 257.82872736128 269.26042248169 283.32670024736 346.88472278742 361.08107573562 374.2410202194 387.69961789343 402.01058510784 461.18386009056 472.90078405454 484.52585049602 498.02384150028 512.94796409714 576.83468428697 587.68190875324 597.94588658517 610.28100332618 623.53278083052 691.02032985399 705.26501237741 717.11549831415 729.4738191166 740.58855785034","6472701.1 6472702.1 6472703.1 6472704.1 6472705.1 6478701.1 6478702.1 6478703.1 6478704.1 6478705.1 6484701.1 6484702.1 6484703.1 6484704.1 6484705.1 6490701.1 6490702.1 6490703.1 6490704.1 6490705 6496701 6496702 6496703 6496704 6496705 6502701 6502702 6502703 6502704 6502705 6508701 6508702 6508703 6508704 6508705"
General-154-20260718-16:29:55-5569,vector,Florasat_Individual_Sats.terminal[18].dlk.mac,vector_preds_BiLSTM,,,"1.16364469077 15.81940699742 28.42193476298 38.53663544661 51.67904961995 116.31544100889 128.72578231222 139.47663477575 152.93622333044 163.03030572901 231.38733991422 241.6519211419 254.08913086402 268.21773244651 278.96083356697 346.12332375045 357.83683226118 370.33517832076 385.11283334601 397.62799192709 461.40592230228 473.70204103156 488.42826201441 498.6590493829 509.18482668209 576.98592190258 591.87417233572 606.17403346323 617.98692997638 632.82945278426 691.58340269909 706.373197173 720.90509595792 734.29226229643 745.04098103825","6469801.1 6469802.1 6469803.1 6469804.1 6469805.1 6475801.1 6475802.1 6475803.1 6475804.1 6475805.1 6481801.1 6481802.1 6481803.1 6481804.1 6481805.1 6487801.1 6487802.1 6487803.1 6487804.1 6487805 6493801 6493802 6493803 6493804 6493805 6499801 6499802 6499803 6499804 6499805 6505801 6505802 6505803 6505804 6505805"
General-154-20260718-16:29:55-5569,vector,Florasat_Individual_Sats.terminal[38].dlk.mac,vector_preds_BiLSTM,,,"1.17953970749 14.81078330381 25.79634972685 37.20171578764 51.62316051498 116.35936579178 130.90929721924 141.49985049827 153.88146550487 166.31347523396 231.06055665435 245.51173174777 258.17931621475 272.76052881637 283.44399232207 346.20189054892 357.6190797009 368.15933222905 378.58166412706 392.81497408077 461.75680642435 472.23957081628 485.69630168332 496.63762227237 507.7755398287 576.3330194545 586.50166261755 598.51076351875 612.24367615697 626.73539662431 691.5360509262 704.75422746805 719.02844168083 730.65407470172 741.41018000269","6471801.1 6471802.1 6471803.1 6471804.1 6471805.1 6477801.1 6477802.1 6477803 6477804 6477805 6483801 6483802 6483803 6483804 6483805 6489801.1 6489802 6489803 6489804 6489805 6495801.1 6495802.1 6495803.1 6495804.1 6495805.1 6501801.1 6501802.1 6501803.1 6501804.1 6501805.1 6507801.1 6507802.1 6507803.1 6507804.1 6507805.1"
General-154-20260718-16:29:55-5569,vector,Florasat_Individual_Sats.terminal[5].dlk.mac,vector_preds_BiLSTM,,,"1.22761905706 13.49891049718 28.36306376779 41.93685784867 54.44191470673 116.54008060833 127.23127933824 139.16187656018 149.7075504451 163.32105656876 231.12813968933 244.01566927694 256.04235440283 270.91599639645 283.02144589625 346.08816151414 359.55213420233 373.22183673992 384.32572580548 395.84885228216 461.70079123555 471.98273372348 485.56602058327 496.03543318086 510.42150550848 576.61592891603 590.32167430315 603.5225280053 616.72445087508 628.30814081524 691.01844714419 701.16908103041 711.7104694636 723.84942663996 738.43706630449","6468501.1 6468502.1 6468503.1 6468504.1 6468505.1 6474501.1 6474502.1 6474503 6474504 6474505 6480501.1 6480502.1 6480503.1 6480504.1 6480505.1 6486501.1 6486502.1 6486503.1 6486504.1 6486505.1 6492501.1 6492502.1 6492503.1 6492504.1 6492505.1 6498501.1 6498502.1 6498503.1 6498504.1 6498505.1 6504501.1 6504502.1 6504503.1 6504504.1 6504505.1"
General-154-20260718-16:29:55-5569,vector,Florasat_Individual_Sats.terminal[43].dlk.mac,vector_preds_BiLSTM,,,"1.2512735317 11.85016148537 23.33576402091 37.2771324676 50.58714961563 116.1320104117 128.41431955271 142.25167992687 154.29126860853 164.32058595051 231.57840518095 244.29307846632 258.08061932377 271.06525480212 284.915971193 346.95253730216 361.51436740463 375.20084804437 385.34292302375 400.00578268595 461.9813580974 475.52717207931 488.15632017679 498.72979344335 509.27583581536 576.83197893458 589.81141744554 600.96875033015 613.78381410287 626.9014680935 691.02050395939 702.30305376952 712.85352793895 726.97526814556 741.82037902554","6472301.1 6472302.1 6472303.1 6472304.1 6472305.1 6478301.1 6478302.1 6478303 6478304 6478305 6484301 6484302 6484303 6484304 6484305 6490301.1 6490302.1 6490303.1 6490304.1 6490305.1 6496301.1 6496302.1 6496303.1 6496304.1 6496305.1 6502301.1 6502302.1 6502303.1 6502304.1 6502305.1 6508301.1 6508302.1 6508303.1 6508304.1 6508305.1"
General-154-20260718-16:29:55-5569,vector,Florasat_Individual_Sats.terminal[32].dlk.mac,vector_preds_BiLSTM,,,"1.25892131147 13.08276155288 23.11785702733 36.27915044687 49.54294520453 116.58670252422 128.51710117655 139.38170685549 153.33380366326 167.90223881951 231.21935069142 241.48431456345 255.33775625331 265.94226069678 278.12869893666 346.80244165077 358.99860340008 369.74554264057 382.12301886129 395.10959847202 461.75612458191 471.99109748169 484.17542729573 495.02274415036 509.43149553541 576.16958297114 589.36950982688 602.46133195143 616.06480703014 629.58793037944 691.64791164128 703.6945534884 715.88551716669 730.32817257591 743.45693438569","6471201.1 6471202.1 6471203.1 6471204.1 6471205.1 6477201.1 6477202.1 6477203.1 6477204.1 6477205.1 6483201.1 6483202.1 6483203.1 6483204.1 6483205.1 6489201.1 6489202.1 6489203.1 6489204.1 6489205.1 6495201.1 6495202.1 6495203.1 6495204.1 6495205.1 6501201.1 6501202.1 6501203.1 6501204.1 6501205 6507201.1 6507202.1 6507203 6507204 6507205"
General-154-20260718-16:29:55-5569,vector,Florasat_Individual_Sats.terminal[30].dlk.mac,vector_preds_BiLSTM,,,"1.25915067061 13.59765788447 27.56695477315 38.36165993148 53.33052191091 116.50349077559 127.15394279594 141.49397701282 153.32315530186 167.10657112091 231.79359936388 242.4618751416 256.02443896583 268.59785965993 280.51771712024 346.93321365421 361.49215279869 373.64789572219 387.93579335348 402.59206229612 461.13509928249 474.36592447595 488.99960575532 502.85069384519 517.83275769465 576.95710786665 588.10495307949 601.45458498202 612.43401836651 623.57616590732 691.09484051913 705.02448153775 715.53261916828 728.07784477458 739.73935527354","6471001.1 6471002.1 6471003.1 6471004.1 6471005.1 6477001.1 6477002.1 6477003.1 6477004.1 6477005.1 6483001.1 6483002.1 6483003.1 6483004.1 6483005.1 6489001.1 6489002.1 6489003.1 6489004.1 6489005.1 6495001.1 6495002.1 6495003 6495004 6495005 6501001 6501002 6501003 6501004 6501005 6507001.1 6507002 6507003 6507004 6507005"
General-154-20260718-16:29:55-5569,vector,Florasat_Individual_Sats.terminal[40].dlk.mac,vector_preds_BiLSTM,,,"1.26504637953 13.46048825025 26.87564725243 37.30528734578 50.68182689208 116.46789752692 129.18646958936 141.81313916156 152.61136384029 166.02786172344 231.72780554905 242.26208692696 253.62967271055 265.72971574427 277.96097365837 346.83037695335 357.47259075846 368.02941758162 380.2211987283 391.4474549957 461.97855593078 471.98558126367 486.23888347438 496.79960547737 508.94138266239 576.70444977586 587.30732131749 601.65032339049 612.26292798877 626.31749581778 691.29352224455 702.02330057323 716.29652647232 731.22283894616 742.40256918176","6472001.1 6472002.1 6472003.1 6472004.1 6472005.1 6478001.1 6478002.1 6478003.1 6478004.1 6478005.1 6484001.1 6484002.1 6484003.1 6484004.1 6484005.1 6490001.1 6490002.1 6490003.1 6490004.1 6490005.1 6496001.1 6496002.1 6496003.1 6496004.1 6496005.1 6502001.1 6502002.1 6502003.1 6502004.1 6502005.1 6508001.1 6508002.1 6508003.1 6508004.1 6508005.1"
General-154-20260718-16:29:55-5569,vector,Florasat_Individual_Sats.terminal[27].dlk.mac,vector_preds_BiLSTM,,,"1.32387845847 13.67010310595 24.06503507588 35.75488731102 48.72899660095 116.73549781903 130.38779440453 143.95095225075 157.59653149988 169.26191371866 231.75259842491 243.16978669446 257.83524335781 267.88669244456 280.21764348214 346.9800929043 357.93596282997 369.81053943327 383.156718079 394.89451157674 461.44347551977 472.52795243403 485.56065564393 498.20679161581 511.01080150576 576.88593362947 589.44976132386 603.41628765943 615.17248289682 625.24626781022 691.78893981385 702.58609257522 712.93028443586 727.57556951139 738.37123427307","6470701.1 6470702.1 6470703.1 6470704.1 6470705.1 6476701.1 6476702.1 6476703.1 6476704.1 6476705.1 6482701.1 6482702.1 6482703.1 6482704.1 6482705 6488701.1 6488702.1 6488703.1 6488704 6488705 6494701.1 6494702 6494703 6494704 6494705 6500701 6500702 6500703 6500704 6500705 6506701 6506702 6506703 6506704 6506705"
General-154-20260718-16:29:55-5569,vector,Florasat_Individual_Sats.terminal[22].dlk.mac,vector_preds_BiLSTM,,,"1.335201371 13.15282125888 27.38571854588 41.90605106345 56.58216851228 116.93611153471 129.27649415866 139.87448776909 154.83468191535 167.17265518917 231.35229284898 243.66454162541 256.71508319233 270.02621643035 282.17533289594 346.38990865508 357.9185406405 371.20985971833 386.11536945402 397.76736694807 461.27138169343 475.69261565549 488.23743799213 503.21728763264 514.30496140709 576.57804936031 588.95654619765 600.51267801994 611.85017339746 623.12095780136 691.86099559232 704.9430831736 716.82322289492 731.7191849607 744.5569050305","6470201.1 6470202.1 6470203.1 6470204.1 6470205.1 6476201.1 6476202.1 6476203 6476204.1 6476205.1 6482201.1 6482202.1 6482203.1 6482204.1 6482205.1 6488201.1 6488202.1 6488203.1 6488204.1 6488205.1 6494201.1 6494202.1 6494203.1 6494204.1 6494205.1 6500201 6500202 6500203 6500204.1 6500205.1 6506201 6506202 6506203 6506204 6506205"
General-154-20260718-16:29:55-5569,vector,Florasat_Individual_Sats.terminal[4].dlk.mac,vector_preds_BiLSTM,,,"1.33853816194 13.2825680857 24.93011325364 38.78785191801 51.2492015818 116.67803316773 126.93965342408 141.38397765742 154.09561171243 167.12419323903 231.62970704515 245.29978635977 258.66992709017 269.96185850026 282.60592471016 346.51344117126 360.54428828531 373.25847491622 383.77824696596 398.41963832965 461.96176084992 474.80120682925 486.81877520004 499.46277144084 509.68631085775 576.14315576805 588.42719455436 602.10944365198 613.95775920665 627.84635483124 691.36699036858 704.22386238514 714.64104767818 726.78802220779 740.12718480359","6468401.1 6468402.1 6468403.1 6468404.1 6468405.1 6474401.1 6474402.1 6474403 6474404 6474405 6480401 6480402 6480403 6480404 6480405 6486401.1 6486402.1 6486403.1 6486404.1 6486405.1 6492401.1 6492402.1 6492403.1 6492404.1 6492405.1 6498401.1 6498402.1 6498403.1 6498404.1 6498405.1 6504401.1 6504402.1 6504403.1 6504404.1 6504405.1"
General-154-20260718-16:29:55-5569,vector,Florasat_Individual_Sats.terminal[20].dlk.mac,vector_preds_BiLSTM,,,"1.35798397916 13.56523486762 27.41944885556 39.723397705 54.28657672577 116.84475619136 128.41983017418 140.92726037162 152.66259893332 167.47526478976 231.18634728063 243.33509365725 256.37966234167 271.09071853966 281.59576863213 346.59859053767 359.59301179601 373.77059299592 385.16501486395 397.88207629673 461.39517070889 472.5041141843 483.60717160674 497.93561103917 508.68078618823 576.45292077959 587.29668273521 602.08561742492 616.13778905175 628.311325914 691.9253391556 703.7890420754 716.93103578571 730.67335472606 745.06073841407","6470001.1 6470002.1 6470003.1 6470004.1 6470005.1 6476001.1 6476002.1 6476003.1 6476004.1 6476005.1 6482001.1 6482002.1 6482003.1 6482004.1 6482005.1 6488001.1 6488002.1 6488003.1 6488004.1 6488005.1 6494001 6494002 6494003 6494004 6494005 6500001 6500002 6500003 6500004 6500005 6506001 6506002 6506003 6506004 6506005"
General-154-20260718-16:29:55-5569,vector,Florasat_Individual_Sats.terminal[54].dlk.mac,vector_preds_BiLSTM,,,"1.37778459489 15.91963533102 28.14139470946 40.56839499994 54.6941741791 116.12979089003 126.28998686653 137.73346700101 149.33027941362 163.880372989 231.4334106131 244.86485276837 254.89317115746 268.87584951823 282.34490081319 346.66736504738 357.5848840198 369.17145166639 383.66188638238 397.85308497585 461.93888580753 471.95726536308 483.91590459832 495.90087481286 506.45534719434 576.69555856078 591.01751572732 601.73776359228 615.61545865657 630.3723796939 691.23693765095 703.68270151853 716.06809558999 729.50544475066 739.71401370666","6473401.1 6473402.1 6473403.1 6473404.1 6473405.1 6479401.1 6479402.1 6479403 6479404 6479405 6485401 6485402 6485403 6485404 6485405 6491401 6491402 6491403 6491404 6491405 6497401 6497402 6497403 6497404 6497405 6503401 6503402 6503403 6503404 6503405 6509401 6509402 6509403 6509404 6509405"
General-154-20260718-16:29:55-5569,vector,Florasat_Individual_Sats.terminal[8].dlk.mac,vector_preds_BiLSTM,,,"1.39630160364 16.05475778179 26.1513997307 36.75588314607 47.96757968561 116.83068982395 129.64174161618 141.76262262114 155.39597312407 169.53593914466 231.62034949707 245.14455548441 255.55664894823 270.15386854601 284.0748636059 346.69636466657 359.41162943491 373.16131532192 383.44855995616 396.81340098847 461.26405001734 473.32446898333 484.83855556347 495.80847157281 508.35720848058 576.86937801447 589.87833627523 602.90777901094 617.79814478731 628.38550960086 691.92993122293 704.35653797957 714.8210899511 727.9637451484 740.18764721487","6468801.1 6468802.1 6468803.1 6468804.1 6468805.1 6474801.1 6474802.1 6474803 6474804 6474805 6480801.1 6480802 6480803 6480804 6480805 6486801.1 6486802.1 6486803.1 6486804.1 6486805.1 6492801.1 6492802.1 6492803.1 6492804.1 6492805.1 6498801.1 6498802.1 6498803.1 6498804.1 6498805.1 6504801.1 6504802.1 6504803.1 6504804.1 6504805.1"
General-154-20260718-16:29:55-5569,vector,Florasat_Individual_Sats.terminal[52].dlk.mac,vector_preds_BiLSTM,,,"1.40326587204 11.62818404799 25.54683492123 40.18735216069 54.14248917904 116.33751671668 126.5727868271 141.48798852483 151.52477682474 165.94002730352 231.76629692712 242.46900276677 256.15050712182 266.95614576271 278.16965015653 346.52778967726 356.69776559086 366.90229970939 381.14405133389 392.42012795853 461.40297000553 474.87671598932 487.49787540548 500.68969538575 513.05933598452 576.37236152496 590.72841510596 602.35625785496 613.11656849529 627.13841710077 691.87817443162 702.21893014735 715.08340966305 727.30419850442 738.27654773136","6473201.1 6473202.1 6473203.1 6473204.1 6473205.1 6479201.1 6479202.1 6479203 6479204 6479205 6485201 6485202 6485203 6485204.1 6485205.1 6491201.1 6491202.1 6491203.1 6491204.1 6491205.1 6497201.1 6497202.1 6497203.1 6497204.1 6497205.1 6503201.1 6503202.1 6503203.1 6503204.1 6503205.1 6509201.1 6509202.1 6509203.1 6509204.1 6509205.1"
General-154-20260718-16:29:55-5569,vector,Florasat_Individual_Sats.terminal[57].dlk.mac,vector_preds_BiLSTM,,,"1.42272201204 14.26194879646 28.52222089842 41.1847574492 55.29875379824 116.11000102339 130.98131315061 145.22505754349 158.33514031815 171.97538952204 231.38238324551 245.6806916045 256.2918942573 267.90526443394 280.56378555717 346.19344557403 360.70672773873 374.36229886488 387.95104090824 399.66713831878 461.55181609886 474.35933626001 485.98088128469 499.24657347472 512.46654888941 576.69443903654 591.19035216211 604.82446451019 616.97008880134 630.88074085698 691.71093061497 704.40053315647 717.49782801769 730.26463809586 741.63364265626","6473701.1 6473702.1 6473703.1 6473704.1 6473705.1 6479701.1 6479702.1 6479703.1 6479704.1 6479705.1 6485701.1 6485702.1 6485703.1 6485704.1 6485705.1 6491701.1 6491702.1 6491703.1 6491704.1 6491705 6497701.1 6497702.1 6497703 6497704 6497705 6503701 6503702 6503703 6503704 6503705 6509701 6509702 6509703 6509704 6509705"
General-154-20260718-16:29:55-5569,vector,Florasat_Individual_Sats.terminal[34].dlk.mac,vector_preds_BiLSTM,,,"1.42495864909 11.71263230638 24.5020053049 39.3635101898 50.00269431061 116.49064198975 131.29413564364 142.83712668252 157.57283904497 168.77630555444 231.40636835503 245.25191906979 260.02258890913 274.5027936811 286.48098758561 346.6008949005 359.54593726829 373.07087798183 387.96152406534 399.2681249224 461.07896551164 471.57274892461 485.13098828635 496.28250406613 507.42535809661 576.05625995598 590.96198599949 601.27633230575 613.83046771447 625.97961459938 691.07541643083 703.13475073548 717.9980858264 732.35066741588 744.41388349398","6471401.1 6471402.1 6471403.1 6471404.1 6471405.1 6477401.1 6477402.1 6477403.1 6477404.1 6477405 6483401.1 6483402.1 6483403.1 6483404.1 6483405.1 6489401.1 6489402.1 6489403.1 6489404.1 6489405.1 6495401.1 6495402.1 6495403.1 6495404.1 6495405.1 6501401 6501402 6501403 6501404.1 6501405.1 6507401.1 6507402.1 6507403.1 6507404.1 6507405.1"
General-154-20260718-16:29:55-5569,vector,Florasat_Individual_Sats.terminal[37].dlk.mac,vector_preds_BiLSTM,,,"1.42507976294 13.10373130395 23.75740186219 34.68766230648 46.36288307631 116.33365874109 130.64231129876 143.54005383491 154.11766479537 165.4042383323 231.32101212628 244.31357869529 258.26816663728 270.91416409588 283.98407745524 346.44161898596 360.94376037083 375.32765155145 387.00700492201 399.41822495496 461.00867150188 471.9836092689 483.59094400726 495.78214082121 506.21670034899 576.72054172447 590.25382721052 604.23774992419 615.16154562426 627.42418498919 691.51974342694 702.34866457107 716.59902153351 728.7609638162 742.1381431229","6471701.1 6471702.1 6471703.1 6471704.1 6471705.1 6477701.1 6477702.1 6477703 6477704 6477705 6483701.1 6483702 6483703 6483704 6483705 6489701.1 6489702.1 6489703.1 6489704.1 6489705.1 6495701.1 6495702.1 6495703.1 6495704.1 6495705.1 6501701.1 6501702.1 6501703.1 6501704.1 6501705.1 6507701.1 6507702.1 6507703.1 6507704.1 6507705.1"
General-154-20260718-16:29:55-5569,vector,Florasat_Individual_Sats.terminal[1].dlk.mac,vector_preds_BiLSTM,,,"1.46427650726 14.34974740748 28.34581834054 42.63370103458 57.36507112416 116.80812844122 127.36675412208 140.60604497255 153.42209197977 163.88888078789 231.45601415238 245.32146967644 259.31807768228 272.31894372659 285.89519757125 346.28093817714 358.34996551718 371.25774144638 385.57684504172 399.05361189834 461.17713824357 472.87419116334 487.44219026505 501.98423803993 514.13837165082 576.50182544254 586.77173378179 601.73047866207 614.40506157931 626.06523664552 691.13152497448 705.92117349734 720.16845630599 732.23619267112 742.96406288748","6468101.1 6468102.1 6468103.1 6468104.1 6468105.1 6474101.1 6474102.1 6474103.1 6474104.1 6474105 6480101.1 6480102.1 6480103.1 6480104.1 6480105.1 6486101.1 6486102.1 6486103.1 6486104.1 6486105.1 6492101.1 6492102.1 6492103.1 6492104.1 6492105.1 6498101.1 6498102.1 6498103.1 6498104.1 6498105.1 6504101.1 6504102.1 6504103.1 6504104.1 6504105"
General-154-20260718-16:29:55-5569,vector,Florasat_Individual_Sats.terminal[59].dlk.mac,vector_preds_BiLSTM,,,"1.46480583842 15.35780780157 27.65869960445 42.07577956747 52.84448153362 116.70499974419 128.94642066932 139.7715598417 151.75543735177 164.42758710846 231.35840072017 243.93567819102 254.35245911777 267.80749003589 278.5113292241 346.49895369587 356.87277655396 368.07554398244 382.22090313839 397.1127448643 461.85558189661 475.14258840261 486.29833182227 499.73513999977 510.10462118103 576.88432689197 588.09188888897 601.73181861662 614.20906899287 628.54091914859 691.45717730327 704.07827637089 717.3834714077 729.53091958236 744.28360423354","6473901.1 6473902.1 6473903.1 6473904.1 6473905.1 6479901.1 6479902.1 6479903 6479904 6479905 6485901 6485902 6485903 6485904 6485905 6491901 6491902 6491903 6491904 6491905 6497901 6497902 6497903 6497904 6497905 6503901 6503902 6503903 6503904 6503905 6509901 6509902 6509903 6509904 6509905"
General-154-20260718-16:29:55-5569,vector,Florasat_Individual_Sats.terminal[21].dlk.mac,vector_preds_BiLSTM,,,"1.49414987606 12.75019600242 24.05487927212 34.59818972344 47.90480255102 116.17260116292 127.49237319711 138.89827596397 149.92474804656 163.6738205133 231.92677563662 245.07874294906 257.90863481606 268.05119082238 281.82852171151 346.40870177862 360.58498902921 371.33478698995 382.88148919562 393.38396353041 461.00939727388 471.02979761199 481.95456694579 495.91484197998 509.02283493197 576.00301408186 589.12545746286 601.45268153609 615.63710233872 628.05758774607 691.81726936391 704.44741742127 715.17787219165 729.48032587557 739.8281787408","6470101.1 6470102.1 6470103.1 6470104.1 6470105.1 6476101.1 6476102.1 6476103.1 6476104.1 6476105.1 6482101.1 6482102.1 6482103.1 6482104.1 6482105.1 6488101.1 6488102.1 6488103.1 6488104.1 6488105.1 6494101.1 6494102.1 6494103.1 6494104.1 6494105.1 6500101 6500102 6500103 6500104.1 6500105.1 6506101 6506102 6506103 6506104 6506105"
General-154-20260718-16:29:55-5569,vector,Florasat_Individual_Sats.terminal[48].dlk.mac,vector_preds_BiLSTM,,,"1.49931584159 13.7447480557 23.7719982923 36.6447713275 48.45966177201 116.28242699336 127.98124663089 141.88300942559 154.81531358114 169.09617557446 231.88156764861 244.47716590506 258.58257824229 269.04880015203 281.09564148844 346.06257138168 357.28322385903 371.82682037097 385.10492383013 396.57510823779 461.63244722062 473.40156362741 484.3439843005 494.82628325815 508.30782906501 576.76831305795 588.2920904092 601.58401957201 613.35018675495 626.38649691083 691.71126949298 703.31824019248 713.4409943018 727.18113322788 738.52664869324","6472801.1 6472802.1 6472803.1 6472804.1 6472805.1 6478801.1 6478802.1 6478803.1 6478804.1 6478805.1 6484801.1 6484802.1 6484803.1 6484804.1 6484805.1 6490801.1 6490802.1 6490803.1 6490804.1 6490805.1 6496801 6496802 6496803 6496804 6496805 6502801 6502802 6502803 6502804 6502805 6508801 6508802 6508803 6508804 6508805"
General-154-20260718-16:29:55-5569,vector,Florasat_Individual_Sats.terminal[42].dlk.mac,vector_preds_BiLSTM,,,"1.55238206242 15.73163852305 26.55825243308 38.45476099849 52.15524211503 116.70233915513 129.98440272593 142.97914374339 154.78936812909 169.75178011529 231.33183811908 241.58267210704 252.37161908881 266.27529810183 279.51191085507 346.76122346707 357.93728171545 368.44806399359 379.90062743821 389.94438016019 461.56848137663 472.51423318452 484.34106176068 496.04047990335 506.32015633211 576.88102155598 589.15915480955 601.4801800137 613.42648530752 626.38027659408 691.86841151747 706.62747989711 718.13400517054 729.40181711525 742.45112409652","6472201.1 6472202.1 6472203.1 6472204.1 6472205.1 6478201.1 6478202.1 6478203 6478204 6478205 6484201.1 6484202 6484203 6484204 6484205 6490201.1 6490202.1 6490203.1 6490204.1 6490205.1 6496201.1 6496202.1 6496203.1 6496204.1 6496205.1 6502201.1 6502202.1 6502203.1 6502204.1 6502205.1 6508201.1 6508202.1 6508203.1 6508204.1 6508205.1"
General-154-20260718-16:29:55-5569,vector,Florasat_Individual_Sats.terminal[55].dlk.mac,vector_preds_BiLSTM,,,"1.55821359041 11.81879659556 22.66005161591 34.43043684494 48.78681131895 116.88520758855 127.56331106508 138.19322357979 151.26027299418 162.78300413141 231.76521115284 243.2726209755 254.97425715951 267.17449273378 280.02087906165 346.80856835982 360.61282454827 375.13334263303 387.9919473671 402.15970039322 461.6980400132 473.44789972389 484.04490656895 497.2486048434 510.46044415422 576.98809029255 588.18582094228 599.56868123915 612.90473574842 623.35933297826 691.92972883093 706.20130575006 721.19632086926 731.32274308451 742.99604490492","6473501.1 6473502.1 6473503.1 6473504.1 6473505.1 6479501.1 6479502.1 6479503 6479504 6479505 6485501 6485502 6485503 6485504 6485505 6491501 6491502 6491503 6491504 6491505 6497501 6497502 6497503 6497504 6497505.1 6503501.1 6503502.1 6503503.1 6503504.1 6503505.1 6509501.1 6509502.1 6509503.1 6509504.1 6509505.1"
General-154-20260718-16:29:55-5569,vector,Florasat_Individual_Sats.terminal[16].dlk.mac,vector_preds_BiLSTM,,,"1.5594487146 14.80743619357 28.82523794751 39.11124324751 51.40493165794 116.14061120525 128.93267504964 140.73560082912 151.68458939739 163.29449396673 231.81826167484 245.00590198301 256.04980568844 269.71580963791 284.42116609169 346.99670016533 361.99034202262 374.41462044139 385.01699257526 397.11029827362 461.25091820187 474.19335861853 487.79214716563 502.59944670997 513.51515170932 576.35909190658 590.99135528226 601.40211782209 612.24159207452 622.53772433289 691.59651111322 703.55019675078 716.63964008073 729.74219635454 740.22590159414","6469601.1 6469602.1 6469603.1 6469604.1 6469605.1 6475601.1 6475602.1 6475603 6475604 6475605 6481601.1 6481602.1 6481603.1 6481604.1 6481605.1 6487601.1 6487602.1 6487603.1 6487604.1 6487605.1 6493601.1 6493602.1 6493603.1 6493604.1 6493605.1 6499601.1 6499602.1 6499603.1 6499604.1 6499605.1 6505601.1 6505602.1 6505603.1 6505604.1 6505605.1"
General-154-20260718-16:29:55-5569,vector,Florasat_Individual_Sats.terminal[13].dlk.mac,vector_preds_BiLSTM,,,"1.56156919221 12.10595652368 26.11549482355 37.71719931183 48.52008083859 116.62599370559 130.39489529073 141.69757876639 152.75601986657 167.50494462416 231.89024452772 243.35416590516 257.91899408866 268.04439337878 282.25324892509 346.74337165896 359.59958841209 370.36823813803 382.70221890881 394.10208101617 461.63704436319 473.51052146801 484.38900161581 494.87648514612 506.24903999782 576.03891245998 586.8376951546 597.95893892972 608.12131597288 622.81739699049 691.68085048557 705.95452445908 720.77234168769 734.09729210775 747.60883863316","6469301.1 6469302.1 6469303.1 6469304.1 6469305.1 6475301.1 6475302.1 6475303 6475304 6475305 6481301 6481302 6481303 6481304 6481305 6487301 6487302 6487303.1 6487304.1 6487305.1 6493301.1 6493302.1 6493303.1 6493304.1 6493305.1 6499301.1 6499302.1 6499303.1 6499304.1 6499305.1 6505301.1 6505302.1 6505303.1 6505304.1 6505305.1"
General-154-20260718-16:29:55-5569,vector,Florasat_Individual_Sats.terminal[31].dlk.mac,vector_preds_BiLSTM,,,"1.58221069863 14.88968030806 26.62559696962 41.31946616713 55.99855263974 116.63988376153 130.27650307282 141.12758842064 155.68032314419 168.36150111864 231.05355680152 242.30814936501 255.20250001154 266.11805231823 280.22215403663 346.68189768819 361.05122395116 373.71676358068 388.46638155309 400.58564550499 461.00480957911 471.14722184511 482.0433942941 493.34426358715 506.05598136573 576.12815168756 587.1353728692 597.19622299028 611.39414620189 623.36898666992 691.27791484585 702.71857238258 712.90352399694 724.98733753455 736.06670377194","6471101.1 6471102.1 6471103.1 6471104.1 6471105.1 6477101.1 6477102.1 6477103.1 6477104.1 6477105.1 6483101.1 6483102.1 6483103.1 6483104.1 6483105.1 6489101.1 6489102.1 6489103.1 6489104.1 6489105.1 6495101.1 6495102.1 6495103.1 6495104.1 6495105.1 6501101.1 6501102.1 6501103.1 6501104.1 6501105.1 6507101.1 6507102.1 6507103.1 6507104 6507105"
General-154-20260718-16:29:55-5569,vector,Florasat_Individual_Sats.terminal[2].dlk.mac,vector_preds_BiLSTM,,,"1.60628579417 15.78327061119 28.34809692204 39.17456098227 51.23722176277 116.76475734217 131.33637650055 144.2588402587 158.61070770887 169.60087802261 231.05820866814 244.42602284183 258.6718512692 270.78014051821 285.16523732152 346.09310304397 357.00258475146 369.78555230074 380.19965720712 392.93064198573 461.92123994953 473.92976624914 484.64165016799 496.86991086369 511.5578414211 576.15498179151 586.69993165694 600.01042722422 610.47987646819 620.67713189684 691.47711283132 705.79348121724 717.57611685387 729.43566969783 743.79256008496","6468201.1 6468202.1 6468203.1 6468204.1 6468205.1 6474201.1 6474202.1 6474203.1 6474204.1 6474205.1 6480201.1 6480202.1 6480203.1 6480204.1 6480205.1 6486201.1 6486202.1 6486203.1 6486204.1 6486205.1 6492201.1 6492202.1 6492203.1 6492204.1 6492205.1 6498201.1 6498202.1 6498203.1 6498204.1 6498205.1 6504201.1 6504202.1 6504203.1 6504204 6504205"
General-154-20260718-16:29:55-5569,vector,Florasat_Individual_Sats.terminal[26].dlk.mac,vector_preds_BiLSTM,,,"1.61299566901 11.6912390145 24.1812945616 36.62814714061 50.14234507852 116.10315603856 127.31516933604 141.73938692035 153.15312371426 164.84290068922 231.81765553472 245.38408493088 258.05333268294 270.07828097838 280.84763185401 346.77489123703 357.4851342435 369.28595681954 381.94070529239 395.95617560018 461.12935713981 471.17987434403 485.87137291697 498.62052706559 508.85956784733 576.33110693539 589.0861417097 603.06381732691 613.1467443984 623.57115055085 691.35986169451 703.57492468553 714.59750049748 724.87986332388 735.30030054855","6470601.1 6470602.1 6470603.1 6470604.1 6470605.1 6476601.1 6476602.1 6476603 6476604 6476605 6482601 6482602 6482603 6482604 6482605 6488601 6488602 6488603 6488604 6488605 6494601 6494602 6494603 6494604 6494605 6500601 6500602 6500603 6500604 6500605 6506601 6506602 6506603 6506604 6506605"
General-154-20260718-16:29:55-5569,vector,Florasat_Individual_Sats.terminal[33].dlk.mac,vector_preds_BiLSTM,,,"1.61919803009 13.09243959491 25.24836647557 37.08815694903 49.37456703861 116.04149026191 128.82765418012 142.71287736926 156.8132455051 171.26056568442 231.86935742572 245.79007987585 258.84492473747 272.78956646053 284.5460094111 346.27743214788 357.16001053993 368.50647197874 379.31516206661 392.73582391744 461.94999901531 476.81480647367 488.37765131681 501.48743631039 516.36889814004 576.46965037729 589.86492249929 602.1239316573 616.44336392918 630.58501323384 691.13641042449 704.9277688209 715.63099528966 726.14301138279 741.07744301274","6471301.1 6471302.1 6471303.1 6471304.1 6471305.1 6477301.1 6477302.1 6477303 6477304 6477305 6483301.1 6483302.1 6483303.1 6483304.1 6483305.1 6489301.1 6489302.1 6489303.1 6489304.1 6489305.1 6495301.1 6495302.1 6495303.1 6495304.1 6495305.1 6501301.1 6501302.1 6501303.1 6501304.1 6501305.1 6507301.1 6507302.1 6507303.1 6507304.1 6507305.1"
General-154-20260718-16:29:55-5569,vector,Florasat_Individual_Sats.terminal[41].dlk.mac,vector_preds_BiLSTM,,,"1.61997806327 12.7020229625 26.34531231294 41.05298355384 52.39104344439 116.55214810278 129.26178903901 143.75651498442 156.13288679743 169.27972022561 231.34096739278 242.04863426206 255.43074985897 270.03514539265 284.33386401437 346.77063731942 359.12106077419 370.06447217194 381.34733539889 396.31209303857 461.64704514854 472.08347389661 487.01429056656 497.57745775232 509.84552029125 576.12585759046 586.92131547397 600.28992176545 613.8224827745 625.9543019291 691.60337104439 704.80873390194 715.76170597086 727.58620519401 741.00023792335","6472101.1 6472102.1 6472103.1 6472104.1 6472105.1 6478101.1 6478102.1 6478103.1 6478104 6478105 6484101.1 6484102.1 6484103.1 6484104.1 6484105.1 6490101.1 6490102.1 6490103.1 6490104.1 6490105.1 6496101.1 6496102.1 6496103.1 6496104.1 6496105.1 6502101.1 6502102 6502103.1 6502104.1 6502105.1 6508101.1 6508102.1 6508103.1 6508104.1 6508105.1"
General-154-20260718-16:29:55-5569,vector,Florasat_Individual_Sats.terminal[3].dlk.mac,vector_preds_BiLSTM,,,"1.64217610867 15.80334418942 26.54457046091 41.37854984751 55.05561372171 116.66658186819 129.47688252199 141.05753258802 152.97609422007 165.79190926627 231.95863348013 245.33543069777 259.0356715098 269.07805641228 283.45001346012 346.54910642258 360.30822030921 372.49872357771 385.96703167958 400.17898763134 461.02448976156 472.46361555555 486.37044454832 498.72852180293 509.90573796118 576.20609875908 588.17858795193 598.20970196533 613.02672955813 624.12180981389 691.49871240673 705.55594506162 718.80124920351 732.39349140157 745.02610188047","6468301.1 6468302.1 6468303.1 6468304.1 6468305.1 6474301.1 6474302.1 6474303 6474304 6474305 6480301.1 6480302.1 6480303.1 6480304.1 6480305.1 6486301.1 6486302.1 6486303.1 6486304.1 6486305.1 6492301.1 6492302.1 6492303.1 6492304.1 6492305.1 6498301.1 6498302.1 6498303.1 6498304.1 6498305.1 6504301.1 6504302.1 6504303.1 6504304.1 6504305.1"
General-154-20260718-16:29:55-5569,vector,Florasat_Individual_Sats.terminal[6].dlk.mac,vector_preds_BiLSTM,,,"1.64477565954 14.29348954395 27.84132075775 40.96163999103 53.9537550339 116.62391605601 127.19621591317 139.79951224686 154.48938708217 168.28577025491 231.49596277345 244.39003763907 255.53774294514 266.32987847157 276.35115594558 346.17794587696 358.15919847065 372.33268415043 383.49719408969 395.8601660754 461.83000406879 475.00859781099 486.86009349814 498.681010779 509.29529729579 576.58996826387 587.89245440974 597.9412362515 609.22100037453 624.01844235254 691.06781293056 704.41529576783 717.57872238173 731.70455661137 742.92634263053","6468601.1 6468602.1 6468603.1 6468604.1 6468605.1 6474601.1 6474602.1 6474603 6474604 6474605 6480601 6480602 6480603 6480604 6480605 6486601.1 6486602 6486603 6486604.1 6486605.1 6492601.1 6492602.1 6492603.1 6492604.1 6492605.1 6498601.1 6498602.1 6498603.1 6498604.1 6498605.1 6504601.1 6504602.1 6504603.1 6504604.1 6504605.1"
General-154-20260718-16:29:55-5569,vector,Florasat_Individual_Sats.terminal[25].dlk.mac,vector_preds_BiLSTM,,,"1.64729451505 13.68039024971 26.27797418833 38.25625766395 48.40871675965 116.15858273255 130.04970400501 142.26626079902 155.82142343884 167.87085788697 231.38309437199 241.39199280412 253.384534528 267.46905767125 278.92835620673 346.42492617853 360.46973455837 374.96734329988 388.73797156755 400.40412239288 461.39706900739 473.85951142805 487.94365090248 500.59379110043 513.20053643244 576.76614236692 587.34745818097 601.84223665064 615.07080431585 627.56505767139 691.35768231703 704.10678236047 715.30255188234 727.66901737661 738.46712016966","6470501.1 6470502.1 6470503.1 6470504.1 6470505.1 6476501.1 6476502.1 6476503 6476504 6476505 6482501 6482502 6482503 6482504 6482505 6488501 6488502 6488503 6488504 6488505 6494501 6494502 6494503 6494504 6494505 6500501 6500502 6500503 6500504 6500505 6506501 6506502 6506503 6506504 6506505"
General-154-20260718-16:29:55-5569,vector,Florasat_Individual_Sats.terminal[36].dlk.mac,vector_preds_BiLSTM,,,"1.6515025252 15.89519361383 29.37910139211 39.45624627405 50.31215881113 116.84120244789 127.72530943365 142.34627846256 155.42585456953 166.12702838587 231.80627365224 243.62585966452 257.36090978119 269.73286504252 280.74060177757 346.82446784922 360.00575878425 370.54152118043 382.51555633616 394.54301285675 461.72300194926 475.95122865937 488.15160593903 502.69034911483 513.72791259853 576.27381797461 586.79827504372 599.50226887525 610.66943452624 622.1831629558 691.88539273711 704.7682277686 717.41400210443 732.17701373296 745.33506002883","6471601.1 6471602.1 6471603.1 6471604.1 6471605.1 6477601.1 6477602.1 6477603 6477604 6477605 6483601 6483602 6483603 6483604 6483605 6489601.1 6489602.1 6489603.1 6489604.1 6489605.1 6495601.1 6495602.1 6495603.1 6495604.1 6495605.1 6501601.1 6501602.1 6501603.1 6501604.1 6501605.1 6507601.1 6507602.1 6507603.1 6507604.1 6507605.1"
General-154-20260718-16:29:55-5569,vector,Florasat_Individual_Sats.terminal[50].dlk.mac,vector_preds_BiLSTM,,,"1.66201309673 11.97409907844 25.23467811429 38.45158164528 50.60186359471 116.20552203339 129.55142902397 141.76828397392 151.94821768394 165.99833910424 231.13795809285 242.14803207736 255.39282632131 265.50943126274 278.53013330093 346.69249037909 356.82126760529 370.58421921497 385.07341151638 399.75814274908 461.04278597329 471.88497285056 482.70049988455 496.68031661119 509.18670737114 576.04249681579 586.27907017595 599.94900762103 614.78066924493 625.22294466965 691.79873032426 705.80861075945 720.41689388967 730.73532029685 744.46218104382","6473001.1 6473002.1 6473003.1 6473004.1 6473005.1 6479001.1 6479002.1 6479003.1 6479004.1 6479005.1 6485001.1 6485002.1 6485003.1 6485004.1 6485005.1 6491001.1 6491002.1 6491003.1 6491004.1 6491005.1 6497001.1 6497002.1 6497003.1 6497004.1 6497005.1 6503001 6503002 6503003.1 6503004.1 6503005.1 6509001 6509002 6509003 6509004.1 6509005"
General-154-20260718-16:29:55-5569,vector,Florasat_Individual_Sats.terminal[0].dlk.mac,vector_preds_BiLSTM,,,"1.67038984783 11.70474819094 26.25489544193 40.7819250687 53.64549621311 116.18048641598 126.70744003146 138.54565103189 150.70264313836 165.39344988414 231.42724379944 242.93815520755 256.79967736406 268.19671445805 282.01765137771 346.69177320902 356.86457700445 369.8572117812 380.38431782275 391.53567888191 461.3765398711 474.97912973585 488.91223287397 500.40334391246 514.83002803127 576.49924443103 589.91338442661 600.62567016691 614.42217569914 629.10019803559 691.6829591135 703.26269632508 716.51172226365 729.82063461514 744.42332825926","6468001.1 6468002.1 6468003.1 6468004.1 6468005.1 6474001.1 6474002.1 6474003.1 6474004.1 6474005.1 6480001.1 6480002.1 6480003.1 6480004.1 6480005.1 6486001.1 6486002.1 6486003.1 6486004.1 6486005.1 6492001.1 6492002.1 6492003 6492004 6492005 6498001 6498002 6498003 6498004 6498005 6504001.1 6504002 6504003 6504004 6504005"
General-154-20260718-16:29:55-5569,vector,Florasat_Individual_Sats.terminal[15].dlk.mac,vector_preds_BiLSTM,,,"1.6772314019 12.76169641735 25.75422065309 37.70295075234 50.53214030084 116.29958149395 129.822968886 143.46552536124 156.08335706405 168.94043910433 231.22175369598 245.05701762461 259.76465307944 272.91689109825 286.53706440539 346.65721341246 358.45003737579 369.24083848926 382.69919162593 395.11084516044 461.44699094282 471.9092240457 482.22417783621 493.07328238664 506.72872752114 576.62187350634 589.14615260274 603.25878059212 615.22957468824 629.19392006658 691.74680795916 704.03439622302 717.73502078535 732.63973595737 746.03277318226","6469501.1 6469502.1 6469503.1 6469504.1 6469505.1 6475501.1 6475502.1 6475503.1 6475504.1 6475505 6481501.1 6481502.1 6481503.1 6481504.1 6481505.1 6487501.1 6487502.1 6487503.1 6487504.1 6487505.1 6493501.1 6493502.1 6493503.1 6493504.1 6493505.1 6499501 6499502 6499503 6499504.1 6499505.1 6505501.1 6505502.1 6505503.1 6505504.1 6505505.1"
General-154-20260718-16:29:55-5569,vector,Florasat_Individual_Sats.terminal[53].dlk.mac,vector_preds_BiLSTM,,,"1.68875066028 14.94290189515 27.61818875256 39.18783539953 49.87608789048 116.36736916611 126.53666351107 138.65145266405 152.30533747468 162.49171292758 231.42121263989 245.43225042266 255.643670341 269.81736785243 284.29253331828 346.48028133949 357.6163741427 371.22793288948 383.79008221952 394.42300796322 461.08185122628 473.06248325529 483.32008644497 496.95717999154 509.32749698312 576.67422544234 587.99566586176 598.6724256645 613.39846707206 623.89972113795 691.15844887588 705.8117857764 716.624028116 731.1174629468 745.16107256431","6473301.1 6473302.1 6473303.1 6473304.1 6473305.1 6479301.1 6479302.1 6479303 6479304 6479305 6485301 6485302 6485303 6485304 6485305 6491301 6491302 6491303 6491304.1 6491305.1 6497301.1 6497302.1 6497303.1 6497304.1 6497305.1 6503301.1 6503302.1 6503303.1 6503304.1 6503305.1 6509301.1 6509302.1 6509303.1 6509304.1 6509305.1"
General-154-20260718-16:29:55-5569,vector,Florasat_Individual_Sats.terminal[17].dlk.mac,vector_preds_BiLSTM,,,"1.72841075878 13.54242674844 26.15330810263 39.40133068664 51.13383072498 116.63114239275 127.67373865866 139.92897570413 153.9091516512 165.32587982179 231.31344298949 241.6922674561 255.82497344819 267.51828375739 279.31811177988 346.19657273614 357.60304891016 367.9984193258 382.44232678646 393.54463438946 461.20409632591 471.38664430497 483.34850528651 494.67440968986 509.4177794424 576.47588548111 588.77384354687 602.03298351821 616.78077107156 627.83900568588 691.59531489667 702.01313901763 712.96186167002 723.81973564229 736.03720352706","6469701.1 6469702.1 6469703.1 6469704.1 6469705.1 6475701.1 6475702.1 6475703.1 6475704.1 6475705.1 6481701.1 6481702.1 6481703.1 6481704.1 6481705.1 6487701.1 6487702.1 6487703.1 6487704.1 6487705.1 6493701.1 6493702.1 6493703 6493704 6493705 6499701 6499702 6499703 6499704 6499705 6505701 6505702 6505703 6505704 6505705"
General-154-20260718-16:29:55-5569,vector,Florasat_Individual_Sats.terminal[45].dlk.mac,vector_preds_BiLSTM,,,"1.78969658259 12.58639228111 24.44041859638 38.82030084659 52.30264539644 116.40155790118 131.29655146483 144.9357570496 156.7688511042 169.3837939282 231.98213272099 242.84111807891 254.68284425279 266.30757770338 278.08604039089 346.02058106149 359.99603765482 374.18233762892 384.85441386631 395.14010329779 461.23097685422 475.72799751908 490.4580021943 500.77556888364 512.72127156403 576.89420861774 587.36927052028 598.44875366776 608.93611875246 620.4917897575 691.37672581594 703.22237639921 718.21301264339 731.8372188427 745.99696767516","6472501.1 6472502.1 6472503.1 6472504.1 6472505.1 6478501.1 6478502.1 6478503 6478504 6478505 6484501.1 6484502.1 6484503.1 6484504.1 6484505.1 6490501.1 6490502.1 6490503.1 6490504.1 6490505.1 6496501.1 6496502.1 6496503.1 6496504.1 6496505.1 6502501.1 6502502.1 6502503.1 6502504.1 6502505.1 6508501.1 6508502.1 6508503.1 6508504.1 6508505.1"
General-154-20260718-16:29:55-5569,vector,Florasat_Individual_Sats.terminal[23].dlk.mac,vector_preds_BiLSTM,,,"1.7952942655 16.66492227046 27.66054910887 39.83773952164 50.5339375597 116.07070394629 126.89730187948 139.75551876775 154.15652158507 168.65101926913 231.94321984285 245.68535598088 257.19094855804 267.91997938044 282.03541561239 346.8036155072 361.56204841169 374.99515855754 388.19171586609 399.58019938389 461.05506462255 475.3763332495 487.49385273526 499.01074247644 511.02674970845 576.49805040075 591.41375599638 605.13046507583 617.69600817327 628.89883524248 691.35766159929 703.294825132 713.59030445176 724.81722459732 736.33563823485","6470301.1 6470302.1 6470303.1 6470304.1 6470305.1 6476301.1 6476302.1 6476303 6476304 6476305 6482301 6482302 6482303 6482304 6482305 6488301 6488302 6488303 6488304 6488305 6494301 6494302 6494303 6494304 6494305 6500301 6500302 6500303 6500304 6500305.1 6506301 6506302 6506303 6506304 6506305"
General-154-20260718-16:29:55-5569,vector,Florasat_Individual_Sats.terminal[9].dlk.mac,vector_preds_BiLSTM,,,"1.81705264794 12.06833534595 26.25528124581 41.17577479059 53.54677625653 116.18209979008 130.98130365461 144.23957370547 156.33593482873 170.42600217368 231.17515951698 241.53809193708 255.8648533544 269.82494078064 280.07652155193 346.72083694558 358.51785808755 370.30681625311 381.64098471123 394.89469777396 461.84870870132 475.49284227123 488.19889486465 499.71956381738 509.78664107668 576.25783522869 587.95755371591 601.77961879782 612.10954827279 624.70546092977 691.96352238627 702.13010250102 714.67381336238 726.30183214183 739.81377187512","6468901.1 6468902.1 6468903.1 6468904.1 6468905.1 6474901.1 6474902.1 6474903.1 6474904.1 6474905.1 6480901.1 6480902.1 6480903.1 6480904.1 6480905.1 6486901.1 6486902.1 6486903.1 6486904.1 6486905.1 6492901.1 6492902.1 6492903.1 6492904.1 6492905.1 6498901 6498902 6498903 6498904 6498905.1 6504901 6504902 6504903 6504904 6504905"
General-154-20260718-16:29:55-5569,vector,Florasat_Individual_Sats.terminal[49].dlk.mac,vector_preds_BiLSTM,,,"1.85798471747 13.95590644516 24.878943888 36.02671931684 51.0062417849 116.65959075373 130.90959379147 144.34240676742 159.12999307318 173.33049839875 231.44291169289 242.2331589628 255.9162208722 270.40176757309 285.15672392259 346.07914759452 356.41677677189 369.02861498087 381.88210579008 392.15230906988 461.08505969332 473.73322626972 488.18780404562 500.6122158193 514.39141287747 576.3801449805 589.68317390303 604.39300216152 618.7286607502 629.90372481406 691.33039169642 704.02338534174 715.27705982723 728.2490431522 739.67683161655","6472901.1 6472902.1 6472903.1 6472904.1 6472905.1 6478901.1 6478902.1 6478903.1 6478904.1 6478905.1 6484901.1 6484902.1 6484903.1 6484904.1 6484905.1 6490901.1 6490902.1 6490903 6490904 6490905 6496901 6496902 6496903 6496904 6496905 6502901 6502902 6502903 6502904 6502905 6508901 6508902 6508903 6508904 6508905"
General-154-20260718-16:29:55-5569,vector,Florasat_Individual_Sats.terminal[10].dlk.mac,vector_preds_BiLSTM,,,"1.85918631614 12.74721338064 26.84900149703 40.38132117013 54.38757738098 116.56797784101 126.96721790544 137.26327130407 148.51054817274 162.01502056163 231.15719636646 245.61833804333 260.50225656572 272.18071240791 285.79766156011 346.40722856577 358.64302662154 372.39607625594 385.235077644 399.19238967774 461.11901128641 472.42263119993 482.78281291923 496.48559450032 509.11839566869 576.11759717949 590.63874947862 603.25946301944 615.98888473842 629.55278275908 691.70488477615 706.19773355127 716.34899214656 729.2455428599 739.55939770142","6469001.1 6469002.1 6469003.1 6469004.1 6469005.1 6475001.1 6475002.1 6475003.1 6475004.1 6475005.1 6481001.1 6481002.1 6481003.1 6481004.1 6481005.1 6487001.1 6487002.1 6487003.1 6487004.1 6487005.1 6493001.1 6493002.1 6493003.1 6493004.1 6493005.1 6499001 6499002 6499003 6499004 6499005.1 6505001.1 6505002.1 6505003.1 6505004.1 6505005"
General-154-20260718-16:29:55-5569,vector,Florasat_Individual_Sats.terminal[46].dlk.mac,vector_preds_BiLSTM,,,"1.87198962108 13.74140010588 26.70439508069 37.09155264102 49.22950629868 116.18226740346 128.22485864581 142.58334234077 155.7402109187 167.27607630844 231.7572098535 245.12100994307 255.7081554546 269.10906179994 280.67109665204 346.32311171014 360.72796359169 372.26731322333 383.26070822752 397.91810447443 461.14444882493 472.01943081921 486.13075356 499.31670048275 509.61885733298 576.74230051949 587.55372437556 601.43459315203 614.7289641623 626.94237646671 691.87529837736 704.28119461192 717.27353606397 729.0660481914 741.14006410959","6472601.1 6472602.1 6472603.1 6472604.1 6472605.1 6478601.1 6478602.1 6478603.1 6478604.1 6478605.1 6484601.1 6484602.1 6484603.1 6484604.1 6484605.1 6490601.1 6490602.1 6490603.1 6490604.1 6490605.1 6496601.1 6496602.1 6496603.1 6496604.1 6496605.1 6502601 6502602 6502603 6502604 6502605 6508601 6508602 6508603 6508604 6508605"
General-154-20260718-16:29:55-5569,vector,Florasat_Individual_Sats.terminal[39].dlk.mac,vector_preds_BiLSTM,,,"1.88599150209 12.74101090897 25.45848500962 36.85476147384 51.42954851199 116.93721814291 127.63570558373 142.551784968 156.46709286933 170.69177299481 231.77123040566 242.93214802886 253.41536919726 265.52756095678 277.34388181614 346.0615781385 359.01940572588 371.07481999835 384.09696752019 396.07582606771 461.20725640398 475.97804344096 489.48144003935 500.08555888152 511.74554763083 576.38731569052 588.97285560612 599.68554654974 610.89075601078 623.68520417018 691.77545096632 702.40700343996 716.31459470396 727.07121272478 737.85175858787","6471901.1 6471902.1 6471903.1 6471904.1 6471905.1 6477901.1 6477902.1 6477903.1 6477904.1 6477905.1 6483901.1 6483902.1 6483903.1 6483904.1 6483905.1 6489901.1 6489902.1 6489903.1 6489904.1 6489905.1 6495901.1 6495902.1 6495903.1 6495904.1 6495905.1 6501901 6501902 6501903 6501904 6501905 6507901 6507902 6507903 6507904 6507905"
General-154-20260718-16:29:55-5569,vector,Florasat_Individual_Sats.terminal[58].dlk.mac,vector_preds_BiLSTM,,,"1.89933188795 12.52411514358 25.51102795359 38.57060338324 52.95421691798 116.38437797315 129.19208391103 140.33555551431 151.86865777242 165.48768009058 231.10298816557 243.85571939265 255.65436235023 267.2202531083 279.97807565471 346.79231567984 357.22970813956 371.0444186288 381.35267941026 394.74498015108 461.29604159482 475.48293125327 486.12542484631 497.89878150192 511.21712324419 576.77883967687 591.77666783845 602.05967584322 615.24604884255 626.36266696313 691.91902547772 703.2688022363 716.86310100765 729.43954040343 739.78220094391","6473801.1 6473802.1 6473803.1 6473804.1 6473805.1 6479801.1 6479802.1 6479803 6479804 6479805 6485801 6485802 6485803 6485804 6485805 6491801 6491802 6491803 6491804 6491805 6497801.1 6497802.1 6497803.1 6497804.1 6497805.1 6503801.1 6503802.1 6503803.1 6503804.1 6503805.1 6509801.1 6509802.1 6509803.1 6509804.1 6509805.1"
General-154-20260718-16:29:55-5569,vector,Florasat_Individual_Sats.terminal[24].dlk.mac,vector_preds_BiLSTM,,,"1.91174810543 13.54875863903 26.73947449332 39.61940084725 52.56462726417 116.81715383148 127.75927254651 139.61770082196 152.87973624841 163.24587953697 231.79359927471 245.44415020081 256.56871174741 268.80913029122 279.26653232472 346.34687254159 359.18002715288 373.72381830192 388.48960256623 400.56460027769 461.23700530431 474.8849521291 485.02751617157 497.05090659252 508.51483538445 576.88083378528 591.29335977183 601.93187764193 616.45363944512 630.03991893655 691.73534042691 704.32776154275 718.65758252935 731.65231391345 745.02207990177","6470401.1 6470402.1 6470403.1 6470404.1 6470405.1 6476401.1 6476402.1 6476403 6476404 6476405 6482401.1 6482402.1 6482403.1 6482404.1 6482405.1 6488401.1 6488402.1 6488403.1 6488404.1 6488405.1 6494401.1 6494402.1 6494403.1 6494404.1 6494405.1 6500401.1 6500402.1 6500403.1 6500404.1 6500405.1 6506401.1 6506402.1 6506403.1 6506404.1 6506405.1"
General-154-20260718-16:29:55-5569,vector,Florasat_Individual_Sats.terminal[44].dlk.mac,vector_preds_BiLSTM,,,"1.91780769057 14.33131116 29.20498793502 42.87031718902 54.59634146909 116.67497219285 129.76215905161 143.18418053212 155.09064812446 166.16396115627 231.60386089538 241.92844626447 256.33086657221 268.74496743036 281.27767974347 346.64316790272 356.66644788092 371.51213677811 382.56681623963 397.56010136196 461.21208365774 472.79461329454 485.11529212702 500.01512825606 513.76369590057 576.1971010291 590.28767219628 605.27799813775 617.88627143018 629.37160489033 691.67744079232 706.02052409411 716.61291707516 730.36621331213 744.90897607616","6472401.1 6472402.1 6472403.1 6472404.1 6472405.1 6478401.1 6478402.1 6478403.1 6478404.1 6478405 6484401.1 6484402.1 6484403.1 6484404.1 6484405.1 6490401.1 6490402.1 6490403.1 6490404.1 6490405.1 6496401.1 6496402.1 6496403.1 6496404.1 6496405.1 6502401 6502402 6502403 6502404 6502405 6508401.1 6508402.1 6508403.1 6508404 6508405"
General-154-20260718-16:29:55-5569,vector,Florasat_Individual_Sats.terminal[28].dlk.mac,vector_preds_BiLSTM,,,"1.91878362279 14.90930195385 26.37639034609 38.05413922947 49.65554835578 116.52186675998 127.4476807292 141.77024141139 154.89941503688 169.183415096 231.85043260129 243.54099127254 254.52171088336 267.0181360133 278.48438788112 346.09100386873 357.79744258989 370.71536205733 385.36464639614 400.33623385849 461.1305013462 471.49278756115 484.36586673721 495.21149750916 508.27521562926 576.20413378603 587.18921860936 598.74491484743 612.86617307831 626.7028335752 691.99504378182 705.06507620495 719.20301021589 731.62947989116 743.79470467964","6470801.1 6470802.1 6470803.1 6470804.1 6470805.1 6476801.1 6476802.1 6476803 6476804 6476805 6482801 6482802 6482803 6482804 6482805 6488801 6488802 6488803 6488804 6488805 6494801.1 6494802.1 6494803 6494804 6494805 6500801.1 6500802.1 6500803.1 6500804.1 6500805.1 6506801.1 6506802.1 6506803.1 6506804.1 6506805.1"
General-154-20260718-16:29:55-5569,vector,Florasat_Individual_Sats.terminal[51].dlk.mac,vector_preds_BiLSTM,,,"1.92723976402 14.72359880759 29.34403895005 43.44568668469 56.27901554527 116.10001471033 130.26419746363 140.52563269645 153.21088076359 164.25786063098 231.85435383604 244.41868087882 254.84805359528 268.34602355049 279.84022036567 346.20342008071 359.10055150045 370.19077905221 381.91354780109 393.10518855811 461.222921971 472.28843584797 484.90774955974 496.24623542909 506.81939228113 576.28082282143 590.39513745229 600.69260461256 613.54655989213 627.26506162784 691.63631473761 702.96691145841 714.98950723768 729.71313617984 743.93256684859","6473101.1 6473102.1 6473103.1 6473104.1 6473105.1 6479101.1 6479102.1 6479103 6479104 6479105 6485101 6485102 6485103 6485104 6485105 6491101 6491102 6491103.1 6491104.1 6491105.1 6497101.1 6497102.1 6497103.1 6497104.1 6497105.1 6503101.1 6503102.1 6503103.1 6503104.1 6503105.1 6509101.1 6509102.1 6509103.1 6509104.1 6509105.1"
General-154-20260718-16:29:55-5569,vector,Florasat_Individual_Sats.terminal[12].dlk.mac,vector_preds_BiLSTM,,,"1.93131527235 14.5621339751 27.26279614447 37.92795565515 51.9529920544 116.40148826642 130.73322198936 144.22814702965 155.00302742702 165.34376583529 231.56805707561 242.84479606501 254.69700941071 266.99735745159 281.90687685227 346.01834376529 358.32525082817 370.35029926523 382.9420617253 395.98721396131 461.9907804688 475.3651708765 488.77925435594 500.26317516622 514.60432460346 576.60767492955 590.64559142455 603.11858752277 617.91952333064 628.04556384916 691.96330313268 704.66158214421 718.80315225618 732.13029868016 746.01966399513","6469201.1 6469202.1 6469203.1 6469204.1 6469205.1 6475201.1 6475202.1 6475203 6475204 6475205 6481201 6481202 6481203 6481204 6481205 6487201.1 6487202.1 6487203.1 6487204.1 6487205.1 6493201.1 6493202.1 6493203.1 6493204.1 6493205.1 6499201.1 6499202.1 6499203.1 6499204.1 6499205.1 6505201.1 6505202.1 6505203.1 6505204.1 6505205.1"
General-154-20260718-16:29:55-5569,vector,Florasat_Individual_Sats.terminal[56].dlk.mac,vector_preds_BiLSTM,,,"1.99777030782 15.38828937151 27.32239723951 38.1371591338 50.7755410187 116.30845292518 127.38018397056 138.51420296287 150.02247934743 160.45607191907 231.09717547242 245.03133901558 257.58772236342 269.78229355812 279.90536527289 346.16156177362 357.68342096242 368.33525476861 379.43718927796 393.45737481839 461.85953930533 475.32624818664 488.82131336769 502.42040055385 516.14002605016 576.6493827824 587.31509165116 599.65649179974 610.23544034897 622.99058116134 691.64055417245 701.74901277129 712.78558403905 723.58276565046 734.56674050725","6473601.1 6473602.1 6473603.1 6473604.1 6473605.1 6479601.1 6479602.1 6479603 6479604 6479605 6485601 6485602 6485603 6485604 6485605 6491601 6491602 6491603 6491604.1 6491605.1 6497601.1 6497602.1 6497603.1 6497604.1 6497605.1 6503601.1 6503602.1 6503603.1 6503604.1 6503605.1 6509601.1 6509602.1 6509603.1 6509604.1 6509605.1"
General-154-20260718-16:29:55-5569,vector,Florasat_Individual_Sats.satellite[0].dlkDSL.mac,VectorTransmitMethod_ReceptionResult,,,"11.55352215952 14.74643444516 16.60993499742 23.26656353398 25.669471888 28.95844489842 34.42661573965 36.19111131102 36.81724731684 37.52777664102 38.2258273275 41.6209814492 49.16522060095 49.66573029868 53.41002086823 54.58955218483 55.73497779824 128.42043348396 129.51631031222 129.98765302397 138.05379930407 138.52615067729 139.33449996397 140.26716277575 140.79635380282 141.04226897255 141.65468138218 143.01956634077 144.38717625075 145.13293476742 145.66128154349 149.30107617274 150.36097204656 152.05337292323 152.28369913836 153.72675133044 154.34229762157 158.03275549988 158.77136431815 159.92052107318 162.80554856163 163.82083372901 164.1100445133 165.49343167263 166.01921231699 166.43456310424 169.69813771866 170.39140602261 170.67723157446 172.41161352204 174.12102639875 243.49764639203 244.45189327694 254.99642519726 255.11906825279 255.82905032131 259.4623792692 259.75430168228 261.60364490913 265.94565526274 268.3973286121 269.00826044651 269.51428041228 270.50633763791 271.35222039645 271.57066851821 272.75516772659 274.37062246053 276.0838496811 278.92493781614 278.96635730093 279.70275632472 280.79523294995 285.21169409169 285.91492001437 286.33142157125 288.06204358561 360.74444430921 361.33481628531 362.78087002262 369.23859199359 373.65806073992 374.04900291622 374.16004230192 374.61856162892 375.20514844139 380.69115543821 380.89621806661 385.50963551638 388.92582656623 390.73490816019 392.2379829957 393.72116998573 393.82018753041 394.79033417314 394.85923196322 395.57632729779 396.12406885675 397.90082627362 399.21016632965 399.48983589834 399.98291767774 400.61521163134 403.26892965929 404.17311829612 463.30405794926 473.30476118452 475.79912581099 475.8013948765 486.00224458327 487.65062149814 489.21547835594 490.53909635022 490.8942261943 495.81327215036 496.83100790335 497.48713059252 499.471538779 500.25329944084 501.21179288364 502.42046203993 503.83834207514 504.27140511483 507.11068433211 508.95105938445 512.3483694211 515.30896859853 577.9140754545 588.08271861755 591.45939227523 591.72958377183 592.56719583845 600.09181951875 604.63830890171 613.82473215697 616.74260162426 618.35574733064 619.37920078731 628.31645262431 630.47614293655 632.16606923384 692.70955347772 704.0593302363 714.36664003905 720.60949768083 722.35339768769 725.16382165046 730.23006840343 737.37874272153 740.57272894391 745.37576067964","6469402 6472902 6469802 6469403 6472903 6473703 6469404 6470704 6472904 6472604 6472804 6473704 6470705 6472605 6469905 6472705 6473705 6475902 6475802 6479002 6475003 6475103 6476103 6475803 6478703 6474103 6475903 6478603 6476703 6478903 6479703 6475004 6476104 6475904 6474004 6475804 6478704 6476704 6479704 6478904 6475005 6475805 6476105 6475905 6478705 6479005 6476705 6474205 6478805 6479705 6478905 6481102 6480502 6483903 6484503 6485003 6480203 6480103 6483403 6485004 6481404 6481804 6480304 6481604 6480504 6480204 6480104 6483304 6483404 6483905 6485005 6482405 6481405 6481605 6484105 6480105 6483405 6486302 6486402 6487602 6490203 6486503 6486403 6488403 6490503 6487603 6490204 6489304 6491004 6488404 6490205 6490005 6486205 6488105 6489505 6491305 6490505 6489605 6487605 6486405 6486105 6487005 6486305 6486705 6489005 6495601 6496202 6492602 6493202 6492503 6492603 6493203 6495503 6496503 6495204 6496204 6494404 6492604 6492404 6496504 6492104 6495504 6495604 6496205 6494405 6492205 6495605 6501801 6501802 6498802 6500402 6503802 6501803 6498703 6501804 6501704 6499204 6498804 6501805 6500405 6501305 6509801 6509802 6509603 6507803 6505303 6509604 6509804 6504705 6509805 6506805"
General-154-20260718-16:29:55-5569,vector,Florasat_Individual_Sats.satellite[0].dlkDSL.mac,Satellite Position when Repetition Received,,,"11.55352215952 14.74643444516 16.60993499742 23.26656353398 25.669471888 28.95844489842 34.42661573965 36.19111131102 36.81724731684 37.52777664102 38.2258273275 41.6209814492 49.16522060095 49.66573029868 53.41002086823 54.58955218483 55.73497779824 128.42043348396 129.51631031222 129.98765302397 138.05379930407 138.52615067729 139.33449996397 140.26716277575 140.79635380282 141.04226897255 141.65468138218 143.01956634077 144.38717625075 145.13293476742 145.66128154349 149.30107617274 150.36097204656 152.05337292323 152.28369913836 153.72675133044 154.34229762157 158.03275549988 158.77136431815 159.92052107318 162.80554856163 163.82083372901 164.1100445133 165.49343167263 166.01921231699 166.43456310424 169.69813771866 170.39140602261 170.67723157446 172.41161352204 174.12102639875 243.49764639203 244.45189327694 254.99642519726 255.11906825279 255.82905032131 259.4623792692 259.75430168228 261.60364490913 265.94565526274 268.3973286121 269.00826044651 269.51428041228 270.50633763791 271.35222039645 271.57066851821 272.75516772659 274.37062246053 276.0838496811 278.92493781614 278.96635730093 279.70275632472 280.79523294995 285.21169409169 285.91492001437 286.33142157125 288.06204358561 360.74444430921 361.33481628531 362.78087002262 369.23859199359 373.65806073992 374.04900291622 374.16004230192 374.61856162892 375.20514844139 380.69115543821 380.89621806661 385.50963551638 388.92582656623 390.73490816019 392.2379829957 393.72116998573 393.82018753041 394.79033417314 394.85923196322 395.57632729779 396.12406885675 397.90082627362 399.21016632965 399.48983589834 399.98291767774 400.61521163134 403.26892965929 404.17311829612 463.30405794926 473.30476118452 475.79912581099 475.8013948765 486.00224458327 487.65062149814 489.21547835594 490.53909635022 490.8942261943 495.81327215036 496.83100790335 497.48713059252 499.471538779 500.25329944084 501.21179288364 502.42046203993 503.83834207514 504.27140511483 507.11068433211 508.95105938445 512.3483694211 515.30896859853 577.9140754545 588.08271861755 591.45939227523 591.72958377183 592.56719583845 600.09181951875 604.63830890171 613.82473215697 616.74260162426 618.35574733064 619.37920078731 628.31645262431 630.47614293655 632.16606923384 692.70955347772 704.0593302363 714.36664003905 720.60949768083 722.35339768769 725.16382165046 730.23006840343 737.37874272153 740.57272894391 745.37576067964","180 180 180 180 180 180 180 180 180 180 180 180 180 180 180 180 180 180 180 180 180 180 180 180 180 180 180 180 180 180 180 180 180 180 180 180 180 180 180 180 180 180 180 180 180 180 180 180 180 180 180 180 180 180 180 180 180 180 180 180 180 180 180 180 180 180 180 180 180 180 180 180 180 180 180 180 180 180 180 180 180 180 180 180 180 180 180 180 180 180 180 180 180 180 180 180 180 180 180 180 180 180 180 180 180 180 180 180 180 180 180 180 180 180 180 180 180 180 180 180 180 180 180 180 180 180 180 180 180 180 180 180 180 180 180 180 180 180 180 180 180 180 180 180 180 180 180 180 180 180 180"
General-154-20260718-16:29:55-5569,vector,Florasat_Individual_Sats.satellite[0].dlkDSL.mac,Repetition Position for Node 298 at Satellite,,,"11.55352215952 23.26656353398 34.42661573965 268.3973286121 280.79523294995","180 180 180 180 180"
General-154-20260718-16:29:55-5569,vector,Florasat_Individual_Sats.satellite[0].dlkDSL.mac,All Nodes Repetition Generation Delay at Satellite,,,"11.55352215952 14.74643444516 16.60993499742 23.26656353398 25.669471888 28.95844489842 34.42661573965 36.19111131102 36.81724731684 37.52777664102 38.2258273275 41.6209814492 49.16522060095 49.66573029868 53.41002086823 54.58955218483 55.73497779824 128.42043348396 129.51631031222 129.98765302397 138.05379930407 138.52615067729 139.33449996397 140.26716277575 140.79635380282 141.04226897255 141.65468138218 143.01956634077 144.38717625075 145.13293476742 145.66128154349 149.30107617274 150.36097204656 152.05337292323 152.28369913836 153.72675133044 154.34229762157 158.03275549988 158.77136431815 159.92052107318 162.80554856163 163.82083372901 164.1100445133 165.49343167263 166.01921231699 166.43456310424 169.69813771866 170.39140602261 170.67723157446 172.41161352204 174.12102639875 243.49764639203 244.45189327694 254.99642519726 255.11906825279 255.82905032131 259.4623792692 259.75430168228 261.60364490913 265.94565526274 268.3973286121 269.00826044651 269.51428041228 270.50633763791 271.35222039645 271.57066851821 272.75516772659 274.37062246053 276.0838496811 278.92493781614 278.96635730093 279.70275632472 280.79523294995 285.21169409169 285.91492001437 286.33142157125 288.06204358561 360.74444430921 361.33481628531 362.78087002262 369.23859199359 373.65806073992 374.04900291622 374.16004230192 374.61856162892 375.20514844139 380.69115543821 380.89621806661 385.50963551638 388.92582656623 390.73490816019 392.2379829957 393.72116998573 393.82018753041 394.79033417314 394.85923196322 395.57632729779 396.12406885675 397.90082627362 399.21016632965 399.48983589834 399.98291767774 400.61521163134 403.26892965929 404.17311829612 463.30405794926 473.30476118452 475.79912581099 475.8013948765 486.00224458327 487.65062149814 489.21547835594 490.53909635022 490.8942261943 495.81327215036 496.83100790335 497.48713059252 499.471538779 500.25329944084 501.21179288364 502.42046203993 503.83834207514 504.27140511483 507.11068433211 508.95105938445 512.3483694211 515.30896859853 577.9140754545 588.08271861755 591.45939227523 591.72958377183 592.56719583845 600.09181951875 604.63830890171 613.82473215697 616.74260162426 618.35574733064 619.37920078731 628.31645262431 630.47614293655 632.16606923384 692.70955347772 704.0593302363 714.36664003905 720.60949768083 722.35339768769 725.16382165046 730.23006840343 737.37874272153 740.57272894391 745.37576067964","10.55352215952 13.74643444516 15.60993499742 22.26656353398 24.669471888 27.95844489842 33.42661573965 35.19111131102 35.81724731684 36.52777664102 37.2258273275 40.6209814492 48.16522060095 48.66573029868 52.41002086823 53.58955218483 54.73497779824 12.42043348396 13.51631031222 13.98765302397 22.05379930407 22.52615067729 23.33449996397 24.26716277575 24.79635380282 25.04226897255 25.65468138218 27.01956634077 28.38717625075 29.13293476742 29.66128154349 33.30107617274 34.36097204656 36.05337292323 36.28369913836 37.72675133044 38.34229762157 42.03275549988 42.77136431815 43.92052107318 46.80554856163 47.82083372901 48.1100445133 49.49343167263 50.01921231699 50.43456310424 53.69813771866 54.39140602261 54.67723157446 56.41161352204 58.12102639875 12.49764639203 13.45189327694 23.99642519726 24.11906825279 24.82905032131 28.4623792692 28.75430168228 30.60364490913 34.94565526274 37.3973286121 38.00826044651 38.51428041228 39.50633763791 40.35222039645 40.57066851821 41.75516772659 43.37062246053 45.0838496811 47.92493781614 47.96635730093 48.70275632472 49.79523294995 54.21169409169 54.91492001437 55.33142157125 57.06204358561 14.74444430921 15.33481628531 16.78087002262 23.23859199359 27.65806073992 28.04900291622 28.16004230192 28.61856162892 29.20514844139 34.69115543821 34.89621806661 39.50963551638 42.92582656623 44.73490816019 46.2379829957 47.72116998573 47.82018753041 48.79033417314 48.85923196322 49.57632729779 50.12406885675 51.90082627362 53.21016632965 53.48983589834 53.98291767774 54.61521163134 57.26892965929 58.17311829612 2.30405794926 12.30476118452 14.79912581099 14.8013948765 25.00224458327 26.65062149814 28.21547835594 29.53909635022 29.8942261943 34.81327215036 35.83100790335 36.48713059252 38.471538779 39.25329944084 40.21179288364 41.42046203993 42.83834207514 43.27140511483 46.11068433211 47.95105938445 51.3483694211 54.30896859853 1.9140754545 12.08271861755 15.45939227523 15.72958377183 16.56719583845 24.09181951875 28.63830890171 37.82473215697 40.74260162426 42.35574733064 43.37920078731 52.31645262431 54.47614293655 56.16606923384 1.70955347772 13.0593302363 23.36664003905 29.60949768083 31.35339768769 34.16382165046 39.23006840343 46.37874272153 49.57272894391 54.37576067964"
General-154-20260718-16:29:55-5569,vector,Florasat_Individual_Sats.satellite[0].dlkDSL.mac,Repetition Generation Delay for Node 298 at Satellite,,,"11.55352215952 23.26656353398 34.42661573965 268.3973286121 280.79523294995","10.55352215952 22.26656353398 33.42661573965 37.3973286121 49.79523294995"
General-154-20260718-16:29:55-5569,vector,Florasat_Individual_Sats.satellite[0].dlkDSL.mac,Successful Repetition Number counted for MAC protocol,,,"11.55352215952 14.74643444516 16.60993499742 28.95844489842 36.19111131102 37.52777664102 38.2258273275 53.41002086823 54.58955218483 128.42043348396 129.51631031222 129.98765302397 138.05379930407 138.52615067729 139.33449996397 140.79635380282 141.04226897255 143.01956634077 144.38717625075 145.13293476742 145.66128154349 152.28369913836 170.39140602261 170.67723157446 243.49764639203 244.45189327694 254.99642519726 255.11906825279 255.82905032131 259.4623792692 259.75430168228 261.60364490913 268.3973286121 269.00826044651 269.51428041228 270.50633763791 274.37062246053 279.70275632472 285.91492001437 360.74444430921 361.33481628531 362.78087002262 369.23859199359 373.65806073992 374.16004230192 374.61856162892 380.89621806661 385.50963551638 392.2379829957 393.72116998573 393.82018753041 394.79033417314 394.85923196322 396.12406885675 399.48983589834 399.98291767774 403.26892965929 404.17311829612 463.30405794926 473.30476118452 475.79912581099 475.8013948765 486.00224458327 490.53909635022 490.8942261943 495.81327215036 497.48713059252 500.25329944084 502.42046203993 512.3483694211 577.9140754545 591.45939227523 591.72958377183 592.56719583845 604.63830890171 616.74260162426 618.35574733064 632.16606923384 692.70955347772 714.36664003905 720.60949768083 722.35339768769 737.37874272153 745.37576067964","2 2 2 3 4 4 4 5 5 2 2 2 3 3 3 3 3 3 3 3 3 4 5 5 2 2 3 3 3 3 3 3 4 4 4 4 4 5 5 2 2 2 3 3 3 3 4 4 5 5 5 5 5 5 5 5 5 5 1 2 2 2 3 3 3 4 4 4 4 5 1 2 2 2 3 4 4 5 1 3 3 3 5 5"
General-154-20260718-16:29:55-5569,vector,Florasat_Individual_Sats.satellite[0].dlkDSL.mac,Successful Repetition Number counted for the Model,,,"11.55352215952 14.74643444516 16.60993499742 28.95844489842 36.19111131102 37.52777664102 38.2258273275 53.41002086823 54.58955218483 128.42043348396 129.51631031222 129.98765302397 138.05379930407 138.52615067729 139.33449996397 140.79635380282 141.04226897255 143.01956634077 144.38717625075 145.13293476742 145.66128154349 152.28369913836 170.39140602261 170.67723157446 243.49764639203 244.45189327694 254.99642519726 255.11906825279 255.82905032131 259.4623792692 259.75430168228 261.60364490913 268.3973286121 269.00826044651 269.51428041228 270.50633763791 274.37062246053 279.70275632472 285.91492001437 360.74444430921 361.33481628531 362.78087002262 369.23859199359 373.65806073992 374.16004230192 374.61856162892 380.89621806661 385.50963551638 392.2379829957 393.72116998573 393.82018753041 394.79033417314 394.85923196322 396.12406885675 399.48983589834 399.98291767774 403.26892965929 404.17311829612 463.30405794926 473.30476118452 475.79912581099 475.8013948765 486.00224458327 490.53909635022 490.8942261943 495.81327215036 497.48713059252 500.25329944084 502.42046203993 512.3483694211 577.9140754545 591.45939227523 591.72958377183 592.56719583845 604.63830890171 616.74260162426 618.35574733064 632.16606923384 692.70955347772 714.36664003905 720.60949768083 722.35339768769 737.37874272153 745.37576067964","2 2 2 3 4 4 4 5 5 2 2 2 3 3 3 3 3 3 3 3 3 4 5 5 2 2 3 3 3 3 3 3 4 4 4 4 4 5 5 2 2 2 3 3 3 3 4 4 5 5 5 5 2 5 5 5 5 5 1 2 2 2 3 3 3 4 4 4 4 5 1 2 2 2 3 4 4 5 1 3 3 3 5 5"
General-154-20260718-16:29:55-5569,vector,Florasat_Individual_Sats.satellite[0].dlkDSL.mac,All Nodes Message Generation Delay at Satellite,,,"11.55352215952 14.74643444516 16.60993499742 28.95844489842 36.19111131102 37.52777664102 38.2258273275 53.41002086823 54.58955218483 128.42043348396 129.51631031222 129.98765302397 138.05379930407 138.52615067729 139.33449996397 140.79635380282 141.04226897255 143.01956634077 144.38717625075 145.13293476742 145.66128154349 152.28369913836 170.39140602261 170.67723157446 243.49764639203 244.45189327694 254.99642519726 255.11906825279 255.82905032131 259.4623792692 259.75430168228 261.60364490913 268.3973286121 269.00826044651 269.51428041228 270.50633763791 274.37062246053 279.70275632472 285.91492001437 360.74444430921 361.33481628531 362.78087002262 369.23859199359 373.65806073992 374.16004230192 374.61856162892 380.89621806661 385.50963551638 392.2379829957 393.72116998573 393.82018753041 394.79033417314 394.85923196322 396.12406885675 399.48983589834 399.98291767774 403.26892965929 404.17311829612 463.30405794926 473.30476118452 475.79912581099 475.8013948765 486.00224458327 490.53909635022 490.8942261943 495.81327215036 497.48713059252 500.25329944084 502.42046203993 512.3483694211 577.9140754545 591.45939227523 591.72958377183 592.56719583845 604.63830890171 616.74260162426 618.35574733064 632.16606923384 692.70955347772 714.36664003905 720.60949768083 722.35339768769 737.37874272153 745.37576067964","10.55352215952 13.74643444516 15.60993499742 27.95844489842 35.19111131102 36.52777664102 37.2258273275 52.41002086823 53.58955218483 12.42043348396 13.51631031222 13.98765302397 22.05379930407 22.52615067729 23.33449996397 24.79635380282 25.04226897255 27.01956634077 28.38717625075 29.13293476742 29.66128154349 36.28369913836 54.39140602261 54.67723157446 12.49764639203 13.45189327694 23.99642519726 24.11906825279 24.82905032131 28.4623792692 28.75430168228 30.60364490913 37.3973286121 38.00826044651 38.51428041228 39.50633763791 43.37062246053 48.70275632472 54.91492001437 14.74444430921 15.33481628531 16.78087002262 23.23859199359 27.65806073992 28.16004230192 28.61856162892 34.89621806661 39.50963551638 46.2379829957 47.72116998573 47.82018753041 48.79033417314 48.85923196322 50.12406885675 53.48983589834 53.98291767774 57.26892965929 58.17311829612 2.30405794926 12.30476118452 14.79912581099 14.8013948765 25.00224458327 29.53909635022 29.8942261943 34.81327215036 36.48713059252 39.25329944084 41.42046203993 51.3483694211 1.9140754545 15.45939227523 15.72958377183 16.56719583845 28.63830890171 40.74260162426 42.35574733064 56.16606923384 1.70955347772 23.36664003905 29.60949768083 31.35339768769 46.37874272153 54.37576067964"
General-154-20260718-16:29:55-5569,vector,Florasat_Individual_Sats.satellite[0].dlkDSL.mac,Message Generation Delay for Node 298 at Satellite,,,"11.55352215952 268.3973286121","10.55352215952 37.3973286121"
General-154-20260718-16:29:55-5569,vector,Florasat_Individual_Sats.satellite[0].net.packetHandler,packets received,,,"11.55352215952 14.74643444516 16.60993499742 23.26656353398 25.669471888 28.95844489842 34.42661573965 36.19111131102 36.81724731684 37.52777664102 38.2258273275 41.6209814492 49.16522060095 49.66573029868 53.41002086823 54.58955218483 55.73497779824 128.42043348396 129.51631031222 129.98765302397 138.05379930407 138.52615067729 139.33449996397 140.26716277575 140.79635380282 141.04226897255 141.65468138218 143.01956634077 144.38717625075 145.13293476742 145.66128154349 149.30107617274 150.36097204656 152.05337292323 152.28369913836 153.72675133044 154.34229762157 158.03275549988 158.77136431815 159.92052107318 162.80554856163 163.82083372901 164.1100445133 165.49343167263 166.01921231699 166.43456310424 169.69813771866 170.39140602261 170.67723157446 172.41161352204 174.12102639875 243.49764639203 244.45189327694 254.99642519726 255.11906825279 255.82905032131 259.4623792692 259.75430168228 261.60364490913 265.94565526274 268.3973286121 269.00826044651 269.51428041228 270.50633763791 271.35222039645 271.57066851821 272.75516772659 274.37062246053 276.0838496811 278.92493781614 278.96635730093 279.70275632472 280.79523294995 285.21169409169 285.91492001437 286.33142157125 288.06204358561 360.74444430921 361.33481628531 362.78087002262 369.23859199359 373.65806073992 374.04900291622 374.16004230192 374.61856162892 375.20514844139 380.69115543821 380.89621806661 385.50963551638 388.92582656623 390.73490816019 392.2379829957 393.72116998573 393.82018753041 394.79033417314 394.85923196322 395.57632729779 396.12406885675 397.90082627362 399.21016632965 399.48983589834 399.98291767774 400.61521163134 403.26892965929 404.17311829612 463.30405794926 473.30476118452 475.79912581099 475.8013948765 486.00224458327 487.65062149814 489.21547835594 490.53909635022 490.8942261943 495.81327215036 496.83100790335 497.48713059252 499.471538779 500.25329944084 501.21179288364 502.42046203993 503.83834207514 504.27140511483 507.11068433211 508.95105938445 512.3483694211 515.30896859853 577.9140754545 588.08271861755 591.45939227523 591.72958377183 592.56719583845 600.09181951875 604.63830890171 613.82473215697 616.74260162426 618.35574733064 619.37920078731 628.31645262431 630.47614293655 632.16606923384 692.70955347772 704.0593302363 714.36664003905 720.60949768083 722.35339768769 725.16382165046 730.23006840343 737.37874272153 740.57272894391 745.37576067964","1 2 3 4 5 6 7 8 9 10 11 12 13 14 15 16 17 18 19 20 21 22 23 24 25 26 27 28 29 30 31 32 33 34 35 36 37 38 39 40 41 42 43 44 45 46 47 48 49 50 51 52 53 54 55 56 57 58 59 60 61 62 63 64 65 66 67 68 69 70 71 72 73 74 75 76 77 78 79 80 81 82 83 84 85 86 87 88 89 90 91 92 93 94 95 96 97 98 99 100 101 102 103 104 105 106 107 108 109 110 111 112 113 114 115 116 117 118 119 120 121 122 123 124 125 126 127 128 129 130 131 132 133 134 135 136 137 138 139 140 141 142 143 144 145 146 147 148 149 150 151"
General-154-20260718-16:29:55-5569,vector,Florasat_Individual_Sats.satellite[0].net.packetHandler,dropped unroutable,,,"11.55352215952 14.74643444516 16.60993499742 23.26656353398 25.669471888 28.95844489842 34.42661573965 36.19111131102 36.81724731684 37.52777664102 38.2258273275 41.6209814492 49.16522060095 49.66573029868 53.41002086823 54.58955218483 55.73497779824 128.42043348396 129.51631031222 129.98765302397 138.05379930407 138.52615067729 139.33449996397 140.26716277575 140.79635380282 141.04226897255 141.65468138218 143.01956634077 144.38717625075 145.13293476742 145.66128154349 149.30107617274 150.36097204656 152.05337292323 152.28369913836 153.72675133044 154.34229762157 158.03275549988 158.77136431815 159.92052107318 162.80554856163 163.82083372901 164.1100445133 165.49343167263 166.01921231699 166.43456310424 169.69813771866 170.39140602261 170.67723157446 172.41161352204 174.12102639875 243.49764639203 244.45189327694 254.99642519726 255.11906825279 255.82905032131 259.4623792692 259.75430168228 261.60364490913 265.94565526274 268.3973286121 269.00826044651 269.51428041228 270.50633763791 271.35222039645 271.57066851821 272.75516772659 274.37062246053 276.0838496811 278.92493781614 278.96635730093 279.70275632472 280.79523294995 285.21169409169 285.91492001437 286.33142157125 288.06204358561 360.74444430921 361.33481628531 362.78087002262 369.23859199359 373.65806073992 374.04900291622 374.16004230192 374.61856162892 375.20514844139 380.69115543821 380.89621806661 385.50963551638 388.92582656623 390.73490816019 392.2379829957 393.72116998573 393.82018753041 394.79033417314 394.85923196322 395.57632729779 396.12406885675 397.90082627362 399.21016632965 399.48983589834 399.98291767774 400.61521163134 403.26892965929 404.17311829612 463.30405794926 473.30476118452 475.79912581099 475.8013948765 486.00224458327 487.65062149814 489.21547835594 490.53909635022 490.8942261943 495.81327215036 496.83100790335 497.48713059252 499.471538779 500.25329944084 501.21179288364 502.42046203993 503.83834207514 504.27140511483 507.11068433211 508.95105938445 512.3483694211 515.30896859853 577.9140754545 588.08271861755 591.45939227523 591.72958377183 592.56719583845 600.09181951875 604.63830890171 613.82473215697 616.74260162426 618.35574733064 619.37920078731 628.31645262431 630.47614293655 632.16606923384 692.70955347772 704.0593302363 714.36664003905 720.60949768083 722.35339768769 725.16382165046 730.23006840343 737.37874272153 740.57272894391 745.37576067964","1 2 3 4 5 6 7 8 9 10 11 12 13 14 15 16 17 18 19 20 21 22 23 24 25 26 27 28 29 30 31 32 33 34 35 36 37 38 39 40 41 42 43 44 45 46 47 48 49 50 51 52 53 54 55 56 57 58 59 60 61 62 63 64 65 66 67 68 69 70 71 72 73 74 75 76 77 78 79 80 81 82 83 84 85 86 87 88 89 90 91 92 93 94 95 96 97 98 99 100 101 102 103 104 105 106 107 108 109 110 111 112 113 114 115 116 117 118 119 120 121 122 123 124 125 126 127 128 129 130 131 132 133 134 135 136 137 138 139 140 141 142 143 144 145 146 147 148 149 150 151"
General-154-20260718-16:29:55-5569,vector,Florasat_Individual_Sats.satellite[0].net.packetHandler,packets dropped,,,"11.55352215952 14.74643444516 16.60993499742 23.26656353398 25.669471888 28.95844489842 34.42661573965 36.19111131102 36.81724731684 37.52777664102 38.2258273275 41.6209814492 49.16522060095 49.66573029868 53.41002086823 54.58955218483 55.73497779824 128.42043348396 129.51631031222 129.98765302397 138.05379930407 138.52615067729 139.33449996397 140.26716277575 140.79635380282 141.04226897255 141.65468138218 143.01956634077 144.38717625075 145.13293476742 145.66128154349 149.30107617274 150.36097204656 152.05337292323 152.28369913836 153.72675133044 154.34229762157 158.03275549988 158.77136431815 159.92052107318 162.80554856163 163.82083372901 164.1100445133 165.49343167263 166.01921231699 166.43456310424 169.69813771866 170.39140602261 170.67723157446 172.41161352204 174.12102639875 243.49764639203 244.45189327694 254.99642519726 255.11906825279 255.82905032131 259.4623792692 259.75430168228 261.60364490913 265.94565526274 268.3973286121 269.00826044651 269.51428041228 270.50633763791 271.35222039645 271.57066851821 272.75516772659 274.37062246053 276.0838496811 278.92493781614 278.96635730093 279.70275632472 280.79523294995 285.21169409169 285.91492001437 286.33142157125 288.06204358561 360.74444430921 361.33481628531 362.78087002262 369.23859199359 373.65806073992 374.04900291622 374.16004230192 374.61856162892 375.20514844139 380.69115543821 380.89621806661 385.50963551638 388.92582656623 390.73490816019 392.2379829957 393.72116998573 393.82018753041 394.79033417314 394.85923196322 395.57632729779 396.12406885675 397.90082627362 399.21016632965 399.48983589834 399.98291767774 400.61521163134 403.26892965929 404.17311829612 463.30405794926 473.30476118452 475.79912581099 475.8013948765 486.00224458327 487.65062149814 489.21547835594 490.53909635022 490.8942261943 495.81327215036 496.83100790335 497.48713059252 499.471538779 500.25329944084 501.21179288364 502.42046203993 503.83834207514 504.27140511483 507.11068433211 508.95105938445 512.3483694211 515.30896859853 577.9140754545 588.08271861755 591.45939227523 591.72958377183 592.56719583845 600.09181951875 604.63830890171 613.82473215697 616.74260162426 618.35574733064 619.37920078731 628.31645262431 630.47614293655 632.16606923384 692.70955347772 704.0593302363 714.36664003905 720.60949768083 722.35339768769 725.16382165046 730.23006840343 737.37874272153 740.57272894391 745.37576067964","1 2 3 4 5 6 7 8 9 10 11 12 13 14 15 16 17 18 19 20 21 22 23 24 25 26 27 28 29 30 31 32 33 34 35 36 37 38 39 40 41 42 43 44 45 46 47 48 49 50 51 52 53 54 55 56 57 58 59 60 61 62 63 64 65 66 67 68 69 70 71 72 73 74 75 76 77 78 79 80 81 82 83 84 85 86 87 88 89 90 91 92 93 94 95 96 97 98 99 100 101 102 103 104 105 106 107 108 109 110 111 112 113 114 115 116 117 118 119 120 121 122 123 124 125 126 127 128 129 130 131 132 133 134 135 136 137 138 139 140 141 142 143 144 145 146 147 148 149 150 151"
General-154-20260718-16:29:55-5569,vector,Florasat_Individual_Sats.satellite[0].dlkDSL.mac,Repetition Position for Node 823 at Satellite,,,"14.74643444516 25.669471888 36.81724731684 145.13293476742 159.92052107318 174.12102639875","180 180 180 180 180 180"
General-154-20260718-16:29:55-5569,vector,Florasat_Individual_Sats.satellite[0].dlkDSL.mac,Repetition Generation Delay for Node 823 at Satellite,,,"14.74643444516 25.669471888 36.81724731684 145.13293476742 159.92052107318 174.12102639875","13.74643444516 24.669471888 35.81724731684 29.13293476742 43.92052107318 58.12102639875"
General-154-20260718-16:29:55-5569,vector,Florasat_Individual_Sats.satellite[0].dlkDSL.mac,Message Generation Delay for Node 823 at Satellite,,,"14.74643444516 145.13293476742","13.74643444516 29.13293476742"
General-154-20260718-16:29:55-5569,vector,Florasat_Individual_Sats.satellite[0].dlkDSL.mac,Repetition Position for Node 358 at Satellite,,,"16.60993499742 129.51631031222 140.26716277575 153.72675133044 163.82083372901 269.00826044651","180 180 180 180 180 180"
General-154-20260718-16:29:55-5569,vector,Florasat_Individual_Sats.satellite[0].dlkDSL.mac,Repetition Generation Delay for Node 358 at Satellite,,,"16.60993499742 129.51631031222 140.26716277575 153.72675133044 163.82083372901 269.00826044651","15.60993499742 13.51631031222 24.26716277575 37.72675133044 47.82083372901 38.00826044651"
General-154-20260718-16:29:55-5569,vector,Florasat_Individual_Sats.satellite[0].dlkDSL.mac,Message Generation Delay for Node 358 at Satellite,,,"16.60993499742 129.51631031222 269.00826044651","15.60993499742 13.51631031222 38.00826044651"
General-154-20260718-16:29:55-5569,vector,Florasat_Individual_Sats.satellite[0].dlkDSL.mac,Repetition Position for Node 943 at Satellite,,,"28.95844489842 41.6209814492 55.73497779824 145.66128154349 158.77136431815 172.41161352204","180 180 180 180 180 180"
General-154-20260718-16:29:55-5569,vector,Florasat_Individual_Sats.satellite[0].dlkDSL.mac,Repetition Generation Delay for Node 943 at Satellite,,,"28.95844489842 41.6209814492 55.73497779824 145.66128154349 158.77136431815 172.41161352204","27.95844489842 40.6209814492 54.73497779824 29.66128154349 42.77136431815 56.41161352204"
General-154-20260718-16:29:55-5569,vector,Florasat_Individual_Sats.satellite[0].dlkDSL.mac,Message Generation Delay for Node 943 at Satellite,,,"28.95844489842 145.66128154349","27.95844489842 29.66128154349"
General-154-20260718-16:29:55-5569,vector,Florasat_Individual_Sats.satellite[0].dlkDSL.mac,Repetition Position for Node 493 at Satellite,,,"36.19111131102 49.16522060095 144.38717625075 158.03275549988 169.69813771866","180 180 180 180 180"
General-154-20260718-16:29:55-5569,vector,Florasat_Individual_Sats.satellite[0].dlkDSL.mac,Repetition Generation Delay for Node 493 at Satellite,,,"36.19111131102 49.16522060095 144.38717625075 158.03275549988 169.69813771866","35.19111131102 48.16522060095 28.38717625075 42.03275549988 53.69813771866"
General-154-20260718-16:29:55-5569,vector,Florasat_Individual_Sats.satellite[0].dlkDSL.mac,Message Generation Delay for Node 493 at Satellite,,,"36.19111131102 144.38717625075","35.19111131102 28.38717625075"
General-154-20260718-16:29:55-5569,vector,Florasat_Individual_Sats.satellite[0].dlkDSL.mac,Repetition Position for Node 778 at Satellite,,,"37.52777664102 49.66573029868 143.01956634077","180 180 180"
General-154-20260718-16:29:55-5569,vector,Florasat_Individual_Sats.satellite[0].dlkDSL.mac,Repetition Generation Delay for Node 778 at Satellite,,,"37.52777664102 49.66573029868 143.01956634077","36.52777664102 48.66573029868 27.01956634077"
General-154-20260718-16:29:55-5569,vector,Florasat_Individual_Sats.satellite[0].dlkDSL.mac,Message Generation Delay for Node 778 at Satellite,,,"37.52777664102 143.01956634077","36.52777664102 27.01956634077"
General-154-20260718-16:29:55-5569,vector,Florasat_Individual_Sats.satellite[0].dlkDSL.mac,Repetition Position for Node 808 at Satellite,,,"38.2258273275 170.67723157446","180 180"
General-154-20260718-16:29:55-5569,vector,Florasat_Individual_Sats.satellite[0].dlkDSL.mac,Repetition Generation Delay for Node 808 at Satellite,,,"38.2258273275 170.67723157446","37.2258273275 54.67723157446"
General-154-20260718-16:29:55-5569,vector,Florasat_Individual_Sats.satellite[0].dlkDSL.mac,Message Generation Delay for Node 808 at Satellite,,,"38.2258273275 170.67723157446","37.2258273275 54.67723157446"
General-154-20260718-16:29:55-5569,vector,Florasat_Individual_Sats.satellite[0].dlkDSL.mac,Repetition Position for Node 373 at Satellite,,,"53.41002086823 128.42043348396 141.65468138218 152.05337292323 165.49343167263","180 180 180 180 180"
General-154-20260718-16:29:55-5569,vector,Florasat_Individual_Sats.satellite[0].dlkDSL.mac,Repetition Generation Delay for Node 373 at Satellite,,,"53.41002086823 128.42043348396 141.65468138218 152.05337292323 165.49343167263","52.41002086823 12.42043348396 25.65468138218 36.05337292323 49.49343167263"
General-154-20260718-16:29:55-5569,vector,Florasat_Individual_Sats.satellite[0].dlkDSL.mac,Message Generation Delay for Node 373 at Satellite,,,"53.41002086823 128.42043348396","52.41002086823 12.42043348396"
General-154-20260718-16:29:55-5569,vector,Florasat_Individual_Sats.satellite[0].dlkDSL.mac,Repetition Position for Node 793 at Satellite,,,"54.58955218483 140.79635380282 154.34229762157 166.01921231699","180 180 180 180"
General-154-20260718-16:29:55-5569,vector,Florasat_Individual_Sats.satellite[0].dlkDSL.mac,Repetition Generation Delay for Node 793 at Satellite,,,"54.58955218483 140.79635380282 154.34229762157 166.01921231699","53.58955218483 24.79635380282 38.34229762157 50.01921231699"
General-154-20260718-16:29:55-5569,vector,Florasat_Individual_Sats.satellite[0].dlkDSL.mac,Message Generation Delay for Node 793 at Satellite,,,"54.58955218483 140.79635380282","53.58955218483 24.79635380282"
General-154-20260718-16:29:55-5569,vector,Florasat_Individual_Sats.satellite[0].dlkDSL.mac,Repetition Position for Node 838 at Satellite,,,"129.98765302397 166.43456310424 255.82905032131 265.94565526274 278.96635730093 385.50963551638","180 180 180 180 180 180"
General-154-20260718-16:29:55-5569,vector,Florasat_Individual_Sats.satellite[0].dlkDSL.mac,Repetition Generation Delay for Node 838 at Satellite,,,"129.98765302397 166.43456310424 255.82905032131 265.94565526274 278.96635730093 385.50963551638","13.98765302397 50.43456310424 24.82905032131 34.94565526274 47.96635730093 39.50963551638"
General-154-20260718-16:29:55-5569,vector,Florasat_Individual_Sats.satellite[0].dlkDSL.mac,Message Generation Delay for Node 838 at Satellite,,,"129.98765302397 255.82905032131 385.50963551638","13.98765302397 24.82905032131 39.50963551638"
General-154-20260718-16:29:55-5569,vector,Florasat_Individual_Sats.satellite[0].dlkDSL.mac,Repetition Position for Node 238 at Satellite,,,"138.05379930407 149.30107617274 162.80554856163 399.98291767774","180 180 180 180"
General-154-20260718-16:29:55-5569,vector,Florasat_Individual_Sats.satellite[0].dlkDSL.mac,Repetition Generation Delay for Node 238 at Satellite,,,"138.05379930407 149.30107617274 162.80554856163 399.98291767774","22.05379930407 33.30107617274 46.80554856163 53.98291767774"
General-154-20260718-16:29:55-5569,vector,Florasat_Individual_Sats.satellite[0].dlkDSL.mac,Message Generation Delay for Node 238 at Satellite,,,"138.05379930407 399.98291767774","22.05379930407 53.98291767774"
General-154-20260718-16:29:55-5569,vector,Florasat_Individual_Sats.satellite[0].dlkDSL.mac,Repetition Position for Node 253 at Satellite,,,"138.52615067729 243.49764639203","180 180"
General-154-20260718-16:29:55-5569,vector,Florasat_Individual_Sats.satellite[0].dlkDSL.mac,Repetition Generation Delay for Node 253 at Satellite,,,"138.52615067729 243.49764639203","22.52615067729 12.49764639203"
General-154-20260718-16:29:55-5569,vector,Florasat_Individual_Sats.satellite[0].dlkDSL.mac,Message Generation Delay for Node 253 at Satellite,,,"138.52615067729 243.49764639203","22.52615067729 12.49764639203"
General-154-20260718-16:29:55-5569,vector,Florasat_Individual_Sats.satellite[0].dlkDSL.mac,Repetition Position for Node 403 at Satellite,,,"139.33449996397 150.36097204656 164.1100445133 393.82018753041","180 180 180 180"
General-154-20260718-16:29:55-5569,vector,Florasat_Individual_Sats.satellite[0].dlkDSL.mac,Repetition Generation Delay for Node 403 at Satellite,,,"139.33449996397 150.36097204656 164.1100445133 393.82018753041","23.33449996397 34.36097204656 48.1100445133 47.82018753041"
General-154-20260718-16:29:55-5569,vector,Florasat_Individual_Sats.satellite[0].dlkDSL.mac,Message Generation Delay for Node 403 at Satellite,,,"139.33449996397 393.82018753041","23.33449996397 47.82018753041"
General-154-20260718-16:29:55-5569,vector,Florasat_Individual_Sats.satellite[0].dlkDSL.mac,Repetition Position for Node 103 at Satellite,,,"141.04226897255 259.75430168228 272.75516772659 286.33142157125 399.48983589834 502.42046203993","180 180 180 180 180 180"
General-154-20260718-16:29:55-5569,vector,Florasat_Individual_Sats.satellite[0].dlkDSL.mac,Repetition Generation Delay for Node 103 at Satellite,,,"141.04226897255 259.75430168228 272.75516772659 286.33142157125 399.48983589834 502.42046203993","25.04226897255 28.75430168228 41.75516772659 55.33142157125 53.48983589834 41.42046203993"
General-154-20260718-16:29:55-5569,vector,Florasat_Individual_Sats.satellite[0].dlkDSL.mac,Message Generation Delay for Node 103 at Satellite,,,"141.04226897255 259.75430168228 399.48983589834 502.42046203993","25.04226897255 28.75430168228 53.48983589834 41.42046203993"
General-154-20260718-16:29:55-5569,vector,Florasat_Individual_Sats.satellite[0].dlkDSL.mac,Repetition Position for Node 88 at Satellite,,,"152.28369913836","180"
General-154-20260718-16:29:55-5569,vector,Florasat_Individual_Sats.satellite[0].dlkDSL.mac,Repetition Generation Delay for Node 88 at Satellite,,,"152.28369913836","36.28369913836"
General-154-20260718-16:29:55-5569,vector,Florasat_Individual_Sats.satellite[0].dlkDSL.mac,Message Generation Delay for Node 88 at Satellite,,,"152.28369913836","36.28369913836"
General-154-20260718-16:29:55-5569,vector,Florasat_Individual_Sats.satellite[0].dlkDSL.mac,Repetition Position for Node 118 at Satellite,,,"170.39140602261 259.4623792692 271.57066851821 393.72116998573 512.3483694211","180 180 180 180 180"
General-154-20260718-16:29:55-5569,vector,Florasat_Individual_Sats.satellite[0].dlkDSL.mac,Repetition Generation Delay for Node 118 at Satellite,,,"170.39140602261 259.4623792692 271.57066851821 393.72116998573 512.3483694211","54.39140602261 28.4623792692 40.57066851821 47.72116998573 51.3483694211"
General-154-20260718-16:29:55-5569,vector,Florasat_Individual_Sats.satellite[0].dlkDSL.mac,Message Generation Delay for Node 118 at Satellite,,,"170.39140602261 259.4623792692 393.72116998573 512.3483694211","54.39140602261 28.4623792692 47.72116998573 51.3483694211"
General-154-20260718-16:29:55-5569,vector,Florasat_Individual_Sats.satellite[0].dlkDSL.mac,Repetition Position for Node 163 at Satellite,,,"244.45189327694 271.35222039645 373.65806073992 486.00224458327","180 180 180 180"
General-154-20260718-16:29:55-5569,vector,Florasat_Individual_Sats.satellite[0].dlkDSL.mac,Repetition Generation Delay for Node 163 at Satellite,,,"244.45189327694 271.35222039645 373.65806073992 486.00224458327","13.45189327694 40.35222039645 27.65806073992 25.00224458327"
General-154-20260718-16:29:55-5569,vector,Florasat_Individual_Sats.satellite[0].dlkDSL.mac,Message Generation Delay for Node 163 at Satellite,,,"244.45189327694 373.65806073992 486.00224458327","13.45189327694 27.65806073992 25.00224458327"
General-154-20260718-16:29:55-5569,vector,Florasat_Individual_Sats.satellite[0].dlkDSL.mac,Repetition Position for Node 673 at Satellite,,,"254.99642519726 278.92493781614","180 180"
General-154-20260718-16:29:55-5569,vector,Florasat_Individual_Sats.satellite[0].dlkDSL.mac,Repetition Generation Delay for Node 673 at Satellite,,,"254.99642519726 278.92493781614","23.99642519726 47.92493781614"
General-154-20260718-16:29:55-5569,vector,Florasat_Individual_Sats.satellite[0].dlkDSL.mac,Message Generation Delay for Node 673 at Satellite,,,"254.99642519726","23.99642519726"
General-154-20260718-16:29:55-5569,vector,Florasat_Individual_Sats.satellite[0].dlkDSL.mac,Repetition Position for Node 763 at Satellite,,,"255.11906825279 374.61856162892 395.57632729779 490.8942261943 501.21179288364","180 180 180 180 180"
General-154-20260718-16:29:55-5569,vector,Florasat_Individual_Sats.satellite[0].dlkDSL.mac,Repetition Generation Delay for Node 763 at Satellite,,,"255.11906825279 374.61856162892 395.57632729779 490.8942261943 501.21179288364","24.11906825279 28.61856162892 49.57632729779 29.8942261943 40.21179288364"
General-154-20260718-16:29:55-5569,vector,Florasat_Individual_Sats.satellite[0].dlkDSL.mac,Message Generation Delay for Node 763 at Satellite,,,"255.11906825279 374.61856162892 490.8942261943","24.11906825279 28.61856162892 29.8942261943"
General-154-20260718-16:29:55-5569,vector,Florasat_Individual_Sats.satellite[0].dlkDSL.mac,Repetition Position for Node 598 at Satellite,,,"261.60364490913 276.0838496811 288.06204358561","180 180 180"
General-154-20260718-16:29:55-5569,vector,Florasat_Individual_Sats.satellite[0].dlkDSL.mac,Repetition Generation Delay for Node 598 at Satellite,,,"261.60364490913 276.0838496811 288.06204358561","30.60364490913 45.0838496811 57.06204358561"
General-154-20260718-16:29:55-5569,vector,Florasat_Individual_Sats.satellite[0].dlkDSL.mac,Message Generation Delay for Node 598 at Satellite,,,"261.60364490913","30.60364490913"
General-154-20260718-16:29:55-5569,vector,Florasat_Individual_Sats.satellite[0].dlkDSL.mac,Repetition Position for Node 133 at Satellite,,,"269.51428041228 360.74444430921 400.61521163134","180 180 180"
General-154-20260718-16:29:55-5569,vector,Florasat_Individual_Sats.satellite[0].dlkDSL.mac,Repetition Generation Delay for Node 133 at Satellite,,,"269.51428041228 360.74444430921 400.61521163134","38.51428041228 14.74444430921 54.61521163134"
General-154-20260718-16:29:55-5569,vector,Florasat_Individual_Sats.satellite[0].dlkDSL.mac,Message Generation Delay for Node 133 at Satellite,,,"269.51428041228 360.74444430921","38.51428041228 14.74444430921"
General-154-20260718-16:29:55-5569,vector,Florasat_Individual_Sats.satellite[0].dlkDSL.mac,Repetition Position for Node 328 at Satellite,,,"270.50633763791 285.21169409169 362.78087002262 375.20514844139 397.90082627362","180 180 180 180 180"
General-154-20260718-16:29:55-5569,vector,Florasat_Individual_Sats.satellite[0].dlkDSL.mac,Repetition Generation Delay for Node 328 at Satellite,,,"270.50633763791 285.21169409169 362.78087002262 375.20514844139 397.90082627362","39.50633763791 54.21169409169 16.78087002262 29.20514844139 51.90082627362"
General-154-20260718-16:29:55-5569,vector,Florasat_Individual_Sats.satellite[0].dlkDSL.mac,Message Generation Delay for Node 328 at Satellite,,,"270.50633763791 362.78087002262","39.50633763791 16.78087002262"
General-154-20260718-16:29:55-5569,vector,Florasat_Individual_Sats.satellite[0].dlkDSL.mac,Repetition Position for Node 583 at Satellite,,,"274.37062246053 380.89621806661 632.16606923384","180 180 180"
General-154-20260718-16:29:55-5569,vector,Florasat_Individual_Sats.satellite[0].dlkDSL.mac,Repetition Generation Delay for Node 583 at Satellite,,,"274.37062246053 380.89621806661 632.16606923384","43.37062246053 34.89621806661 56.16606923384"
General-154-20260718-16:29:55-5569,vector,Florasat_Individual_Sats.satellite[0].dlkDSL.mac,Message Generation Delay for Node 583 at Satellite,,,"274.37062246053 380.89621806661 632.16606923384","43.37062246053 34.89621806661 56.16606923384"
General-154-20260718-16:29:55-5569,vector,Florasat_Individual_Sats.satellite[0].dlkDSL.mac,Repetition Position for Node 448 at Satellite,,,"279.70275632472 374.16004230192 388.92582656623 497.48713059252 508.95105938445 591.72958377183 630.47614293655","180 180 180 180 180 180 180"
General-154-20260718-16:29:55-5569,vector,Florasat_Individual_Sats.satellite[0].dlkDSL.mac,Repetition Generation Delay for Node 448 at Satellite,,,"279.70275632472 374.16004230192 388.92582656623 497.48713059252 508.95105938445 591.72958377183 630.47614293655","48.70275632472 28.16004230192 42.92582656623 36.48713059252 47.95105938445 15.72958377183 54.47614293655"
General-154-20260718-16:29:55-5569,vector,Florasat_Individual_Sats.satellite[0].dlkDSL.mac,Message Generation Delay for Node 448 at Satellite,,,"279.70275632472 374.16004230192 497.48713059252 591.72958377183","48.70275632472 28.16004230192 36.48713059252 15.72958377183"
General-154-20260718-16:29:55-5569,vector,Florasat_Individual_Sats.satellite[0].dlkDSL.mac,Repetition Position for Node 703 at Satellite,,,"285.91492001437","180"
General-154-20260718-16:29:55-5569,vector,Florasat_Individual_Sats.satellite[0].dlkDSL.mac,Repetition Generation Delay for Node 703 at Satellite,,,"285.91492001437","54.91492001437"
General-154-20260718-16:29:55-5569,vector,Florasat_Individual_Sats.satellite[0].dlkDSL.mac,Message Generation Delay for Node 703 at Satellite,,,"285.91492001437","54.91492001437"
General-154-20260718-16:29:55-5569,vector,Florasat_Individual_Sats.satellite[0].dlkDSL.mac,Repetition Position for Node 148 at Satellite,,,"361.33481628531 374.04900291622 399.21016632965 500.25329944084","180 180 180 180"
General-154-20260718-16:29:55-5569,vector,Florasat_Individual_Sats.satellite[0].dlkDSL.mac,Repetition Generation Delay for Node 148 at Satellite,,,"361.33481628531 374.04900291622 399.21016632965 500.25329944084","15.33481628531 28.04900291622 53.21016632965 39.25329944084"
General-154-20260718-16:29:55-5569,vector,Florasat_Individual_Sats.satellite[0].dlkDSL.mac,Message Generation Delay for Node 148 at Satellite,,,"361.33481628531 500.25329944084","15.33481628531 39.25329944084"
General-154-20260718-16:29:55-5569,vector,Florasat_Individual_Sats.satellite[0].dlkDSL.mac,Repetition Position for Node 718 at Satellite,,,"369.23859199359 380.69115543821 390.73490816019 473.30476118452 496.83100790335 507.11068433211","180 180 180 180 180 180"
General-154-20260718-16:29:55-5569,vector,Florasat_Individual_Sats.satellite[0].dlkDSL.mac,Repetition Generation Delay for Node 718 at Satellite,,,"369.23859199359 380.69115543821 390.73490816019 473.30476118452 496.83100790335 507.11068433211","23.23859199359 34.69115543821 44.73490816019 12.30476118452 35.83100790335 46.11068433211"
General-154-20260718-16:29:55-5569,vector,Florasat_Individual_Sats.satellite[0].dlkDSL.mac,Message Generation Delay for Node 718 at Satellite,,,"369.23859199359 473.30476118452","23.23859199359 12.30476118452"
General-154-20260718-16:29:55-5569,vector,Florasat_Individual_Sats.satellite[0].dlkDSL.mac,Repetition Position for Node 688 at Satellite,,,"392.2379829957","180"
General-154-20260718-16:29:55-5569,vector,Florasat_Individual_Sats.satellite[0].dlkDSL.mac,Repetition Generation Delay for Node 688 at Satellite,,,"392.2379829957","46.2379829957"
General-154-20260718-16:29:55-5569,vector,Florasat_Individual_Sats.satellite[0].dlkDSL.mac,Message Generation Delay for Node 688 at Satellite,,,"392.2379829957","46.2379829957"
General-154-20260718-16:29:55-5569,vector,Florasat_Individual_Sats.satellite[0].dlkDSL.mac,Repetition Position for Node 613 at Satellite,,,"394.79033417314 490.53909635022 503.83834207514","180 180 180"
General-154-20260718-16:29:55-5569,vector,Florasat_Individual_Sats.satellite[0].dlkDSL.mac,Repetition Generation Delay for Node 613 at Satellite,,,"394.79033417314 490.53909635022 503.83834207514","48.79033417314 29.53909635022 42.83834207514"
General-154-20260718-16:29:55-5569,vector,Florasat_Individual_Sats.satellite[0].dlkDSL.mac,Message Generation Delay for Node 613 at Satellite,,,"394.79033417314 490.53909635022","48.79033417314 29.53909635022"
General-154-20260718-16:29:55-5569,vector,Florasat_Individual_Sats.satellite[0].dlkDSL.mac,Repetition Position for Node 883 at Satellite,,,"394.85923196322","180"
General-154-20260718-16:29:55-5569,vector,Florasat_Individual_Sats.satellite[0].dlkDSL.mac,Repetition Generation Delay for Node 883 at Satellite,,,"394.85923196322","48.85923196322"
General-154-20260718-16:29:55-5569,vector,Florasat_Individual_Sats.satellite[0].dlkDSL.mac,Message Generation Delay for Node 883 at Satellite,,,"394.85923196322","48.85923196322"
General-154-20260718-16:29:55-5569,vector,Florasat_Individual_Sats.satellite[0].dlkDSL.mac,Repetition Position for Node 628 at Satellite,,,"396.12406885675 463.30405794926 504.27140511483 515.30896859853","180 180 180 180"
General-154-20260718-16:29:55-5569,vector,Florasat_Individual_Sats.satellite[0].dlkDSL.mac,Repetition Generation Delay for Node 628 at Satellite,,,"396.12406885675 463.30405794926 504.27140511483 515.30896859853","50.12406885675 2.30405794926 43.27140511483 54.30896859853"
General-154-20260718-16:29:55-5569,vector,Florasat_Individual_Sats.satellite[0].dlkDSL.mac,Message Generation Delay for Node 628 at Satellite,,,"396.12406885675 463.30405794926","50.12406885675 2.30405794926"
General-154-20260718-16:29:55-5569,vector,Florasat_Individual_Sats.satellite[0].dlkDSL.mac,Repetition Position for Node 193 at Satellite,,,"403.26892965929 604.63830890171 737.37874272153","180 180 180"
General-154-20260718-16:29:55-5569,vector,Florasat_Individual_Sats.satellite[0].dlkDSL.mac,Repetition Generation Delay for Node 193 at Satellite,,,"403.26892965929 604.63830890171 737.37874272153","57.26892965929 28.63830890171 46.37874272153"
General-154-20260718-16:29:55-5569,vector,Florasat_Individual_Sats.satellite[0].dlkDSL.mac,Message Generation Delay for Node 193 at Satellite,,,"403.26892965929 604.63830890171 737.37874272153","57.26892965929 28.63830890171 46.37874272153"
General-154-20260718-16:29:55-5569,vector,Florasat_Individual_Sats.satellite[0].dlkDSL.mac,Repetition Position for Node 538 at Satellite,,,"404.17311829612","180"
General-154-20260718-16:29:55-5569,vector,Florasat_Individual_Sats.satellite[0].dlkDSL.mac,Repetition Generation Delay for Node 538 at Satellite,,,"404.17311829612","58.17311829612"
General-154-20260718-16:29:55-5569,vector,Florasat_Individual_Sats.satellite[0].dlkDSL.mac,Message Generation Delay for Node 538 at Satellite,,,"404.17311829612","58.17311829612"
General-154-20260718-16:29:55-5569,vector,Florasat_Individual_Sats.satellite[0].dlkDSL.mac,Repetition Position for Node 178 at Satellite,,,"475.79912581099 487.65062149814 499.471538779","180 180 180"
General-154-20260718-16:29:55-5569,vector,Florasat_Individual_Sats.satellite[0].dlkDSL.mac,Repetition Generation Delay for Node 178 at Satellite,,,"475.79912581099 487.65062149814 499.471538779","14.79912581099 26.65062149814 38.471538779"
General-154-20260718-16:29:55-5569,vector,Florasat_Individual_Sats.satellite[0].dlkDSL.mac,Message Generation Delay for Node 178 at Satellite,,,"475.79912581099","14.79912581099"
General-154-20260718-16:29:55-5569,vector,Florasat_Individual_Sats.satellite[0].dlkDSL.mac,Repetition Position for Node 268 at Satellite,,,"475.8013948765 489.21547835594 618.35574733064","180 180 180"
General-154-20260718-16:29:55-5569,vector,Florasat_Individual_Sats.satellite[0].dlkDSL.mac,Repetition Generation Delay for Node 268 at Satellite,,,"475.8013948765 489.21547835594 618.35574733064","14.8013948765 28.21547835594 42.35574733064"
General-154-20260718-16:29:55-5569,vector,Florasat_Individual_Sats.satellite[0].dlkDSL.mac,Message Generation Delay for Node 268 at Satellite,,,"475.8013948765 618.35574733064","14.8013948765 42.35574733064"
General-154-20260718-16:29:55-5569,vector,Florasat_Individual_Sats.satellite[0].dlkDSL.mac,Repetition Position for Node 568 at Satellite,,,"495.81327215036","180"
General-154-20260718-16:29:55-5569,vector,Florasat_Individual_Sats.satellite[0].dlkDSL.mac,Repetition Generation Delay for Node 568 at Satellite,,,"495.81327215036","34.81327215036"
General-154-20260718-16:29:55-5569,vector,Florasat_Individual_Sats.satellite[0].dlkDSL.mac,Message Generation Delay for Node 568 at Satellite,,,"495.81327215036","34.81327215036"
General-154-20260718-16:29:55-5569,vector,Florasat_Individual_Sats.satellite[0].dlkDSL.mac,Repetition Position for Node 658 at Satellite,,,"577.9140754545 588.08271861755 600.09181951875 613.82473215697 628.31645262431 720.60949768083","180 180 180 180 180 180"
General-154-20260718-16:29:55-5569,vector,Florasat_Individual_Sats.satellite[0].dlkDSL.mac,Repetition Generation Delay for Node 658 at Satellite,,,"577.9140754545 588.08271861755 600.09181951875 613.82473215697 628.31645262431 720.60949768083","1.9140754545 12.08271861755 24.09181951875 37.82473215697 52.31645262431 29.60949768083"
General-154-20260718-16:29:55-5569,vector,Florasat_Individual_Sats.satellite[0].dlkDSL.mac,Message Generation Delay for Node 658 at Satellite,,,"577.9140754545 720.60949768083","1.9140754545 29.60949768083"
General-154-20260718-16:29:55-5569,vector,Florasat_Individual_Sats.satellite[0].dlkDSL.mac,Repetition Position for Node 208 at Satellite,,,"591.45939227523 619.37920078731","180 180"
General-154-20260718-16:29:55-5569,vector,Florasat_Individual_Sats.satellite[0].dlkDSL.mac,Repetition Generation Delay for Node 208 at Satellite,,,"591.45939227523 619.37920078731","15.45939227523 43.37920078731"
General-154-20260718-16:29:55-5569,vector,Florasat_Individual_Sats.satellite[0].dlkDSL.mac,Message Generation Delay for Node 208 at Satellite,,,"591.45939227523","15.45939227523"
General-154-20260718-16:29:55-5569,vector,Florasat_Individual_Sats.satellite[0].dlkDSL.mac,Repetition Position for Node 958 at Satellite,,,"592.56719583845 692.70955347772 704.0593302363 730.23006840343 740.57272894391","180 180 180 180 180"
General-154-20260718-16:29:55-5569,vector,Florasat_Individual_Sats.satellite[0].dlkDSL.mac,Repetition Generation Delay for Node 958 at Satellite,,,"592.56719583845 692.70955347772 704.0593302363 730.23006840343 740.57272894391","16.56719583845 1.70955347772 13.0593302363 39.23006840343 49.57272894391"
General-154-20260718-16:29:55-5569,vector,Florasat_Individual_Sats.satellite[0].dlkDSL.mac,Message Generation Delay for Node 958 at Satellite,,,"592.56719583845 692.70955347772","16.56719583845 1.70955347772"
General-154-20260718-16:29:55-5569,vector,Florasat_Individual_Sats.satellite[0].dlkDSL.mac,Repetition Position for Node 643 at Satellite,,,"616.74260162426","180"
General-154-20260718-16:29:55-5569,vector,Florasat_Individual_Sats.satellite[0].dlkDSL.mac,Repetition Generation Delay for Node 643 at Satellite,,,"616.74260162426","40.74260162426"
General-154-20260718-16:29:55-5569,vector,Florasat_Individual_Sats.satellite[0].dlkDSL.mac,Message Generation Delay for Node 643 at Satellite,,,"616.74260162426","40.74260162426"
General-154-20260718-16:29:55-5569,vector,Florasat_Individual_Sats.satellite[0].dlkDSL.mac,Repetition Position for Node 928 at Satellite,,,"714.36664003905 725.16382165046","180 180"
General-154-20260718-16:29:55-5569,vector,Florasat_Individual_Sats.satellite[0].dlkDSL.mac,Repetition Generation Delay for Node 928 at Satellite,,,"714.36664003905 725.16382165046","23.36664003905 34.16382165046"
General-154-20260718-16:29:55-5569,vector,Florasat_Individual_Sats.satellite[0].dlkDSL.mac,Message Generation Delay for Node 928 at Satellite,,,"714.36664003905","23.36664003905"
General-154-20260718-16:29:55-5569,vector,Florasat_Individual_Sats.satellite[0].dlkDSL.mac,Repetition Position for Node 283 at Satellite,,,"722.35339768769","180"
General-154-20260718-16:29:55-5569,vector,Florasat_Individual_Sats.satellite[0].dlkDSL.mac,Repetition Generation Delay for Node 283 at Satellite,,,"722.35339768769","31.35339768769"
General-154-20260718-16:29:55-5569,vector,Florasat_Individual_Sats.satellite[0].dlkDSL.mac,Message Generation Delay for Node 283 at Satellite,,,"722.35339768769","31.35339768769"
General-154-20260718-16:29:55-5569,vector,Florasat_Individual_Sats.satellite[0].dlkDSL.mac,Repetition Position for Node 508 at Satellite,,,"745.37576067964","180"
General-154-20260718-16:29:55-5569,vector,Florasat_Individual_Sats.satellite[0].dlkDSL.mac,Repetition Generation Delay for Node 508 at Satellite,,,"745.37576067964","54.37576067964"
General-154-20260718-16:29:55-5569,vector,Florasat_Individual_Sats.satellite[0].dlkDSL.mac,Message Generation Delay for Node 508 at Satellite,,,"745.37576067964","54.37576067964"
