run,type,module,name,attrname,attrvalue,vectime,vecvalue
General-304-20260718-16:35:34-5569,runattr,,,configname,General,,
General-304-20260718-16:35:34-5569,runattr,,,datetime,20260718-16:35:34,,
General-304-20260718-16:35:34-5569,runattr,,,datetimef,20260718-163534,,
General-304-20260718-16:35:34-5569,runattr,,,experiment,General,,
General-304-20260718-16:35:34-5569,runattr,,,inifile,Test_MLModel_2.ini,,
General-304-20260718-16:35:34-5569,runattr,,,iterationvars,"$myraan=195, $threshold=0.10, $0=63029",,
General-304-20260718-16:35:34-5569,runattr,,,iterationvarsd,myraan=195/threshold=0.10/63029,,
General-304-20260718-16:35:34-5569,runattr,,,iterationvarsf,"myraan=195,threshold=0.10,63029-",,
General-304-20260718-16:35:34-5569,runattr,,,measurement,"$myraan=195, $threshold=0.10, $0=63029",,
General-304-20260718-16:35:34-5569,runattr,,,network,Florasat.Test_Individual.Florasat_Individual_Sats,,
General-304-20260718-16:35:34-5569,runattr,,,processid,5569,,
General-304-20260718-16:35:34-5569,runattr,,,repetition,4,,
General-304-20260718-16:35:34-5569,runattr,,,replication,#4,,
General-304-20260718-16:35:34-5569,runattr,,,resultdir,results,,
General-304-20260718-16:35:34-5569,runattr,,,runnumber,304,,
General-304-20260718-16:35:34-5569,runattr,,,seedset,304,,
General-304-20260718-16:35:34-5569,itervar,,,myraan,195,,
General-304-20260718-16:35:34-5569,itervar,,,threshold,0.10,,
General-304-20260718-16:35:34-5569,config,,,*.stats_altitude,670,,
General-304-20260718-16:35:34-5569,config,,,*.stats_raan,185,,
General-304-20260718-16:35:34-5569,config,,,image-path,../../images:../../../../samples/inet4.5_2/images,,
General-304-20260718-16:35:34-5569,config,,,network,Florasat.Test_Individual.Florasat_Individual_Sats,,
General-304-20260718-16:35:34-5569,config,,,rng-class,cMersenneTwister,,
General-304-20260718-16:35:34-5569,config,,,*.**.result-recording-modes,-,,
General-304-20260718-16:35:34-5569,config,,,**.result-recording-modes,-,,
General-304-20260718-16:35:34-5569,config,,,**.statistic-recording,true,,
General-304-20260718-16:35:34-5569,config,,,**.scalar-recording,true,,
General-304-20260718-16:35:34-5569,config,,,**.vector-recording,true,,
General-304-20260718-16:35:34-5569,config,,,**.vector-record-eventnumbers,true,,
General-304-20260718-16:35:34-5569,config,,,repeat,10,,
General-304-20260718-16:35:34-5569,config,,,seed-0-mt,63029,,
General-304-20260718-16:35:34-5569,config,,,sim-time-limit,749s,,
General-304-20260718-16:35:34-5569,config,,,simtime-resolution,-11,,
General-304-20260718-16:35:34-5569,config,,,**.stats_altitude,670,,
General-304-20260718-16:35:34-5569,config,,,**.stats_raan,185,,
General-304-20260718-16:35:34-5569,config,,,*.radioMedium.backgroundNoise.power,-110dBm,,
General-304-20260718-16:35:34-5569,config,,,*.radioMedium.mediumLimitCache.centerFrequency,868MHz,,
General-304-20260718-16:35:34-5569,config,,,*.radioMedium.mediumLimitCache.maxTransmissionDuration,4s,,
General-304-20260718-16:35:34-5569,config,,,*.radioMedium.mediumLimitCache.minInterferenceTime,0s,,
General-304-20260718-16:35:34-5569,config,,,**.numSatellites,1,,
General-304-20260718-16:35:34-5569,config,,,*.satellite[*].mobilityType,"""Sat_Mob_SatelliteMobility_Standalone""",,
General-304-20260718-16:35:34-5569,config,,,*.satellite[*].noradModuleType,"""Sat_Mob_NoradA""",,
General-304-20260718-16:35:34-5569,config,,,**.satellite[*].**.initFromDisplayString,false,,
General-304-20260718-16:35:34-5569,config,,,*.satellite[*].mobility.faceForward,true,,
General-304-20260718-16:35:34-5569,config,,,*.satellite[*].mobility.updateInterval,20s,,
General-304-20260718-16:35:34-5569,config,,,*.satellite[*].NoradModule.satName,"""FLoRaSat""",,
General-304-20260718-16:35:34-5569,config,,,*.satellite[*].NoradModule.satIndex,-1,,
General-304-20260718-16:35:34-5569,config,,,*.satellite[*].NoradModule.baseYear,20,,
General-304-20260718-16:35:34-5569,config,,,*.satellite[*].NoradModule.baseDay,1.5,,
General-304-20260718-16:35:34-5569,config,,,*.satellite[*].NoradModule.planes,1,,
General-304-20260718-16:35:34-5569,config,,,*.satellite[*].NoradModule.satPerPlane,1,,
General-304-20260718-16:35:34-5569,config,,,*.satellite[*].NoradModule.eccentricity,0.000001,,
General-304-20260718-16:35:34-5569,config,,,*.satellite[*].NoradModule.inclination,98,,
General-304-20260718-16:35:34-5569,config,,,*.satellite[*].NoradModule.altitude,670,,
General-304-20260718-16:35:34-5569,config,,,*.satellite[0].NoradModule.raan,195,,
General-304-20260718-16:35:34-5569,config,,,*.satellite[0].NoradModule.meanAnomaly,195,,
General-304-20260718-16:35:34-5569,config,,,*.satellite[*].phyDSL.radio.receiver.enableCollisionOverlap,true,,
General-304-20260718-16:35:34-5569,config,,,*.satellite[*].phyDSL.radio.receiver.minCollisionOverlap,0s,,
General-304-20260718-16:35:34-5569,config,,,*.satellite[*].phyDSL.radio.antenna.typename,ConstantGainAntenna,,
General-304-20260718-16:35:34-5569,config,,,*.satellite[*].phyDSL.radio.antenna.mobilityModule,"""^.^.^.mobility""",,
General-304-20260718-16:35:34-5569,config,,,*.satellite[*].phyISL.radio.antenna.mobilityModule,"""^.^.^.mobility""",,
General-304-20260718-16:35:34-5569,config,,,*.satellite[*].phyGSL.radio.antenna.mobilityModule,"""^.^.^.mobility""",,
General-304-20260718-16:35:34-5569,config,,,*.satellite[*].phyDSL.radio.antenna.gain,12dB,,
General-304-20260718-16:35:34-5569,config,,,*.satellite[*].net.routingType,"""Null_Routing""",,
General-304-20260718-16:35:34-5569,config,,,*.terminal[*].net.routingType,"""Ter_Null_Routing""",,
General-304-20260718-16:35:34-5569,config,,,*.**.numGroundLinks,40,,
General-304-20260718-16:35:34-5569,config,,,*.satellite[*].**.interfaceTableModule,"""""",,
General-304-20260718-16:35:34-5569,config,,,**.radioMedium.typename,LoRaMedium,,
General-304-20260718-16:35:34-5569,config,,,**.radioMedium.analogModel.typename,LoRaAnalogModel,,
General-304-20260718-16:35:34-5569,config,,,**.intraPlaneIslDisabled,false,,
General-304-20260718-16:35:34-5569,config,,,**.interPlaneIslDisabled,false,,
General-304-20260718-16:35:34-5569,config,,,**.numTerminals,60,,
General-304-20260718-16:35:34-5569,config,,,*.terminal[*].phy.radio.antenna.mobilityModule,"""^.^.^.mob""",,
General-304-20260718-16:35:34-5569,config,,,*.terminal[*].dlk.mac.interfaceTableModule,"""""",,
General-304-20260718-16:35:34-5569,config,,,*.terminal[*].dlk.energySourceModule,"""""",,
General-304-20260718-16:35:34-5569,config,,,*.terminal[*].dlk.mac.LoRaTP,"intuniform(12, 14)",,
General-304-20260718-16:35:34-5569,config,,,*.terminal[*].dlk.mac.LoRaSF,"intuniform(10, 12)",,
General-304-20260718-16:35:34-5569,config,,,*.terminal[*].dlk.mac.useMLBoxBiLSTM,true,,
General-304-20260718-16:35:34-5569,config,,,*.terminal[*].dlk.mac.mlBoxBiLSTM.modelPath,"""/home/ylnner/Documents/omnet++/omnetpp-6.3.0/projects/florasat_v4_ult_routing/simulations/Test_Individual/mlmodels/bilstm_scripted.pt""",,
General-304-20260718-16:35:34-5569,config,,,*.terminal[*].dlk.mac.mlBoxBiLSTM.threshold,0.10,,
General-304-20260718-16:35:34-5569,config,,,**.numberOfPacketsToSend,0,,
General-304-20260718-16:35:34-5569,config,,,**.timeToFirstPacket,1s,,
General-304-20260718-16:35:34-5569,config,,,**.timeToNextPacket,115s,,
General-304-20260718-16:35:34-5569,config,,,*.terminal[0].mob.radius,0.0,,
General-304-20260718-16:35:34-5569,config,,,*.terminal[0].mob.centerLatitude,54.978,,
General-304-20260718-16:35:34-5569,config,,,*.terminal[0].mob.centerLongitude,-1.617,,
General-304-20260718-16:35:34-5569,config,,,*.terminal[1].mob.radius,0.0,,
General-304-20260718-16:35:34-5569,config,,,*.terminal[1].mob.centerLatitude,52.630,,
General-304-20260718-16:35:34-5569,config,,,*.terminal[1].mob.centerLongitude,-1.139,,
General-304-20260718-16:35:34-5569,config,,,*.terminal[2].mob.radius,0.0,,
General-304-20260718-16:35:34-5569,config,,,*.terminal[2].mob.centerLatitude,52.612,,
General-304-20260718-16:35:34-5569,config,,,*.terminal[2].mob.centerLongitude,-6.295,,
General-304-20260718-16:35:34-5569,config,,,*.terminal[3].mob.radius,0.0,,
General-304-20260718-16:35:34-5569,config,,,*.terminal[3].mob.centerLatitude,47.243,,
General-304-20260718-16:35:34-5569,config,,,*.terminal[3].mob.centerLongitude,6.024,,
General-304-20260718-16:35:34-5569,config,,,*.terminal[4].mob.radius,0.0,,
General-304-20260718-16:35:34-5569,config,,,*.terminal[4].mob.centerLatitude,43.610,,
General-304-20260718-16:35:34-5569,config,,,*.terminal[4].mob.centerLongitude,3.876,,
General-304-20260718-16:35:34-5569,config,,,*.terminal[5].mob.radius,0.0,,
General-304-20260718-16:35:34-5569,config,,,*.terminal[5].mob.centerLatitude,49.443,,
General-304-20260718-16:35:34-5569,config,,,*.terminal[5].mob.centerLongitude,1.099,,
General-304-20260718-16:35:34-5569,config,,,*.terminal[6].mob.radius,0.0,,
General-304-20260718-16:35:34-5569,config,,,*.terminal[6].mob.centerLatitude,37.992,,
General-304-20260718-16:35:34-5569,config,,,*.terminal[6].mob.centerLongitude,-1.130,,
General-304-20260718-16:35:34-5569,config,,,*.terminal[7].mob.radius,0.0,,
General-304-20260718-16:35:34-5569,config,,,*.terminal[7].mob.centerLatitude,40.965,,
General-304-20260718-16:35:34-5569,config,,,*.terminal[7].mob.centerLongitude,-5.664,,
General-304-20260718-16:35:34-5569,config,,,*.terminal[8].mob.radius,0.0,,
General-304-20260718-16:35:34-5569,config,,,*.terminal[8].mob.centerLatitude,40.657,,
General-304-20260718-16:35:34-5569,config,,,*.terminal[8].mob.centerLongitude,-7.914,,
General-304-20260718-16:35:34-5569,config,,,*.terminal[9].mob.radius,0.0,,
General-304-20260718-16:35:34-5569,config,,,*.terminal[9].mob.centerLatitude,51.340,,
General-304-20260718-16:35:34-5569,config,,,*.terminal[9].mob.centerLongitude,12.373,,
General-304-20260718-16:35:34-5569,config,,,*.terminal[10].mob.radius,0.0,,
General-304-20260718-16:35:34-5569,config,,,*.terminal[10].mob.centerLatitude,51.455,,
General-304-20260718-16:35:34-5569,config,,,*.terminal[10].mob.centerLongitude,7.011,,
General-304-20260718-16:35:34-5569,config,,,*.terminal[11].mob.radius,0.0,,
General-304-20260718-16:35:34-5569,config,,,*.terminal[11].mob.centerLatitude,49.452,,
General-304-20260718-16:35:34-5569,config,,,*.terminal[11].mob.centerLongitude,11.076,,
General-304-20260718-16:35:34-5569,config,,,*.terminal[12].mob.radius,0.0,,
General-304-20260718-16:35:34-5569,config,,,*.terminal[12].mob.centerLatitude,43.769,,
General-304-20260718-16:35:34-5569,config,,,*.terminal[12].mob.centerLongitude,11.255,,
General-304-20260718-16:35:34-5569,config,,,*.terminal[13].mob.radius,0.0,,
General-304-20260718-16:35:34-5569,config,,,*.terminal[13].mob.centerLatitude,41.117,,
General-304-20260718-16:35:34-5569,config,,,*.terminal[13].mob.centerLongitude,16.871,,
General-304-20260718-16:35:34-5569,config,,,*.terminal[14].mob.radius,0.0,,
General-304-20260718-16:35:34-5569,config,,,*.terminal[14].mob.centerLatitude,52.132,,
General-304-20260718-16:35:34-5569,config,,,*.terminal[14].mob.centerLongitude,5.291,,
General-304-20260718-16:35:34-5569,config,,,*.terminal[15].mob.radius,0.0,,
General-304-20260718-16:35:34-5569,config,,,*.terminal[15].mob.centerLatitude,50.411,,
General-304-20260718-16:35:34-5569,config,,,*.terminal[15].mob.centerLongitude,4.444,,
General-304-20260718-16:35:34-5569,config,,,*.terminal[16].mob.radius,0.0,,
General-304-20260718-16:35:34-5569,config,,,*.terminal[16].mob.centerLatitude,47.559,,
General-304-20260718-16:35:34-5569,config,,,*.terminal[16].mob.centerLongitude,7.588,,
General-304-20260718-16:35:34-5569,config,,,*.terminal[17].mob.radius,0.0,,
General-304-20260718-16:35:34-5569,config,,,*.terminal[17].mob.centerLatitude,55.403,,
General-304-20260718-16:35:34-5569,config,,,*.terminal[17].mob.centerLongitude,10.402,,
General-304-20260718-16:35:34-5569,config,,,*.terminal[18].mob.radius,0.0,,
General-304-20260718-16:35:34-5569,config,,,*.terminal[18].mob.centerLatitude,59.858,,
General-304-20260718-16:35:34-5569,config,,,*.terminal[18].mob.centerLongitude,17.638,,
General-304-20260718-16:35:34-5569,config,,,*.terminal[19].mob.radius,0.0,,
General-304-20260718-16:35:34-5569,config,,,*.terminal[19].mob.centerLatitude,60.451,,
General-304-20260718-16:35:34-5569,config,,,*.terminal[19].mob.centerLongitude,22.266,,
General-304-20260718-16:35:34-5569,config,,,*.terminal[20].mob.radius,0.0,,
General-304-20260718-16:35:34-5569,config,,,*.terminal[20].mob.centerLatitude,56.325,,
General-304-20260718-16:35:34-5569,config,,,*.terminal[20].mob.centerLongitude,22.349,,
General-304-20260718-16:35:34-5569,config,,,*.terminal[21].mob.radius,0.0,,
General-304-20260718-16:35:34-5569,config,,,*.terminal[21].mob.centerLatitude,49.883,,
General-304-20260718-16:35:34-5569,config,,,*.terminal[21].mob.centerLongitude,18.568,,
General-304-20260718-16:35:34-5569,config,,,*.terminal[22].mob.radius,0.0,,
General-304-20260718-16:35:34-5569,config,,,*.terminal[22].mob.centerLatitude,47.531,,
General-304-20260718-16:35:34-5569,config,,,*.terminal[22].mob.centerLongitude,21.627,,
General-304-20260718-16:35:34-5569,config,,,*.terminal[23].mob.radius,0.0,,
General-304-20260718-16:35:34-5569,config,,,*.terminal[23].mob.centerLatitude,44.179,,
General-304-20260718-16:35:34-5569,config,,,*.terminal[23].mob.centerLongitude,28.649,,
General-304-20260718-16:35:34-5569,config,,,*.terminal[24].mob.radius,0.0,,
General-304-20260718-16:35:34-5569,config,,,*.terminal[24].mob.centerLatitude,45.327,,
General-304-20260718-16:35:34-5569,config,,,*.terminal[24].mob.centerLongitude,14.442,,
General-304-20260718-16:35:34-5569,config,,,*.terminal[25].mob.radius,0.0,,
General-304-20260718-16:35:34-5569,config,,,*.terminal[25].mob.centerLatitude,40.694,,
General-304-20260718-16:35:34-5569,config,,,*.terminal[25].mob.centerLongitude,30.400,,
General-304-20260718-16:35:34-5569,config,,,*.terminal[26].mob.radius,0.0,,
General-304-20260718-16:35:34-5569,config,,,*.terminal[26].mob.centerLatitude,37.066,,
General-304-20260718-16:35:34-5569,config,,,*.terminal[26].mob.centerLongitude,37.383,,
General-304-20260718-16:35:34-5569,config,,,*.terminal[27].mob.radius,0.0,,
General-304-20260718-16:35:34-5569,config,,,*.terminal[27].mob.centerLatitude,64.836,,
General-304-20260718-16:35:34-5569,config,,,*.terminal[27].mob.centerLongitude,-23.708,,
General-304-20260718-16:35:34-5569,config,,,*.terminal[28].mob.radius,0.0,,
General-304-20260718-16:35:34-5569,config,,,*.terminal[28].mob.centerLatitude,28.099,,
General-304-20260718-16:35:34-5569,config,,,*.terminal[28].mob.centerLongitude,-17.113,,
General-304-20260718-16:35:34-5569,config,,,*.terminal[29].mob.radius,0.0,,
General-304-20260718-16:35:34-5569,config,,,*.terminal[29].mob.centerLatitude,34.921,,
General-304-20260718-16:35:34-5569,config,,,*.terminal[29].mob.centerLongitude,33.623,,
General-304-20260718-16:35:34-5569,config,,,*.terminal[30].mob.radius,0.0,,
General-304-20260718-16:35:34-5569,config,,,*.terminal[30].mob.centerLatitude,55.953,,
General-304-20260718-16:35:34-5569,config,,,*.terminal[30].mob.centerLongitude,-3.188,,
General-304-20260718-16:35:34-5569,config,,,*.terminal[31].mob.radius,0.0,,
General-304-20260718-16:35:34-5569,config,,,*.terminal[31].mob.centerLatitude,51.481,,
General-304-20260718-16:35:34-5569,config,,,*.terminal[31].mob.centerLongitude,-3.179,,
General-304-20260718-16:35:34-5569,config,,,*.terminal[32].mob.radius,0.0,,
General-304-20260718-16:35:34-5569,config,,,*.terminal[32].mob.centerLatitude,53.349,,
General-304-20260718-16:35:34-5569,config,,,*.terminal[32].mob.centerLongitude,-6.260,,
General-304-20260718-16:35:34-5569,config,,,*.terminal[33].mob.radius,0.0,,
General-304-20260718-16:35:34-5569,config,,,*.terminal[33].mob.centerLatitude,45.764,,
General-304-20260718-16:35:34-5569,config,,,*.terminal[33].mob.centerLongitude,4.835,,
General-304-20260718-16:35:34-5569,config,,,*.terminal[34].mob.radius,0.0,,
General-304-20260718-16:35:34-5569,config,,,*.terminal[34].mob.centerLatitude,48.573,,
General-304-20260718-16:35:34-5569,config,,,*.terminal[34].mob.centerLongitude,7.752,,
General-304-20260718-16:35:34-5569,config,,,*.terminal[35].mob.radius,0.0,,
General-304-20260718-16:35:34-5569,config,,,*.terminal[35].mob.centerLatitude,44.837,,
General-304-20260718-16:35:34-5569,config,,,*.terminal[35].mob.centerLongitude,-0.579,,
General-304-20260718-16:35:34-5569,config,,,*.terminal[36].mob.radius,0.0,,
General-304-20260718-16:35:34-5569,config,,,*.terminal[36].mob.centerLatitude,41.385,,
General-304-20260718-16:35:34-5569,config,,,*.terminal[36].mob.centerLongitude,2.173,,
General-304-20260718-16:35:34-5569,config,,,*.terminal[37].mob.radius,0.0,,
General-304-20260718-16:35:34-5569,config,,,*.terminal[37].mob.centerLatitude,41.157,,
General-304-20260718-16:35:34-5569,config,,,*.terminal[37].mob.centerLongitude,-8.629,,
General-304-20260718-16:35:34-5569,config,,,*.terminal[38].mob.radius,0.0,,
General-304-20260718-16:35:34-5569,config,,,*.terminal[38].mob.centerLatitude,37.389,,
General-304-20260718-16:35:34-5569,config,,,*.terminal[38].mob.centerLongitude,-5.984,,
General-304-20260718-16:35:34-5569,config,,,*.terminal[39].mob.radius,0.0,,
General-304-20260718-16:35:34-5569,config,,,*.terminal[39].mob.centerLatitude,53.551,,
General-304-20260718-16:35:34-5569,config,,,*.terminal[39].mob.centerLongitude,9.993,,
General-304-20260718-16:35:34-5569,config,,,*.terminal[40].mob.radius,0.0,,
General-304-20260718-16:35:34-5569,config,,,*.terminal[40].mob.centerLatitude,48.135,,
General-304-20260718-16:35:34-5569,config,,,*.terminal[40].mob.centerLongitude,11.582,,
General-304-20260718-16:35:34-5569,config,,,*.terminal[41].mob.radius,0.0,,
General-304-20260718-16:35:34-5569,config,,,*.terminal[41].mob.centerLatitude,50.110,,
General-304-20260718-16:35:34-5569,config,,,*.terminal[41].mob.centerLongitude,8.682,,
General-304-20260718-16:35:34-5569,config,,,*.terminal[42].mob.radius,0.0,,
General-304-20260718-16:35:34-5569,config,,,*.terminal[42].mob.centerLatitude,45.464,,
General-304-20260718-16:35:34-5569,config,,,*.terminal[42].mob.centerLongitude,9.190,,
General-304-20260718-16:35:34-5569,config,,,*.terminal[43].mob.radius,0.0,,
General-304-20260718-16:35:34-5569,config,,,*.terminal[43].mob.centerLatitude,40.851,,
General-304-20260718-16:35:34-5569,config,,,*.terminal[43].mob.centerLongitude,14.268,,
General-304-20260718-16:35:34-5569,config,,,*.terminal[44].mob.radius,0.0,,
General-304-20260718-16:35:34-5569,config,,,*.terminal[44].mob.centerLatitude,51.209,,
General-304-20260718-16:35:34-5569,config,,,*.terminal[44].mob.centerLongitude,3.224,,
General-304-20260718-16:35:34-5569,config,,,*.terminal[45].mob.radius,0.0,,
General-304-20260718-16:35:34-5569,config,,,*.terminal[45].mob.centerLatitude,48.208,,
General-304-20260718-16:35:34-5569,config,,,*.terminal[45].mob.centerLongitude,16.373,,
General-304-20260718-16:35:34-5569,config,,,*.terminal[46].mob.radius,0.0,,
General-304-20260718-16:35:34-5569,config,,,*.terminal[46].mob.centerLatitude,52.229,,
General-304-20260718-16:35:34-5569,config,,,*.terminal[46].mob.centerLongitude,21.012,,
General-304-20260718-16:35:34-5569,config,,,*.terminal[47].mob.radius,0.0,,
General-304-20260718-16:35:34-5569,config,,,*.terminal[47].mob.centerLatitude,59.913,,
General-304-20260718-16:35:34-5569,config,,,*.terminal[47].mob.centerLongitude,10.752,,
General-304-20260718-16:35:34-5569,config,,,*.terminal[48].mob.radius,0.0,,
General-304-20260718-16:35:34-5569,config,,,*.terminal[48].mob.centerLatitude,56.949,,
General-304-20260718-16:35:34-5569,config,,,*.terminal[48].mob.centerLongitude,24.105,,
General-304-20260718-16:35:34-5569,config,,,*.terminal[49].mob.radius,0.0,,
General-304-20260718-16:35:34-5569,config,,,*.terminal[49].mob.centerLatitude,59.437,,
General-304-20260718-16:35:34-5569,config,,,*.terminal[49].mob.centerLongitude,24.753,,
General-304-20260718-16:35:34-5569,config,,,*.terminal[50].mob.radius,0.0,,
General-304-20260718-16:35:34-5569,config,,,*.terminal[50].mob.centerLatitude,50.075,,
General-304-20260718-16:35:34-5569,config,,,*.terminal[50].mob.centerLongitude,14.437,,
General-304-20260718-16:35:34-5569,config,,,*.terminal[51].mob.radius,0.0,,
General-304-20260718-16:35:34-5569,config,,,*.terminal[51].mob.centerLatitude,42.697,,
General-304-20260718-16:35:34-5569,config,,,*.terminal[51].mob.centerLongitude,23.321,,
General-304-20260718-16:35:34-5569,config,,,*.terminal[52].mob.radius,0.0,,
General-304-20260718-16:35:34-5569,config,,,*.terminal[52].mob.centerLatitude,45.815,,
General-304-20260718-16:35:34-5569,config,,,*.terminal[52].mob.centerLongitude,15.981,,
General-304-20260718-16:35:34-5569,config,,,*.terminal[53].mob.radius,0.0,,
General-304-20260718-16:35:34-5569,config,,,*.terminal[53].mob.centerLatitude,40.640,,
General-304-20260718-16:35:34-5569,config,,,*.terminal[53].mob.centerLongitude,22.944,,
General-304-20260718-16:35:34-5569,config,,,*.terminal[54].mob.radius,0.0,,
General-304-20260718-16:35:34-5569,config,,,*.terminal[54].mob.centerLatitude,39.933,,
General-304-20260718-16:35:34-5569,config,,,*.terminal[54].mob.centerLongitude,32.859,,
General-304-20260718-16:35:34-5569,config,,,*.terminal[55].mob.radius,0.0,,
General-304-20260718-16:35:34-5569,config,,,*.terminal[55].mob.centerLatitude,38.419,,
General-304-20260718-16:35:34-5569,config,,,*.terminal[55].mob.centerLongitude,27.128,,
General-304-20260718-16:35:34-5569,config,,,*.terminal[56].mob.radius,0.0,,
General-304-20260718-16:35:34-5569,config,,,*.terminal[56].mob.centerLatitude,35.898,,
General-304-20260718-16:35:34-5569,config,,,*.terminal[56].mob.centerLongitude,14.514,,
General-304-20260718-16:35:34-5569,config,,,*.terminal[57].mob.radius,0.0,,
General-304-20260718-16:35:34-5569,config,,,*.terminal[57].mob.centerLatitude,65.683,,
General-304-20260718-16:35:34-5569,config,,,*.terminal[57].mob.centerLongitude,-18.087,,
General-304-20260718-16:35:34-5569,config,,,*.terminal[58].mob.radius,0.0,,
General-304-20260718-16:35:34-5569,config,,,*.terminal[58].mob.centerLatitude,28.463,,
General-304-20260718-16:35:34-5569,config,,,*.terminal[58].mob.centerLongitude,-16.251,,
General-304-20260718-16:35:34-5569,config,,,*.terminal[59].mob.radius,0.0,,
General-304-20260718-16:35:34-5569,config,,,*.terminal[59].mob.centerLatitude,35.185,,
General-304-20260718-16:35:34-5569,config,,,*.terminal[59].mob.centerLongitude,33.382,,
General-304-20260718-16:35:34-5569,config,,,**.numStations,3,,
General-304-20260718-16:35:34-5569,config,,,**.numStations,3,,
General-304-20260718-16:35:34-5569,config,,,*.station[0].mobility.latitude,55.752,,
General-304-20260718-16:35:34-5569,config,,,*.station[0].mobility.longitude,37.616,,
General-304-20260718-16:35:34-5569,config,,,*.station[0].cityName,"""Moscow""",,
General-304-20260718-16:35:34-5569,config,,,*.station[0].groundStationId,7,,
General-304-20260718-16:35:34-5569,config,,,*.station[0].routerAddr,"""10.0.0.29""",,
General-304-20260718-16:35:34-5569,config,,,*.station[0].serving,"""10.0.0.29""",,
General-304-20260718-16:35:34-5569,config,,,*.station[1].mobility.latitude,28.652,,
General-304-20260718-16:35:34-5569,config,,,*.station[1].mobility.longitude,77.231,,
General-304-20260718-16:35:34-5569,config,,,*.station[1].cityName,"""Delhi""",,
General-304-20260718-16:35:34-5569,config,,,*.station[1].groundStationId,11,,
General-304-20260718-16:35:34-5569,config,,,*.station[1].routerAddr,"""10.0.0.45""",,
General-304-20260718-16:35:34-5569,config,,,*.station[1].serving,"""10.0.0.45""",,
General-304-20260718-16:35:34-5569,config,,,*.station[2].mobility.latitude,25.35,,
General-304-20260718-16:35:34-5569,config,,,*.station[2].mobility.longitude,51.24,,
General-304-20260718-16:35:34-5569,config,,,*.station[2].cityName,"""Katar""",,
General-304-20260718-16:35:34-5569,config,,,*.station[2].groundStationId,19,,
General-304-20260718-16:35:34-5569,config,,,*.station[2].routerAddr,"""10.0.0.77""",,
General-304-20260718-16:35:34-5569,config,,,*.station[2].serving,"""10.0.0.77""",,
General-304-20260718-16:35:34-5569,config,,,*.visualizer.canvasVisualizer.mediumVisualizer.typename,,,
General-304-20260718-16:35:34-5569,config,,,*.visualizer.*.radioVisualizer.displayAntennaLobes,true,,
General-304-20260718-16:35:34-5569,config,,,*.visualizer.*.dataLinkVisualizer.displayLinks,true,,
General-304-20260718-16:35:34-5569,config,,,*.visualizer.*.mobilityVisualizer.displayMovementTrails,true,,
General-304-20260718-16:35:34-5569,config,,,*.visualizer.*.mobilityVisualizer.movementTrailLineWidth,1,,
General-304-20260718-16:35:34-5569,config,,,*.visualizer.*.mobilityVisualizer.trailLength,3000,,
General-304-20260718-16:35:34-5569,config,,,**.ttxStart_max,1s,,
General-304-20260718-16:35:34-5569,config,,,**.ttxIdle_min,10s,,
General-304-20260718-16:35:34-5569,config,,,**.ttxIdle_max,15s,,
General-304-20260718-16:35:34-5569,config,,,**.Ntw,1,,
General-304-20260718-16:35:34-5569,config,,,**.Ntx,5,,
General-304-20260718-16:35:34-5569,config,,,**.ttwDuration,100s,,
General-304-20260718-16:35:34-5569,config,,,output-scalar-file,results/results_florasat_ml_lstm/bilstm-raan-195-th-0.10-General-4.sca,,
General-304-20260718-16:35:34-5569,config,,,output-vector-file,results/results_florasat_ml_lstm/bilstm-raan-195-th-0.10-General-4.vec,,
General-304-20260718-16:35:34-5569,vector,Florasat_Individual_Sats.terminal[29].dlk.mac,vector_preds_BiLSTM,,,"1.02368421899 14.88320068968 28.30557284806 38.70682761701 51.28598947124 116.60936016031 129.34311766201 143.55576552707 153.82207754441 164.13497509342 231.38789759553 246.06131727062 260.53704809467 272.15746747749 286.21561758756 346.96088290564 360.08390464261 373.76174792554 385.81613743002 399.54257295257 461.67109892075 476.31461108523 490.92114994373 504.66559570935 514.87602199498 576.00742401532 589.4205924971 602.27073391527 614.22807731177 629.20327014383 691.40185678005 704.1600793621 715.02859646896 728.63517790659 742.57777372234","12770901.1 12770902.1 12770903.1 12770904.1 12770905.1 12776901.1 12776902.1 12776903.1 12776904.1 12776905.1 12782901.1 12782902.1 12782903.1 12782904.1 12782905.1 12788901.1 12788902.1 12788903.1 12788904.1 12788905.1 12794901.1 12794902.1 12794903.1 12794904.1 12794905.1 12800901.1 12800902.1 12800903.1 12800904.1 12800905.1 12806901.1 12806902.1 12806903.1 12806904.1 12806905.1"
General-304-20260718-16:35:34-5569,vector,Florasat_Individual_Sats.terminal[14].dlk.mac,vector_preds_BiLSTM,,,"1.04892587173 11.11729815952 22.83033953398 33.99039173965 44.31889923174 116.93652111525 130.67676968477 141.12719501788 153.28361618985 163.99318357185 231.35320703709 242.02569418331 256.45615227847 267.9611046121 280.35900894995 346.87691588188 359.83284839313 372.66382240574 384.01005801978 396.23056461337 461.98642571899 474.81515971455 487.39995094575 498.32177178212 509.70020657964 576.47933217464 589.65138114174 600.2221710945 611.45181111526 623.37276395178 691.89831998502 705.50240898691 716.89800162171 728.82896098378 743.54136385792","12769401.1 12769402.1 12769403.1 12769404.1 12769405.1 12775401.1 12775402.1 12775403.1 12775404.1 12775405.1 12781401.1 12781402.1 12781403.1 12781404.1 12781405.1 12787401.1 12787402.1 12787403.1 12787404.1 12787405.1 12793401.1 12793402.1 12793403.1 12793404.1 12793405.1 12799401.1 12799402.1 12799403.1 12799404.1 12799405.1 12805401.1 12805402.1 12805403.1 12805404.1 12805405.1"
General-304-20260718-16:35:34-5569,vector,Florasat_Individual_Sats.terminal[7].dlk.mac,vector_preds_BiLSTM,,,"1.08353608102 15.05546703632 29.37029180862 39.77029164485 53.81599448202 116.2761592099 130.85625672504 144.38605144993 156.36038322375 169.00946283737 231.05584788998 243.35880779242 258.08111469075 268.59098329721 281.19074375997 346.4946870117 360.64302026597 374.64518914418 388.24709577323 402.47840165929 461.89144005859 475.99391182512 488.44528347463 498.49439414893 508.87152353744 576.93017940037 589.15810866165 603.84778090171 615.34962662496 627.38973379834 691.12978470814 701.82784131681 714.47603767574 726.16912143025 736.58821472153","12768701.1 12768702.1 12768703.1 12768704.1 12768705.1 12774701.1 12774702.1 12774703.1 12774704.1 12774705.1 12780701.1 12780702.1 12780703.1 12780704.1 12780705.1 12786701.1 12786702.1 12786703.1 12786704.1 12786705.1 12792701.1 12792702.1 12792703.1 12792704.1 12792705.1 12798701.1 12798702.1 12798703.1 12798704.1 12798705.1 12804701.1 12804702.1 12804703.1 12804704.1 12804705.1"
General-304-20260718-16:35:34-5569,vector,Florasat_Individual_Sats.terminal[11].dlk.mac,vector_preds_BiLSTM,,,"1.10036646738 15.56359386794 29.44518905041 39.50832771045 50.91949090735 116.50499152625 126.94973574858 138.08992667729 150.61239607888 161.18714447505 231.59466240043 243.06142239203 253.79288995709 265.66651930405 277.80856817799 346.8805619732 359.82918915758 371.15302381059 384.32643795456 396.36442886968 461.48147440236 475.74113353575 486.02972252481 498.40018121479 510.70348986029 576.12545013777 586.37533192057 597.22286057542 610.42852703831 623.2015723479 691.80028364086 706.74453112553 719.58353791293 729.74568898231 742.06949489098","12769101.1 12769102.1 12769103.1 12769104.1 12769105.1 12775101.1 12775102.1 12775103.1 12775104.1 12775105.1 12781101.1 12781102.1 12781103.1 12781104.1 12781105.1 12787101.1 12787102.1 12787103.1 12787104.1 12787105.1 12793101.1 12793102.1 12793103.1 12793104.1 12793105.1 12799101.1 12799102.1 12799103.1 12799104.1 12799105.1 12805101.1 12805102.1 12805103.1 12805104.1 12805105.1"
General-304-20260718-16:35:34-5569,vector,Florasat_Individual_Sats.terminal[35].dlk.mac,vector_preds_BiLSTM,,,"1.10541094374 12.90824516956 27.6288739224 41.51874555671 56.19663327979 116.24299900094 128.85087795975 142.34405643028 156.36511571194 169.7758055078 231.94399116794 245.4725778359 259.70975726843 269.79123877594 281.70580654056 346.49243219383 357.70310267433 369.37869009538 383.39168856828 393.99980617314 461.34529384482 476.13544241339 489.74856835022 503.04781407514 514.52517457004 576.76107235672 587.15450601373 601.70948700351 612.0852175979 626.07244020515 691.42390246317 701.71602583188 714.25290539093 727.95492468565 741.26935262047","12771501.1 12771502.1 12771503.1 12771504.1 12771505.1 12777501.1 12777502.1 12777503.1 12777504.1 12777505.1 12783501.1 12783502.1 12783503.1 12783504.1 12783505.1 12789501.1 12789502.1 12789503.1 12789504.1 12789505.1 12795501.1 12795502.1 12795503.1 12795504.1 12795505.1 12801501.1 12801502.1 12801503.1 12801504.1 12801505.1 12807501.1 12807502.1 12807503.1 12807504.1 12807505.1"
General-304-20260718-16:35:34-5569,vector,Florasat_Individual_Sats.terminal[19].dlk.mac,vector_preds_BiLSTM,,,"1.1061881131 13.86993843107 24.10111804236 38.88264573854 52.97379686823 116.40894468944 127.98420948396 141.21845738218 151.61714892323 165.05720767263 231.30905734911 245.7836482157 255.98810332548 266.38555374416 278.80683747423 346.97112088604 360.15841069678 370.39012550772 384.22353866091 395.50532666431 461.69704379817 473.04857031163 487.59294509259 502.40353516256 516.24819866917 576.07714225817 588.7725035781 599.17178803286 611.81865587877 622.45231834985 691.53749161982 705.5150684691 718.08850102592 731.12118847086 741.49466049042","12769901.1 12769902.1 12769903.1 12769904.1 12769905.1 12775901.1 12775902.1 12775903.1 12775904.1 12775905.1 12781901.1 12781902.1 12781903.1 12781904.1 12781905.1 12787901.1 12787902.1 12787903.1 12787904.1 12787905.1 12793901.1 12793902.1 12793903.1 12793904.1 12793905.1 12799901.1 12799902.1 12799903.1 12799904.1 12799905.1 12805901.1 12805902.1 12805903 12805904 12805905"
General-304-20260718-16:35:34-5569,vector,Florasat_Individual_Sats.terminal[47].dlk.mac,vector_preds_BiLSTM,,,"1.14318439597 12.71883591986 27.11838762252 40.42306267749 53.00849618483 116.38033612189 126.88116132771 139.21529780282 152.76124162157 164.43815631699 231.90388352517 245.89088895032 257.82872736128 269.26042248169 283.32670024736 346.88472278742 361.08107573562 374.2410202194 387.69961789343 402.01058510784 461.18386009056 472.90078405454 484.52585049602 498.02384150028 512.94796409714 576.83468428697 587.68190875324 597.94588658517 610.28100332618 623.53278083052 691.02032985399 705.26501237741 717.11549831415 729.4738191166 740.58855785034","12772701.1 12772702.1 12772703.1 12772704.1 12772705.1 12778701.1 12778702.1 12778703.1 12778704.1 12778705.1 12784701.1 12784702.1 12784703.1 12784704.1 12784705.1 12790701.1 12790702.1 12790703.1 12790704.1 12790705.1 12796701.1 12796702.1 12796703.1 12796704.1 12796705.1 12802701.1 12802702.1 12802703.1 12802704.1 12802705.1 12808701.1 12808702.1 12808703 12808704 12808705"
General-304-20260718-16:35:34-5569,vector,Florasat_Individual_Sats.terminal[18].dlk.mac,vector_preds_BiLSTM,,,"1.16364469077 15.81940699742 28.42193476298 38.53663544661 51.67904961995 116.31544100889 128.72578231222 139.47663477575 152.93622333044 163.03030572901 231.38733991422 241.6519211419 254.08913086402 268.21773244651 278.96083356697 346.12332375045 357.83683226118 370.33517832076 385.11283334601 397.62799192709 461.40592230228 473.70204103156 488.42826201441 498.6590493829 509.18482668209 576.98592190258 591.87417233572 606.17403346323 617.98692997638 632.82945278426 691.58340269909 706.373197173 720.90509595792 734.29226229643 745.04098103825","12769801.1 12769802.1 12769803.1 12769804.1 12769805.1 12775801.1 12775802.1 12775803.1 12775804.1 12775805.1 12781801.1 12781802.1 12781803.1 12781804.1 12781805.1 12787801.1 12787802.1 12787803.1 12787804.1 12787805.1 12793801.1 12793802.1 12793803.1 12793804.1 12793805.1 12799801.1 12799802.1 12799803.1 12799804.1 12799805.1 12805801.1 12805802.1 12805803 12805804 12805805"
General-304-20260718-16:35:34-5569,vector,Florasat_Individual_Sats.terminal[38].dlk.mac,vector_preds_BiLSTM,,,"1.17953970749 14.81078330381 25.79634972685 37.20171578764 51.62316051498 116.35936579178 130.90929721924 141.49985049827 153.88146550487 166.31347523396 231.06055665435 245.51173174777 258.17931621475 272.76052881637 283.44399232207 346.20189054892 357.6190797009 368.15933222905 378.58166412706 392.81497408077 461.75680642435 472.23957081628 485.69630168332 496.63762227237 507.7755398287 576.3330194545 586.50166261755 598.51076351875 612.24367615697 626.73539662431 691.5360509262 704.75422746805 719.02844168083 730.65407470172 741.41018000269","12771801.1 12771802.1 12771803.1 12771804.1 12771805.1 12777801.1 12777802.1 12777803.1 12777804.1 12777805.1 12783801.1 12783802.1 12783803.1 12783804.1 12783805.1 12789801.1 12789802.1 12789803.1 12789804.1 12789805.1 12795801.1 12795802.1 12795803.1 12795804.1 12795805.1 12801801.1 12801802.1 12801803.1 12801804.1 12801805.1 12807801.1 12807802.1 12807803.1 12807804.1 12807805.1"
General-304-20260718-16:35:34-5569,vector,Florasat_Individual_Sats.terminal[5].dlk.mac,vector_preds_BiLSTM,,,"1.22761905706 13.49891049718 28.36306376779 41.93685784867 54.44191470673 116.54008060833 127.23127933824 139.16187656018 149.7075504451 163.32105656876 231.12813968933 244.01566927694 256.04235440283 270.91599639645 283.02144589625 346.08816151414 359.55213420233 373.22183673992 384.32572580548 395.84885228216 461.70079123555 471.98273372348 485.56602058327 496.03543318086 510.42150550848 576.61592891603 590.32167430315 603.5225280053 616.72445087508 628.30814081524 691.01844714419 701.16908103041 711.7104694636 723.84942663996 738.43706630449","12768501.1 12768502.1 12768503.1 12768504.1 12768505.1 12774501.1 12774502.1 12774503.1 12774504.1 12774505.1 12780501.1 12780502.1 12780503.1 12780504.1 12780505.1 12786501.1 12786502.1 12786503.1 12786504.1 12786505.1 12792501.1 12792502.1 12792503.1 12792504.1 12792505.1 12798501.1 12798502.1 12798503.1 12798504.1 12798505.1 12804501.1 12804502.1 12804503.1 12804504.1 12804505.1"
General-304-20260718-16:35:34-5569,vector,Florasat_Individual_Sats.terminal[43].dlk.mac,vector_preds_BiLSTM,,,"1.2512735317 11.85016148537 23.33576402091 37.2771324676 50.58714961563 116.1320104117 128.41431955271 142.25167992687 154.29126860853 164.32058595051 231.57840518095 244.29307846632 258.08061932377 271.06525480212 284.915971193 346.95253730216 361.51436740463 375.20084804437 385.34292302375 400.00578268595 461.9813580974 475.52717207931 488.15632017679 498.72979344335 509.27583581536 576.83197893458 589.81141744554 600.96875033015 613.78381410287 626.9014680935 691.02050395939 702.30305376952 712.85352793895 726.97526814556 741.82037902554","12772301.1 12772302.1 12772303.1 12772304.1 12772305.1 12778301.1 12778302.1 12778303.1 12778304.1 12778305.1 12784301.1 12784302.1 12784303.1 12784304.1 12784305.1 12790301.1 12790302.1 12790303.1 12790304.1 12790305.1 12796301.1 12796302.1 12796303.1 12796304.1 12796305.1 12802301.1 12802302.1 12802303.1 12802304.1 12802305.1 12808301.1 12808302.1 12808303.1 12808304.1 12808305.1"
General-304-20260718-16:35:34-5569,vector,Florasat_Individual_Sats.terminal[32].dlk.mac,vector_preds_BiLSTM,,,"1.25892131147 13.08276155288 23.11785702733 36.27915044687 49.54294520453 116.58670252422 128.51710117655 139.38170685549 153.33380366326 167.90223881951 231.21935069142 241.48431456345 255.33775625331 265.94226069678 278.12869893666 346.80244165077 358.99860340008 369.74554264057 382.12301886129 395.10959847202 461.75612458191 471.99109748169 484.17542729573 495.02274415036 509.43149553541 576.16958297114 589.36950982688 602.46133195143 616.06480703014 629.58793037944 691.64791164128 703.6945534884 715.88551716669 730.32817257591 743.45693438569","12771201.1 12771202.1 12771203.1 12771204.1 12771205.1 12777201.1 12777202.1 12777203.1 12777204.1 12777205.1 12783201.1 12783202.1 12783203.1 12783204.1 12783205.1 12789201.1 12789202.1 12789203.1 12789204.1 12789205.1 12795201.1 12795202.1 12795203.1 12795204.1 12795205.1 12801201.1 12801202.1 12801203.1 12801204.1 12801205.1 12807201.1 12807202.1 12807203.1 12807204.1 12807205.1"
General-304-20260718-16:35:34-5569,vector,Florasat_Individual_Sats.terminal[30].dlk.mac,vector_preds_BiLSTM,,,"1.25915067061 13.59765788447 27.56695477315 38.36165993148 53.33052191091 116.50349077559 127.15394279594 141.49397701282 153.32315530186 167.10657112091 231.79359936388 242.4618751416 256.02443896583 268.59785965993 280.51771712024 346.93321365421 361.49215279869 373.64789572219 387.93579335348 402.59206229612 461.13509928249 474.36592447595 488.99960575532 502.85069384519 517.83275769465 576.95710786665 588.10495307949 601.45458498202 612.43401836651 623.57616590732 691.09484051913 705.02448153775 715.53261916828 728.07784477458 739.73935527354","12771001.1 12771002.1 12771003.1 12771004.1 12771005.1 12777001.1 12777002.1 12777003.1 12777004.1 12777005.1 12783001.1 12783002.1 12783003.1 12783004.1 12783005.1 12789001.1 12789002.1 12789003.1 12789004.1 12789005.1 12795001.1 12795002.1 12795003.1 12795004.1 12795005.1 12801001.1 12801002.1 12801003.1 12801004.1 12801005.1 12807001.1 12807002.1 12807003.1 12807004.1 12807005.1"
General-304-20260718-16:35:34-5569,vector,Florasat_Individual_Sats.terminal[40].dlk.mac,vector_preds_BiLSTM,,,"1.26504637953 13.46048825025 26.87564725243 37.30528734578 50.68182689208 116.46789752692 129.18646958936 141.81313916156 152.61136384029 166.02786172344 231.72780554905 242.26208692696 253.62967271055 265.72971574427 277.96097365837 346.83037695335 357.47259075846 368.02941758162 380.2211987283 391.4474549957 461.97855593078 471.98558126367 486.23888347438 496.79960547737 508.94138266239 576.70444977586 587.30732131749 601.65032339049 612.26292798877 626.31749581778 691.29352224455 702.02330057323 716.29652647232 731.22283894616 742.40256918176","12772001.1 12772002.1 12772003.1 12772004.1 12772005.1 12778001.1 12778002.1 12778003.1 12778004.1 12778005.1 12784001.1 12784002.1 12784003.1 12784004.1 12784005.1 12790001.1 12790002.1 12790003.1 12790004.1 12790005.1 12796001.1 12796002.1 12796003.1 12796004.1 12796005.1 12802001.1 12802002.1 12802003.1 12802004.1 12802005.1 12808001.1 12808002.1 12808003.1 12808004.1 12808005.1"
General-304-20260718-16:35:34-5569,vector,Florasat_Individual_Sats.terminal[27].dlk.mac,vector_preds_BiLSTM,,,"1.32387845847 13.67010310595 24.06503507588 35.75488731102 48.72899660095 116.73549781903 130.38779440453 143.95095225075 157.59653149988 169.26191371866 231.75259842491 243.16978669446 257.83524335781 267.88669244456 280.21764348214 346.9800929043 357.93596282997 369.81053943327 383.156718079 394.89451157674 461.44347551977 472.52795243403 485.56065564393 498.20679161581 511.01080150576 576.88593362947 589.44976132386 603.41628765943 615.17248289682 625.24626781022 691.78893981385 702.58609257522 712.93028443586 727.57556951139 738.37123427307","12770701.1 12770702.1 12770703.1 12770704.1 12770705.1 12776701.1 12776702.1 12776703.1 12776704.1 12776705.1 12782701.1 12782702.1 12782703.1 12782704.1 12782705.1 12788701.1 12788702.1 12788703.1 12788704.1 12788705.1 12794701 12794702 12794703 12794704 12794705 12800701 12800702 12800703 12800704 12800705 12806701 12806702 12806703 12806704 12806705"
General-304-20260718-16:35:34-5569,vector,Florasat_Individual_Sats.terminal[22].dlk.mac,vector_preds_BiLSTM,,,"1.335201371 13.15282125888 27.38571854588 41.90605106345 56.58216851228 116.93611153471 129.27649415866 139.87448776909 154.83468191535 167.17265518917 231.35229284898 243.66454162541 256.71508319233 270.02621643035 282.17533289594 346.38990865508 357.9185406405 371.20985971833 386.11536945402 397.76736694807 461.27138169343 475.69261565549 488.23743799213 503.21728763264 514.30496140709 576.57804936031 588.95654619765 600.51267801994 611.85017339746 623.12095780136 691.86099559232 704.9430831736 716.82322289492 731.7191849607 744.5569050305","12770201.1 12770202.1 12770203.1 12770204.1 12770205.1 12776201.1 12776202.1 12776203.1 12776204.1 12776205.1 12782201.1 12782202.1 12782203.1 12782204.1 12782205.1 12788201.1 12788202.1 12788203.1 12788204.1 12788205.1 12794201.1 12794202.1 12794203.1 12794204.1 12794205.1 12800201.1 12800202.1 12800203.1 12800204.1 12800205.1 12806201.1 12806202.1 12806203.1 12806204.1 12806205.1"
General-304-20260718-16:35:34-5569,vector,Florasat_Individual_Sats.terminal[4].dlk.mac,vector_preds_BiLSTM,,,"1.33853816194 13.2825680857 24.93011325364 38.78785191801 51.2492015818 116.67803316773 126.93965342408 141.38397765742 154.09561171243 167.12419323903 231.62970704515 245.29978635977 258.66992709017 269.96185850026 282.60592471016 346.51344117126 360.54428828531 373.25847491622 383.77824696596 398.41963832965 461.96176084992 474.80120682925 486.81877520004 499.46277144084 509.68631085775 576.14315576805 588.42719455436 602.10944365198 613.95775920665 627.84635483124 691.36699036858 704.22386238514 714.64104767818 726.78802220779 740.12718480359","12768401.1 12768402.1 12768403.1 12768404.1 12768405.1 12774401.1 12774402.1 12774403.1 12774404.1 12774405.1 12780401.1 12780402.1 12780403.1 12780404.1 12780405.1 12786401.1 12786402.1 12786403.1 12786404.1 12786405.1 12792401.1 12792402.1 12792403.1 12792404.1 12792405.1 12798401.1 12798402.1 12798403.1 12798404.1 12798405.1 12804401.1 12804402.1 12804403.1 12804404.1 12804405.1"
General-304-20260718-16:35:34-5569,vector,Florasat_Individual_Sats.terminal[20].dlk.mac,vector_preds_BiLSTM,,,"1.35798397916 13.56523486762 27.41944885556 39.723397705 54.28657672577 116.84475619136 128.41983017418 140.92726037162 152.66259893332 167.47526478976 231.18634728063 243.33509365725 256.37966234167 271.09071853966 281.59576863213 346.59859053767 359.59301179601 373.77059299592 385.16501486395 397.88207629673 461.39517070889 472.5041141843 483.60717160674 497.93561103917 508.68078618823 576.45292077959 587.29668273521 602.08561742492 616.13778905175 628.311325914 691.9253391556 703.7890420754 716.93103578571 730.67335472606 745.06073841407","12770001.1 12770002.1 12770003.1 12770004.1 12770005.1 12776001.1 12776002.1 12776003.1 12776004.1 12776005.1 12782001.1 12782002.1 12782003.1 12782004.1 12782005.1 12788001.1 12788002.1 12788003.1 12788004.1 12788005.1 12794001.1 12794002.1 12794003.1 12794004.1 12794005.1 12800001.1 12800002.1 12800003.1 12800004.1 12800005.1 12806001.1 12806002.1 12806003.1 12806004.1 12806005.1"
General-304-20260718-16:35:34-5569,vector,Florasat_Individual_Sats.terminal[54].dlk.mac,vector_preds_BiLSTM,,,"1.37778459489 15.91963533102 28.14139470946 40.56839499994 54.6941741791 116.12979089003 126.28998686653 137.73346700101 149.33027941362 163.880372989 231.4334106131 244.86485276837 254.89317115746 268.87584951823 282.34490081319 346.66736504738 357.5848840198 369.17145166639 383.66188638238 397.85308497585 461.93888580753 471.95726536308 483.91590459832 495.90087481286 506.45534719434 576.69555856078 591.01751572732 601.73776359228 615.61545865657 630.3723796939 691.23693765095 703.68270151853 716.06809558999 729.50544475066 739.71401370666","12773401.1 12773402.1 12773403.1 12773404.1 12773405.1 12779401.1 12779402.1 12779403.1 12779404.1 12779405.1 12785401.1 12785402.1 12785403.1 12785404.1 12785405.1 12791401.1 12791402.1 12791403.1 12791404.1 12791405.1 12797401.1 12797402.1 12797403.1 12797404.1 12797405.1 12803401.1 12803402.1 12803403.1 12803404.1 12803405.1 12809401.1 12809402.1 12809403.1 12809404.1 12809405.1"
General-304-20260718-16:35:34-5569,vector,Florasat_Individual_Sats.terminal[8].dlk.mac,vector_preds_BiLSTM,,,"1.39630160364 16.05475778179 26.1513997307 36.75588314607 47.96757968561 116.83068982395 129.64174161618 141.76262262114 155.39597312407 169.53593914466 231.62034949707 245.14455548441 255.55664894823 270.15386854601 284.0748636059 346.69636466657 359.41162943491 373.16131532192 383.44855995616 396.81340098847 461.26405001734 473.32446898333 484.83855556347 495.80847157281 508.35720848058 576.86937801447 589.87833627523 602.90777901094 617.79814478731 628.38550960086 691.92993122293 704.35653797957 714.8210899511 727.9637451484 740.18764721487","12768801.1 12768802.1 12768803.1 12768804.1 12768805.1 12774801.1 12774802.1 12774803.1 12774804.1 12774805.1 12780801.1 12780802.1 12780803.1 12780804.1 12780805.1 12786801.1 12786802.1 12786803.1 12786804.1 12786805.1 12792801.1 12792802.1 12792803.1 12792804.1 12792805.1 12798801.1 12798802.1 12798803.1 12798804.1 12798805.1 12804801.1 12804802.1 12804803.1 12804804.1 12804805.1"
General-304-20260718-16:35:34-5569,vector,Florasat_Individual_Sats.terminal[52].dlk.mac,vector_preds_BiLSTM,,,"1.40326587204 11.62818404799 25.54683492123 40.18735216069 54.14248917904 116.33751671668 126.5727868271 141.48798852483 151.52477682474 165.94002730352 231.76629692712 242.46900276677 256.15050712182 266.95614576271 278.16965015653 346.52778967726 356.69776559086 366.90229970939 381.14405133389 392.42012795853 461.40297000553 474.87671598932 487.49787540548 500.68969538575 513.05933598452 576.37236152496 590.72841510596 602.35625785496 613.11656849529 627.13841710077 691.87817443162 702.21893014735 715.08340966305 727.30419850442 738.27654773136","12773201.1 12773202.1 12773203.1 12773204.1 12773205.1 12779201.1 12779202.1 12779203.1 12779204.1 12779205.1 12785201.1 12785202.1 12785203.1 12785204.1 12785205.1 12791201.1 12791202.1 12791203.1 12791204.1 12791205.1 12797201.1 12797202.1 12797203.1 12797204.1 12797205.1 12803201.1 12803202.1 12803203.1 12803204.1 12803205.1 12809201.1 12809202.1 12809203.1 12809204.1 12809205.1"
General-304-20260718-16:35:34-5569,vector,Florasat_Individual_Sats.terminal[57].dlk.mac,vector_preds_BiLSTM,,,"1.42272201204 14.26194879646 28.52222089842 41.1847574492 55.29875379824 116.11000102339 130.98131315061 145.22505754349 158.33514031815 171.97538952204 231.38238324551 245.6806916045 256.2918942573 267.90526443394 280.56378555717 346.19344557403 360.70672773873 374.36229886488 387.95104090824 399.66713831878 461.55181609886 474.35933626001 485.98088128469 499.24657347472 512.46654888941 576.69443903654 591.19035216211 604.82446451019 616.97008880134 630.88074085698 691.71093061497 704.40053315647 717.49782801769 730.26463809586 741.63364265626","12773701.1 12773702.1 12773703.1 12773704.1 12773705.1 12779701.1 12779702.1 12779703.1 12779704.1 12779705.1 12785701.1 12785702.1 12785703.1 12785704.1 12785705.1 12791701.1 12791702.1 12791703.1 12791704.1 12791705.1 12797701.1 12797702.1 12797703.1 12797704 12797705 12803701 12803702 12803703 12803704 12803705 12809701 12809702 12809703 12809704 12809705"
General-304-20260718-16:35:34-5569,vector,Florasat_Individual_Sats.terminal[34].dlk.mac,vector_preds_BiLSTM,,,"1.42495864909 11.71263230638 24.5020053049 39.3635101898 50.00269431061 116.49064198975 131.29413564364 142.83712668252 157.57283904497 168.77630555444 231.40636835503 245.25191906979 260.02258890913 274.5027936811 286.48098758561 346.6008949005 359.54593726829 373.07087798183 387.96152406534 399.2681249224 461.07896551164 471.57274892461 485.13098828635 496.28250406613 507.42535809661 576.05625995598 590.96198599949 601.27633230575 613.83046771447 625.97961459938 691.07541643083 703.13475073548 717.9980858264 732.35066741588 744.41388349398","12771401.1 12771402.1 12771403.1 12771404.1 12771405.1 12777401.1 12777402.1 12777403.1 12777404.1 12777405.1 12783401.1 12783402.1 12783403.1 12783404.1 12783405.1 12789401.1 12789402.1 12789403.1 12789404.1 12789405.1 12795401.1 12795402.1 12795403.1 12795404.1 12795405.1 12801401.1 12801402.1 12801403.1 12801404.1 12801405.1 12807401.1 12807402.1 12807403.1 12807404.1 12807405.1"
General-304-20260718-16:35:34-5569,vector,Florasat_Individual_Sats.terminal[37].dlk.mac,vector_preds_BiLSTM,,,"1.42507976294 13.10373130395 23.75740186219 34.68766230648 46.36288307631 116.33365874109 130.64231129876 143.54005383491 154.11766479537 165.4042383323 231.32101212628 244.31357869529 258.26816663728 270.91416409588 283.98407745524 346.44161898596 360.94376037083 375.32765155145 387.00700492201 399.41822495496 461.00867150188 471.9836092689 483.59094400726 495.78214082121 506.21670034899 576.72054172447 590.25382721052 604.23774992419 615.16154562426 627.42418498919 691.51974342694 702.34866457107 716.59902153351 728.7609638162 742.1381431229","12771701.1 12771702.1 12771703.1 12771704.1 12771705.1 12777701.1 12777702.1 12777703.1 12777704.1 12777705.1 12783701.1 12783702.1 12783703.1 12783704.1 12783705.1 12789701.1 12789702.1 12789703.1 12789704.1 12789705.1 12795701.1 12795702.1 12795703.1 12795704.1 12795705.1 12801701.1 12801702.1 12801703.1 12801704.1 12801705.1 12807701.1 12807702.1 12807703.1 12807704.1 12807705.1"
General-304-20260718-16:35:34-5569,vector,Florasat_Individual_Sats.terminal[1].dlk.mac,vector_preds_BiLSTM,,,"1.46427650726 14.34974740748 28.34581834054 42.63370103458 57.36507112416 116.80812844122 127.36675412208 140.60604497255 153.42209197977 163.88888078789 231.45601415238 245.32146967644 259.31807768228 272.31894372659 285.89519757125 346.28093817714 358.34996551718 371.25774144638 385.57684504172 399.05361189834 461.17713824357 472.87419116334 487.44219026505 501.98423803993 514.13837165082 576.50182544254 586.77173378179 601.73047866207 614.40506157931 626.06523664552 691.13152497448 705.92117349734 720.16845630599 732.23619267112 742.96406288748","12768101.1 12768102.1 12768103.1 12768104.1 12768105.1 12774101.1 12774102.1 12774103.1 12774104.1 12774105.1 12780101.1 12780102.1 12780103.1 12780104.1 12780105.1 12786101.1 12786102.1 12786103.1 12786104.1 12786105.1 12792101.1 12792102.1 12792103.1 12792104.1 12792105.1 12798101.1 12798102.1 12798103.1 12798104.1 12798105.1 12804101.1 12804102.1 12804103.1 12804104.1 12804105.1"
General-304-20260718-16:35:34-5569,vector,Florasat_Individual_Sats.terminal[59].dlk.mac,vector_preds_BiLSTM,,,"1.46480583842 15.35780780157 27.65869960445 42.07577956747 52.84448153362 116.70499974419 128.94642066932 139.7715598417 151.75543735177 164.42758710846 231.35840072017 243.93567819102 254.35245911777 267.80749003589 278.5113292241 346.49895369587 356.87277655396 368.07554398244 382.22090313839 397.1127448643 461.85558189661 475.14258840261 486.29833182227 499.73513999977 510.10462118103 576.88432689197 588.09188888897 601.73181861662 614.20906899287 628.54091914859 691.45717730327 704.07827637089 717.3834714077 729.53091958236 744.28360423354","12773901.1 12773902.1 12773903.1 12773904.1 12773905.1 12779901.1 12779902.1 12779903.1 12779904.1 12779905.1 12785901.1 12785902.1 12785903.1 12785904.1 12785905.1 12791901.1 12791902.1 12791903.1 12791904.1 12791905.1 12797901.1 12797902.1 12797903.1 12797904.1 12797905.1 12803901.1 12803902.1 12803903.1 12803904.1 12803905.1 12809901.1 12809902.1 12809903.1 12809904.1 12809905.1"
General-304-20260718-16:35:34-5569,vector,Florasat_Individual_Sats.terminal[21].dlk.mac,vector_preds_BiLSTM,,,"1.49414987606 12.75019600242 24.05487927212 34.59818972344 47.90480255102 116.17260116292 127.49237319711 138.89827596397 149.92474804656 163.6738205133 231.92677563662 245.07874294906 257.90863481606 268.05119082238 281.82852171151 346.40870177862 360.58498902921 371.33478698995 382.88148919562 393.38396353041 461.00939727388 471.02979761199 481.95456694579 495.91484197998 509.02283493197 576.00301408186 589.12545746286 601.45268153609 615.63710233872 628.05758774607 691.81726936391 704.44741742127 715.17787219165 729.48032587557 739.8281787408","12770101.1 12770102.1 12770103.1 12770104.1 12770105.1 12776101.1 12776102.1 12776103.1 12776104.1 12776105.1 12782101.1 12782102.1 12782103.1 12782104.1 12782105.1 12788101.1 12788102.1 12788103.1 12788104.1 12788105.1 12794101.1 12794102.1 12794103.1 12794104.1 12794105.1 12800101.1 12800102.1 12800103.1 12800104.1 12800105.1 12806101.1 12806102.1 12806103.1 12806104.1 12806105.1"
General-304-20260718-16:35:34-5569,vector,Florasat_Individual_Sats.terminal[48].dlk.mac,vector_preds_BiLSTM,,,"1.49931584159 13.7447480557 23.7719982923 36.6447713275 48.45966177201 116.28242699336 127.98124663089 141.88300942559 154.81531358114 169.09617557446 231.88156764861 244.47716590506 258.58257824229 269.04880015203 281.09564148844 346.06257138168 357.28322385903 371.82682037097 385.10492383013 396.57510823779 461.63244722062 473.40156362741 484.3439843005 494.82628325815 508.30782906501 576.76831305795 588.2920904092 601.58401957201 613.35018675495 626.38649691083 691.71126949298 703.31824019248 713.4409943018 727.18113322788 738.52664869324","12772801.1 12772802.1 12772803.1 12772804.1 12772805.1 12778801.1 12778802.1 12778803.1 12778804.1 12778805.1 12784801.1 12784802.1 12784803.1 12784804.1 12784805.1 12790801.1 12790802.1 12790803.1 12790804.1 12790805.1 12796801.1 12796802.1 12796803.1 12796804.1 12796805.1 12802801.1 12802802.1 12802803.1 12802804.1 12802805.1 12808801.1 12808802.1 12808803.1 12808804.1 12808805.1"
General-304-20260718-16:35:34-5569,vector,Florasat_Individual_Sats.terminal[42].dlk.mac,vector_preds_BiLSTM,,,"1.55238206242 15.73163852305 26.55825243308 38.45476099849 52.15524211503 116.70233915513 129.98440272593 142.97914374339 154.78936812909 169.75178011529 231.33183811908 241.58267210704 252.37161908881 266.27529810183 279.51191085507 346.76122346707 357.93728171545 368.44806399359 379.90062743821 389.94438016019 461.56848137663 472.51423318452 484.34106176068 496.04047990335 506.32015633211 576.88102155598 589.15915480955 601.4801800137 613.42648530752 626.38027659408 691.86841151747 706.62747989711 718.13400517054 729.40181711525 742.45112409652","12772201.1 12772202.1 12772203.1 12772204.1 12772205.1 12778201.1 12778202.1 12778203.1 12778204.1 12778205.1 12784201.1 12784202.1 12784203.1 12784204.1 12784205.1 12790201.1 12790202.1 12790203.1 12790204.1 12790205.1 12796201.1 12796202.1 12796203.1 12796204.1 12796205.1 12802201.1 12802202.1 12802203.1 12802204.1 12802205.1 12808201.1 12808202.1 12808203.1 12808204.1 12808205.1"
General-304-20260718-16:35:34-5569,vector,Florasat_Individual_Sats.terminal[55].dlk.mac,vector_preds_BiLSTM,,,"1.55821359041 11.81879659556 22.66005161591 34.43043684494 48.78681131895 116.88520758855 127.56331106508 138.19322357979 151.26027299418 162.78300413141 231.76521115284 243.2726209755 254.97425715951 267.17449273378 280.02087906165 346.80856835982 360.61282454827 375.13334263303 387.9919473671 402.15970039322 461.6980400132 473.44789972389 484.04490656895 497.2486048434 510.46044415422 576.98809029255 588.18582094228 599.56868123915 612.90473574842 623.35933297826 691.92972883093 706.20130575006 721.19632086926 731.32274308451 742.99604490492","12773501.1 12773502.1 12773503.1 12773504.1 12773505.1 12779501.1 12779502.1 12779503.1 12779504.1 12779505.1 12785501.1 12785502.1 12785503.1 12785504.1 12785505.1 12791501.1 12791502.1 12791503.1 12791504.1 12791505.1 12797501.1 12797502.1 12797503.1 12797504.1 12797505.1 12803501.1 12803502.1 12803503.1 12803504.1 12803505.1 12809501.1 12809502.1 12809503.1 12809504.1 12809505.1"
General-304-20260718-16:35:34-5569,vector,Florasat_Individual_Sats.terminal[16].dlk.mac,vector_preds_BiLSTM,,,"1.5594487146 14.80743619357 28.82523794751 39.11124324751 51.40493165794 116.14061120525 128.93267504964 140.73560082912 151.68458939739 163.29449396673 231.81826167484 245.00590198301 256.04980568844 269.71580963791 284.42116609169 346.99670016533 361.99034202262 374.41462044139 385.01699257526 397.11029827362 461.25091820187 474.19335861853 487.79214716563 502.59944670997 513.51515170932 576.35909190658 590.99135528226 601.40211782209 612.24159207452 622.53772433289 691.59651111322 703.55019675078 716.63964008073 729.74219635454 740.22590159414","12769601.1 12769602.1 12769603.1 12769604.1 12769605.1 12775601.1 12775602.1 12775603.1 12775604.1 12775605.1 12781601.1 12781602.1 12781603.1 12781604.1 12781605.1 12787601.1 12787602.1 12787603.1 12787604.1 12787605.1 12793601.1 12793602.1 12793603.1 12793604.1 12793605.1 12799601.1 12799602.1 12799603.1 12799604.1 12799605.1 12805601.1 12805602.1 12805603.1 12805604.1 12805605.1"
General-304-20260718-16:35:34-5569,vector,Florasat_Individual_Sats.terminal[13].dlk.mac,vector_preds_BiLSTM,,,"1.56156919221 12.10595652368 26.11549482355 37.71719931183 48.52008083859 116.62599370559 130.39489529073 141.69757876639 152.75601986657 167.50494462416 231.89024452772 243.35416590516 257.91899408866 268.04439337878 282.25324892509 346.74337165896 359.59958841209 370.36823813803 382.70221890881 394.10208101617 461.63704436319 473.51052146801 484.38900161581 494.87648514612 506.24903999782 576.03891245998 586.8376951546 597.95893892972 608.12131597288 622.81739699049 691.68085048557 705.95452445908 720.77234168769 734.09729210775 747.60883863316","12769301.1 12769302.1 12769303.1 12769304.1 12769305.1 12775301.1 12775302.1 12775303.1 12775304.1 12775305.1 12781301.1 12781302.1 12781303.1 12781304.1 12781305.1 12787301.1 12787302.1 12787303.1 12787304.1 12787305.1 12793301.1 12793302.1 12793303.1 12793304.1 12793305.1 12799301.1 12799302.1 12799303.1 12799304.1 12799305.1 12805301.1 12805302.1 12805303.1 12805304.1 12805305.1"
General-304-20260718-16:35:34-5569,vector,Florasat_Individual_Sats.terminal[31].dlk.mac,vector_preds_BiLSTM,,,"1.58221069863 14.88968030806 26.62559696962 41.31946616713 55.99855263974 116.63988376153 130.27650307282 141.12758842064 155.68032314419 168.36150111864 231.05355680152 242.30814936501 255.20250001154 266.11805231823 280.22215403663 346.68189768819 361.05122395116 373.71676358068 388.46638155309 400.58564550499 461.00480957911 471.14722184511 482.0433942941 493.34426358715 506.05598136573 576.12815168756 587.1353728692 597.19622299028 611.39414620189 623.36898666992 691.27791484585 702.71857238258 712.90352399694 724.98733753455 736.06670377194","12771101.1 12771102.1 12771103.1 12771104.1 12771105.1 12777101.1 12777102.1 12777103.1 12777104.1 12777105.1 12783101.1 12783102.1 12783103.1 12783104.1 12783105.1 12789101.1 12789102.1 12789103.1 12789104.1 12789105.1 12795101.1 12795102.1 12795103.1 12795104.1 12795105.1 12801101.1 12801102.1 12801103.1 12801104.1 12801105.1 12807101.1 12807102.1 12807103.1 12807104.1 12807105.1"
General-304-20260718-16:35:34-5569,vector,Florasat_Individual_Sats.terminal[2].dlk.mac,vector_preds_BiLSTM,,,"1.60628579417 15.78327061119 28.34809692204 39.17456098227 51.23722176277 116.76475734217 131.33637650055 144.2588402587 158.61070770887 169.60087802261 231.05820866814 244.42602284183 258.6718512692 270.78014051821 285.16523732152 346.09310304397 357.00258475146 369.78555230074 380.19965720712 392.93064198573 461.92123994953 473.92976624914 484.64165016799 496.86991086369 511.5578414211 576.15498179151 586.69993165694 600.01042722422 610.47987646819 620.67713189684 691.47711283132 705.79348121724 717.57611685387 729.43566969783 743.79256008496","12768201.1 12768202.1 12768203.1 12768204.1 12768205.1 12774201.1 12774202.1 12774203.1 12774204.1 12774205.1 12780201.1 12780202.1 12780203.1 12780204.1 12780205.1 12786201.1 12786202.1 12786203.1 12786204.1 12786205.1 12792201.1 12792202.1 12792203.1 12792204.1 12792205.1 12798201.1 12798202.1 12798203.1 12798204.1 12798205.1 12804201.1 12804202.1 12804203.1 12804204.1 12804205"
General-304-20260718-16:35:34-5569,vector,Florasat_Individual_Sats.terminal[26].dlk.mac,vector_preds_BiLSTM,,,"1.61299566901 11.6912390145 24.1812945616 36.62814714061 50.14234507852 116.10315603856 127.31516933604 141.73938692035 153.15312371426 164.84290068922 231.81765553472 245.38408493088 258.05333268294 270.07828097838 280.84763185401 346.77489123703 357.4851342435 369.28595681954 381.94070529239 395.95617560018 461.12935713981 471.17987434403 485.87137291697 498.62052706559 508.85956784733 576.33110693539 589.0861417097 603.06381732691 613.1467443984 623.57115055085 691.35986169451 703.57492468553 714.59750049748 724.87986332388 735.30030054855","12770601.1 12770602.1 12770603.1 12770604.1 12770605.1 12776601.1 12776602.1 12776603.1 12776604.1 12776605.1 12782601.1 12782602.1 12782603.1 12782604.1 12782605.1 12788601.1 12788602.1 12788603.1 12788604.1 12788605.1 12794601.1 12794602.1 12794603.1 12794604.1 12794605.1 12800601.1 12800602.1 12800603.1 12800604.1 12800605.1 12806601.1 12806602.1 12806603.1 12806604.1 12806605.1"
General-304-20260718-16:35:34-5569,vector,Florasat_Individual_Sats.terminal[33].dlk.mac,vector_preds_BiLSTM,,,"1.61919803009 13.09243959491 25.24836647557 37.08815694903 49.37456703861 116.04149026191 128.82765418012 142.71287736926 156.8132455051 171.26056568442 231.86935742572 245.79007987585 258.84492473747 272.78956646053 284.5460094111 346.27743214788 357.16001053993 368.50647197874 379.31516206661 392.73582391744 461.94999901531 476.81480647367 488.37765131681 501.48743631039 516.36889814004 576.46965037729 589.86492249929 602.1239316573 616.44336392918 630.58501323384 691.13641042449 704.9277688209 715.63099528966 726.14301138279 741.07744301274","12771301.1 12771302.1 12771303.1 12771304.1 12771305.1 12777301.1 12777302.1 12777303.1 12777304.1 12777305.1 12783301.1 12783302.1 12783303.1 12783304.1 12783305.1 12789301.1 12789302.1 12789303.1 12789304.1 12789305.1 12795301.1 12795302.1 12795303.1 12795304.1 12795305.1 12801301.1 12801302.1 12801303.1 12801304.1 12801305.1 12807301.1 12807302.1 12807303.1 12807304.1 12807305.1"
General-304-20260718-16:35:34-5569,vector,Florasat_Individual_Sats.terminal[41].dlk.mac,vector_preds_BiLSTM,,,"1.61997806327 12.7020229625 26.34531231294 41.05298355384 52.39104344439 116.55214810278 129.26178903901 143.75651498442 156.13288679743 169.27972022561 231.34096739278 242.04863426206 255.43074985897 270.03514539265 284.33386401437 346.77063731942 359.12106077419 370.06447217194 381.34733539889 396.31209303857 461.64704514854 472.08347389661 487.01429056656 497.57745775232 509.84552029125 576.12585759046 586.92131547397 600.28992176545 613.8224827745 625.9543019291 691.60337104439 704.80873390194 715.76170597086 727.58620519401 741.00023792335","12772101.1 12772102.1 12772103.1 12772104.1 12772105.1 12778101.1 12778102.1 12778103.1 12778104.1 12778105.1 12784101.1 12784102.1 12784103.1 12784104.1 12784105.1 12790101.1 12790102.1 12790103.1 12790104.1 12790105.1 12796101.1 12796102.1 12796103.1 12796104.1 12796105.1 12802101.1 12802102.1 12802103.1 12802104.1 12802105.1 12808101.1 12808102.1 12808103.1 12808104.1 12808105.1"
General-304-20260718-16:35:34-5569,vector,Florasat_Individual_Sats.terminal[3].dlk.mac,vector_preds_BiLSTM,,,"1.64217610867 15.80334418942 26.54457046091 41.37854984751 55.05561372171 116.66658186819 129.47688252199 141.05753258802 152.97609422007 165.79190926627 231.95863348013 245.33543069777 259.0356715098 269.07805641228 283.45001346012 346.54910642258 360.30822030921 372.49872357771 385.96703167958 400.17898763134 461.02448976156 472.46361555555 486.37044454832 498.72852180293 509.90573796118 576.20609875908 588.17858795193 598.20970196533 613.02672955813 624.12180981389 691.49871240673 705.55594506162 718.80124920351 732.39349140157 745.02610188047","12768301.1 12768302.1 12768303.1 12768304.1 12768305.1 12774301.1 12774302.1 12774303.1 12774304.1 12774305.1 12780301.1 12780302.1 12780303.1 12780304.1 12780305.1 12786301.1 12786302.1 12786303.1 12786304.1 12786305.1 12792301.1 12792302.1 12792303.1 12792304.1 12792305.1 12798301.1 12798302.1 12798303.1 12798304.1 12798305.1 12804301.1 12804302.1 12804303.1 12804304.1 12804305.1"
General-304-20260718-16:35:34-5569,vector,Florasat_Individual_Sats.terminal[6].dlk.mac,vector_preds_BiLSTM,,,"1.64477565954 14.29348954395 27.84132075775 40.96163999103 53.9537550339 116.62391605601 127.19621591317 139.79951224686 154.48938708217 168.28577025491 231.49596277345 244.39003763907 255.53774294514 266.32987847157 276.35115594558 346.17794587696 358.15919847065 372.33268415043 383.49719408969 395.8601660754 461.83000406879 475.00859781099 486.86009349814 498.681010779 509.29529729579 576.58996826387 587.89245440974 597.9412362515 609.22100037453 624.01844235254 691.06781293056 704.41529576783 717.57872238173 731.70455661137 742.92634263053","12768601.1 12768602.1 12768603.1 12768604.1 12768605.1 12774601.1 12774602.1 12774603.1 12774604.1 12774605.1 12780601.1 12780602.1 12780603.1 12780604.1 12780605.1 12786601.1 12786602.1 12786603.1 12786604.1 12786605.1 12792601.1 12792602.1 12792603.1 12792604.1 12792605.1 12798601.1 12798602.1 12798603.1 12798604.1 12798605.1 12804601.1 12804602.1 12804603.1 12804604.1 12804605.1"
General-304-20260718-16:35:34-5569,vector,Florasat_Individual_Sats.terminal[25].dlk.mac,vector_preds_BiLSTM,,,"1.64729451505 13.68039024971 26.27797418833 38.25625766395 48.40871675965 116.15858273255 130.04970400501 142.26626079902 155.82142343884 167.87085788697 231.38309437199 241.39199280412 253.384534528 267.46905767125 278.92835620673 346.42492617853 360.46973455837 374.96734329988 388.73797156755 400.40412239288 461.39706900739 473.85951142805 487.94365090248 500.59379110043 513.20053643244 576.76614236692 587.34745818097 601.84223665064 615.07080431585 627.56505767139 691.35768231703 704.10678236047 715.30255188234 727.66901737661 738.46712016966","12770501.1 12770502.1 12770503.1 12770504.1 12770505.1 12776501.1 12776502.1 12776503.1 12776504.1 12776505.1 12782501.1 12782502.1 12782503.1 12782504.1 12782505.1 12788501.1 12788502.1 12788503.1 12788504.1 12788505.1 12794501.1 12794502.1 12794503.1 12794504.1 12794505.1 12800501.1 12800502.1 12800503.1 12800504.1 12800505.1 12806501.1 12806502.1 12806503.1 12806504.1 12806505.1"
General-304-20260718-16:35:34-5569,vector,Florasat_Individual_Sats.terminal[36].dlk.mac,vector_preds_BiLSTM,,,"1.6515025252 15.89519361383 29.37910139211 39.45624627405 50.31215881113 116.84120244789 127.72530943365 142.34627846256 155.42585456953 166.12702838587 231.80627365224 243.62585966452 257.36090978119 269.73286504252 280.74060177757 346.82446784922 360.00575878425 370.54152118043 382.51555633616 394.54301285675 461.72300194926 475.95122865937 488.15160593903 502.69034911483 513.72791259853 576.27381797461 586.79827504372 599.50226887525 610.66943452624 622.1831629558 691.88539273711 704.7682277686 717.41400210443 732.17701373296 745.33506002883","12771601.1 12771602.1 12771603.1 12771604.1 12771605.1 12777601.1 12777602.1 12777603.1 12777604.1 12777605.1 12783601.1 12783602.1 12783603.1 12783604.1 12783605.1 12789601.1 12789602.1 12789603.1 12789604.1 12789605.1 12795601.1 12795602.1 12795603.1 12795604.1 12795605.1 12801601.1 12801602.1 12801603.1 12801604.1 12801605.1 12807601.1 12807602.1 12807603.1 12807604.1 12807605.1"
General-304-20260718-16:35:34-5569,vector,Florasat_Individual_Sats.terminal[50].dlk.mac,vector_preds_BiLSTM,,,"1.66201309673 11.97409907844 25.23467811429 38.45158164528 50.60186359471 116.20552203339 129.55142902397 141.76828397392 151.94821768394 165.99833910424 231.13795809285 242.14803207736 255.39282632131 265.50943126274 278.53013330093 346.69249037909 356.82126760529 370.58421921497 385.07341151638 399.75814274908 461.04278597329 471.88497285056 482.70049988455 496.68031661119 509.18670737114 576.04249681579 586.27907017595 599.94900762103 614.78066924493 625.22294466965 691.79873032426 705.80861075945 720.41689388967 730.73532029685 744.46218104382","12773001.1 12773002.1 12773003.1 12773004.1 12773005.1 12779001.1 12779002.1 12779003.1 12779004.1 12779005.1 12785001.1 12785002.1 12785003.1 12785004.1 12785005.1 12791001.1 12791002.1 12791003.1 12791004.1 12791005.1 12797001.1 12797002.1 12797003.1 12797004.1 12797005.1 12803001.1 12803002.1 12803003.1 12803004.1 12803005.1 12809001.1 12809002.1 12809003.1 12809004.1 12809005.1"
General-304-20260718-16:35:34-5569,vector,Florasat_Individual_Sats.terminal[0].dlk.mac,vector_preds_BiLSTM,,,"1.67038984783 11.70474819094 26.25489544193 40.7819250687 53.64549621311 116.18048641598 126.70744003146 138.54565103189 150.70264313836 165.39344988414 231.42724379944 242.93815520755 256.79967736406 268.19671445805 282.01765137771 346.69177320902 356.86457700445 369.8572117812 380.38431782275 391.53567888191 461.3765398711 474.97912973585 488.91223287397 500.40334391246 514.83002803127 576.49924443103 589.91338442661 600.62567016691 614.42217569914 629.10019803559 691.6829591135 703.26269632508 716.51172226365 729.82063461514 744.42332825926","12768001.1 12768002.1 12768003.1 12768004.1 12768005.1 12774001.1 12774002.1 12774003.1 12774004.1 12774005.1 12780001.1 12780002.1 12780003.1 12780004.1 12780005.1 12786001.1 12786002.1 12786003.1 12786004.1 12786005.1 12792001.1 12792002.1 12792003.1 12792004.1 12792005.1 12798001.1 12798002.1 12798003.1 12798004.1 12798005.1 12804001.1 12804002.1 12804003.1 12804004.1 12804005.1"
General-304-20260718-16:35:34-5569,vector,Florasat_Individual_Sats.terminal[15].dlk.mac,vector_preds_BiLSTM,,,"1.6772314019 12.76169641735 25.75422065309 37.70295075234 50.53214030084 116.29958149395 129.822968886 143.46552536124 156.08335706405 168.94043910433 231.22175369598 245.05701762461 259.76465307944 272.91689109825 286.53706440539 346.65721341246 358.45003737579 369.24083848926 382.69919162593 395.11084516044 461.44699094282 471.9092240457 482.22417783621 493.07328238664 506.72872752114 576.62187350634 589.14615260274 603.25878059212 615.22957468824 629.19392006658 691.74680795916 704.03439622302 717.73502078535 732.63973595737 746.03277318226","12769501.1 12769502.1 12769503.1 12769504.1 12769505.1 12775501.1 12775502.1 12775503.1 12775504.1 12775505.1 12781501.1 12781502.1 12781503.1 12781504.1 12781505.1 12787501.1 12787502.1 12787503.1 12787504.1 12787505.1 12793501.1 12793502.1 12793503.1 12793504.1 12793505.1 12799501.1 12799502.1 12799503.1 12799504.1 12799505.1 12805501.1 12805502.1 12805503.1 12805504.1 12805505.1"
General-304-20260718-16:35:34-5569,vector,Florasat_Individual_Sats.terminal[53].dlk.mac,vector_preds_BiLSTM,,,"1.68875066028 14.94290189515 27.61818875256 39.18783539953 49.87608789048 116.36736916611 126.53666351107 138.65145266405 152.30533747468 162.49171292758 231.42121263989 245.43225042266 255.643670341 269.81736785243 284.29253331828 346.48028133949 357.6163741427 371.22793288948 383.79008221952 394.42300796322 461.08185122628 473.06248325529 483.32008644497 496.95717999154 509.32749698312 576.67422544234 587.99566586176 598.6724256645 613.39846707206 623.89972113795 691.15844887588 705.8117857764 716.624028116 731.1174629468 745.16107256431","12773301.1 12773302.1 12773303.1 12773304.1 12773305.1 12779301.1 12779302.1 12779303.1 12779304.1 12779305.1 12785301.1 12785302.1 12785303.1 12785304.1 12785305.1 12791301.1 12791302.1 12791303.1 12791304.1 12791305.1 12797301.1 12797302.1 12797303.1 12797304.1 12797305.1 12803301.1 12803302.1 12803303.1 12803304.1 12803305.1 12809301.1 12809302.1 12809303.1 12809304.1 12809305.1"
General-304-20260718-16:35:34-5569,vector,Florasat_Individual_Sats.terminal[17].dlk.mac,vector_preds_BiLSTM,,,"1.72841075878 13.54242674844 26.15330810263 39.40133068664 51.13383072498 116.63114239275 127.67373865866 139.92897570413 153.9091516512 165.32587982179 231.31344298949 241.6922674561 255.82497344819 267.51828375739 279.31811177988 346.19657273614 357.60304891016 367.9984193258 382.44232678646 393.54463438946 461.20409632591 471.38664430497 483.34850528651 494.67440968986 509.4177794424 576.47588548111 588.77384354687 602.03298351821 616.78077107156 627.83900568588 691.59531489667 702.01313901763 712.96186167002 723.81973564229 736.03720352706","12769701.1 12769702.1 12769703.1 12769704.1 12769705.1 12775701.1 12775702.1 12775703.1 12775704.1 12775705.1 12781701.1 12781702.1 12781703.1 12781704.1 12781705.1 12787701.1 12787702.1 12787703.1 12787704.1 12787705.1 12793701.1 12793702.1 12793703.1 12793704.1 12793705.1 12799701.1 12799702.1 12799703.1 12799704.1 12799705.1 12805701.1 12805702.1 12805703.1 12805704.1 12805705.1"
General-304-20260718-16:35:34-5569,vector,Florasat_Individual_Sats.terminal[45].dlk.mac,vector_preds_BiLSTM,,,"1.78969658259 12.58639228111 24.44041859638 38.82030084659 52.30264539644 116.40155790118 131.29655146483 144.9357570496 156.7688511042 169.3837939282 231.98213272099 242.84111807891 254.68284425279 266.30757770338 278.08604039089 346.02058106149 359.99603765482 374.18233762892 384.85441386631 395.14010329779 461.23097685422 475.72799751908 490.4580021943 500.77556888364 512.72127156403 576.89420861774 587.36927052028 598.44875366776 608.93611875246 620.4917897575 691.37672581594 703.22237639921 718.21301264339 731.8372188427 745.99696767516","12772501.1 12772502.1 12772503.1 12772504.1 12772505.1 12778501.1 12778502.1 12778503.1 12778504.1 12778505.1 12784501.1 12784502.1 12784503.1 12784504.1 12784505.1 12790501.1 12790502.1 12790503.1 12790504.1 12790505.1 12796501.1 12796502.1 12796503.1 12796504.1 12796505.1 12802501.1 12802502.1 12802503.1 12802504.1 12802505.1 12808501.1 12808502.1 12808503.1 12808504.1 12808505.1"
General-304-20260718-16:35:34-5569,vector,Florasat_Individual_Sats.terminal[23].dlk.mac,vector_preds_BiLSTM,,,"1.7952942655 16.66492227046 27.66054910887 39.83773952164 50.5339375597 116.07070394629 126.89730187948 139.75551876775 154.15652158507 168.65101926913 231.94321984285 245.68535598088 257.19094855804 267.91997938044 282.03541561239 346.8036155072 361.56204841169 374.99515855754 388.19171586609 399.58019938389 461.05506462255 475.3763332495 487.49385273526 499.01074247644 511.02674970845 576.49805040075 591.41375599638 605.13046507583 617.69600817327 628.89883524248 691.35766159929 703.294825132 713.59030445176 724.81722459732 736.33563823485","12770301.1 12770302.1 12770303.1 12770304.1 12770305.1 12776301.1 12776302.1 12776303.1 12776304.1 12776305.1 12782301.1 12782302.1 12782303.1 12782304.1 12782305.1 12788301.1 12788302.1 12788303.1 12788304.1 12788305.1 12794301.1 12794302.1 12794303.1 12794304.1 12794305.1 12800301.1 12800302.1 12800303.1 12800304.1 12800305.1 12806301.1 12806302.1 12806303.1 12806304.1 12806305.1"
General-304-20260718-16:35:34-5569,vector,Florasat_Individual_Sats.terminal[9].dlk.mac,vector_preds_BiLSTM,,,"1.81705264794 12.06833534595 26.25528124581 41.17577479059 53.54677625653 116.18209979008 130.98130365461 144.23957370547 156.33593482873 170.42600217368 231.17515951698 241.53809193708 255.8648533544 269.82494078064 280.07652155193 346.72083694558 358.51785808755 370.30681625311 381.64098471123 394.89469777396 461.84870870132 475.49284227123 488.19889486465 499.71956381738 509.78664107668 576.25783522869 587.95755371591 601.77961879782 612.10954827279 624.70546092977 691.96352238627 702.13010250102 714.67381336238 726.30183214183 739.81377187512","12768901.1 12768902.1 12768903.1 12768904.1 12768905.1 12774901.1 12774902.1 12774903.1 12774904.1 12774905.1 12780901.1 12780902.1 12780903.1 12780904.1 12780905.1 12786901.1 12786902.1 12786903.1 12786904.1 12786905.1 12792901.1 12792902.1 12792903.1 12792904.1 12792905.1 12798901.1 12798902.1 12798903.1 12798904.1 12798905.1 12804901.1 12804902.1 12804903.1 12804904.1 12804905.1"
General-304-20260718-16:35:34-5569,vector,Florasat_Individual_Sats.terminal[49].dlk.mac,vector_preds_BiLSTM,,,"1.85798471747 13.95590644516 24.878943888 36.02671931684 51.0062417849 116.65959075373 130.90959379147 144.34240676742 159.12999307318 173.33049839875 231.44291169289 242.2331589628 255.9162208722 270.40176757309 285.15672392259 346.07914759452 356.41677677189 369.02861498087 381.88210579008 392.15230906988 461.08505969332 473.73322626972 488.18780404562 500.6122158193 514.39141287747 576.3801449805 589.68317390303 604.39300216152 618.7286607502 629.90372481406 691.33039169642 704.02338534174 715.27705982723 728.2490431522 739.67683161655","12772901.1 12772902.1 12772903.1 12772904.1 12772905.1 12778901.1 12778902.1 12778903.1 12778904.1 12778905.1 12784901.1 12784902.1 12784903.1 12784904.1 12784905.1 12790901.1 12790902.1 12790903.1 12790904.1 12790905.1 12796901.1 12796902.1 12796903.1 12796904.1 12796905.1 12802901.1 12802902.1 12802903.1 12802904.1 12802905.1 12808901.1 12808902 12808903 12808904 12808905"
General-304-20260718-16:35:34-5569,vector,Florasat_Individual_Sats.terminal[10].dlk.mac,vector_preds_BiLSTM,,,"1.85918631614 12.74721338064 26.84900149703 40.38132117013 54.38757738098 116.56797784101 126.96721790544 137.26327130407 148.51054817274 162.01502056163 231.15719636646 245.61833804333 260.50225656572 272.18071240791 285.79766156011 346.40722856577 358.64302662154 372.39607625594 385.235077644 399.19238967774 461.11901128641 472.42263119993 482.78281291923 496.48559450032 509.11839566869 576.11759717949 590.63874947862 603.25946301944 615.98888473842 629.55278275908 691.70488477615 706.19773355127 716.34899214656 729.2455428599 739.55939770142","12769001.1 12769002.1 12769003.1 12769004.1 12769005.1 12775001.1 12775002.1 12775003.1 12775004.1 12775005.1 12781001.1 12781002.1 12781003.1 12781004.1 12781005.1 12787001.1 12787002.1 12787003.1 12787004.1 12787005.1 12793001.1 12793002.1 12793003.1 12793004.1 12793005.1 12799001.1 12799002.1 12799003.1 12799004.1 12799005.1 12805001.1 12805002.1 12805003.1 12805004.1 12805005.1"
General-304-20260718-16:35:34-5569,vector,Florasat_Individual_Sats.terminal[46].dlk.mac,vector_preds_BiLSTM,,,"1.87198962108 13.74140010588 26.70439508069 37.09155264102 49.22950629868 116.18226740346 128.22485864581 142.58334234077 155.7402109187 167.27607630844 231.7572098535 245.12100994307 255.7081554546 269.10906179994 280.67109665204 346.32311171014 360.72796359169 372.26731322333 383.26070822752 397.91810447443 461.14444882493 472.01943081921 486.13075356 499.31670048275 509.61885733298 576.74230051949 587.55372437556 601.43459315203 614.7289641623 626.94237646671 691.87529837736 704.28119461192 717.27353606397 729.0660481914 741.14006410959","12772601.1 12772602.1 12772603.1 12772604.1 12772605.1 12778601.1 12778602.1 12778603.1 12778604.1 12778605.1 12784601.1 12784602.1 12784603.1 12784604.1 12784605.1 12790601.1 12790602.1 12790603.1 12790604.1 12790605.1 12796601.1 12796602.1 12796603.1 12796604.1 12796605.1 12802601.1 12802602.1 12802603.1 12802604.1 12802605.1 12808601.1 12808602.1 12808603.1 12808604.1 12808605.1"
General-304-20260718-16:35:34-5569,vector,Florasat_Individual_Sats.terminal[39].dlk.mac,vector_preds_BiLSTM,,,"1.88599150209 12.74101090897 25.45848500962 36.85476147384 51.42954851199 116.93721814291 127.63570558373 142.551784968 156.46709286933 170.69177299481 231.77123040566 242.93214802886 253.41536919726 265.52756095678 277.34388181614 346.0615781385 359.01940572588 371.07481999835 384.09696752019 396.07582606771 461.20725640398 475.97804344096 489.48144003935 500.08555888152 511.74554763083 576.38731569052 588.97285560612 599.68554654974 610.89075601078 623.68520417018 691.77545096632 702.40700343996 716.31459470396 727.07121272478 737.85175858787","12771901.1 12771902.1 12771903.1 12771904.1 12771905.1 12777901.1 12777902.1 12777903.1 12777904.1 12777905.1 12783901.1 12783902.1 12783903.1 12783904.1 12783905.1 12789901.1 12789902.1 12789903.1 12789904.1 12789905.1 12795901.1 12795902.1 12795903.1 12795904.1 12795905.1 12801901.1 12801902.1 12801903.1 12801904.1 12801905.1 12807901.1 12807902.1 12807903.1 12807904.1 12807905.1"
General-304-20260718-16:35:34-5569,vector,Florasat_Individual_Sats.terminal[58].dlk.mac,vector_preds_BiLSTM,,,"1.89933188795 12.52411514358 25.51102795359 38.57060338324 52.95421691798 116.38437797315 129.19208391103 140.33555551431 151.86865777242 165.48768009058 231.10298816557 243.85571939265 255.65436235023 267.2202531083 279.97807565471 346.79231567984 357.22970813956 371.0444186288 381.35267941026 394.74498015108 461.29604159482 475.48293125327 486.12542484631 497.89878150192 511.21712324419 576.77883967687 591.77666783845 602.05967584322 615.24604884255 626.36266696313 691.91902547772 703.2688022363 716.86310100765 729.43954040343 739.78220094391","12773801.1 12773802.1 12773803.1 12773804.1 12773805.1 12779801.1 12779802.1 12779803 12779804 12779805 12785801 12785802 12785803 12785804 12785805 12791801.1 12791802 12791803 12791804 12791805.1 12797801.1 12797802.1 12797803.1 12797804.1 12797805.1 12803801.1 12803802.1 12803803.1 12803804.1 12803805.1 12809801.1 12809802.1 12809803.1 12809804.1 12809805.1"
General-304-20260718-16:35:34-5569,vector,Florasat_Individual_Sats.terminal[24].dlk.mac,vector_preds_BiLSTM,,,"1.91174810543 13.54875863903 26.73947449332 39.61940084725 52.56462726417 116.81715383148 127.75927254651 139.61770082196 152.87973624841 163.24587953697 231.79359927471 245.44415020081 256.56871174741 268.80913029122 279.26653232472 346.34687254159 359.18002715288 373.72381830192 388.48960256623 400.56460027769 461.23700530431 474.8849521291 485.02751617157 497.05090659252 508.51483538445 576.88083378528 591.29335977183 601.93187764193 616.45363944512 630.03991893655 691.73534042691 704.32776154275 718.65758252935 731.65231391345 745.02207990177","12770401.1 12770402.1 12770403.1 12770404.1 12770405.1 12776401.1 12776402.1 12776403.1 12776404.1 12776405.1 12782401.1 12782402.1 12782403.1 12782404.1 12782405.1 12788401.1 12788402.1 12788403.1 12788404.1 12788405.1 12794401.1 12794402.1 12794403.1 12794404.1 12794405.1 12800401.1 12800402.1 12800403.1 12800404.1 12800405.1 12806401.1 12806402.1 12806403.1 12806404.1 12806405.1"
General-304-20260718-16:35:34-5569,vector,Florasat_Individual_Sats.terminal[44].dlk.mac,vector_preds_BiLSTM,,,"1.91780769057 14.33131116 29.20498793502 42.87031718902 54.59634146909 116.67497219285 129.76215905161 143.18418053212 155.09064812446 166.16396115627 231.60386089538 241.92844626447 256.33086657221 268.74496743036 281.27767974347 346.64316790272 356.66644788092 371.51213677811 382.56681623963 397.56010136196 461.21208365774 472.79461329454 485.11529212702 500.01512825606 513.76369590057 576.1971010291 590.28767219628 605.27799813775 617.88627143018 629.37160489033 691.67744079232 706.02052409411 716.61291707516 730.36621331213 744.90897607616","12772401.1 12772402.1 12772403.1 12772404.1 12772405.1 12778401.1 12778402.1 12778403.1 12778404.1 12778405.1 12784401.1 12784402.1 12784403.1 12784404.1 12784405.1 12790401.1 12790402.1 12790403.1 12790404.1 12790405.1 12796401.1 12796402.1 12796403.1 12796404.1 12796405.1 12802401.1 12802402.1 12802403.1 12802404.1 12802405.1 12808401.1 12808402.1 12808403.1 12808404.1 12808405.1"
General-304-20260718-16:35:34-5569,vector,Florasat_Individual_Sats.terminal[28].dlk.mac,vector_preds_BiLSTM,,,"1.91878362279 14.90930195385 26.37639034609 38.05413922947 49.65554835578 116.52186675998 127.4476807292 141.77024141139 154.89941503688 169.183415096 231.85043260129 243.54099127254 254.52171088336 267.0181360133 278.48438788112 346.09100386873 357.79744258989 370.71536205733 385.36464639614 400.33623385849 461.1305013462 471.49278756115 484.36586673721 495.21149750916 508.27521562926 576.20413378603 587.18921860936 598.74491484743 612.86617307831 626.7028335752 691.99504378182 705.06507620495 719.20301021589 731.62947989116 743.79470467964","12770801.1 12770802.1 12770803.1 12770804.1 12770805.1 12776801.1 12776802.1 12776803 12776804 12776805 12782801 12782802 12782803 12782804 12782805 12788801 12788802 12788803 12788804 12788805 12794801.1 12794802.1 12794803.1 12794804.1 12794805.1 12800801.1 12800802.1 12800803.1 12800804.1 12800805.1 12806801.1 12806802.1 12806803.1 12806804.1 12806805.1"
General-304-20260718-16:35:34-5569,vector,Florasat_Individual_Sats.terminal[51].dlk.mac,vector_preds_BiLSTM,,,"1.92723976402 14.72359880759 29.34403895005 43.44568668469 56.27901554527 116.10001471033 130.26419746363 140.52563269645 153.21088076359 164.25786063098 231.85435383604 244.41868087882 254.84805359528 268.34602355049 279.84022036567 346.20342008071 359.10055150045 370.19077905221 381.91354780109 393.10518855811 461.222921971 472.28843584797 484.90774955974 496.24623542909 506.81939228113 576.28082282143 590.39513745229 600.69260461256 613.54655989213 627.26506162784 691.63631473761 702.96691145841 714.98950723768 729.71313617984 743.93256684859","12773101.1 12773102.1 12773103.1 12773104.1 12773105.1 12779101.1 12779102.1 12779103.1 12779104.1 12779105.1 12785101.1 12785102.1 12785103.1 12785104.1 12785105.1 12791101.1 12791102.1 12791103.1 12791104.1 12791105.1 12797101.1 12797102.1 12797103.1 12797104.1 12797105.1 12803101.1 12803102.1 12803103.1 12803104.1 12803105.1 12809101.1 12809102.1 12809103.1 12809104.1 12809105.1"
General-304-20260718-16:35:34-5569,vector,Florasat_Individual_Sats.terminal[12].dlk.mac,vector_preds_BiLSTM,,,"1.93131527235 14.5621339751 27.26279614447 37.92795565515 51.9529920544 116.40148826642 130.73322198936 144.22814702965 155.00302742702 165.34376583529 231.56805707561 242.84479606501 254.69700941071 266.99735745159 281.90687685227 346.01834376529 358.32525082817 370.35029926523 382.9420617253 395.98721396131 461.9907804688 475.3651708765 488.77925435594 500.26317516622 514.60432460346 576.60767492955 590.64559142455 603.11858752277 617.91952333064 628.04556384916 691.96330313268 704.66158214421 718.80315225618 732.13029868016 746.01966399513","12769201.1 12769202.1 12769203.1 12769204.1 12769205.1 12775201.1 12775202.1 12775203.1 12775204.1 12775205.1 12781201.1 12781202.1 12781203.1 12781204.1 12781205.1 12787201.1 12787202.1 12787203.1 12787204.1 12787205.1 12793201.1 12793202.1 12793203.1 12793204.1 12793205.1 12799201.1 12799202.1 12799203.1 12799204.1 12799205.1 12805201.1 12805202.1 12805203.1 12805204.1 12805205.1"
General-304-20260718-16:35:34-5569,vector,Florasat_Individual_Sats.terminal[56].dlk.mac,vector_preds_BiLSTM,,,"1.99777030782 15.38828937151 27.32239723951 38.1371591338 50.7755410187 116.30845292518 127.38018397056 138.51420296287 150.02247934743 160.45607191907 231.09717547242 245.03133901558 257.58772236342 269.78229355812 279.90536527289 346.16156177362 357.68342096242 368.33525476861 379.43718927796 393.45737481839 461.85953930533 475.32624818664 488.82131336769 502.42040055385 516.14002605016 576.6493827824 587.31509165116 599.65649179974 610.23544034897 622.99058116134 691.64055417245 701.74901277129 712.78558403905 723.58276565046 734.56674050725","12773601.1 12773602.1 12773603.1 12773604.1 12773605.1 12779601.1 12779602.1 12779603.1 12779604.1 12779605.1 12785601.1 12785602.1 12785603.1 12785604.1 12785605.1 12791601.1 12791602.1 12791603.1 12791604.1 12791605.1 12797601.1 12797602.1 12797603.1 12797604.1 12797605.1 12803601.1 12803602.1 12803603.1 12803604.1 12803605.1 12809601.1 12809602.1 12809603.1 12809604.1 12809605.1"
General-304-20260718-16:35:34-5569,vector,Florasat_Individual_Sats.satellite[0].dlkDSL.mac,VectorTransmitMethod_ReceptionResult,,,"129.51631031222 131.70012179147 139.33449996397 141.04226897255 141.65468138218 145.13293476742 145.3719810496 149.30107617274 151.04862007888 152.05337292323 152.28369913836 157.2050751042 159.92052107318 161.62336847505 162.03712791907 162.80554856163 163.82083372901 174.12102639875 233.46262364861 244.45189327694 246.05822190506 253.16214708881 254.22911395709 254.87965886402 254.99642519726 256.7067488722 257.00493574741 266.82177774416 268.48741482238 271.19229557309 272.75516772659 274.37062246053 276.0838496811 277.14168394558 278.75150165837 278.92493781614 278.96635730093 282.67669748844 283.88623746012 284.72875731828 286.33142157125 357.20730477189 358.0525981427 360.43226165482 361.02121302921 362.78087002262 363.14310441169 368.81994558162 369.72218081954 372.70353722333 373.65806073992 374.16004230192 374.61856162892 375.20514844139 375.56956663303 376.57621455754 381.0117267283 382.37692929239 382.67263379008 384.22630621952 384.45241438238 386.40325567958 387.69642545402 388.4281713671 389.77277186609 390.73490816019 392.2379829957 393.72116998573 393.82018753041 394.85923196322 395.57632729779 395.90137316044 398.35432847443 399.34842294807 399.98291767774 400.19436674908 402.59592439322 403.26892965929 472.74779336308 482.39079094579 483.13672388455 483.75631044497 484.48113056895 484.70643259832 489.21547835594 489.73737617679 490.53909635022 492.50220594373 495.81327215036 496.45754114612 500.25329944084 502.42046203993 503.38997470997 504.00145655385 507.24587519434 507.83009599782 509.76372098312 510.47683885775 510.89666815422 513.63676043244 515.04054860346 515.31570257004 517.72108205016 597.65908457542 598.7317642515 599.1086496645 600.00490523915 601.23754779974 606.71152107583 609.37234275246 609.70237197288 610.01152837453 611.81649634897 611.88803511526 620.9280137575 624.80897035254 720.60949768083 727.57855020779 732.49508461137 745.86466023354","12775802 12778902 12776103 12774103 12775903 12778903 12778503 12775004 12775104 12775904 12774004 12778504 12778904 12775105 12779605 12775005 12775805 12778905 12784801 12780502 12784802 12784203 12781103 12781803 12783903 12784903 12782403 12781904 12782104 12784904 12780104 12783304 12783404 12780605 12784005 12783905 12785005 12784805 12780305 12785305 12780105 12790902 12791302 12790502 12788102 12787602 12788302 12790003 12788603 12790603 12786503 12788403 12790503 12787603 12791503 12788303 12790004 12788604 12790904 12791304 12791404 12786304 12788204 12791504 12788304 12790205 12790005 12786205 12788105 12791305 12790505 12787505 12790605 12788205 12787005 12791005 12791505 12786705 12797402 12794103 12797003 12797303 12797503 12797403 12793203 12796303 12795503 12794903 12795204 12793304 12792404 12792104 12793604 12797604 12797405 12793305 12797305 12792405 12797505 12794505 12793205 12795505 12797605 12799103 12798603 12803303 12803503 12803603 12800303 12802504 12799304 12798604 12803604 12799404 12802505 12798605 12807803 12804404 12804604 12809905"
General-304-20260718-16:35:34-5569,vector,Florasat_Individual_Sats.satellite[0].dlkDSL.mac,Satellite Position when Repetition Received,,,"129.51631031222 131.70012179147 139.33449996397 141.04226897255 141.65468138218 145.13293476742 145.3719810496 149.30107617274 151.04862007888 152.05337292323 152.28369913836 157.2050751042 159.92052107318 161.62336847505 162.03712791907 162.80554856163 163.82083372901 174.12102639875 233.46262364861 244.45189327694 246.05822190506 253.16214708881 254.22911395709 254.87965886402 254.99642519726 256.7067488722 257.00493574741 266.82177774416 268.48741482238 271.19229557309 272.75516772659 274.37062246053 276.0838496811 277.14168394558 278.75150165837 278.92493781614 278.96635730093 282.67669748844 283.88623746012 284.72875731828 286.33142157125 357.20730477189 358.0525981427 360.43226165482 361.02121302921 362.78087002262 363.14310441169 368.81994558162 369.72218081954 372.70353722333 373.65806073992 374.16004230192 374.61856162892 375.20514844139 375.56956663303 376.57621455754 381.0117267283 382.37692929239 382.67263379008 384.22630621952 384.45241438238 386.40325567958 387.69642545402 388.4281713671 389.77277186609 390.73490816019 392.2379829957 393.72116998573 393.82018753041 394.85923196322 395.57632729779 395.90137316044 398.35432847443 399.34842294807 399.98291767774 400.19436674908 402.59592439322 403.26892965929 472.74779336308 482.39079094579 483.13672388455 483.75631044497 484.48113056895 484.70643259832 489.21547835594 489.73737617679 490.53909635022 492.50220594373 495.81327215036 496.45754114612 500.25329944084 502.42046203993 503.38997470997 504.00145655385 507.24587519434 507.83009599782 509.76372098312 510.47683885775 510.89666815422 513.63676043244 515.04054860346 515.31570257004 517.72108205016 597.65908457542 598.7317642515 599.1086496645 600.00490523915 601.23754779974 606.71152107583 609.37234275246 609.70237197288 610.01152837453 611.81649634897 611.88803511526 620.9280137575 624.80897035254 720.60949768083 727.57855020779 732.49508461137 745.86466023354","180 180 180 180 180 180 180 180 180 180 180 180 180 180 180 180 180 180 180 180 180 180 180 180 180 180 180 180 180 180 180 180 180 180 180 180 180 180 180 180 180 180 180 180 180 180 180 180 180 180 180 180 180 180 180 180 180 180 180 180 180 180 180 180 180 180 180 180 180 180 180 180 180 180 180 180 180 180 180 180 180 180 180 180 180 180 180 180 180 180 180 180 180 180 180 180 180 180 180 180 180 180 180 180 180 180 180 180 180 180 180 180 180 180 180 180 180 180 180 180"
General-304-20260718-16:35:34-5569,vector,Florasat_Individual_Sats.satellite[0].dlkDSL.mac,Repetition Position for Node 358 at Satellite,,,"129.51631031222 163.82083372901 254.87965886402","180 180 180"
General-304-20260718-16:35:34-5569,vector,Florasat_Individual_Sats.satellite[0].dlkDSL.mac,All Nodes Repetition Generation Delay at Satellite,,,"129.51631031222 131.70012179147 139.33449996397 141.04226897255 141.65468138218 145.13293476742 145.3719810496 149.30107617274 151.04862007888 152.05337292323 152.28369913836 157.2050751042 159.92052107318 161.62336847505 162.03712791907 162.80554856163 163.82083372901 174.12102639875 233.46262364861 244.45189327694 246.05822190506 253.16214708881 254.22911395709 254.87965886402 254.99642519726 256.7067488722 257.00493574741 266.82177774416 268.48741482238 271.19229557309 272.75516772659 274.37062246053 276.0838496811 277.14168394558 278.75150165837 278.92493781614 278.96635730093 282.67669748844 283.88623746012 284.72875731828 286.33142157125 357.20730477189 358.0525981427 360.43226165482 361.02121302921 362.78087002262 363.14310441169 368.81994558162 369.72218081954 372.70353722333 373.65806073992 374.16004230192 374.61856162892 375.20514844139 375.56956663303 376.57621455754 381.0117267283 382.37692929239 382.67263379008 384.22630621952 384.45241438238 386.40325567958 387.69642545402 388.4281713671 389.77277186609 390.73490816019 392.2379829957 393.72116998573 393.82018753041 394.85923196322 395.57632729779 395.90137316044 398.35432847443 399.34842294807 399.98291767774 400.19436674908 402.59592439322 403.26892965929 472.74779336308 482.39079094579 483.13672388455 483.75631044497 484.48113056895 484.70643259832 489.21547835594 489.73737617679 490.53909635022 492.50220594373 495.81327215036 496.45754114612 500.25329944084 502.42046203993 503.38997470997 504.00145655385 507.24587519434 507.83009599782 509.76372098312 510.47683885775 510.89666815422 513.63676043244 515.04054860346 515.31570257004 517.72108205016 597.65908457542 598.7317642515 599.1086496645 600.00490523915 601.23754779974 606.71152107583 609.37234275246 609.70237197288 610.01152837453 611.81649634897 611.88803511526 620.9280137575 624.80897035254 720.60949768083 727.57855020779 732.49508461137 745.86466023354","13.51631031222 15.70012179147 23.33449996397 25.04226897255 25.65468138218 29.13293476742 29.3719810496 33.30107617274 35.04862007888 36.05337292323 36.28369913836 41.2050751042 43.92052107318 45.62336847505 46.03712791907 46.80554856163 47.82083372901 58.12102639875 2.46262364861 13.45189327694 15.05822190506 22.16214708881 23.22911395709 23.87965886402 23.99642519726 25.7067488722 26.00493574741 35.82177774416 37.48741482238 40.19229557309 41.75516772659 43.37062246053 45.0838496811 46.14168394558 47.75150165837 47.92493781614 47.96635730093 51.67669748844 52.88623746012 53.72875731828 55.33142157125 11.20730477189 12.0525981427 14.43226165482 15.02121302921 16.78087002262 17.14310441169 22.81994558162 23.72218081954 26.70353722333 27.65806073992 28.16004230192 28.61856162892 29.20514844139 29.56956663303 30.57621455754 35.0117267283 36.37692929239 36.67263379008 38.22630621952 38.45241438238 40.40325567958 41.69642545402 42.4281713671 43.77277186609 44.73490816019 46.2379829957 47.72116998573 47.82018753041 48.85923196322 49.57632729779 49.90137316044 52.35432847443 53.34842294807 53.98291767774 54.19436674908 56.59592439322 57.26892965929 11.74779336308 21.39079094579 22.13672388455 22.75631044497 23.48113056895 23.70643259832 28.21547835594 28.73737617679 29.53909635022 31.50220594373 34.81327215036 35.45754114612 39.25329944084 41.42046203993 42.38997470997 43.00145655385 46.24587519434 46.83009599782 48.76372098312 49.47683885775 49.89666815422 52.63676043244 54.04054860346 54.31570257004 56.72108205016 21.65908457542 22.7317642515 23.1086496645 24.00490523915 25.23754779974 30.71152107583 33.37234275246 33.70237197288 34.01152837453 35.81649634897 35.88803511526 44.9280137575 48.80897035254 29.60949768083 36.57855020779 41.49508461137 54.86466023354"
General-304-20260718-16:35:34-5569,vector,Florasat_Individual_Sats.satellite[0].dlkDSL.mac,Repetition Generation Delay for Node 358 at Satellite,,,"129.51631031222 163.82083372901 254.87965886402","13.51631031222 47.82083372901 23.87965886402"
General-304-20260718-16:35:34-5569,vector,Florasat_Individual_Sats.satellite[0].dlkDSL.mac,Successful Repetition Number counted for MAC protocol,,,"129.51631031222 131.70012179147 139.33449996397 141.04226897255 141.65468138218 145.3719810496 149.30107617274 151.04862007888 152.28369913836 162.03712791907 233.46262364861 244.45189327694 253.16214708881 254.22911395709 254.87965886402 254.99642519726 256.7067488722 257.00493574741 266.82177774416 268.48741482238 272.75516772659 274.37062246053 276.0838496811 277.14168394558 278.75150165837 278.96635730093 283.88623746012 284.72875731828 357.20730477189 358.0525981427 360.43226165482 361.02121302921 362.78087002262 363.14310441169 368.81994558162 369.72218081954 372.70353722333 373.65806073992 374.16004230192 375.56956663303 384.45241438238 386.40325567958 387.69642545402 390.73490816019 393.72116998573 395.90137316044 399.98291767774 400.19436674908 403.26892965929 472.74779336308 482.39079094579 483.13672388455 483.75631044497 484.48113056895 489.21547835594 489.73737617679 490.53909635022 492.50220594373 495.81327215036 496.45754114612 500.25329944084 502.42046203993 503.38997470997 504.00145655385 513.63676043244 597.65908457542 598.7317642515 599.1086496645 600.00490523915 601.23754779974 606.71152107583 609.37234275246 609.70237197288 611.88803511526 720.60949768083 727.57855020779 732.49508461137 745.86466023354","2 2 3 3 3 3 4 4 4 5 1 2 3 3 3 3 3 3 4 4 4 4 4 5 5 5 5 5 2 2 2 2 2 2 3 3 3 3 3 3 4 4 4 5 5 5 5 5 5 2 3 3 3 3 3 3 3 3 4 4 4 4 4 4 5 3 3 3 3 3 3 4 4 4 3 4 4 5"
General-304-20260718-16:35:34-5569,vector,Florasat_Individual_Sats.satellite[0].dlkDSL.mac,Successful Repetition Number counted for the Model,,,"129.51631031222 131.70012179147 139.33449996397 141.04226897255 141.65468138218 145.3719810496 149.30107617274 151.04862007888 152.28369913836 162.03712791907 233.46262364861 244.45189327694 253.16214708881 254.22911395709 254.87965886402 254.99642519726 256.7067488722 257.00493574741 266.82177774416 268.48741482238 272.75516772659 274.37062246053 276.0838496811 277.14168394558 278.75150165837 278.96635730093 283.88623746012 284.72875731828 357.20730477189 358.0525981427 360.43226165482 361.02121302921 362.78087002262 363.14310441169 368.81994558162 369.72218081954 372.70353722333 373.65806073992 374.16004230192 375.56956663303 384.45241438238 386.40325567958 387.69642545402 390.73490816019 393.72116998573 395.90137316044 399.98291767774 400.19436674908 403.26892965929 472.74779336308 482.39079094579 483.13672388455 483.75631044497 484.48113056895 489.21547835594 489.73737617679 490.53909635022 492.50220594373 495.81327215036 496.45754114612 500.25329944084 502.42046203993 503.38997470997 504.00145655385 513.63676043244 597.65908457542 598.7317642515 599.1086496645 600.00490523915 601.23754779974 606.71152107583 609.37234275246 609.70237197288 611.88803511526 720.60949768083 727.57855020779 732.49508461137 745.86466023354","2 2 3 3 3 3 4 4 4 5 1 2 3 3 3 3 3 3 4 4 4 4 4 5 5 5 5 5 2 2 2 2 2 2 3 3 3 3 3 3 4 4 4 5 5 5 5 5 5 2 3 3 3 3 3 3 3 3 4 4 4 4 4 4 5 3 3 3 3 3 3 4 4 4 3 4 4 5"
General-304-20260718-16:35:34-5569,vector,Florasat_Individual_Sats.satellite[0].dlkDSL.mac,All Nodes Message Generation Delay at Satellite,,,"129.51631031222 131.70012179147 139.33449996397 141.04226897255 141.65468138218 145.3719810496 149.30107617274 151.04862007888 152.28369913836 162.03712791907 233.46262364861 244.45189327694 253.16214708881 254.22911395709 254.87965886402 254.99642519726 256.7067488722 257.00493574741 266.82177774416 268.48741482238 272.75516772659 274.37062246053 276.0838496811 277.14168394558 278.75150165837 278.96635730093 283.88623746012 284.72875731828 357.20730477189 358.0525981427 360.43226165482 361.02121302921 362.78087002262 363.14310441169 368.81994558162 369.72218081954 372.70353722333 373.65806073992 374.16004230192 375.56956663303 384.45241438238 386.40325567958 387.69642545402 390.73490816019 393.72116998573 395.90137316044 399.98291767774 400.19436674908 403.26892965929 472.74779336308 482.39079094579 483.13672388455 483.75631044497 484.48113056895 489.21547835594 489.73737617679 490.53909635022 492.50220594373 495.81327215036 496.45754114612 500.25329944084 502.42046203993 503.38997470997 504.00145655385 513.63676043244 597.65908457542 598.7317642515 599.1086496645 600.00490523915 601.23754779974 606.71152107583 609.37234275246 609.70237197288 611.88803511526 720.60949768083 727.57855020779 732.49508461137 745.86466023354","13.51631031222 15.70012179147 23.33449996397 25.04226897255 25.65468138218 29.3719810496 33.30107617274 35.04862007888 36.28369913836 46.03712791907 2.46262364861 13.45189327694 22.16214708881 23.22911395709 23.87965886402 23.99642519726 25.7067488722 26.00493574741 35.82177774416 37.48741482238 41.75516772659 43.37062246053 45.0838496811 46.14168394558 47.75150165837 47.96635730093 52.88623746012 53.72875731828 11.20730477189 12.0525981427 14.43226165482 15.02121302921 16.78087002262 17.14310441169 22.81994558162 23.72218081954 26.70353722333 27.65806073992 28.16004230192 29.56956663303 38.45241438238 40.40325567958 41.69642545402 44.73490816019 47.72116998573 49.90137316044 53.98291767774 54.19436674908 57.26892965929 11.74779336308 21.39079094579 22.13672388455 22.75631044497 23.48113056895 28.21547835594 28.73737617679 29.53909635022 31.50220594373 34.81327215036 35.45754114612 39.25329944084 41.42046203993 42.38997470997 43.00145655385 52.63676043244 21.65908457542 22.7317642515 23.1086496645 24.00490523915 25.23754779974 30.71152107583 33.37234275246 33.70237197288 35.88803511526 29.60949768083 36.57855020779 41.49508461137 54.86466023354"
General-304-20260718-16:35:34-5569,vector,Florasat_Individual_Sats.satellite[0].dlkDSL.mac,Message Generation Delay for Node 358 at Satellite,,,"129.51631031222 254.87965886402","13.51631031222 23.87965886402"
General-304-20260718-16:35:34-5569,vector,Florasat_Individual_Sats.satellite[0].net.packetHandler,packets received,,,"129.51631031222 131.70012179147 139.33449996397 141.04226897255 141.65468138218 145.13293476742 145.3719810496 149.30107617274 151.04862007888 152.05337292323 152.28369913836 157.2050751042 159.92052107318 161.62336847505 162.03712791907 162.80554856163 163.82083372901 174.12102639875 233.46262364861 244.45189327694 246.05822190506 253.16214708881 254.22911395709 254.87965886402 254.99642519726 256.7067488722 257.00493574741 266.82177774416 268.48741482238 271.19229557309 272.75516772659 274.37062246053 276.0838496811 277.14168394558 278.75150165837 278.92493781614 278.96635730093 282.67669748844 283.88623746012 284.72875731828 286.33142157125 357.20730477189 358.0525981427 360.43226165482 361.02121302921 362.78087002262 363.14310441169 368.81994558162 369.72218081954 372.70353722333 373.65806073992 374.16004230192 374.61856162892 375.20514844139 375.56956663303 376.57621455754 381.0117267283 382.37692929239 382.67263379008 384.22630621952 384.45241438238 386.40325567958 387.69642545402 388.4281713671 389.77277186609 390.73490816019 392.2379829957 393.72116998573 393.82018753041 394.85923196322 395.57632729779 395.90137316044 398.35432847443 399.34842294807 399.98291767774 400.19436674908 402.59592439322 403.26892965929 472.74779336308 482.39079094579 483.13672388455 483.75631044497 484.48113056895 484.70643259832 489.21547835594 489.73737617679 490.53909635022 492.50220594373 495.81327215036 496.45754114612 500.25329944084 502.42046203993 503.38997470997 504.00145655385 507.24587519434 507.83009599782 509.76372098312 510.47683885775 510.89666815422 513.63676043244 515.04054860346 515.31570257004 517.72108205016 597.65908457542 598.7317642515 599.1086496645 600.00490523915 601.23754779974 606.71152107583 609.37234275246 609.70237197288 610.01152837453 611.81649634897 611.88803511526 620.9280137575 624.80897035254 720.60949768083 727.57855020779 732.49508461137 745.86466023354","1 2 3 4 5 6 7 8 9 10 11 12 13 14 15 16 17 18 19 20 21 22 23 24 25 26 27 28 29 30 31 32 33 34 35 36 37 38 39 40 41 42 43 44 45 46 47 48 49 50 51 52 53 54 55 56 57 58 59 60 61 62 63 64 65 66 67 68 69 70 71 72 73 74 75 76 77 78 79 80 81 82 83 84 85 86 87 88 89 90 91 92 93 94 95 96 97 98 99 100 101 102 103 104 105 106 107 108 109 110 111 112 113 114 115 116 117 118 119 120"
General-304-20260718-16:35:34-5569,vector,Florasat_Individual_Sats.satellite[0].net.packetHandler,dropped unroutable,,,"129.51631031222 131.70012179147 139.33449996397 141.04226897255 141.65468138218 145.13293476742 145.3719810496 149.30107617274 151.04862007888 152.05337292323 152.28369913836 157.2050751042 159.92052107318 161.62336847505 162.03712791907 162.80554856163 163.82083372901 174.12102639875 233.46262364861 244.45189327694 246.05822190506 253.16214708881 254.22911395709 254.87965886402 254.99642519726 256.7067488722 257.00493574741 266.82177774416 268.48741482238 271.19229557309 272.75516772659 274.37062246053 276.0838496811 277.14168394558 278.75150165837 278.92493781614 278.96635730093 282.67669748844 283.88623746012 284.72875731828 286.33142157125 357.20730477189 358.0525981427 360.43226165482 361.02121302921 362.78087002262 363.14310441169 368.81994558162 369.72218081954 372.70353722333 373.65806073992 374.16004230192 374.61856162892 375.20514844139 375.56956663303 376.57621455754 381.0117267283 382.37692929239 382.67263379008 384.22630621952 384.45241438238 386.40325567958 387.69642545402 388.4281713671 389.77277186609 390.73490816019 392.2379829957 393.72116998573 393.82018753041 394.85923196322 395.57632729779 395.90137316044 398.35432847443 399.34842294807 399.98291767774 400.19436674908 402.59592439322 403.26892965929 472.74779336308 482.39079094579 483.13672388455 483.75631044497 484.48113056895 484.70643259832 489.21547835594 489.73737617679 490.53909635022 492.50220594373 495.81327215036 496.45754114612 500.25329944084 502.42046203993 503.38997470997 504.00145655385 507.24587519434 507.83009599782 509.76372098312 510.47683885775 510.89666815422 513.63676043244 515.04054860346 515.31570257004 517.72108205016 597.65908457542 598.7317642515 599.1086496645 600.00490523915 601.23754779974 606.71152107583 609.37234275246 609.70237197288 610.01152837453 611.81649634897 611.88803511526 620.9280137575 624.80897035254 720.60949768083 727.57855020779 732.49508461137 745.86466023354","1 2 3 4 5 6 7 8 9 10 11 12 13 14 15 16 17 18 19 20 21 22 23 24 25 26 27 28 29 30 31 32 33 34 35 36 37 38 39 40 41 42 43 44 45 46 47 48 49 50 51 52 53 54 55 56 57 58 59 60 61 62 63 64 65 66 67 68 69 70 71 72 73 74 75 76 77 78 79 80 81 82 83 84 85 86 87 88 89 90 91 92 93 94 95 96 97 98 99 100 101 102 103 104 105 106 107 108 109 110 111 112 113 114 115 116 117 118 119 120"
General-304-20260718-16:35:34-5569,vector,Florasat_Individual_Sats.satellite[0].net.packetHandler,packets dropped,,,"129.51631031222 131.70012179147 139.33449996397 141.04226897255 141.65468138218 145.13293476742 145.3719810496 149.30107617274 151.04862007888 152.05337292323 152.28369913836 157.2050751042 159.92052107318 161.62336847505 162.03712791907 162.80554856163 163.82083372901 174.12102639875 233.46262364861 244.45189327694 246.05822190506 253.16214708881 254.22911395709 254.87965886402 254.99642519726 256.7067488722 257.00493574741 266.82177774416 268.48741482238 271.19229557309 272.75516772659 274.37062246053 276.0838496811 277.14168394558 278.75150165837 278.92493781614 278.96635730093 282.67669748844 283.88623746012 284.72875731828 286.33142157125 357.20730477189 358.0525981427 360.43226165482 361.02121302921 362.78087002262 363.14310441169 368.81994558162 369.72218081954 372.70353722333 373.65806073992 374.16004230192 374.61856162892 375.20514844139 375.56956663303 376.57621455754 381.0117267283 382.37692929239 382.67263379008 384.22630621952 384.45241438238 386.40325567958 387.69642545402 388.4281713671 389.77277186609 390.73490816019 392.2379829957 393.72116998573 393.82018753041 394.85923196322 395.57632729779 395.90137316044 398.35432847443 399.34842294807 399.98291767774 400.19436674908 402.59592439322 403.26892965929 472.74779336308 482.39079094579 483.13672388455 483.75631044497 484.48113056895 484.70643259832 489.21547835594 489.73737617679 490.53909635022 492.50220594373 495.81327215036 496.45754114612 500.25329944084 502.42046203993 503.38997470997 504.00145655385 507.24587519434 507.83009599782 509.76372098312 510.47683885775 510.89666815422 513.63676043244 515.04054860346 515.31570257004 517.72108205016 597.65908457542 598.7317642515 599.1086496645 600.00490523915 601.23754779974 606.71152107583 609.37234275246 609.70237197288 610.01152837453 611.81649634897 611.88803511526 620.9280137575 624.80897035254 720.60949768083 727.57855020779 732.49508461137 745.86466023354","1 2 3 4 5 6 7 8 9 10 11 12 13 14 15 16 17 18 19 20 21 22 23 24 25 26 27 28 29 30 31 32 33 34 35 36 37 38 39 40 41 42 43 44 45 46 47 48 49 50 51 52 53 54 55 56 57 58 59 60 61 62 63 64 65 66 67 68 69 70 71 72 73 74 75 76 77 78 79 80 81 82 83 84 85 86 87 88 89 90 91 92 93 94 95 96 97 98 99 100 101 102 103 104 105 106 107 108 109 110 111 112 113 114 115 116 117 118 119 120"
General-304-20260718-16:35:34-5569,vector,Florasat_Individual_Sats.satellite[0].dlkDSL.mac,Repetition Position for Node 823 at Satellite,,,"131.70012179147 145.13293476742 159.92052107318 174.12102639875 256.7067488722 271.19229557309 357.20730477189 382.67263379008","180 180 180 180 180 180 180 180"
General-304-20260718-16:35:34-5569,vector,Florasat_Individual_Sats.satellite[0].dlkDSL.mac,Repetition Generation Delay for Node 823 at Satellite,,,"131.70012179147 145.13293476742 159.92052107318 174.12102639875 256.7067488722 271.19229557309 357.20730477189 382.67263379008","15.70012179147 29.13293476742 43.92052107318 58.12102639875 25.7067488722 40.19229557309 11.20730477189 36.67263379008"
General-304-20260718-16:35:34-5569,vector,Florasat_Individual_Sats.satellite[0].dlkDSL.mac,Message Generation Delay for Node 823 at Satellite,,,"131.70012179147 256.7067488722 357.20730477189","15.70012179147 25.7067488722 11.20730477189"
General-304-20260718-16:35:34-5569,vector,Florasat_Individual_Sats.satellite[0].dlkDSL.mac,Repetition Position for Node 403 at Satellite,,,"139.33449996397 268.48741482238 361.02121302921 393.82018753041 482.39079094579","180 180 180 180 180"
General-304-20260718-16:35:34-5569,vector,Florasat_Individual_Sats.satellite[0].dlkDSL.mac,Repetition Generation Delay for Node 403 at Satellite,,,"139.33449996397 268.48741482238 361.02121302921 393.82018753041 482.39079094579","23.33449996397 37.48741482238 15.02121302921 47.82018753041 21.39079094579"
General-304-20260718-16:35:34-5569,vector,Florasat_Individual_Sats.satellite[0].dlkDSL.mac,Message Generation Delay for Node 403 at Satellite,,,"139.33449996397 268.48741482238 361.02121302921 482.39079094579","23.33449996397 37.48741482238 15.02121302921 21.39079094579"
General-304-20260718-16:35:34-5569,vector,Florasat_Individual_Sats.satellite[0].dlkDSL.mac,Repetition Position for Node 103 at Satellite,,,"141.04226897255 272.75516772659 286.33142157125 502.42046203993","180 180 180 180"
General-304-20260718-16:35:34-5569,vector,Florasat_Individual_Sats.satellite[0].dlkDSL.mac,Repetition Generation Delay for Node 103 at Satellite,,,"141.04226897255 272.75516772659 286.33142157125 502.42046203993","25.04226897255 41.75516772659 55.33142157125 41.42046203993"
General-304-20260718-16:35:34-5569,vector,Florasat_Individual_Sats.satellite[0].dlkDSL.mac,Message Generation Delay for Node 103 at Satellite,,,"141.04226897255 272.75516772659 502.42046203993","25.04226897255 41.75516772659 41.42046203993"
General-304-20260718-16:35:34-5569,vector,Florasat_Individual_Sats.satellite[0].dlkDSL.mac,Repetition Position for Node 373 at Satellite,,,"141.65468138218 152.05337292323 266.82177774416","180 180 180"
General-304-20260718-16:35:34-5569,vector,Florasat_Individual_Sats.satellite[0].dlkDSL.mac,Repetition Generation Delay for Node 373 at Satellite,,,"141.65468138218 152.05337292323 266.82177774416","25.65468138218 36.05337292323 35.82177774416"
General-304-20260718-16:35:34-5569,vector,Florasat_Individual_Sats.satellite[0].dlkDSL.mac,Message Generation Delay for Node 373 at Satellite,,,"141.65468138218 266.82177774416","25.65468138218 35.82177774416"
General-304-20260718-16:35:34-5569,vector,Florasat_Individual_Sats.satellite[0].dlkDSL.mac,Repetition Position for Node 763 at Satellite,,,"145.3719810496 157.2050751042 360.43226165482 374.61856162892 395.57632729779 609.37234275246 620.9280137575","180 180 180 180 180 180 180"
General-304-20260718-16:35:34-5569,vector,Florasat_Individual_Sats.satellite[0].dlkDSL.mac,Repetition Generation Delay for Node 763 at Satellite,,,"145.3719810496 157.2050751042 360.43226165482 374.61856162892 395.57632729779 609.37234275246 620.9280137575","29.3719810496 41.2050751042 14.43226165482 28.61856162892 49.57632729779 33.37234275246 44.9280137575"
General-304-20260718-16:35:34-5569,vector,Florasat_Individual_Sats.satellite[0].dlkDSL.mac,Message Generation Delay for Node 763 at Satellite,,,"145.3719810496 360.43226165482 609.37234275246","29.3719810496 14.43226165482 33.37234275246"
General-304-20260718-16:35:34-5569,vector,Florasat_Individual_Sats.satellite[0].dlkDSL.mac,Repetition Position for Node 238 at Satellite,,,"149.30107617274 162.80554856163 399.98291767774","180 180 180"
General-304-20260718-16:35:34-5569,vector,Florasat_Individual_Sats.satellite[0].dlkDSL.mac,Repetition Generation Delay for Node 238 at Satellite,,,"149.30107617274 162.80554856163 399.98291767774","33.30107617274 46.80554856163 53.98291767774"
General-304-20260718-16:35:34-5569,vector,Florasat_Individual_Sats.satellite[0].dlkDSL.mac,Message Generation Delay for Node 238 at Satellite,,,"149.30107617274 399.98291767774","33.30107617274 53.98291767774"
General-304-20260718-16:35:34-5569,vector,Florasat_Individual_Sats.satellite[0].dlkDSL.mac,Repetition Position for Node 253 at Satellite,,,"151.04862007888 161.62336847505 254.22911395709 597.65908457542","180 180 180 180"
General-304-20260718-16:35:34-5569,vector,Florasat_Individual_Sats.satellite[0].dlkDSL.mac,Repetition Generation Delay for Node 253 at Satellite,,,"151.04862007888 161.62336847505 254.22911395709 597.65908457542","35.04862007888 45.62336847505 23.22911395709 21.65908457542"
General-304-20260718-16:35:34-5569,vector,Florasat_Individual_Sats.satellite[0].dlkDSL.mac,Message Generation Delay for Node 253 at Satellite,,,"151.04862007888 254.22911395709 597.65908457542","35.04862007888 23.22911395709 21.65908457542"
General-304-20260718-16:35:34-5569,vector,Florasat_Individual_Sats.satellite[0].dlkDSL.mac,Repetition Position for Node 88 at Satellite,,,"152.28369913836","180"
General-304-20260718-16:35:34-5569,vector,Florasat_Individual_Sats.satellite[0].dlkDSL.mac,Repetition Generation Delay for Node 88 at Satellite,,,"152.28369913836","36.28369913836"
General-304-20260718-16:35:34-5569,vector,Florasat_Individual_Sats.satellite[0].dlkDSL.mac,Message Generation Delay for Node 88 at Satellite,,,"152.28369913836","36.28369913836"
General-304-20260718-16:35:34-5569,vector,Florasat_Individual_Sats.satellite[0].dlkDSL.mac,Repetition Position for Node 928 at Satellite,,,"162.03712791907 504.00145655385 517.72108205016 601.23754779974 611.81649634897","180 180 180 180 180"
General-304-20260718-16:35:34-5569,vector,Florasat_Individual_Sats.satellite[0].dlkDSL.mac,Repetition Generation Delay for Node 928 at Satellite,,,"162.03712791907 504.00145655385 517.72108205016 601.23754779974 611.81649634897","46.03712791907 43.00145655385 56.72108205016 25.23754779974 35.81649634897"
General-304-20260718-16:35:34-5569,vector,Florasat_Individual_Sats.satellite[0].dlkDSL.mac,Message Generation Delay for Node 928 at Satellite,,,"162.03712791907 504.00145655385 601.23754779974","46.03712791907 43.00145655385 25.23754779974"
General-304-20260718-16:35:34-5569,vector,Florasat_Individual_Sats.satellite[0].dlkDSL.mac,Repetition Position for Node 808 at Satellite,,,"233.46262364861 246.05822190506 282.67669748844","180 180 180"
General-304-20260718-16:35:34-5569,vector,Florasat_Individual_Sats.satellite[0].dlkDSL.mac,Repetition Generation Delay for Node 808 at Satellite,,,"233.46262364861 246.05822190506 282.67669748844","2.46262364861 15.05822190506 51.67669748844"
General-304-20260718-16:35:34-5569,vector,Florasat_Individual_Sats.satellite[0].dlkDSL.mac,Message Generation Delay for Node 808 at Satellite,,,"233.46262364861","2.46262364861"
General-304-20260718-16:35:34-5569,vector,Florasat_Individual_Sats.satellite[0].dlkDSL.mac,Repetition Position for Node 163 at Satellite,,,"244.45189327694 373.65806073992","180 180"
General-304-20260718-16:35:34-5569,vector,Florasat_Individual_Sats.satellite[0].dlkDSL.mac,Repetition Generation Delay for Node 163 at Satellite,,,"244.45189327694 373.65806073992","13.45189327694 27.65806073992"
General-304-20260718-16:35:34-5569,vector,Florasat_Individual_Sats.satellite[0].dlkDSL.mac,Message Generation Delay for Node 163 at Satellite,,,"244.45189327694 373.65806073992","13.45189327694 27.65806073992"
General-304-20260718-16:35:34-5569,vector,Florasat_Individual_Sats.satellite[0].dlkDSL.mac,Repetition Position for Node 718 at Satellite,,,"253.16214708881 390.73490816019","180 180"
General-304-20260718-16:35:34-5569,vector,Florasat_Individual_Sats.satellite[0].dlkDSL.mac,Repetition Generation Delay for Node 718 at Satellite,,,"253.16214708881 390.73490816019","22.16214708881 44.73490816019"
General-304-20260718-16:35:34-5569,vector,Florasat_Individual_Sats.satellite[0].dlkDSL.mac,Message Generation Delay for Node 718 at Satellite,,,"253.16214708881 390.73490816019","22.16214708881 44.73490816019"
General-304-20260718-16:35:34-5569,vector,Florasat_Individual_Sats.satellite[0].dlkDSL.mac,Repetition Position for Node 673 at Satellite,,,"254.99642519726 278.92493781614","180 180"
General-304-20260718-16:35:34-5569,vector,Florasat_Individual_Sats.satellite[0].dlkDSL.mac,Repetition Generation Delay for Node 673 at Satellite,,,"254.99642519726 278.92493781614","23.99642519726 47.92493781614"
General-304-20260718-16:35:34-5569,vector,Florasat_Individual_Sats.satellite[0].dlkDSL.mac,Message Generation Delay for Node 673 at Satellite,,,"254.99642519726","23.99642519726"
General-304-20260718-16:35:34-5569,vector,Florasat_Individual_Sats.satellite[0].dlkDSL.mac,Repetition Position for Node 448 at Satellite,,,"257.00493574741 374.16004230192","180 180"
General-304-20260718-16:35:34-5569,vector,Florasat_Individual_Sats.satellite[0].dlkDSL.mac,Repetition Generation Delay for Node 448 at Satellite,,,"257.00493574741 374.16004230192","26.00493574741 28.16004230192"
General-304-20260718-16:35:34-5569,vector,Florasat_Individual_Sats.satellite[0].dlkDSL.mac,Message Generation Delay for Node 448 at Satellite,,,"257.00493574741 374.16004230192","26.00493574741 28.16004230192"
General-304-20260718-16:35:34-5569,vector,Florasat_Individual_Sats.satellite[0].dlkDSL.mac,Repetition Position for Node 583 at Satellite,,,"274.37062246053","180"
General-304-20260718-16:35:34-5569,vector,Florasat_Individual_Sats.satellite[0].dlkDSL.mac,Repetition Generation Delay for Node 583 at Satellite,,,"274.37062246053","43.37062246053"
General-304-20260718-16:35:34-5569,vector,Florasat_Individual_Sats.satellite[0].dlkDSL.mac,Message Generation Delay for Node 583 at Satellite,,,"274.37062246053","43.37062246053"
General-304-20260718-16:35:34-5569,vector,Florasat_Individual_Sats.satellite[0].dlkDSL.mac,Repetition Position for Node 598 at Satellite,,,"276.0838496811","180"
General-304-20260718-16:35:34-5569,vector,Florasat_Individual_Sats.satellite[0].dlkDSL.mac,Repetition Generation Delay for Node 598 at Satellite,,,"276.0838496811","45.0838496811"
General-304-20260718-16:35:34-5569,vector,Florasat_Individual_Sats.satellite[0].dlkDSL.mac,Message Generation Delay for Node 598 at Satellite,,,"276.0838496811","45.0838496811"
General-304-20260718-16:35:34-5569,vector,Florasat_Individual_Sats.satellite[0].dlkDSL.mac,Repetition Position for Node 178 at Satellite,,,"277.14168394558 598.7317642515 610.01152837453 624.80897035254 732.49508461137","180 180 180 180 180"
General-304-20260718-16:35:34-5569,vector,Florasat_Individual_Sats.satellite[0].dlkDSL.mac,Repetition Generation Delay for Node 178 at Satellite,,,"277.14168394558 598.7317642515 610.01152837453 624.80897035254 732.49508461137","46.14168394558 22.7317642515 34.01152837453 48.80897035254 41.49508461137"
General-304-20260718-16:35:34-5569,vector,Florasat_Individual_Sats.satellite[0].dlkDSL.mac,Message Generation Delay for Node 178 at Satellite,,,"277.14168394558 598.7317642515 732.49508461137","46.14168394558 22.7317642515 41.49508461137"
General-304-20260718-16:35:34-5569,vector,Florasat_Individual_Sats.satellite[0].dlkDSL.mac,Repetition Position for Node 688 at Satellite,,,"278.75150165837 368.81994558162 381.0117267283 392.2379829957","180 180 180 180"
General-304-20260718-16:35:34-5569,vector,Florasat_Individual_Sats.satellite[0].dlkDSL.mac,Repetition Generation Delay for Node 688 at Satellite,,,"278.75150165837 368.81994558162 381.0117267283 392.2379829957","47.75150165837 22.81994558162 35.0117267283 46.2379829957"
General-304-20260718-16:35:34-5569,vector,Florasat_Individual_Sats.satellite[0].dlkDSL.mac,Message Generation Delay for Node 688 at Satellite,,,"278.75150165837 368.81994558162","47.75150165837 22.81994558162"
General-304-20260718-16:35:34-5569,vector,Florasat_Individual_Sats.satellite[0].dlkDSL.mac,Repetition Position for Node 838 at Satellite,,,"278.96635730093 400.19436674908 483.13672388455","180 180 180"
General-304-20260718-16:35:34-5569,vector,Florasat_Individual_Sats.satellite[0].dlkDSL.mac,Repetition Generation Delay for Node 838 at Satellite,,,"278.96635730093 400.19436674908 483.13672388455","47.96635730093 54.19436674908 22.13672388455"
General-304-20260718-16:35:34-5569,vector,Florasat_Individual_Sats.satellite[0].dlkDSL.mac,Message Generation Delay for Node 838 at Satellite,,,"278.96635730093 400.19436674908 483.13672388455","47.96635730093 54.19436674908 22.13672388455"
General-304-20260718-16:35:34-5569,vector,Florasat_Individual_Sats.satellite[0].dlkDSL.mac,Repetition Position for Node 133 at Satellite,,,"283.88623746012 386.40325567958","180 180"
General-304-20260718-16:35:34-5569,vector,Florasat_Individual_Sats.satellite[0].dlkDSL.mac,Repetition Generation Delay for Node 133 at Satellite,,,"283.88623746012 386.40325567958","52.88623746012 40.40325567958"
General-304-20260718-16:35:34-5569,vector,Florasat_Individual_Sats.satellite[0].dlkDSL.mac,Message Generation Delay for Node 133 at Satellite,,,"283.88623746012 386.40325567958","52.88623746012 40.40325567958"
General-304-20260718-16:35:34-5569,vector,Florasat_Individual_Sats.satellite[0].dlkDSL.mac,Repetition Position for Node 883 at Satellite,,,"284.72875731828 358.0525981427 384.22630621952 394.85923196322 483.75631044497 509.76372098312 599.1086496645","180 180 180 180 180 180 180"
General-304-20260718-16:35:34-5569,vector,Florasat_Individual_Sats.satellite[0].dlkDSL.mac,Repetition Generation Delay for Node 883 at Satellite,,,"284.72875731828 358.0525981427 384.22630621952 394.85923196322 483.75631044497 509.76372098312 599.1086496645","53.72875731828 12.0525981427 38.22630621952 48.85923196322 22.75631044497 48.76372098312 23.1086496645"
General-304-20260718-16:35:34-5569,vector,Florasat_Individual_Sats.satellite[0].dlkDSL.mac,Message Generation Delay for Node 883 at Satellite,,,"284.72875731828 358.0525981427 483.75631044497 599.1086496645","53.72875731828 12.0525981427 22.75631044497 23.1086496645"
General-304-20260718-16:35:34-5569,vector,Florasat_Individual_Sats.satellite[0].dlkDSL.mac,Repetition Position for Node 328 at Satellite,,,"362.78087002262 375.20514844139 503.38997470997","180 180 180"
General-304-20260718-16:35:34-5569,vector,Florasat_Individual_Sats.satellite[0].dlkDSL.mac,Repetition Generation Delay for Node 328 at Satellite,,,"362.78087002262 375.20514844139 503.38997470997","16.78087002262 29.20514844139 42.38997470997"
General-304-20260718-16:35:34-5569,vector,Florasat_Individual_Sats.satellite[0].dlkDSL.mac,Message Generation Delay for Node 328 at Satellite,,,"362.78087002262 503.38997470997","16.78087002262 42.38997470997"
General-304-20260718-16:35:34-5569,vector,Florasat_Individual_Sats.satellite[0].dlkDSL.mac,Repetition Position for Node 433 at Satellite,,,"363.14310441169 376.57621455754 389.77277186609 606.71152107583","180 180 180 180"
General-304-20260718-16:35:34-5569,vector,Florasat_Individual_Sats.satellite[0].dlkDSL.mac,Repetition Generation Delay for Node 433 at Satellite,,,"363.14310441169 376.57621455754 389.77277186609 606.71152107583","17.14310441169 30.57621455754 43.77277186609 30.71152107583"
General-304-20260718-16:35:34-5569,vector,Florasat_Individual_Sats.satellite[0].dlkDSL.mac,Message Generation Delay for Node 433 at Satellite,,,"363.14310441169 606.71152107583","17.14310441169 30.71152107583"
General-304-20260718-16:35:34-5569,vector,Florasat_Individual_Sats.satellite[0].dlkDSL.mac,Repetition Position for Node 478 at Satellite,,,"369.72218081954 382.37692929239","180 180"
General-304-20260718-16:35:34-5569,vector,Florasat_Individual_Sats.satellite[0].dlkDSL.mac,Repetition Generation Delay for Node 478 at Satellite,,,"369.72218081954 382.37692929239","23.72218081954 36.37692929239"
General-304-20260718-16:35:34-5569,vector,Florasat_Individual_Sats.satellite[0].dlkDSL.mac,Message Generation Delay for Node 478 at Satellite,,,"369.72218081954","23.72218081954"
General-304-20260718-16:35:34-5569,vector,Florasat_Individual_Sats.satellite[0].dlkDSL.mac,Repetition Position for Node 778 at Satellite,,,"372.70353722333 398.35432847443","180 180"
General-304-20260718-16:35:34-5569,vector,Florasat_Individual_Sats.satellite[0].dlkDSL.mac,Repetition Generation Delay for Node 778 at Satellite,,,"372.70353722333 398.35432847443","26.70353722333 52.35432847443"
General-304-20260718-16:35:34-5569,vector,Florasat_Individual_Sats.satellite[0].dlkDSL.mac,Message Generation Delay for Node 778 at Satellite,,,"372.70353722333","26.70353722333"
General-304-20260718-16:35:34-5569,vector,Florasat_Individual_Sats.satellite[0].dlkDSL.mac,Repetition Position for Node 913 at Satellite,,,"375.56956663303 388.4281713671 402.59592439322 484.48113056895 510.89666815422 600.00490523915","180 180 180 180 180 180"
General-304-20260718-16:35:34-5569,vector,Florasat_Individual_Sats.satellite[0].dlkDSL.mac,Repetition Generation Delay for Node 913 at Satellite,,,"375.56956663303 388.4281713671 402.59592439322 484.48113056895 510.89666815422 600.00490523915","29.56956663303 42.4281713671 56.59592439322 23.48113056895 49.89666815422 24.00490523915"
General-304-20260718-16:35:34-5569,vector,Florasat_Individual_Sats.satellite[0].dlkDSL.mac,Message Generation Delay for Node 913 at Satellite,,,"375.56956663303 484.48113056895 600.00490523915","29.56956663303 23.48113056895 24.00490523915"
General-304-20260718-16:35:34-5569,vector,Florasat_Individual_Sats.satellite[0].dlkDSL.mac,Repetition Position for Node 898 at Satellite,,,"384.45241438238 472.74779336308 484.70643259832 507.24587519434","180 180 180 180"
General-304-20260718-16:35:34-5569,vector,Florasat_Individual_Sats.satellite[0].dlkDSL.mac,Repetition Generation Delay for Node 898 at Satellite,,,"384.45241438238 472.74779336308 484.70643259832 507.24587519434","38.45241438238 11.74779336308 23.70643259832 46.24587519434"
General-304-20260718-16:35:34-5569,vector,Florasat_Individual_Sats.satellite[0].dlkDSL.mac,Message Generation Delay for Node 898 at Satellite,,,"384.45241438238 472.74779336308","38.45241438238 11.74779336308"
General-304-20260718-16:35:34-5569,vector,Florasat_Individual_Sats.satellite[0].dlkDSL.mac,Repetition Position for Node 418 at Satellite,,,"387.69642545402 399.34842294807","180 180"
General-304-20260718-16:35:34-5569,vector,Florasat_Individual_Sats.satellite[0].dlkDSL.mac,Repetition Generation Delay for Node 418 at Satellite,,,"387.69642545402 399.34842294807","41.69642545402 53.34842294807"
General-304-20260718-16:35:34-5569,vector,Florasat_Individual_Sats.satellite[0].dlkDSL.mac,Message Generation Delay for Node 418 at Satellite,,,"387.69642545402","41.69642545402"
General-304-20260718-16:35:34-5569,vector,Florasat_Individual_Sats.satellite[0].dlkDSL.mac,Repetition Position for Node 118 at Satellite,,,"393.72116998573","180"
General-304-20260718-16:35:34-5569,vector,Florasat_Individual_Sats.satellite[0].dlkDSL.mac,Repetition Generation Delay for Node 118 at Satellite,,,"393.72116998573","47.72116998573"
General-304-20260718-16:35:34-5569,vector,Florasat_Individual_Sats.satellite[0].dlkDSL.mac,Message Generation Delay for Node 118 at Satellite,,,"393.72116998573","47.72116998573"
General-304-20260718-16:35:34-5569,vector,Florasat_Individual_Sats.satellite[0].dlkDSL.mac,Repetition Position for Node 313 at Satellite,,,"395.90137316044","180"
General-304-20260718-16:35:34-5569,vector,Florasat_Individual_Sats.satellite[0].dlkDSL.mac,Repetition Generation Delay for Node 313 at Satellite,,,"395.90137316044","49.90137316044"
General-304-20260718-16:35:34-5569,vector,Florasat_Individual_Sats.satellite[0].dlkDSL.mac,Message Generation Delay for Node 313 at Satellite,,,"395.90137316044","49.90137316044"
General-304-20260718-16:35:34-5569,vector,Florasat_Individual_Sats.satellite[0].dlkDSL.mac,Repetition Position for Node 193 at Satellite,,,"403.26892965929","180"
General-304-20260718-16:35:34-5569,vector,Florasat_Individual_Sats.satellite[0].dlkDSL.mac,Repetition Generation Delay for Node 193 at Satellite,,,"403.26892965929","57.26892965929"
General-304-20260718-16:35:34-5569,vector,Florasat_Individual_Sats.satellite[0].dlkDSL.mac,Message Generation Delay for Node 193 at Satellite,,,"403.26892965929","57.26892965929"
General-304-20260718-16:35:34-5569,vector,Florasat_Individual_Sats.satellite[0].dlkDSL.mac,Repetition Position for Node 268 at Satellite,,,"489.21547835594 515.04054860346","180 180"
General-304-20260718-16:35:34-5569,vector,Florasat_Individual_Sats.satellite[0].dlkDSL.mac,Repetition Generation Delay for Node 268 at Satellite,,,"489.21547835594 515.04054860346","28.21547835594 54.04054860346"
General-304-20260718-16:35:34-5569,vector,Florasat_Individual_Sats.satellite[0].dlkDSL.mac,Message Generation Delay for Node 268 at Satellite,,,"489.21547835594","28.21547835594"
General-304-20260718-16:35:34-5569,vector,Florasat_Individual_Sats.satellite[0].dlkDSL.mac,Repetition Position for Node 733 at Satellite,,,"489.73737617679","180"
General-304-20260718-16:35:34-5569,vector,Florasat_Individual_Sats.satellite[0].dlkDSL.mac,Repetition Generation Delay for Node 733 at Satellite,,,"489.73737617679","28.73737617679"
General-304-20260718-16:35:34-5569,vector,Florasat_Individual_Sats.satellite[0].dlkDSL.mac,Message Generation Delay for Node 733 at Satellite,,,"489.73737617679","28.73737617679"
General-304-20260718-16:35:34-5569,vector,Florasat_Individual_Sats.satellite[0].dlkDSL.mac,Repetition Position for Node 613 at Satellite,,,"490.53909635022 515.31570257004","180 180"
General-304-20260718-16:35:34-5569,vector,Florasat_Individual_Sats.satellite[0].dlkDSL.mac,Repetition Generation Delay for Node 613 at Satellite,,,"490.53909635022 515.31570257004","29.53909635022 54.31570257004"
General-304-20260718-16:35:34-5569,vector,Florasat_Individual_Sats.satellite[0].dlkDSL.mac,Message Generation Delay for Node 613 at Satellite,,,"490.53909635022","29.53909635022"
General-304-20260718-16:35:34-5569,vector,Florasat_Individual_Sats.satellite[0].dlkDSL.mac,Repetition Position for Node 523 at Satellite,,,"492.50220594373","180"
General-304-20260718-16:35:34-5569,vector,Florasat_Individual_Sats.satellite[0].dlkDSL.mac,Repetition Generation Delay for Node 523 at Satellite,,,"492.50220594373","31.50220594373"
General-304-20260718-16:35:34-5569,vector,Florasat_Individual_Sats.satellite[0].dlkDSL.mac,Message Generation Delay for Node 523 at Satellite,,,"492.50220594373","31.50220594373"
General-304-20260718-16:35:34-5569,vector,Florasat_Individual_Sats.satellite[0].dlkDSL.mac,Repetition Position for Node 568 at Satellite,,,"495.81327215036","180"
General-304-20260718-16:35:34-5569,vector,Florasat_Individual_Sats.satellite[0].dlkDSL.mac,Repetition Generation Delay for Node 568 at Satellite,,,"495.81327215036","34.81327215036"
General-304-20260718-16:35:34-5569,vector,Florasat_Individual_Sats.satellite[0].dlkDSL.mac,Message Generation Delay for Node 568 at Satellite,,,"495.81327215036","34.81327215036"
General-304-20260718-16:35:34-5569,vector,Florasat_Individual_Sats.satellite[0].dlkDSL.mac,Repetition Position for Node 283 at Satellite,,,"496.45754114612 507.83009599782 609.70237197288","180 180 180"
General-304-20260718-16:35:34-5569,vector,Florasat_Individual_Sats.satellite[0].dlkDSL.mac,Repetition Generation Delay for Node 283 at Satellite,,,"496.45754114612 507.83009599782 609.70237197288","35.45754114612 46.83009599782 33.70237197288"
General-304-20260718-16:35:34-5569,vector,Florasat_Individual_Sats.satellite[0].dlkDSL.mac,Message Generation Delay for Node 283 at Satellite,,,"496.45754114612 609.70237197288","35.45754114612 33.70237197288"
General-304-20260718-16:35:34-5569,vector,Florasat_Individual_Sats.satellite[0].dlkDSL.mac,Repetition Position for Node 148 at Satellite,,,"500.25329944084 510.47683885775 727.57855020779","180 180 180"
General-304-20260718-16:35:34-5569,vector,Florasat_Individual_Sats.satellite[0].dlkDSL.mac,Repetition Generation Delay for Node 148 at Satellite,,,"500.25329944084 510.47683885775 727.57855020779","39.25329944084 49.47683885775 36.57855020779"
General-304-20260718-16:35:34-5569,vector,Florasat_Individual_Sats.satellite[0].dlkDSL.mac,Message Generation Delay for Node 148 at Satellite,,,"500.25329944084 727.57855020779","39.25329944084 36.57855020779"
General-304-20260718-16:35:34-5569,vector,Florasat_Individual_Sats.satellite[0].dlkDSL.mac,Repetition Position for Node 463 at Satellite,,,"513.63676043244","180"
General-304-20260718-16:35:34-5569,vector,Florasat_Individual_Sats.satellite[0].dlkDSL.mac,Repetition Generation Delay for Node 463 at Satellite,,,"513.63676043244","52.63676043244"
General-304-20260718-16:35:34-5569,vector,Florasat_Individual_Sats.satellite[0].dlkDSL.mac,Message Generation Delay for Node 463 at Satellite,,,"513.63676043244","52.63676043244"
General-304-20260718-16:35:34-5569,vector,Florasat_Individual_Sats.satellite[0].dlkDSL.mac,Repetition Position for Node 298 at Satellite,,,"611.88803511526","180"
General-304-20260718-16:35:34-5569,vector,Florasat_Individual_Sats.satellite[0].dlkDSL.mac,Repetition Generation Delay for Node 298 at Satellite,,,"611.88803511526","35.88803511526"
General-304-20260718-16:35:34-5569,vector,Florasat_Individual_Sats.satellite[0].dlkDSL.mac,Message Generation Delay for Node 298 at Satellite,,,"611.88803511526","35.88803511526"
General-304-20260718-16:35:34-5569,vector,Florasat_Individual_Sats.satellite[0].dlkDSL.mac,Repetition Position for Node 658 at Satellite,,,"720.60949768083","180"
General-304-20260718-16:35:34-5569,vector,Florasat_Individual_Sats.satellite[0].dlkDSL.mac,Repetition Generation Delay for Node 658 at Satellite,,,"720.60949768083","29.60949768083"
General-304-20260718-16:35:34-5569,vector,Florasat_Individual_Sats.satellite[0].dlkDSL.mac,Message Generation Delay for Node 658 at Satellite,,,"720.60949768083","29.60949768083"
General-304-20260718-16:35:34-5569,vector,Florasat_Individual_Sats.satellite[0].dlkDSL.mac,Repetition Position for Node 973 at Satellite,,,"745.86466023354","180"
General-304-20260718-16:35:34-5569,vector,Florasat_Individual_Sats.satellite[0].dlkDSL.mac,Repetition Generation Delay for Node 973 at Satellite,,,"745.86466023354","54.86466023354"
General-304-20260718-16:35:34-5569,vector,Florasat_Individual_Sats.satellite[0].dlkDSL.mac,Message Generation Delay for Node 973 at Satellite,,,"745.86466023354","54.86466023354"
