{"mean": [48.474721364653256, 12.27788855033557, 8.380613159955256, 0.020485389261744966, 11.08165548098434, 1482.4965659843397, 712.2818791946308, 212.49161073825502], "scale": [8.470537422002296, 13.373158421026409, 18.80787765213579, 0.003554926938735937, 0.7808095021335768, 14601.095273656092, 88.56515294364773, 73.66997373619341]}