pid,time,srcId,dstId,srcSat,dstSat,latDev,longDev,loraTP,loraCF,loraSF,loraBW,loraCR,satId,elevSat,doppler,rcvOk,minPowerdBm,sensitivitydBm,duration
46458, 1.75487, 21, -1,-1,-1,51.8796,3.16644,0.015849,8.68e+08,10,125000,1,0,-3.79677,19047.5,0,-138.938,-133,0.436224
46460, 1.76805, 18, -1,-1,-1,49.4957,9.3861,0.025119,8.68e+08,10,125000,1,0,-1.92555,18360.9,0,-136.41,-133,0.436224
46462, 1.81787, 59, -1,-1,-1,43.0069,22.2244,0.015849,8.68e+08,11,125000,1,0,0.11457,14591.1,0,-137.836,-135,0.790528
46494, 1.98465, 29, -1,-1,-1,57.2186,11.901,0.019953,8.68e+08,10,125000,1,0,-8.64402,18189.3,0,-139.277,-133,0.436224
46496, 2.02007, 34, -1,-1,-1,48.1582,23.6943,0.015849,8.68e+08,10,125000,1,0,-4.25894,15532.4,0,-139.07,-133,0.436224
46508, 2.1031, 14, -1,-1,-1,38.2352,-6.87066,0.025119,8.68e+08,10,125000,1,0,8.67808,18842.6,0,-133.449,-133,0.436224
46510, 2.13191, 28, -1,-1,-1,55.2498,14.353,0.015849,8.68e+08,10,125000,1,0,-7.39607,17882.1,0,-139.938,-133,0.436224
46542, 2.41172, 4, -1,-1,-1,52.5246,-6.48755,0.025119,8.68e+08,10,125000,1,0,-5.15294,19389.2,0,-137.318,-133,0.436224
46549, 2.43214, 9, -1,-1,-1,43.9298,8.62537,0.015849,8.68e+08,11,125000,1,0,3.83422,18192.4,0,-136.782,-135,0.790528
46556, 2.52798, 50, -1,-1,-1,70.7907,22.181,0.015849,8.68e+08,11,125000,1,0,-18.797,17420.9,0,-142.834,-135,0.790528
46563, 2.65472, 38, -1,-1,-1,55.4525,23.897,0.025119,8.68e+08,11,125000,1,0,-9.29514,16624.8,0,-138.454,-135,0.790528
46570, 2.67274, 48, -1,-1,-1,66.9931,-20.4397,0.025119,8.68e+08,11,125000,1,0,-17.1297,18653.6,0,-140.443,-135,0.790528
46577, 2.80226, 0, -1,-1,-1,51.1806,-1.29064,0.025119,8.68e+08,10,125000,1,0,-3.3339,19319.8,0,-136.808,-133,0.436224
46584, 2.83219, 47, -1,-1,-1,39.1478,29.5182,0.015849,8.68e+08,12,125000,1,0,-1.35559,11167.2,0,-138.256,-137,1.58106
46586, 2.83647, 16, -1,-1,-1,53.2773,8.72452,0.025119,8.68e+08,12,125000,1,0,-5.21081,18508.7,0,-137.334,-137,1.58106
46593, 2.88662, 56, -1,-1,-1,61.255,29.3742,0.015849,8.68e+08,11,125000,1,0,-14.0328,16542.4,0,-141.686,-135,0.790528
46605, 2.9584, 12, -1,-1,-1,43.0813,-7.60286,0.019953,8.68e+08,12,125000,1,0,3.05546,19279.1,0,-136.002,-137,1.58106
46607, 2.96769, 2, -1,-1,-1,52.8574,-1.0846,0.019953,8.68e+08,12,125000,1,0,-4.83284,19269.9,0,-138.228,-137,1.58106
46619, 2.99493, 25, -1,-1,-1,42.9973,10.3296,0.015849,8.68e+08,12,125000,1,0,4.53871,17740.1,0,-136.585,-137,1.58106
46631, 3.04413, 44, -1,-1,-1,38.1663,21.4091,0.019953,8.68e+08,11,125000,1,0,4.50314,13012.1,0,-135.599,-135,0.790528
46638, 3.08233, 6, -1,-1,-1,43.3892,-0.476294,0.025119,8.68e+08,12,125000,1,0,4.54636,19351.5,0,-134.582,-137,1.58106
46645, 3.09956, 42, -1,-1,-1,44.1598,19.4781,0.019953,8.68e+08,10,125000,1,0,0.449846,15589.6,0,-136.74,-133,0.436224
46653, 3.12875, 10, -1,-1,-1,37.7624,-7.50647,0.025119,8.68e+08,11,125000,1,0,8.94246,18678.6,1,-133.378,-135,0.790528
46665, 3.19533, 15, -1,-1,-1,52.7206,6.93841,0.019953,8.68e+08,11,125000,1,0,-4.56286,18684.7,0,-138.153,-135,0.790528
46677, 3.2416, 30, -1,-1,-1,60.3678,25.9205,0.025119,8.68e+08,10,125000,1,0,-12.818,16817.4,0,-139.378,-133,0.436224
46689, 3.38671, 43, -1,-1,-1,39.7502,22.7721,0.025119,8.68e+08,10,125000,1,0,2.42825,13228.7,0,-135.182,-133,0.436224
46691, 3.38989, 52, -1,-1,-1,27.6763,-17.5141,0.019953,8.68e+08,10,125000,1,0,8.30436,12056.1,0,-134.558,-133,0.436224
46699, 3.42744, 26, -1,-1,-1,37.2033,12.4105,0.025119,8.68e+08,10,125000,1,0,11.0968,15903.3,1,-132.806,-133,0.436224
46706, 3.51688, 46, -1,-1,-1,35.6726,30.6782,0.025119,8.68e+08,12,125000,1,0,-0.409499,9098.33,0,-135.99,-137,1.58106
46708, 3.52771, 55, -1,-1,-1,31.8166,28.0824,0.019953,8.68e+08,10,125000,1,0,3.38156,7288.3,0,-135.919,-133,0.436224
46710, 3.55747, 23, -1,-1,-1,46.4547,14.2858,0.015849,8.68e+08,12,125000,1,0,0.063055,17255.4,0,-137.848,-137,1.58106
46712, 3.55827, 8, -1,-1,-1,49.2811,9.74921,0.025119,8.68e+08,12,125000,1,0,-1.73527,18291.5,0,-136.357,-137,1.58106
46714, 3.55993, 35, -1,-1,-1,41.9454,28.3607,0.019953,8.68e+08,11,125000,1,0,-2.2043,12589.7,0,-137.495,-135,0.790528
46716, 3.62485, 57, -1,-1,-1,42.497,19.1227,0.015849,8.68e+08,12,125000,1,0,2.00605,15273.8,0,-137.3,-137,1.58106
46718, 3.64515, 17, -1,-1,-1,52.0923,14.0787,0.025119,8.68e+08,10,125000,1,0,-4.76421,17759,0,-137.21,-133,0.436224
46725, 3.77126, 54, -1,-1,-1,35.1679,33.0607,0.019953,8.68e+08,12,125000,1,0,-1.89715,8302.87,0,-137.412,-137,1.58106
46727, 3.80821, 1, -1,-1,-1,53.3356,-4.09606,0.025119,8.68e+08,10,125000,1,0,-5.42381,19326.9,0,-137.393,-133,0.436224
46729, 3.81355, 39, -1,-1,-1,45.3641,29.0318,0.019953,8.68e+08,11,125000,1,0,-4.5385,13624.3,0,-138.151,-135,0.790528
46756, 3.85161, 31, -1,-1,-1,50.6555,15.3159,0.015849,8.68e+08,10,125000,1,0,-3.78993,17461.5,0,-138.937,-133,0.436224
46763, 3.8766, 13, -1,-1,-1,40.3136,-10.5179,0.015849,8.68e+08,10,125000,1,0,4.6678,18693.1,0,-136.551,-133,0.436224
46765, 3.90268, 36, -1,-1,-1,56.739,26.2706,0.019953,8.68e+08,11,125000,1,0,-10.6192,16428.2,0,-139.806,-135,0.790528
46767, 3.96597, 49, -1,-1,-1,60.9723,-8.53133,0.015849,8.68e+08,12,125000,1,0,-11.7741,19045.3,0,-141.108,-137,1.58106
46769, 3.98352, 24, -1,-1,-1,46.1123,9.21262,0.019953,8.68e+08,11,125000,1,0,1.49724,18207,0,-136.441,-135,0.790528
46771, 4.00036, 27, -1,-1,-1,60.3201,4.95292,0.025119,8.68e+08,12,125000,1,0,-10.6257,18656.1,0,-138.807,-137,1.58106
46773, 4.07903, 40, -1,-1,-1,50.2872,33.8784,0.019953,8.68e+08,12,125000,1,0,-9.23534,14111.4,0,-139.44,-137,1.58106
46775, 4.12857, 20, -1,-1,-1,50.995,4.58524,0.015849,8.68e+08,11,125000,1,0,-2.89672,18918.5,0,-138.685,-135,0.790528
46777, 4.15285, 53, -1,-1,-1,37.2666,13.7158,0.019953,8.68e+08,12,125000,1,0,10.2653,15441,0,-134.025,-137,1.58106
46779, 4.27006, 3, -1,-1,-1,55.0197,-4.92577,0.025119,8.68e+08,10,125000,1,0,-6.86427,19275.8,0,-137.792,-133,0.436224
46781, 4.28723, 33, -1,-1,-1,46.0271,20.9413,0.019953,8.68e+08,10,125000,1,0,-1.58192,15631.5,0,-137.316,-133,0.436224
46783, 4.45669, 32, -1,-1,-1,51.1766,18.2126,0.019953,8.68e+08,12,125000,1,0,-4.86512,17027.5,0,-138.238,-137,1.58106
46785, 4.49034, 22, -1,-1,-1,45.7768,6.11857,0.015849,8.68e+08,11,125000,1,0,2.217,18688.4,0,-137.237,-135,0.790528
46787, 4.57022, 41, -1,-1,-1,44.2427,17.3363,0.025119,8.68e+08,12,125000,1,0,1.21588,16154.7,0,-135.522,-137,1.58106
46789, 4.60733, 51, -1,-1,-1,31.3978,-16.8263,0.019953,8.68e+08,11,125000,1,0,7.21144,14478.8,0,-134.854,-135,0.790528
46791, 4.60895, 7, -1,-1,-1,46.3931,-2.63001,0.025119,8.68e+08,12,125000,1,0,1.07304,19432.9,0,-135.561,-137,1.58106
46793, 4.62673, 58, -1,-1,-1,41.7923,21.1679,0.025119,8.68e+08,11,125000,1,0,1.72076,14425.3,0,-135.381,-135,0.790528
46795, 4.64869, 5, -1,-1,-1,45.2911,-1.97699,0.025119,8.68e+08,11,125000,1,0,2.37066,19404.7,0,-135.194,-135,0.790528
46797, 4.65627, 37, -1,-1,-1,55.1185,20.5864,0.015849,8.68e+08,12,125000,1,0,-8.30086,17036.5,0,-140.185,-137,1.58106
46799, 4.73869, 45, -1,-1,-1,37.4342,26.8198,0.015849,8.68e+08,12,125000,1,0,1.42655,10969.2,0,-137.468,-137,1.58106
46801, 4.81189, 11, -1,-1,-1,40.729,-0.942347,0.015849,8.68e+08,12,125000,1,0,7.84715,19264.9,0,-135.672,-137,1.58106
46803, 5.42767, 19, -1,-1,-1,52.5578,8.66449,0.025119,8.68e+08,12,125000,1,0,-4.46298,18480.7,0,-137.125,-137,1.58106
46815, 12.8113, 50, -1,-1,-1,70.7907,22.181,0.015849,8.68e+08,11,125000,1,0,-18.4151,17316.4,0,-142.746,-135,0.790528
46822, 14.0263, 23, -1,-1,-1,46.4547,14.2858,0.015849,8.68e+08,12,125000,1,0,0.621655,17058.7,0,-137.69,-137,1.58106
46829, 14.459, 30, -1,-1,-1,60.3678,25.9205,0.025119,8.68e+08,10,125000,1,0,-12.3889,16666.7,0,-139.268,-133,0.436224
46846, 15.3158, 55, -1,-1,-1,31.8166,28.0824,0.019953,8.68e+08,10,125000,1,0,3.66411,6717.89,0,-135.84,-133,0.436224
46848, 15.3744, 0, -1,-1,-1,51.1806,-1.29064,0.025119,8.68e+08,10,125000,1,0,-2.65301,19196.2,0,-136.617,-133,0.436224
46855, 15.9814, 37, -1,-1,-1,55.1185,20.5864,0.015849,8.68e+08,12,125000,1,0,-7.82512,16868.1,0,-140.057,-137,1.58106
46872, 16.3116, 16, -1,-1,-1,53.2773,8.72452,0.025119,8.68e+08,12,125000,1,0,-4.54776,18347.5,0,-137.149,-137,1.58106
46899, 16.9219, 33, -1,-1,-1,46.0271,20.9413,0.019953,8.68e+08,10,125000,1,0,-1.0039,15340.6,0,-137.153,-133,0.436224
46901, 16.9805, 56, -1,-1,-1,61.255,29.3742,0.015849,8.68e+08,11,125000,1,0,-13.5116,16350.4,0,-141.556,-135,0.790528
46913, 17.4141, 27, -1,-1,-1,60.3201,4.95292,0.025119,8.68e+08,12,125000,1,0,-10.0337,18526.8,0,-138.651,-137,1.58106
46915, 17.4291, 39, -1,-1,-1,45.3641,29.0318,0.019953,8.68e+08,11,125000,1,0,-4.04312,13269.6,0,-138.013,-135,0.790528
46917, 17.5664, 29, -1,-1,-1,57.2186,11.901,0.019953,8.68e+08,10,125000,1,0,-7.9479,18007.8,0,-139.089,-133,0.436224
46924, 17.7477, 11, -1,-1,-1,40.729,-0.942347,0.015849,8.68e+08,12,125000,1,0,8.89464,19075.9,0,-135.39,-137,1.58106
46926, 17.8193, 57, -1,-1,-1,42.497,19.1227,0.015849,8.68e+08,12,125000,1,0,2.7195,14886.2,0,-137.099,-137,1.58106
46929, 17.8329, 5, -1,-1,-1,45.2911,-1.97699,0.025119,8.68e+08,11,125000,1,0,3.23656,19252.7,1,-134.951,-135,0.790528
46936, 18.0174, 12, -1,-1,-1,43.0813,-7.60286,0.019953,8.68e+08,12,125000,1,0,4.06389,19091.4,0,-135.72,-137,1.58106
46938, 18.1528, 2, -1,-1,-1,52.8574,-1.0846,0.019953,8.68e+08,12,125000,1,0,-4.04472,19124.4,0,-138.009,-137,1.58106
46940, 18.1652, 21, -1,-1,-1,51.8796,3.16644,0.015849,8.68e+08,10,125000,1,0,-2.93056,18871.4,0,-138.695,-133,0.436224
46942, 18.4678, 41, -1,-1,-1,44.2427,17.3363,0.025119,8.68e+08,12,125000,1,0,1.9373,15826.6,0,-135.319,-137,1.58106
46964, 19.2141, 14, -1,-1,-1,38.2352,-6.87066,0.025119,8.68e+08,10,125000,1,0,10.0882,18543.1,0,-133.073,-133,0.436224
46971, 19.2964, 43, -1,-1,-1,39.7502,22.7721,0.025119,8.68e+08,10,125000,1,0,3.12528,12684.7,0,-134.987,-133,0.436224
46978, 19.3138, 18, -1,-1,-1,49.4957,9.3861,0.025119,8.68e+08,10,125000,1,0,-0.983406,18115.4,0,-136.145,-133,0.436224
46985, 19.4557, 46, -1,-1,-1,35.6726,30.6782,0.025119,8.68e+08,12,125000,1,0,0.01458,8459.42,0,-135.871,-137,1.58106
46997, 20.0952, 38, -1,-1,-1,55.4525,23.897,0.025119,8.68e+08,11,125000,1,0,-8.5945,16352.5,0,-138.266,-135,0.790528
47004, 20.1734, 24, -1,-1,-1,46.1123,9.21262,0.019953,8.68e+08,11,125000,1,0,2.46268,17943.8,0,-136.169,-135,0.790528
47016, 20.7863, 54, -1,-1,-1,35.1679,33.0607,0.019953,8.68e+08,12,125000,1,0,-1.50553,7631.76,0,-137.302,-137,1.58106
47019, 20.8242, 6, -1,-1,-1,43.3892,-0.476294,0.025119,8.68e+08,12,125000,1,0,5.81434,19123,1,-134.231,-137,1.58106
47031, 21.0472, 47, -1,-1,-1,39.1478,29.5182,0.015849,8.68e+08,12,125000,1,0,-0.770264,10528.9,0,-138.092,-137,1.58106
47033, 21.147, 42, -1,-1,-1,44.1598,19.4781,0.019953,8.68e+08,10,125000,1,0,1.3298,15136.8,0,-136.492,-133,0.436224
47040, 21.2627, 40, -1,-1,-1,50.2872,33.8784,0.019953,8.68e+08,12,125000,1,0,-8.65297,13742.2,0,-139.285,-137,1.58106
47042, 21.4216, 9, -1,-1,-1,43.9298,8.62537,0.015849,8.68e+08,11,125000,1,0,5.07043,17853.7,0,-136.438,-135,0.790528
47064, 21.6544, 17, -1,-1,-1,52.0923,14.0787,0.025119,8.68e+08,10,125000,1,0,-3.90249,17495.5,0,-136.97,-133,0.436224
47066, 21.6945, 8, -1,-1,-1,49.2811,9.74921,0.025119,8.68e+08,12,125000,1,0,-0.758787,18031.5,0,-136.081,-137,1.58106
47068, 21.8952, 31, -1,-1,-1,50.6555,15.3159,0.015849,8.68e+08,10,125000,1,0,-2.9189,17171.4,0,-138.693,-133,0.436224
47075, 22.2146, 48, -1,-1,-1,66.9931,-20.4397,0.025119,8.68e+08,11,125000,1,0,-16.3381,18496.9,0,-140.255,-135,0.790528
47077, 22.2658, 59, -1,-1,-1,43.0069,22.2244,0.015849,8.68e+08,11,125000,1,0,1.03213,14017.4,0,-137.577,-135,0.790528
47079, 22.3607, 22, -1,-1,-1,45.7768,6.11857,0.015849,8.68e+08,11,125000,1,0,3.34391,18425.5,0,-136.921,-135,0.790528
47086, 22.4568, 49, -1,-1,-1,60.9723,-8.53133,0.015849,8.68e+08,12,125000,1,0,-10.9545,18891.7,0,-140.895,-137,1.58106
47088, 22.4817, 45, -1,-1,-1,37.4342,26.8198,0.015849,8.68e+08,12,125000,1,0,2.03981,10279.4,0,-137.296,-137,1.58106
47096, 22.7076, 51, -1,-1,-1,31.3978,-16.8263,0.019953,8.68e+08,11,125000,1,0,8.26474,13831,1,-134.568,-135,0.790528
47099, 22.8187, 26, -1,-1,-1,37.2033,12.4105,0.025119,8.68e+08,10,125000,1,0,12.5764,15234.2,1,-132.424,-133,0.436224
47116, 23.4602, 15, -1,-1,-1,52.7206,6.93841,0.019953,8.68e+08,11,125000,1,0,-3.53321,18446.5,0,-137.865,-135,0.790528
47138, 24.1315, 4, -1,-1,-1,52.5246,-6.48755,0.025119,8.68e+08,10,125000,1,0,-4.02212,19190.3,0,-137.003,-133,0.436224
47146, 24.2233, 10, -1,-1,-1,37.7624,-7.50647,0.025119,8.68e+08,11,125000,1,0,10.696,18283.2,1,-132.913,-135,0.790528
47153, 24.4601, 13, -1,-1,-1,40.3136,-10.5179,0.015849,8.68e+08,10,125000,1,0,6.09822,18362.3,0,-136.155,-133,0.436224
47160, 24.5198, 34, -1,-1,-1,48.1582,23.6943,0.015849,8.68e+08,10,125000,1,0,-3.31189,15043.3,0,-138.806,-133,0.436224
47162, 24.6133, 52, -1,-1,-1,27.6763,-17.5141,0.019953,8.68e+08,10,125000,1,0,9.35908,11082.2,0,-134.275,-133,0.436224
47164, 24.6308, 19, -1,-1,-1,52.5578,8.66449,0.025119,8.68e+08,12,125000,1,0,-3.49579,18241.9,0,-136.855,-137,1.58106
47171, 24.7177, 23, -1,-1,-1,46.4547,14.2858,0.015849,8.68e+08,12,125000,1,0,1.20005,16848.4,0,-137.527,-137,1.58106
47174, 25.4632, 53, -1,-1,-1,37.2666,13.7158,0.019953,8.68e+08,12,125000,1,0,11.7834,14676.2,1,-133.629,-137,1.58106
47176, 25.5036, 36, -1,-1,-1,56.739,26.2706,0.019953,8.68e+08,11,125000,1,0,-9.78149,16093,0,-139.586,-135,0.790528
47188, 25.8881, 7, -1,-1,-1,46.3931,-2.63001,0.025119,8.68e+08,12,125000,1,0,2.42046,19196.1,0,-135.181,-137,1.58106
47190, 26.0979, 25, -1,-1,-1,42.9973,10.3296,0.015849,8.68e+08,12,125000,1,0,6.04896,17266.8,0,-136.167,-137,1.58106
47197, 26.2058, 28, -1,-1,-1,55.2498,14.353,0.015849,8.68e+08,10,125000,1,0,-6.30637,17564.3,0,-139.64,-133,0.436224
47204, 26.4663, 58, -1,-1,-1,41.7923,21.1679,0.025119,8.68e+08,11,125000,1,0,2.74604,13765.8,0,-135.093,-135,0.790528
47221, 26.926, 20, -1,-1,-1,50.995,4.58524,0.015849,8.68e+08,11,125000,1,0,-1.66308,18653.3,0,-138.337,-135,0.790528
47223, 27.1378, 1, -1,-1,-1,53.3356,-4.09606,0.025119,8.68e+08,10,125000,1,0,-4.21953,19110.2,0,-137.058,-133,0.436224
47225, 27.2287, 35, -1,-1,-1,41.9454,28.3607,0.019953,8.68e+08,11,125000,1,0,-1.36117,11851.8,0,-137.258,-135,0.790528
47227, 27.3543, 44, -1,-1,-1,38.1663,21.4091,0.019953,8.68e+08,11,125000,1,0,5.63068,12088.8,0,-135.287,-135,0.790528
47234, 28.0532, 32, -1,-1,-1,51.1766,18.2126,0.019953,8.68e+08,12,125000,1,0,-3.7856,16626.2,0,-137.938,-137,1.58106
47241, 28.7837, 56, -1,-1,-1,61.255,29.3742,0.015849,8.68e+08,11,125000,1,0,-13.0729,16184.7,0,-141.445,-135,0.790528
47243, 28.836, 3, -1,-1,-1,55.0197,-4.92577,0.025119,8.68e+08,10,125000,1,0,-5.64292,19054.1,0,-137.456,-133,0.436224
47260, 30.3853, 50, -1,-1,-1,70.7907,22.181,0.015849,8.68e+08,11,125000,1,0,-17.7588,17133.2,0,-142.594,-135,0.790528
47262, 30.7466, 2, -1,-1,-1,52.8574,-1.0846,0.019953,8.68e+08,12,125000,1,0,-3.37781,18998.1,0,-137.822,-137,1.58106
47274, 31.4174, 47, -1,-1,-1,39.1478,29.5182,0.015849,8.68e+08,12,125000,1,0,-0.443195,10150.7,0,-138,-137,1.58106
47286, 32.1383, 31, -1,-1,-1,50.6555,15.3159,0.015849,8.68e+08,10,125000,1,0,-2.41697,16997.9,0,-138.552,-133,0.436224
47299, 32.2104, 5, -1,-1,-1,45.2911,-1.97699,0.025119,8.68e+08,11,125000,1,0,4.2124,19076,1,-134.678,-135,0.790528
47307, 32.632, 14, -1,-1,-1,38.2352,-6.87066,0.025119,8.68e+08,10,125000,1,0,11.2495,18284.7,1,-132.768,-133,0.436224
47309, 32.6473, 45, -1,-1,-1,37.4342,26.8198,0.015849,8.68e+08,12,125000,1,0,2.38371,9867.21,0,-137.199,-137,1.58106
47311, 32.7473, 57, -1,-1,-1,42.497,19.1227,0.015849,8.68e+08,12,125000,1,0,3.4772,14452.2,0,-136.887,-137,1.58106
47313, 32.7979, 0, -1,-1,-1,51.1806,-1.29064,0.025119,8.68e+08,10,125000,1,0,-1.68618,19015.6,0,-136.345,-133,0.436224
47315, 32.9806, 39, -1,-1,-1,45.3641,29.0318,0.019953,8.68e+08,11,125000,1,0,-3.47884,12846,0,-137.856,-135,0.790528
47332, 33.9423, 18, -1,-1,-1,49.4957,9.3861,0.025119,8.68e+08,10,125000,1,0,-0.178795,17897.1,0,-135.918,-133,0.436224
47334, 34.3479, 42, -1,-1,-1,44.1598,19.4781,0.019953,8.68e+08,10,125000,1,0,1.98059,14783.6,0,-136.309,-133,0.436224
47336, 34.404, 38, -1,-1,-1,55.4525,23.897,0.025119,8.68e+08,11,125000,1,0,-8.01479,16118.7,0,-138.11,-135,0.790528
47363, 36.224, 22, -1,-1,-1,45.7768,6.11857,0.015849,8.68e+08,11,125000,1,0,4.24799,18205.5,0,-136.668,-135,0.790528
47365, 36.4638, 29, -1,-1,-1,57.2186,11.901,0.019953,8.68e+08,10,125000,1,0,-7.0903,17776.2,0,-138.856,-133,0.436224
47367, 36.7747, 54, -1,-1,-1,35.1679,33.0607,0.019953,8.68e+08,12,125000,1,0,-1.15582,6980.14,0,-137.204,-137,1.58106
47369, 36.7805, 49, -1,-1,-1,60.9723,-8.53133,0.015849,8.68e+08,12,125000,1,0,-10.3103,18768.2,0,-140.726,-137,1.58106
47371, 36.8519, 16, -1,-1,-1,53.2773,8.72452,0.025119,8.68e+08,12,125000,1,0,-3.5157,18087.1,0,-136.861,-137,1.58106
47408, 38.7468, 33, -1,-1,-1,46.0271,20.9413,0.019953,8.68e+08,10,125000,1,0,0.005103,14803.8,0,-136.869,-133,0.436224
47420, 38.8698, 30, -1,-1,-1,60.3678,25.9205,0.025119,8.68e+08,10,125000,1,0,-11.4475,16323.9,0,-139.026,-133,0.436224
47422, 38.9894, 43, -1,-1,-1,39.7502,22.7721,0.025119,8.68e+08,10,125000,1,0,3.9833,11964.1,0,-134.747,-133,0.436224
47429, 39.0706, 15, -1,-1,-1,52.7206,6.93841,0.019953,8.68e+08,11,125000,1,0,-2.72067,18251.1,0,-137.637,-135,0.790528
47431, 39.082, 9, -1,-1,-1,43.9298,8.62537,0.015849,8.68e+08,11,125000,1,0,6.26611,17507.5,0,-136.107,-135,0.790528
47438, 39.2983, 21, -1,-1,-1,51.8796,3.16644,0.015849,8.68e+08,10,125000,1,0,-1.78287,18628.9,0,-138.372,-133,0.436224
47450, 39.523, 37, -1,-1,-1,55.1185,20.5864,0.015849,8.68e+08,12,125000,1,0,-6.82455,16499.2,0,-139.784,-137,1.58106
47462, 39.6272, 1, -1,-1,-1,53.3356,-4.09606,0.025119,8.68e+08,10,125000,1,0,-3.55802,18987.4,0,-136.874,-133,0.436224
47464, 39.8054, 17, -1,-1,-1,52.0923,14.0787,0.025119,8.68e+08,10,125000,1,0,-3.01693,17212.3,0,-136.722,-133,0.436224
47476, 40.0367, 55, -1,-1,-1,31.8166,28.0824,0.019953,8.68e+08,10,125000,1,0,4.20491,5476.2,0,-135.69,-133,0.436224
47478, 40.0577, 25, -1,-1,-1,42.9973,10.3296,0.015849,8.68e+08,12,125000,1,0,6.99657,16951.5,0,-135.907,-137,1.58106
47485, 40.3413, 19, -1,-1,-1,52.5578,8.66449,0.025119,8.68e+08,12,125000,1,0,-2.68633,18034.1,0,-136.628,-137,1.58106
47487, 40.3436, 20, -1,-1,-1,50.995,4.58524,0.015849,8.68e+08,11,125000,1,0,-0.915881,18486.3,0,-138.127,-135,0.790528
47499, 40.6059, 41, -1,-1,-1,44.2427,17.3363,0.025119,8.68e+08,12,125000,1,0,3.10719,15261.2,0,-134.991,-137,1.58106
47506, 40.821, 4, -1,-1,-1,52.5246,-6.48755,0.025119,8.68e+08,10,125000,1,0,-3.1282,19242.9,0,-136.753,-133,0.436224
47513, 41.0484, 13, -1,-1,-1,40.3136,-10.5179,0.015849,8.68e+08,10,125000,1,0,7.3052,18281.1,0,-135.825,-133,0.436224
47520, 41.1, 46, -1,-1,-1,35.6726,30.6782,0.025119,8.68e+08,12,125000,1,0,0.561985,7553.43,0,-135.717,-137,1.58106
47522, 41.147, 36, -1,-1,-1,56.739,26.2706,0.019953,8.68e+08,11,125000,1,0,-9.16974,16071.7,0,-139.423,-135,0.790528
47535, 41.5068, 6, -1,-1,-1,43.3892,-0.476294,0.025119,8.68e+08,12,125000,1,0,7.37318,18828.8,1,-133.803,-137,1.58106
47537, 41.5261, 27, -1,-1,-1,60.3201,4.95292,0.025119,8.68e+08,12,125000,1,0,-8.95154,18283,0,-138.363,-137,1.58106
47539, 41.825, 58, -1,-1,-1,41.7923,21.1679,0.025119,8.68e+08,11,125000,1,0,3.47043,13496,0,-134.89,-135,0.790528
47546, 41.9026, 11, -1,-1,-1,40.729,-0.942347,0.015849,8.68e+08,12,125000,1,0,10.975,18909.2,0,-134.839,-137,1.58106
47548, 41.967, 24, -1,-1,-1,46.1123,9.21262,0.019953,8.68e+08,11,125000,1,0,3.80863,17780,0,-135.792,-135,0.790528
47560, 42.6297, 12, -1,-1,-1,43.0813,-7.60286,0.019953,8.68e+08,12,125000,1,0,5.79491,18967.7,0,-135.239,-137,1.58106
47567, 42.7781, 57, -1,-1,-1,42.497,19.1227,0.015849,8.68e+08,12,125000,1,0,3.99027,14374.1,0,-136.744,-137,1.58106
47575, 43.2581, 26, -1,-1,-1,37.2033,12.4105,0.025119,8.68e+08,10,125000,1,0,14.1935,14685.7,1,-132.017,-133,0.436224
47578, 43.3883, 5, -1,-1,-1,45.2911,-1.97699,0.025119,8.68e+08,11,125000,1,0,4.99579,19148.6,1,-134.46,-135,0.790528
47580, 43.427, 47, -1,-1,-1,39.1478,29.5182,0.015849,8.68e+08,12,125000,1,0,-0.070704,9930.92,0,-137.895,-137,1.58106
47582, 43.4354, 48, -1,-1,-1,66.9931,-20.4397,0.025119,8.68e+08,11,125000,1,0,-15.4677,18560.4,0,-140.045,-135,0.790528
47585, 43.8394, 53, -1,-1,-1,37.2666,13.7158,0.019953,8.68e+08,12,125000,1,0,13.1292,14182.5,1,-133.285,-137,1.58106
47612, 44.712, 59, -1,-1,-1,43.0069,22.2244,0.015849,8.68e+08,11,125000,1,0,2.04461,13563.4,0,-137.293,-135,0.790528
47630, 45.4371, 10, -1,-1,-1,37.7624,-7.50647,0.025119,8.68e+08,11,125000,1,0,12.5843,18054.5,1,-132.424,-135,0.790528
47632, 45.4695, 34, -1,-1,-1,48.1582,23.6943,0.015849,8.68e+08,10,125000,1,0,-2.42179,14781.9,0,-138.557,-133,0.436224
47634, 45.5726, 23, -1,-1,-1,46.4547,14.2858,0.015849,8.68e+08,12,125000,1,0,2.35228,16635,0,-137.203,-137,1.58106
47636, 45.5922, 52, -1,-1,-1,27.6763,-17.5141,0.019953,8.68e+08,10,125000,1,0,10.3728,10239.2,0,-134.007,-133,0.436224
47638, 45.642, 50, -1,-1,-1,70.7907,22.181,0.015849,8.68e+08,11,125000,1,0,-17.185,17222.1,0,-142.459,-135,0.790528
47650, 46.0584, 8, -1,-1,-1,49.2811,9.74921,0.025119,8.68e+08,12,125000,1,0,0.595851,17873.6,0,-135.699,-137,1.58106
47652, 46.1782, 40, -1,-1,-1,50.2872,33.8784,0.019953,8.68e+08,12,125000,1,0,-7.80998,13413,0,-139.058,-137,1.58106
47665, 46.4677, 51, -1,-1,-1,31.3978,-16.8263,0.019953,8.68e+08,11,125000,1,0,9.66014,13097.6,1,-134.194,-135,0.790528
47673, 46.7986, 14, -1,-1,-1,38.2352,-6.87066,0.025119,8.68e+08,10,125000,1,0,12.5344,18214.5,1,-132.437,-133,0.436224
47685, 47.2494, 35, -1,-1,-1,41.9454,28.3607,0.019953,8.68e+08,11,125000,1,0,-0.658225,11416.6,0,-137.061,-135,0.790528
47692, 47.3297, 18, -1,-1,-1,49.4957,9.3861,0.025119,8.68e+08,10,125000,1,0,0.573866,17909.4,0,-135.705,-133,0.436224
47694, 47.5127, 42, -1,-1,-1,44.1598,19.4781,0.019953,8.68e+08,10,125000,1,0,2.63532,14641.7,0,-136.125,-133,0.436224
47702, 47.6114, 7, -1,-1,-1,46.3931,-2.63001,0.025119,8.68e+08,12,125000,1,0,3.86486,19149.1,1,-134.776,-137,1.58106
47704, 47.7318, 29, -1,-1,-1,57.2186,11.901,0.019953,8.68e+08,10,125000,1,0,-6.57155,17860.3,0,-138.714,-133,0.436224
47711, 47.9686, 3, -1,-1,-1,55.0197,-4.92577,0.025119,8.68e+08,10,125000,1,0,-4.66408,19090.4,0,-137.184,-133,0.436224
47718, 48.2272, 2, -1,-1,-1,52.8574,-1.0846,0.019953,8.68e+08,12,125000,1,0,-2.43054,19033.3,0,-137.556,-137,1.58106
47730, 48.7565, 38, -1,-1,-1,55.4525,23.897,0.025119,8.68e+08,11,125000,1,0,-7.42877,16107.7,0,-137.951,-135,0.790528
47732, 48.785, 44, -1,-1,-1,38.1663,21.4091,0.019953,8.68e+08,11,125000,1,0,6.61314,11434.3,0,-135.017,-135,0.790528
47749, 49.8789, 54, -1,-1,-1,35.1679,33.0607,0.019953,8.68e+08,12,125000,1,0,-0.883404,6665.6,0,-137.128,-137,1.58106
47751, 50.2476, 16, -1,-1,-1,53.2773,8.72452,0.025119,8.68e+08,12,125000,1,0,-2.82773,18131.5,0,-136.668,-137,1.58106
47763, 50.5567, 49, -1,-1,-1,60.9723,-8.53133,0.015849,8.68e+08,12,125000,1,0,-9.68253,18874.3,0,-140.56,-137,1.58106
47765, 50.6709, 32, -1,-1,-1,51.1766,18.2126,0.019953,8.68e+08,12,125000,1,0,-2.72991,16437.2,0,-137.642,-137,1.58106
47767, 50.8052, 28, -1,-1,-1,55.2498,14.353,0.015849,8.68e+08,10,125000,1,0,-5.16721,17442.4,0,-139.325,-133,0.436224
47769, 50.8832, 1, -1,-1,-1,53.3356,-4.09606,0.025119,8.68e+08,10,125000,1,0,-2.95096,19092.8,0,-136.703,-133,0.436224
47896, 51.1379, 19, -1,-1,-1,52.5578,8.66449,0.025119,8.68e+08,12,125000,1,0,-2.1199,18108.9,0,-136.469,-137,1.58106
47918, 52.0419, 31, -1,-1,-1,50.6555,15.3159,0.015849,8.68e+08,10,125000,1,0,-1.42542,16869,0,-138.273,-133,0.436224
47920, 52.1721, 24, -1,-1,-1,46.1123,9.21262,0.019953,8.68e+08,11,125000,1,0,4.4586,17589,0,-135.61,-135,0.790528
47937, 52.5883, 41, -1,-1,-1,44.2427,17.3363,0.025119,8.68e+08,12,125000,1,0,3.75097,15162.8,0,-134.811,-137,1.58106
47949, 53.1662, 15, -1,-1,-1,52.7206,6.93841,0.019953,8.68e+08,11,125000,1,0,-1.97132,18290,0,-137.427,-135,0.790528
47951, 53.245, 45, -1,-1,-1,37.4342,26.8198,0.015849,8.68e+08,12,125000,1,0,3.06105,9228.68,0,-137.01,-137,1.58106
47953, 53.2604, 56, -1,-1,-1,61.255,29.3742,0.015849,8.68e+08,11,125000,1,0,-12.1569,16070.4,0,-141.212,-135,0.790528
47955, 53.3966, 39, -1,-1,-1,45.3641,29.0318,0.019953,8.68e+08,11,125000,1,0,-2.74163,12492.6,0,-137.65,-135,0.790528
47957, 53.4984, 27, -1,-1,-1,60.3201,4.95292,0.025119,8.68e+08,12,125000,1,0,-8.40504,18387.3,0,-138.216,-137,1.58106
47964, 53.8291, 46, -1,-1,-1,35.6726,30.6782,0.025119,8.68e+08,12,125000,1,0,0.867014,7235.17,0,-135.632,-137,1.58106
47971, 54.0419, 13, -1,-1,-1,40.3136,-10.5179,0.015849,8.68e+08,10,125000,1,0,8.28788,18037,0,-135.558,-133,0.436224
47973, 54.4528, 30, -1,-1,-1,60.3678,25.9205,0.025119,8.68e+08,10,125000,1,0,-10.8408,16335.3,0,-138.868,-133,0.436224
47975, 54.4908, 47, -1,-1,-1,39.1478,29.5182,0.015849,8.68e+08,12,125000,1,0,0.265905,9504.56,0,-137.8,-137,1.58106
47987, 55.3559, 0, -1,-1,-1,51.1806,-1.29064,0.025119,8.68e+08,10,125000,1,0,-0.390435,18986.3,0,-135.979,-133,0.436224
47989, 55.4007, 59, -1,-1,-1,43.0069,22.2244,0.015849,8.68e+08,11,125000,1,0,2.52786,13220.2,0,-137.157,-135,0.790528
47996, 56.1227, 33, -1,-1,-1,46.0271,20.9413,0.019953,8.68e+08,10,125000,1,0,0.817534,14575.1,0,-136.64,-133,0.436224
48018, 57.3482, 9, -1,-1,-1,43.9298,8.62537,0.015849,8.68e+08,11,125000,1,0,7.5539,17348.1,0,-135.755,-135,0.790528
48020, 57.5591, 35, -1,-1,-1,41.9454,28.3607,0.019953,8.68e+08,11,125000,1,0,-0.30079,11060,0,-136.96,-135,0.790528
48027, 57.6144, 50, -1,-1,-1,70.7907,22.181,0.015849,8.68e+08,11,125000,1,0,-16.7321,17093.3,0,-142.352,-135,0.790528
48039, 58.468, 37, -1,-1,-1,55.1185,20.5864,0.015849,8.68e+08,12,125000,1,0,-6.0074,16416.4,0,-139.56,-137,1.58106
48052, 59.1908, 53, -1,-1,-1,37.2666,13.7158,0.019953,8.68e+08,12,125000,1,0,14.2767,13509.5,1,-132.998,-137,1.58106
48054, 59.4337, 25, -1,-1,-1,42.9973,10.3296,0.015849,8.68e+08,12,125000,1,0,8.35919,16710,0,-135.537,-137,1.58106
48057, 59.5195, 10, -1,-1,-1,37.7624,-7.50647,0.025119,8.68e+08,11,125000,1,0,13.9164,17723.4,1,-132.088,-135,0.790528
48064, 59.7147, 11, -1,-1,-1,40.729,-0.942347,0.015849,8.68e+08,12,125000,1,0,12.6285,18589.2,0,-134.412,-137,1.58106
48066, 59.9865, 4, -1,-1,-1,52.5246,-6.48755,0.025119,8.68e+08,10,125000,1,0,-2.07206,19052.3,0,-136.456,-133,0.436224
48083, 60.6331, 21, -1,-1,-1,51.8796,3.16644,0.015849,8.68e+08,10,125000,1,0,-0.583599,18809,0,-138.034,-133,0.436224
48085, 60.7131, 12, -1,-1,-1,43.0813,-7.60286,0.019953,8.68e+08,12,125000,1,0,7.14095,18699.6,0,-134.87,-137,1.58106
48087, 60.9202, 22, -1,-1,-1,45.7768,6.11857,0.015849,8.68e+08,11,125000,1,0,5.93029,18230.6,0,-136.201,-135,0.790528
48095, 61.0073, 14, -1,-1,-1,38.2352,-6.87066,0.025119,8.68e+08,10,125000,1,0,13.89,18123.4,1,-132.094,-133,0.436224
48112, 61.7268, 20, -1,-1,-1,50.995,4.58524,0.015849,8.68e+08,11,125000,1,0,0.310609,18648.1,0,-137.781,-135,0.790528
48115, 62.1197, 5, -1,-1,-1,45.2911,-1.97699,0.025119,8.68e+08,11,125000,1,0,6.3621,19114.8,1,-134.082,-135,0.790528
48137, 62.9731, 57, -1,-1,-1,42.497,19.1227,0.015849,8.68e+08,12,125000,1,0,5.0317,13952.4,0,-136.454,-137,1.58106
48144, 63.0858, 43, -1,-1,-1,39.7502,22.7721,0.025119,8.68e+08,10,125000,1,0,5.02044,11480.6,0,-134.46,-133,0.436224
48146, 63.1019, 55, -1,-1,-1,31.8166,28.0824,0.019953,8.68e+08,10,125000,1,0,4.63977,4742.76,0,-135.57,-133,0.436224
48149, 63.3051, 6, -1,-1,-1,43.3892,-0.476294,0.025119,8.68e+08,12,125000,1,0,9.12424,18939.6,1,-133.331,-137,1.58106
48157, 63.5822, 51, -1,-1,-1,31.3978,-16.8263,0.019953,8.68e+08,11,125000,1,0,10.6684,12563.1,1,-133.929,-135,0.790528
48164, 63.8133, 24, -1,-1,-1,46.1123,9.21262,0.019953,8.68e+08,11,125000,1,0,5.21649,17585.3,0,-135.4,-135,0.790528
48171, 64.2674, 36, -1,-1,-1,56.739,26.2706,0.019953,8.68e+08,11,125000,1,0,-8.25752,15914.4,0,-139.179,-135,0.790528
48178, 64.4877, 39, -1,-1,-1,45.3641,29.0318,0.019953,8.68e+08,11,125000,1,0,-2.34339,12393.1,0,-137.538,-135,0.790528
48180, 64.5489, 46, -1,-1,-1,35.6726,30.6782,0.025119,8.68e+08,12,125000,1,0,1.11335,6994.39,0,-135.563,-137,1.58106
48187, 64.7755, 17, -1,-1,-1,52.0923,14.0787,0.025119,8.68e+08,10,125000,1,0,-1.7686,17248.3,0,-136.371,-133,0.436224
48190, 64.9264, 58, -1,-1,-1,41.7923,21.1679,0.025119,8.68e+08,11,125000,1,0,4.56211,12925,1,-134.586,-135,0.790528
48212, 65.6768, 18, -1,-1,-1,49.4957,9.3861,0.025119,8.68e+08,10,125000,1,0,1.63255,17831,0,-135.407,-133,0.436224
48214, 65.7069, 28, -1,-1,-1,55.2498,14.353,0.015849,8.68e+08,10,125000,1,0,-4.46354,17447.6,0,-139.13,-133,0.436224
48217, 65.734, 26, -1,-1,-1,37.2033,12.4105,0.025119,8.68e+08,10,125000,1,0,16.0358,13954,1,-131.566,-133,0.436224
48244, 66.2464, 52, -1,-1,-1,27.6763,-17.5141,0.019953,8.68e+08,10,125000,1,0,11.3293,9329.71,0,-133.757,-133,0.436224
48246, 66.3385, 2, -1,-1,-1,52.8574,-1.0846,0.019953,8.68e+08,12,125000,1,0,-1.42031,19055.8,0,-137.272,-137,1.58106
48248, 66.4831, 29, -1,-1,-1,57.2186,11.901,0.019953,8.68e+08,10,125000,1,0,-5.69528,17842.2,0,-138.473,-133,0.436224
48270, 67.0352, 13, -1,-1,-1,40.3136,-10.5179,0.015849,8.68e+08,10,125000,1,0,9.30613,17992.5,0,-135.285,-133,0.436224
48277, 67.0884, 31, -1,-1,-1,50.6555,15.3159,0.015849,8.68e+08,10,125000,1,0,-0.660934,16812.7,0,-138.058,-133,0.436224
48279, 67.1718, 40, -1,-1,-1,50.2872,33.8784,0.019953,8.68e+08,12,125000,1,0,-7.10187,13148.8,0,-138.866,-137,1.58106
48291, 67.2783, 34, -1,-1,-1,48.1582,23.6943,0.015849,8.68e+08,10,125000,1,0,-1.48741,14469.3,0,-138.294,-133,0.436224
48293, 67.5025, 19, -1,-1,-1,52.5578,8.66449,0.025119,8.68e+08,12,125000,1,0,-1.24454,18099.7,0,-136.222,-137,1.58106
48295, 67.5207, 42, -1,-1,-1,44.1598,19.4781,0.019953,8.68e+08,10,125000,1,0,3.64051,14275.1,0,-135.844,-133,0.436224
48297, 67.5764, 41, -1,-1,-1,44.2427,17.3363,0.025119,8.68e+08,12,125000,1,0,4.56649,14962.1,0,-134.583,-137,1.58106
48304, 67.7001, 8, -1,-1,-1,49.2811,9.74921,0.025119,8.68e+08,12,125000,1,0,1.84447,17734.5,0,-135.347,-137,1.58106
48311, 68.0437, 48, -1,-1,-1,66.9931,-20.4397,0.025119,8.68e+08,11,125000,1,0,-14.4434,18592.8,0,-139.793,-135,0.790528
48328, 68.4217, 23, -1,-1,-1,46.4547,14.2858,0.015849,8.68e+08,12,125000,1,0,3.653,16342.4,0,-136.838,-137,1.58106
48330, 68.4564, 1, -1,-1,-1,53.3356,-4.09606,0.025119,8.68e+08,10,125000,1,0,-1.98102,19130.1,0,-136.431,-133,0.436224
48332, 68.8478, 37, -1,-1,-1,55.1185,20.5864,0.015849,8.68e+08,12,125000,1,0,-5.555,16468.6,0,-139.435,-137,1.58106
48335, 69.1198, 44, -1,-1,-1,38.1663,21.4091,0.019953,8.68e+08,11,125000,1,0,7.52813,10763.8,1,-134.768,-135,0.790528
48337, 69.2386, 32, -1,-1,-1,51.1766,18.2126,0.019953,8.68e+08,12,125000,1,0,-1.84714,16302.8,0,-137.394,-137,1.58106
48345, 69.9298, 7, -1,-1,-1,46.3931,-2.63001,0.025119,8.68e+08,12,125000,1,0,5.43205,19079.1,1,-134.34,-137,1.58106
48347, 69.9482, 27, -1,-1,-1,60.3201,4.95292,0.025119,8.68e+08,12,125000,1,0,-7.64349,18440.3,0,-138.01,-137,1.58106
48364, 70.2798, 3, -1,-1,-1,55.0197,-4.92577,0.025119,8.68e+08,10,125000,1,0,-3.48855,19090.3,0,-136.856,-133,0.436224
48366, 70.705, 30, -1,-1,-1,60.3678,25.9205,0.025119,8.68e+08,10,125000,1,0,-10.2032,16329.5,0,-138.701,-133,0.436224
48373, 70.9953, 59, -1,-1,-1,43.0069,22.2244,0.015849,8.68e+08,11,125000,1,0,3.23308,12926.9,0,-136.96,-135,0.790528
48380, 71.8335, 54, -1,-1,-1,35.1679,33.0607,0.019953,8.68e+08,12,125000,1,0,-0.457923,5956.55,0,-137.009,-137,1.58106
48382, 72.3167, 49, -1,-1,-1,60.9723,-8.53133,0.015849,8.68e+08,12,125000,1,0,-8.6732,18906.7,0,-140.29,-137,1.58106
48389, 72.7201, 16, -1,-1,-1,53.2773,8.72452,0.025119,8.68e+08,12,125000,1,0,-1.6449,18043,0,-136.336,-137,1.58106
48396, 73.1415, 38, -1,-1,-1,55.4525,23.897,0.025119,8.68e+08,11,125000,1,0,-6.42239,15909.4,0,-137.677,-135,0.790528
48413, 73.6544, 22, -1,-1,-1,45.7768,6.11857,0.015849,8.68e+08,11,125000,1,0,6.83731,17999,0,-135.952,-135,0.790528
48420, 73.8456, 55, -1,-1,-1,31.8166,28.0824,0.019953,8.68e+08,10,125000,1,0,4.81733,4167.46,0,-135.521,-133,0.436224
48422, 73.9842, 9, -1,-1,-1,43.9298,8.62537,0.015849,8.68e+08,11,125000,1,0,8.77603,17198.1,0,-135.425,-135,0.790528
48424, 74.1623, 0, -1,-1,-1,51.1806,-1.29064,0.025119,8.68e+08,10,125000,1,0,0.732146,18989.5,0,-135.662,-133,0.436224
48431, 74.9612, 47, -1,-1,-1,39.1478,29.5182,0.015849,8.68e+08,12,125000,1,0,0.870129,8917.98,0,-137.631,-137,1.58106
48448, 75.7677, 20, -1,-1,-1,50.995,4.58524,0.015849,8.68e+08,11,125000,1,0,1.14195,18459.3,0,-137.546,-135,0.790528
48461, 76.2167, 53, -1,-1,-1,37.2666,13.7158,0.019953,8.68e+08,12,125000,1,0,15.569,12946.9,1,-132.681,-137,1.58106
48463, 76.2561, 56, -1,-1,-1,61.255,29.3742,0.015849,8.68e+08,11,125000,1,0,-11.2881,15964.1,0,-140.987,-135,0.790528
48470, 76.5636, 24, -1,-1,-1,46.1123,9.21262,0.019953,8.68e+08,11,125000,1,0,6.0678,17323.4,0,-135.165,-135,0.790528
48477, 76.9487, 51, -1,-1,-1,31.3978,-16.8263,0.019953,8.68e+08,11,125000,1,0,11.4536,11941.3,0,-133.724,-135,0.790528
48484, 77.1046, 45, -1,-1,-1,37.4342,26.8198,0.015849,8.68e+08,12,125000,1,0,3.80716,8395.28,0,-136.802,-137,1.58106
48486, 77.2339, 15, -1,-1,-1,52.7206,6.93841,0.019953,8.68e+08,11,125000,1,0,-0.654412,18185,0,-137.056,-135,0.790528
48493, 77.5407, 5, -1,-1,-1,45.2911,-1.97699,0.025119,8.68e+08,11,125000,1,0,7.54274,18894.9,0,-133.76,-135,0.790528
48510, 78.1004, 39, -1,-1,-1,45.3641,29.0318,0.019953,8.68e+08,11,125000,1,0,-1.85737,11974.8,0,-137.402,-135,0.790528
48512, 78.3842, 4, -1,-1,-1,52.5246,-6.48755,0.025119,8.68e+08,10,125000,1,0,-1.0254,19078.3,0,-136.161,-133,0.436224
48519, 78.4602, 50, -1,-1,-1,70.7907,22.181,0.015849,8.68e+08,11,125000,1,0,-15.9375,17116.1,0,-142.162,-135,0.790528
48526, 78.6337, 25, -1,-1,-1,42.9973,10.3296,0.015849,8.68e+08,12,125000,1,0,9.76756,16432.3,0,-135.161,-137,1.58106
48528, 78.7193, 36, -1,-1,-1,56.739,26.2706,0.019953,8.68e+08,11,125000,1,0,-7.68233,15660.6,0,-139.023,-135,0.790528
48540, 78.9367, 33, -1,-1,-1,46.0271,20.9413,0.019953,8.68e+08,10,125000,1,0,1.8954,14163.5,0,-136.336,-133,0.436224
48548, 79.3726, 14, -1,-1,-1,38.2352,-6.87066,0.025119,8.68e+08,10,125000,1,0,15.7531,17671.8,1,-131.636,-133,0.436224
48550, 79.6033, 35, -1,-1,-1,41.9454,28.3607,0.019953,8.68e+08,11,125000,1,0,0.450845,10496,0,-136.749,-135,0.790528
48552, 79.7505, 52, -1,-1,-1,27.6763,-17.5141,0.019953,8.68e+08,10,125000,1,0,11.9253,8552.81,0,-133.603,-133,0.436224
48555, 79.9948, 11, -1,-1,-1,40.729,-0.942347,0.015849,8.68e+08,12,125000,1,0,14.6565,18420,1,-133.903,-137,1.58106
48587, 81.4216, 29, -1,-1,-1,57.2186,11.901,0.019953,8.68e+08,10,125000,1,0,-4.98486,17866.2,0,-138.277,-133,0.436224
48589, 81.7497, 34, -1,-1,-1,48.1582,23.6943,0.015849,8.68e+08,10,125000,1,0,-0.863502,14319.3,0,-138.118,-133,0.436224
48596, 81.8971, 48, -1,-1,-1,66.9931,-20.4397,0.025119,8.68e+08,11,125000,1,0,-13.859,18710.9,0,-139.647,-135,0.790528
48598, 82.0126, 37, -1,-1,-1,55.1185,20.5864,0.015849,8.68e+08,12,125000,1,0,-4.97627,16466,0,-139.275,-137,1.58106
48605, 82.2392, 43, -1,-1,-1,39.7502,22.7721,0.025119,8.68e+08,10,125000,1,0,5.82932,10906.7,0,-134.236,-133,0.436224
48607, 82.3732, 27, -1,-1,-1,60.3201,4.95292,0.025119,8.68e+08,12,125000,1,0,-7.05961,18531.3,0,-137.851,-137,1.58106
48615, 82.5, 8, -1,-1,-1,49.2811,9.74921,0.025119,8.68e+08,12,125000,1,0,2.72526,17695.1,1,-135.099,-137,1.58106
48617, 82.5024, 3, -1,-1,-1,55.0197,-4.92577,0.025119,8.68e+08,10,125000,1,0,-2.82753,19184.1,0,-136.671,-133,0.436224
48629, 82.9424, 31, -1,-1,-1,50.6555,15.3159,0.015849,8.68e+08,10,125000,1,0,0.159179,16727.7,0,-137.826,-133,0.436224
48636, 83.4661, 21, -1,-1,-1,51.8796,3.16644,0.015849,8.68e+08,10,125000,1,0,0.750584,18739.6,0,-137.658,-133,0.436224
48639, 83.4761, 10, -1,-1,-1,37.7624,-7.50647,0.025119,8.68e+08,11,125000,1,0,16.3468,17557.1,1,-131.493,-135,0.790528
48656, 83.9678, 16, -1,-1,-1,53.2773,8.72452,0.025119,8.68e+08,12,125000,1,0,-1.0384,18102.3,0,-136.165,-137,1.58106
48663, 84.3823, 18, -1,-1,-1,49.4957,9.3861,0.025119,8.68e+08,10,125000,1,0,2.74687,17729.3,0,-135.094,-133,0.436224
48680, 84.6791, 58, -1,-1,-1,41.7923,21.1679,0.025119,8.68e+08,11,125000,1,0,5.49379,12418,0,-134.329,-135,0.790528
48682, 84.8348, 9, -1,-1,-1,43.9298,8.62537,0.015849,8.68e+08,11,125000,1,0,9.60038,17166.5,0,-135.205,-135,0.790528
48689, 84.8892, 42, -1,-1,-1,44.1598,19.4781,0.019953,8.68e+08,10,125000,1,0,4.52177,13952.4,0,-135.598,-133,0.436224
48701, 85.4501, 12, -1,-1,-1,43.0813,-7.60286,0.019953,8.68e+08,12,125000,1,0,9.10056,18736.2,0,-134.34,-137,1.58106
48703, 85.7073, 30, -1,-1,-1,60.3678,25.9205,0.025119,8.68e+08,10,125000,1,0,-9.60993,16334.9,0,-138.544,-133,0.436224
48710, 85.8388, 28, -1,-1,-1,55.2498,14.353,0.015849,8.68e+08,10,125000,1,0,-3.49541,17363.6,0,-138.86,-133,0.436224
48722, 86.1047, 57, -1,-1,-1,42.497,19.1227,0.015849,8.68e+08,12,125000,1,0,6.23534,13374.1,0,-136.122,-137,1.58106
48725, 86.1055, 6, -1,-1,-1,43.3892,-0.476294,0.025119,8.68e+08,12,125000,1,0,11.0948,18783.9,1,-132.81,-137,1.58106
48732, 86.4268, 49, -1,-1,-1,60.9723,-8.53133,0.015849,8.68e+08,12,125000,1,0,-8.00627,19003,0,-140.11,-137,1.58106
48735, 86.4378, 26, -1,-1,-1,37.2033,12.4105,0.025119,8.68e+08,10,125000,1,0,17.7834,13188.3,1,-131.152,-133,0.436224
48742, 86.7278, 22, -1,-1,-1,45.7768,6.11857,0.015849,8.68e+08,11,125000,1,0,7.79931,17974,0,-135.69,-135,0.790528
48749, 87.4149, 23, -1,-1,-1,46.4547,14.2858,0.015849,8.68e+08,12,125000,1,0,4.76628,16103.4,0,-136.528,-137,1.58106
48757, 87.8811, 7, -1,-1,-1,46.3931,-2.63001,0.025119,8.68e+08,12,125000,1,0,6.76277,19052,1,-133.974,-137,1.58106
48760, 87.9609, 44, -1,-1,-1,38.1663,21.4091,0.019953,8.68e+08,11,125000,1,0,8.35393,10104.1,1,-134.546,-135,0.790528
48767, 88.0272, 46, -1,-1,-1,35.6726,30.6782,0.025119,8.68e+08,12,125000,1,0,1.61634,6158.81,0,-135.422,-137,1.58106
48769, 88.2719, 55, -1,-1,-1,31.8166,28.0824,0.019953,8.68e+08,10,125000,1,0,5.02924,3620.89,0,-135.463,-133,0.436224
48802, 89.3518, 51, -1,-1,-1,31.3978,-16.8263,0.019953,8.68e+08,11,125000,1,0,12.1773,11541.1,1,-133.537,-135,0.790528
48804, 89.4755, 13, -1,-1,-1,40.3136,-10.5179,0.015849,8.68e+08,10,125000,1,0,11.1569,17721.4,0,-134.797,-133,0.436224
48806, 89.487, 17, -1,-1,-1,52.0923,14.0787,0.025119,8.68e+08,10,125000,1,0,-0.496107,17036.3,0,-136.012,-133,0.436224
48808, 89.5568, 2, -1,-1,-1,52.8574,-1.0846,0.019953,8.68e+08,12,125000,1,0,-0.077583,19014.2,0,-136.893,-137,1.58106
48825, 90.3916, 40, -1,-1,-1,50.2872,33.8784,0.019953,8.68e+08,12,125000,1,0,-6.32219,12805,0,-138.653,-137,1.58106
48828, 90.4367, 41, -1,-1,-1,44.2427,17.3363,0.025119,8.68e+08,12,125000,1,0,5.8313,14488,1,-134.234,-137,1.58106
48830, 90.6112, 59, -1,-1,-1,43.0069,22.2244,0.015849,8.68e+08,11,125000,1,0,4.11836,12459.8,0,-136.713,-135,0.790528
48837, 90.8528, 32, -1,-1,-1,51.1766,18.2126,0.019953,8.68e+08,12,125000,1,0,-0.800461,16084.8,0,-137.1,-137,1.58106
48859, 91.6209, 38, -1,-1,-1,55.4525,23.897,0.025119,8.68e+08,11,125000,1,0,-5.65053,15798.7,0,-137.464,-135,0.790528
48861, 91.722, 19, -1,-1,-1,52.5578,8.66449,0.025119,8.68e+08,12,125000,1,0,0.091187,17962.2,0,-135.845,-137,1.58106
48863, 91.7719, 39, -1,-1,-1,45.3641,29.0318,0.019953,8.68e+08,11,125000,1,0,-1.37293,11771.7,0,-137.266,-135,0.790528
48865, 91.7752, 45, -1,-1,-1,37.4342,26.8198,0.015849,8.68e+08,12,125000,1,0,4.24179,7943.65,0,-136.681,-137,1.58106
48867, 91.9865, 1, -1,-1,-1,53.3356,-4.09606,0.025119,8.68e+08,10,125000,1,0,-0.635734,19098.4,0,-136.052,-133,0.436224
48875, 91.9983, 14, -1,-1,-1,38.2352,-6.87066,0.025119,8.68e+08,10,125000,1,0,17.1148,17565.6,1,-131.31,-133,0.436224
48882, 92.2516, 36, -1,-1,-1,56.739,26.2706,0.019953,8.68e+08,11,125000,1,0,-7.14021,15649.1,0,-138.876,-135,0.790528
48890, 92.777, 5, -1,-1,-1,45.2911,-1.97699,0.025119,8.68e+08,11,125000,1,0,8.76478,18886.9,1,-133.43,-135,0.790528
48902, 93.4234, 52, -1,-1,-1,27.6763,-17.5141,0.019953,8.68e+08,10,125000,1,0,12.4992,7939.19,0,-133.456,-133,0.436224
48904, 93.6255, 0, -1,-1,-1,51.1806,-1.29064,0.025119,8.68e+08,10,125000,1,0,1.93946,18976,0,-135.322,-133,0.436224
48906, 93.7996, 54, -1,-1,-1,35.1679,33.0607,0.019953,8.68e+08,12,125000,1,0,-0.074102,5217.44,0,-136.902,-137,1.58106
48909, 94.1367, 53, -1,-1,-1,37.2666,13.7158,0.019953,8.68e+08,12,125000,1,0,16.9437,12263.9,1,-132.351,-137,1.58106
48931, 95.0112, 29, -1,-1,-1,57.2186,11.901,0.019953,8.68e+08,10,125000,1,0,-4.32848,17679.2,0,-138.094,-133,0.436224
48934, 95.2027, 24, -1,-1,-1,46.1123,9.21262,0.019953,8.68e+08,11,125000,1,0,7.35498,17141.9,1,-134.813,-135,0.790528
48936, 95.2382, 31, -1,-1,-1,50.6555,15.3159,0.015849,8.68e+08,10,125000,1,0,0.805961,16477.1,0,-137.644,-133,0.436224
48943, 96.1615, 47, -1,-1,-1,39.1478,29.5182,0.015849,8.68e+08,12,125000,1,0,1.46691,8262.61,0,-137.463,-137,1.58106
48970, 96.8253, 49, -1,-1,-1,60.9723,-8.53133,0.015849,8.68e+08,12,125000,1,0,-7.50805,18909.4,0,-139.975,-137,1.58106
48977, 96.8893, 28, -1,-1,-1,55.2498,14.353,0.015849,8.68e+08,10,125000,1,0,-2.95499,17187.5,0,-138.709,-133,0.436224
48979, 96.915, 34, -1,-1,-1,48.1582,23.6943,0.015849,8.68e+08,10,125000,1,0,-0.206868,13905.1,0,-137.934,-133,0.436224
48981, 96.9366, 30, -1,-1,-1,60.3678,25.9205,0.025119,8.68e+08,10,125000,1,0,-9.16292,16158.7,0,-138.425,-133,0.436224
48993, 97.19, 48, -1,-1,-1,66.9931,-20.4397,0.025119,8.68e+08,11,125000,1,0,-13.2071,18583.3,0,-139.484,-135,0.790528
49010, 98.1289, 15, -1,-1,-1,52.7206,6.93841,0.019953,8.68e+08,11,125000,1,0,0.530967,18106.8,0,-136.721,-135,0.790528
49012, 98.3069, 25, -1,-1,-1,42.9973,10.3296,0.015849,8.68e+08,12,125000,1,0,11.2749,16093.4,0,-134.765,-137,1.58106
49019, 98.4205, 16, -1,-1,-1,53.2773,8.72452,0.025119,8.68e+08,12,125000,1,0,-0.243805,17887.6,0,-135.941,-137,1.58106
49022, 98.5059, 44, -1,-1,-1,38.1663,21.4091,0.019953,8.68e+08,11,125000,1,0,8.8041,9574.97,1,-134.425,-135,0.790528
49024, 98.5635, 8, -1,-1,-1,49.2811,9.74921,0.025119,8.68e+08,12,125000,1,0,3.70797,17395.6,0,-134.824,-137,1.58106
49027, 98.627, 11, -1,-1,-1,40.729,-0.942347,0.015849,8.68e+08,12,125000,1,0,16.6792,18247.8,1,-133.412,-137,1.58106
49034, 98.85, 4, -1,-1,-1,52.5246,-6.48755,0.025119,8.68e+08,10,125000,1,0,0.181008,19075.1,0,-135.821,-133,0.436224
49051, 99.4428, 23, -1,-1,-1,46.4547,14.2858,0.015849,8.68e+08,12,125000,1,0,5.48689,15788.6,0,-136.329,-137,1.58106
49058, 99.8441, 56, -1,-1,-1,61.255,29.3742,0.015849,8.68e+08,11,125000,1,0,-10.3883,15833.8,0,-140.752,-135,0.790528
49060, 99.879, 13, -1,-1,-1,40.3136,-10.5179,0.015849,8.68e+08,10,125000,1,0,12.0583,17473.5,0,-134.564,-133,0.436224
49067, 100.302, 20, -1,-1,-1,50.995,4.58524,0.015849,8.68e+08,11,125000,1,0,2.64961,18329,0,-137.122,-135,0.790528
49075, 100.359, 6, -1,-1,-1,43.3892,-0.476294,0.025119,8.68e+08,12,125000,1,0,12.4103,18521.9,1,-132.471,-137,1.58106
49092, 100.846, 33, -1,-1,-1,46.0271,20.9413,0.019953,8.68e+08,10,125000,1,0,2.94066,13961.2,0,-136.043,-133,0.436224
49094, 100.995, 9, -1,-1,-1,43.9298,8.62537,0.015849,8.68e+08,11,125000,1,0,10.8708,16982.7,0,-134.871,-135,0.790528
49216, 101.001, 41, -1,-1,-1,44.2427,17.3363,0.025119,8.68e+08,12,125000,1,0,6.42375,14138.6,0,-134.071,-137,1.58106
49224, 101.123, 10, -1,-1,-1,37.7624,-7.50647,0.025119,8.68e+08,11,125000,1,0,18.2873,17268.5,1,-131.036,-135,0.790528
49226, 101.26, 18, -1,-1,-1,49.4957,9.3861,0.025119,8.68e+08,10,125000,1,0,3.78521,17642.2,0,-134.803,-133,0.436224
49233, 101.822, 39, -1,-1,-1,45.3641,29.0318,0.019953,8.68e+08,11,125000,1,0,-1.01959,11673.9,0,-137.166,-135,0.790528
49235, 102.055, 57, -1,-1,-1,42.497,19.1227,0.015849,8.68e+08,12,125000,1,0,7.06918,13005.7,0,-135.895,-137,1.58106
49257, 102.886, 45, -1,-1,-1,37.4342,26.8198,0.015849,8.68e+08,12,125000,1,0,4.5571,7644.33,0,-136.594,-137,1.58106
49264, 103.299, 55, -1,-1,-1,31.8166,28.0824,0.019953,8.68e+08,10,125000,1,0,5.21623,3029.72,0,-135.412,-133,0.436224
49266, 103.368, 50, -1,-1,-1,70.7907,22.181,0.015849,8.68e+08,11,125000,1,0,-14.9777,17333.9,0,-141.928,-135,0.790528
49283, 103.634, 42, -1,-1,-1,44.1598,19.4781,0.019953,8.68e+08,10,125000,1,0,5.47995,13546.4,0,-135.333,-133,0.436224
49285, 103.833, 37, -1,-1,-1,55.1185,20.5864,0.015849,8.68e+08,12,125000,1,0,-4.00448,16296.4,0,-139.005,-137,1.58106
49288, 104.117, 46, -1,-1,-1,35.6726,30.6782,0.025119,8.68e+08,12,125000,1,0,1.92968,5637.14,1,-135.334,-137,1.58106
49290, 104.296, 35, -1,-1,-1,41.9454,28.3607,0.019953,8.68e+08,11,125000,1,0,1.26787,10016.8,0,-136.519,-135,0.790528
49302, 104.978, 54, -1,-1,-1,35.1679,33.0607,0.019953,8.68e+08,12,125000,1,0,0.104003,4946.88,0,-136.852,-137,1.58106
49304, 105.04, 32, -1,-1,-1,51.1766,18.2126,0.019953,8.68e+08,12,125000,1,0,-0.101924,16003.4,0,-136.903,-137,1.58106
49316, 105.528, 43, -1,-1,-1,39.7502,22.7721,0.025119,8.68e+08,10,125000,1,0,6.78596,10090.6,0,-133.975,-133,0.436224
49323, 105.794, 0, -1,-1,-1,51.1806,-1.29064,0.025119,8.68e+08,10,125000,1,0,2.7203,19043.5,0,-135.102,-133,0.436224
49330, 106.095, 3, -1,-1,-1,55.0197,-4.92577,0.025119,8.68e+08,10,125000,1,0,-1.51381,19158.7,0,-136.302,-133,0.436224
49338, 106.426, 53, -1,-1,-1,37.2666,13.7158,0.019953,8.68e+08,12,125000,1,0,17.8888,11828.3,1,-132.129,-137,1.58106
49340, 106.504, 27, -1,-1,-1,60.3201,4.95292,0.025119,8.68e+08,12,125000,1,0,-5.90264,18490.5,0,-137.534,-137,1.58106
49342, 106.607, 51, -1,-1,-1,31.3978,-16.8263,0.019953,8.68e+08,11,125000,1,0,13.1699,10845.1,0,-133.285,-135,0.790528
49359, 107.117, 58, -1,-1,-1,41.7923,21.1679,0.025119,8.68e+08,11,125000,1,0,6.5442,11747.1,0,-134.04,-135,0.790528
49371, 107.845, 22, -1,-1,-1,45.7768,6.11857,0.015849,8.68e+08,11,125000,1,0,9.42542,17765.9,0,-135.254,-135,0.790528
49373, 107.852, 36, -1,-1,-1,56.739,26.2706,0.019953,8.68e+08,11,125000,1,0,-6.51098,15590.1,0,-138.704,-135,0.790528
49376, 107.944, 14, -1,-1,-1,38.2352,-6.87066,0.025119,8.68e+08,10,125000,1,0,18.9399,17332.4,1,-130.886,-133,0.436224
49378, 108.002, 21, -1,-1,-1,51.8796,3.16644,0.015849,8.68e+08,10,125000,1,0,2.25041,18630.2,0,-137.235,-133,0.436224
49391, 108.351, 12, -1,-1,-1,43.0813,-7.60286,0.019953,8.68e+08,12,125000,1,0,11.0566,18549.5,1,-133.824,-137,1.58106
49408, 108.865, 15, -1,-1,-1,52.7206,6.93841,0.019953,8.68e+08,11,125000,1,0,1.1567,18168.1,0,-136.545,-135,0.790528
49410, 109.087, 34, -1,-1,-1,48.1582,23.6943,0.015849,8.68e+08,10,125000,1,0,0.321864,13788.5,0,-137.785,-133,0.436224
49413, 109.134, 24, -1,-1,-1,46.1123,9.21262,0.019953,8.68e+08,11,125000,1,0,8.35249,17044.2,1,-134.543,-135,0.790528
49421, 110.06, 7, -1,-1,-1,46.3931,-2.63001,0.025119,8.68e+08,12,125000,1,0,8.50663,18947.6,1,-133.501,-137,1.58106
49423, 110.08, 47, -1,-1,-1,39.1478,29.5182,0.015849,8.68e+08,12,125000,1,0,1.84046,7891.57,0,-137.359,-137,1.58106
49430, 110.114, 59, -1,-1,-1,43.0069,22.2244,0.015849,8.68e+08,11,125000,1,0,4.99311,11951,0,-136.47,-135,0.790528
49448, 110.649, 26, -1,-1,-1,37.2033,12.4105,0.025119,8.68e+08,10,125000,1,0,19.8673,12091.6,1,-130.676,-133,0.436224
49460, 110.9, 48, -1,-1,-1,66.9931,-20.4397,0.025119,8.68e+08,11,125000,1,0,-12.6162,18700.2,0,-139.334,-135,0.790528
49467, 111.023, 17, -1,-1,-1,52.0923,14.0787,0.025119,8.68e+08,10,125000,1,0,0.645498,16853.5,0,-135.691,-133,0.436224
49469, 111.163, 52, -1,-1,-1,27.6763,-17.5141,0.019953,8.68e+08,10,125000,1,0,13.1912,7026.69,0,-133.28,-133,0.436224
49472, 111.248, 5, -1,-1,-1,45.2911,-1.97699,0.025119,8.68e+08,11,125000,1,0,10.3297,18813.3,1,-133.014,-135,0.790528
49484, 112.239, 57, -1,-1,-1,42.497,19.1227,0.015849,8.68e+08,12,125000,1,0,7.60193,12600.6,0,-135.75,-137,1.58106
49491, 112.551, 2, -1,-1,-1,52.8574,-1.0846,0.019953,8.68e+08,12,125000,1,0,1.31169,18962.3,0,-136.501,-137,1.58106
49493, 113.432, 19, -1,-1,-1,52.5578,8.66449,0.025119,8.68e+08,12,125000,1,0,1.3334,17840.9,0,-135.495,-137,1.58106
49495, 113.485, 45, -1,-1,-1,37.4342,26.8198,0.015849,8.68e+08,12,125000,1,0,4.84575,7120.48,0,-136.514,-137,1.58106
49507, 113.952, 40, -1,-1,-1,50.2872,33.8784,0.019953,8.68e+08,12,125000,1,0,-5.53641,12421.8,0,-138.437,-137,1.58106
49529, 115.37, 39, -1,-1,-1,45.3641,29.0318,0.019953,8.68e+08,11,125000,1,0,-0.547578,11215.7,0,-137.034,-135,0.790528
49531, 115.42, 46, -1,-1,-1,35.6726,30.6782,0.025119,8.68e+08,12,125000,1,0,2.13341,5093.58,0,-135.278,-137,1.58106
49533, 115.433, 23, -1,-1,-1,46.4547,14.2858,0.015849,8.68e+08,12,125000,1,0,6.46399,15576.7,0,-136.06,-137,1.58106
49535, 115.565, 4, -1,-1,-1,52.5246,-6.48755,0.025119,8.68e+08,10,125000,1,0,1.20292,19105.6,0,-135.533,-133,0.436224
49562, 116.05, 29, -1,-1,-1,57.2186,11.901,0.019953,8.68e+08,10,125000,1,0,-3.29205,17601.9,0,-137.805,-133,0.436224
49564, 116.069, 31, -1,-1,-1,50.6555,15.3159,0.015849,8.68e+08,10,125000,1,0,1.924,16253.7,0,-137.329,-133,0.436224
49566, 116.153, 25, -1,-1,-1,42.9973,10.3296,0.015849,8.68e+08,12,125000,1,0,12.7018,15759.4,0,-134.398,-137,1.58106
49573, 116.251, 33, -1,-1,-1,46.0271,20.9413,0.019953,8.68e+08,10,125000,1,0,3.68013,13465,0,-135.837,-133,0.436224
49575, 116.373, 20, -1,-1,-1,50.995,4.58524,0.015849,8.68e+08,11,125000,1,0,3.67919,18307.2,0,-136.833,-135,0.790528
49577, 116.585, 38, -1,-1,-1,55.4525,23.897,0.025119,8.68e+08,11,125000,1,0,-4.5949,15543.4,0,-137.172,-135,0.790528
49579, 116.627, 1, -1,-1,-1,53.3356,-4.09606,0.025119,8.68e+08,10,125000,1,0,0.837639,19042.5,0,-135.636,-133,0.436224
49581, 116.75, 8, -1,-1,-1,49.2811,9.74921,0.025119,8.68e+08,12,125000,1,0,4.85666,17259.3,0,-134.504,-137,1.58106
49618, 117.933, 18, -1,-1,-1,49.4957,9.3861,0.025119,8.68e+08,10,125000,1,0,4.84406,17315.8,0,-134.508,-133,0.436224
49620, 118.031, 13, -1,-1,-1,40.3136,-10.5179,0.015849,8.68e+08,10,125000,1,0,13.7037,17229.3,0,-134.146,-133,0.436224
49622, 118.258, 3, -1,-1,-1,55.0197,-4.92577,0.025119,8.68e+08,10,125000,1,0,-0.815312,19030.1,0,-136.105,-133,0.436224
49624, 118.333, 30, -1,-1,-1,60.3678,25.9205,0.025119,8.68e+08,10,125000,1,0,-8.30388,16047.2,0,-138.195,-133,0.436224
49627, 118.496, 10, -1,-1,-1,37.7624,-7.50647,0.025119,8.68e+08,11,125000,1,0,20.3392,16684.2,1,-130.571,-135,0.790528
49634, 118.894, 16, -1,-1,-1,53.2773,8.72452,0.025119,8.68e+08,12,125000,1,0,0.91332,17790.1,0,-135.615,-137,1.58106
49656, 119.513, 54, -1,-1,-1,35.1679,33.0607,0.019953,8.68e+08,12,125000,1,0,0.317289,4277.34,0,-136.793,-137,1.58106
49658, 119.563, 28, -1,-1,-1,55.2498,14.353,0.015849,8.68e+08,10,125000,1,0,-1.82484,17034.6,0,-138.391,-133,0.436224
49665, 120.187, 7, -1,-1,-1,46.3931,-2.63001,0.025119,8.68e+08,12,125000,1,0,9.34418,18788.4,0,-133.276,-137,1.58106
49668, 120.256, 9, -1,-1,-1,43.9298,8.62537,0.015849,8.68e+08,11,125000,1,0,12.4564,16434.9,1,-134.461,-135,0.790528
49670, 120.756, 36, -1,-1,-1,56.739,26.2706,0.019953,8.68e+08,11,125000,1,0,-5.987,15340.8,0,-138.56,-135,0.790528
49672, 120.792, 41, -1,-1,-1,44.2427,17.3363,0.025119,8.68e+08,12,125000,1,0,7.54545,13677.6,0,-133.765,-137,1.58106
49689, 120.941, 49, -1,-1,-1,60.9723,-8.53133,0.015849,8.68e+08,12,125000,1,0,-6.32898,18909.4,0,-139.653,-137,1.58106
49691, 121.272, 21, -1,-1,-1,51.8796,3.16644,0.015849,8.68e+08,10,125000,1,0,3.09356,18662,0,-136.998,-133,0.436224
49713, 121.871, 42, -1,-1,-1,44.1598,19.4781,0.019953,8.68e+08,10,125000,1,0,6.41674,13114.9,0,-135.075,-133,0.436224
49716, 122.104, 44, -1,-1,-1,38.1663,21.4091,0.019953,8.68e+08,11,125000,1,0,9.77146,8812.23,1,-134.168,-135,0.790528
49718, 122.395, 12, -1,-1,-1,43.0813,-7.60286,0.019953,8.68e+08,12,125000,1,0,12.3342,18499.9,0,-133.493,-137,1.58106
49720, 122.417, 59, -1,-1,-1,43.0069,22.2244,0.015849,8.68e+08,11,125000,1,0,5.54026,11692,0,-136.319,-135,0.790528
49722, 122.516, 11, -1,-1,-1,40.729,-0.942347,0.015849,8.68e+08,12,125000,1,0,19.5398,18145,0,-132.748,-137,1.58106
49724, 122.564, 35, -1,-1,-1,41.9454,28.3607,0.019953,8.68e+08,11,125000,1,0,1.85152,9513.28,0,-136.356,-135,0.790528
49741, 123.745, 56, -1,-1,-1,61.255,29.3742,0.015849,8.68e+08,11,125000,1,0,-9.46752,15919.3,0,-140.509,-135,0.790528
49753, 124.279, 58, -1,-1,-1,41.7923,21.1679,0.025119,8.68e+08,11,125000,1,0,7.337,11241.2,0,-133.824,-135,0.790528
49770, 124.81, 15, -1,-1,-1,52.7206,6.93841,0.019953,8.68e+08,11,125000,1,0,2.1085,18142.2,0,-136.277,-135,0.790528
49773, 124.867, 6, -1,-1,-1,43.3892,-0.476294,0.025119,8.68e+08,12,125000,1,0,14.849,18497.8,1,-131.859,-137,1.58106
49776, 124.886, 5, -1,-1,-1,45.2911,-1.97699,0.025119,8.68e+08,11,125000,1,0,11.5512,18805.1,1,-132.695,-135,0.790528
49793, 125.956, 39, -1,-1,-1,45.3641,29.0318,0.019953,8.68e+08,11,125000,1,0,-0.18274,11079.7,0,-136.931,-135,0.790528
49795, 126.093, 23, -1,-1,-1,46.4547,14.2858,0.015849,8.68e+08,12,125000,1,0,7.12767,15497.2,0,-135.878,-137,1.58106
49802, 126.3, 32, -1,-1,-1,51.1766,18.2126,0.019953,8.68e+08,12,125000,1,0,0.962288,15743.2,0,-136.603,-137,1.58106
49809, 126.322, 37, -1,-1,-1,55.1185,20.5864,0.015849,8.68e+08,12,125000,1,0,-2.98599,16090.8,0,-138.721,-137,1.58106
49816, 126.583, 43, -1,-1,-1,39.7502,22.7721,0.025119,8.68e+08,10,125000,1,0,7.61646,9309.28,0,-133.749,-133,0.436224
49818, 126.588, 50, -1,-1,-1,70.7907,22.181,0.015849,8.68e+08,11,125000,1,0,-14.072,17315.8,0,-141.704,-135,0.790528
49830, 126.942, 55, -1,-1,-1,31.8166,28.0824,0.019953,8.68e+08,10,125000,1,0,5.43746,1941.66,0,-135.352,-133,0.436224
49837, 127.127, 47, -1,-1,-1,39.1478,29.5182,0.015849,8.68e+08,12,125000,1,0,2.27595,7361.23,0,-137.237,-137,1.58106
49839, 127.135, 1, -1,-1,-1,53.3356,-4.09606,0.025119,8.68e+08,10,125000,1,0,1.48845,19138.5,0,-135.452,-133,0.436224
49847, 127.885, 53, -1,-1,-1,37.2666,13.7158,0.019953,8.68e+08,12,125000,1,0,19.5263,10766.8,1,-131.755,-137,1.58106
49874, 128.479, 19, -1,-1,-1,52.5578,8.66449,0.025119,8.68e+08,12,125000,1,0,2.22176,17812.1,0,-135.245,-137,1.58106
49881, 128.55, 0, -1,-1,-1,51.1806,-1.29064,0.025119,8.68e+08,10,125000,1,0,4.24036,18969.1,0,-134.677,-133,0.436224
49884, 128.651, 26, -1,-1,-1,37.2033,12.4105,0.025119,8.68e+08,10,125000,1,0,21.4229,11222.9,1,-130.333,-133,0.436224
49886, 128.681, 57, -1,-1,-1,42.497,19.1227,0.015849,8.68e+08,12,125000,1,0,8.46032,12149.1,0,-135.518,-137,1.58106
49893, 128.907, 3, -1,-1,-1,55.0197,-4.92577,0.025119,8.68e+08,10,125000,1,0,-0.190881,19131.4,0,-135.929,-133,0.436224
49900, 128.925, 52, -1,-1,-1,27.6763,-17.5141,0.019953,8.68e+08,10,125000,1,0,13.8133,6054.48,0,-133.124,-133,0.436224
49902, 129.122, 25, -1,-1,-1,42.9973,10.3296,0.015849,8.68e+08,12,125000,1,0,13.7756,15551.1,0,-134.127,-137,1.58106
49904, 129.268, 48, -1,-1,-1,66.9931,-20.4397,0.025119,8.68e+08,11,125000,1,0,-11.8144,18774.5,0,-139.128,-135,0.790528
49906, 129.351, 34, -1,-1,-1,48.1582,23.6943,0.015849,8.68e+08,10,125000,1,0,1.20435,13412.2,0,-137.537,-133,0.436224
49909, 129.546, 22, -1,-1,-1,45.7768,6.11857,0.015849,8.68e+08,11,125000,1,0,11.1999,17502.1,1,-134.787,-135,0.790528
49911, 129.88, 27, -1,-1,-1,60.3201,4.95292,0.025119,8.68e+08,12,125000,1,0,-4.75024,18447.3,0,-137.215,-137,1.58106
49923, 130.369, 13, -1,-1,-1,40.3136,-10.5179,0.015849,8.68e+08,10,125000,1,0,14.879,17109.5,0,-133.855,-133,0.436224
49945, 130.881, 29, -1,-1,-1,57.2186,11.901,0.019953,8.68e+08,10,125000,1,0,-2.54567,17604.7,0,-137.596,-133,0.436224
49947, 130.908, 31, -1,-1,-1,50.6555,15.3159,0.015849,8.68e+08,10,125000,1,0,2.73825,16140.8,0,-137.101,-133,0.436224
49950, 131.051, 14, -1,-1,-1,38.2352,-6.87066,0.025119,8.68e+08,10,125000,1,0,21.8206,16793.7,1,-130.247,-133,0.436224
49953, 131.116, 51, -1,-1,-1,31.3978,-16.8263,0.019953,8.68e+08,11,125000,1,0,14.5324,9648.19,1,-132.945,-135,0.790528
49960, 131.538, 24, -1,-1,-1,46.1123,9.21262,0.019953,8.68e+08,11,125000,1,0,10.0255,16703.6,0,-134.096,-135,0.790528
49962, 131.603, 28, -1,-1,-1,55.2498,14.353,0.015849,8.68e+08,10,125000,1,0,-1.21244,17050.3,0,-138.219,-133,0.436224
49989, 132.926, 4, -1,-1,-1,52.5246,-6.48755,0.025119,8.68e+08,10,125000,1,0,2.30308,19121.6,0,-135.223,-133,0.436224
49991, 133.114, 9, -1,-1,-1,43.9298,8.62537,0.015849,8.68e+08,11,125000,1,0,13.561,16279,0,-134.181,-135,0.790528
49994, 133.149, 10, -1,-1,-1,37.7624,-7.50647,0.025119,8.68e+08,11,125000,1,0,22.1911,16378.7,1,-130.167,-135,0.790528
49996, 133.541, 36, -1,-1,-1,56.739,26.2706,0.019953,8.68e+08,11,125000,1,0,-5.46476,15319.6,0,-138.416,-135,0.790528
50009, 134.454, 11, -1,-1,-1,40.729,-0.942347,0.015849,8.68e+08,12,125000,1,0,21.1014,17809.3,1,-132.402,-137,1.58106
50012, 134.539, 58, -1,-1,-1,41.7923,21.1679,0.025119,8.68e+08,11,125000,1,0,7.80457,10774.1,1,-133.698,-135,0.790528
50029, 135.296, 17, -1,-1,-1,52.0923,14.0787,0.025119,8.68e+08,10,125000,1,0,1.97138,16584.5,0,-135.317,-133,0.436224
50046, 135.851, 18, -1,-1,-1,49.4957,9.3861,0.025119,8.68e+08,10,125000,1,0,6.02164,17167.1,0,-134.182,-133,0.436224
50048, 135.955, 45, -1,-1,-1,37.4342,26.8198,0.015849,8.68e+08,12,125000,1,0,5.41448,6209.27,0,-136.358,-137,1.58106
50056, 136.259, 8, -1,-1,-1,49.2811,9.74921,0.025119,8.68e+08,12,125000,1,0,6.13503,17069,1,-134.151,-137,1.58106
50058, 136.299, 40, -1,-1,-1,50.2872,33.8784,0.019953,8.68e+08,12,125000,1,0,-4.79777,12039.8,0,-138.233,-137,1.58106
50070, 137.33, 2, -1,-1,-1,52.8574,-1.0846,0.019953,8.68e+08,12,125000,1,0,2.88477,18872.8,0,-136.059,-137,1.58106
50072, 137.417, 16, -1,-1,-1,53.2773,8.72452,0.025119,8.68e+08,12,125000,1,0,1.9948,17706.6,0,-135.31,-137,1.58106
50074, 137.422, 15, -1,-1,-1,52.7206,6.93841,0.019953,8.68e+08,11,125000,1,0,2.8818,17937.4,0,-136.06,-135,0.790528
50086, 137.812, 54, -1,-1,-1,35.1679,33.0607,0.019953,8.68e+08,12,125000,1,0,0.555039,3656.89,0,-136.726,-137,1.58106
50088, 137.884, 42, -1,-1,-1,44.1598,19.4781,0.019953,8.68e+08,10,125000,1,0,7.24038,12489.5,0,-134.851,-133,0.436224
50095, 138.439, 20, -1,-1,-1,50.995,4.58524,0.015849,8.68e+08,11,125000,1,0,5.15354,18173.4,0,-136.423,-135,0.790528
50097, 138.467, 33, -1,-1,-1,46.0271,20.9413,0.019953,8.68e+08,10,125000,1,0,4.75042,12931.6,0,-135.539,-133,0.436224
50104, 138.58, 46, -1,-1,-1,35.6726,30.6782,0.025119,8.68e+08,12,125000,1,0,2.50567,4191.06,0,-135.174,-137,1.58106
50126, 139.086, 52, -1,-1,-1,27.6763,-17.5141,0.019953,8.68e+08,10,125000,1,0,14.1328,5353.06,0,-133.045,-133,0.436224
50148, 140.112, 12, -1,-1,-1,43.0813,-7.60286,0.019953,8.68e+08,12,125000,1,0,14.0428,18125.4,0,-133.062,-137,1.58106
50155, 140.323, 39, -1,-1,-1,45.3641,29.0318,0.019953,8.68e+08,11,125000,1,0,0.306027,10561,0,-136.794,-135,0.790528
50163, 140.393, 53, -1,-1,-1,37.2666,13.7158,0.019953,8.68e+08,12,125000,1,0,20.4614,9920.88,1,-131.546,-137,1.58106
50165, 140.443, 23, -1,-1,-1,46.4547,14.2858,0.015849,8.68e+08,12,125000,1,0,8.03656,15052.6,0,-135.632,-137,1.58106
50167, 140.52, 7, -1,-1,-1,46.3931,-2.63001,0.025119,8.68e+08,12,125000,1,0,11.1149,18674.2,0,-132.81,-137,1.58106
50169, 140.672, 38, -1,-1,-1,55.4525,23.897,0.025119,8.68e+08,11,125000,1,0,-3.5622,15275.1,0,-136.885,-135,0.790528
50171, 140.676, 57, -1,-1,-1,42.497,19.1227,0.015849,8.68e+08,12,125000,1,0,9.08329,11615.5,0,-135.352,-137,1.58106
50173, 140.82, 30, -1,-1,-1,60.3678,25.9205,0.025119,8.68e+08,10,125000,1,0,-7.39043,16134.5,0,-137.948,-133,0.436224
50176, 141.053, 44, -1,-1,-1,38.1663,21.4091,0.019953,8.68e+08,11,125000,1,0,10.4984,7988.46,1,-133.977,-135,0.790528
50183, 141.174, 27, -1,-1,-1,60.3201,4.95292,0.025119,8.68e+08,12,125000,1,0,-4.18133,18314.1,0,-137.056,-137,1.58106
50201, 141.51, 14, -1,-1,-1,38.2352,-6.87066,0.025119,8.68e+08,10,125000,1,0,23.2273,16645.6,1,-129.948,-133,0.436224
50223, 141.757, 21, -1,-1,-1,51.8796,3.16644,0.015849,8.68e+08,10,125000,1,0,4.44426,18578.8,0,-136.621,-133,0.436224
50230, 141.828, 28, -1,-1,-1,55.2498,14.353,0.015849,8.68e+08,10,125000,1,0,-0.685326,17091,0,-138.07,-133,0.436224
50237, 142.203, 13, -1,-1,-1,40.3136,-10.5179,0.015849,8.68e+08,10,125000,1,0,16.0532,16981.2,0,-133.569,-133,0.436224
50239, 142.533, 35, -1,-1,-1,41.9454,28.3607,0.019953,8.68e+08,11,125000,1,0,2.4652,8904,0,-136.184,-135,0.790528
50246, 142.884, 49, -1,-1,-1,60.9723,-8.53133,0.015849,8.68e+08,12,125000,1,0,-5.22476,19142.1,0,-139.349,-137,1.58106
50254, 143.153, 6, -1,-1,-1,43.3892,-0.476294,0.025119,8.68e+08,12,125000,1,0,16.8384,18326.1,1,-131.378,-137,1.58106
50257, 143.171, 26, -1,-1,-1,37.2033,12.4105,0.025119,8.68e+08,10,125000,1,0,22.6632,10495.4,1,-130.068,-133,0.436224
50259, 143.178, 47, -1,-1,-1,39.1478,29.5182,0.015849,8.68e+08,12,125000,1,0,2.66159,6853.13,0,-137.13,-137,1.58106
50266, 143.242, 25, -1,-1,-1,42.9973,10.3296,0.015849,8.68e+08,12,125000,1,0,14.9805,15268.2,0,-133.829,-137,1.58106
50273, 143.728, 37, -1,-1,-1,55.1185,20.5864,0.015849,8.68e+08,12,125000,1,0,-2.18546,15964.5,0,-138.496,-137,1.58106
50281, 143.845, 51, -1,-1,-1,31.3978,-16.8263,0.019953,8.68e+08,11,125000,1,0,15.2079,9072.5,1,-132.779,-135,0.790528
50283, 143.902, 55, -1,-1,-1,31.8166,28.0824,0.019953,8.68e+08,10,125000,1,0,5.53914,1218.53,0,-135.325,-133,0.436224
50285, 143.988, 9, -1,-1,-1,43.9298,8.62537,0.015849,8.68e+08,11,125000,1,0,14.5255,16165.1,0,-133.941,-135,0.790528
50297, 144.273, 29, -1,-1,-1,57.2186,11.901,0.019953,8.68e+08,10,125000,1,0,-1.85976,17621.2,0,-137.403,-133,0.436224
50319, 144.855, 56, -1,-1,-1,61.255,29.3742,0.015849,8.68e+08,11,125000,1,0,-8.64639,15797.1,0,-140.29,-135,0.790528
50321, 144.882, 31, -1,-1,-1,50.6555,15.3159,0.015849,8.68e+08,10,125000,1,0,3.51895,16031.7,0,-136.882,-133,0.436224
50334, 145.606, 5, -1,-1,-1,45.2911,-1.97699,0.025119,8.68e+08,11,125000,1,0,13.53,18649.3,1,-132.19,-135,0.790528
50336, 145.661, 41, -1,-1,-1,44.2427,17.3363,0.025119,8.68e+08,12,125000,1,0,8.97198,13196,0,-133.381,-137,1.58106
50338, 145.804, 59, -1,-1,-1,43.0069,22.2244,0.015849,8.68e+08,11,125000,1,0,6.56491,10931.8,0,-136.038,-135,0.790528
50340, 146.026, 32, -1,-1,-1,51.1766,18.2126,0.019953,8.68e+08,12,125000,1,0,1.96867,15487.4,0,-136.32,-137,1.58106
50342, 146.042, 19, -1,-1,-1,52.5578,8.66449,0.025119,8.68e+08,12,125000,1,0,3.2894,17726.3,0,-134.946,-137,1.58106
50364, 146.673, 1, -1,-1,-1,53.3356,-4.09606,0.025119,8.68e+08,10,125000,1,0,2.7384,19124,0,-135.101,-133,0.436224
50372, 146.839, 11, -1,-1,-1,40.729,-0.942347,0.015849,8.68e+08,12,125000,1,0,22.8292,17689.4,1,-132.031,-137,1.58106
50375, 146.95, 10, -1,-1,-1,37.7624,-7.50647,0.025119,8.68e+08,11,125000,1,0,24.0459,16053.4,1,-129.779,-135,0.790528
50382, 147.258, 50, -1,-1,-1,70.7907,22.181,0.015849,8.68e+08,11,125000,1,0,-13.2562,17319.6,0,-141.5,-135,0.790528
50384, 147.34, 58, -1,-1,-1,41.7923,21.1679,0.025119,8.68e+08,11,125000,1,0,8.37923,10409.2,0,-133.543,-135,0.790528
50396, 147.571, 22, -1,-1,-1,45.7768,6.11857,0.015849,8.68e+08,11,125000,1,0,12.7635,17283.2,0,-134.384,-135,0.790528
50398, 147.935, 18, -1,-1,-1,49.4957,9.3861,0.025119,8.68e+08,10,125000,1,0,6.84067,17127.2,0,-133.958,-133,0.436224
50405, 148.72, 43, -1,-1,-1,39.7502,22.7721,0.025119,8.68e+08,10,125000,1,0,8.44348,8405.95,0,-133.527,-133,0.436224
50408, 148.75, 8, -1,-1,-1,49.2811,9.74921,0.025119,8.68e+08,12,125000,1,0,6.98043,17013.3,1,-133.92,-137,1.58106
50410, 148.952, 16, -1,-1,-1,53.2773,8.72452,0.025119,8.68e+08,12,125000,1,0,2.68625,17730.4,0,-135.116,-137,1.58106
50427, 149.751, 4, -1,-1,-1,52.5246,-6.48755,0.025119,8.68e+08,10,125000,1,0,3.41107,19136.1,0,-134.912,-133,0.436224
50439, 150.6, 39, -1,-1,-1,45.3641,29.0318,0.019953,8.68e+08,11,125000,1,0,0.650546,10413.9,0,-136.697,-135,0.790528
50567, 151.011, 7, -1,-1,-1,46.3931,-2.63001,0.025119,8.68e+08,12,125000,1,0,12.0802,18716.7,1,-132.56,-137,1.58106
50569, 151.148, 40, -1,-1,-1,50.2872,33.8784,0.019953,8.68e+08,12,125000,1,0,-4.31147,11848,0,-138.098,-137,1.58106
50586, 151.393, 0, -1,-1,-1,51.1806,-1.29064,0.025119,8.68e+08,10,125000,1,0,5.85513,18874.3,0,-134.229,-133,0.436224
50588, 151.728, 34, -1,-1,-1,48.1582,23.6943,0.015849,8.68e+08,10,125000,1,0,2.17983,12927.1,0,-137.263,-133,0.436224
50590, 151.805, 45, -1,-1,-1,37.4342,26.8198,0.015849,8.68e+08,12,125000,1,0,5.77673,5608.39,0,-136.259,-137,1.58106
50602, 152.067, 48, -1,-1,-1,66.9931,-20.4397,0.025119,8.68e+08,11,125000,1,0,-10.8016,18807.7,0,-138.865,-135,0.790528
50604, 152.306, 13, -1,-1,-1,40.3136,-10.5179,0.015849,8.68e+08,10,125000,1,0,17.0941,16655.7,0,-133.32,-133,0.436224
50616, 152.747, 46, -1,-1,-1,35.6726,30.6782,0.025119,8.68e+08,12,125000,1,0,2.70174,3717.08,0,-135.12,-137,1.58106
50624, 153.134, 24, -1,-1,-1,46.1123,9.21262,0.019953,8.68e+08,11,125000,1,0,11.7249,16324,1,-133.653,-135,0.790528
50626, 153.386, 47, -1,-1,-1,39.1478,29.5182,0.015849,8.68e+08,12,125000,1,0,2.89352,6367.07,0,-137.065,-137,1.58106
50628, 153.464, 3, -1,-1,-1,55.0197,-4.92577,0.025119,8.68e+08,10,125000,1,0,1.29949,19072.9,0,-135.508,-133,0.436224
50631, 153.956, 6, -1,-1,-1,43.3892,-0.476294,0.025119,8.68e+08,12,125000,1,0,18.0929,18059,1,-131.083,-137,1.58106
50648, 154.487, 33, -1,-1,-1,46.0271,20.9413,0.019953,8.68e+08,10,125000,1,0,5.5226,12575.5,0,-135.326,-133,0.436224
50655, 154.882, 36, -1,-1,-1,56.739,26.2706,0.019953,8.68e+08,11,125000,1,0,-4.58619,15109.8,0,-138.173,-135,0.790528
50662, 155.407, 31, -1,-1,-1,50.6555,15.3159,0.015849,8.68e+08,10,125000,1,0,4.1161,15765.5,0,-136.716,-133,0.436224
50675, 155.631, 2, -1,-1,-1,52.8574,-1.0846,0.019953,8.68e+08,12,125000,1,0,4.10433,18851.5,1,-135.717,-137,1.58106
50678, 155.865, 26, -1,-1,-1,37.2033,12.4105,0.025119,8.68e+08,10,125000,1,0,23.7235,9547.89,1,-129.847,-133,0.436224
50706, 156.412, 9, -1,-1,-1,43.9298,8.62537,0.015849,8.68e+08,11,125000,1,0,15.6629,15724.4,1,-133.663,-135,0.790528
50708, 156.44, 49, -1,-1,-1,60.9723,-8.53133,0.015849,8.68e+08,12,125000,1,0,-4.52607,19013.5,0,-139.155,-137,1.58106
50710, 156.477, 17, -1,-1,-1,52.0923,14.0787,0.025119,8.68e+08,10,125000,1,0,3.16473,16344.6,0,-134.983,-133,0.436224
50717, 156.978, 15, -1,-1,-1,52.7206,6.93841,0.019953,8.68e+08,11,125000,1,0,4.11945,17825.8,0,-135.714,-135,0.790528
50724, 157.146, 38, -1,-1,-1,55.4525,23.897,0.025119,8.68e+08,11,125000,1,0,-2.84789,15146.5,0,-136.685,-135,0.790528
50751, 157.434, 1, -1,-1,-1,53.3356,-4.09606,0.025119,8.68e+08,10,125000,1,0,3.45094,18991.6,0,-134.901,-133,0.436224
50753, 157.6, 20, -1,-1,-1,50.995,4.58524,0.015849,8.68e+08,11,125000,1,0,6.49737,18065,0,-136.053,-135,0.790528
50755, 157.77, 30, -1,-1,-1,60.3678,25.9205,0.025119,8.68e+08,10,125000,1,0,-6.69446,15836.5,0,-137.758,-133,0.436224
50757, 157.803, 28, -1,-1,-1,55.2498,14.353,0.015849,8.68e+08,10,125000,1,0,0.151658,16792.1,0,-137.835,-133,0.436224
50759, 157.845, 37, -1,-1,-1,55.1185,20.5864,0.015849,8.68e+08,12,125000,1,0,-1.52824,15664,0,-138.311,-137,1.58106
50762, 157.966, 41, -1,-1,-1,44.2427,17.3363,0.025119,8.68e+08,12,125000,1,0,9.68202,12682.6,1,-133.192,-137,1.58106
50764, 158.176, 44, -1,-1,-1,38.1663,21.4091,0.019953,8.68e+08,11,125000,1,0,11.1079,6968.69,0,-133.819,-135,0.790528
50771, 158.211, 58, -1,-1,-1,41.7923,21.1679,0.025119,8.68e+08,11,125000,1,0,8.8581,9872.1,0,-133.415,-135,0.790528
50778, 158.86, 18, -1,-1,-1,49.4957,9.3861,0.025119,8.68e+08,10,125000,1,0,7.59941,16870.7,0,-133.751,-133,0.436224
50780, 158.869, 27, -1,-1,-1,60.3201,4.95292,0.025119,8.68e+08,12,125000,1,0,-3.27267,18323.6,0,-136.803,-137,1.58106
50787, 159.359, 42, -1,-1,-1,44.1598,19.4781,0.019953,8.68e+08,10,125000,1,0,8.3413,11825.8,0,-134.553,-133,0.436224
50804, 159.775, 12, -1,-1,-1,43.0813,-7.60286,0.019953,8.68e+08,12,125000,1,0,16.083,17893,0,-132.562,-137,1.58106
50821, 160.433, 5, -1,-1,-1,45.2911,-1.97699,0.025119,8.68e+08,11,125000,1,0,15.05,18342.8,0,-131.812,-135,0.790528
50823, 160.664, 21, -1,-1,-1,51.8796,3.16644,0.015849,8.68e+08,10,125000,1,0,5.74966,18501.4,0,-136.259,-133,0.436224
50825, 160.934, 51, -1,-1,-1,31.3978,-16.8263,0.019953,8.68e+08,11,125000,1,0,16.0672,8164.72,0,-132.571,-135,0.790528
50827, 160.981, 11, -1,-1,-1,40.729,-0.942347,0.015849,8.68e+08,12,125000,1,0,24.953,17205.1,0,-131.594,-137,1.58106
50829, 161.032, 54, -1,-1,-1,35.1679,33.0607,0.019953,8.68e+08,12,125000,1,0,0.804893,2785.28,0,-136.657,-137,1.58106
50836, 161.528, 23, -1,-1,-1,46.4547,14.2858,0.015849,8.68e+08,12,125000,1,0,9.40365,14581.8,0,-135.266,-137,1.58106
50853, 162.74, 57, -1,-1,-1,42.497,19.1227,0.015849,8.68e+08,12,125000,1,0,10.2152,11056.7,0,-135.052,-137,1.58106
50856, 162.782, 52, -1,-1,-1,27.6763,-17.5141,0.019953,8.68e+08,10,125000,1,0,14.7601,4077.17,1,-132.891,-133,0.436224
50873, 163.279, 55, -1,-1,-1,31.8166,28.0824,0.019953,8.68e+08,10,125000,1,0,5.59553,352.134,0,-135.311,-133,0.436224
50885, 163.649, 56, -1,-1,-1,61.255,29.3742,0.015849,8.68e+08,11,125000,1,0,-7.90895,15700.7,0,-140.092,-135,0.790528
50887, 163.862, 19, -1,-1,-1,52.5578,8.66449,0.025119,8.68e+08,12,125000,1,0,4.40943,17617.4,0,-134.633,-137,1.58106
50894, 163.97, 6, -1,-1,-1,43.3892,-0.476294,0.025119,8.68e+08,12,125000,1,0,19.3143,18044.9,0,-130.803,-137,1.58106
50902, 164.082, 14, -1,-1,-1,38.2352,-6.87066,0.025119,8.68e+08,10,125000,1,0,26.5089,15921.3,1,-129.288,-133,0.436224
50909, 164.619, 53, -1,-1,-1,37.2666,13.7158,0.019953,8.68e+08,12,125000,1,0,22.1928,8689.98,0,-131.171,-137,1.58106
50921, 165.181, 16, -1,-1,-1,53.2773,8.72452,0.025119,8.68e+08,12,125000,1,0,3.68404,17660.1,0,-134.837,-137,1.58106
50928, 165.225, 34, -1,-1,-1,48.1582,23.6943,0.015849,8.68e+08,10,125000,1,0,2.76726,12702.6,0,-137.098,-133,0.436224
50945, 165.456, 32, -1,-1,-1,51.1766,18.2126,0.019953,8.68e+08,12,125000,1,0,2.97783,15206.7,0,-136.037,-137,1.58106
50947, 165.599, 45, -1,-1,-1,37.4342,26.8198,0.015849,8.68e+08,12,125000,1,0,6.0632,5099.14,0,-136.181,-137,1.58106
50949, 165.834, 0, -1,-1,-1,51.1806,-1.29064,0.025119,8.68e+08,10,125000,1,0,6.92822,18884.4,0,-133.935,-133,0.436224
50951, 165.943, 47, -1,-1,-1,39.1478,29.5182,0.015849,8.68e+08,12,125000,1,0,3.16358,5996.46,0,-136.99,-137,1.58106
50953, 165.993, 35, -1,-1,-1,41.9454,28.3607,0.019953,8.68e+08,11,125000,1,0,3.14792,8096.44,0,-135.994,-135,0.790528
50965, 166.692, 25, -1,-1,-1,42.9973,10.3296,0.015849,8.68e+08,12,125000,1,0,17.064,14539.2,0,-133.327,-137,1.58106
50967, 166.814, 8, -1,-1,-1,49.2811,9.74921,0.025119,8.68e+08,12,125000,1,0,8.24283,16804.5,0,-133.577,-137,1.58106
50969, 167.013, 49, -1,-1,-1,60.9723,-8.53133,0.015849,8.68e+08,12,125000,1,0,-3.97177,19128.5,0,-139,-137,1.58106
50971, 167.189, 15, -1,-1,-1,52.7206,6.93841,0.019953,8.68e+08,11,125000,1,0,4.78578,17866.8,0,-135.528,-135,0.790528
50983, 167.8, 40, -1,-1,-1,50.2872,33.8784,0.019953,8.68e+08,12,125000,1,0,-3.77134,11587.1,0,-137.948,-137,1.58106
50995, 168.294, 17, -1,-1,-1,52.0923,14.0787,0.025119,8.68e+08,10,125000,1,0,3.84599,16297.1,0,-134.792,-133,0.436224
50997, 168.37, 29, -1,-1,-1,57.2186,11.901,0.019953,8.68e+08,10,125000,1,0,-0.594914,17453.9,0,-137.047,-133,0.436224
50999, 168.463, 59, -1,-1,-1,43.0069,22.2244,0.015849,8.68e+08,11,125000,1,0,7.52998,10127.8,0,-135.776,-135,0.790528
51017, 168.934, 27, -1,-1,-1,60.3201,4.95292,0.025119,8.68e+08,12,125000,1,0,-2.74583,18421.3,1,-136.655,-137,1.58106
51029, 169.107, 4, -1,-1,-1,52.5246,-6.48755,0.025119,8.68e+08,10,125000,1,0,4.74281,19110.1,0,-134.541,-133,0.436224
51041, 169.367, 36, -1,-1,-1,56.739,26.2706,0.019953,8.68e+08,11,125000,1,0,-3.98513,15028.4,0,-138.006,-135,0.790528
51043, 169.62, 1, -1,-1,-1,53.3356,-4.09606,0.025119,8.68e+08,10,125000,1,0,4.28034,19055.2,0,-134.67,-133,0.436224
51045, 169.656, 50, -1,-1,-1,70.7907,22.181,0.015849,8.68e+08,11,125000,1,0,-12.3613,17295.9,0,-141.273,-135,0.790528
51047, 169.711, 33, -1,-1,-1,46.0271,20.9413,0.019953,8.68e+08,10,125000,1,0,6.25448,12218.2,0,-135.125,-133,0.436224
51049, 169.779, 22, -1,-1,-1,45.7768,6.11857,0.015849,8.68e+08,11,125000,1,0,14.8153,16898,0,-133.871,-135,0.790528
51052, 169.829, 10, -1,-1,-1,37.7624,-7.50647,0.025119,8.68e+08,11,125000,1,0,27.3779,15204.1,1,-129.121,-135,0.790528
51065, 170.827, 9, -1,-1,-1,43.9298,8.62537,0.015849,8.68e+08,11,125000,1,0,17.0314,15424.1,1,-133.335,-135,0.790528
51073, 171.619, 7, -1,-1,-1,46.3931,-2.63001,0.025119,8.68e+08,12,125000,1,0,14.0932,18553,1,-132.051,-137,1.58106
51080, 171.745, 30, -1,-1,-1,60.3678,25.9205,0.025119,8.68e+08,10,125000,1,0,-6.11573,15815.5,0,-137.6,-133,0.436224
51112, 172.386, 3, -1,-1,-1,55.0197,-4.92577,0.025119,8.68e+08,10,125000,1,0,2.50114,19067.4,0,-135.17,-133,0.436224
51114, 172.449, 31, -1,-1,-1,50.6555,15.3159,0.015849,8.68e+08,10,125000,1,0,5.09987,15541.8,0,-136.443,-133,0.436224
51121, 172.498, 39, -1,-1,-1,45.3641,29.0318,0.019953,8.68e+08,11,125000,1,0,1.36811,9800.82,0,-136.496,-135,0.790528
51123, 172.592, 43, -1,-1,-1,39.7502,22.7721,0.025119,8.68e+08,10,125000,1,0,9.26806,7332.58,0,-133.307,-133,0.436224
51125, 172.858, 38, -1,-1,-1,55.4525,23.897,0.025119,8.68e+08,11,125000,1,0,-2.16069,15019.3,0,-136.492,-135,0.790528
51133, 173.258, 24, -1,-1,-1,46.1123,9.21262,0.019953,8.68e+08,11,125000,1,0,13.3913,15924.6,1,-133.228,-135,0.790528
51140, 173.608, 2, -1,-1,-1,52.8574,-1.0846,0.019953,8.68e+08,12,125000,1,0,5.35647,18822.8,0,-135.37,-137,1.58106
51148, 173.751, 26, -1,-1,-1,37.2033,12.4105,0.025119,8.68e+08,10,125000,1,0,25.1524,8393.74,1,-129.558,-133,0.436224
51160, 173.925, 23, -1,-1,-1,46.4547,14.2858,0.015849,8.68e+08,12,125000,1,0,10.2243,14373.8,0,-135.049,-137,1.58106
51162, 174.144, 55, -1,-1,-1,31.8166,28.0824,0.019953,8.68e+08,10,125000,1,0,5.59897,-271.387,0,-135.311,-133,0.436224
51169, 174.222, 42, -1,-1,-1,44.1598,19.4781,0.019953,8.68e+08,10,125000,1,0,9.09676,11398.7,0,-134.351,-133,0.436224
51171, 174.316, 52, -1,-1,-1,27.6763,-17.5141,0.019953,8.68e+08,10,125000,1,0,15,3224.18,0,-132.832,-133,0.436224
51174, 174.6, 14, -1,-1,-1,38.2352,-6.87066,0.025119,8.68e+08,10,125000,1,0,28.1627,15392.6,1,-128.973,-133,0.436224
51176, 174.838, 46, -1,-1,-1,35.6726,30.6782,0.025119,8.68e+08,12,125000,1,0,2.95671,2824.64,0,-135.05,-137,1.58106
51188, 175.704, 34, -1,-1,-1,48.1582,23.6943,0.015849,8.68e+08,10,125000,1,0,3.22211,12332.5,0,-136.971,-133,0.436224
51216, 176.351, 13, -1,-1,-1,40.3136,-10.5179,0.015849,8.68e+08,10,125000,1,0,19.7252,16018.8,1,-132.714,-133,0.436224
51218, 176.651, 44, -1,-1,-1,38.1663,21.4091,0.019953,8.68e+08,11,125000,1,0,11.7059,6067.15,0,-133.665,-135,0.790528
51220, 176.671, 48, -1,-1,-1,66.9931,-20.4397,0.025119,8.68e+08,11,125000,1,0,-9.6849,18820.9,0,-138.571,-135,0.790528
51223, 176.674, 11, -1,-1,-1,40.729,-0.942347,0.015849,8.68e+08,12,125000,1,0,27.525,16875.7,1,-131.092,-137,1.58106
51230, 176.904, 58, -1,-1,-1,41.7923,21.1679,0.025119,8.68e+08,11,125000,1,0,9.65695,9147.46,0,-133.203,-135,0.790528
51237, 177.4, 28, -1,-1,-1,55.2498,14.353,0.015849,8.68e+08,10,125000,1,0,1.20199,16630.5,0,-137.539,-133,0.436224
51239, 177.902, 47, -1,-1,-1,39.1478,29.5182,0.015849,8.68e+08,12,125000,1,0,3.40426,5403.1,0,-136.923,-137,1.58106
51247, 178.435, 12, -1,-1,-1,43.0813,-7.60286,0.019953,8.68e+08,12,125000,1,0,18.1809,17635.2,1,-132.066,-137,1.58106
51264, 179.15, 56, -1,-1,-1,61.255,29.3742,0.015849,8.68e+08,11,125000,1,0,-7.29616,15417,0,-139.926,-135,0.790528
51271, 179.589, 20, -1,-1,-1,50.995,4.58524,0.015849,8.68e+08,11,125000,1,0,8.12196,17876.9,0,-135.611,-135,0.790528
51278, 179.949, 18, -1,-1,-1,49.4957,9.3861,0.025119,8.68e+08,10,125000,1,0,9.11612,16571.7,0,-133.343,-133,0.436224
51285, 180.384, 37, -1,-1,-1,55.1185,20.5864,0.015849,8.68e+08,12,125000,1,0,-0.46391,15385.8,0,-138.012,-137,1.58106
51287, 180.667, 40, -1,-1,-1,50.2872,33.8784,0.019953,8.68e+08,12,125000,1,0,-3.35838,11189.2,0,-137.833,-137,1.58106
51295, 181.522, 53, -1,-1,-1,37.2666,13.7158,0.019953,8.68e+08,12,125000,1,0,23.3044,7321.82,1,-130.937,-137,1.58106
51297, 181.629, 41, -1,-1,-1,44.2427,17.3363,0.025119,8.68e+08,12,125000,1,0,11.0476,12107.1,0,-132.834,-137,1.58106
51314, 182.364, 21, -1,-1,-1,51.8796,3.16644,0.015849,8.68e+08,10,125000,1,0,7.32637,18356,0,-135.827,-133,0.436224
51316, 182.474, 8, -1,-1,-1,49.2811,9.74921,0.025119,8.68e+08,12,125000,1,0,9.37754,16626.7,0,-133.273,-137,1.58106
51318, 182.545, 59, -1,-1,-1,43.0069,22.2244,0.015849,8.68e+08,11,125000,1,0,8.11104,9681.84,0,-135.619,-135,0.790528
51331, 182.876, 5, -1,-1,-1,45.2911,-1.97699,0.025119,8.68e+08,11,125000,1,0,17.5446,18314.4,1,-131.214,-135,0.790528
51349, 183.797, 51, -1,-1,-1,31.3978,-16.8263,0.019953,8.68e+08,11,125000,1,0,17.1071,6768.78,1,-132.324,-135,0.790528
51351, 184.042, 43, -1,-1,-1,39.7502,22.7721,0.025119,8.68e+08,10,125000,1,0,9.63395,6918.53,0,-133.211,-133,0.436224
51363, 184.234, 32, -1,-1,-1,51.1766,18.2126,0.019953,8.68e+08,12,125000,1,0,3.96955,14909.5,0,-135.76,-137,1.58106
51365, 184.389, 57, -1,-1,-1,42.497,19.1227,0.015849,8.68e+08,12,125000,1,0,11.2971,10189,0,-134.77,-137,1.58106
51367, 184.536, 16, -1,-1,-1,53.2773,8.72452,0.025119,8.68e+08,12,125000,1,0,4.91521,17511.7,0,-134.494,-137,1.58106
51394, 185.624, 54, -1,-1,-1,35.1679,33.0607,0.019953,8.68e+08,12,125000,1,0,1.00328,2069.41,0,-136.603,-137,1.58106
51397, 185.786, 26, -1,-1,-1,37.2033,12.4105,0.025119,8.68e+08,10,125000,1,0,26.0517,7647.87,1,-129.38,-133,0.436224
51399, 185.807, 23, -1,-1,-1,46.4547,14.2858,0.015849,8.68e+08,12,125000,1,0,11.0217,14161.7,0,-134.84,-137,1.58106
51401, 185.817, 39, -1,-1,-1,45.3641,29.0318,0.019953,8.68e+08,11,125000,1,0,1.79186,9498.64,0,-136.377,-135,0.790528
51418, 186.275, 36, -1,-1,-1,56.739,26.2706,0.019953,8.68e+08,11,125000,1,0,-3.27875,14879.4,0,-137.809,-135,0.790528
51420, 186.394, 0, -1,-1,-1,51.1806,-1.29064,0.025119,8.68e+08,10,125000,1,0,8.53557,18788.1,0,-133.499,-133,0.436224
51422, 186.482, 31, -1,-1,-1,50.6555,15.3159,0.015849,8.68e+08,10,125000,1,0,5.92566,15376.5,0,-136.215,-133,0.436224
51435, 186.563, 6, -1,-1,-1,43.3892,-0.476294,0.025119,8.68e+08,12,125000,1,0,22.3059,17636.1,1,-130.146,-137,1.58106
51443, 186.945, 14, -1,-1,-1,38.2352,-6.87066,0.025119,8.68e+08,10,125000,1,0,30.2121,14985.7,1,-128.6,-133,0.436224
51450, 187.087, 19, -1,-1,-1,52.5578,8.66449,0.025119,8.68e+08,12,125000,1,0,5.92988,17375,0,-134.212,-137,1.58106
51457, 187.308, 50, -1,-1,-1,70.7907,22.181,0.015849,8.68e+08,11,125000,1,0,-11.6476,17321.8,0,-141.089,-135,0.790528
51459, 187.477, 29, -1,-1,-1,57.2186,11.901,0.019953,8.68e+08,10,125000,1,0,0.438127,17348.3,0,-136.756,-133,0.436224
51466, 187.802, 7, -1,-1,-1,46.3931,-2.63001,0.025119,8.68e+08,12,125000,1,0,15.7978,18448,0,-131.632,-137,1.58106
51468, 187.914, 1, -1,-1,-1,53.3356,-4.09606,0.025119,8.68e+08,10,125000,1,0,5.57467,19031.8,0,-134.311,-133,0.436224
51480, 188.375, 25, -1,-1,-1,42.9973,10.3296,0.015849,8.68e+08,12,125000,1,0,19.0768,13759.5,0,-132.861,-137,1.58106
51487, 188.723, 2, -1,-1,-1,52.8574,-1.0846,0.019953,8.68e+08,12,125000,1,0,6.45568,18823.8,0,-135.067,-137,1.58106
51489, 188.845, 55, -1,-1,-1,31.8166,28.0824,0.019953,8.68e+08,10,125000,1,0,5.5714,-869.471,0,-135.319,-133,0.436224
51496, 189.605, 49, -1,-1,-1,60.9723,-8.53133,0.015849,8.68e+08,12,125000,1,0,-2.75735,19121.9,0,-138.66,-137,1.58106
51498, 189.782, 45, -1,-1,-1,37.4342,26.8198,0.015849,8.68e+08,12,125000,1,0,6.49508,3986.39,0,-136.064,-137,1.58106
51500, 189.928, 35, -1,-1,-1,41.9454,28.3607,0.019953,8.68e+08,11,125000,1,0,3.79425,7211.5,0,-135.814,-135,0.790528
51522, 190.481, 17, -1,-1,-1,52.0923,14.0787,0.025119,8.68e+08,10,125000,1,0,5.15624,15973.6,0,-134.428,-133,0.436224
51529, 190.608, 42, -1,-1,-1,44.1598,19.4781,0.019953,8.68e+08,10,125000,1,0,9.91877,10860.2,0,-134.133,-133,0.436224
51546, 191.039, 30, -1,-1,-1,60.3678,25.9205,0.025119,8.68e+08,10,125000,1,0,-5.30927,15683.3,0,-137.378,-133,0.436224
51563, 191.12, 38, -1,-1,-1,55.4525,23.897,0.025119,8.68e+08,11,125000,1,0,-1.35483,14813.7,0,-136.266,-135,0.790528
51570, 191.473, 24, -1,-1,-1,46.1123,9.21262,0.019953,8.68e+08,11,125000,1,0,14.9722,15526.5,0,-132.835,-135,0.790528
51578, 191.544, 46, -1,-1,-1,35.6726,30.6782,0.025119,8.68e+08,12,125000,1,0,3.10665,2195.98,1,-135.009,-137,1.58106
51586, 191.701, 10, -1,-1,-1,37.7624,-7.50647,0.025119,8.68e+08,11,125000,1,0,30.8829,14196.6,1,-128.482,-135,0.790528
51588, 191.839, 22, -1,-1,-1,45.7768,6.11857,0.015849,8.68e+08,11,125000,1,0,17.0066,16435.9,0,-133.342,-135,0.790528
51595, 191.91, 9, -1,-1,-1,43.9298,8.62537,0.015849,8.68e+08,11,125000,1,0,19.1291,14778.8,0,-132.849,-135,0.790528
51597, 191.941, 15, -1,-1,-1,52.7206,6.93841,0.019953,8.68e+08,11,125000,1,0,6.46356,17616.5,0,-135.065,-135,0.790528
51599, 191.968, 34, -1,-1,-1,48.1582,23.6943,0.015849,8.68e+08,10,125000,1,0,3.92459,11968.7,0,-136.775,-133,0.436224
51601, 192.275, 27, -1,-1,-1,60.3201,4.95292,0.025119,8.68e+08,12,125000,1,0,-1.49391,18343.9,0,-136.303,-137,1.58106
51608, 192.649, 40, -1,-1,-1,50.2872,33.8784,0.019953,8.68e+08,12,125000,1,0,-2.97771,11045.9,0,-137.727,-137,1.58106
51630, 193.099, 33, -1,-1,-1,46.0271,20.9413,0.019953,8.68e+08,10,125000,1,0,7.36949,11477.8,0,-134.821,-133,0.436224
51632, 193.156, 3, -1,-1,-1,55.0197,-4.92577,0.025119,8.68e+08,10,125000,1,0,3.88106,19028.6,0,-134.784,-133,0.436224
51635, 193.186, 11, -1,-1,-1,40.729,-0.942347,0.015849,8.68e+08,12,125000,1,0,30.5148,16432,1,-130.545,-137,1.58106
51637, 193.236, 4, -1,-1,-1,52.5246,-6.48755,0.025119,8.68e+08,10,125000,1,0,6.50056,19005.7,0,-134.055,-133,0.436224
51639, 193.335, 56, -1,-1,-1,61.255,29.3742,0.015849,8.68e+08,11,125000,1,0,-6.73179,15384.7,0,-139.772,-135,0.790528
51641, 193.488, 37, -1,-1,-1,55.1185,20.5864,0.015849,8.68e+08,12,125000,1,0,0.163423,15305,0,-137.835,-137,1.58106
51654, 194.073, 52, -1,-1,-1,27.6763,-17.5141,0.019953,8.68e+08,10,125000,1,0,15.3021,1942.21,1,-132.759,-133,0.436224
51676, 194.654, 41, -1,-1,-1,44.2427,17.3363,0.025119,8.68e+08,12,125000,1,0,11.7949,11473.5,0,-132.641,-137,1.58106
51678, 194.947, 48, -1,-1,-1,66.9931,-20.4397,0.025119,8.68e+08,11,125000,1,0,-8.83779,18885,0,-138.345,-135,0.790528
51680, 195.023, 20, -1,-1,-1,50.995,4.58524,0.015849,8.68e+08,11,125000,1,0,9.32102,17792.3,0,-135.289,-135,0.790528
51683, 195.145, 53, -1,-1,-1,37.2666,13.7158,0.019953,8.68e+08,12,125000,1,0,24.1188,6439.87,1,-130.77,-137,1.58106
51701, 195.818, 13, -1,-1,-1,40.3136,-10.5179,0.015849,8.68e+08,10,125000,1,0,22.0259,15439,1,-132.209,-133,0.436224
51708, 196.109, 23, -1,-1,-1,46.4547,14.2858,0.015849,8.68e+08,12,125000,1,0,11.7211,13745.1,0,-134.659,-137,1.58106
51710, 196.12, 16, -1,-1,-1,53.2773,8.72452,0.025119,8.68e+08,12,125000,1,0,5.67509,17273.7,0,-134.284,-137,1.58106
51722, 196.329, 28, -1,-1,-1,55.2498,14.353,0.015849,8.68e+08,10,125000,1,0,2.24251,16458.6,0,-137.246,-133,0.436224
51725, 196.658, 26, -1,-1,-1,37.2033,12.4105,0.025119,8.68e+08,10,125000,1,0,26.8067,6658.34,1,-129.234,-133,0.436224
51727, 196.761, 54, -1,-1,-1,35.1679,33.0607,0.019953,8.68e+08,12,125000,1,0,1.06995,1521.83,0,-136.585,-137,1.58106
51729, 197.013, 57, -1,-1,-1,42.497,19.1227,0.015849,8.68e+08,12,125000,1,0,11.9087,9494.62,0,-134.613,-137,1.58106
51742, 197.874, 6, -1,-1,-1,43.3892,-0.476294,0.025119,8.68e+08,12,125000,1,0,23.9436,17255,1,-129.803,-137,1.58106
51744, 197.89, 31, -1,-1,-1,50.6555,15.3159,0.015849,8.68e+08,10,125000,1,0,6.60751,15034.8,0,-136.028,-133,0.436224
51756, 198.31, 1, -1,-1,-1,53.3356,-4.09606,0.025119,8.68e+08,10,125000,1,0,6.33904,18887.3,0,-134.1,-133,0.436224
51773, 198.774, 21, -1,-1,-1,51.8796,3.16644,0.015849,8.68e+08,10,125000,1,0,8.58131,18051.9,0,-135.488,-133,0.436224
51785, 199.035, 58, -1,-1,-1,41.7923,21.1679,0.025119,8.68e+08,11,125000,1,0,10.5521,8169.55,0,-132.968,-135,0.790528
51792, 199.629, 44, -1,-1,-1,38.1663,21.4091,0.019953,8.68e+08,11,125000,1,0,12.3483,4816.81,0,-133.501,-135,0.790528
51794, 199.629, 47, -1,-1,-1,39.1478,29.5182,0.015849,8.68e+08,12,125000,1,0,3.79736,4538.49,0,-136.815,-137,1.58106
51797, 199.835, 14, -1,-1,-1,38.2352,-6.87066,0.025119,8.68e+08,10,125000,1,0,32.4813,14184.4,1,-128.208,-133,0.436224
51799, 200.078, 8, -1,-1,-1,49.2811,9.74921,0.025119,8.68e+08,12,125000,1,0,10.7006,16123.5,0,-132.924,-137,1.58106
51801, 200.246, 7, -1,-1,-1,46.3931,-2.63001,0.025119,8.68e+08,12,125000,1,0,17.1934,18159.9,0,-131.299,-137,1.58106
51808, 200.575, 12, -1,-1,-1,43.0813,-7.60286,0.019953,8.68e+08,12,125000,1,0,20.9089,17205,0,-131.451,-137,1.58106
51936, 201.427, 5, -1,-1,-1,45.2911,-1.97699,0.025119,8.68e+08,11,125000,1,0,19.8134,18085.5,1,-130.694,-135,0.790528
51938, 202.057, 2, -1,-1,-1,52.8574,-1.0846,0.019953,8.68e+08,12,125000,1,0,7.4644,18842.2,0,-134.792,-137,1.58106
51950, 202.903, 55, -1,-1,-1,31.8166,28.0824,0.019953,8.68e+08,10,125000,1,0,5.5106,-1426.61,0,-135.337,-133,0.436224
51962, 203.915, 49, -1,-1,-1,60.9723,-8.53133,0.015849,8.68e+08,12,125000,1,0,-1.96521,19191.9,0,-138.438,-137,1.58106
51964, 203.942, 38, -1,-1,-1,55.4525,23.897,0.025119,8.68e+08,11,125000,1,0,-0.784697,14724.2,0,-136.106,-135,0.790528
52006, 204.753, 27, -1,-1,-1,60.3201,4.95292,0.025119,8.68e+08,12,125000,1,0,-0.805996,18398.7,0,-136.109,-137,1.58106
52008, 204.77, 18, -1,-1,-1,49.4957,9.3861,0.025119,8.68e+08,10,125000,1,0,10.9957,16350.8,0,-132.848,-133,0.436224
52010, 204.809, 0, -1,-1,-1,51.1806,-1.29064,0.025119,8.68e+08,10,125000,1,0,10.0652,18705.1,0,-133.092,-133,0.436224
52012, 204.828, 39, -1,-1,-1,45.3641,29.0318,0.019953,8.68e+08,11,125000,1,0,2.37728,8936.4,0,-136.214,-135,0.790528
52014, 204.968, 52, -1,-1,-1,27.6763,-17.5141,0.019953,8.68e+08,10,125000,1,0,15.4069,1317.23,0,-132.734,-133,0.436224
52016, 205.121, 17, -1,-1,-1,52.0923,14.0787,0.025119,8.68e+08,10,125000,1,0,6.04382,15812.8,0,-134.184,-133,0.436224
52023, 205.528, 19, -1,-1,-1,52.5578,8.66449,0.025119,8.68e+08,12,125000,1,0,7.19076,17198.7,0,-133.867,-137,1.58106
52026, 205.792, 41, -1,-1,-1,44.2427,17.3363,0.025119,8.68e+08,12,125000,1,0,12.4283,11154.2,1,-132.479,-137,1.58106
52028, 206.221, 45, -1,-1,-1,37.4342,26.8198,0.015849,8.68e+08,12,125000,1,0,6.73367,3285.21,0,-135.999,-137,1.58106
52031, 206.268, 9, -1,-1,-1,43.9298,8.62537,0.015849,8.68e+08,11,125000,1,0,20.6225,14356.2,1,-132.515,-135,0.790528
52058, 206.888, 42, -1,-1,-1,44.1598,19.4781,0.019953,8.68e+08,10,125000,1,0,10.7188,10280.8,0,-133.924,-133,0.436224
52085, 207.119, 59, -1,-1,-1,43.0069,22.2244,0.015849,8.68e+08,11,125000,1,0,9.07985,8650.5,0,-135.36,-135,0.790528
52097, 207.284, 33, -1,-1,-1,46.0271,20.9413,0.019953,8.68e+08,10,125000,1,0,8.03642,11084.5,0,-134.64,-133,0.436224
52099, 207.377, 43, -1,-1,-1,39.7502,22.7721,0.025119,8.68e+08,10,125000,1,0,10.31,5762.79,0,-133.033,-133,0.436224
52102, 207.397, 13, -1,-1,-1,40.3136,-10.5179,0.015849,8.68e+08,10,125000,1,0,23.4707,15141.2,1,-131.905,-133,0.436224
52109, 207.679, 29, -1,-1,-1,57.2186,11.901,0.019953,8.68e+08,10,125000,1,0,1.56183,17203,0,-136.439,-133,0.436224
52111, 207.793, 36, -1,-1,-1,56.739,26.2706,0.019953,8.68e+08,11,125000,1,0,-2.37288,14601.5,0,-137.555,-135,0.790528
52114, 207.848, 51, -1,-1,-1,31.3978,-16.8263,0.019953,8.68e+08,11,125000,1,0,18.0258,5163.35,1,-132.109,-135,0.790528
52116, 208.028, 32, -1,-1,-1,51.1766,18.2126,0.019953,8.68e+08,12,125000,1,0,5.24806,14417.8,0,-135.405,-137,1.58106
52118, 208.139, 57, -1,-1,-1,42.497,19.1227,0.015849,8.68e+08,12,125000,1,0,12.4325,9109.57,0,-134.479,-137,1.58106
52120, 208.445, 20, -1,-1,-1,50.995,4.58524,0.015849,8.68e+08,11,125000,1,0,10.4073,17733.1,0,-135.002,-135,0.790528
52122, 208.525, 37, -1,-1,-1,55.1185,20.5864,0.015849,8.68e+08,12,125000,1,0,0.890915,15162.3,0,-137.631,-137,1.58106
52124, 208.701, 23, -1,-1,-1,46.4547,14.2858,0.015849,8.68e+08,12,125000,1,0,12.5846,13455.1,0,-134.438,-137,1.58106
52136, 209.65, 3, -1,-1,-1,55.0197,-4.92577,0.025119,8.68e+08,10,125000,1,0,5.02791,19033,0,-134.465,-133,0.436224
52168, 210.61, 16, -1,-1,-1,53.2773,8.72452,0.025119,8.68e+08,12,125000,1,0,6.65155,17189.2,0,-134.015,-137,1.58106
52171, 210.754, 10, -1,-1,-1,37.7624,-7.50647,0.025119,8.68e+08,11,125000,1,0,34.1908,13152.3,1,-127.927,-135,0.790528
52173, 210.976, 50, -1,-1,-1,70.7907,22.181,0.015849,8.68e+08,11,125000,1,0,-10.6781,17266.2,0,-140.837,-135,0.790528
52185, 211.207, 15, -1,-1,-1,52.7206,6.93841,0.019953,8.68e+08,11,125000,1,0,7.8369,17439.8,0,-134.691,-135,0.790528
52187, 211.367, 7, -1,-1,-1,46.3931,-2.63001,0.025119,8.68e+08,12,125000,1,0,18.5104,18131.5,0,-130.992,-137,1.58106
52189, 211.649, 25, -1,-1,-1,42.9973,10.3296,0.015849,8.68e+08,12,125000,1,0,21.3136,12745.5,0,-132.364,-137,1.58106
52192, 211.775, 24, -1,-1,-1,46.1123,9.21262,0.019953,8.68e+08,11,125000,1,0,16.8184,14974.8,1,-132.39,-135,0.790528
52204, 212.096, 53, -1,-1,-1,37.2666,13.7158,0.019953,8.68e+08,12,125000,1,0,25.0034,5196.75,0,-130.592,-137,1.58106
52211, 212.498, 4, -1,-1,-1,52.5246,-6.48755,0.025119,8.68e+08,10,125000,1,0,7.99335,18949.1,0,-133.649,-133,0.436224
52218, 212.697, 40, -1,-1,-1,50.2872,33.8784,0.019953,8.68e+08,12,125000,1,0,-2.35049,10622.8,0,-137.552,-137,1.58106
52225, 213.443, 46, -1,-1,-1,35.6726,30.6782,0.025119,8.68e+08,12,125000,1,0,3.24515,1284.53,0,-134.972,-137,1.58106
52227, 213.49, 35, -1,-1,-1,41.9454,28.3607,0.019953,8.68e+08,11,125000,1,0,4.37269,6290.32,0,-135.654,-135,0.790528
52244, 213.856, 8, -1,-1,-1,49.2811,9.74921,0.025119,8.68e+08,12,125000,1,0,11.7729,15938.6,0,-132.646,-137,1.58106
52246, 213.978, 21, -1,-1,-1,51.8796,3.16644,0.015849,8.68e+08,10,125000,1,0,9.79773,17980.9,0,-135.164,-133,0.436224
52253, 214.151, 1, -1,-1,-1,53.3356,-4.09606,0.025119,8.68e+08,10,125000,1,0,7.54813,18879.4,0,-133.77,-133,0.436224
52256, 214.167, 6, -1,-1,-1,43.3892,-0.476294,0.025119,8.68e+08,12,125000,1,0,26.4932,16917.3,1,-129.294,-137,1.58106
52268, 214.476, 48, -1,-1,-1,66.9931,-20.4397,0.025119,8.68e+08,11,125000,1,0,-7.91451,18934,0,-138.097,-135,0.790528
52270, 214.575, 30, -1,-1,-1,60.3678,25.9205,0.025119,8.68e+08,10,125000,1,0,-4.31364,15447.2,0,-137.102,-133,0.436224
52272, 214.825, 34, -1,-1,-1,48.1582,23.6943,0.015849,8.68e+08,10,125000,1,0,4.90074,11307.7,0,-136.505,-133,0.436224
52295, 215.96, 11, -1,-1,-1,40.729,-0.942347,0.015849,8.68e+08,12,125000,1,0,35.2072,15522.5,1,-129.764,-137,1.58106
52298, 216.016, 14, -1,-1,-1,38.2352,-6.87066,0.025119,8.68e+08,10,125000,1,0,35.5188,13333.7,1,-127.716,-133,0.436224
52300, 216.359, 44, -1,-1,-1,38.1663,21.4091,0.019953,8.68e+08,11,125000,1,0,12.7356,3935.26,0,-133.404,-135,0.790528
52302, 216.472, 22, -1,-1,-1,45.7768,6.11857,0.015849,8.68e+08,11,125000,1,0,19.6548,15769.9,0,-132.731,-135,0.790528
52304, 216.564, 56, -1,-1,-1,61.255,29.3742,0.015849,8.68e+08,11,125000,1,0,-5.80011,15162,0,-139.516,-135,0.790528
52317, 217.212, 26, -1,-1,-1,37.2033,12.4105,0.025119,8.68e+08,10,125000,1,0,28.0433,4976.45,1,-129.001,-133,0.436224
52319, 217.379, 38, -1,-1,-1,55.4525,23.897,0.025119,8.68e+08,11,125000,1,0,-0.1836,14374.3,0,-135.936,-135,0.790528
52336, 218.184, 31, -1,-1,-1,50.6555,15.3159,0.015849,8.68e+08,10,125000,1,0,7.84315,14621.2,0,-135.692,-133,0.436224
52364, 219.199, 43, -1,-1,-1,39.7502,22.7721,0.025119,8.68e+08,10,125000,1,0,10.6126,5022.29,1,-132.955,-133,0.436224
52366, 219.288, 23, -1,-1,-1,46.4547,14.2858,0.015849,8.68e+08,12,125000,1,0,13.3167,12975.2,0,-134.253,-137,1.58106
52368, 219.337, 47, -1,-1,-1,39.1478,29.5182,0.015849,8.68e+08,12,125000,1,0,4.10107,3749.95,0,-136.731,-137,1.58106
52370, 219.455, 36, -1,-1,-1,56.739,26.2706,0.019953,8.68e+08,11,125000,1,0,-1.87891,14311.2,0,-137.417,-135,0.790528
52373, 219.738, 5, -1,-1,-1,45.2911,-1.97699,0.025119,8.68e+08,11,125000,1,0,22.2715,17544.8,1,-130.156,-135,0.790528
52375, 219.821, 57, -1,-1,-1,42.497,19.1227,0.015849,8.68e+08,12,125000,1,0,12.9642,8411.25,0,-134.344,-137,1.58106
52387, 220.318, 28, -1,-1,-1,55.2498,14.353,0.015849,8.68e+08,10,125000,1,0,3.60014,16140.8,0,-136.866,-133,0.436224
52394, 220.612, 54, -1,-1,-1,35.1679,33.0607,0.019953,8.68e+08,12,125000,1,0,1.16304,583.633,0,-136.56,-137,1.58106
52396, 220.763, 55, -1,-1,-1,31.8166,28.0824,0.019953,8.68e+08,10,125000,1,0,5.38561,-2192.1,0,-135.373,-133,0.436224
52409, 221.479, 2, -1,-1,-1,52.8574,-1.0846,0.019953,8.68e+08,12,125000,1,0,9.00638,18524.6,1,-134.376,-137,1.58106
52412, 221.625, 10, -1,-1,-1,37.7624,-7.50647,0.025119,8.68e+08,11,125000,1,0,36.1747,12587.3,1,-127.615,-135,0.790528
52429, 222.736, 58, -1,-1,-1,41.7923,21.1679,0.025119,8.68e+08,11,125000,1,0,11.4323,7269.47,0,-132.74,-135,0.790528
52431, 222.873, 59, -1,-1,-1,43.0069,22.2244,0.015849,8.68e+08,11,125000,1,0,9.66362,8029.69,0,-135.206,-135,0.790528
52433, 222.982, 45, -1,-1,-1,37.4342,26.8198,0.015849,8.68e+08,12,125000,1,0,6.92816,2550.22,0,-135.947,-137,1.58106
52435, 223.246, 24, -1,-1,-1,46.1123,9.21262,0.019953,8.68e+08,11,125000,1,0,17.9007,14734.6,0,-132.136,-135,0.790528
52472, 224.124, 13, -1,-1,-1,40.3136,-10.5179,0.015849,8.68e+08,10,125000,1,0,25.66,14517.7,0,-131.461,-133,0.436224
52474, 224.308, 18, -1,-1,-1,49.4957,9.3861,0.025119,8.68e+08,10,125000,1,0,12.5525,15981.1,0,-132.446,-133,0.436224
52486, 224.553, 33, -1,-1,-1,46.0271,20.9413,0.019953,8.68e+08,10,125000,1,0,8.83406,10511,0,-134.427,-133,0.436224
52494, 224.841, 9, -1,-1,-1,43.9298,8.62537,0.015849,8.68e+08,11,125000,1,0,22.6273,13636.8,1,-132.082,-135,0.790528
52501, 224.931, 3, -1,-1,-1,55.0197,-4.92577,0.025119,8.68e+08,10,125000,1,0,6.13562,19044.6,0,-134.159,-133,0.436224
52504, 225.012, 0, -1,-1,-1,51.1806,-1.29064,0.025119,8.68e+08,10,125000,1,0,11.856,18566,1,-132.625,-133,0.436224
52511, 225.16, 35, -1,-1,-1,41.9454,28.3607,0.019953,8.68e+08,11,125000,1,0,4.63534,5938.49,0,-135.582,-135,0.790528
52513, 225.351, 17, -1,-1,-1,52.0923,14.0787,0.025119,8.68e+08,10,125000,1,0,7.301,15463.6,0,-133.84,-133,0.436224
52520, 225.557, 12, -1,-1,-1,43.0813,-7.60286,0.019953,8.68e+08,12,125000,1,0,24.3568,16814,0,-130.722,-137,1.58106
52527, 225.619, 8, -1,-1,-1,49.2811,9.74921,0.025119,8.68e+08,12,125000,1,0,12.715,15794.4,0,-132.405,-137,1.58106
52529, 225.675, 53, -1,-1,-1,37.2666,13.7158,0.019953,8.68e+08,12,125000,1,0,25.5887,4207.71,0,-130.476,-137,1.58106
52547, 226.225, 14, -1,-1,-1,38.2352,-6.87066,0.025119,8.68e+08,10,125000,1,0,37.5386,12827.6,1,-127.41,-133,0.436224
52549, 226.28, 48, -1,-1,-1,66.9931,-20.4397,0.025119,8.68e+08,11,125000,1,0,-7.34668,19048,0,-137.943,-135,0.790528
52576, 226.719, 49, -1,-1,-1,60.9723,-8.53133,0.015849,8.68e+08,12,125000,1,0,-0.661849,19169.1,0,-138.071,-137,1.58106
52598, 227.184, 41, -1,-1,-1,44.2427,17.3363,0.025119,8.68e+08,12,125000,1,0,13.6217,10237.2,0,-132.178,-137,1.58106
52600, 227.217, 4, -1,-1,-1,52.5246,-6.48755,0.025119,8.68e+08,10,125000,1,0,9.19559,18946.4,0,-133.326,-133,0.436224
52602, 227.376, 34, -1,-1,-1,48.1582,23.6943,0.015849,8.68e+08,10,125000,1,0,5.42891,11025.3,0,-136.359,-133,0.436224
52604, 227.384, 39, -1,-1,-1,45.3641,29.0318,0.019953,8.68e+08,11,125000,1,0,3.03753,8178.79,0,-136.03,-135,0.790528
52606, 227.396, 20, -1,-1,-1,50.995,4.58524,0.015849,8.68e+08,11,125000,1,0,12.0169,17523.3,0,-134.584,-135,0.790528
52609, 227.454, 51, -1,-1,-1,31.3978,-16.8263,0.019953,8.68e+08,11,125000,1,0,18.611,3813.31,1,-131.975,-135,0.790528
52621, 227.68, 50, -1,-1,-1,70.7907,22.181,0.015849,8.68e+08,11,125000,1,0,-9.98469,17289.8,0,-140.655,-135,0.790528
52623, 227.7, 27, -1,-1,-1,60.3201,4.95292,0.025119,8.68e+08,12,125000,1,0,0.496414,18301,0,-135.742,-137,1.58106
52625, 227.733, 19, -1,-1,-1,52.5578,8.66449,0.025119,8.68e+08,12,125000,1,0,8.77811,16897.7,0,-133.438,-137,1.58106
52632, 228.021, 29, -1,-1,-1,57.2186,11.901,0.019953,8.68e+08,10,125000,1,0,2.72858,17030.6,0,-136.112,-133,0.436224
52634, 228.119, 37, -1,-1,-1,55.1185,20.5864,0.015849,8.68e+08,12,125000,1,0,1.85092,14879.1,0,-137.361,-137,1.58106
52636, 228.274, 16, -1,-1,-1,53.2773,8.72452,0.025119,8.68e+08,12,125000,1,0,7.88354,17011.4,0,-133.68,-137,1.58106
52639, 228.382, 52, -1,-1,-1,27.6763,-17.5141,0.019953,8.68e+08,10,125000,1,0,15.4778,-281.463,1,-132.718,-133,0.436224
52641, 228.485, 32, -1,-1,-1,51.1766,18.2126,0.019953,8.68e+08,12,125000,1,0,6.36482,13974,0,-135.098,-137,1.58106
52658, 229.014, 42, -1,-1,-1,44.1598,19.4781,0.019953,8.68e+08,10,125000,1,0,11.7683,9326.06,0,-133.652,-133,0.436224
52660, 229.077, 40, -1,-1,-1,50.2872,33.8784,0.019953,8.68e+08,12,125000,1,0,-1.84834,10298.6,0,-137.411,-137,1.58106
52677, 230.255, 47, -1,-1,-1,39.1478,29.5182,0.015849,8.68e+08,12,125000,1,0,4.24633,3412.93,0,-136.692,-137,1.58106
52679, 230.325, 1, -1,-1,-1,53.3356,-4.09606,0.025119,8.68e+08,10,125000,1,0,8.84366,18854.7,0,-133.421,-133,0.436224
52682, 230.556, 11, -1,-1,-1,40.729,-0.942347,0.015849,8.68e+08,12,125000,1,0,38.625,14912,1,-129.25,-137,1.58106
52689, 231.179, 7, -1,-1,-1,46.3931,-2.63001,0.025119,8.68e+08,12,125000,1,0,21.043,17841.3,0,-130.424,-137,1.58106
52696, 231.352, 30, -1,-1,-1,60.3678,25.9205,0.025119,8.68e+08,10,125000,1,0,-3.59597,15328.7,0,-136.902,-133,0.436224
52698, 231.432, 54, -1,-1,-1,35.1679,33.0607,0.019953,8.68e+08,12,125000,1,0,1.18267,289.438,0,-136.555,-137,1.58106
52705, 232.761, 57, -1,-1,-1,42.497,19.1227,0.015849,8.68e+08,12,125000,1,0,13.5272,7863.89,0,-134.203,-137,1.58106
52722, 233.26, 21, -1,-1,-1,51.8796,3.16644,0.015849,8.68e+08,10,125000,1,0,11.4231,17800.1,0,-134.738,-133,0.436224
52724, 233.379, 31, -1,-1,-1,50.6555,15.3159,0.015849,8.68e+08,10,125000,1,0,8.78652,14335.6,0,-135.438,-133,0.436224
52731, 233.689, 56, -1,-1,-1,61.255,29.3742,0.015849,8.68e+08,11,125000,1,0,-5.10737,15043.5,0,-139.325,-135,0.790528
52734, 233.754, 6, -1,-1,-1,43.3892,-0.476294,0.025119,8.68e+08,12,125000,1,0,29.903,16347.5,1,-128.658,-137,1.58106
52736, 234.045, 55, -1,-1,-1,31.8166,28.0824,0.019953,8.68e+08,10,125000,1,0,5.25884,-2936.51,0,-135.409,-133,0.436224
52764, 235.343, 26, -1,-1,-1,37.2033,12.4105,0.025119,8.68e+08,10,125000,1,0,28.875,3427.83,1,-128.848,-133,0.436224
52771, 235.919, 45, -1,-1,-1,37.4342,26.8198,0.015849,8.68e+08,12,125000,1,0,7.04325,1782.45,0,-135.917,-137,1.58106
52774, 235.92, 58, -1,-1,-1,41.7923,21.1679,0.025119,8.68e+08,11,125000,1,0,11.8792,6447.53,1,-132.625,-135,0.790528
52781, 236.127, 15, -1,-1,-1,52.7206,6.93841,0.019953,8.68e+08,11,125000,1,0,9.71145,17092.3,0,-134.189,-135,0.790528
52793, 236.38, 25, -1,-1,-1,42.9973,10.3296,0.015849,8.68e+08,12,125000,1,0,23.7404,11441.4,0,-131.851,-137,1.58106
52800, 236.529, 38, -1,-1,-1,55.4525,23.897,0.025119,8.68e+08,11,125000,1,0,0.678874,14082.8,0,-135.694,-135,0.790528
52807, 237.1, 48, -1,-1,-1,66.9931,-20.4397,0.025119,8.68e+08,11,125000,1,0,-6.81927,18950.4,0,-137.799,-135,0.790528
52815, 237.52, 22, -1,-1,-1,45.7768,6.11857,0.015849,8.68e+08,11,125000,1,0,22.1012,15115.3,1,-132.195,-135,0.790528
52817, 237.523, 46, -1,-1,-1,35.6726,30.6782,0.025119,8.68e+08,12,125000,1,0,3.31947,248.726,0,-134.952,-137,1.58106
52820, 237.664, 18, -1,-1,-1,49.4957,9.3861,0.025119,8.68e+08,10,125000,1,0,13.6578,15522.4,1,-132.167,-133,0.436224
52823, 237.837, 12, -1,-1,-1,43.0813,-7.60286,0.019953,8.68e+08,12,125000,1,0,26.2184,16300.9,1,-130.351,-137,1.58106
52830, 238.053, 27, -1,-1,-1,60.3201,4.95292,0.025119,8.68e+08,12,125000,1,0,1.10113,18149.7,0,-135.572,-137,1.58106
52837, 238.409, 17, -1,-1,-1,52.0923,14.0787,0.025119,8.68e+08,10,125000,1,0,8.13156,15057.2,0,-133.615,-133,0.436224
52850, 238.812, 0, -1,-1,-1,51.1806,-1.29064,0.025119,8.68e+08,10,125000,1,0,13.1564,18290.1,1,-132.293,-133,0.436224
52862, 239.367, 44, -1,-1,-1,38.1663,21.4091,0.019953,8.68e+08,11,125000,1,0,13.1442,2579.93,0,-133.302,-135,0.790528
52865, 239.478, 13, -1,-1,-1,40.3136,-10.5179,0.015849,8.68e+08,10,125000,1,0,27.7731,13601.5,1,-131.053,-133,0.436224
52873, 239.94, 51, -1,-1,-1,31.3978,-16.8263,0.019953,8.68e+08,11,125000,1,0,18.8961,2782.11,1,-131.911,-135,0.790528
52880, 240.126, 23, -1,-1,-1,46.4547,14.2858,0.015849,8.68e+08,12,125000,1,0,14.7679,12208.9,0,-133.892,-137,1.58106
52892, 240.279, 36, -1,-1,-1,56.739,26.2706,0.019953,8.68e+08,11,125000,1,0,-0.992162,14002.3,0,-137.168,-135,0.790528
52904, 240.829, 28, -1,-1,-1,55.2498,14.353,0.015849,8.68e+08,10,125000,1,0,4.7972,16096.8,0,-136.533,-133,0.436224
52911, 241.051, 35, -1,-1,-1,41.9454,28.3607,0.019953,8.68e+08,11,125000,1,0,4.96521,5353.32,0,-135.491,-135,0.790528
52913, 241.194, 33, -1,-1,-1,46.0271,20.9413,0.019953,8.68e+08,10,125000,1,0,9.58265,9922.2,0,-134.228,-133,0.436224
52921, 241.418, 43, -1,-1,-1,39.7502,22.7721,0.025119,8.68e+08,10,125000,1,0,11.1,4097.2,1,-132.829,-133,0.436224
52934, 241.65, 53, -1,-1,-1,37.2666,13.7158,0.019953,8.68e+08,12,125000,1,0,26.1146,2942.85,1,-130.374,-137,1.58106
52941, 241.783, 2, -1,-1,-1,52.8574,-1.0846,0.019953,8.68e+08,12,125000,1,0,10.723,18622.6,0,-133.922,-137,1.58106
52948, 242.238, 3, -1,-1,-1,55.0197,-4.92577,0.025119,8.68e+08,10,125000,1,0,7.44897,19017.8,0,-133.8,-133,0.436224
52950, 242.256, 20, -1,-1,-1,50.995,4.58524,0.015849,8.68e+08,11,125000,1,0,13.3472,17382,0,-134.245,-135,0.790528
52953, 242.433, 5, -1,-1,-1,45.2911,-1.97699,0.025119,8.68e+08,11,125000,1,0,25.6801,17302.7,1,-129.457,-135,0.790528
52955, 242.553, 59, -1,-1,-1,43.0069,22.2244,0.015849,8.68e+08,11,125000,1,0,10.3425,7140.43,0,-135.027,-135,0.790528
52957, 242.884, 49, -1,-1,-1,60.9723,-8.53133,0.015849,8.68e+08,12,125000,1,0,0.295729,19208.7,0,-137.801,-137,1.58106
52974, 244.804, 56, -1,-1,-1,61.255,29.3742,0.015849,8.68e+08,11,125000,1,0,-4.65511,15040.7,0,-139.2,-135,0.790528
52997, 245.51, 10, -1,-1,-1,37.7624,-7.50647,0.025119,8.68e+08,11,125000,1,0,40.7027,10697.8,1,-126.963,-135,0.790528
52999, 245.579, 54, -1,-1,-1,35.1679,33.0607,0.019953,8.68e+08,12,125000,1,0,1.18694,-169.674,0,-136.555,-137,1.58106
53001, 245.583, 52, -1,-1,-1,27.6763,-17.5141,0.019953,8.68e+08,10,125000,1,0,15.3945,-1399.27,0,-132.74,-133,0.436224
53003, 245.629, 42, -1,-1,-1,44.1598,19.4781,0.019953,8.68e+08,10,125000,1,0,12.5177,8612.01,0,-133.461,-133,0.436224
53025, 246.244, 58, -1,-1,-1,41.7923,21.1679,0.025119,8.68e+08,11,125000,1,0,12.2046,6041.88,0,-132.542,-135,0.790528
53037, 246.467, 24, -1,-1,-1,46.1123,9.21262,0.019953,8.68e+08,11,125000,1,0,20.1743,13874.1,0,-131.619,-135,0.790528
53054, 246.693, 15, -1,-1,-1,52.7206,6.93841,0.019953,8.68e+08,11,125000,1,0,10.5429,17062.1,0,-133.97,-135,0.790528
53057, 246.702, 14, -1,-1,-1,38.2352,-6.87066,0.025119,8.68e+08,10,125000,1,0,41.7905,11278.4,1,-126.817,-133,0.436224
53064, 246.748, 21, -1,-1,-1,51.8796,3.16644,0.015849,8.68e+08,10,125000,1,0,12.6209,17723.7,0,-134.43,-133,0.436224
53071, 246.877, 32, -1,-1,-1,51.1766,18.2126,0.019953,8.68e+08,12,125000,1,0,7.38022,13552.4,0,-134.821,-137,1.58106
53073, 246.968, 9, -1,-1,-1,43.9298,8.62537,0.015849,8.68e+08,11,125000,1,0,25.1058,12563.1,0,-131.573,-135,0.790528
53075, 247.115, 30, -1,-1,-1,60.3678,25.9205,0.025119,8.68e+08,10,125000,1,0,-2.91561,15217,0,-136.712,-133,0.436224
53077, 247.63, 16, -1,-1,-1,53.2773,8.72452,0.025119,8.68e+08,12,125000,1,0,9.29002,16758.8,0,-133.303,-137,1.58106
53084, 248.05, 8, -1,-1,-1,49.2811,9.74921,0.025119,8.68e+08,12,125000,1,0,14.5806,15231,0,-131.938,-137,1.58106
53086, 248.162, 40, -1,-1,-1,50.2872,33.8784,0.019953,8.68e+08,12,125000,1,0,-1.27689,9855.57,0,-137.251,-137,1.58106
53088, 248.319, 37, -1,-1,-1,55.1185,20.5864,0.015849,8.68e+08,12,125000,1,0,2.85409,14544.3,0,-137.08,-137,1.58106
53090, 248.45, 25, -1,-1,-1,42.9973,10.3296,0.015849,8.68e+08,12,125000,1,0,24.9244,10868,0,-131.61,-137,1.58106
53108, 249.014, 4, -1,-1,-1,52.5246,-6.48755,0.025119,8.68e+08,10,125000,1,0,11.0882,18813.4,1,-132.827,-133,0.436224
53121, 249.285, 6, -1,-1,-1,43.3892,-0.476294,0.025119,8.68e+08,12,125000,1,0,32.919,15854.4,1,-128.138,-137,1.58106
53123, 249.422, 34, -1,-1,-1,48.1582,23.6943,0.015849,8.68e+08,10,125000,1,0,6.33783,10297.4,0,-136.11,-133,0.436224
53126, 249.635, 1, -1,-1,-1,53.3356,-4.09606,0.025119,8.68e+08,10,125000,1,0,10.4819,18763.2,1,-132.986,-133,0.436224
53148, 250.519, 39, -1,-1,-1,45.3641,29.0318,0.019953,8.68e+08,11,125000,1,0,3.66929,7343.58,0,-135.854,-135,0.790528
53150, 250.539, 41, -1,-1,-1,44.2427,17.3363,0.025119,8.68e+08,12,125000,1,0,14.8696,9096.76,0,-131.869,-137,1.58106
53152, 250.599, 12, -1,-1,-1,43.0813,-7.60286,0.019953,8.68e+08,12,125000,1,0,28.2845,15980,0,-129.957,-137,1.58106
53284, 251.41, 50, -1,-1,-1,70.7907,22.181,0.015849,8.68e+08,11,125000,1,0,-8.98565,17213.5,0,-140.39,-135,0.790528
53291, 251.736, 19, -1,-1,-1,52.5578,8.66449,0.025119,8.68e+08,12,125000,1,0,10.5869,16490.8,0,-132.959,-137,1.58106
53294, 251.853, 13, -1,-1,-1,40.3136,-10.5179,0.015849,8.68e+08,10,125000,1,0,29.5421,13048,1,-130.727,-133,0.436224
53296, 251.862, 45, -1,-1,-1,37.4342,26.8198,0.015849,8.68e+08,12,125000,1,0,7.14186,1077.58,0,-135.891,-137,1.58106
53298, 252.014, 7, -1,-1,-1,46.3931,-2.63001,0.025119,8.68e+08,12,125000,1,0,24.0073,17442.9,0,-129.796,-137,1.58106
53310, 252.456, 29, -1,-1,-1,57.2186,11.901,0.019953,8.68e+08,10,125000,1,0,4.18067,16739.6,0,-135.706,-133,0.436224
53317, 252.935, 47, -1,-1,-1,39.1478,29.5182,0.015849,8.68e+08,12,125000,1,0,4.49303,2431,0,-136.625,-137,1.58106
53320, 253.092, 43, -1,-1,-1,39.7502,22.7721,0.025119,8.68e+08,10,125000,1,0,11.3099,3323.36,1,-132.775,-133,0.436224
53323, 253.211, 22, -1,-1,-1,45.7768,6.11857,0.015849,8.68e+08,11,125000,1,0,24.0402,14610.5,1,-131.789,-135,0.790528
53351, 254.994, 11, -1,-1,-1,40.729,-0.942347,0.015849,8.68e+08,12,125000,1,0,45.2057,13342.1,1,-128.386,-137,1.58106
53363, 255.175, 35, -1,-1,-1,41.9454,28.3607,0.019953,8.68e+08,11,125000,1,0,5.22969,4597.84,0,-135.419,-135,0.790528
53365, 255.357, 38, -1,-1,-1,55.4525,23.897,0.025119,8.68e+08,11,125000,1,0,1.53254,13769.4,0,-135.454,-135,0.790528
53368, 255.5, 0, -1,-1,-1,51.1806,-1.29064,0.025119,8.68e+08,10,125000,1,0,14.8244,18167.7,1,-131.877,-133,0.436224
53375, 255.69, 27, -1,-1,-1,60.3201,4.95292,0.025119,8.68e+08,12,125000,1,0,2.15787,18105.1,0,-135.275,-137,1.58106
53378, 255.935, 5, -1,-1,-1,45.2911,-1.97699,0.025119,8.68e+08,11,125000,1,0,27.9331,16765,1,-129.023,-135,0.790528
53390, 256.124, 57, -1,-1,-1,42.497,19.1227,0.015849,8.68e+08,12,125000,1,0,14.4602,6586.77,0,-133.972,-137,1.58106
53397, 256.458, 28, -1,-1,-1,55.2498,14.353,0.015849,8.68e+08,10,125000,1,0,5.7327,15682.6,0,-136.275,-133,0.436224
53405, 256.749, 58, -1,-1,-1,41.7923,21.1679,0.025119,8.68e+08,11,125000,1,0,12.5116,5350.77,1,-132.464,-135,0.790528
53412, 257.102, 48, -1,-1,-1,66.9931,-20.4397,0.025119,8.68e+08,11,125000,1,0,-5.82568,18985.6,0,-137.526,-135,0.790528
53414, 257.164, 55, -1,-1,-1,31.8166,28.0824,0.019953,8.68e+08,10,125000,1,0,4.97215,-3963.52,0,-135.49,-133,0.436224
53417, 257.257, 53, -1,-1,-1,37.2666,13.7158,0.019953,8.68e+08,12,125000,1,0,26.44,1372.04,1,-130.312,-137,1.58106
53429, 257.568, 44, -1,-1,-1,38.1663,21.4091,0.019953,8.68e+08,11,125000,1,0,13.3576,1534.61,0,-133.25,-135,0.790528
53431, 257.887, 31, -1,-1,-1,50.6555,15.3159,0.015849,8.68e+08,10,125000,1,0,10.3375,13651.3,0,-135.027,-133,0.436224
53449, 258.192, 51, -1,-1,-1,31.3978,-16.8263,0.019953,8.68e+08,11,125000,1,0,19.179,1464.4,1,-131.847,-135,0.790528
53462, 258.441, 18, -1,-1,-1,49.4957,9.3861,0.025119,8.68e+08,10,125000,1,0,15.4457,14987.5,1,-131.726,-133,0.436224
53464, 258.612, 30, -1,-1,-1,60.3678,25.9205,0.025119,8.68e+08,10,125000,1,0,-2.41576,14955.7,0,-136.572,-133,0.436224
53466, 258.833, 42, -1,-1,-1,44.1598,19.4781,0.019953,8.68e+08,10,125000,1,0,13.0832,7801.98,0,-133.318,-133,0.436224
53473, 259.676, 46, -1,-1,-1,35.6726,30.6782,0.025119,8.68e+08,12,125000,1,0,3.31477,-686.197,0,-134.955,-137,1.58106
53476, 259.77, 26, -1,-1,-1,37.2033,12.4105,0.025119,8.68e+08,10,125000,1,0,29.5275,1127.84,1,-128.732,-133,0.436224
53479, 259.866, 25, -1,-1,-1,42.9973,10.3296,0.015849,8.68e+08,12,125000,1,0,26.0309,9991.61,1,-131.391,-137,1.58106
53506, 261.016, 1, -1,-1,-1,53.3356,-4.09606,0.025119,8.68e+08,10,125000,1,0,11.4999,18792,0,-132.721,-133,0.436224
53514, 261.185, 59, -1,-1,-1,43.0069,22.2244,0.015849,8.68e+08,11,125000,1,0,10.9246,6260.71,1,-134.876,-135,0.790528
53516, 261.375, 17, -1,-1,-1,52.0923,14.0787,0.025119,8.68e+08,10,125000,1,0,9.62781,14764.7,0,-133.215,-133,0.436224
53543, 262.475, 45, -1,-1,-1,37.4342,26.8198,0.015849,8.68e+08,12,125000,1,0,7.1806,689.584,0,-135.881,-137,1.58106
53545, 262.483, 37, -1,-1,-1,55.1185,20.5864,0.015849,8.68e+08,12,125000,1,0,3.56505,14355.8,0,-136.881,-137,1.58106
53552, 262.738, 19, -1,-1,-1,52.5578,8.66449,0.025119,8.68e+08,12,125000,1,0,11.4507,16409.9,0,-132.734,-137,1.58106
53559, 263.028, 36, -1,-1,-1,56.739,26.2706,0.019953,8.68e+08,11,125000,1,0,-0.017878,13840.8,0,-136.894,-135,0.790528
53561, 263.201, 23, -1,-1,-1,46.4547,14.2858,0.015849,8.68e+08,12,125000,1,0,16.3749,11474.5,0,-133.503,-137,1.58106
53563, 263.476, 2, -1,-1,-1,52.8574,-1.0846,0.019953,8.68e+08,12,125000,1,0,12.6939,18434.5,0,-133.413,-137,1.58106
53565, 263.58, 47, -1,-1,-1,39.1478,29.5182,0.015849,8.68e+08,12,125000,1,0,4.58228,2094.26,0,-136.6,-137,1.58106
53587, 264.047, 40, -1,-1,-1,50.2872,33.8784,0.019953,8.68e+08,12,125000,1,0,-0.814049,9505.44,0,-137.122,-137,1.58106
53589, 264.102, 16, -1,-1,-1,53.2773,8.72452,0.025119,8.68e+08,12,125000,1,0,10.5368,16545.6,0,-132.974,-137,1.58106
53592, 264.366, 8, -1,-1,-1,49.2811,9.74921,0.025119,8.68e+08,12,125000,1,0,15.9951,14826.7,1,-131.593,-137,1.58106
53594, 264.374, 20, -1,-1,-1,50.995,4.58524,0.015849,8.68e+08,11,125000,1,0,15.4509,16998.7,0,-133.725,-135,0.790528
53606, 264.706, 50, -1,-1,-1,70.7907,22.181,0.015849,8.68e+08,11,125000,1,0,-8.41832,17267.8,0,-140.238,-135,0.790528
53609, 264.738, 9, -1,-1,-1,43.9298,8.62537,0.015849,8.68e+08,11,125000,1,0,27.1403,11611.8,1,-131.176,-135,0.790528
53617, 264.976, 14, -1,-1,-1,38.2352,-6.87066,0.025119,8.68e+08,10,125000,1,0,45.705,9643.9,1,-126.329,-133,0.436224
53624, 265.077, 33, -1,-1,-1,46.0271,20.9413,0.019953,8.68e+08,10,125000,1,0,10.6104,8888.19,0,-133.958,-133,0.436224
53626, 265.179, 13, -1,-1,-1,40.3136,-10.5179,0.015849,8.68e+08,10,125000,1,0,31.5012,12345.6,0,-130.382,-133,0.436224
53638, 265.502, 21, -1,-1,-1,51.8796,3.16644,0.015849,8.68e+08,10,125000,1,0,14.3793,17490.2,0,-133.989,-133,0.436224
53640, 265.516, 32, -1,-1,-1,51.1766,18.2126,0.019953,8.68e+08,12,125000,1,0,8.41686,13072.6,0,-134.542,-137,1.58106
53647, 265.722, 3, -1,-1,-1,55.0197,-4.92577,0.025119,8.68e+08,10,125000,1,0,9.34464,18880.2,0,-133.29,-133,0.436224
53650, 265.99, 5, -1,-1,-1,45.2911,-1.97699,0.025119,8.68e+08,11,125000,1,0,29.7369,16610.4,1,-128.692,-135,0.790528
53662, 266.497, 34, -1,-1,-1,48.1582,23.6943,0.015849,8.68e+08,10,125000,1,0,7.02053,9743.1,0,-135.924,-133,0.436224
53664, 267.116, 49, -1,-1,-1,60.9723,-8.53133,0.015849,8.68e+08,12,125000,1,0,1.79019,19151.3,0,-137.38,-137,1.58106
53671, 267.196, 56, -1,-1,-1,61.255,29.3742,0.015849,8.68e+08,11,125000,1,0,-3.73803,14777.2,0,-138.945,-135,0.790528
53694, 267.969, 24, -1,-1,-1,46.1123,9.21262,0.019953,8.68e+08,11,125000,1,0,22.3659,12946.4,1,-131.143,-135,0.790528
53696, 268.377, 28, -1,-1,-1,55.2498,14.353,0.015849,8.68e+08,10,125000,1,0,6.45992,15583.4,0,-136.075,-133,0.436224
53718, 268.742, 15, -1,-1,-1,52.7206,6.93841,0.019953,8.68e+08,11,125000,1,0,12.3545,16697.5,0,-133.501,-135,0.790528
53725, 268.929, 55, -1,-1,-1,31.8166,28.0824,0.019953,8.68e+08,10,125000,1,0,4.7955,-4352.11,0,-135.54,-133,0.436224
53727, 269.098, 54, -1,-1,-1,35.1679,33.0607,0.019953,8.68e+08,12,125000,1,0,1.14047,-1091.61,0,-136.569,-137,1.58106
53740, 269.42, 6, -1,-1,-1,43.3892,-0.476294,0.025119,8.68e+08,12,125000,1,0,37.3121,14950.9,1,-127.447,-137,1.58106
53743, 269.428, 10, -1,-1,-1,37.7624,-7.50647,0.025119,8.68e+08,11,125000,1,0,45.2311,8353.83,1,-126.386,-135,0.790528
53745, 269.441, 44, -1,-1,-1,38.1663,21.4091,0.019953,8.68e+08,11,125000,1,0,13.4419,936.217,0,-133.23,-135,0.790528
53753, 269.818, 4, -1,-1,-1,52.5246,-6.48755,0.025119,8.68e+08,10,125000,1,0,13.0393,18666.1,1,-132.326,-133,0.436224
53755, 270.05, 29, -1,-1,-1,57.2186,11.901,0.019953,8.68e+08,10,125000,1,0,5.2629,16565.5,0,-135.406,-133,0.436224
53762, 270.276, 57, -1,-1,-1,42.497,19.1227,0.015849,8.68e+08,12,125000,1,0,14.963,5869.72,0,-133.849,-137,1.58106
53764, 270.369, 25, -1,-1,-1,42.9973,10.3296,0.015849,8.68e+08,12,125000,1,0,27.0273,9435.39,0,-131.198,-137,1.58106
53767, 270.489, 52, -1,-1,-1,27.6763,-17.5141,0.019953,8.68e+08,10,125000,1,0,15.0755,-3083.51,1,-132.819,-133,0.436224
53774, 270.921, 41, -1,-1,-1,44.2427,17.3363,0.025119,8.68e+08,12,125000,1,0,15.8884,8034.35,0,-131.622,-137,1.58106
53781, 271.343, 35, -1,-1,-1,41.9454,28.3607,0.019953,8.68e+08,11,125000,1,0,5.49706,3961.33,0,-135.346,-135,0.790528
53804, 272.446, 0, -1,-1,-1,51.1806,-1.29064,0.025119,8.68e+08,10,125000,1,0,16.6389,18009.1,1,-131.438,-133,0.436224
53812, 272.544, 22, -1,-1,-1,45.7768,6.11857,0.015849,8.68e+08,11,125000,1,0,26.5641,13801.3,1,-131.287,-135,0.790528
53820, 272.745, 12, -1,-1,-1,43.0813,-7.60286,0.019953,8.68e+08,12,125000,1,0,32.222,15063.4,1,-129.259,-137,1.58106
53822, 273.227, 38, -1,-1,-1,55.4525,23.897,0.025119,8.68e+08,11,125000,1,0,2.34665,13453.6,0,-135.226,-135,0.790528
53824, 273.294, 39, -1,-1,-1,45.3641,29.0318,0.019953,8.68e+08,11,125000,1,0,4.23888,6475.09,0,-135.697,-135,0.790528
53826, 273.48, 48, -1,-1,-1,66.9931,-20.4397,0.025119,8.68e+08,11,125000,1,0,-4.99278,19049.8,0,-137.296,-135,0.790528
53828, 273.647, 27, -1,-1,-1,60.3201,4.95292,0.025119,8.68e+08,12,125000,1,0,3.27113,18041.4,0,-134.963,-137,1.58106
53855, 274.668, 1, -1,-1,-1,53.3356,-4.09606,0.025119,8.68e+08,10,125000,1,0,12.7783,18538.3,0,-132.393,-133,0.436224
53862, 274.812, 42, -1,-1,-1,44.1598,19.4781,0.019953,8.68e+08,10,125000,1,0,13.7247,7036.94,0,-133.158,-133,0.436224
53870, 275.024, 9, -1,-1,-1,43.9298,8.62537,0.015849,8.68e+08,11,125000,1,0,28.3212,10819.2,1,-130.954,-135,0.790528
53872, 275.226, 33, -1,-1,-1,46.0271,20.9413,0.019953,8.68e+08,10,125000,1,0,11.0263,8310.59,0,-133.85,-133,0.436224
53875, 275.404, 26, -1,-1,-1,37.2033,12.4105,0.025119,8.68e+08,10,125000,1,0,29.6319,-259.932,1,-128.715,-133,0.436224
53878, 275.494, 11, -1,-1,-1,40.729,-0.942347,0.015849,8.68e+08,12,125000,1,0,51.6854,11680.1,1,-127.68,-137,1.58106
53885, 275.9, 7, -1,-1,-1,46.3931,-2.63001,0.025119,8.68e+08,12,125000,1,0,27.8702,16811.1,0,-129.037,-137,1.58106
53888, 276.08, 14, -1,-1,-1,38.2352,-6.87066,0.025119,8.68e+08,10,125000,1,0,48.0523,8298.84,1,-126.061,-133,0.436224
53905, 276.746, 30, -1,-1,-1,60.3678,25.9205,0.025119,8.68e+08,10,125000,1,0,-1.62132,14760.7,0,-136.349,-133,0.436224
53918, 277.18, 43, -1,-1,-1,39.7502,22.7721,0.025119,8.68e+08,10,125000,1,0,11.6347,1950,1,-132.693,-133,0.436224
53931, 277.346, 51, -1,-1,-1,31.3978,-16.8263,0.019953,8.68e+08,11,125000,1,0,19.2957,47.7652,1,-131.822,-135,0.790528
53933, 277.808, 50, -1,-1,-1,70.7907,22.181,0.015849,8.68e+08,11,125000,1,0,-7.8536,17086.3,0,-140.085,-135,0.790528
53935, 278.032, 36, -1,-1,-1,56.739,26.2706,0.019953,8.68e+08,11,125000,1,0,0.626913,13400.2,0,-136.713,-135,0.790528
53952, 278.721, 16, -1,-1,-1,53.2773,8.72452,0.025119,8.68e+08,12,125000,1,0,11.6842,16111.3,0,-132.675,-137,1.58106
53959, 278.852, 19, -1,-1,-1,52.5578,8.66449,0.025119,8.68e+08,12,125000,1,0,12.7574,15903.3,0,-132.399,-137,1.58106
53976, 279.372, 59, -1,-1,-1,43.0069,22.2244,0.015849,8.68e+08,11,125000,1,0,11.4269,5105.54,0,-134.747,-135,0.790528
53978, 279.412, 58, -1,-1,-1,41.7923,21.1679,0.025119,8.68e+08,11,125000,1,0,13.082,4068.56,0,-132.321,-135,0.790528
53980, 279.428, 31, -1,-1,-1,50.6555,15.3159,0.015849,8.68e+08,10,125000,1,0,11.7248,12992.8,0,-134.667,-133,0.436224
53987, 279.812, 44, -1,-1,-1,38.1663,21.4091,0.019953,8.68e+08,11,125000,1,0,13.4793,180.43,0,-133.221,-135,0.790528
53989, 279.865, 45, -1,-1,-1,37.4342,26.8198,0.015849,8.68e+08,12,125000,1,0,7.19707,-358.623,0,-135.878,-137,1.58106
53992, 279.904, 17, -1,-1,-1,52.0923,14.0787,0.025119,8.68e+08,10,125000,1,0,10.8664,14076.6,1,-132.89,-133,0.436224
53999, 280.399, 53, -1,-1,-1,37.2666,13.7158,0.019953,8.68e+08,12,125000,1,0,26.5545,-684.274,0,-130.293,-137,1.58106
54001, 280.576, 8, -1,-1,-1,49.2811,9.74921,0.025119,8.68e+08,12,125000,1,0,17.447,14104.3,0,-131.248,-137,1.58106
54033, 281.799, 41, -1,-1,-1,44.2427,17.3363,0.025119,8.68e+08,12,125000,1,0,16.3968,7554.87,0,-131.501,-137,1.58106
54036, 281.8, 18, -1,-1,-1,49.4957,9.3861,0.025119,8.68e+08,10,125000,1,0,17.5546,14503.7,1,-131.223,-133,0.436224
54038, 281.951, 52, -1,-1,-1,27.6763,-17.5141,0.019953,8.68e+08,10,125000,1,0,14.8536,-3728.67,0,-132.875,-133,0.436224
54046, 282.435, 6, -1,-1,-1,43.3892,-0.476294,0.025119,8.68e+08,12,125000,1,0,40.4823,14356.5,1,-126.995,-137,1.58106
54049, 282.577, 4, -1,-1,-1,52.5246,-6.48755,0.025119,8.68e+08,10,125000,1,0,14.3169,18648.4,1,-132.006,-133,0.436224
54051, 282.885, 23, -1,-1,-1,46.4547,14.2858,0.015849,8.68e+08,12,125000,1,0,17.7252,10555.6,0,-133.184,-137,1.58106
54058, 283.072, 54, -1,-1,-1,35.1679,33.0607,0.019953,8.68e+08,12,125000,1,0,1.08146,-1535.57,0,-136.587,-137,1.58106
54060, 283.219, 46, -1,-1,-1,35.6726,30.6782,0.025119,8.68e+08,12,125000,1,0,3.23326,-1442.19,0,-134.98,-137,1.58106
54082, 284.567, 47, -1,-1,-1,39.1478,29.5182,0.015849,8.68e+08,12,125000,1,0,4.707,1181.79,0,-136.567,-137,1.58106
54090, 284.995, 20, -1,-1,-1,50.995,4.58524,0.015849,8.68e+08,11,125000,1,0,17.5604,16584.4,1,-133.221,-135,0.790528
54097, 285.225, 38, -1,-1,-1,55.4525,23.897,0.025119,8.68e+08,11,125000,1,0,2.89463,13301.7,0,-135.072,-135,0.790528
54099, 285.284, 49, -1,-1,-1,60.9723,-8.53133,0.015849,8.68e+08,12,125000,1,0,2.96295,19152,0,-137.051,-137,1.58106
54102, 285.545, 13, -1,-1,-1,40.3136,-10.5179,0.015849,8.68e+08,10,125000,1,0,34.5587,10928.2,1,-129.876,-133,0.436224
54104, 285.706, 56, -1,-1,-1,61.255,29.3742,0.015849,8.68e+08,11,125000,1,0,-2.97422,14577.9,0,-138.732,-135,0.790528
54111, 286.142, 37, -1,-1,-1,55.1185,20.5864,0.015849,8.68e+08,12,125000,1,0,4.76463,13836.5,0,-136.548,-137,1.58106
54124, 286.676, 14, -1,-1,-1,38.2352,-6.87066,0.025119,8.68e+08,10,125000,1,0,50.1946,7263.67,1,-125.833,-133,0.436224
54156, 287.206, 30, -1,-1,-1,60.3678,25.9205,0.025119,8.68e+08,10,125000,1,0,-1.15977,14737.5,0,-136.219,-133,0.436224
54159, 287.32, 24, -1,-1,-1,46.1123,9.21262,0.019953,8.68e+08,11,125000,1,0,24.387,11997.4,1,-130.723,-135,0.790528
54161, 287.32, 57, -1,-1,-1,42.497,19.1227,0.015849,8.68e+08,12,125000,1,0,15.4949,4909.21,0,-133.72,-137,1.58106
54163, 287.343, 29, -1,-1,-1,57.2186,11.901,0.019953,8.68e+08,10,125000,1,0,6.3586,16371.7,0,-135.104,-133,0.436224
54180, 287.912, 34, -1,-1,-1,48.1582,23.6943,0.015849,8.68e+08,10,125000,1,0,7.84263,8927.96,0,-135.702,-133,0.436224
54187, 288.32, 2, -1,-1,-1,52.8574,-1.0846,0.019953,8.68e+08,12,125000,1,0,15.1564,18129,0,-132.799,-137,1.58106
54194, 288.441, 55, -1,-1,-1,31.8166,28.0824,0.019953,8.68e+08,10,125000,1,0,4.45953,-5136.95,0,-135.635,-133,0.436224
54196, 288.452, 35, -1,-1,-1,41.9454,28.3607,0.019953,8.68e+08,11,125000,1,0,5.73642,3255.8,0,-135.281,-135,0.790528
54198, 288.46, 32, -1,-1,-1,51.1766,18.2126,0.019953,8.68e+08,12,125000,1,0,9.697,12350.2,0,-134.201,-137,1.58106
54200, 288.533, 40, -1,-1,-1,50.2872,33.8784,0.019953,8.68e+08,12,125000,1,0,-0.126902,8796.22,0,-136.929,-137,1.58106
54203, 288.606, 10, -1,-1,-1,37.7624,-7.50647,0.025119,8.68e+08,11,125000,1,0,48.5155,6210.21,1,-126.012,-135,0.790528
54205, 288.664, 27, -1,-1,-1,60.3201,4.95292,0.025119,8.68e+08,12,125000,1,0,4.23363,18012.8,0,-134.694,-137,1.58106
54233, 289.589, 22, -1,-1,-1,45.7768,6.11857,0.015849,8.68e+08,11,125000,1,0,28.9035,12992.8,1,-130.847,-135,0.790528
54235, 289.683, 21, -1,-1,-1,51.8796,3.16644,0.015849,8.68e+08,10,125000,1,0,16.8265,17043.9,0,-133.395,-133,0.436224
54247, 289.839, 3, -1,-1,-1,55.0197,-4.92577,0.025119,8.68e+08,10,125000,1,0,11.4509,18697.8,0,-132.737,-133,0.436224
54249, 290.022, 16, -1,-1,-1,53.2773,8.72452,0.025119,8.68e+08,12,125000,1,0,12.5986,15997.8,0,-132.441,-137,1.58106
54256, 290.499, 7, -1,-1,-1,46.3931,-2.63001,0.025119,8.68e+08,12,125000,1,0,30.5254,16447.7,0,-128.554,-137,1.58106
54259, 290.575, 5, -1,-1,-1,45.2911,-1.97699,0.025119,8.68e+08,11,125000,1,0,34.6753,15640.1,1,-127.856,-135,0.790528
54267, 290.891, 11, -1,-1,-1,40.729,-0.942347,0.015849,8.68e+08,12,125000,1,0,57.1867,10242.9,1,-127.183,-137,1.58106
54269, 291.096, 31, -1,-1,-1,50.6555,15.3159,0.015849,8.68e+08,10,125000,1,0,12.4824,12715.5,0,-134.473,-133,0.436224
54271, 291.26, 39, -1,-1,-1,45.3641,29.0318,0.019953,8.68e+08,11,125000,1,0,4.64666,5808.76,0,-135.584,-135,0.790528
54273, 291.396, 19, -1,-1,-1,52.5578,8.66449,0.025119,8.68e+08,12,125000,1,0,13.8102,15725.6,0,-132.134,-137,1.58106
54320, 292.691, 28, -1,-1,-1,55.2498,14.353,0.015849,8.68e+08,10,125000,1,0,7.9808,15084,0,-135.662,-133,0.436224
54332, 292.986, 50, -1,-1,-1,70.7907,22.181,0.015849,8.68e+08,11,125000,1,0,-7.19215,17104.9,0,-139.906,-135,0.790528
54334, 292.999, 15, -1,-1,-1,52.7206,6.93841,0.019953,8.68e+08,11,125000,1,0,14.4778,16188.4,0,-132.968,-135,0.790528
54337, 293.049, 43, -1,-1,-1,39.7502,22.7721,0.025119,8.68e+08,10,125000,1,0,11.7646,1117.09,1,-132.661,-133,0.436224
54339, 293.099, 54, -1,-1,-1,35.1679,33.0607,0.019953,8.68e+08,12,125000,1,0,1.02489,-2028.22,0,-136.604,-137,1.58106
54341, 293.153, 44, -1,-1,-1,38.1663,21.4091,0.019953,8.68e+08,11,125000,1,0,13.4773,-528.472,0,-133.223,-135,0.790528
54348, 293.457, 48, -1,-1,-1,66.9931,-20.4397,0.025119,8.68e+08,11,125000,1,0,-3.95095,19075.2,0,-137.006,-135,0.790528
54350, 293.572, 58, -1,-1,-1,41.7923,21.1679,0.025119,8.68e+08,11,125000,1,0,13.3685,3336.92,0,-132.25,-135,0.790528
54353, 293.664, 42, -1,-1,-1,44.1598,19.4781,0.019953,8.68e+08,10,125000,1,0,14.4098,6029.48,1,-132.988,-133,0.436224
54355, 293.895, 25, -1,-1,-1,42.9973,10.3296,0.015849,8.68e+08,12,125000,1,0,29.1275,7642.67,0,-130.807,-137,1.58106
54357, 294.094, 46, -1,-1,-1,35.6726,30.6782,0.025119,8.68e+08,12,125000,1,0,3.16937,-2015.38,0,-134.998,-137,1.58106
54364, 294.318, 8, -1,-1,-1,49.2811,9.74921,0.025119,8.68e+08,12,125000,1,0,18.7119,13700.7,0,-130.955,-137,1.58106
54376, 294.632, 1, -1,-1,-1,53.3356,-4.09606,0.025119,8.68e+08,10,125000,1,0,14.7748,18367.9,0,-131.894,-133,0.436224
54389, 295.036, 0, -1,-1,-1,51.1806,-1.29064,0.025119,8.68e+08,10,125000,1,0,19.2784,17653.3,1,-130.825,-133,0.436224
54397, 295.608, 20, -1,-1,-1,50.995,4.58524,0.015849,8.68e+08,11,125000,1,0,18.7073,16203.3,1,-132.956,-135,0.790528
54399, 295.813, 59, -1,-1,-1,43.0069,22.2244,0.015849,8.68e+08,11,125000,1,0,11.8179,4283.35,0,-134.647,-135,0.790528
54401, 295.944, 45, -1,-1,-1,37.4342,26.8198,0.015849,8.68e+08,12,125000,1,0,7.16034,-1075.13,0,-135.89,-137,1.58106
54409, 296.703, 12, -1,-1,-1,43.0813,-7.60286,0.019953,8.68e+08,12,125000,1,0,37.0371,13754.8,1,-128.492,-137,1.58106
54416, 297.159, 36, -1,-1,-1,56.739,26.2706,0.019953,8.68e+08,11,125000,1,0,1.45005,13044.9,0,-136.482,-135,0.790528
54418, 297.169, 33, -1,-1,-1,46.0271,20.9413,0.019953,8.68e+08,10,125000,1,0,11.8723,7255.27,0,-133.633,-133,0.436224
54431, 298.33, 17, -1,-1,-1,52.0923,14.0787,0.025119,8.68e+08,10,125000,1,0,12.1228,13576.9,1,-132.565,-133,0.436224
54444, 298.825, 24, -1,-1,-1,46.1123,9.21262,0.019953,8.68e+08,11,125000,1,0,25.5975,11186,1,-130.481,-135,0.790528
54446, 298.854, 18, -1,-1,-1,49.4957,9.3861,0.025119,8.68e+08,10,125000,1,0,19.1569,13676.8,0,-130.854,-133,0.436224
54459, 299.013, 14, -1,-1,-1,38.2352,-6.87066,0.025119,8.68e+08,10,125000,1,0,52.461,5527.12,1,-125.608,-133,0.436224
54487, 299.526, 52, -1,-1,-1,27.6763,-17.5141,0.019953,8.68e+08,10,125000,1,0,14.4284,-5001.57,1,-132.981,-133,0.436224
54500, 299.684, 9, -1,-1,-1,43.9298,8.62537,0.015849,8.68e+08,11,125000,1,0,31.0934,9004.64,1,-130.456,-135,0.790528
54502, 299.72, 34, -1,-1,-1,48.1582,23.6943,0.015849,8.68e+08,10,125000,1,0,8.27627,8312.02,0,-135.585,-133,0.436224
54509, 299.938, 38, -1,-1,-1,55.4525,23.897,0.025119,8.68e+08,11,125000,1,0,3.56704,12802.2,0,-134.885,-135,0.790528
54511, 300.094, 56, -1,-1,-1,61.255,29.3742,0.015849,8.68e+08,11,125000,1,0,-2.37719,14224.3,0,-138.565,-135,0.790528
54524, 300.307, 26, -1,-1,-1,37.2033,12.4105,0.025119,8.68e+08,10,125000,1,0,29.2803,-2641.39,1,-128.781,-133,0.436224
54526, 300.372, 51, -1,-1,-1,31.3978,-16.8263,0.019953,8.68e+08,11,125000,1,0,19.1858,-1700.67,0,-131.849,-135,0.790528
54528, 300.511, 53, -1,-1,-1,37.2666,13.7158,0.019953,8.68e+08,12,125000,1,0,26.2919,-2418.01,0,-130.346,-137,1.58106
54530, 300.676, 2, -1,-1,-1,52.8574,-1.0846,0.019953,8.68e+08,12,125000,1,0,16.4758,17825.1,0,-132.48,-137,1.58106
54532, 300.703, 29, -1,-1,-1,57.2186,11.901,0.019953,8.68e+08,10,125000,1,0,7.22767,16255.2,0,-134.867,-133,0.436224
54655, 301.028, 10, -1,-1,-1,37.7624,-7.50647,0.025119,8.68e+08,11,125000,1,0,50.2809,4805.58,1,-125.826,-135,0.790528
54657, 301.242, 41, -1,-1,-1,44.2427,17.3363,0.025119,8.68e+08,12,125000,1,0,17.2296,6151.14,0,-131.304,-137,1.58106
54670, 302.757, 5, -1,-1,-1,45.2911,-1.97699,0.025119,8.68e+08,11,125000,1,0,37.4427,15207.7,1,-127.432,-135,0.790528
54678, 303.18, 7, -1,-1,-1,46.3931,-2.63001,0.025119,8.68e+08,12,125000,1,0,33.0449,16107.9,1,-128.123,-137,1.58106
54715, 304.461, 47, -1,-1,-1,39.1478,29.5182,0.015849,8.68e+08,12,125000,1,0,4.76121,323.33,0,-136.554,-137,1.58106
54717, 304.509, 55, -1,-1,-1,31.8166,28.0824,0.019953,8.68e+08,10,125000,1,0,4.14508,-5716.76,0,-135.724,-133,0.436224
54720, 304.857, 4, -1,-1,-1,52.5246,-6.48755,0.025119,8.68e+08,10,125000,1,0,16.7198,18406.6,1,-131.423,-133,0.436224
54722, 305.069, 16, -1,-1,-1,53.2773,8.72452,0.025119,8.68e+08,12,125000,1,0,13.8548,15733.9,0,-132.125,-137,1.58106
54740, 305.367, 6, -1,-1,-1,43.3892,-0.476294,0.025119,8.68e+08,12,125000,1,0,46.783,12745.1,1,-126.206,-137,1.58106
54742, 305.595, 27, -1,-1,-1,60.3201,4.95292,0.025119,8.68e+08,12,125000,1,0,5.3564,17936.7,0,-134.383,-137,1.58106
54744, 305.67, 49, -1,-1,-1,60.9723,-8.53133,0.015849,8.68e+08,12,125000,1,0,4.33955,19115.5,0,-136.667,-137,1.58106
54746, 305.754, 19, -1,-1,-1,52.5578,8.66449,0.025119,8.68e+08,12,125000,1,0,15.0543,15452.6,0,-131.827,-137,1.58106
54758, 306.044, 39, -1,-1,-1,45.3641,29.0318,0.019953,8.68e+08,11,125000,1,0,4.95188,5284.12,0,-135.501,-135,0.790528
54766, 306.469, 3, -1,-1,-1,55.0197,-4.92577,0.025119,8.68e+08,10,125000,1,0,13.0141,18619.2,1,-132.337,-133,0.436224
54768, 306.701, 37, -1,-1,-1,55.1185,20.5864,0.015849,8.68e+08,12,125000,1,0,5.81644,13362.4,0,-136.258,-137,1.58106
54770, 306.765, 54, -1,-1,-1,35.1679,33.0607,0.019953,8.68e+08,12,125000,1,0,0.928959,-2448.53,0,-136.632,-137,1.58106
54773, 307.09, 22, -1,-1,-1,45.7768,6.11857,0.015849,8.68e+08,11,125000,1,0,31.3939,12009.1,1,-130.404,-135,0.790528
54776, 307.482, 23, -1,-1,-1,46.4547,14.2858,0.015849,8.68e+08,12,125000,1,0,19.3482,9185.78,1,-132.813,-137,1.58106
54793, 308.063, 31, -1,-1,-1,50.6555,15.3159,0.015849,8.68e+08,10,125000,1,0,13.5871,12148.1,0,-134.194,-133,0.436224
54806, 308.321, 21, -1,-1,-1,51.8796,3.16644,0.015849,8.68e+08,10,125000,1,0,18.8695,16688,1,-132.92,-133,0.436224
54808, 308.378, 30, -1,-1,-1,60.3678,25.9205,0.025119,8.68e+08,10,125000,1,0,-0.218798,14426,0,-135.955,-133,0.436224
54825, 309.099, 50, -1,-1,-1,70.7907,22.181,0.015849,8.68e+08,11,125000,1,0,-6.48098,17102.4,0,-139.712,-135,0.790528
54828, 309.164, 13, -1,-1,-1,40.3136,-10.5179,0.015849,8.68e+08,10,125000,1,0,38.0574,8903.45,1,-129.343,-133,0.436224
54846, 309.63, 0, -1,-1,-1,51.1806,-1.29064,0.025119,8.68e+08,10,125000,1,0,21.1388,17470,1,-130.411,-133,0.436224
54848, 309.764, 57, -1,-1,-1,42.497,19.1227,0.015849,8.68e+08,12,125000,1,0,16.0555,3496.2,0,-133.587,-137,1.58106
54851, 309.861, 24, -1,-1,-1,46.1123,9.21262,0.019953,8.68e+08,11,125000,1,0,26.7539,10651.5,1,-130.255,-135,0.790528
54853, 309.975, 15, -1,-1,-1,52.7206,6.93841,0.019953,8.68e+08,11,125000,1,0,16.0517,15846.4,0,-132.584,-135,0.790528
54865, 310.32, 40, -1,-1,-1,50.2872,33.8784,0.019953,8.68e+08,12,125000,1,0,0.45359,8150.7,0,-136.767,-137,1.58106
54878, 310.703, 17, -1,-1,-1,52.0923,14.0787,0.025119,8.68e+08,10,125000,1,0,12.9781,13288.9,1,-132.348,-133,0.436224
54895, 311.089, 12, -1,-1,-1,43.0813,-7.60286,0.019953,8.68e+08,12,125000,1,0,40.2186,12914.9,0,-128.036,-137,1.58106
54897, 311.174, 35, -1,-1,-1,41.9454,28.3607,0.019953,8.68e+08,11,125000,1,0,5.98105,2213.87,0,-135.216,-135,0.790528
54900, 311.196, 10, -1,-1,-1,37.7624,-7.50647,0.025119,8.68e+08,11,125000,1,0,51.413,3299.43,1,-125.712,-135,0.790528
54902, 311.307, 33, -1,-1,-1,46.0271,20.9413,0.019953,8.68e+08,10,125000,1,0,12.3721,6626.08,0,-133.505,-133,0.436224
54910, 311.802, 11, -1,-1,-1,40.729,-0.942347,0.015849,8.68e+08,12,125000,1,0,65.5242,7714.56,1,-126.596,-137,1.58106
54912, 312.321, 2, -1,-1,-1,52.8574,-1.0846,0.019953,8.68e+08,12,125000,1,0,17.7846,17768.4,0,-132.171,-137,1.58106
54920, 312.341, 44, -1,-1,-1,38.1663,21.4091,0.019953,8.68e+08,11,125000,1,0,13.3758,-1657.42,1,-133.25,-135,0.790528
54922, 312.489, 32, -1,-1,-1,51.1766,18.2126,0.019953,8.68e+08,12,125000,1,0,11.031,11482.1,0,-133.851,-137,1.58106
54940, 313.335, 58, -1,-1,-1,41.7923,21.1679,0.025119,8.68e+08,11,125000,1,0,13.6705,2182.42,1,-132.176,-135,0.790528
54948, 313.665, 14, -1,-1,-1,38.2352,-6.87066,0.025119,8.68e+08,10,125000,1,0,54.635,3685.63,1,-125.407,-133,0.436224
54950, 313.908, 8, -1,-1,-1,49.2811,9.74921,0.025119,8.68e+08,12,125000,1,0,20.5612,12917.4,0,-130.54,-137,1.58106
54952, 314.081, 42, -1,-1,-1,44.1598,19.4781,0.019953,8.68e+08,10,125000,1,0,15.0483,4850.68,0,-132.833,-133,0.436224
54954, 314.581, 25, -1,-1,-1,42.9973,10.3296,0.015849,8.68e+08,12,125000,1,0,30.7306,5910.83,0,-130.522,-137,1.58106
54981, 315.092, 52, -1,-1,-1,27.6763,-17.5141,0.019953,8.68e+08,10,125000,1,0,13.9729,-5886.67,0,-133.095,-133,0.436224
54999, 315.489, 1, -1,-1,-1,53.3356,-4.09606,0.025119,8.68e+08,10,125000,1,0,17.0474,18134.3,1,-131.346,-133,0.436224
55006, 315.57, 28, -1,-1,-1,55.2498,14.353,0.015849,8.68e+08,10,125000,1,0,9.45703,14554.8,0,-135.267,-133,0.436224
55008, 315.698, 36, -1,-1,-1,56.739,26.2706,0.019953,8.68e+08,11,125000,1,0,2.24742,12674.5,0,-136.258,-135,0.790528
55011, 315.724, 51, -1,-1,-1,31.3978,-16.8263,0.019953,8.68e+08,11,125000,1,0,18.9635,-2776.9,1,-131.901,-135,0.790528
55013, 315.947, 59, -1,-1,-1,43.0069,22.2244,0.015849,8.68e+08,11,125000,1,0,12.2064,3180.36,0,-134.549,-135,0.790528
55015, 315.981, 34, -1,-1,-1,48.1582,23.6943,0.015849,8.68e+08,10,125000,1,0,8.84618,7681.83,0,-135.433,-133,0.436224
55017, 316.039, 48, -1,-1,-1,66.9931,-20.4397,0.025119,8.68e+08,11,125000,1,0,-2.73539,19068.5,0,-136.666,-135,0.790528
55024, 316.519, 47, -1,-1,-1,39.1478,29.5182,0.015849,8.68e+08,12,125000,1,0,4.76343,-349.139,0,-136.554,-137,1.58106
55036, 316.96, 29, -1,-1,-1,57.2186,11.901,0.019953,8.68e+08,10,125000,1,0,8.31286,15798.7,0,-134.574,-133,0.436224
55048, 317.678, 27, -1,-1,-1,60.3201,4.95292,0.025119,8.68e+08,12,125000,1,0,6.18403,17708,0,-134.155,-137,1.58106
55056, 317.806, 43, -1,-1,-1,39.7502,22.7721,0.025119,8.68e+08,10,125000,1,0,11.8291,-339.479,1,-132.647,-133,0.436224
55073, 318.299, 45, -1,-1,-1,37.4342,26.8198,0.015849,8.68e+08,12,125000,1,0,7.02728,-2159.06,0,-135.928,-137,1.58106
55080, 318.698, 20, -1,-1,-1,50.995,4.58524,0.015849,8.68e+08,11,125000,1,0,21.3584,15537.5,0,-132.365,-135,0.790528
55083, 318.739, 9, -1,-1,-1,43.9298,8.62537,0.015849,8.68e+08,11,125000,1,0,33.0851,7463.99,1,-130.12,-135,0.790528
55085, 318.854, 46, -1,-1,-1,35.6726,30.6782,0.025119,8.68e+08,12,125000,1,0,2.96366,-3058.24,0,-135.058,-137,1.58106
55087, 318.938, 38, -1,-1,-1,55.4525,23.897,0.025119,8.68e+08,11,125000,1,0,4.43428,12359.5,0,-134.644,-135,0.790528
55089, 319.324, 41, -1,-1,-1,44.2427,17.3363,0.025119,8.68e+08,12,125000,1,0,17.8998,5048.5,0,-131.149,-137,1.58106
55096, 320.142, 53, -1,-1,-1,37.2666,13.7158,0.019953,8.68e+08,12,125000,1,0,25.7281,-4052.23,0,-130.459,-137,1.58106
55118, 320.808, 39, -1,-1,-1,45.3641,29.0318,0.019953,8.68e+08,11,125000,1,0,5.22722,4744.03,0,-135.425,-135,0.790528
55120, 320.878, 55, -1,-1,-1,31.8166,28.0824,0.019953,8.68e+08,10,125000,1,0,3.79235,-6289.1,0,-135.824,-133,0.436224
55128, 321.342, 26, -1,-1,-1,37.2033,12.4105,0.025119,8.68e+08,10,125000,1,0,28.5185,-4213.88,1,-128.924,-133,0.436224
55130, 321.522, 56, -1,-1,-1,61.255,29.3742,0.015849,8.68e+08,11,125000,1,0,-1.48346,14144.7,0,-138.315,-135,0.790528
55133, 321.821, 6, -1,-1,-1,43.3892,-0.476294,0.025119,8.68e+08,12,125000,1,0,51.9043,11398.9,1,-125.664,-137,1.58106
55135, 322.26, 19, -1,-1,-1,52.5578,8.66449,0.025119,8.68e+08,12,125000,1,0,16.5371,15050.7,0,-131.469,-137,1.58106
55153, 322.935, 18, -1,-1,-1,49.4957,9.3861,0.025119,8.68e+08,10,125000,1,0,21.4951,12902.4,1,-130.336,-133,0.436224
55155, 322.998, 30, -1,-1,-1,60.3678,25.9205,0.025119,8.68e+08,10,125000,1,0,0.435836,14263.4,0,-135.771,-133,0.436224
55187, 324.031, 7, -1,-1,-1,46.3931,-2.63001,0.025119,8.68e+08,12,125000,1,0,37.6876,15187.4,0,-127.398,-137,1.58106
55194, 324.106, 50, -1,-1,-1,70.7907,22.181,0.015849,8.68e+08,11,125000,1,0,-5.80986,17108.2,0,-139.528,-135,0.790528
55197, 324.233, 0, -1,-1,-1,51.1806,-1.29064,0.025119,8.68e+08,10,125000,1,0,23.1413,17246.1,1,-129.984,-133,0.436224
55199, 324.827, 49, -1,-1,-1,60.9723,-8.53133,0.015849,8.68e+08,12,125000,1,0,5.69929,19081.7,0,-136.29,-137,1.58106
55201, 324.855, 23, -1,-1,-1,46.4547,14.2858,0.015849,8.68e+08,12,125000,1,0,20.4223,8194.13,0,-132.574,-137,1.58106
55204, 324.87, 10, -1,-1,-1,37.7624,-7.50647,0.025119,8.68e+08,11,125000,1,0,52.375,1561.95,1,-125.619,-135,0.790528
55211, 325.327, 12, -1,-1,-1,43.0813,-7.60286,0.019953,8.68e+08,12,125000,1,0,43.5699,11936.5,0,-127.596,-137,1.58106
55213, 325.36, 31, -1,-1,-1,50.6555,15.3159,0.015849,8.68e+08,10,125000,1,0,14.7096,11500.1,0,-133.916,-133,0.436224
55215, 325.604, 37, -1,-1,-1,55.1185,20.5864,0.015849,8.68e+08,12,125000,1,0,6.78788,12897.6,0,-135.992,-137,1.58106
55232, 326.306, 33, -1,-1,-1,46.0271,20.9413,0.019953,8.68e+08,10,125000,1,0,12.857,5909.68,0,-133.383,-133,0.436224
55249, 326.808, 52, -1,-1,-1,27.6763,-17.5141,0.019953,8.68e+08,10,125000,1,0,13.5859,-6477.31,0,-133.193,-133,0.436224
55267, 327.107, 5, -1,-1,-1,45.2911,-1.97699,0.025119,8.68e+08,11,125000,1,0,43.7332,13735,1,-126.575,-135,0.790528
55269, 327.258, 21, -1,-1,-1,51.8796,3.16644,0.015849,8.68e+08,10,125000,1,0,21.1031,16247.1,0,-132.421,-133,0.436224
55271, 327.309, 51, -1,-1,-1,31.3978,-16.8263,0.019953,8.68e+08,11,125000,1,0,18.7205,-3520.1,0,-131.958,-135,0.790528
55273, 327.319, 3, -1,-1,-1,55.0197,-4.92577,0.025119,8.68e+08,10,125000,1,0,15.1237,18428.3,0,-131.812,-133,0.436224
55281, 327.501, 4, -1,-1,-1,52.5246,-6.48755,0.025119,8.68e+08,10,125000,1,0,19.4265,18092.8,1,-130.795,-133,0.436224
55283, 327.809, 16, -1,-1,-1,53.2773,8.72452,0.025119,8.68e+08,12,125000,1,0,15.8389,15127.4,0,-131.638,-137,1.58106
55286, 327.86, 8, -1,-1,-1,49.2811,9.74921,0.025119,8.68e+08,12,125000,1,0,21.9028,12365.5,1,-130.249,-137,1.58106
55298, 328.227, 36, -1,-1,-1,56.739,26.2706,0.019953,8.68e+08,11,125000,1,0,2.78488,12482.4,0,-136.108,-135,0.790528
55311, 328.785, 17, -1,-1,-1,52.0923,14.0787,0.025119,8.68e+08,10,125000,1,0,14.2401,12694.1,1,-132.032,-133,0.436224
55319, 328.891, 9, -1,-1,-1,43.9298,8.62537,0.015849,8.68e+08,11,125000,1,0,34.0518,6726.89,1,-129.962,-135,0.790528
55321, 328.95, 34, -1,-1,-1,48.1582,23.6943,0.015849,8.68e+08,10,125000,1,0,9.275,7204.78,0,-135.32,-133,0.436224
55334, 329.709, 41, -1,-1,-1,44.2427,17.3363,0.025119,8.68e+08,12,125000,1,0,18.2322,4507.83,1,-131.073,-137,1.58106
55341, 329.878, 35, -1,-1,-1,41.9454,28.3607,0.019953,8.68e+08,11,125000,1,0,6.11683,1385.99,0,-135.18,-135,0.790528
55353, 330.421, 54, -1,-1,-1,35.1679,33.0607,0.019953,8.68e+08,12,125000,1,0,0.712858,-3341.24,0,-136.694,-137,1.58106
55360, 330.627, 32, -1,-1,-1,51.1766,18.2126,0.019953,8.68e+08,12,125000,1,0,12.0233,10816.4,0,-133.596,-137,1.58106
55368, 330.932, 22, -1,-1,-1,45.7768,6.11857,0.015849,8.68e+08,11,125000,1,0,34.8514,10277.8,1,-129.834,-135,0.790528
55381, 331.438, 25, -1,-1,-1,42.9973,10.3296,0.015849,8.68e+08,12,125000,1,0,31.7897,4441.92,1,-130.34,-137,1.58106
55383, 331.472, 55, -1,-1,-1,31.8166,28.0824,0.019953,8.68e+08,10,125000,1,0,3.54787,-6807.38,0,-135.893,-133,0.436224
55395, 331.608, 59, -1,-1,-1,43.0069,22.2244,0.015849,8.68e+08,11,125000,1,0,12.4343,2357.73,0,-134.492,-135,0.790528
55402, 331.827, 57, -1,-1,-1,42.497,19.1227,0.015849,8.68e+08,12,125000,1,0,16.4329,2057.44,0,-133.498,-137,1.58106
55405, 332.022, 1, -1,-1,-1,53.3356,-4.09606,0.025119,8.68e+08,10,125000,1,0,19.008,17961.6,1,-130.891,-133,0.436224
55407, 332.154, 40, -1,-1,-1,50.2872,33.8784,0.019953,8.68e+08,12,125000,1,0,1.00157,7464.73,0,-136.614,-137,1.58106
55415, 332.354, 24, -1,-1,-1,46.1123,9.21262,0.019953,8.68e+08,11,125000,1,0,29.051,9081.5,1,-129.825,-135,0.790528
55422, 332.896, 2, -1,-1,-1,52.8574,-1.0846,0.019953,8.68e+08,12,125000,1,0,20.2719,17422.9,0,-131.605,-137,1.58106
55430, 333.04, 18, -1,-1,-1,49.4957,9.3861,0.025119,8.68e+08,10,125000,1,0,22.4956,12285.4,1,-130.122,-133,0.436224
55432, 333.383, 27, -1,-1,-1,60.3201,4.95292,0.025119,8.68e+08,12,125000,1,0,7.29525,17624.6,0,-133.851,-137,1.58106
55444, 333.471, 28, -1,-1,-1,55.2498,14.353,0.015849,8.68e+08,10,125000,1,0,10.6408,14138.5,0,-134.955,-133,0.436224
55457, 333.767, 53, -1,-1,-1,37.2666,13.7158,0.019953,8.68e+08,12,125000,1,0,25.1759,-5048.06,1,-130.57,-137,1.58106
55460, 333.904, 13, -1,-1,-1,40.3136,-10.5179,0.015849,8.68e+08,10,125000,1,0,41.3557,6367.62,1,-128.885,-133,0.436224
55468, 334.422, 15, -1,-1,-1,52.7206,6.93841,0.019953,8.68e+08,11,125000,1,0,18.4535,15133.5,1,-132.019,-135,0.790528
55476, 334.631, 14, -1,-1,-1,38.2352,-6.87066,0.025119,8.68e+08,10,125000,1,0,56.2815,714.924,1,-125.265,-133,0.436224
55478, 334.971, 23, -1,-1,-1,46.4547,14.2858,0.015849,8.68e+08,12,125000,1,0,21.0092,7410.86,0,-132.445,-137,1.58106
55485, 335.268, 47, -1,-1,-1,39.1478,29.5182,0.015849,8.68e+08,12,125000,1,0,4.72098,-1142.74,0,-136.567,-137,1.58106
55493, 335.943, 58, -1,-1,-1,41.7923,21.1679,0.025119,8.68e+08,11,125000,1,0,13.867,794.924,1,-132.129,-135,0.790528
55496, 336.021, 11, -1,-1,-1,40.729,-0.942347,0.015849,8.68e+08,12,125000,1,0,76.0783,4108.34,1,-126.114,-137,1.58106
55503, 336.39, 39, -1,-1,-1,45.3641,29.0318,0.019953,8.68e+08,11,125000,1,0,5.48383,3893.32,0,-135.356,-135,0.790528
55506, 336.89, 44, -1,-1,-1,38.1663,21.4091,0.019953,8.68e+08,11,125000,1,0,13.0813,-3148.17,1,-133.327,-135,0.790528
55513, 338.134, 33, -1,-1,-1,46.0271,20.9413,0.019953,8.68e+08,10,125000,1,0,13.2026,5113.47,0,-133.296,-133,0.436224
55545, 338.744, 31, -1,-1,-1,50.6555,15.3159,0.015849,8.68e+08,10,125000,1,0,15.5694,10744.9,0,-133.706,-133,0.436224
55548, 338.792, 42, -1,-1,-1,44.1598,19.4781,0.019953,8.68e+08,10,125000,1,0,15.6526,3288.55,1,-132.688,-133,0.436224
55556, 338.974, 20, -1,-1,-1,50.995,4.58524,0.015849,8.68e+08,11,125000,1,0,23.8739,14860.2,1,-131.833,-135,0.790528
55558, 339.012, 56, -1,-1,-1,61.255,29.3742,0.015849,8.68e+08,11,125000,1,0,-0.75064,13668.3,0,-138.109,-135,0.790528
55560, 339.301, 29, -1,-1,-1,57.2186,11.901,0.019953,8.68e+08,10,125000,1,0,9.85518,15351.8,0,-134.163,-133,0.436224
55592, 339.887, 45, -1,-1,-1,37.4342,26.8198,0.015849,8.68e+08,12,125000,1,0,6.8109,-3177.56,0,-135.989,-137,1.58106
55594, 340.027, 16, -1,-1,-1,53.2773,8.72452,0.025119,8.68e+08,12,125000,1,0,16.9478,14613.2,0,-131.373,-137,1.58106
55601, 340.143, 48, -1,-1,-1,66.9931,-20.4397,0.025119,8.68e+08,11,125000,1,0,-1.388,19037.3,0,-136.288,-135,0.790528
55603, 340.144, 30, -1,-1,-1,60.3678,25.9205,0.025119,8.68e+08,10,125000,1,0,1.20794,13771.9,0,-135.554,-133,0.436224
55626, 341.088, 6, -1,-1,-1,43.3892,-0.476294,0.025119,8.68e+08,12,125000,1,0,58.5127,8990.2,1,-125.083,-137,1.58106
55628, 341.112, 41, -1,-1,-1,44.2427,17.3363,0.025119,8.68e+08,12,125000,1,0,18.5483,3588.06,0,-131.001,-137,1.58106
55630, 341.18, 32, -1,-1,-1,51.1766,18.2126,0.019953,8.68e+08,12,125000,1,0,12.5908,10248.2,0,-133.451,-137,1.58106
55637, 341.32, 8, -1,-1,-1,49.2811,9.74921,0.025119,8.68e+08,12,125000,1,0,23.2067,11492,0,-129.973,-137,1.58106
55640, 341.345, 10, -1,-1,-1,37.7624,-7.50647,0.025119,8.68e+08,11,125000,1,0,52.5506,-649.824,1,-125.604,-135,0.790528
55657, 341.633, 25, -1,-1,-1,42.9973,10.3296,0.015849,8.68e+08,12,125000,1,0,32.2958,3642.01,0,-130.255,-137,1.58106
55669, 341.835, 7, -1,-1,-1,46.3931,-2.63001,0.025119,8.68e+08,12,125000,1,0,42.2255,14239.3,0,-126.769,-137,1.58106
55671, 341.843, 21, -1,-1,-1,51.8796,3.16644,0.015849,8.68e+08,10,125000,1,0,22.9421,15909,0,-132.028,-133,0.436224
55673, 342.037, 50, -1,-1,-1,70.7907,22.181,0.015849,8.68e+08,11,125000,1,0,-4.99642,17060.1,0,-139.303,-135,0.790528
55675, 342.186, 43, -1,-1,-1,39.7502,22.7721,0.025119,8.68e+08,10,125000,1,0,11.7265,-1502.33,0,-132.676,-133,0.436224
55678, 342.233, 0, -1,-1,-1,51.1806,-1.29064,0.025119,8.68e+08,10,125000,1,0,25.831,16838.3,1,-129.438,-133,0.436224
55681, 342.339, 38, -1,-1,-1,55.4525,23.897,0.025119,8.68e+08,11,125000,1,0,5.49593,11941.6,1,-134.351,-135,0.790528
55688, 342.629, 19, -1,-1,-1,52.5578,8.66449,0.025119,8.68e+08,12,125000,1,0,18.4432,14407,0,-131.022,-137,1.58106
55690, 342.66, 37, -1,-1,-1,55.1185,20.5864,0.015849,8.68e+08,12,125000,1,0,7.66466,12459.4,0,-135.754,-137,1.58106
55697, 342.951, 52, -1,-1,-1,27.6763,-17.5141,0.019953,8.68e+08,10,125000,1,0,12.9977,-7328.15,0,-133.343,-133,0.436224
55699, 342.971, 46, -1,-1,-1,35.6726,30.6782,0.025119,8.68e+08,12,125000,1,0,2.68593,-3792.95,0,-135.138,-137,1.58106
55702, 343.295, 26, -1,-1,-1,37.2033,12.4105,0.025119,8.68e+08,10,125000,1,0,27.3392,-6077.64,1,-129.148,-133,0.436224
55715, 343.826, 17, -1,-1,-1,52.0923,14.0787,0.025119,8.68e+08,10,125000,1,0,15.2953,12187.4,1,-131.773,-133,0.436224
55733, 344.37, 13, -1,-1,-1,40.3136,-10.5179,0.015849,8.68e+08,10,125000,1,0,42.5269,5364.26,1,-128.732,-133,0.436224
55740, 344.47, 18, -1,-1,-1,49.4957,9.3861,0.025119,8.68e+08,10,125000,1,0,23.6345,11826.8,0,-129.885,-133,0.436224
55742, 344.546, 55, -1,-1,-1,31.8166,28.0824,0.019953,8.68e+08,10,125000,1,0,3.22982,-7184.53,0,-135.983,-133,0.436224
55750, 344.923, 57, -1,-1,-1,42.497,19.1227,0.015849,8.68e+08,12,125000,1,0,16.569,1298.42,1,-133.467,-137,1.58106
55758, 345.405, 24, -1,-1,-1,46.1123,9.21262,0.019953,8.68e+08,11,125000,1,0,30.3097,8196.42,1,-129.6,-135,0.790528
55780, 346.029, 47, -1,-1,-1,39.1478,29.5182,0.015849,8.68e+08,12,125000,1,0,4.67158,-1488.22,0,-136.582,-137,1.58106
55787, 346.58, 40, -1,-1,-1,50.2872,33.8784,0.019953,8.68e+08,12,125000,1,0,1.34286,7074.22,0,-136.519,-137,1.58106
55790, 346.643, 51, -1,-1,-1,31.3978,-16.8263,0.019953,8.68e+08,11,125000,1,0,18.1813,-4862.91,1,-132.084,-135,0.790528
55793, 346.736, 4, -1,-1,-1,52.5246,-6.48755,0.025119,8.68e+08,10,125000,1,0,21.9789,17800,1,-130.234,-133,0.436224
55805, 347.083, 12, -1,-1,-1,43.0813,-7.60286,0.019953,8.68e+08,12,125000,1,0,48.9816,9926.48,0,-126.968,-137,1.58106
55807, 347.121, 49, -1,-1,-1,60.9723,-8.53133,0.015849,8.68e+08,12,125000,1,0,7.37434,18989.1,0,-135.831,-137,1.58106
55809, 347.307, 27, -1,-1,-1,60.3201,4.95292,0.025119,8.68e+08,12,125000,1,0,8.3165,17561.2,0,-133.575,-137,1.58106
55817, 347.749, 22, -1,-1,-1,45.7768,6.11857,0.015849,8.68e+08,11,125000,1,0,37.2424,8945.78,1,-129.468,-135,0.790528
55820, 347.802, 14, -1,-1,-1,38.2352,-6.87066,0.025119,8.68e+08,10,125000,1,0,56.229,-1049.78,1,-125.271,-133,0.436224
55832, 348.392, 11, -1,-1,-1,40.729,-0.942347,0.015849,8.68e+08,12,125000,1,0,81.2735,2293.79,0,-125.977,-137,1.58106
55840, 348.756, 3, -1,-1,-1,55.0197,-4.92577,0.025119,8.68e+08,10,125000,1,0,17.4973,18176,1,-131.243,-133,0.436224
55843, 349.489, 9, -1,-1,-1,43.9298,8.62537,0.015849,8.68e+08,11,125000,1,0,35.7187,4748.09,1,-129.701,-135,0.790528
55845, 349.494, 2, -1,-1,-1,52.8574,-1.0846,0.019953,8.68e+08,12,125000,1,0,22.4636,17136.2,0,-131.13,-137,1.58106
55877, 350.514, 44, -1,-1,-1,38.1663,21.4091,0.019953,8.68e+08,11,125000,1,0,12.842,-3836.53,0,-133.389,-135,0.790528
55879, 350.734, 31, -1,-1,-1,50.6555,15.3159,0.015849,8.68e+08,10,125000,1,0,16.3281,10296.3,0,-133.524,-133,0.436224
55886, 350.935, 35, -1,-1,-1,41.9454,28.3607,0.019953,8.68e+08,11,125000,1,0,6.19654,413.321,0,-135.16,-135,0.790528
56008, 351.036, 59, -1,-1,-1,43.0069,22.2244,0.015849,8.68e+08,11,125000,1,0,12.6212,1254.46,0,-134.446,-135,0.790528
56011, 351.213, 5, -1,-1,-1,45.2911,-1.97699,0.025119,8.68e+08,11,125000,1,0,51.1125,11787.5,1,-125.746,-135,0.790528
56013, 351.271, 36, -1,-1,-1,56.739,26.2706,0.019953,8.68e+08,11,125000,1,0,3.76749,11883.1,0,-135.834,-135,0.790528
56030, 352.395, 32, -1,-1,-1,51.1766,18.2126,0.019953,8.68e+08,12,125000,1,0,13.1831,9879,0,-133.301,-137,1.58106
56032, 352.714, 28, -1,-1,-1,55.2498,14.353,0.015849,8.68e+08,10,125000,1,0,11.9384,13611.3,0,-134.619,-133,0.436224
56055, 352.951, 7, -1,-1,-1,46.3931,-2.63001,0.025119,8.68e+08,12,125000,1,0,45.3652,13306.2,1,-126.378,-137,1.58106
56058, 352.952, 58, -1,-1,-1,41.7923,21.1679,0.025119,8.68e+08,11,125000,1,0,13.9061,-191.268,1,-132.121,-135,0.790528
56070, 353.222, 33, -1,-1,-1,46.0271,20.9413,0.019953,8.68e+08,10,125000,1,0,13.5916,4334.99,0,-133.2,-133,0.436224
56077, 353.558, 34, -1,-1,-1,48.1582,23.6943,0.015849,8.68e+08,10,125000,1,0,10.0155,6009.37,0,-135.125,-133,0.436224
56084, 353.978, 20, -1,-1,-1,50.995,4.58524,0.015849,8.68e+08,11,125000,1,0,25.8524,14344.9,0,-131.436,-135,0.790528
56096, 354.313, 46, -1,-1,-1,35.6726,30.6782,0.025119,8.68e+08,12,125000,1,0,2.53021,-4361.87,0,-135.182,-137,1.58106
56103, 354.461, 16, -1,-1,-1,53.2773,8.72452,0.025119,8.68e+08,12,125000,1,0,18.2956,14220.7,0,-131.058,-137,1.58106
56105, 354.504, 54, -1,-1,-1,35.1679,33.0607,0.019953,8.68e+08,12,125000,1,0,0.430398,-4230.14,0,-136.775,-137,1.58106
56108, 354.52, 10, -1,-1,-1,37.7624,-7.50647,0.025119,8.68e+08,11,125000,1,0,51.8983,-2688.26,1,-125.669,-135,0.790528
56115, 354.834, 39, -1,-1,-1,45.3641,29.0318,0.019953,8.68e+08,11,125000,1,0,5.73971,3116.48,0,-135.286,-135,0.790528
56117, 354.93, 15, -1,-1,-1,52.7206,6.93841,0.019953,8.68e+08,11,125000,1,0,20.5946,14460.1,0,-131.537,-135,0.790528
56120, 354.961, 17, -1,-1,-1,52.0923,14.0787,0.025119,8.68e+08,10,125000,1,0,16.0759,11580.8,1,-131.585,-133,0.436224
56122, 354.968, 57, -1,-1,-1,42.497,19.1227,0.015849,8.68e+08,12,125000,1,0,16.6273,500.027,0,-133.454,-137,1.58106
56140, 356.027, 19, -1,-1,-1,52.5578,8.66449,0.025119,8.68e+08,12,125000,1,0,19.7405,13743.2,1,-130.728,-137,1.58106
56142, 356.029, 56, -1,-1,-1,61.255,29.3742,0.015849,8.68e+08,11,125000,1,0,-0.035667,13419,0,-137.908,-135,0.790528
56150, 356.419, 1, -1,-1,-1,53.3356,-4.09606,0.025119,8.68e+08,10,125000,1,0,22.2091,17503.3,1,-130.185,-133,0.436224
56162, 356.976, 23, -1,-1,-1,46.4547,14.2858,0.015849,8.68e+08,12,125000,1,0,22.159,5892.19,0,-132.198,-137,1.58106
56164, 357.322, 55, -1,-1,-1,31.8166,28.0824,0.019953,8.68e+08,10,125000,1,0,2.90286,-7779.2,0,-136.075,-133,0.436224
56167, 357.348, 21, -1,-1,-1,51.8796,3.16644,0.015849,8.68e+08,10,125000,1,0,25.019,15179.4,1,-131.602,-133,0.436224
56174, 357.766, 53, -1,-1,-1,37.2666,13.7158,0.019953,8.68e+08,12,125000,1,0,23.9341,-6913.27,0,-130.825,-137,1.58106
56187, 359.239, 8, -1,-1,-1,49.2811,9.74921,0.025119,8.68e+08,12,125000,1,0,24.9371,10506.9,1,-129.62,-137,1.58106
56194, 359.553, 48, -1,-1,-1,66.9931,-20.4397,0.025119,8.68e+08,11,125000,1,0,-0.260827,19046.3,0,-135.971,-135,0.790528
56207, 359.662, 14, -1,-1,-1,38.2352,-6.87066,0.025119,8.68e+08,10,125000,1,0,55.4522,-2951.83,1,-125.34,-133,0.436224
56229, 360.071, 26, -1,-1,-1,37.2033,12.4105,0.025119,8.68e+08,10,125000,1,0,26.2289,-7628.25,0,-129.364,-133,0.436224
56241, 360.529, 22, -1,-1,-1,45.7768,6.11857,0.015849,8.68e+08,11,125000,1,0,38.964,7548.42,0,-129.218,-135,0.790528
56243, 360.583, 52, -1,-1,-1,27.6763,-17.5141,0.019953,8.68e+08,10,125000,1,0,12.2921,-8220.66,0,-133.524,-133,0.436224
56245, 360.588, 42, -1,-1,-1,44.1598,19.4781,0.019953,8.68e+08,10,125000,1,0,16.012,2162.99,0,-132.603,-133,0.436224
56247, 360.696, 9, -1,-1,-1,43.9298,8.62537,0.015849,8.68e+08,11,125000,1,0,36.4148,3413.91,0,-129.595,-135,0.790528
56254, 361.104, 49, -1,-1,-1,60.9723,-8.53133,0.015849,8.68e+08,12,125000,1,0,8.4827,18778.1,0,-135.532,-137,1.58106
56256, 361.175, 41, -1,-1,-1,44.2427,17.3363,0.025119,8.68e+08,12,125000,1,0,18.9694,2208.58,0,-130.906,-137,1.58106
56268, 361.531, 25, -1,-1,-1,42.9973,10.3296,0.015849,8.68e+08,12,125000,1,0,32.9435,1367.5,0,-130.149,-137,1.58106
56271, 361.62, 6, -1,-1,-1,43.3892,-0.476294,0.025119,8.68e+08,12,125000,1,0,66.0247,6783.56,1,-124.573,-137,1.58106
56278, 361.725, 29, -1,-1,-1,57.2186,11.901,0.019953,8.68e+08,10,125000,1,0,11.4635,15077.2,0,-133.743,-133,0.436224
56285, 362.531, 27, -1,-1,-1,60.3201,4.95292,0.025119,8.68e+08,12,125000,1,0,9.47506,17451.4,0,-133.266,-137,1.58106
56292, 362.905, 12, -1,-1,-1,43.0813,-7.60286,0.019953,8.68e+08,12,125000,1,0,52.9667,8280.46,0,-126.567,-137,1.58106
56309, 363.259, 47, -1,-1,-1,39.1478,29.5182,0.015849,8.68e+08,12,125000,1,0,4.55509,-2184.95,0,-136.616,-137,1.58106
56311, 363.351, 30, -1,-1,-1,60.3678,25.9205,0.025119,8.68e+08,10,125000,1,0,2.25875,13540,0,-135.259,-133,0.436224
56318, 363.5, 45, -1,-1,-1,37.4342,26.8198,0.015849,8.68e+08,12,125000,1,0,6.48043,-4030.57,0,-136.081,-137,1.58106
56331, 363.665, 0, -1,-1,-1,51.1806,-1.29064,0.025119,8.68e+08,10,125000,1,0,29.4033,16169.4,1,-128.764,-133,0.436224
56338, 364.036, 43, -1,-1,-1,39.7502,22.7721,0.025119,8.68e+08,10,125000,1,0,11.4978,-2731.13,0,-132.737,-133,0.436224
56340, 364.175, 50, -1,-1,-1,70.7907,22.181,0.015849,8.68e+08,11,125000,1,0,-3.97365,16930.8,0,-139.019,-135,0.790528
56347, 364.379, 37, -1,-1,-1,55.1185,20.5864,0.015849,8.68e+08,12,125000,1,0,8.7754,11770.9,0,-135.456,-137,1.58106
56374, 364.592, 40, -1,-1,-1,50.2872,33.8784,0.019953,8.68e+08,12,125000,1,0,1.74342,6503.35,0,-136.407,-137,1.58106
56382, 364.867, 13, -1,-1,-1,40.3136,-10.5179,0.015849,8.68e+08,10,125000,1,0,44.2301,2940.06,1,-128.519,-133,0.436224
56384, 364.873, 3, -1,-1,-1,55.0197,-4.92577,0.025119,8.68e+08,10,125000,1,0,19.4427,18008.3,0,-130.796,-133,0.436224
56387, 365.082, 11, -1,-1,-1,40.729,-0.942347,0.015849,8.68e+08,12,125000,1,0,84.2761,-402.648,1,-125.928,-137,1.58106
56389, 365.131, 51, -1,-1,-1,31.3978,-16.8263,0.019953,8.68e+08,11,125000,1,0,17.5252,-6075.41,0,-132.238,-135,0.790528
56392, 365.222, 5, -1,-1,-1,45.2911,-1.97699,0.025119,8.68e+08,11,125000,1,0,55.9792,10547,1,-125.294,-135,0.790528
56394, 365.258, 32, -1,-1,-1,51.1766,18.2126,0.019953,8.68e+08,12,125000,1,0,13.845,9386.25,0,-133.136,-137,1.58106
56401, 365.341, 35, -1,-1,-1,41.9454,28.3607,0.019953,8.68e+08,11,125000,1,0,6.2058,-173.71,0,-135.158,-135,0.790528
56423, 366.063, 46, -1,-1,-1,35.6726,30.6782,0.025119,8.68e+08,12,125000,1,0,2.35276,-4693.76,0,-135.233,-137,1.58106
56430, 366.124, 56, -1,-1,-1,61.255,29.3742,0.015849,8.68e+08,11,125000,1,0,0.388981,13357,0,-137.789,-135,0.790528
56437, 366.263, 33, -1,-1,-1,46.0271,20.9413,0.019953,8.68e+08,10,125000,1,0,13.877,3677.58,0,-133.129,-133,0.436224
56439, 366.424, 38, -1,-1,-1,55.4525,23.897,0.025119,8.68e+08,11,125000,1,0,6.57335,11180.6,0,-134.056,-135,0.790528
56441, 366.429, 16, -1,-1,-1,53.2773,8.72452,0.025119,8.68e+08,12,125000,1,0,19.4424,13901.2,0,-130.797,-137,1.58106
56443, 366.47, 28, -1,-1,-1,55.2498,14.353,0.015849,8.68e+08,10,125000,1,0,12.879,13264.5,0,-134.379,-133,0.436224
56445, 366.515, 36, -1,-1,-1,56.739,26.2706,0.019953,8.68e+08,11,125000,1,0,4.41079,11535.5,0,-135.656,-135,0.790528
56458, 367.015, 24, -1,-1,-1,46.1123,9.21262,0.019953,8.68e+08,11,125000,1,0,32.1843,6354.76,1,-129.277,-135,0.790528
56470, 367.375, 18, -1,-1,-1,49.4957,9.3861,0.025119,8.68e+08,10,125000,1,0,25.9093,10464.6,0,-129.427,-133,0.436224
56472, 367.55, 1, -1,-1,-1,53.3356,-4.09606,0.025119,8.68e+08,10,125000,1,0,23.812,17400.5,0,-129.849,-133,0.436224
56479, 367.701, 57, -1,-1,-1,42.497,19.1227,0.015849,8.68e+08,12,125000,1,0,16.6429,-237.992,0,-133.452,-137,1.58106
56482, 367.97, 44, -1,-1,-1,38.1663,21.4091,0.019953,8.68e+08,11,125000,1,0,12.4621,-4764.42,1,-133.488,-135,0.790528
56495, 368.097, 2, -1,-1,-1,52.8574,-1.0846,0.019953,8.68e+08,12,125000,1,0,25.1481,16706.1,1,-130.577,-137,1.58106
56503, 368.47, 4, -1,-1,-1,52.5246,-6.48755,0.025119,8.68e+08,10,125000,1,0,25.203,17344.6,1,-129.566,-133,0.436224
56505, 368.488, 39, -1,-1,-1,45.3641,29.0318,0.019953,8.68e+08,11,125000,1,0,5.89406,2595.75,0,-135.245,-135,0.790528
56507, 368.858, 15, -1,-1,-1,52.7206,6.93841,0.019953,8.68e+08,11,125000,1,0,22.113,14021.4,0,-131.208,-135,0.790528
56509, 368.924, 20, -1,-1,-1,50.995,4.58524,0.015849,8.68e+08,11,125000,1,0,27.921,13747.6,0,-131.039,-135,0.790528
56521, 370.47, 48, -1,-1,-1,66.9931,-20.4397,0.025119,8.68e+08,11,125000,1,0,0.391414,19141.3,0,-135.787,-135,0.790528
56528, 370.994, 31, -1,-1,-1,50.6555,15.3159,0.015849,8.68e+08,10,125000,1,0,17.5709,9270.15,0,-133.231,-133,0.436224
56541, 371.34, 54, -1,-1,-1,35.1679,33.0607,0.019953,8.68e+08,12,125000,1,0,0.197515,-4759.55,1,-136.842,-137,1.58106
56553, 371.801, 9, -1,-1,-1,43.9298,8.62537,0.015849,8.68e+08,11,125000,1,0,36.9289,2401.96,0,-129.518,-135,0.790528
56556, 372.009, 26, -1,-1,-1,37.2033,12.4105,0.025119,8.68e+08,10,125000,1,0,25.3546,-8362.66,1,-129.538,-133,0.436224
56564, 372.065, 10, -1,-1,-1,37.7624,-7.50647,0.025119,8.68e+08,11,125000,1,0,50.0679,-4943.69,1,-125.856,-135,0.790528
56582, 373.124, 7, -1,-1,-1,46.3931,-2.63001,0.025119,8.68e+08,12,125000,1,0,51.732,11671.5,1,-125.687,-137,1.58106
56590, 373.537, 21, -1,-1,-1,51.8796,3.16644,0.015849,8.68e+08,10,125000,1,0,27.3278,14607.7,1,-131.152,-133,0.436224
56592, 373.591, 45, -1,-1,-1,37.4342,26.8198,0.015849,8.68e+08,12,125000,1,0,6.31101,-4599.5,0,-136.129,-137,1.58106
56594, 373.81, 49, -1,-1,-1,60.9723,-8.53133,0.015849,8.68e+08,12,125000,1,0,9.5332,18802.3,0,-135.252,-137,1.58106
56596, 373.89, 59, -1,-1,-1,43.0069,22.2244,0.015849,8.68e+08,11,125000,1,0,12.7001,-104.628,0,-134.428,-135,0.790528
56599, 373.978, 58, -1,-1,-1,41.7923,21.1679,0.025119,8.68e+08,11,125000,1,0,13.8242,-1469.77,1,-132.144,-135,0.790528
56616, 375.071, 34, -1,-1,-1,48.1582,23.6943,0.015849,8.68e+08,10,125000,1,0,10.5721,4934.03,0,-134.98,-133,0.436224
56619, 375.231, 17, -1,-1,-1,52.0923,14.0787,0.025119,8.68e+08,10,125000,1,0,17.4838,10656.8,1,-131.251,-133,0.436224
56641, 375.994, 32, -1,-1,-1,51.1766,18.2126,0.019953,8.68e+08,12,125000,1,0,14.3801,8727.55,0,-133.004,-137,1.58106
56653, 376.873, 40, -1,-1,-1,50.2872,33.8784,0.019953,8.68e+08,12,125000,1,0,1.99898,5931,0,-136.336,-137,1.58106
56656, 376.874, 0, -1,-1,-1,51.1806,-1.29064,0.025119,8.68e+08,10,125000,1,0,31.8349,15478.2,1,-128.336,-133,0.436224
56663, 377.154, 30, -1,-1,-1,60.3678,25.9205,0.025119,8.68e+08,10,125000,1,0,2.88567,13092.1,0,-135.084,-133,0.436224
56675, 377.318, 37, -1,-1,-1,55.1185,20.5864,0.015849,8.68e+08,12,125000,1,0,9.43059,11174.1,0,-135.282,-137,1.58106
56677, 377.396, 46, -1,-1,-1,35.6726,30.6782,0.025119,8.68e+08,12,125000,1,0,2.16663,-5245.91,0,-135.286,-137,1.58106
56679, 377.443, 23, -1,-1,-1,46.4547,14.2858,0.015849,8.68e+08,12,125000,1,0,23.0329,4391.39,0,-132.015,-137,1.58106
56686, 377.736, 56, -1,-1,-1,61.255,29.3742,0.015849,8.68e+08,11,125000,1,0,0.877556,12999.1,0,-137.651,-135,0.790528
56694, 377.961, 38, -1,-1,-1,55.4525,23.897,0.025119,8.68e+08,11,125000,1,0,7.08094,10667.5,1,-133.918,-135,0.790528
56697, 378.285, 14, -1,-1,-1,38.2352,-6.87066,0.025119,8.68e+08,10,125000,1,0,53.0536,-5439.92,1,-125.56,-133,0.436224
56704, 378.411, 36, -1,-1,-1,56.739,26.2706,0.019953,8.68e+08,11,125000,1,0,4.90758,11053.3,0,-135.518,-135,0.790528
56711, 378.763, 57, -1,-1,-1,42.497,19.1227,0.015849,8.68e+08,12,125000,1,0,16.6034,-1118.13,0,-133.462,-137,1.58106
56733, 379.489, 35, -1,-1,-1,41.9454,28.3607,0.019953,8.68e+08,11,125000,1,0,6.17901,-998.296,0,-135.167,-135,0.790528
56741, 379.839, 13, -1,-1,-1,40.3136,-10.5179,0.015849,8.68e+08,10,125000,1,0,44.8557,842.143,1,-128.444,-133,0.436224
56748, 379.987, 19, -1,-1,-1,52.5578,8.66449,0.025119,8.68e+08,12,125000,1,0,22.1337,12681.5,0,-130.205,-137,1.58106
56760, 380.425, 2, -1,-1,-1,52.8574,-1.0846,0.019953,8.68e+08,12,125000,1,0,27.0775,16174.4,0,-130.2,-137,1.58106
56767, 380.533, 41, -1,-1,-1,44.2427,17.3363,0.025119,8.68e+08,12,125000,1,0,19.1997,854.413,0,-130.856,-137,1.58106
56769, 380.568, 48, -1,-1,-1,66.9931,-20.4397,0.025119,8.68e+08,11,125000,1,0,1.0074,19029,0,-135.614,-135,0.790528
56771, 380.643, 52, -1,-1,-1,27.6763,-17.5141,0.019953,8.68e+08,10,125000,1,0,11.4234,-9190.33,0,-133.75,-133,0.436224
56774, 380.745, 15, -1,-1,-1,52.7206,6.93841,0.019953,8.68e+08,11,125000,1,0,23.4471,13352.7,1,-130.927,-135,0.790528
56781, 380.826, 33, -1,-1,-1,46.0271,20.9413,0.019953,8.68e+08,10,125000,1,0,14.136,2893.12,0,-133.066,-133,0.436224
56783, 380.927, 53, -1,-1,-1,37.2666,13.7158,0.019953,8.68e+08,12,125000,1,0,22.4831,-8533.99,0,-131.132,-137,1.58106
56805, 381.593, 39, -1,-1,-1,45.3641,29.0318,0.019953,8.68e+08,11,125000,1,0,6.01306,2099.31,0,-135.213,-135,0.790528
56808, 381.662, 42, -1,-1,-1,44.1598,19.4781,0.019953,8.68e+08,10,125000,1,0,16.1914,791.105,1,-132.562,-133,0.436224
56810, 381.773, 55, -1,-1,-1,31.8166,28.0824,0.019953,8.68e+08,10,125000,1,0,2.23705,-8378.44,0,-136.264,-133,0.436224
56823, 382.069, 6, -1,-1,-1,43.3892,-0.476294,0.025119,8.68e+08,12,125000,1,0,73.0602,3759.18,1,-124.23,-137,1.58106
56826, 382.2, 22, -1,-1,-1,45.7768,6.11857,0.015849,8.68e+08,11,125000,1,0,41.5209,5663.86,1,-128.868,-135,0.790528
56833, 382.675, 8, -1,-1,-1,49.2811,9.74921,0.025119,8.68e+08,12,125000,1,0,27.1332,9235.82,0,-129.191,-137,1.58106
56845, 382.773, 20, -1,-1,-1,50.995,4.58524,0.015849,8.68e+08,11,125000,1,0,29.9185,13130.5,0,-130.673,-135,0.790528
56847, 383.454, 7, -1,-1,-1,46.3931,-2.63001,0.025119,8.68e+08,12,125000,1,0,55.3467,10864.6,0,-125.351,-137,1.58106
56850, 383.467, 24, -1,-1,-1,46.1123,9.21262,0.019953,8.68e+08,11,125000,1,0,33.3597,4901.88,1,-129.082,-135,0.790528
56872, 384.191, 27, -1,-1,-1,60.3201,4.95292,0.025119,8.68e+08,12,125000,1,0,11.206,17155.8,0,-132.811,-137,1.58106
56874, 384.346, 47, -1,-1,-1,39.1478,29.5182,0.015849,8.68e+08,12,125000,1,0,4.35155,-3078.17,0,-136.674,-137,1.58106
56882, 384.687, 44, -1,-1,-1,38.1663,21.4091,0.019953,8.68e+08,11,125000,1,0,12.0273,-5606.7,1,-133.601,-135,0.790528
56885, 384.931, 3, -1,-1,-1,55.0197,-4.92577,0.025119,8.68e+08,10,125000,1,0,22.0919,17679.3,1,-130.214,-133,0.436224
56887, 385.118, 25, -1,-1,-1,42.9973,10.3296,0.015849,8.68e+08,12,125000,1,0,33.0693,-714.23,0,-130.131,-137,1.58106
56890, 385.163, 12, -1,-1,-1,43.0813,-7.60286,0.019953,8.68e+08,12,125000,1,0,58.0842,5422.42,1,-126.123,-137,1.58106
56892, 385.659, 49, -1,-1,-1,60.9723,-8.53133,0.015849,8.68e+08,12,125000,1,0,10.5537,18832.1,0,-134.982,-137,1.58106
56914, 386.45, 34, -1,-1,-1,48.1582,23.6943,0.015849,8.68e+08,10,125000,1,0,10.8279,4467.34,0,-134.914,-133,0.436224
56916, 386.513, 29, -1,-1,-1,57.2186,11.901,0.019953,8.68e+08,10,125000,1,0,13.3102,14376.9,0,-133.272,-133,0.436224
56918, 386.676, 50, -1,-1,-1,70.7907,22.181,0.015849,8.68e+08,11,125000,1,0,-2.91183,16775.3,0,-138.723,-135,0.790528
56931, 387.309, 43, -1,-1,-1,39.7502,22.7721,0.025119,8.68e+08,10,125000,1,0,11.1198,-4019.1,1,-132.837,-133,0.436224
56938, 387.574, 45, -1,-1,-1,37.4342,26.8198,0.015849,8.68e+08,12,125000,1,0,6.04998,-5120.6,0,-136.202,-137,1.58106
56940, 388.001, 28, -1,-1,-1,55.2498,14.353,0.015849,8.68e+08,10,125000,1,0,14.3659,12498.8,0,-134.007,-133,0.436224
56943, 388.3, 11, -1,-1,-1,40.729,-0.942347,0.015849,8.68e+08,12,125000,1,0,75.9503,-4250.4,1,-126.124,-137,1.58106
56966, 389, 21, -1,-1,-1,51.8796,3.16644,0.015849,8.68e+08,10,125000,1,0,29.6693,13976.7,1,-130.719,-133,0.436224
56983, 389.29, 10, -1,-1,-1,37.7624,-7.50647,0.025119,8.68e+08,11,125000,1,0,47.4754,-6975.41,0,-126.138,-135,0.790528
56986, 389.481, 26, -1,-1,-1,37.2033,12.4105,0.025119,8.68e+08,10,125000,1,0,23.9825,-9483.07,1,-129.818,-133,0.436224
56994, 389.695, 5, -1,-1,-1,45.2911,-1.97699,0.025119,8.68e+08,11,125000,1,0,65.455,7550.93,1,-124.61,-135,0.790528
57011, 389.922, 51, -1,-1,-1,31.3978,-16.8263,0.019953,8.68e+08,11,125000,1,0,16.4656,-7659.37,0,-132.492,-135,0.790528
57013, 390.045, 13, -1,-1,-1,40.3136,-10.5179,0.015849,8.68e+08,10,125000,1,0,44.9436,-279.18,0,-128.435,-133,0.436224
57030, 390.191, 30, -1,-1,-1,60.3678,25.9205,0.025119,8.68e+08,10,125000,1,0,3.47821,12891.2,0,-134.919,-133,0.436224
57037, 390.318, 18, -1,-1,-1,49.4957,9.3861,0.025119,8.68e+08,10,125000,1,0,28.1075,8874.02,0,-129.007,-133,0.436224
57039, 390.508, 4, -1,-1,-1,52.5246,-6.48755,0.025119,8.68e+08,10,125000,1,0,28.9222,16748,0,-128.855,-133,0.436224
57041, 390.535, 32, -1,-1,-1,51.1766,18.2126,0.019953,8.68e+08,12,125000,1,0,15.074,8061.85,0,-132.834,-137,1.58106
57043, 390.566, 1, -1,-1,-1,53.3356,-4.09606,0.025119,8.68e+08,10,125000,1,0,27.4635,16801.3,0,-129.128,-133,0.436224
57045, 390.627, 58, -1,-1,-1,41.7923,21.1679,0.025119,8.68e+08,11,125000,1,0,13.6589,-2413.15,0,-132.187,-135,0.790528
57048, 390.661, 16, -1,-1,-1,53.2773,8.72452,0.025119,8.68e+08,12,125000,1,0,21.8344,12842.8,1,-130.271,-137,1.58106
57051, 390.943, 15, -1,-1,-1,52.7206,6.93841,0.019953,8.68e+08,11,125000,1,0,24.6166,13025.4,1,-130.688,-135,0.790528
57059, 391.627, 14, -1,-1,-1,38.2352,-6.87066,0.025119,8.68e+08,10,125000,1,0,50.6983,-6981.15,1,-125.793,-133,0.436224
57061, 391.881, 53, -1,-1,-1,37.2666,13.7158,0.019953,8.68e+08,12,125000,1,0,21.7341,-9086.9,0,-131.293,-137,1.58106
57083, 392.891, 31, -1,-1,-1,50.6555,15.3159,0.015849,8.68e+08,10,125000,1,0,18.8313,8016.93,0,-132.941,-133,0.436224
57090, 393.003, 36, -1,-1,-1,56.739,26.2706,0.019953,8.68e+08,11,125000,1,0,5.50892,10683.5,0,-135.353,-135,0.790528
57092, 393.236, 33, -1,-1,-1,46.0271,20.9413,0.019953,8.68e+08,10,125000,1,0,14.3041,1981.07,0,-133.026,-133,0.436224
57125, 394.268, 6, -1,-1,-1,43.3892,-0.476294,0.025119,8.68e+08,12,125000,1,0,76.0115,1545.6,1,-124.123,-137,1.58106
57133, 394.465, 42, -1,-1,-1,44.1598,19.4781,0.019953,8.68e+08,10,125000,1,0,16.2166,-216.304,1,-132.557,-133,0.436224
57140, 394.551, 40, -1,-1,-1,50.2872,33.8784,0.019953,8.68e+08,12,125000,1,0,2.33991,5336.33,0,-136.241,-137,1.58106
57142, 394.867, 35, -1,-1,-1,41.9454,28.3607,0.019953,8.68e+08,11,125000,1,0,6.10987,-1636.5,0,-135.187,-135,0.790528
57144, 394.917, 46, -1,-1,-1,35.6726,30.6782,0.025119,8.68e+08,12,125000,1,0,1.8514,-5832.97,0,-135.376,-137,1.58106
57146, 394.981, 54, -1,-1,-1,35.1679,33.0607,0.019953,8.68e+08,12,125000,1,0,-0.175625,-5576.5,0,-136.949,-137,1.58106
57148, 395.071, 37, -1,-1,-1,55.1185,20.5864,0.015849,8.68e+08,12,125000,1,0,10.3162,10559.2,0,-135.048,-137,1.58106
57160, 395.235, 39, -1,-1,-1,45.3641,29.0318,0.019953,8.68e+08,11,125000,1,0,6.10582,1312.07,0,-135.189,-135,0.790528
57163, 395.317, 9, -1,-1,-1,43.9298,8.62537,0.015849,8.68e+08,11,125000,1,0,37.3684,-197.132,1,-129.456,-135,0.790528
57165, 395.439, 25, -1,-1,-1,42.9973,10.3296,0.015849,8.68e+08,12,125000,1,0,32.8994,-1913.14,0,-130.16,-137,1.58106
57168, 395.56, 17, -1,-1,-1,52.0923,14.0787,0.025119,8.68e+08,10,125000,1,0,18.8579,9615.34,1,-130.935,-133,0.436224
57170, 395.597, 52, -1,-1,-1,27.6763,-17.5141,0.019953,8.68e+08,10,125000,1,0,10.7392,-10007.4,0,-133.93,-133,0.436224
57182, 397.452, 56, -1,-1,-1,61.255,29.3742,0.015849,8.68e+08,11,125000,1,0,1.70616,12602.5,0,-137.419,-135,0.790528
57210, 398.624, 11, -1,-1,-1,40.729,-0.942347,0.015849,8.68e+08,12,125000,1,0,71.4004,-6037.81,1,-126.302,-137,1.58106
57213, 398.654, 59, -1,-1,-1,43.0069,22.2244,0.015849,8.68e+08,11,125000,1,0,12.611,-1596.63,1,-134.453,-135,0.790528
57220, 398.821, 50, -1,-1,-1,70.7907,22.181,0.015849,8.68e+08,11,125000,1,0,-2.32893,16556.1,0,-138.56,-135,0.790528
57227, 399.085, 2, -1,-1,-1,52.8574,-1.0846,0.019953,8.68e+08,12,125000,1,0,30.2561,15550,0,-129.614,-137,1.58106
57229, 399.124, 57, -1,-1,-1,42.497,19.1227,0.015849,8.68e+08,12,125000,1,0,16.4037,-2447.14,0,-133.512,-137,1.58106
57232, 399.299, 21, -1,-1,-1,51.8796,3.16644,0.015849,8.68e+08,10,125000,1,0,31.3009,13285.2,1,-130.431,-133,0.436224
57239, 399.505, 23, -1,-1,-1,46.4547,14.2858,0.015849,8.68e+08,12,125000,1,0,23.7144,2656.39,0,-131.876,-137,1.58106
57251, 400.207, 38, -1,-1,-1,55.4525,23.897,0.025119,8.68e+08,11,125000,1,0,8.03762,9870.62,0,-133.659,-135,0.790528
57253, 400.364, 41, -1,-1,-1,44.2427,17.3363,0.025119,8.68e+08,12,125000,1,0,19.2473,-553.26,0,-130.847,-137,1.58106
57265, 400.594, 44, -1,-1,-1,38.1663,21.4091,0.019953,8.68e+08,11,125000,1,0,11.5555,-6622.26,0,-133.724,-135,0.790528
57287, 400.85, 48, -1,-1,-1,66.9931,-20.4397,0.025119,8.68e+08,11,125000,1,0,2.2846,19221.9,0,-135.255,-135,0.790528
57419, 401.137, 4, -1,-1,-1,52.5246,-6.48755,0.025119,8.68e+08,10,125000,1,0,30.9082,16552.7,0,-128.5,-133,0.436224
57421, 401.268, 0, -1,-1,-1,51.1806,-1.29064,0.025119,8.68e+08,10,125000,1,0,36.8564,14595.5,0,-127.531,-133,0.436224
57423, 401.348, 29, -1,-1,-1,57.2186,11.901,0.019953,8.68e+08,10,125000,1,0,14.4475,14002.1,0,-132.988,-133,0.436224
57425, 401.376, 51, -1,-1,-1,31.3978,-16.8263,0.019953,8.68e+08,11,125000,1,0,15.919,-8230.83,0,-132.624,-135,0.790528
57433, 401.841, 5, -1,-1,-1,45.2911,-1.97699,0.025119,8.68e+08,11,125000,1,0,70.4855,6028.66,1,-124.344,-135,0.790528
57445, 402.085, 12, -1,-1,-1,43.0813,-7.60286,0.019953,8.68e+08,12,125000,1,0,60.9327,3084.42,0,-125.909,-137,1.58106
57447, 402.207, 47, -1,-1,-1,39.1478,29.5182,0.015849,8.68e+08,12,125000,1,0,4.12881,-3778.39,0,-136.738,-137,1.58106
57450, 402.277, 7, -1,-1,-1,46.3931,-2.63001,0.025119,8.68e+08,12,125000,1,0,62.5512,8771.53,1,-124.796,-137,1.58106
57462, 402.927, 28, -1,-1,-1,55.2498,14.353,0.015849,8.68e+08,10,125000,1,0,15.4004,11986.6,0,-133.754,-133,0.436224
57465, 402.991, 26, -1,-1,-1,37.2033,12.4105,0.025119,8.68e+08,10,125000,1,0,22.8692,-10204.9,1,-130.052,-133,0.436224
57467, 402.999, 8, -1,-1,-1,49.2811,9.74921,0.025119,8.68e+08,12,125000,1,0,28.8978,7727.15,0,-128.862,-137,1.58106
57479, 403.537, 45, -1,-1,-1,37.4342,26.8198,0.015849,8.68e+08,12,125000,1,0,5.7169,-5730.07,0,-136.295,-137,1.58106
57481, 403.658, 19, -1,-1,-1,52.5578,8.66449,0.025119,8.68e+08,12,125000,1,0,24.5578,11727.7,0,-129.702,-137,1.58106
57498, 403.821, 34, -1,-1,-1,48.1582,23.6943,0.015849,8.68e+08,10,125000,1,0,11.1619,3593.91,0,-134.829,-133,0.436224
57506, 404.126, 3, -1,-1,-1,55.0197,-4.92577,0.025119,8.68e+08,10,125000,1,0,24.9067,17298.4,1,-129.63,-133,0.436224
57508, 404.132, 55, -1,-1,-1,31.8166,28.0824,0.019953,8.68e+08,10,125000,1,0,1.58806,-9080.74,0,-136.449,-133,0.436224
57515, 404.649, 27, -1,-1,-1,60.3201,4.95292,0.025119,8.68e+08,12,125000,1,0,12.9388,16837.5,0,-132.367,-137,1.58106
57518, 404.689, 22, -1,-1,-1,45.7768,6.11857,0.015849,8.68e+08,11,125000,1,0,43.3973,3074.33,1,-128.628,-135,0.790528
57540, 405.15, 43, -1,-1,-1,39.7502,22.7721,0.025119,8.68e+08,10,125000,1,0,10.7434,-4909.71,0,-132.938,-133,0.436224
57543, 405.201, 18, -1,-1,-1,49.4957,9.3861,0.025119,8.68e+08,10,125000,1,0,29.4378,7829.7,1,-128.764,-133,0.436224
57545, 405.375, 40, -1,-1,-1,50.2872,33.8784,0.019953,8.68e+08,12,125000,1,0,2.53205,5059.08,0,-136.188,-137,1.58106
57547, 405.509, 39, -1,-1,-1,45.3641,29.0318,0.019953,8.68e+08,11,125000,1,0,6.15435,970.991,0,-135.176,-135,0.790528
57560, 405.862, 16, -1,-1,-1,53.2773,8.72452,0.025119,8.68e+08,12,125000,1,0,23.3697,12182,1,-129.947,-137,1.58106
57568, 406.394, 14, -1,-1,-1,38.2352,-6.87066,0.025119,8.68e+08,10,125000,1,0,47.735,-8562.33,1,-126.111,-133,0.436224
57570, 406.477, 37, -1,-1,-1,55.1185,20.5864,0.015849,8.68e+08,12,125000,1,0,10.8741,10226.9,0,-134.903,-137,1.58106
57573, 406.629, 20, -1,-1,-1,50.995,4.58524,0.015849,8.68e+08,11,125000,1,0,33.5017,11610.7,1,-130.061,-135,0.790528
57581, 407.141, 31, -1,-1,-1,50.6555,15.3159,0.015849,8.68e+08,10,125000,1,0,19.587,7232.94,1,-132.771,-133,0.436224
57583, 407.236, 49, -1,-1,-1,60.9723,-8.53133,0.015849,8.68e+08,12,125000,1,0,12.5261,18677.1,0,-134.473,-137,1.58106
57596, 408.171, 24, -1,-1,-1,46.1123,9.21262,0.019953,8.68e+08,11,125000,1,0,34.5654,2387.45,1,-128.89,-135,0.790528
57644, 409.605, 11, -1,-1,-1,40.729,-0.942347,0.015849,8.68e+08,12,125000,1,0,66.6534,-7385.56,1,-126.543,-137,1.58106
57647, 409.609, 10, -1,-1,-1,37.7624,-7.50647,0.025119,8.68e+08,11,125000,1,0,43.8365,-9148.33,1,-126.572,-135,0.790528
57649, 409.684, 35, -1,-1,-1,41.9454,28.3607,0.019953,8.68e+08,11,125000,1,0,6.00445,-2235.01,0,-135.218,-135,0.790528
57651, 409.828, 25, -1,-1,-1,42.9973,10.3296,0.015849,8.68e+08,12,125000,1,0,32.4436,-3222.92,0,-130.239,-137,1.58106
57659, 409.97, 13, -1,-1,-1,40.3136,-10.5179,0.015849,8.68e+08,10,125000,1,0,44.3141,-2756.11,1,-128.514,-133,0.436224
57661, 409.974, 56, -1,-1,-1,61.255,29.3742,0.015849,8.68e+08,11,125000,1,0,2.23085,12419.8,0,-137.272,-135,0.790528
57663, 410.034, 42, -1,-1,-1,44.1598,19.4781,0.019953,8.68e+08,10,125000,1,0,16.1614,-1162.87,0,-132.572,-133,0.436224
57665, 410.269, 32, -1,-1,-1,51.1766,18.2126,0.019953,8.68e+08,12,125000,1,0,15.9458,6992.59,0,-132.623,-137,1.58106
57667, 410.346, 21, -1,-1,-1,51.8796,3.16644,0.015849,8.68e+08,10,125000,1,0,33.1102,12796.5,0,-130.126,-133,0.436224
57684, 410.583, 41, -1,-1,-1,44.2427,17.3363,0.025119,8.68e+08,12,125000,1,0,19.1966,-1138.25,0,-130.86,-137,1.58106
57686, 410.836, 54, -1,-1,-1,35.1679,33.0607,0.019953,8.68e+08,12,125000,1,0,-0.454128,-6023.25,0,-137.029,-137,1.58106
57689, 410.893, 1, -1,-1,-1,53.3356,-4.09606,0.025119,8.68e+08,10,125000,1,0,31.1358,16161,1,-128.461,-133,0.436224
57691, 411.25, 36, -1,-1,-1,56.739,26.2706,0.019953,8.68e+08,11,125000,1,0,6.24512,10120.6,0,-135.151,-135,0.790528
57703, 411.853, 30, -1,-1,-1,60.3678,25.9205,0.025119,8.68e+08,10,125000,1,0,4.4611,12355.3,0,-134.646,-133,0.436224
57715, 411.928, 53, -1,-1,-1,37.2666,13.7158,0.019953,8.68e+08,12,125000,1,0,20.2923,-10238.2,0,-131.612,-137,1.58106
57718, 412.322, 29, -1,-1,-1,57.2186,11.901,0.019953,8.68e+08,10,125000,1,0,15.3024,13501.9,1,-132.779,-133,0.436224
57720, 412.544, 50, -1,-1,-1,70.7907,22.181,0.015849,8.68e+08,11,125000,1,0,-1.66157,16533.1,0,-138.373,-135,0.790528
57723, 412.685, 15, -1,-1,-1,52.7206,6.93841,0.019953,8.68e+08,11,125000,1,0,27.1678,11857.2,1,-130.188,-135,0.790528
57736, 413.638, 17, -1,-1,-1,52.0923,14.0787,0.025119,8.68e+08,10,125000,1,0,20.0233,8620.93,1,-130.673,-133,0.436224
57744, 414.369, 58, -1,-1,-1,41.7923,21.1679,0.025119,8.68e+08,11,125000,1,0,13.2769,-3837.24,1,-132.285,-135,0.790528
57751, 415.454, 27, -1,-1,-1,60.3201,4.95292,0.025119,8.68e+08,12,125000,1,0,13.8957,16513.5,0,-132.127,-137,1.58106
57769, 416.016, 4, -1,-1,-1,52.5246,-6.48755,0.025119,8.68e+08,10,125000,1,0,33.9333,15785.5,1,-127.991,-133,0.436224
57781, 416.46, 52, -1,-1,-1,27.6763,-17.5141,0.019953,8.68e+08,10,125000,1,0,9.74483,-10878.6,0,-134.193,-133,0.436224
57784, 416.539, 6, -1,-1,-1,43.3892,-0.476294,0.025119,8.68e+08,12,125000,1,0,75.6333,-2126.28,1,-124.139,-137,1.58106
57796, 417.045, 2, -1,-1,-1,52.8574,-1.0846,0.019953,8.68e+08,12,125000,1,0,33.6435,14819.8,0,-129.038,-137,1.58106
57799, 417.112, 51, -1,-1,-1,31.3978,-16.8263,0.019953,8.68e+08,11,125000,1,0,15.121,-9249.22,1,-132.82,-135,0.790528
57801, 417.478, 23, -1,-1,-1,46.4547,14.2858,0.015849,8.68e+08,12,125000,1,0,24.0409,1249.79,0,-131.811,-137,1.58106
57813, 417.762, 48, -1,-1,-1,66.9931,-20.4397,0.025119,8.68e+08,11,125000,1,0,3.39439,19020.8,0,-134.944,-135,0.790528
57816, 418.08, 33, -1,-1,-1,46.0271,20.9413,0.019953,8.68e+08,10,125000,1,0,14.4883,401.21,1,-132.983,-133,0.436224
57819, 418.174, 12, -1,-1,-1,43.0813,-7.60286,0.019953,8.68e+08,12,125000,1,0,62.1829,365.454,1,-125.823,-137,1.58106
57841, 418.852, 0, -1,-1,-1,51.1806,-1.29064,0.025119,8.68e+08,10,125000,1,0,40.9492,13255.4,0,-126.949,-133,0.436224
57848, 419.05, 14, -1,-1,-1,38.2352,-6.87066,0.025119,8.68e+08,10,125000,1,0,45.0554,-10058.7,0,-126.424,-133,0.436224
57850, 419.171, 49, -1,-1,-1,60.9723,-8.53133,0.015849,8.68e+08,12,125000,1,0,13.6881,18444.5,0,-134.179,-137,1.58106
57853, 419.207, 9, -1,-1,-1,43.9298,8.62537,0.015849,8.68e+08,11,125000,1,0,36.8698,-2834.52,1,-129.533,-135,0.790528
57870, 419.876, 46, -1,-1,-1,35.6726,30.6782,0.025119,8.68e+08,12,125000,1,0,1.34888,-6735.79,0,-135.519,-137,1.58106
57892, 420.422, 59, -1,-1,-1,43.0069,22.2244,0.015849,8.68e+08,11,125000,1,0,12.3858,-2855.07,0,-134.513,-135,0.790528
57894, 420.454, 47, -1,-1,-1,39.1478,29.5182,0.015849,8.68e+08,12,125000,1,0,3.85606,-4731.78,0,-136.815,-137,1.58106
57897, 420.481, 26, -1,-1,-1,37.2033,12.4105,0.025119,8.68e+08,10,125000,1,0,21.3888,-11128.9,1,-130.371,-133,0.436224
57900, 420.588, 22, -1,-1,-1,45.7768,6.11857,0.015849,8.68e+08,11,125000,1,0,44.0695,875.254,1,-128.546,-135,0.790528
57907, 420.764, 38, -1,-1,-1,55.4525,23.897,0.025119,8.68e+08,11,125000,1,0,8.8876,9087.02,0,-133.432,-135,0.790528
57914, 421.147, 44, -1,-1,-1,38.1663,21.4091,0.019953,8.68e+08,11,125000,1,0,10.8725,-7353.55,0,-133.904,-135,0.790528
57916, 421.356, 40, -1,-1,-1,50.2872,33.8784,0.019953,8.68e+08,12,125000,1,0,2.79131,4266.01,0,-136.117,-137,1.58106
57923, 422.002, 37, -1,-1,-1,55.1185,20.5864,0.015849,8.68e+08,12,125000,1,0,11.6148,9645.31,0,-134.712,-137,1.58106
57930, 422.209, 57, -1,-1,-1,42.497,19.1227,0.015849,8.68e+08,12,125000,1,0,15.9874,-3673.18,0,-133.615,-137,1.58106
57937, 422.549, 55, -1,-1,-1,31.8166,28.0824,0.019953,8.68e+08,10,125000,1,0,1.02906,-9579,0,-136.607,-133,0.436224
57950, 422.607, 7, -1,-1,-1,46.3931,-2.63001,0.025119,8.68e+08,12,125000,1,0,71.0843,6021.27,1,-124.319,-137,1.58106
57953, 422.66, 42, -1,-1,-1,44.1598,19.4781,0.019953,8.68e+08,10,125000,1,0,16.0481,-1870.95,1,-132.601,-133,0.436224
57956, 422.697, 5, -1,-1,-1,45.2911,-1.97699,0.025119,8.68e+08,11,125000,1,0,78.7625,2792.01,1,-124.045,-135,0.790528
57973, 423.425, 28, -1,-1,-1,55.2498,14.353,0.015849,8.68e+08,10,125000,1,0,16.8127,11095.5,0,-133.416,-133,0.436224
57981, 423.851, 24, -1,-1,-1,46.1123,9.21262,0.019953,8.68e+08,11,125000,1,0,34.9135,851.845,1,-128.836,-135,0.790528
57983, 424.142, 25, -1,-1,-1,42.9973,10.3296,0.015849,8.68e+08,12,125000,1,0,31.7576,-4477.38,0,-130.357,-137,1.58106
57985, 424.162, 45, -1,-1,-1,37.4342,26.8198,0.015849,8.68e+08,12,125000,1,0,5.2356,-6555.83,0,-136.43,-137,1.58106
57997, 424.948, 19, -1,-1,-1,52.5578,8.66449,0.025119,8.68e+08,12,125000,1,0,26.7372,10449,0,-129.272,-137,1.58106
57999, 425.275, 8, -1,-1,-1,49.2811,9.74921,0.025119,8.68e+08,12,125000,1,0,30.5711,5848.4,0,-128.563,-137,1.58106
58001, 425.789, 54, -1,-1,-1,35.1679,33.0607,0.019953,8.68e+08,12,125000,1,0,-0.736179,-6415.23,0,-137.109,-137,1.58106
58003, 425.904, 53, -1,-1,-1,37.2666,13.7158,0.019953,8.68e+08,12,125000,1,0,19.251,-10879.1,0,-131.847,-137,1.58106
58035, 426.945, 39, -1,-1,-1,45.3641,29.0318,0.019953,8.68e+08,11,125000,1,0,6.19581,-21.2585,0,-135.167,-135,0.790528
58037, 426.96, 13, -1,-1,-1,40.3136,-10.5179,0.015849,8.68e+08,10,125000,1,0,43.0174,-4731.25,0,-128.678,-133,0.436224
58040, 427.02, 4, -1,-1,-1,52.5246,-6.48755,0.025119,8.68e+08,10,125000,1,0,36.3768,15453.5,1,-127.608,-133,0.436224
58042, 427.048, 17, -1,-1,-1,52.0923,14.0787,0.025119,8.68e+08,10,125000,1,0,20.8377,7897.27,0,-130.494,-133,0.436224
58044, 427.064, 34, -1,-1,-1,48.1582,23.6943,0.015849,8.68e+08,10,125000,1,0,11.4942,2298.75,0,-134.745,-133,0.436224
58046, 427.21, 3, -1,-1,-1,55.0197,-4.92577,0.025119,8.68e+08,10,125000,1,0,28.7299,16652,0,-128.895,-133,0.436224
58069, 428.246, 31, -1,-1,-1,50.6555,15.3159,0.015849,8.68e+08,10,125000,1,0,20.583,5843.71,1,-132.55,-133,0.436224
58071, 428.501, 36, -1,-1,-1,56.739,26.2706,0.019953,8.68e+08,11,125000,1,0,6.9208,9561.71,0,-134.967,-135,0.790528
58079, 428.814, 15, -1,-1,-1,52.7206,6.93841,0.019953,8.68e+08,11,125000,1,0,29.0831,10932.1,1,-129.831,-135,0.790528
58092, 428.941, 21, -1,-1,-1,51.8796,3.16644,0.015849,8.68e+08,10,125000,1,0,36.2688,11595.3,1,-129.625,-133,0.436224
58109, 429.268, 16, -1,-1,-1,53.2773,8.72452,0.025119,8.68e+08,12,125000,1,0,25.7468,10834.4,0,-129.466,-137,1.58106
58116, 429.403, 43, -1,-1,-1,39.7502,22.7721,0.025119,8.68e+08,10,125000,1,0,10.1236,-6155.44,0,-133.103,-133,0.436224
58119, 429.489, 14, -1,-1,-1,38.2352,-6.87066,0.025119,8.68e+08,10,125000,1,0,42.8241,-10852.9,1,-126.703,-133,0.436224
58121, 429.523, 33, -1,-1,-1,46.0271,20.9413,0.019953,8.68e+08,10,125000,1,0,14.5029,-183.579,0,-132.98,-133,0.436224
58129, 430.18, 20, -1,-1,-1,50.995,4.58524,0.015849,8.68e+08,11,125000,1,0,37.101,9776.04,1,-129.499,-135,0.790528
58132, 430.18, 18, -1,-1,-1,49.4957,9.3861,0.025119,8.68e+08,10,125000,1,0,31.3808,5652.71,1,-128.423,-133,0.436224
58134, 430.429, 2, -1,-1,-1,52.8574,-1.0846,0.019953,8.68e+08,12,125000,1,0,36.3981,14250.9,0,-128.605,-137,1.58106
58137, 430.431, 6, -1,-1,-1,43.3892,-0.476294,0.025119,8.68e+08,12,125000,1,0,71.8971,-4174.36,1,-124.285,-137,1.58106
58170, 431.712, 1, -1,-1,-1,53.3356,-4.09606,0.025119,8.68e+08,10,125000,1,0,35.4241,15314.5,1,-127.755,-133,0.436224
58182, 431.968, 56, -1,-1,-1,61.255,29.3742,0.015849,8.68e+08,11,125000,1,0,3.14678,11876.1,0,-137.016,-135,0.790528
58189, 432.035, 27, -1,-1,-1,60.3201,4.95292,0.025119,8.68e+08,12,125000,1,0,15.4245,16227.9,0,-131.75,-137,1.58106
58211, 432.653, 30, -1,-1,-1,60.3678,25.9205,0.025119,8.68e+08,10,125000,1,0,5.39895,11797,0,-134.387,-133,0.436224
58213, 432.742, 51, -1,-1,-1,31.3978,-16.8263,0.019953,8.68e+08,11,125000,1,0,14.2851,-9995.11,0,-133.027,-135,0.790528
58215, 432.771, 50, -1,-1,-1,70.7907,22.181,0.015849,8.68e+08,11,125000,1,0,-0.660392,16370.2,0,-138.091,-135,0.790528
58218, 432.804, 11, -1,-1,-1,40.729,-0.942347,0.015849,8.68e+08,12,125000,1,0,57.3612,-10261.3,1,-127.187,-137,1.58106
58220, 432.808, 41, -1,-1,-1,44.2427,17.3363,0.025119,8.68e+08,12,125000,1,0,18.9134,-2725.43,0,-130.927,-137,1.58106
58222, 432.997, 32, -1,-1,-1,51.1766,18.2126,0.019953,8.68e+08,12,125000,1,0,16.8253,5623.15,0,-132.415,-137,1.58106
58225, 433.044, 42, -1,-1,-1,44.1598,19.4781,0.019953,8.68e+08,10,125000,1,0,15.9102,-2673.47,1,-132.635,-133,0.436224
58228, 433.306, 10, -1,-1,-1,37.7624,-7.50647,0.025119,8.68e+08,11,125000,1,0,39.3231,-11315.9,1,-127.175,-135,0.790528
58230, 433.424, 46, -1,-1,-1,35.6726,30.6782,0.025119,8.68e+08,12,125000,1,0,1.05195,-7091.91,0,-135.604,-137,1.58106
58237, 433.865, 37, -1,-1,-1,55.1185,20.5864,0.015849,8.68e+08,12,125000,1,0,12.1629,8971.59,0,-134.571,-137,1.58106
58239, 434.338, 35, -1,-1,-1,41.9454,28.3607,0.019953,8.68e+08,11,125000,1,0,5.7473,-3378.81,0,-135.291,-135,0.790528
58247, 435.115, 29, -1,-1,-1,57.2186,11.901,0.019953,8.68e+08,10,125000,1,0,17.1074,12626.6,1,-132.347,-133,0.436224
58284, 436.079, 28, -1,-1,-1,55.2498,14.353,0.015849,8.68e+08,10,125000,1,0,17.671,10319.8,0,-133.214,-133,0.436224
58291, 436.384, 58, -1,-1,-1,41.7923,21.1679,0.025119,8.68e+08,11,125000,1,0,12.781,-5085.55,0,-132.413,-135,0.790528
58298, 436.846, 44, -1,-1,-1,38.1663,21.4091,0.019953,8.68e+08,11,125000,1,0,10.3028,-8266.61,0,-134.055,-135,0.790528
58300, 436.926, 57, -1,-1,-1,42.497,19.1227,0.015849,8.68e+08,12,125000,1,0,15.6246,-4774.25,0,-133.704,-137,1.58106
58302, 436.968, 49, -1,-1,-1,60.9723,-8.53133,0.015849,8.68e+08,12,125000,1,0,15.5288,18307.7,0,-133.725,-137,1.58106
58305, 437.109, 24, -1,-1,-1,46.1123,9.21262,0.019953,8.68e+08,11,125000,1,0,34.9326,-749.661,1,-128.835,-135,0.790528
58307, 437.541, 40, -1,-1,-1,50.2872,33.8784,0.019953,8.68e+08,12,125000,1,0,3.02267,3699.13,0,-136.053,-137,1.58106
58310, 437.56, 12, -1,-1,-1,43.0813,-7.60286,0.019953,8.68e+08,12,125000,1,0,61.374,-2536.4,1,-125.882,-137,1.58106
58317, 438.129, 23, -1,-1,-1,46.4547,14.2858,0.015849,8.68e+08,12,125000,1,0,24.1423,-435.391,0,-131.792,-137,1.58106
58334, 438.947, 52, -1,-1,-1,27.6763,-17.5141,0.019953,8.68e+08,10,125000,1,0,8.63603,-11741.2,0,-134.491,-133,0.436224
58337, 439.092, 0, -1,-1,-1,51.1806,-1.29064,0.025119,8.68e+08,10,125000,1,0,46.1757,11748.4,1,-126.294,-133,0.436224
58339, 439.254, 53, -1,-1,-1,37.2666,13.7158,0.019953,8.68e+08,12,125000,1,0,18.2409,-11700.9,0,-132.08,-137,1.58106
58341, 439.846, 47, -1,-1,-1,39.1478,29.5182,0.015849,8.68e+08,12,125000,1,0,3.51923,-5467.41,0,-136.911,-137,1.58106
58369, 440.388, 21, -1,-1,-1,51.8796,3.16644,0.015849,8.68e+08,10,125000,1,0,38.2569,10530.2,1,-129.33,-133,0.436224
58371, 440.474, 55, -1,-1,-1,31.8166,28.0824,0.019953,8.68e+08,10,125000,1,0,0.466994,-10026.2,0,-136.767,-133,0.436224
58389, 440.898, 5, -1,-1,-1,45.2911,-1.97699,0.025119,8.68e+08,11,125000,1,0,81.9752,-160.892,1,-123.975,-135,0.790528
58391, 440.958, 38, -1,-1,-1,55.4525,23.897,0.025119,8.68e+08,11,125000,1,0,9.68047,8516.91,0,-133.223,-135,0.790528
58393, 440.965, 26, -1,-1,-1,37.2033,12.4105,0.025119,8.68e+08,10,125000,1,0,19.6338,-12126.6,0,-130.762,-133,0.436224
58395, 440.973, 48, -1,-1,-1,66.9931,-20.4397,0.025119,8.68e+08,11,125000,1,0,4.993,19154.9,0,-134.499,-135,0.790528
58398, 441.058, 13, -1,-1,-1,40.3136,-10.5179,0.015849,8.68e+08,10,125000,1,0,41.5167,-6214.21,1,-128.876,-133,0.436224
58415, 441.56, 9, -1,-1,-1,43.9298,8.62537,0.015849,8.68e+08,11,125000,1,0,35.613,-4816.78,0,-129.728,-135,0.790528
58418, 442.735, 6, -1,-1,-1,43.3892,-0.476294,0.025119,8.68e+08,12,125000,1,0,67.6443,-5825.82,1,-124.493,-137,1.58106
58430, 442.864, 25, -1,-1,-1,42.9973,10.3296,0.015849,8.68e+08,12,125000,1,0,30.5615,-6123.66,0,-130.568,-137,1.58106
58437, 442.998, 41, -1,-1,-1,44.2427,17.3363,0.025119,8.68e+08,12,125000,1,0,18.7075,-3282.56,0,-130.975,-137,1.58106
58455, 443.723, 22, -1,-1,-1,45.7768,6.11857,0.015849,8.68e+08,11,125000,1,0,43.9299,-1607.95,1,-128.566,-135,0.790528
58463, 444.101, 17, -1,-1,-1,52.0923,14.0787,0.025119,8.68e+08,10,125000,1,0,21.7913,6827.24,1,-130.288,-133,0.436224
58470, 444.327, 2, -1,-1,-1,52.8574,-1.0846,0.019953,8.68e+08,12,125000,1,0,39.4779,13536.7,0,-128.155,-137,1.58106
58472, 444.354, 27, -1,-1,-1,60.3201,4.95292,0.025119,8.68e+08,12,125000,1,0,16.61,16050.7,0,-131.465,-137,1.58106
58490, 444.759, 7, -1,-1,-1,46.3931,-2.63001,0.025119,8.68e+08,12,125000,1,0,80.3404,2534.15,1,-124.009,-137,1.58106
58492, 444.815, 46, -1,-1,-1,35.6726,30.6782,0.025119,8.68e+08,12,125000,1,0,0.790244,-7339.65,0,-135.679,-137,1.58106
58494, 444.924, 50, -1,-1,-1,70.7907,22.181,0.015849,8.68e+08,11,125000,1,0,-0.048456,16354.3,0,-137.919,-135,0.790528
58502, 445.143, 33, -1,-1,-1,46.0271,20.9413,0.019953,8.68e+08,10,125000,1,0,14.4511,-1078.89,1,-132.995,-133,0.436224
58505, 445.219, 59, -1,-1,-1,43.0069,22.2244,0.015849,8.68e+08,11,125000,1,0,11.9713,-4015.94,1,-134.622,-135,0.790528
58512, 445.544, 54, -1,-1,-1,35.1679,33.0607,0.019953,8.68e+08,12,125000,1,0,-1.13569,-6990.56,0,-137.223,-137,1.58106
58530, 445.945, 31, -1,-1,-1,50.6555,15.3159,0.015849,8.68e+08,10,125000,1,0,21.279,4648.23,1,-132.399,-133,0.436224
58532, 446.001, 34, -1,-1,-1,48.1582,23.6943,0.015849,8.68e+08,10,125000,1,0,11.6617,1270.27,0,-134.703,-133,0.436224
58534, 446.012, 19, -1,-1,-1,52.5578,8.66449,0.025119,8.68e+08,12,125000,1,0,28.8209,8990.91,0,-128.881,-137,1.58106
58536, 446.646, 45, -1,-1,-1,37.4342,26.8198,0.015849,8.68e+08,12,125000,1,0,4.65249,-7429.63,0,-136.594,-137,1.58106
58544, 446.704, 36, -1,-1,-1,56.739,26.2706,0.019953,8.68e+08,11,125000,1,0,7.6069,8914.56,1,-134.782,-135,0.790528
58552, 447.126, 4, -1,-1,-1,52.5246,-6.48755,0.025119,8.68e+08,10,125000,1,0,41.364,14405.5,1,-126.897,-133,0.436224
58559, 447.344, 8, -1,-1,-1,49.2811,9.74921,0.025119,8.68e+08,12,125000,1,0,31.8353,3815.11,0,-128.346,-137,1.58106
58566, 447.709, 39, -1,-1,-1,45.3641,29.0318,0.019953,8.68e+08,11,125000,1,0,6.15858,-973.026,0,-135.179,-135,0.790528
58573, 447.913, 30, -1,-1,-1,60.3678,25.9205,0.025119,8.68e+08,10,125000,1,0,6.08021,11418.4,0,-134.2,-133,0.436224
58581, 448.114, 15, -1,-1,-1,52.7206,6.93841,0.019953,8.68e+08,11,125000,1,0,31.3443,9596.82,1,-129.431,-135,0.790528
58588, 448.548, 43, -1,-1,-1,39.7502,22.7721,0.025119,8.68e+08,10,125000,1,0,9.55696,-7029.59,0,-133.255,-133,0.436224
58591, 448.635, 1, -1,-1,-1,53.3356,-4.09606,0.025119,8.68e+08,10,125000,1,0,39.3737,14513.6,1,-127.17,-133,0.436224
58593, 448.684, 35, -1,-1,-1,41.9454,28.3607,0.019953,8.68e+08,11,125000,1,0,5.55265,-3921.9,0,-135.346,-135,0.790528
58606, 449.931, 18, -1,-1,-1,49.4957,9.3861,0.025119,8.68e+08,10,125000,1,0,32.5487,3836.61,1,-128.226,-133,0.436224
58739, 451.218, 3, -1,-1,-1,55.0197,-4.92577,0.025119,8.68e+08,10,125000,1,0,33.3284,15758.6,1,-128.095,-133,0.436224
58746, 451.511, 32, -1,-1,-1,51.1766,18.2126,0.019953,8.68e+08,12,125000,1,0,17.4217,4490.73,0,-132.276,-137,1.58106
58749, 451.591, 16, -1,-1,-1,53.2773,8.72452,0.025119,8.68e+08,12,125000,1,0,27.9624,9344.8,1,-129.042,-137,1.58106
58772, 452.305, 14, -1,-1,-1,38.2352,-6.87066,0.025119,8.68e+08,10,125000,1,0,38.0664,-12671.4,1,-127.358,-133,0.436224
58774, 452.418, 52, -1,-1,-1,27.6763,-17.5141,0.019953,8.68e+08,10,125000,1,0,7.95947,-12139.1,0,-134.675,-133,0.436224
58786, 452.891, 53, -1,-1,-1,37.2666,13.7158,0.019953,8.68e+08,12,125000,1,0,17.2026,-12209.4,0,-132.325,-137,1.58106
58789, 452.91, 38, -1,-1,-1,55.4525,23.897,0.025119,8.68e+08,11,125000,1,0,10.1257,7845.23,1,-133.106,-135,0.790528
58802, 453.536, 42, -1,-1,-1,44.1598,19.4781,0.019953,8.68e+08,10,125000,1,0,15.5249,-3950.36,1,-132.731,-133,0.436224
58810, 453.816, 11, -1,-1,-1,40.729,-0.942347,0.015849,8.68e+08,12,125000,1,0,50.0012,-12291.3,1,-127.873,-137,1.58106
58817, 453.941, 9, -1,-1,-1,43.9298,8.62537,0.015849,8.68e+08,11,125000,1,0,34.647,-6219.7,0,-129.882,-135,0.790528
58819, 454.073, 49, -1,-1,-1,60.9723,-8.53133,0.015849,8.68e+08,12,125000,1,0,17.4364,18154.1,0,-133.27,-137,1.58106
58831, 454.381, 20, -1,-1,-1,50.995,4.58524,0.015849,8.68e+08,11,125000,1,0,40.6167,7499.63,0,-128.999,-135,0.790528
58833, 454.39, 25, -1,-1,-1,42.9973,10.3296,0.015849,8.68e+08,12,125000,1,0,29.688,-7270.43,0,-130.725,-137,1.58106
58840, 454.617, 17, -1,-1,-1,52.0923,14.0787,0.025119,8.68e+08,10,125000,1,0,22.3234,5946.24,0,-130.175,-133,0.436224
58843, 454.894, 0, -1,-1,-1,51.1806,-1.29064,0.025119,8.68e+08,10,125000,1,0,50.609,10400.7,1,-125.811,-133,0.436224
58850, 455.456, 37, -1,-1,-1,55.1185,20.5864,0.015849,8.68e+08,12,125000,1,0,13.1097,7936.95,0,-134.332,-137,1.58106
58862, 455.838, 57, -1,-1,-1,42.497,19.1227,0.015849,8.68e+08,12,125000,1,0,15.0585,-5865.99,0,-133.845,-137,1.58106
58864, 456.051, 51, -1,-1,-1,31.3978,-16.8263,0.019953,8.68e+08,11,125000,1,0,12.9808,-11098.8,0,-133.357,-135,0.790528
58871, 456.334, 24, -1,-1,-1,46.1123,9.21262,0.019953,8.68e+08,11,125000,1,0,34.5129,-2705.79,0,-128.904,-135,0.790528
58873, 456.474, 56, -1,-1,-1,61.255,29.3742,0.015849,8.68e+08,11,125000,1,0,4.15375,11178.4,0,-136.737,-135,0.790528
58876, 456.857, 5, -1,-1,-1,45.2911,-1.97699,0.025119,8.68e+08,11,125000,1,0,78.0804,-3133.47,1,-124.068,-135,0.790528
58894, 457.667, 28, -1,-1,-1,55.2498,14.353,0.015849,8.68e+08,10,125000,1,0,19.0903,9164.72,1,-132.889,-133,0.436224
58902, 457.731, 10, -1,-1,-1,37.7624,-7.50647,0.025119,8.68e+08,11,125000,1,0,34.7774,-13111.4,1,-127.859,-135,0.790528
58914, 457.991, 44, -1,-1,-1,38.1663,21.4091,0.019953,8.68e+08,11,125000,1,0,9.48143,-9171.54,0,-134.275,-135,0.790528
58927, 458.147, 29, -1,-1,-1,57.2186,11.901,0.019953,8.68e+08,10,125000,1,0,18.9527,11594.7,1,-131.92,-133,0.436224
58930, 458.841, 58, -1,-1,-1,41.7923,21.1679,0.025119,8.68e+08,11,125000,1,0,12.1507,-6298.83,1,-132.577,-135,0.790528
58947, 459.327, 54, -1,-1,-1,35.1679,33.0607,0.019953,8.68e+08,12,125000,1,0,-1.43125,-7550.85,0,-137.307,-137,1.58106
58954, 459.38, 47, -1,-1,-1,39.1478,29.5182,0.015849,8.68e+08,12,125000,1,0,3.1346,-6181.24,0,-137.02,-137,1.58106
58957, 459.424, 13, -1,-1,-1,40.3136,-10.5179,0.015849,8.68e+08,10,125000,1,0,39.1545,-8370.77,1,-129.203,-133,0.436224
58959, 459.668, 40, -1,-1,-1,50.2872,33.8784,0.019953,8.68e+08,12,125000,1,0,3.2853,2810.49,0,-135.981,-137,1.58106
58961, 459.685, 26, -1,-1,-1,37.2033,12.4105,0.025119,8.68e+08,10,125000,1,0,18.037,-13171.4,0,-131.129,-133,0.436224
58974, 460.139, 36, -1,-1,-1,56.739,26.2706,0.019953,8.68e+08,11,125000,1,0,8.09212,8218.6,1,-134.651,-135,0.790528
58986, 460.434, 27, -1,-1,-1,60.3201,4.95292,0.025119,8.68e+08,12,125000,1,0,18.2245,15429.6,0,-131.087,-137,1.58106
58989, 460.461, 31, -1,-1,-1,50.6555,15.3159,0.015849,8.68e+08,10,125000,1,0,21.7379,3676.71,1,-132.302,-133,0.436224
58996, 460.503, 43, -1,-1,-1,39.7502,22.7721,0.025119,8.68e+08,10,125000,1,0,9.173,-7451.89,0,-133.358,-133,0.436224
59013, 461.736, 23, -1,-1,-1,46.4547,14.2858,0.015849,8.68e+08,12,125000,1,0,23.8942,-2088.53,0,-131.846,-137,1.58106
59016, 461.754, 12, -1,-1,-1,43.0813,-7.60286,0.019953,8.68e+08,12,125000,1,0,57.3669,-5653.6,1,-126.19,-137,1.58106
59019, 461.92, 1, -1,-1,-1,53.3356,-4.09606,0.025119,8.68e+08,10,125000,1,0,42.8057,13828.5,1,-126.71,-133,0.436224
59022, 462.024, 59, -1,-1,-1,43.0069,22.2244,0.015849,8.68e+08,11,125000,1,0,11.6022,-4862.41,1,-134.719,-135,0.790528
59024, 462.065, 41, -1,-1,-1,44.2427,17.3363,0.025119,8.68e+08,12,125000,1,0,18.2036,-4536.92,0,-131.094,-137,1.58106
59026, 462.326, 19, -1,-1,-1,52.5578,8.66449,0.025119,8.68e+08,12,125000,1,0,30.3256,7796.62,0,-128.611,-137,1.58106
59048, 462.911, 18, -1,-1,-1,49.4957,9.3861,0.025119,8.68e+08,10,125000,1,0,33.0895,2699.55,0,-128.137,-133,0.436224
59060, 462.983, 14, -1,-1,-1,38.2352,-6.87066,0.025119,8.68e+08,10,125000,1,0,35.9462,-13228.1,0,-127.677,-133,0.436224
59078, 463.39, 4, -1,-1,-1,52.5246,-6.48755,0.025119,8.68e+08,10,125000,1,0,45.9634,13410.2,1,-126.322,-133,0.436224
59080, 463.443, 21, -1,-1,-1,51.8796,3.16644,0.015849,8.68e+08,10,125000,1,0,42.2253,8804.39,0,-128.785,-133,0.436224
59082, 463.572, 33, -1,-1,-1,46.0271,20.9413,0.019953,8.68e+08,10,125000,1,0,14.2847,-2172.26,0,-133.038,-133,0.436224
59085, 463.584, 48, -1,-1,-1,66.9931,-20.4397,0.025119,8.68e+08,11,125000,1,0,6.64641,19065.8,1,-134.044,-135,0.790528
59087, 463.61, 55, -1,-1,-1,31.8166,28.0824,0.019953,8.68e+08,10,125000,1,0,-0.280542,-10632.1,0,-136.98,-133,0.436224
59100, 463.962, 7, -1,-1,-1,46.3931,-2.63001,0.025119,8.68e+08,12,125000,1,0,83.2263,-622.121,1,-123.956,-137,1.58106
59102, 464.174, 30, -1,-1,-1,60.3678,25.9205,0.025119,8.68e+08,10,125000,1,0,6.79657,10964.7,0,-134.005,-133,0.436224
59109, 464.533, 6, -1,-1,-1,43.3892,-0.476294,0.025119,8.68e+08,12,125000,1,0,59.6768,-8722.68,0,-125.009,-137,1.58106
59116, 465.475, 16, -1,-1,-1,53.2773,8.72452,0.025119,8.68e+08,12,125000,1,0,29.2714,8426.42,0,-128.801,-137,1.58106
59133, 465.8, 50, -1,-1,-1,70.7907,22.181,0.015849,8.68e+08,11,125000,1,0,1.0217,16138.2,0,-137.618,-135,0.790528
59135, 465.975, 2, -1,-1,-1,52.8574,-1.0846,0.019953,8.68e+08,12,125000,1,0,44.7204,11953.5,0,-127.471,-137,1.58106
59137, 466.39, 35, -1,-1,-1,41.9454,28.3607,0.019953,8.68e+08,11,125000,1,0,5.26936,-4632.67,0,-135.425,-135,0.790528
59150, 466.576, 9, -1,-1,-1,43.9298,8.62537,0.015849,8.68e+08,11,125000,1,0,33.5069,-7238.34,1,-130.068,-135,0.790528
59158, 466.991, 0, -1,-1,-1,51.1806,-1.29064,0.025119,8.68e+08,10,125000,1,0,54.1529,9300.06,1,-125.469,-133,0.436224
59160, 467.348, 46, -1,-1,-1,35.6726,30.6782,0.025119,8.68e+08,12,125000,1,0,0.242719,-8043.7,0,-135.835,-137,1.58106
59172, 467.67, 51, -1,-1,-1,31.3978,-16.8263,0.019953,8.68e+08,11,125000,1,0,12.3127,-11502.5,0,-133.528,-135,0.790528
59184, 467.978, 11, -1,-1,-1,40.729,-0.942347,0.015849,8.68e+08,12,125000,1,0,45.6088,-13285.4,0,-128.364,-137,1.58106
59196, 468.182, 24, -1,-1,-1,46.1123,9.21262,0.019953,8.68e+08,11,125000,1,0,34.0058,-3746.04,0,-128.987,-135,0.790528
59208, 468.711, 22, -1,-1,-1,45.7768,6.11857,0.015849,8.68e+08,11,125000,1,0,42.3535,-4612.78,0,-128.77,-135,0.790528
59215, 468.909, 44, -1,-1,-1,38.1663,21.4091,0.019953,8.68e+08,11,125000,1,0,9.03698,-9486.27,0,-134.394,-135,0.790528
59222, 468.971, 8, -1,-1,-1,49.2811,9.74921,0.025119,8.68e+08,12,125000,1,0,32.5802,1707.96,0,-128.223,-137,1.58106
59224, 469.013, 15, -1,-1,-1,52.7206,6.93841,0.019953,8.68e+08,11,125000,1,0,33.657,7906.73,0,-129.044,-135,0.790528
59231, 469.364, 34, -1,-1,-1,48.1582,23.6943,0.015849,8.68e+08,10,125000,1,0,11.7351,-74.0449,0,-134.686,-133,0.436224
59233, 469.415, 45, -1,-1,-1,37.4342,26.8198,0.015849,8.68e+08,12,125000,1,0,4.0081,-8263.1,0,-136.775,-137,1.58106
59235, 469.454, 10, -1,-1,-1,37.7624,-7.50647,0.025119,8.68e+08,11,125000,1,0,32.7025,-13683.2,0,-128.199,-135,0.790528
59237, 469.686, 32, -1,-1,-1,51.1766,18.2126,0.019953,8.68e+08,12,125000,1,0,17.8851,3334.71,0,-132.169,-137,1.58106
59239, 470.153, 39, -1,-1,-1,45.3641,29.0318,0.019953,8.68e+08,11,125000,1,0,6.03358,-2012.65,0,-135.215,-135,0.790528
59246, 470.334, 49, -1,-1,-1,60.9723,-8.53133,0.015849,8.68e+08,12,125000,1,0,19.3957,17986.2,0,-132.819,-137,1.58106
59264, 471.024, 36, -1,-1,-1,56.739,26.2706,0.019953,8.68e+08,11,125000,1,0,8.47,7892.89,1,-134.55,-135,0.790528
59266, 471.318, 52, -1,-1,-1,27.6763,-17.5141,0.019953,8.68e+08,10,125000,1,0,7.00091,-12722.7,0,-134.937,-133,0.436224
59278, 471.816, 28, -1,-1,-1,55.2498,14.353,0.015849,8.68e+08,10,125000,1,0,19.9742,8434.41,0,-132.691,-133,0.436224
59281, 472.167, 26, -1,-1,-1,37.2033,12.4105,0.025119,8.68e+08,10,125000,1,0,16.9856,-13537.1,1,-131.378,-133,0.436224
59283, 472.181, 53, -1,-1,-1,37.2666,13.7158,0.019953,8.68e+08,12,125000,1,0,15.7363,-12956,0,-132.678,-137,1.58106
59300, 472.588, 27, -1,-1,-1,60.3201,4.95292,0.025119,8.68e+08,12,125000,1,0,19.4968,15185,0,-130.797,-137,1.58106
59308, 473.029, 1, -1,-1,-1,53.3356,-4.09606,0.025119,8.68e+08,10,125000,1,0,45.9194,12853.6,1,-126.328,-133,0.436224
59316, 473.489, 3, -1,-1,-1,55.0197,-4.92577,0.025119,8.68e+08,10,125000,1,0,38.2903,14696,1,-127.329,-133,0.436224
59323, 474.089, 19, -1,-1,-1,52.5578,8.66449,0.025119,8.68e+08,12,125000,1,0,31.3184,6627.81,0,-128.439,-137,1.58106
59325, 474.102, 37, -1,-1,-1,55.1185,20.5864,0.015849,8.68e+08,12,125000,1,0,13.8617,7010.54,0,-134.144,-137,1.58106
59327, 474.133, 54, -1,-1,-1,35.1679,33.0607,0.019953,8.68e+08,12,125000,1,0,-1.76302,-7887.89,0,-137.402,-137,1.58106
59344, 475.135, 12, -1,-1,-1,43.0813,-7.60286,0.019953,8.68e+08,12,125000,1,0,54.3066,-7608.46,0,-126.456,-137,1.58106
59347, 475.14, 38, -1,-1,-1,55.4525,23.897,0.025119,8.68e+08,11,125000,1,0,10.8965,6795.77,1,-132.905,-135,0.790528
59369, 475.929, 25, -1,-1,-1,42.9973,10.3296,0.015849,8.68e+08,12,125000,1,0,27.8511,-8937.42,0,-131.066,-137,1.58106
59371, 476.021, 56, -1,-1,-1,61.255,29.3742,0.015849,8.68e+08,11,125000,1,0,4.94143,10621.2,0,-136.519,-135,0.790528
59379, 476.354, 7, -1,-1,-1,46.3931,-2.63001,0.025119,8.68e+08,12,125000,1,0,79.4748,-2935.05,1,-124.034,-137,1.58106
59382, 476.41, 58, -1,-1,-1,41.7923,21.1679,0.025119,8.68e+08,11,125000,1,0,11.5816,-7138.38,1,-132.725,-135,0.790528
59384, 476.767, 30, -1,-1,-1,60.3678,25.9205,0.025119,8.68e+08,10,125000,1,0,7.34238,10392.7,0,-133.857,-133,0.436224
59386, 477.028, 41, -1,-1,-1,44.2427,17.3363,0.025119,8.68e+08,12,125000,1,0,17.7093,-5701.65,0,-131.211,-137,1.58106
59388, 477.097, 40, -1,-1,-1,50.2872,33.8784,0.019953,8.68e+08,12,125000,1,0,3.44645,2150.71,0,-135.937,-137,1.58106
59411, 477.7, 42, -1,-1,-1,44.1598,19.4781,0.019953,8.68e+08,10,125000,1,0,14.8934,-5437.8,1,-132.888,-133,0.436224
59424, 478.104, 5, -1,-1,-1,45.2911,-1.97699,0.025119,8.68e+08,11,125000,1,0,69.5327,-6394.23,1,-124.4,-135,0.790528
59431, 478.134, 20, -1,-1,-1,50.995,4.58524,0.015849,8.68e+08,11,125000,1,0,43.5047,4909.08,0,-128.624,-135,0.790528
59434, 478.24, 17, -1,-1,-1,52.0923,14.0787,0.025119,8.68e+08,10,125000,1,0,23.3267,4161.3,1,-129.966,-133,0.436224
59451, 478.883, 59, -1,-1,-1,43.0069,22.2244,0.015849,8.68e+08,11,125000,1,0,11.1673,-5943.84,0,-134.834,-135,0.790528
59453, 478.997, 33, -1,-1,-1,46.0271,20.9413,0.019953,8.68e+08,10,125000,1,0,14.061,-3298.82,0,-133.095,-133,0.436224
59455, 479.065, 57, -1,-1,-1,42.497,19.1227,0.015849,8.68e+08,12,125000,1,0,14.2297,-7185.89,0,-134.052,-137,1.58106
59457, 479.085, 35, -1,-1,-1,41.9454,28.3607,0.019953,8.68e+08,11,125000,1,0,5.03852,-5310.74,0,-135.491,-135,0.790528
59464, 479.694, 47, -1,-1,-1,39.1478,29.5182,0.015849,8.68e+08,12,125000,1,0,2.69059,-6900.23,0,-137.146,-137,1.58106
59466, 479.969, 34, -1,-1,-1,48.1582,23.6943,0.015849,8.68e+08,10,125000,1,0,11.7192,-806.289,0,-134.692,-133,0.436224
59473, 480.117, 23, -1,-1,-1,46.4547,14.2858,0.015849,8.68e+08,12,125000,1,0,23.4443,-3807.69,0,-131.942,-137,1.58106
59486, 480.575, 4, -1,-1,-1,52.5246,-6.48755,0.025119,8.68e+08,10,125000,1,0,51.4505,12088.7,1,-125.729,-133,0.436224
59494, 481.489, 48, -1,-1,-1,66.9931,-20.4397,0.025119,8.68e+08,11,125000,1,0,8.03344,19024,1,-133.668,-135,0.790528
59501, 481.661, 11, -1,-1,-1,40.729,-0.942347,0.015849,8.68e+08,12,125000,1,0,41.7678,-14074.9,0,-128.847,-137,1.58106
59509, 481.864, 2, -1,-1,-1,52.8574,-1.0846,0.019953,8.68e+08,12,125000,1,0,48.8672,10634.9,1,-126.997,-137,1.58106
59512, 482.298, 29, -1,-1,-1,57.2186,11.901,0.019953,8.68e+08,10,125000,1,0,20.8736,10611.2,1,-131.492,-133,0.436224
59515, 482.348, 24, -1,-1,-1,46.1123,9.21262,0.019953,8.68e+08,11,125000,1,0,33.1795,-5004.99,1,-129.125,-135,0.790528
59528, 482.841, 31, -1,-1,-1,50.6555,15.3159,0.015849,8.68e+08,10,125000,1,0,22.2216,1959.99,1,-132.2,-133,0.436224
59555, 483.893, 52, -1,-1,-1,27.6763,-17.5141,0.019953,8.68e+08,10,125000,1,0,6.35978,-13016.4,0,-135.113,-133,0.436224
59557, 483.951, 16, -1,-1,-1,53.2773,8.72452,0.025119,8.68e+08,12,125000,1,0,30.8703,6970.57,0,-128.518,-137,1.58106
59569, 484.217, 13, -1,-1,-1,40.3136,-10.5179,0.015849,8.68e+08,10,125000,1,0,35.5648,-10321.7,0,-129.739,-133,0.436224
59572, 484.628, 44, -1,-1,-1,38.1663,21.4091,0.019953,8.68e+08,11,125000,1,0,8.37725,-10019.1,1,-134.573,-135,0.790528
59575, 484.633, 1, -1,-1,-1,53.3356,-4.09606,0.025119,8.68e+08,10,125000,1,0,49.4209,12078.2,1,-125.938,-133,0.436224
59587, 484.765, 32, -1,-1,-1,51.1766,18.2126,0.019953,8.68e+08,12,125000,1,0,18.1682,2395.09,0,-132.105,-137,1.58106
59590, 484.828, 6, -1,-1,-1,43.3892,-0.476294,0.025119,8.68e+08,12,125000,1,0,52.6593,-10916.1,1,-125.611,-137,1.58106
59602, 485.104, 43, -1,-1,-1,39.7502,22.7721,0.025119,8.68e+08,10,125000,1,0,8.3206,-8531.78,0,-133.589,-133,0.436224
59604, 485.484, 50, -1,-1,-1,70.7907,22.181,0.015849,8.68e+08,11,125000,1,0,2.05342,15920.2,0,-137.329,-135,0.790528
59612, 485.537, 18, -1,-1,-1,49.4957,9.3861,0.025119,8.68e+08,10,125000,1,0,33.5348,401.189,1,-128.067,-133,0.436224
59619, 485.764, 49, -1,-1,-1,60.9723,-8.53133,0.015849,8.68e+08,12,125000,1,0,21.4063,17803.3,0,-132.374,-137,1.58106
59626, 485.964, 26, -1,-1,-1,37.2033,12.4105,0.025119,8.68e+08,10,125000,1,0,15.8413,-13924.1,0,-131.653,-133,0.436224
59633, 486.314, 21, -1,-1,-1,51.8796,3.16644,0.015849,8.68e+08,10,125000,1,0,45.803,6365.83,0,-128.344,-133,0.436224
59636, 486.503, 27, -1,-1,-1,60.3201,4.95292,0.025119,8.68e+08,12,125000,1,0,21.0094,14820.2,1,-130.461,-137,1.58106
59638, 486.536, 39, -1,-1,-1,45.3641,29.0318,0.019953,8.68e+08,11,125000,1,0,5.88812,-2690.56,0,-135.257,-135,0.790528
59651, 486.709, 3, -1,-1,-1,55.0197,-4.92577,0.025119,8.68e+08,10,125000,1,0,41.608,14057.1,1,-126.869,-133,0.436224
59658, 487.019, 28, -1,-1,-1,55.2498,14.353,0.015849,8.68e+08,10,125000,1,0,20.8666,7567.16,0,-132.494,-133,0.436224
59665, 487.176, 55, -1,-1,-1,31.8166,28.0824,0.019953,8.68e+08,10,125000,1,0,-1.06268,-11204.6,0,-137.202,-133,0.436224
59692, 487.744, 14, -1,-1,-1,38.2352,-6.87066,0.025119,8.68e+08,10,125000,1,0,31.3653,-14643.6,0,-128.429,-133,0.436224
59695, 487.834, 0, -1,-1,-1,51.1806,-1.29064,0.025119,8.68e+08,10,125000,1,0,60.2657,6771.78,1,-124.969,-133,0.436224
59703, 488.185, 7, -1,-1,-1,46.3931,-2.63001,0.025119,8.68e+08,12,125000,1,0,74.5652,-4616.3,1,-124.186,-137,1.58106
59706, 488.238, 9, -1,-1,-1,43.9298,8.62537,0.015849,8.68e+08,11,125000,1,0,31.2928,-9045.41,1,-130.445,-135,0.790528
59718, 488.602, 37, -1,-1,-1,55.1185,20.5864,0.015849,8.68e+08,12,125000,1,0,14.3952,6308.25,0,-134.013,-137,1.58106
59725, 488.976, 19, -1,-1,-1,52.5578,8.66449,0.025119,8.68e+08,12,125000,1,0,32.4258,5393.67,0,-128.251,-137,1.58106
59737, 489.249, 15, -1,-1,-1,52.7206,6.93841,0.019953,8.68e+08,11,125000,1,0,35.6249,6068.99,0,-128.732,-135,0.790528
59739, 489.301, 46, -1,-1,-1,35.6726,30.6782,0.025119,8.68e+08,12,125000,1,0,-0.32485,-8683.02,0,-135.996,-137,1.58106
59741, 489.466, 10, -1,-1,-1,37.7624,-7.50647,0.025119,8.68e+08,11,125000,1,0,29.361,-14688,0,-128.785,-135,0.790528
59743, 489.623, 53, -1,-1,-1,37.2666,13.7158,0.019953,8.68e+08,12,125000,1,0,14.4243,-13525.8,0,-133.001,-137,1.58106
59755, 490.005, 38, -1,-1,-1,55.4525,23.897,0.025119,8.68e+08,11,125000,1,0,11.3638,6141.57,0,-132.785,-135,0.790528
59757, 490.118, 8, -1,-1,-1,49.2811,9.74921,0.025119,8.68e+08,12,125000,1,0,32.7629,-399.483,0,-128.195,-137,1.58106
59765, 490.506, 5, -1,-1,-1,45.2911,-1.97699,0.025119,8.68e+08,11,125000,1,0,64.4367,-7918.77,1,-124.685,-135,0.790528
59767, 490.561, 41, -1,-1,-1,44.2427,17.3363,0.025119,8.68e+08,12,125000,1,0,17.1961,-6435.5,0,-131.333,-137,1.58106
59769, 490.563, 22, -1,-1,-1,45.7768,6.11857,0.015849,8.68e+08,11,125000,1,0,40.0357,-6966.97,0,-129.084,-135,0.790528
59787, 491.123, 4, -1,-1,-1,52.5246,-6.48755,0.025119,8.68e+08,10,125000,1,0,55.1652,10892.4,1,-125.382,-133,0.436224
59789, 491.315, 30, -1,-1,-1,60.3678,25.9205,0.025119,8.68e+08,10,125000,1,0,7.96048,9955.68,0,-133.69,-133,0.436224
59792, 491.422, 51, -1,-1,-1,31.3978,-16.8263,0.019953,8.68e+08,11,125000,1,0,10.9264,-12444,1,-133.889,-135,0.790528
59794, 491.838, 45, -1,-1,-1,37.4342,26.8198,0.015849,8.68e+08,12,125000,1,0,3.32855,-9025.33,0,-136.967,-137,1.58106
59831, 493.426, 33, -1,-1,-1,46.0271,20.9413,0.019953,8.68e+08,10,125000,1,0,13.7856,-4059.39,0,-133.165,-133,0.436224
59833, 493.452, 57, -1,-1,-1,42.497,19.1227,0.015849,8.68e+08,12,125000,1,0,13.6541,-7850.73,0,-134.197,-137,1.58106
59845, 493.779, 59, -1,-1,-1,43.0069,22.2244,0.015849,8.68e+08,11,125000,1,0,10.7342,-6602.62,0,-134.948,-135,0.790528
59847, 493.95, 36, -1,-1,-1,56.739,26.2706,0.019953,8.68e+08,11,125000,1,0,9.21421,6869.64,0,-134.353,-135,0.790528
59849, 494.046, 23, -1,-1,-1,46.4547,14.2858,0.015849,8.68e+08,12,125000,1,0,22.967,-4769.06,0,-132.043,-137,1.58106
59856, 494.147, 11, -1,-1,-1,40.729,-0.942347,0.015849,8.68e+08,12,125000,1,0,38.5772,-14982.3,0,-129.289,-137,1.58106
59858, 494.442, 56, -1,-1,-1,61.255,29.3742,0.015849,8.68e+08,11,125000,1,0,5.66632,10067.7,0,-136.319,-135,0.790528
59871, 494.912, 12, -1,-1,-1,43.0813,-7.60286,0.019953,8.68e+08,12,125000,1,0,49.382,-9812.73,1,-126.943,-137,1.58106
59874, 494.922, 24, -1,-1,-1,46.1123,9.21262,0.019953,8.68e+08,11,125000,1,0,32.2738,-6360.66,1,-129.278,-135,0.790528
59876, 495.23, 40, -1,-1,-1,50.2872,33.8784,0.019953,8.68e+08,12,125000,1,0,3.56973,1444.42,0,-135.904,-137,1.58106
59883, 495.551, 44, -1,-1,-1,38.1663,21.4091,0.019953,8.68e+08,11,125000,1,0,7.90721,-10544.1,0,-134.701,-135,0.790528
59885, 495.551, 35, -1,-1,-1,41.9454,28.3607,0.019953,8.68e+08,11,125000,1,0,4.70686,-5915.26,0,-135.584,-135,0.790528
59907, 497.003, 47, -1,-1,-1,39.1478,29.5182,0.015849,8.68e+08,12,125000,1,0,2.28014,-7447.63,0,-137.263,-137,1.58106
59909, 497.431, 28, -1,-1,-1,55.2498,14.353,0.015849,8.68e+08,10,125000,1,0,21.4349,6736.13,0,-132.371,-133,0.436224
59912, 497.437, 13, -1,-1,-1,40.3136,-10.5179,0.015849,8.68e+08,10,125000,1,0,33.584,-11506.8,1,-130.058,-133,0.436224
59929, 498.457, 25, -1,-1,-1,42.9973,10.3296,0.015849,8.68e+08,12,125000,1,0,25.7483,-10478.8,0,-131.475,-137,1.58106
59931, 498.563, 54, -1,-1,-1,35.1679,33.0607,0.019953,8.68e+08,12,125000,1,0,-2.3399,-8572.65,0,-137.565,-137,1.58106
59933, 498.623, 34, -1,-1,-1,48.1582,23.6943,0.015849,8.68e+08,10,125000,1,0,11.6171,-1820.12,0,-134.72,-133,0.436224
59950, 499.175, 58, -1,-1,-1,41.7923,21.1679,0.025119,8.68e+08,11,125000,1,0,10.7609,-8231.06,0,-132.941,-135,0.790528
59953, 499.296, 2, -1,-1,-1,52.8574,-1.0846,0.019953,8.68e+08,12,125000,1,0,53.5718,8480.03,1,-126.527,-137,1.58106
59956, 499.354, 17, -1,-1,-1,52.0923,14.0787,0.025119,8.68e+08,10,125000,1,0,23.9565,2504.18,1,-129.838,-133,0.436224
59958, 499.544, 48, -1,-1,-1,66.9931,-20.4397,0.025119,8.68e+08,11,125000,1,0,9.51176,18744.4,0,-133.272,-135,0.790528
59975, 500.686, 41, -1,-1,-1,44.2427,17.3363,0.025119,8.68e+08,12,125000,1,0,16.7757,-7169.3,0,-131.434,-137,1.58106
59978, 500.69, 5, -1,-1,-1,45.2911,-1.97699,0.025119,8.68e+08,11,125000,1,0,60.4145,-9385.53,1,-124.959,-135,0.790528
59991, 500.995, 18, -1,-1,-1,49.4957,9.3861,0.025119,8.68e+08,10,125000,1,0,33.4535,-1073.47,1,-128.082,-133,0.436224
60113, 501.176, 42, -1,-1,-1,44.1598,19.4781,0.019953,8.68e+08,10,125000,1,0,14.1207,-6515.6,0,-133.082,-133,0.436224
60126, 501.671, 6, -1,-1,-1,43.3892,-0.476294,0.025119,8.68e+08,12,125000,1,0,47.3778,-12339.2,1,-126.164,-137,1.58106
60129, 501.741, 20, -1,-1,-1,50.995,4.58524,0.015849,8.68e+08,11,125000,1,0,45.3576,2441.7,1,-128.399,-135,0.790528
60132, 501.765, 14, -1,-1,-1,38.2352,-6.87066,0.025119,8.68e+08,10,125000,1,0,28.9878,-15177.2,1,-128.855,-133,0.436224
60139, 502.132, 9, -1,-1,-1,43.9298,8.62537,0.015849,8.68e+08,11,125000,1,0,29.7643,-9963.39,0,-130.717,-135,0.790528
60177, 502.851, 0, -1,-1,-1,51.1806,-1.29064,0.025119,8.68e+08,10,125000,1,0,64.2292,4814.57,1,-124.7,-133,0.436224
60179, 502.861, 29, -1,-1,-1,57.2186,11.901,0.019953,8.68e+08,10,125000,1,0,22.4563,9427.87,0,-131.152,-133,0.436224
60191, 503.037, 52, -1,-1,-1,27.6763,-17.5141,0.019953,8.68e+08,10,125000,1,0,5.38262,-13517.6,0,-135.384,-133,0.436224
60204, 503.472, 1, -1,-1,-1,53.3356,-4.09606,0.025119,8.68e+08,10,125000,1,0,55.6503,10306.3,1,-125.341,-133,0.436224
60206, 503.485, 51, -1,-1,-1,31.3978,-16.8263,0.019953,8.68e+08,11,125000,1,0,10.217,-12781.3,0,-134.076,-135,0.790528
60213, 503.696, 46, -1,-1,-1,35.6726,30.6782,0.025119,8.68e+08,12,125000,1,0,-0.713151,-8994.17,0,-136.107,-137,1.58106
60220, 503.792, 59, -1,-1,-1,43.0069,22.2244,0.015849,8.68e+08,11,125000,1,0,10.4199,-6941.36,0,-135.032,-135,0.790528
60222, 503.803, 53, -1,-1,-1,37.2666,13.7158,0.019953,8.68e+08,12,125000,1,0,13.3733,-13889.8,0,-133.266,-137,1.58106
60229, 504.089, 8, -1,-1,-1,49.2811,9.74921,0.025119,8.68e+08,12,125000,1,0,32.5763,-1673.33,0,-128.228,-137,1.58106
60231, 504.101, 50, -1,-1,-1,70.7907,22.181,0.015849,8.68e+08,11,125000,1,0,3.05017,15699.2,0,-137.05,-135,0.790528
60233, 504.122, 19, -1,-1,-1,52.5578,8.66449,0.025119,8.68e+08,12,125000,1,0,33.3375,4053.15,0,-128.101,-137,1.58106
60245, 504.951, 49, -1,-1,-1,60.9723,-8.53133,0.015849,8.68e+08,12,125000,1,0,24.1462,17450.3,0,-131.798,-137,1.58106
60247, 505.212, 12, -1,-1,-1,43.0813,-7.60286,0.019953,8.68e+08,12,125000,1,0,46.794,-10647.2,0,-127.23,-137,1.58106
60250, 505.366, 7, -1,-1,-1,46.3931,-2.63001,0.025119,8.68e+08,12,125000,1,0,67.1964,-7048.59,1,-124.525,-137,1.58106
60257, 505.492, 32, -1,-1,-1,51.1766,18.2126,0.019953,8.68e+08,12,125000,1,0,18.3959,968.327,0,-132.055,-137,1.58106
60260, 505.87, 31, -1,-1,-1,50.6555,15.3159,0.015849,8.68e+08,10,125000,1,0,22.4101,141.535,1,-132.163,-133,0.436224
60262, 506.221, 37, -1,-1,-1,55.1185,20.5864,0.015849,8.68e+08,12,125000,1,0,14.9726,5350.34,0,-133.872,-137,1.58106
60264, 506.268, 16, -1,-1,-1,53.2773,8.72452,0.025119,8.68e+08,12,125000,1,0,32.4765,4958.2,0,-128.245,-137,1.58106
60277, 506.875, 21, -1,-1,-1,51.8796,3.16644,0.015849,8.68e+08,10,125000,1,0,48.289,3922.47,1,-128.064,-133,0.436224
60294, 507.481, 24, -1,-1,-1,46.1123,9.21262,0.019953,8.68e+08,11,125000,1,0,31.2376,-7314.86,0,-129.457,-135,0.790528
60301, 507.68, 10, -1,-1,-1,37.7624,-7.50647,0.025119,8.68e+08,11,125000,1,0,26.5488,-15413.3,0,-129.315,-135,0.790528
60303, 507.716, 43, -1,-1,-1,39.7502,22.7721,0.025119,8.68e+08,10,125000,1,0,7.47599,-9425,0,-133.82,-133,0.436224
60306, 507.808, 26, -1,-1,-1,37.2033,12.4105,0.025119,8.68e+08,10,125000,1,0,14.0758,-14601.3,1,-132.09,-133,0.436224
60308, 508.105, 30, -1,-1,-1,60.3678,25.9205,0.025119,8.68e+08,10,125000,1,0,8.65327,9373.73,0,-133.505,-133,0.436224
60331, 508.682, 28, -1,-1,-1,55.2498,14.353,0.015849,8.68e+08,10,125000,1,0,22.0025,6099.54,1,-132.25,-133,0.436224
60358, 509.667, 39, -1,-1,-1,45.3641,29.0318,0.019953,8.68e+08,11,125000,1,0,5.60813,-3730.77,0,-135.336,-135,0.790528
60361, 509.695, 3, -1,-1,-1,55.0197,-4.92577,0.025119,8.68e+08,10,125000,1,0,48.1284,12369.4,1,-126.081,-133,0.436224
60374, 509.922, 2, -1,-1,-1,52.8574,-1.0846,0.019953,8.68e+08,12,125000,1,0,56.4045,7417.07,1,-126.277,-137,1.58106
60376, 509.958, 27, -1,-1,-1,60.3201,4.95292,0.025119,8.68e+08,12,125000,1,0,23.6918,13881.1,0,-129.892,-137,1.58106
60378, 509.976, 15, -1,-1,-1,52.7206,6.93841,0.019953,8.68e+08,11,125000,1,0,37.197,3988.3,0,-128.495,-135,0.790528
60380, 510, 55, -1,-1,-1,31.8166,28.0824,0.019953,8.68e+08,10,125000,1,0,-1.83583,-11706.6,0,-137.421,-133,0.436224
60382, 510.083, 11, -1,-1,-1,40.729,-0.942347,0.015849,8.68e+08,12,125000,1,0,34.8941,-15658.2,0,-129.848,-137,1.58106
60384, 510.44, 44, -1,-1,-1,38.1663,21.4091,0.019953,8.68e+08,11,125000,1,0,7.25419,-10974.9,0,-134.88,-135,0.790528
60386, 510.602, 38, -1,-1,-1,55.4525,23.897,0.025119,8.68e+08,11,125000,1,0,11.9369,5084.15,0,-132.639,-135,0.790528
60388, 510.659, 22, -1,-1,-1,45.7768,6.11857,0.015849,8.68e+08,11,125000,1,0,37.4219,-8856.25,0,-129.462,-135,0.790528
60406, 512.408, 4, -1,-1,-1,52.5246,-6.48755,0.025119,8.68e+08,10,125000,1,0,63.4982,8465.8,1,-124.748,-133,0.436224
60408, 512.503, 14, -1,-1,-1,38.2352,-6.87066,0.025119,8.68e+08,10,125000,1,0,27.2704,-15734.9,0,-129.177,-133,0.436224
60410, 513.305, 45, -1,-1,-1,37.4342,26.8198,0.015849,8.68e+08,12,125000,1,0,2.6431,-9693.66,0,-137.161,-137,1.58106
60427, 513.947, 33, -1,-1,-1,46.0271,20.9413,0.019953,8.68e+08,10,125000,1,0,13.2921,-5214.48,0,-133.292,-133,0.436224
60459, 514.736, 58, -1,-1,-1,41.7923,21.1679,0.025119,8.68e+08,11,125000,1,0,10.1548,-8846.3,0,-133.102,-135,0.790528
60461, 514.905, 34, -1,-1,-1,48.1582,23.6943,0.015849,8.68e+08,10,125000,1,0,11.4525,-2658.31,0,-134.764,-133,0.436224
60463, 514.967, 54, -1,-1,-1,35.1679,33.0607,0.019953,8.68e+08,12,125000,1,0,-2.7459,-8926.7,0,-137.68,-137,1.58106
60471, 515.307, 20, -1,-1,-1,50.995,4.58524,0.015849,8.68e+08,11,125000,1,0,45.8035,512.106,1,-128.348,-135,0.790528
60473, 515.337, 36, -1,-1,-1,56.739,26.2706,0.019953,8.68e+08,11,125000,1,0,9.83478,5870.42,0,-134.19,-135,0.790528
60481, 515.592, 13, -1,-1,-1,40.3136,-10.5179,0.015849,8.68e+08,10,125000,1,0,30.883,-12671.7,1,-130.517,-133,0.436224
60493, 516.04, 41, -1,-1,-1,44.2427,17.3363,0.025119,8.68e+08,12,125000,1,0,16.0866,-7960.81,0,-131.6,-137,1.58106
60500, 516.119, 47, -1,-1,-1,39.1478,29.5182,0.015849,8.68e+08,12,125000,1,0,1.79602,-8047.43,0,-137.401,-137,1.58106
60507, 516.255, 57, -1,-1,-1,42.497,19.1227,0.015849,8.68e+08,12,125000,1,0,12.6635,-8980.38,0,-134.45,-137,1.58106
60510, 516.662, 18, -1,-1,-1,49.4957,9.3861,0.025119,8.68e+08,10,125000,1,0,33.0553,-2889.73,1,-128.15,-133,0.436224
60512, 516.703, 35, -1,-1,-1,41.9454,28.3607,0.019953,8.68e+08,11,125000,1,0,4.23151,-6728.87,0,-135.718,-135,0.790528
60524, 517.146, 49, -1,-1,-1,60.9723,-8.53133,0.015849,8.68e+08,12,125000,1,0,26.0471,17003.6,0,-131.417,-137,1.58106
60531, 517.363, 23, -1,-1,-1,46.4547,14.2858,0.015849,8.68e+08,12,125000,1,0,21.9405,-6483.96,0,-132.264,-137,1.58106
60538, 517.642, 40, -1,-1,-1,50.2872,33.8784,0.019953,8.68e+08,12,125000,1,0,3.6579,502.44,0,-135.881,-137,1.58106
60546, 518.048, 48, -1,-1,-1,66.9931,-20.4397,0.025119,8.68e+08,11,125000,1,0,11.1218,18656,1,-132.849,-135,0.790528
60549, 518.071, 31, -1,-1,-1,50.6555,15.3159,0.015849,8.68e+08,10,125000,1,0,22.378,-984.483,1,-132.171,-133,0.436224
60556, 518.465, 6, -1,-1,-1,43.3892,-0.476294,0.025119,8.68e+08,12,125000,1,0,42.6374,-13850.3,0,-126.738,-137,1.58106
60559, 518.522, 7, -1,-1,-1,46.3931,-2.63001,0.025119,8.68e+08,12,125000,1,0,61.8015,-9017.09,1,-124.863,-137,1.58106
60566, 518.883, 56, -1,-1,-1,61.255,29.3742,0.015849,8.68e+08,11,125000,1,0,6.59365,9183.11,0,-136.066,-135,0.790528
60574, 519.186, 17, -1,-1,-1,52.0923,14.0787,0.025119,8.68e+08,10,125000,1,0,24.2841,914.478,1,-129.773,-133,0.436224
60586, 519.529, 25, -1,-1,-1,42.9973,10.3296,0.015849,8.68e+08,12,125000,1,0,23.7054,-11706.2,0,-131.89,-137,1.58106
60588, 519.863, 59, -1,-1,-1,43.0069,22.2244,0.015849,8.68e+08,11,125000,1,0,9.88052,-7876.65,0,-135.176,-135,0.790528
60596, 519.978, 24, -1,-1,-1,46.1123,9.21262,0.019953,8.68e+08,11,125000,1,0,30.1046,-8520.1,1,-129.658,-135,0.790528
60614, 520.358, 29, -1,-1,-1,57.2186,11.901,0.019953,8.68e+08,10,125000,1,0,23.7282,8051.41,1,-130.887,-133,0.436224
60621, 520.967, 51, -1,-1,-1,31.3978,-16.8263,0.019953,8.68e+08,11,125000,1,0,9.18861,-13309.3,0,-134.351,-135,0.790528
60624, 521.035, 12, -1,-1,-1,43.0813,-7.60286,0.019953,8.68e+08,12,125000,1,0,42.9275,-12262.7,1,-127.701,-137,1.58106
60631, 521.109, 10, -1,-1,-1,37.7624,-7.50647,0.025119,8.68e+08,11,125000,1,0,24.6123,-15797.3,0,-129.701,-135,0.790528
60633, 521.145, 9, -1,-1,-1,43.9298,8.62537,0.015849,8.68e+08,11,125000,1,0,27.611,-11186,0,-131.116,-135,0.790528
60645, 521.857, 42, -1,-1,-1,44.1598,19.4781,0.019953,8.68e+08,10,125000,1,0,13.3322,-7594.39,0,-133.282,-133,0.436224
60648, 521.874, 5, -1,-1,-1,45.2911,-1.97699,0.025119,8.68e+08,11,125000,1,0,52.7111,-11242.8,1,-125.611,-135,0.790528
60650, 522.071, 15, -1,-1,-1,52.7206,6.93841,0.019953,8.68e+08,11,125000,1,0,37.8403,2853.44,0,-128.402,-135,0.790528
60652, 522.317, 46, -1,-1,-1,35.6726,30.6782,0.025119,8.68e+08,12,125000,1,0,-1.23226,-9445.39,0,-136.254,-137,1.58106
60664, 523.242, 39, -1,-1,-1,45.3641,29.0318,0.019953,8.68e+08,11,125000,1,0,5.40506,-4219.09,0,-135.393,-135,0.790528
60676, 524.177, 16, -1,-1,-1,53.2773,8.72452,0.025119,8.68e+08,12,125000,1,0,33.4145,3287.6,0,-128.091,-137,1.58106
60683, 524.51, 30, -1,-1,-1,60.3678,25.9205,0.025119,8.68e+08,10,125000,1,0,9.3039,8770.58,0,-133.332,-133,0.436224
60690, 524.881, 21, -1,-1,-1,51.8796,3.16644,0.015849,8.68e+08,10,125000,1,0,49.5577,1673.79,0,-127.93,-133,0.436224
60698, 525.132, 1, -1,-1,-1,53.3356,-4.09606,0.025119,8.68e+08,10,125000,1,0,63.5165,7725.95,1,-124.749,-133,0.436224
60700, 525.757, 8, -1,-1,-1,49.2811,9.74921,0.025119,8.68e+08,12,125000,1,0,31.8268,-3778.22,0,-128.358,-137,1.58106
60717, 526.638, 19, -1,-1,-1,52.5578,8.66449,0.025119,8.68e+08,12,125000,1,0,34.2002,1782.98,0,-127.963,-137,1.58106
60720, 526.682, 26, -1,-1,-1,37.2033,12.4105,0.025119,8.68e+08,10,125000,1,0,12.6016,-15070.8,1,-132.463,-133,0.436224
60752, 527.209, 0, -1,-1,-1,51.1806,-1.29064,0.025119,8.68e+08,10,125000,1,0,68.1519,1052.47,0,-124.477,-133,0.436224
60754, 527.441, 4, -1,-1,-1,52.5246,-6.48755,0.025119,8.68e+08,10,125000,1,0,70.0364,6559.24,0,-124.382,-133,0.436224
60756, 527.504, 52, -1,-1,-1,27.6763,-17.5141,0.019953,8.68e+08,10,125000,1,0,4.13763,-14137.7,0,-135.732,-133,0.436224
60758, 527.537, 50, -1,-1,-1,70.7907,22.181,0.015849,8.68e+08,11,125000,1,0,4.33424,15316.8,0,-136.692,-135,0.790528
60760, 527.541, 27, -1,-1,-1,60.3201,4.95292,0.025119,8.68e+08,12,125000,1,0,25.803,13119,0,-129.467,-137,1.58106
60767, 527.791, 53, -1,-1,-1,37.2666,13.7158,0.019953,8.68e+08,12,125000,1,0,11.6359,-14593.9,0,-133.712,-137,1.58106
60770, 528.333, 38, -1,-1,-1,55.4525,23.897,0.025119,8.68e+08,11,125000,1,0,12.3526,4170.19,1,-132.534,-135,0.790528
60772, 528.633, 37, -1,-1,-1,55.1185,20.5864,0.015849,8.68e+08,12,125000,1,0,15.5777,3990.78,0,-133.726,-137,1.58106
60774, 528.683, 11, -1,-1,-1,40.729,-0.942347,0.015849,8.68e+08,12,125000,1,0,31.0752,-16337.6,0,-130.485,-137,1.58106
60796, 529.159, 43, -1,-1,-1,39.7502,22.7721,0.025119,8.68e+08,10,125000,1,0,6.63307,-10190.2,0,-134.052,-133,0.436224
60799, 529.522, 48, -1,-1,-1,66.9931,-20.4397,0.025119,8.68e+08,11,125000,1,0,12.1745,18675.7,1,-132.578,-135,0.790528
60816, 530.441, 32, -1,-1,-1,51.1766,18.2126,0.019953,8.68e+08,12,125000,1,0,18.4113,-823.644,0,-132.054,-137,1.58106
60819, 530.476, 2, -1,-1,-1,52.8574,-1.0846,0.019953,8.68e+08,12,125000,1,0,61.3243,4694.78,1,-125.898,-137,1.58106
60821, 530.49, 44, -1,-1,-1,38.1663,21.4091,0.019953,8.68e+08,11,125000,1,0,6.35756,-11591.4,0,-135.127,-135,0.790528
60839, 530.838, 14, -1,-1,-1,38.2352,-6.87066,0.025119,8.68e+08,10,125000,1,0,24.533,-16313.8,1,-129.719,-133,0.436224
60846, 531.034, 34, -1,-1,-1,48.1582,23.6943,0.015849,8.68e+08,10,125000,1,0,11.2227,-3468.86,0,-134.825,-133,0.436224
60853, 531.442, 35, -1,-1,-1,41.9454,28.3607,0.019953,8.68e+08,11,125000,1,0,3.87046,-7193.97,0,-135.82,-135,0.790528
60855, 531.503, 25, -1,-1,-1,42.9973,10.3296,0.015849,8.68e+08,12,125000,1,0,22.5378,-12200.2,0,-132.136,-137,1.58106
60857, 531.704, 59, -1,-1,-1,43.0069,22.2244,0.015849,8.68e+08,11,125000,1,0,9.45854,-8278.77,0,-135.289,-135,0.790528
60869, 532.077, 45, -1,-1,-1,37.4342,26.8198,0.015849,8.68e+08,12,125000,1,0,2.02049,-10206.9,0,-137.337,-137,1.58106
60872, 532.178, 3, -1,-1,-1,55.0197,-4.92577,0.025119,8.68e+08,10,125000,1,0,55.4892,10233.5,1,-125.359,-133,0.436224
60874, 532.325, 13, -1,-1,-1,40.3136,-10.5179,0.015849,8.68e+08,10,125000,1,0,28.465,-13564.7,0,-130.955,-133,0.436224
60886, 532.822, 54, -1,-1,-1,35.1679,33.0607,0.019953,8.68e+08,12,125000,1,0,-3.20295,-9312.64,0,-137.81,-137,1.58106
60898, 533.124, 31, -1,-1,-1,50.6555,15.3159,0.015849,8.68e+08,10,125000,1,0,22.2133,-2063.86,0,-132.208,-133,0.436224
60920, 533.454, 58, -1,-1,-1,41.7923,21.1679,0.025119,8.68e+08,11,125000,1,0,9.38648,-9586.41,0,-133.308,-135,0.790528
60923, 533.51, 18, -1,-1,-1,49.4957,9.3861,0.025119,8.68e+08,10,125000,1,0,32.3,-4445.74,1,-128.278,-133,0.436224
60930, 533.625, 28, -1,-1,-1,55.2498,14.353,0.015849,8.68e+08,10,125000,1,0,23.0525,4220,0,-132.03,-133,0.436224
60932, 533.686, 36, -1,-1,-1,56.739,26.2706,0.019953,8.68e+08,11,125000,1,0,10.3013,5006.73,0,-134.068,-135,0.790528
60944, 534.012, 22, -1,-1,-1,45.7768,6.11857,0.015849,8.68e+08,11,125000,1,0,34.1122,-10787.7,0,-129.978,-135,0.790528
60947, 534.064, 20, -1,-1,-1,50.995,4.58524,0.015849,8.68e+08,11,125000,1,0,45.5898,-1784.25,1,-128.376,-135,0.790528
60954, 534.643, 56, -1,-1,-1,61.255,29.3742,0.015849,8.68e+08,11,125000,1,0,7.16538,8662.1,0,-135.911,-135,0.790528
60956, 534.829, 55, -1,-1,-1,31.8166,28.0824,0.019953,8.68e+08,10,125000,1,0,-2.6901,-12227.2,0,-137.663,-133,0.436224
60959, 535.008, 7, -1,-1,-1,46.3931,-2.63001,0.025119,8.68e+08,12,125000,1,0,55.5406,-10777,1,-125.354,-137,1.58106
60961, 535.188, 6, -1,-1,-1,43.3892,-0.476294,0.025119,8.68e+08,12,125000,1,0,38.4131,-14769.7,0,-127.318,-137,1.58106
60973, 535.436, 57, -1,-1,-1,42.497,19.1227,0.015849,8.68e+08,12,125000,1,0,11.7717,-9809.61,0,-134.681,-137,1.58106
60976, 535.82, 29, -1,-1,-1,57.2186,11.901,0.019953,8.68e+08,10,125000,1,0,24.766,7046.79,1,-130.677,-133,0.436224
61008, 536.536, 42, -1,-1,-1,44.1598,19.4781,0.019953,8.68e+08,10,125000,1,0,12.7221,-8502.44,0,-133.438,-133,0.436224
61011, 536.768, 9, -1,-1,-1,43.9298,8.62537,0.015849,8.68e+08,11,125000,1,0,25.8323,-12313.5,1,-131.462,-135,0.790528
61013, 536.927, 49, -1,-1,-1,60.9723,-8.53133,0.015849,8.68e+08,12,125000,1,0,29.4388,16457.2,0,-130.779,-137,1.58106
61015, 537.034, 51, -1,-1,-1,31.3978,-16.8263,0.019953,8.68e+08,11,125000,1,0,8.24717,-13924.1,0,-134.605,-135,0.790528
61027, 537.482, 40, -1,-1,-1,50.2872,33.8784,0.019953,8.68e+08,12,125000,1,0,3.67584,-304.95,0,-135.878,-137,1.58106
61030, 537.604, 8, -1,-1,-1,49.2811,9.74921,0.025119,8.68e+08,12,125000,1,0,31.2044,-5061.38,1,-128.467,-137,1.58106
61037, 537.728, 47, -1,-1,-1,39.1478,29.5182,0.015849,8.68e+08,12,125000,1,0,1.21423,-8718.48,0,-137.566,-137,1.58106
61039, 537.842, 52, -1,-1,-1,27.6763,-17.5141,0.019953,8.68e+08,10,125000,1,0,3.61443,-14455.5,0,-135.878,-133,0.436224
61042, 537.923, 10, -1,-1,-1,37.7624,-7.50647,0.025119,8.68e+08,11,125000,1,0,22.3423,-16509.1,1,-130.175,-135,0.790528
61049, 538.074, 30, -1,-1,-1,60.3678,25.9205,0.025119,8.68e+08,10,125000,1,0,9.81823,8025.1,0,-133.196,-133,0.436224
61076, 538.93, 33, -1,-1,-1,46.0271,20.9413,0.019953,8.68e+08,10,125000,1,0,12.5478,-6600.55,0,-133.483,-133,0.436224
61079, 539.266, 4, -1,-1,-1,52.5246,-6.48755,0.025119,8.68e+08,10,125000,1,0,75.5077,4549.77,1,-124.16,-133,0.436224
61091, 539.619, 16, -1,-1,-1,53.2773,8.72452,0.025119,8.68e+08,12,125000,1,0,33.9169,1490.91,0,-128.011,-137,1.58106
61098, 539.741, 23, -1,-1,-1,46.4547,14.2858,0.015849,8.68e+08,12,125000,1,0,20.7387,-7982.87,0,-132.528,-137,1.58106
61100, 539.824, 12, -1,-1,-1,43.0813,-7.60286,0.019953,8.68e+08,12,125000,1,0,38.6175,-13568.4,0,-128.289,-137,1.58106
61102, 540.048, 27, -1,-1,-1,60.3201,4.95292,0.025119,8.68e+08,12,125000,1,0,27.3472,12282,0,-129.169,-137,1.58106
61105, 540.133, 26, -1,-1,-1,37.2033,12.4105,0.025119,8.68e+08,10,125000,1,0,11.5814,-15545,1,-132.727,-133,0.436224
61122, 540.862, 41, -1,-1,-1,44.2427,17.3363,0.025119,8.68e+08,12,125000,1,0,14.8657,-9298.75,0,-131.9,-137,1.58106
61124, 541.056, 46, -1,-1,-1,35.6726,30.6782,0.025119,8.68e+08,12,125000,1,0,-1.77156,-10123.7,0,-136.407,-137,1.58106
61126, 541.111, 24, -1,-1,-1,46.1123,9.21262,0.019953,8.68e+08,11,125000,1,0,28.0308,-9749.88,0,-130.04,-135,0.790528
61129, 541.59, 15, -1,-1,-1,52.7206,6.93841,0.019953,8.68e+08,11,125000,1,0,38.372,739.466,1,-128.327,-135,0.790528
61136, 542.262, 37, -1,-1,-1,55.1185,20.5864,0.015849,8.68e+08,12,125000,1,0,15.8661,3243.05,0,-133.658,-137,1.58106
61154, 542.969, 38, -1,-1,-1,55.4525,23.897,0.025119,8.68e+08,11,125000,1,0,12.6359,3438.99,1,-132.463,-135,0.790528
61157, 543.075, 1, -1,-1,-1,53.3356,-4.09606,0.025119,8.68e+08,10,125000,1,0,70.1805,5277.25,1,-124.378,-133,0.436224
61164, 543.403, 17, -1,-1,-1,52.0923,14.0787,0.025119,8.68e+08,10,125000,1,0,24.3119,-809.659,0,-129.77,-133,0.436224
61166, 543.594, 50, -1,-1,-1,70.7907,22.181,0.015849,8.68e+08,11,125000,1,0,5.23294,15099.3,0,-136.444,-135,0.790528
61184, 544.321, 3, -1,-1,-1,55.0197,-4.92577,0.025119,8.68e+08,10,125000,1,0,59.8441,9038.78,1,-125.007,-133,0.436224
61187, 544.417, 48, -1,-1,-1,66.9931,-20.4397,0.025119,8.68e+08,11,125000,1,0,13.6108,18619.3,1,-132.214,-135,0.790528
61200, 544.825, 19, -1,-1,-1,52.5578,8.66449,0.025119,8.68e+08,12,125000,1,0,34.4062,-36.6558,1,-127.932,-137,1.58106
61218, 545.794, 13, -1,-1,-1,40.3136,-10.5179,0.015849,8.68e+08,10,125000,1,0,26.5907,-14135.3,1,-131.312,-133,0.436224
61221, 545.831, 5, -1,-1,-1,45.2911,-1.97699,0.025119,8.68e+08,11,125000,1,0,45.1714,-13280.8,1,-126.426,-135,0.790528
61223, 545.836, 53, -1,-1,-1,37.2666,13.7158,0.019953,8.68e+08,12,125000,1,0,10.3669,-14991.6,0,-134.045,-137,1.58106
61235, 546.039, 11, -1,-1,-1,40.729,-0.942347,0.015849,8.68e+08,12,125000,1,0,27.9083,-16825,0,-131.061,-137,1.58106
61237, 546.09, 25, -1,-1,-1,42.9973,10.3296,0.015849,8.68e+08,12,125000,1,0,21.1242,-12798.2,0,-132.443,-137,1.58106
61240, 546.414, 21, -1,-1,-1,51.8796,3.16644,0.015849,8.68e+08,10,125000,1,0,49.6744,-1167.23,1,-127.92,-133,0.436224
61247, 546.645, 32, -1,-1,-1,51.1766,18.2126,0.019953,8.68e+08,12,125000,1,0,18.2695,-1877.98,0,-132.088,-137,1.58106
61254, 546.795, 39, -1,-1,-1,45.3641,29.0318,0.019953,8.68e+08,11,125000,1,0,4.98934,-5224.37,0,-135.51,-135,0.790528
61256, 547.352, 51, -1,-1,-1,31.3978,-16.8263,0.019953,8.68e+08,11,125000,1,0,7.64602,-14104.2,0,-134.768,-135,0.790528
61258, 547.563, 56, -1,-1,-1,61.255,29.3742,0.015849,8.68e+08,11,125000,1,0,7.61564,8257.52,0,-135.79,-135,0.790528
61270, 548.354, 43, -1,-1,-1,39.7502,22.7721,0.025119,8.68e+08,10,125000,1,0,5.852,-10793.7,0,-134.268,-133,0.436224
61293, 549.049, 0, -1,-1,-1,51.1806,-1.29064,0.025119,8.68e+08,10,125000,1,0,67.2589,-2372.75,1,-124.528,-133,0.436224
61300, 549.082, 42, -1,-1,-1,44.1598,19.4781,0.019953,8.68e+08,10,125000,1,0,12.1732,-8977.45,0,-133.579,-133,0.436224
61318, 549.587, 29, -1,-1,-1,57.2186,11.901,0.019953,8.68e+08,10,125000,1,0,25.5996,6123.22,1,-130.511,-133,0.436224
61320, 549.613, 34, -1,-1,-1,48.1582,23.6943,0.015849,8.68e+08,10,125000,1,0,10.8802,-4415.73,0,-134.917,-133,0.436224
61322, 549.628, 59, -1,-1,-1,43.0069,22.2244,0.015849,8.68e+08,11,125000,1,0,8.78565,-8980.94,0,-135.47,-135,0.790528
61334, 549.784, 40, -1,-1,-1,50.2872,33.8784,0.019953,8.68e+08,12,125000,1,0,3.6585,-706.794,0,-135.884,-137,1.58106
61336, 549.796, 33, -1,-1,-1,46.0271,20.9413,0.019953,8.68e+08,10,125000,1,0,12.1812,-7021.63,0,-133.578,-133,0.436224
61338, 550.065, 27, -1,-1,-1,60.3201,4.95292,0.025119,8.68e+08,12,125000,1,0,28.602,11867.3,0,-128.935,-137,1.58106
61341, 550.109, 18, -1,-1,-1,49.4957,9.3861,0.025119,8.68e+08,10,125000,1,0,31.2699,-5890.65,1,-128.457,-133,0.436224
61348, 550.632, 6, -1,-1,-1,43.3892,-0.476294,0.025119,8.68e+08,12,125000,1,0,34.9105,-15436.9,0,-127.85,-137,1.58106
61490, 551.268, 7, -1,-1,-1,46.3931,-2.63001,0.025119,8.68e+08,12,125000,1,0,49.968,-12216,0,-125.889,-137,1.58106
61492, 551.789, 44, -1,-1,-1,38.1663,21.4091,0.019953,8.68e+08,11,125000,1,0,5.39055,-12200.1,0,-135.395,-135,0.790528
61494, 551.998, 2, -1,-1,-1,52.8574,-1.0846,0.019953,8.68e+08,12,125000,1,0,64.5525,1512.88,0,-125.686,-137,1.58106
61501, 552.74, 49, -1,-1,-1,60.9723,-8.53133,0.015849,8.68e+08,12,125000,1,0,32.469,15979.2,0,-130.251,-137,1.58106
61508, 552.747, 8, -1,-1,-1,49.2811,9.74921,0.025119,8.68e+08,12,125000,1,0,30.2248,-6301.48,0,-128.641,-137,1.58106
61515, 552.781, 23, -1,-1,-1,46.4547,14.2858,0.015849,8.68e+08,12,125000,1,0,19.9636,-8670.07,0,-132.702,-137,1.58106
61527, 553.48, 17, -1,-1,-1,52.0923,14.0787,0.025119,8.68e+08,10,125000,1,0,24.2019,-1778.41,0,-129.794,-133,0.436224
61529, 553.507, 35, -1,-1,-1,41.9454,28.3607,0.019953,8.68e+08,11,125000,1,0,3.28916,-7977.15,0,-135.984,-135,0.790528
61537, 553.536, 22, -1,-1,-1,45.7768,6.11857,0.015849,8.68e+08,11,125000,1,0,31.3008,-12092.5,1,-130.451,-135,0.790528
61539, 553.587, 14, -1,-1,-1,38.2352,-6.87066,0.025119,8.68e+08,10,125000,1,0,21.4487,-16947,0,-130.369,-133,0.436224
61551, 554.298, 9, -1,-1,-1,43.9298,8.62537,0.015849,8.68e+08,11,125000,1,0,23.8626,-13146.2,0,-131.862,-135,0.790528
61559, 554.343, 37, -1,-1,-1,55.1185,20.5864,0.015849,8.68e+08,12,125000,1,0,16.0675,2316.43,1,-133.611,-137,1.58106
61571, 554.628, 15, -1,-1,-1,52.7206,6.93841,0.019953,8.68e+08,11,125000,1,0,38.3532,-929.094,0,-128.331,-135,0.790528
61589, 554.735, 28, -1,-1,-1,55.2498,14.353,0.015849,8.68e+08,10,125000,1,0,23.6732,2579.85,1,-131.903,-133,0.436224
61596, 554.839, 38, -1,-1,-1,55.4525,23.897,0.025119,8.68e+08,11,125000,1,0,12.8232,2611.78,0,-132.416,-135,0.790528
61603, 555.072, 30, -1,-1,-1,60.3678,25.9205,0.025119,8.68e+08,10,125000,1,0,10.4272,7312.56,0,-133.037,-133,0.436224
61605, 555.149, 20, -1,-1,-1,50.995,4.58524,0.015849,8.68e+08,11,125000,1,0,44.2553,-4327.38,0,-128.54,-135,0.790528
61612, 555.424, 24, -1,-1,-1,46.1123,9.21262,0.019953,8.68e+08,11,125000,1,0,26.5608,-10894.3,0,-130.322,-135,0.790528
61624, 555.455, 10, -1,-1,-1,37.7624,-7.50647,0.025119,8.68e+08,11,125000,1,0,20.1441,-16914.6,0,-130.656,-135,0.790528
61626, 555.862, 55, -1,-1,-1,31.8166,28.0824,0.019953,8.68e+08,10,125000,1,0,-3.42165,-12594.4,0,-137.869,-133,0.436224
61628, 556.078, 47, -1,-1,-1,39.1478,29.5182,0.015849,8.68e+08,12,125000,1,0,0.695004,-9217.32,0,-137.714,-137,1.58106
61635, 556.417, 57, -1,-1,-1,42.497,19.1227,0.015849,8.68e+08,12,125000,1,0,10.7517,-10660.5,0,-134.948,-137,1.58106
61637, 556.497, 45, -1,-1,-1,37.4342,26.8198,0.015849,8.68e+08,12,125000,1,0,1.18435,-10895.6,0,-137.574,-137,1.58106
61644, 556.921, 16, -1,-1,-1,53.2773,8.72452,0.025119,8.68e+08,12,125000,1,0,34.106,-213.449,0,-127.982,-137,1.58106
61646, 557.032, 54, -1,-1,-1,35.1679,33.0607,0.019953,8.68e+08,12,125000,1,0,-3.84512,-9890.46,0,-137.991,-137,1.58106
61668, 557.872, 58, -1,-1,-1,41.7923,21.1679,0.025119,8.68e+08,11,125000,1,0,8.33415,-10544.2,0,-133.592,-135,0.790528
61670, 557.931, 19, -1,-1,-1,52.5578,8.66449,0.025119,8.68e+08,12,125000,1,0,34.2697,-1596.94,0,-127.956,-137,1.58106
61673, 558.038, 31, -1,-1,-1,50.6555,15.3159,0.015849,8.68e+08,10,125000,1,0,21.6516,-3994.38,1,-132.332,-133,0.436224
61675, 558.223, 11, -1,-1,-1,40.729,-0.942347,0.015849,8.68e+08,12,125000,1,0,25.8812,-17304.1,0,-131.453,-137,1.58106
61677, 558.415, 36, -1,-1,-1,56.739,26.2706,0.019953,8.68e+08,11,125000,1,0,10.8206,3693.72,0,-133.934,-135,0.790528
61700, 559.348, 48, -1,-1,-1,66.9931,-20.4397,0.025119,8.68e+08,11,125000,1,0,15.1389,18310.3,1,-131.836,-135,0.790528
61702, 559.427, 46, -1,-1,-1,35.6726,30.6782,0.025119,8.68e+08,12,125000,1,0,-2.31453,-10511.8,0,-136.561,-137,1.58106
61709, 559.548, 26, -1,-1,-1,37.2033,12.4105,0.025119,8.68e+08,10,125000,1,0,10.1538,-15924.5,0,-133.102,-133,0.436224
61712, 559.568, 1, -1,-1,-1,53.3356,-4.09606,0.025119,8.68e+08,10,125000,1,0,75.4433,2369.9,1,-124.165,-133,0.436224
61719, 559.94, 59, -1,-1,-1,43.0069,22.2244,0.015849,8.68e+08,11,125000,1,0,8.38241,-9511.2,0,-135.58,-135,0.790528
61722, 560.144, 4, -1,-1,-1,52.5246,-6.48755,0.025119,8.68e+08,10,125000,1,0,85.6042,1170.05,1,-123.938,-133,0.436224
61729, 561.031, 40, -1,-1,-1,50.2872,33.8784,0.019953,8.68e+08,12,125000,1,0,3.62368,-1308.31,0,-135.894,-137,1.58106
61741, 561.476, 52, -1,-1,-1,27.6763,-17.5141,0.019953,8.68e+08,10,125000,1,0,2.42745,-14763,0,-136.213,-133,0.436224
61749, 562.156, 12, -1,-1,-1,43.0813,-7.60286,0.019953,8.68e+08,12,125000,1,0,33.9672,-14559.9,1,-129.003,-137,1.58106
61751, 562.39, 50, -1,-1,-1,70.7907,22.181,0.015849,8.68e+08,11,125000,1,0,6.30395,14768.5,0,-136.149,-135,0.790528
61753, 562.813, 53, -1,-1,-1,37.2666,13.7158,0.019953,8.68e+08,12,125000,1,0,9.20469,-15304.5,0,-134.355,-137,1.58106
61771, 563.79, 18, -1,-1,-1,49.4957,9.3861,0.025119,8.68e+08,10,125000,1,0,30.2472,-6948.31,1,-128.638,-133,0.436224
61783, 564.064, 34, -1,-1,-1,48.1582,23.6943,0.015849,8.68e+08,10,125000,1,0,10.5603,-5068.53,0,-135.002,-133,0.436224
61790, 564.56, 41, -1,-1,-1,44.2427,17.3363,0.025119,8.68e+08,12,125000,1,0,13.6104,-10164.6,0,-132.215,-137,1.58106
61802, 565.465, 8, -1,-1,-1,49.2811,9.74921,0.025119,8.68e+08,12,125000,1,0,29.27,-7226.14,0,-128.814,-137,1.58106
61804, 565.511, 49, -1,-1,-1,60.9723,-8.53133,0.015849,8.68e+08,12,125000,1,0,35.1558,15575.8,0,-129.815,-137,1.58106
61812, 565.726, 13, -1,-1,-1,40.3136,-10.5179,0.015849,8.68e+08,10,125000,1,0,23.9529,-14964.2,1,-131.842,-133,0.436224
61819, 565.831, 27, -1,-1,-1,60.3201,4.95292,0.025119,8.68e+08,12,125000,1,0,30.5902,10941.5,0,-128.577,-137,1.58106
61831, 566.236, 33, -1,-1,-1,46.0271,20.9413,0.019953,8.68e+08,10,125000,1,0,11.5841,-7760.13,0,-133.734,-133,0.436224
61833, 566.449, 56, -1,-1,-1,61.255,29.3742,0.015849,8.68e+08,11,125000,1,0,8.23891,7508.42,0,-135.623,-135,0.790528
61845, 566.594, 6, -1,-1,-1,43.3892,-0.476294,0.025119,8.68e+08,12,125000,1,0,31.6462,-16009.2,0,-128.391,-137,1.58106
61852, 566.902, 51, -1,-1,-1,31.3978,-16.8263,0.019953,8.68e+08,11,125000,1,0,6.51729,-14572.2,0,-135.078,-135,0.790528
61855, 566.908, 0, -1,-1,-1,51.1806,-1.29064,0.025119,8.68e+08,10,125000,1,0,63.704,-4962.61,1,-124.742,-133,0.436224
61857, 566.943, 44, -1,-1,-1,38.1663,21.4091,0.019953,8.68e+08,11,125000,1,0,4.69712,-12524.7,0,-135.589,-135,0.790528
61864, 567.108, 29, -1,-1,-1,57.2186,11.901,0.019953,8.68e+08,10,125000,1,0,26.5057,4784.57,0,-130.335,-133,0.436224
61866, 567.34, 39, -1,-1,-1,45.3641,29.0318,0.019953,8.68e+08,11,125000,1,0,4.56608,-6031.22,0,-135.63,-135,0.790528
61884, 567.851, 5, -1,-1,-1,45.2911,-1.97699,0.025119,8.68e+08,11,125000,1,0,39.2681,-14676.5,1,-127.2,-135,0.790528
61897, 567.972, 3, -1,-1,-1,55.0197,-4.92577,0.025119,8.68e+08,10,125000,1,0,68.751,5857.89,1,-124.451,-133,0.436224
61899, 568.069, 14, -1,-1,-1,38.2352,-6.87066,0.025119,8.68e+08,10,125000,1,0,19.6455,-17193.6,0,-130.77,-133,0.436224
61901, 568.293, 42, -1,-1,-1,44.1598,19.4781,0.019953,8.68e+08,10,125000,1,0,11.2927,-9789.36,0,-133.809,-133,0.436224
61903, 568.372, 43, -1,-1,-1,39.7502,22.7721,0.025119,8.68e+08,10,125000,1,0,5.0177,-11381.1,0,-134.501,-133,0.436224
61920, 569.397, 32, -1,-1,-1,51.1766,18.2126,0.019953,8.68e+08,12,125000,1,0,17.8767,-3440.01,0,-132.182,-137,1.58106
61928, 569.604, 21, -1,-1,-1,51.8796,3.16644,0.015849,8.68e+08,10,125000,1,0,48.0913,-4173.4,1,-128.094,-133,0.436224
61941, 570.237, 20, -1,-1,-1,50.995,4.58524,0.015849,8.68e+08,11,125000,1,0,42.7153,-5925.87,1,-128.736,-135,0.790528
61948, 570.329, 25, -1,-1,-1,42.9973,10.3296,0.015849,8.68e+08,12,125000,1,0,18.8251,-13826.9,0,-132.96,-137,1.58106
61950, 570.5, 48, -1,-1,-1,66.9931,-20.4397,0.025119,8.68e+08,11,125000,1,0,16.3447,18297.8,0,-131.544,-135,0.790528
61953, 570.569, 7, -1,-1,-1,46.3931,-2.63001,0.025119,8.68e+08,12,125000,1,0,44.1142,-13658.5,1,-126.558,-137,1.58106
61955, 570.628, 35, -1,-1,-1,41.9454,28.3607,0.019953,8.68e+08,11,125000,1,0,2.80821,-8494.72,0,-136.12,-135,0.790528
61972, 571.072, 10, -1,-1,-1,37.7624,-7.50647,0.025119,8.68e+08,11,125000,1,0,18.3182,-17191.4,0,-131.073,-135,0.790528
61985, 571.467, 17, -1,-1,-1,52.0923,14.0787,0.025119,8.68e+08,10,125000,1,0,23.8342,-3174.33,1,-129.872,-133,0.436224
61987, 571.47, 59, -1,-1,-1,43.0069,22.2244,0.015849,8.68e+08,11,125000,1,0,7.91969,-9826.94,0,-135.706,-135,0.790528
61994, 571.592, 28, -1,-1,-1,55.2498,14.353,0.015849,8.68e+08,10,125000,1,0,23.9665,1290.45,0,-131.844,-133,0.436224
62011, 572.002, 26, -1,-1,-1,37.2033,12.4105,0.025119,8.68e+08,10,125000,1,0,9.26574,-16052,0,-133.339,-133,0.436224
62013, 572.056, 52, -1,-1,-1,27.6763,-17.5141,0.019953,8.68e+08,10,125000,1,0,1.90086,-15049.2,0,-136.362,-133,0.436224
62021, 572.209, 38, -1,-1,-1,55.4525,23.897,0.025119,8.68e+08,11,125000,1,0,13.0252,1656.53,1,-132.366,-135,0.790528
62033, 572.363, 46, -1,-1,-1,35.6726,30.6782,0.025119,8.68e+08,12,125000,1,0,-2.70433,-10695.7,0,-136.671,-137,1.58106
62046, 573.17, 4, -1,-1,-1,52.5246,-6.48755,0.025119,8.68e+08,10,125000,1,0,87.5389,-844.703,1,-123.925,-133,0.436224
62053, 573.265, 54, -1,-1,-1,35.1679,33.0607,0.019953,8.68e+08,12,125000,1,0,-4.28844,-10172.9,0,-138.115,-137,1.58106
62060, 573.554, 53, -1,-1,-1,37.2666,13.7158,0.019953,8.68e+08,12,125000,1,0,8.48538,-15638.5,0,-134.548,-137,1.58106
62063, 573.603, 58, -1,-1,-1,41.7923,21.1679,0.025119,8.68e+08,11,125000,1,0,7.63377,-11020.2,1,-133.783,-135,0.790528
62065, 573.682, 11, -1,-1,-1,40.729,-0.942347,0.015849,8.68e+08,12,125000,1,0,23.5109,-17572.3,0,-131.934,-137,1.58106
62072, 573.854, 19, -1,-1,-1,52.5578,8.66449,0.025119,8.68e+08,12,125000,1,0,33.7921,-3118.59,0,-128.035,-137,1.58106
62080, 573.944, 2, -1,-1,-1,52.8574,-1.0846,0.019953,8.68e+08,12,125000,1,0,64.4396,-1855.91,1,-125.696,-137,1.58106
62102, 574.475, 22, -1,-1,-1,45.7768,6.11857,0.015849,8.68e+08,11,125000,1,0,28.3575,-13284.6,0,-130.982,-135,0.790528
62104, 574.652, 24, -1,-1,-1,46.1123,9.21262,0.019953,8.68e+08,11,125000,1,0,24.5572,-11976.2,0,-130.722,-135,0.790528
62106, 574.805, 37, -1,-1,-1,55.1185,20.5864,0.015849,8.68e+08,12,125000,1,0,16.2854,1004.22,0,-133.56,-137,1.58106
62113, 575.134, 57, -1,-1,-1,42.497,19.1227,0.015849,8.68e+08,12,125000,1,0,9.81423,-11322.9,0,-135.197,-137,1.58106
62135, 575.545, 41, -1,-1,-1,44.2427,17.3363,0.025119,8.68e+08,12,125000,1,0,13.0081,-10773.8,0,-132.368,-137,1.58106
62142, 575.681, 47, -1,-1,-1,39.1478,29.5182,0.015849,8.68e+08,12,125000,1,0,0.118249,-9734.01,0,-137.878,-137,1.58106
62144, 575.721, 23, -1,-1,-1,46.4547,14.2858,0.015849,8.68e+08,12,125000,1,0,18.5049,-9978.97,0,-133.036,-137,1.58106
62146, 575.949, 34, -1,-1,-1,48.1582,23.6943,0.015849,8.68e+08,10,125000,1,0,10.2647,-5806.98,0,-135.081,-133,0.436224
62149, 575.993, 18, -1,-1,-1,49.4957,9.3861,0.025119,8.68e+08,10,125000,1,0,29.2313,-8117.11,1,-128.823,-133,0.436224
62152, 575.993, 15, -1,-1,-1,52.7206,6.93841,0.019953,8.68e+08,11,125000,1,0,37.6807,-3263.56,1,-128.432,-135,0.790528
62159, 576.034, 27, -1,-1,-1,60.3201,4.95292,0.025119,8.68e+08,12,125000,1,0,31.8699,10063.6,0,-128.356,-137,1.58106
62166, 576.399, 8, -1,-1,-1,49.2811,9.74921,0.025119,8.68e+08,12,125000,1,0,28.3728,-8245.72,0,-128.981,-137,1.58106
62169, 576.625, 31, -1,-1,-1,50.6555,15.3159,0.015849,8.68e+08,10,125000,1,0,21.02,-5292.99,1,-132.471,-133,0.436224
62171, 576.916, 16, -1,-1,-1,53.2773,8.72452,0.025119,8.68e+08,12,125000,1,0,33.8178,-2229.17,0,-128.032,-137,1.58106
62173, 577.023, 40, -1,-1,-1,50.2872,33.8784,0.019953,8.68e+08,12,125000,1,0,3.54328,-1901.09,0,-135.918,-137,1.58106
62180, 577.591, 49, -1,-1,-1,60.9723,-8.53133,0.015849,8.68e+08,12,125000,1,0,37.9192,14810.8,0,-129.396,-137,1.58106
62187, 578.079, 50, -1,-1,-1,70.7907,22.181,0.015849,8.68e+08,11,125000,1,0,7.21294,14253.8,0,-135.902,-135,0.790528
62200, 578.393, 9, -1,-1,-1,43.9298,8.62537,0.015849,8.68e+08,11,125000,1,0,21.2435,-14210.2,1,-132.42,-135,0.790528
62208, 578.616, 30, -1,-1,-1,60.3678,25.9205,0.025119,8.68e+08,10,125000,1,0,11.1928,6153.64,1,-132.839,-133,0.436224
62216, 579.4, 36, -1,-1,-1,56.739,26.2706,0.019953,8.68e+08,11,125000,1,0,11.1519,2578.13,1,-133.85,-135,0.790528
62218, 579.556, 55, -1,-1,-1,31.8166,28.0824,0.019953,8.68e+08,10,125000,1,0,-4.25179,-13002.4,0,-138.102,-133,0.436224
62220, 579.956, 45, -1,-1,-1,37.4342,26.8198,0.015849,8.68e+08,12,125000,1,0,0.359216,-11492.2,0,-137.808,-137,1.58106
62247, 581.08, 44, -1,-1,-1,38.1663,21.4091,0.019953,8.68e+08,11,125000,1,0,4.04825,-12785.2,0,-135.77,-135,0.790528
62250, 581.127, 20, -1,-1,-1,50.995,4.58524,0.015849,8.68e+08,11,125000,1,0,41.3774,-6900.69,1,-128.913,-135,0.790528
62252, 581.187, 10, -1,-1,-1,37.7624,-7.50647,0.025119,8.68e+08,11,125000,1,0,17.1962,-17263.8,0,-131.336,-135,0.790528
62255, 581.348, 13, -1,-1,-1,40.3136,-10.5179,0.015849,8.68e+08,10,125000,1,0,22.0042,-15459.5,1,-132.253,-133,0.436224
62278, 581.96, 1, -1,-1,-1,53.3356,-4.09606,0.025119,8.68e+08,10,125000,1,0,77.3529,-862.442,1,-124.106,-133,0.436224
62280, 582.004, 43, -1,-1,-1,39.7502,22.7721,0.025119,8.68e+08,10,125000,1,0,4.44099,-11671.2,0,-134.662,-133,0.436224
62297, 582.365, 26, -1,-1,-1,37.2033,12.4105,0.025119,8.68e+08,10,125000,1,0,8.54293,-16101.7,0,-133.533,-133,0.436224
62299, 582.366, 46, -1,-1,-1,35.6726,30.6782,0.025119,8.68e+08,12,125000,1,0,-3.00947,-10771.5,0,-136.758,-137,1.58106
62302, 582.37, 5, -1,-1,-1,45.2911,-1.97699,0.025119,8.68e+08,11,125000,1,0,35.8463,-15301.3,1,-127.708,-135,0.790528
62310, 582.707, 28, -1,-1,-1,55.2498,14.353,0.015849,8.68e+08,10,125000,1,0,24.055,534.757,1,-131.828,-133,0.436224
62312, 583.033, 39, -1,-1,-1,45.3641,29.0318,0.019953,8.68e+08,11,125000,1,0,4.20821,-6561.3,0,-135.731,-135,0.790528
62319, 583.617, 52, -1,-1,-1,27.6763,-17.5141,0.019953,8.68e+08,10,125000,1,0,1.32928,-15161.7,0,-136.523,-133,0.436224
62322, 583.656, 12, -1,-1,-1,43.0813,-7.60286,0.019953,8.68e+08,12,125000,1,0,29.9746,-15533.2,1,-129.686,-137,1.58106
62324, 583.97, 32, -1,-1,-1,51.1766,18.2126,0.019953,8.68e+08,12,125000,1,0,17.5144,-4305.12,0,-132.269,-137,1.58106
62332, 584.609, 14, -1,-1,-1,38.2352,-6.87066,0.025119,8.68e+08,10,125000,1,0,17.7209,-17458.7,1,-131.213,-133,0.436224
62364, 586.408, 35, -1,-1,-1,41.9454,28.3607,0.019953,8.68e+08,11,125000,1,0,2.34461,-8925.99,0,-136.252,-135,0.790528
62366, 586.488, 27, -1,-1,-1,60.3201,4.95292,0.025119,8.68e+08,12,125000,1,0,33.1591,9434.03,0,-128.14,-137,1.58106
62368, 586.499, 51, -1,-1,-1,31.3978,-16.8263,0.019953,8.68e+08,11,125000,1,0,5.40202,-14988.4,0,-135.386,-135,0.790528
62380, 586.805, 58, -1,-1,-1,41.7923,21.1679,0.025119,8.68e+08,11,125000,1,0,7.03607,-11349.9,0,-133.947,-135,0.790528
62382, 586.997, 54, -1,-1,-1,35.1679,33.0607,0.019953,8.68e+08,12,125000,1,0,-4.67056,-10358.9,0,-138.222,-137,1.58106
62390, 587.484, 15, -1,-1,-1,52.7206,6.93841,0.019953,8.68e+08,11,125000,1,0,37.0168,-4308.26,1,-128.532,-135,0.790528
62392, 587.583, 7, -1,-1,-1,46.3931,-2.63001,0.025119,8.68e+08,12,125000,1,0,39.5801,-14633.5,0,-127.159,-137,1.58106
62395, 587.784, 3, -1,-1,-1,55.0197,-4.92577,0.025119,8.68e+08,10,125000,1,0,75.5113,2854.24,1,-124.166,-133,0.436224
62397, 588.18, 23, -1,-1,-1,46.4547,14.2858,0.015849,8.68e+08,12,125000,1,0,17.6769,-10498,0,-133.229,-137,1.58106
62429, 589.439, 29, -1,-1,-1,57.2186,11.901,0.019953,8.68e+08,10,125000,1,0,27.3526,2883.84,0,-130.175,-133,0.436224
62431, 589.544, 33, -1,-1,-1,46.0271,20.9413,0.019953,8.68e+08,10,125000,1,0,10.6634,-8840.87,0,-133.976,-133,0.436224
62438, 589.732, 18, -1,-1,-1,49.4957,9.3861,0.025119,8.68e+08,10,125000,1,0,27.9996,-9032.04,0,-129.052,-133,0.436224
62440, 589.816, 21, -1,-1,-1,51.8796,3.16644,0.015849,8.68e+08,10,125000,1,0,45.577,-6538.19,0,-128.384,-133,0.436224
62463, 590.339, 0, -1,-1,-1,51.1806,-1.29064,0.025119,8.68e+08,10,125000,1,0,57.2137,-8108.85,1,-125.22,-133,0.436224
62465, 590.367, 56, -1,-1,-1,61.255,29.3742,0.015849,8.68e+08,11,125000,1,0,8.95853,6424.49,0,-135.431,-135,0.790528
62467, 590.381, 55, -1,-1,-1,31.8166,28.0824,0.019953,8.68e+08,10,125000,1,0,-4.63253,-13042.4,0,-138.208,-133,0.436224
62479, 590.645, 25, -1,-1,-1,42.9973,10.3296,0.015849,8.68e+08,12,125000,1,0,16.9659,-14512.1,0,-133.395,-137,1.58106
62481, 590.742, 37, -1,-1,-1,55.1185,20.5864,0.015849,8.68e+08,12,125000,1,0,16.3439,34.6295,0,-133.548,-137,1.58106
62488, 590.965, 9, -1,-1,-1,43.9298,8.62537,0.015849,8.68e+08,11,125000,1,0,19.9287,-14555.6,0,-132.712,-135,0.790528
62506, 591.197, 48, -1,-1,-1,66.9931,-20.4397,0.025119,8.68e+08,11,125000,1,0,18.749,18031.4,1,-130.982,-135,0.790528
62508, 591.328, 38, -1,-1,-1,55.4525,23.897,0.025119,8.68e+08,11,125000,1,0,13.1447,562.843,0,-132.338,-135,0.790528
62515, 591.476, 6, -1,-1,-1,43.3892,-0.476294,0.025119,8.68e+08,12,125000,1,0,27.1732,-16857.7,0,-129.206,-137,1.58106
62523, 591.613, 4, -1,-1,-1,52.5246,-6.48755,0.025119,8.68e+08,10,125000,1,0,78.6345,-3821.63,1,-124.071,-133,0.436224
62525, 591.719, 50, -1,-1,-1,70.7907,22.181,0.015849,8.68e+08,11,125000,1,0,8.01352,14026.9,0,-135.685,-135,0.790528
62532, 591.914, 13, -1,-1,-1,40.3136,-10.5179,0.015849,8.68e+08,10,125000,1,0,20.7448,-15913.2,0,-132.528,-133,0.436224
62544, 592.262, 42, -1,-1,-1,44.1598,19.4781,0.019953,8.68e+08,10,125000,1,0,10.143,-10771.2,0,-134.112,-133,0.436224
62546, 592.44, 34, -1,-1,-1,48.1582,23.6943,0.015849,8.68e+08,10,125000,1,0,9.81005,-6535.81,0,-135.202,-133,0.436224
62548, 592.688, 19, -1,-1,-1,52.5578,8.66449,0.025119,8.68e+08,12,125000,1,0,32.8271,-4903.91,0,-128.197,-137,1.58106
62550, 592.711, 41, -1,-1,-1,44.2427,17.3363,0.025119,8.68e+08,12,125000,1,0,12.0493,-11406.5,0,-132.615,-137,1.58106
62557, 592.912, 16, -1,-1,-1,53.2773,8.72452,0.025119,8.68e+08,12,125000,1,0,33.2145,-3728.88,0,-128.132,-137,1.58106
62564, 593.606, 53, -1,-1,-1,37.2666,13.7158,0.019953,8.68e+08,12,125000,1,0,7.17586,-15973.7,0,-134.905,-137,1.58106
62566, 593.615, 44, -1,-1,-1,38.1663,21.4091,0.019953,8.68e+08,11,125000,1,0,3.4725,-13217.5,0,-135.932,-135,0.790528
62579, 594.057, 30, -1,-1,-1,60.3678,25.9205,0.025119,8.68e+08,10,125000,1,0,11.6377,5444.65,1,-132.725,-133,0.436224
62581, 594.081, 59, -1,-1,-1,43.0069,22.2244,0.015849,8.68e+08,11,125000,1,0,6.98216,-10636,0,-135.963,-135,0.790528
62583, 594.46, 39, -1,-1,-1,45.3641,29.0318,0.019953,8.68e+08,11,125000,1,0,3.93035,-7120.31,0,-135.809,-135,0.790528
62606, 595.444, 17, -1,-1,-1,52.0923,14.0787,0.025119,8.68e+08,10,125000,1,0,23.0307,-5055.85,1,-130.042,-133,0.436224
62614, 595.824, 22, -1,-1,-1,45.7768,6.11857,0.015849,8.68e+08,11,125000,1,0,25.4986,-14292.7,1,-131.535,-135,0.790528
62621, 596.081, 11, -1,-1,-1,40.729,-0.942347,0.015849,8.68e+08,12,125000,1,0,20.4188,-17988.8,0,-132.601,-137,1.58106
62628, 596.129, 40, -1,-1,-1,50.2872,33.8784,0.019953,8.68e+08,12,125000,1,0,3.40056,-2649.69,0,-135.96,-137,1.58106
62645, 596.475, 26, -1,-1,-1,37.2033,12.4105,0.025119,8.68e+08,10,125000,1,0,7.58164,-16482.6,0,-133.795,-133,0.436224
62648, 596.979, 36, -1,-1,-1,56.739,26.2706,0.019953,8.68e+08,11,125000,1,0,11.3461,1666.09,1,-133.801,-135,0.790528
62660, 597.269, 27, -1,-1,-1,60.3201,4.95292,0.025119,8.68e+08,12,125000,1,0,34.4468,8376.24,0,-127.932,-137,1.58106
62677, 597.682, 47, -1,-1,-1,39.1478,29.5182,0.015849,8.68e+08,12,125000,1,0,-0.552272,-10304.3,0,-138.068,-137,1.58106
62679, 597.798, 8, -1,-1,-1,49.2811,9.74921,0.025119,8.68e+08,12,125000,1,0,26.4707,-9770.78,0,-129.345,-137,1.58106
62682, 597.904, 10, -1,-1,-1,37.7624,-7.50647,0.025119,8.68e+08,11,125000,1,0,15.4371,-17725.9,1,-131.76,-135,0.790528
62684, 597.919, 51, -1,-1,-1,31.3978,-16.8263,0.019953,8.68e+08,11,125000,1,0,4.76059,-15318.3,0,-135.565,-135,0.790528
62687, 597.966, 2, -1,-1,-1,52.8574,-1.0846,0.019953,8.68e+08,12,125000,1,0,60.5103,-5411.18,1,-125.965,-137,1.58106
62704, 598.415, 43, -1,-1,-1,39.7502,22.7721,0.025119,8.68e+08,10,125000,1,0,3.74018,-12292.3,0,-134.859,-133,0.436224
62722, 599.054, 24, -1,-1,-1,46.1123,9.21262,0.019953,8.68e+08,11,125000,1,0,22.0342,-13214.6,1,-131.252,-135,0.790528
62729, 599.092, 52, -1,-1,-1,27.6763,-17.5141,0.019953,8.68e+08,10,125000,1,0,0.570697,-15543.3,0,-136.738,-133,0.436224
62731, 599.139, 45, -1,-1,-1,37.4342,26.8198,0.015849,8.68e+08,12,125000,1,0,-0.327698,-11897,0,-138.003,-137,1.58106
62733, 599.208, 46, -1,-1,-1,35.6726,30.6782,0.025119,8.68e+08,12,125000,1,0,-3.52986,-11306.7,0,-136.904,-137,1.58106
62735, 599.224, 32, -1,-1,-1,51.1766,18.2126,0.019953,8.68e+08,12,125000,1,0,17.0511,-5474.82,0,-132.379,-137,1.58106
62742, 599.795, 57, -1,-1,-1,42.497,19.1227,0.015849,8.68e+08,12,125000,1,0,8.55518,-12183.7,0,-135.535,-137,1.58106
62745, 599.92, 21, -1,-1,-1,51.8796,3.16644,0.015849,8.68e+08,10,125000,1,0,44.0545,-7810.28,1,-128.571,-133,0.436224
62752, 600.415, 7, -1,-1,-1,46.3931,-2.63001,0.025119,8.68e+08,12,125000,1,0,36.5046,-15483,0,-127.609,-137,1.58106
62754, 600.59, 49, -1,-1,-1,60.9723,-8.53133,0.015849,8.68e+08,12,125000,1,0,43.8604,13400.8,0,-128.594,-137,1.58106
62756, 600.647, 54, -1,-1,-1,35.1679,33.0607,0.019953,8.68e+08,12,125000,1,0,-5.05614,-10783.4,0,-138.33,-137,1.58106
62884, 601.437, 31, -1,-1,-1,50.6555,15.3159,0.015849,8.68e+08,10,125000,1,0,19.94,-6717.11,1,-132.713,-133,0.436224
62886, 601.527, 37, -1,-1,-1,55.1185,20.5864,0.015849,8.68e+08,12,125000,1,0,16.3275,-813.822,0,-133.553,-137,1.58106
62909, 602.612, 58, -1,-1,-1,41.7923,21.1679,0.025119,8.68e+08,11,125000,1,0,6.31179,-11761.8,1,-134.146,-135,0.790528
62912, 602.778, 1, -1,-1,-1,53.3356,-4.09606,0.025119,8.68e+08,10,125000,1,0,72.1467,-4176.38,1,-124.297,-133,0.436224
62915, 603.238, 23, -1,-1,-1,46.4547,14.2858,0.015849,8.68e+08,12,125000,1,0,16.6551,-11128.2,1,-133.472,-137,1.58106
62917, 603.397, 35, -1,-1,-1,41.9454,28.3607,0.019953,8.68e+08,11,125000,1,0,1.8264,-9382.12,0,-136.399,-135,0.790528
62930, 603.911, 14, -1,-1,-1,38.2352,-6.87066,0.025119,8.68e+08,10,125000,1,0,15.6368,-17748.9,1,-131.712,-133,0.436224
62948, 604.403, 3, -1,-1,-1,55.0197,-4.92577,0.025119,8.68e+08,10,125000,1,0,78.2455,244.852,1,-124.083,-133,0.436224
62955, 604.679, 5, -1,-1,-1,45.2911,-1.97699,0.025119,8.68e+08,11,125000,1,0,31.207,-16215.9,0,-128.472,-135,0.790528
62962, 604.822, 50, -1,-1,-1,70.7907,22.181,0.015849,8.68e+08,11,125000,1,0,8.7906,13795,0,-135.477,-135,0.790528
62969, 605.099, 20, -1,-1,-1,50.995,4.58524,0.015849,8.68e+08,11,125000,1,0,38.0084,-9228.86,0,-129.387,-135,0.790528
62971, 605.101, 33, -1,-1,-1,46.0271,20.9413,0.019953,8.68e+08,10,125000,1,0,10.0096,-9422.45,0,-134.15,-133,0.436224
62973, 605.154, 13, -1,-1,-1,40.3136,-10.5179,0.015849,8.68e+08,10,125000,1,0,19.2318,-16199.4,0,-132.868,-133,0.436224
62976, 605.301, 29, -1,-1,-1,57.2186,11.901,0.019953,8.68e+08,10,125000,1,0,27.7109,1574.74,1,-130.109,-133,0.436224
62989, 605.848, 0, -1,-1,-1,51.1806,-1.29064,0.025119,8.68e+08,10,125000,1,0,52.6439,-9754.38,1,-125.629,-133,0.436224
62997, 606.128, 22, -1,-1,-1,45.7768,6.11857,0.015849,8.68e+08,11,125000,1,0,24.1802,-14561.9,1,-131.802,-135,0.790528
63005, 606.41, 28, -1,-1,-1,55.2498,14.353,0.015849,8.68e+08,10,125000,1,0,23.9589,-1426.75,1,-131.85,-133,0.436224
63018, 607.172, 38, -1,-1,-1,55.4525,23.897,0.025119,8.68e+08,11,125000,1,0,13.1599,-300.427,1,-132.336,-135,0.790528
63020, 607.493, 56, -1,-1,-1,61.255,29.3742,0.015849,8.68e+08,11,125000,1,0,9.41808,5680.46,0,-135.31,-135,0.790528
63032, 608.243, 12, -1,-1,-1,43.0813,-7.60286,0.019953,8.68e+08,12,125000,1,0,25.9369,-16433.5,0,-130.447,-137,1.58106
63044, 608.464, 36, -1,-1,-1,56.739,26.2706,0.019953,8.68e+08,11,125000,1,0,11.4301,1157.32,0,-133.78,-135,0.790528
63051, 608.704, 26, -1,-1,-1,37.2033,12.4105,0.025119,8.68e+08,10,125000,1,0,6.76921,-16552.2,0,-134.017,-133,0.436224
63059, 609.17, 24, -1,-1,-1,46.1123,9.21262,0.019953,8.68e+08,11,125000,1,0,21.0089,-13498.1,1,-131.475,-135,0.790528
63066, 609.244, 6, -1,-1,-1,43.3892,-0.476294,0.025119,8.68e+08,12,125000,1,0,24.364,-17255.9,0,-129.763,-137,1.58106
63078, 609.635, 55, -1,-1,-1,31.8166,28.0824,0.019953,8.68e+08,10,125000,1,0,-5.31126,-13287.9,0,-138.398,-133,0.436224
63091, 609.854, 4, -1,-1,-1,52.5246,-6.48755,0.025119,8.68e+08,10,125000,1,0,70.1109,-6529.33,1,-124.39,-133,0.436224
63093, 610.096, 52, -1,-1,-1,27.6763,-17.5141,0.019953,8.68e+08,10,125000,1,0,0.036062,-15615.7,0,-136.89,-133,0.436224
63095, 610.138, 30, -1,-1,-1,60.3678,25.9205,0.025119,8.68e+08,10,125000,1,0,12.0462,4664.02,0,-132.621,-133,0.436224
63097, 610.188, 53, -1,-1,-1,37.2666,13.7158,0.019953,8.68e+08,12,125000,1,0,6.125,-16174.5,0,-135.194,-137,1.58106
63100, 610.304, 9, -1,-1,-1,43.9298,8.62537,0.015849,8.68e+08,11,125000,1,0,17.9828,-15151.3,1,-133.158,-135,0.790528
63117, 610.697, 46, -1,-1,-1,35.6726,30.6782,0.025119,8.68e+08,12,125000,1,0,-3.88906,-11409.4,0,-137.005,-137,1.58106
63120, 611.249, 15, -1,-1,-1,52.7206,6.93841,0.019953,8.68e+08,11,125000,1,0,35.1009,-6688.59,1,-128.83,-135,0.790528
63127, 611.42, 39, -1,-1,-1,45.3641,29.0318,0.019953,8.68e+08,11,125000,1,0,3.49335,-7669.69,0,-135.932,-135,0.790528
63134, 611.819, 42, -1,-1,-1,44.1598,19.4781,0.019953,8.68e+08,10,125000,1,0,9.17627,-11447.9,0,-134.371,-133,0.436224
63136, 612.09, 54, -1,-1,-1,35.1679,33.0607,0.019953,8.68e+08,12,125000,1,0,-5.38346,-10877.6,0,-138.421,-137,1.58106
63168, 613.253, 40, -1,-1,-1,50.2872,33.8784,0.019953,8.68e+08,12,125000,1,0,3.23075,-3281.63,0,-136.008,-137,1.58106
63170, 613.263, 31, -1,-1,-1,50.6555,15.3159,0.015849,8.68e+08,10,125000,1,0,19.3466,-7622.46,0,-132.848,-133,0.436224
63178, 613.556, 1, -1,-1,-1,53.3356,-4.09606,0.025119,8.68e+08,10,125000,1,0,68.3076,-6003.26,1,-124.48,-133,0.436224
63186, 613.604, 48, -1,-1,-1,66.9931,-20.4397,0.025119,8.68e+08,11,125000,1,0,21.6375,17646.2,1,-130.34,-135,0.790528
63203, 614.022, 19, -1,-1,-1,52.5578,8.66449,0.025119,8.68e+08,12,125000,1,0,31.3041,-6824.6,0,-128.459,-137,1.58106
63210, 614.033, 43, -1,-1,-1,39.7502,22.7721,0.025119,8.68e+08,10,125000,1,0,3.06877,-12604.2,0,-135.048,-133,0.436224
63217, 614.149, 18, -1,-1,-1,49.4957,9.3861,0.025119,8.68e+08,10,125000,1,0,25.6663,-10701.7,0,-129.505,-133,0.436224
63219, 614.156, 47, -1,-1,-1,39.1478,29.5182,0.015849,8.68e+08,12,125000,1,0,-1.06804,-10641.4,0,-138.215,-137,1.58106
63226, 614.25, 7, -1,-1,-1,46.3931,-2.63001,0.025119,8.68e+08,12,125000,1,0,33.4818,-15967.8,0,-128.089,-137,1.58106
63233, 614.333, 14, -1,-1,-1,38.2352,-6.87066,0.025119,8.68e+08,10,125000,1,0,14.5763,-18004.8,0,-131.973,-133,0.436224
63240, 614.46, 17, -1,-1,-1,52.0923,14.0787,0.025119,8.68e+08,10,125000,1,0,22.1749,-6395.12,0,-130.225,-133,0.436224
63252, 614.795, 34, -1,-1,-1,48.1582,23.6943,0.015849,8.68e+08,10,125000,1,0,9.1204,-7560.17,0,-135.388,-133,0.436224
63254, 614.915, 25, -1,-1,-1,42.9973,10.3296,0.015849,8.68e+08,12,125000,1,0,14.8406,-15249.5,0,-133.912,-137,1.58106
63256, 615.361, 16, -1,-1,-1,53.2773,8.72452,0.025119,8.68e+08,12,125000,1,0,31.8849,-5850.38,0,-128.359,-137,1.58106
63263, 615.696, 49, -1,-1,-1,60.9723,-8.53133,0.015849,8.68e+08,12,125000,1,0,48.3072,12368.3,0,-128.075,-137,1.58106
63265, 615.787, 57, -1,-1,-1,42.497,19.1227,0.015849,8.68e+08,12,125000,1,0,7.73125,-12599.5,0,-135.759,-137,1.58106
63272, 615.893, 11, -1,-1,-1,40.729,-0.942347,0.015849,8.68e+08,12,125000,1,0,17.9663,-18253.8,0,-133.16,-137,1.58106
63274, 616.191, 41, -1,-1,-1,44.2427,17.3363,0.025119,8.68e+08,12,125000,1,0,10.7175,-12273,0,-132.963,-137,1.58106
63281, 616.258, 45, -1,-1,-1,37.4342,26.8198,0.015849,8.68e+08,12,125000,1,0,-0.947698,-12204.3,0,-138.179,-137,1.58106
63288, 616.452, 58, -1,-1,-1,41.7923,21.1679,0.025119,8.68e+08,11,125000,1,0,5.67214,-12315.6,0,-134.324,-135,0.790528
63296, 617.008, 10, -1,-1,-1,37.7624,-7.50647,0.025119,8.68e+08,11,125000,1,0,13.5582,-17973.8,1,-132.227,-135,0.790528
63298, 617.136, 44, -1,-1,-1,38.1663,21.4091,0.019953,8.68e+08,11,125000,1,0,2.39401,-13732.4,0,-136.236,-135,0.790528
63301, 617.412, 2, -1,-1,-1,52.8574,-1.0846,0.019953,8.68e+08,12,125000,1,0,55.7149,-7893.97,1,-126.35,-137,1.58106
63303, 617.563, 59, -1,-1,-1,43.0069,22.2244,0.015849,8.68e+08,11,125000,1,0,5.97675,-11407.3,0,-136.24,-135,0.790528
63316, 618.823, 38, -1,-1,-1,55.4525,23.897,0.025119,8.68e+08,11,125000,1,0,13.1226,-1136.57,1,-132.346,-135,0.790528
63339, 619.799, 29, -1,-1,-1,57.2186,11.901,0.019953,8.68e+08,10,125000,1,0,27.846,63.836,1,-130.085,-133,0.436224
63351, 620.058, 35, -1,-1,-1,41.9454,28.3607,0.019953,8.68e+08,11,125000,1,0,1.30143,-10050,0,-136.548,-135,0.790528
63359, 620.269, 27, -1,-1,-1,60.3201,4.95292,0.025119,8.68e+08,12,125000,1,0,36.9436,6242.12,1,-127.547,-137,1.58106
63361, 620.534, 37, -1,-1,-1,55.1185,20.5864,0.015849,8.68e+08,12,125000,1,0,16.1892,-2016.79,0,-133.588,-137,1.58106
63369, 620.675, 21, -1,-1,-1,51.8796,3.16644,0.015849,8.68e+08,10,125000,1,0,40.6208,-9449.03,1,-129.02,-133,0.436224
63381, 620.9, 46, -1,-1,-1,35.6726,30.6782,0.025119,8.68e+08,12,125000,1,0,-4.21058,-11715.5,0,-137.095,-137,1.58106
63398, 621.192, 26, -1,-1,-1,37.2033,12.4105,0.025119,8.68e+08,10,125000,1,0,5.95855,-16613.3,0,-134.241,-133,0.436224
63400, 621.405, 51, -1,-1,-1,31.3978,-16.8263,0.019953,8.68e+08,11,125000,1,0,3.4625,-15572,0,-135.929,-135,0.790528
63403, 621.467, 0, -1,-1,-1,51.1806,-1.29064,0.025119,8.68e+08,10,125000,1,0,48.1738,-11174.5,1,-126.091,-133,0.436224
63405, 621.489, 8, -1,-1,-1,49.2811,9.74921,0.025119,8.68e+08,12,125000,1,0,24.2357,-11265.2,0,-129.794,-137,1.58106
63407, 621.556, 32, -1,-1,-1,51.1766,18.2126,0.019953,8.68e+08,12,125000,1,0,16.2367,-6826.03,0,-132.576,-137,1.58106
63409, 621.686, 5, -1,-1,-1,45.2911,-1.97699,0.025119,8.68e+08,11,125000,1,0,28.0979,-16698.4,0,-129.035,-135,0.790528
63411, 621.732, 20, -1,-1,-1,50.995,4.58524,0.015849,8.68e+08,11,125000,1,0,35.5013,-10514.5,0,-129.768,-135,0.790528
63418, 621.905, 36, -1,-1,-1,56.739,26.2706,0.019953,8.68e+08,11,125000,1,0,11.4844,512.022,0,-133.767,-135,0.790528
63430, 622.55, 13, -1,-1,-1,40.3136,-10.5179,0.015849,8.68e+08,10,125000,1,0,17.3483,-16586.2,0,-133.305,-133,0.436224
63432, 622.565, 50, -1,-1,-1,70.7907,22.181,0.015849,8.68e+08,11,125000,1,0,9.85334,13351.1,0,-135.195,-135,0.790528
63439, 623.701, 23, -1,-1,-1,46.4547,14.2858,0.015849,8.68e+08,12,125000,1,0,15.2473,-11989.7,0,-133.815,-137,1.58106
63452, 624.482, 6, -1,-1,-1,43.3892,-0.476294,0.025119,8.68e+08,12,125000,1,0,22.1689,-17496.9,1,-130.223,-137,1.58106
63460, 624.612, 31, -1,-1,-1,50.6555,15.3159,0.015849,8.68e+08,10,125000,1,0,18.7385,-8166.83,1,-132.988,-133,0.436224
63467, 624.987, 34, -1,-1,-1,48.1582,23.6943,0.015849,8.68e+08,10,125000,1,0,8.78138,-7860.84,0,-135.48,-133,0.436224
63479, 625.638, 54, -1,-1,-1,35.1679,33.0607,0.019953,8.68e+08,12,125000,1,0,-5.77532,-11024.3,0,-138.53,-137,1.58106
63482, 625.772, 3, -1,-1,-1,55.0197,-4.92577,0.025119,8.68e+08,10,125000,1,0,74.6481,-3229.64,1,-124.201,-133,0.436224
63485, 626.35, 22, -1,-1,-1,45.7768,6.11857,0.015849,8.68e+08,11,125000,1,0,21.7154,-15268.4,1,-132.323,-135,0.790528
63488, 626.408, 41, -1,-1,-1,44.2427,17.3363,0.025119,8.68e+08,12,125000,1,0,10.1347,-12471.3,1,-133.117,-137,1.58106
63511, 627.219, 28, -1,-1,-1,55.2498,14.353,0.015849,8.68e+08,10,125000,1,0,23.5625,-3078.34,1,-131.934,-133,0.436224
63513, 627.37, 33, -1,-1,-1,46.0271,20.9413,0.019953,8.68e+08,10,125000,1,0,9.03184,-10298,0,-134.412,-133,0.436224
63531, 627.9, 9, -1,-1,-1,43.9298,8.62537,0.015849,8.68e+08,11,125000,1,0,16.2951,-15589.3,1,-133.559,-135,0.790528
63539, 628.175, 30, -1,-1,-1,60.3678,25.9205,0.025119,8.68e+08,10,125000,1,0,12.4307,3721.79,1,-132.524,-133,0.436224
63541, 628.336, 56, -1,-1,-1,61.255,29.3742,0.015849,8.68e+08,11,125000,1,0,9.9056,4673.77,0,-135.182,-135,0.790528
63543, 628.643, 12, -1,-1,-1,43.0813,-7.60286,0.019953,8.68e+08,12,125000,1,0,22.9585,-16978.2,0,-131.056,-137,1.58106
63555, 629.354, 40, -1,-1,-1,50.2872,33.8784,0.019953,8.68e+08,12,125000,1,0,3.03632,-3847.52,0,-136.064,-137,1.58106
63572, 629.719, 16, -1,-1,-1,53.2773,8.72452,0.025119,8.68e+08,12,125000,1,0,30.7962,-6990.43,0,-128.549,-137,1.58106
63579, 629.753, 52, -1,-1,-1,27.6763,-17.5141,0.019953,8.68e+08,10,125000,1,0,-0.908785,-15867,0,-137.157,-133,0.436224
63582, 629.808, 24, -1,-1,-1,46.1123,9.21262,0.019953,8.68e+08,11,125000,1,0,18.9714,-14274.6,1,-131.933,-135,0.790528
63585, 629.862, 17, -1,-1,-1,52.0923,14.0787,0.025119,8.68e+08,10,125000,1,0,21.366,-7354.69,1,-130.401,-133,0.436224
63607, 630.164, 14, -1,-1,-1,38.2352,-6.87066,0.025119,8.68e+08,10,125000,1,0,13.0433,-18141.1,0,-132.358,-133,0.436224
63610, 630.318, 4, -1,-1,-1,52.5246,-6.48755,0.025119,8.68e+08,10,125000,1,0,61.3585,-9203.73,1,-124.908,-133,0.436224
63612, 630.865, 39, -1,-1,-1,45.3641,29.0318,0.019953,8.68e+08,11,125000,1,0,2.95972,-8302.42,0,-136.083,-135,0.790528
63615, 630.944, 15, -1,-1,-1,52.7206,6.93841,0.019953,8.68e+08,11,125000,1,0,33.1097,-8399.16,1,-129.154,-135,0.790528
63617, 631.012, 7, -1,-1,-1,46.3931,-2.63001,0.025119,8.68e+08,12,125000,1,0,30.1769,-16505.7,0,-128.656,-137,1.58106
63619, 631.237, 53, -1,-1,-1,37.2666,13.7158,0.019953,8.68e+08,12,125000,1,0,4.83132,-16455.2,0,-135.554,-137,1.58106
63626, 631.647, 37, -1,-1,-1,55.1185,20.5864,0.015849,8.68e+08,12,125000,1,0,16.0452,-2592.45,0,-133.624,-137,1.58106
63648, 632.334, 42, -1,-1,-1,44.1598,19.4781,0.019953,8.68e+08,10,125000,1,0,8.14551,-12101.5,0,-134.649,-133,0.436224
63651, 632.609, 5, -1,-1,-1,45.2911,-1.97699,0.025119,8.68e+08,11,125000,1,0,26.2676,-17139.2,1,-129.386,-135,0.790528
63653, 632.699, 55, -1,-1,-1,31.8166,28.0824,0.019953,8.68e+08,10,125000,1,0,-6.12562,-13602.6,0,-138.624,-133,0.436224
63656, 632.923, 19, -1,-1,-1,52.5578,8.66449,0.025119,8.68e+08,12,125000,1,0,29.6751,-8330.79,1,-128.749,-137,1.58106
63673, 633.529, 57, -1,-1,-1,42.497,19.1227,0.015849,8.68e+08,12,125000,1,0,6.8155,-13043.9,0,-136.01,-137,1.58106
63695, 634.026, 18, -1,-1,-1,49.4957,9.3861,0.025119,8.68e+08,10,125000,1,0,23.7063,-11817.1,0,-129.904,-133,0.436224
63698, 634.096, 0, -1,-1,-1,51.1806,-1.29064,0.025119,8.68e+08,10,125000,1,0,44.7518,-12453.9,1,-126.489,-133,0.436224
63701, 634.242, 38, -1,-1,-1,55.4525,23.897,0.025119,8.68e+08,11,125000,1,0,13.0105,-1960.63,1,-132.376,-135,0.790528
63708, 634.323, 43, -1,-1,-1,39.7502,22.7721,0.025119,8.68e+08,10,125000,1,0,2.19293,-13043.8,0,-135.295,-133,0.436224
63710, 634.645, 11, -1,-1,-1,40.729,-0.942347,0.015849,8.68e+08,12,125000,1,0,15.8485,-18442.6,0,-133.665,-137,1.58106
63722, 635.074, 8, -1,-1,-1,49.2811,9.74921,0.025119,8.68e+08,12,125000,1,0,22.9313,-11894.2,0,-130.066,-137,1.58106
63729, 635.103, 51, -1,-1,-1,31.3978,-16.8263,0.019953,8.68e+08,11,125000,1,0,2.71893,-15914.3,0,-136.138,-135,0.790528
63732, 635.223, 27, -1,-1,-1,60.3201,4.95292,0.025119,8.68e+08,12,125000,1,0,38.2851,4837.85,1,-127.351,-137,1.58106
63745, 635.823, 48, -1,-1,-1,66.9931,-20.4397,0.025119,8.68e+08,11,125000,1,0,24.8575,17163.5,1,-129.669,-135,0.790528
63747, 635.85, 58, -1,-1,-1,41.7923,21.1679,0.025119,8.68e+08,11,125000,1,0,4.77076,-12796.1,0,-134.575,-135,0.790528
63750, 635.904, 1, -1,-1,-1,53.3356,-4.09606,0.025119,8.68e+08,10,125000,1,0,60.0066,-8973.66,1,-125.007,-133,0.436224
63762, 636.423, 10, -1,-1,-1,37.7624,-7.50647,0.025119,8.68e+08,11,125000,1,0,11.7754,-18184.2,0,-132.683,-135,0.790528
63769, 636.675, 47, -1,-1,-1,39.1478,29.5182,0.015849,8.68e+08,12,125000,1,0,-1.78878,-11158,0,-138.419,-137,1.58106
63786, 637.459, 44, -1,-1,-1,38.1663,21.4091,0.019953,8.68e+08,11,125000,1,0,1.46688,-14098.8,0,-136.499,-135,0.790528
63789, 637.645, 49, -1,-1,-1,60.9723,-8.53133,0.015849,8.68e+08,12,125000,1,0,55.605,10307,1,-127.362,-137,1.58106
63791, 637.654, 50, -1,-1,-1,70.7907,22.181,0.015849,8.68e+08,11,125000,1,0,10.764,12713.2,0,-134.956,-135,0.790528
63793, 637.712, 25, -1,-1,-1,42.9973,10.3296,0.015849,8.68e+08,12,125000,1,0,12.9436,-15814.1,0,-134.388,-137,1.58106
63796, 638.232, 22, -1,-1,-1,45.7768,6.11857,0.015849,8.68e+08,11,125000,1,0,20.3429,-15786.9,1,-132.625,-135,0.790528
63808, 638.486, 45, -1,-1,-1,37.4342,26.8198,0.015849,8.68e+08,12,125000,1,0,-1.75998,-12640.8,0,-138.409,-137,1.58106
63815, 638.693, 33, -1,-1,-1,46.0271,20.9413,0.019953,8.68e+08,10,125000,1,0,8.51992,-10843.1,0,-134.55,-133,0.436224
63833, 639.425, 9, -1,-1,-1,43.9298,8.62537,0.015849,8.68e+08,11,125000,1,0,15.2319,-16011,1,-133.818,-135,0.790528
63840, 639.609, 13, -1,-1,-1,40.3136,-10.5179,0.015849,8.68e+08,10,125000,1,0,15.6091,-17123.2,0,-133.723,-133,0.436224
63847, 639.651, 59, -1,-1,-1,43.0069,22.2244,0.015849,8.68e+08,11,125000,1,0,5.01115,-12048.9,0,-136.509,-135,0.790528
63854, 639.79, 34, -1,-1,-1,48.1582,23.6943,0.015849,8.68e+08,10,125000,1,0,8.26511,-8652.87,0,-135.62,-133,0.436224
63857, 639.949, 2, -1,-1,-1,52.8574,-1.0846,0.019953,8.68e+08,12,125000,1,0,49.6694,-10384.5,1,-126.932,-137,1.58106
63865, 640.396, 17, -1,-1,-1,52.0923,14.0787,0.025119,8.68e+08,10,125000,1,0,20.7639,-8174.64,1,-130.534,-133,0.436224
63868, 640.433, 24, -1,-1,-1,46.1123,9.21262,0.019953,8.68e+08,11,125000,1,0,17.9545,-14766.2,1,-132.169,-135,0.790528
63870, 640.449, 36, -1,-1,-1,56.739,26.2706,0.019953,8.68e+08,11,125000,1,0,11.4805,-756.109,0,-133.77,-135,0.790528
63882, 641.076, 32, -1,-1,-1,51.1766,18.2126,0.019953,8.68e+08,12,125000,1,0,15.4135,-7890.8,0,-132.777,-137,1.58106
63890, 641.307, 3, -1,-1,-1,55.0197,-4.92577,0.025119,8.68e+08,10,125000,1,0,69.2611,-5479.31,1,-124.435,-133,0.436224
63898, 642.159, 29, -1,-1,-1,57.2186,11.901,0.019953,8.68e+08,10,125000,1,0,27.6845,-1619.26,1,-130.118,-133,0.436224
63905, 642.411, 23, -1,-1,-1,46.4547,14.2858,0.015849,8.68e+08,12,125000,1,0,13.9562,-12664.4,0,-134.136,-137,1.58106
63912, 642.69, 46, -1,-1,-1,35.6726,30.6782,0.025119,8.68e+08,12,125000,1,0,-4.90415,-11843.8,0,-137.289,-137,1.58106
63915, 642.886, 21, -1,-1,-1,51.8796,3.16644,0.015849,8.68e+08,10,125000,1,0,36.7858,-11284.4,1,-129.573,-133,0.436224
63932, 643.759, 7, -1,-1,-1,46.3931,-2.63001,0.025119,8.68e+08,12,125000,1,0,27.8924,-16774.9,0,-129.076,-137,1.58106
63939, 644.004, 35, -1,-1,-1,41.9454,28.3607,0.019953,8.68e+08,11,125000,1,0,0.522337,-10458.4,0,-136.769,-135,0.790528
63951, 644.188, 39, -1,-1,-1,45.3641,29.0318,0.019953,8.68e+08,11,125000,1,0,2.57615,-8633.74,0,-136.192,-135,0.790528
63953, 644.566, 16, -1,-1,-1,53.2773,8.72452,0.025119,8.68e+08,12,125000,1,0,29.5248,-8092.28,0,-128.777,-137,1.58106
63956, 644.853, 20, -1,-1,-1,50.995,4.58524,0.015849,8.68e+08,11,125000,1,0,31.9966,-12148.8,1,-130.342,-135,0.790528
63968, 645.497, 57, -1,-1,-1,42.497,19.1227,0.015849,8.68e+08,12,125000,1,0,6.1986,-13236.8,0,-136.18,-137,1.58106
63970, 645.581, 26, -1,-1,-1,37.2033,12.4105,0.025119,8.68e+08,10,125000,1,0,4.428,-16923.7,0,-134.667,-133,0.436224
63972, 645.712, 54, -1,-1,-1,35.1679,33.0607,0.019953,8.68e+08,12,125000,1,0,-6.36362,-11344.4,0,-138.693,-137,1.58106
64000, 646.223, 15, -1,-1,-1,52.7206,6.93841,0.019953,8.68e+08,11,125000,1,0,31.4108,-9514.52,1,-129.444,-135,0.790528
64003, 646.285, 28, -1,-1,-1,55.2498,14.353,0.015849,8.68e+08,10,125000,1,0,22.9636,-4509.76,1,-132.062,-133,0.436224
64011, 646.867, 1, -1,-1,-1,53.3356,-4.09606,0.025119,8.68e+08,10,125000,1,0,56.0943,-10021.9,1,-125.321,-133,0.436224
64018, 647.535, 8, -1,-1,-1,49.2811,9.74921,0.025119,8.68e+08,12,125000,1,0,21.7357,-12389.4,0,-130.322,-137,1.58106
64020, 647.555, 12, -1,-1,-1,43.0813,-7.60286,0.019953,8.68e+08,12,125000,1,0,20.4549,-17368.4,0,-131.598,-137,1.58106
64022, 647.615, 40, -1,-1,-1,50.2872,33.8784,0.019953,8.68e+08,12,125000,1,0,2.7769,-4506.78,0,-136.138,-137,1.58106
64044, 647.799, 6, -1,-1,-1,43.3892,-0.476294,0.025119,8.68e+08,12,125000,1,0,19.133,-17918.1,0,-130.896,-137,1.58106
64047, 647.873, 48, -1,-1,-1,66.9931,-20.4397,0.025119,8.68e+08,11,125000,1,0,26.7792,16973,1,-129.291,-135,0.790528
64060, 648.098, 18, -1,-1,-1,49.4957,9.3861,0.025119,8.68e+08,10,125000,1,0,22.317,-12428.6,1,-130.197,-133,0.436224
64062, 648.183, 52, -1,-1,-1,27.6763,-17.5141,0.019953,8.68e+08,10,125000,1,0,-1.78261,-16064.8,0,-137.405,-133,0.436224
64064, 648.22, 31, -1,-1,-1,50.6555,15.3159,0.015849,8.68e+08,10,125000,1,0,17.3778,-9502.49,0,-133.307,-133,0.436224
64066, 648.417, 14, -1,-1,-1,38.2352,-6.87066,0.025119,8.68e+08,10,125000,1,0,11.3808,-18299.6,0,-132.786,-133,0.436224
64068, 648.451, 43, -1,-1,-1,39.7502,22.7721,0.025119,8.68e+08,10,125000,1,0,1.58226,-13250,0,-135.468,-133,0.436224
64080, 649.215, 47, -1,-1,-1,39.1478,29.5182,0.015849,8.68e+08,12,125000,1,0,-2.19677,-11316.9,0,-138.534,-137,1.58106
64093, 649.431, 9, -1,-1,-1,43.9298,8.62537,0.015849,8.68e+08,11,125000,1,0,14.3354,-16096.7,1,-134.04,-135,0.790528
64110, 649.657, 33, -1,-1,-1,46.0271,20.9413,0.019953,8.68e+08,10,125000,1,0,8.01698,-11092.8,0,-134.686,-133,0.436224
64122, 649.853, 13, -1,-1,-1,40.3136,-10.5179,0.015849,8.68e+08,10,125000,1,0,14.6124,-17198.8,0,-133.968,-133,0.436224
64124, 650.155, 41, -1,-1,-1,44.2427,17.3363,0.025119,8.68e+08,12,125000,1,0,8.78145,-13205.9,0,-133.479,-137,1.58106
64132, 650.447, 5, -1,-1,-1,45.2911,-1.97699,0.025119,8.68e+08,11,125000,1,0,23.5212,-17500.4,1,-129.942,-135,0.790528
64134, 650.627, 50, -1,-1,-1,70.7907,22.181,0.015849,8.68e+08,11,125000,1,0,11.5495,12390.1,0,-134.753,-135,0.790528
64142, 650.696, 30, -1,-1,-1,60.3678,25.9205,0.025119,8.68e+08,10,125000,1,0,12.7913,2436.12,1,-132.434,-133,0.436224
64269, 651.086, 11, -1,-1,-1,40.729,-0.942347,0.015849,8.68e+08,12,125000,1,0,14.1304,-18547.5,0,-134.088,-137,1.58106
64272, 651.162, 19, -1,-1,-1,52.5578,8.66449,0.025119,8.68e+08,12,125000,1,0,27.9414,-9622.41,1,-129.07,-137,1.58106
64279, 651.386, 37, -1,-1,-1,55.1185,20.5864,0.015849,8.68e+08,12,125000,1,0,15.6802,-3807.84,0,-133.714,-137,1.58106
64282, 651.666, 4, -1,-1,-1,52.5246,-6.48755,0.025119,8.68e+08,10,125000,1,0,53.3101,-11490.2,1,-125.571,-133,0.436224
64284, 651.677, 44, -1,-1,-1,38.1663,21.4091,0.019953,8.68e+08,11,125000,1,0,0.82203,-14259.4,0,-136.681,-135,0.790528
64306, 652.248, 45, -1,-1,-1,37.4342,26.8198,0.015849,8.68e+08,12,125000,1,0,-2.26585,-12797.4,0,-138.553,-137,1.58106
64313, 652.51, 56, -1,-1,-1,61.255,29.3742,0.015849,8.68e+08,11,125000,1,0,10.3606,3410.69,0,-135.064,-135,0.790528
64315, 652.601, 10, -1,-1,-1,37.7624,-7.50647,0.025119,8.68e+08,11,125000,1,0,10.376,-18295,0,-133.049,-135,0.790528
64317, 652.72, 38, -1,-1,-1,55.4525,23.897,0.025119,8.68e+08,11,125000,1,0,12.7849,-2985.57,0,-132.435,-135,0.790528
64319, 652.863, 42, -1,-1,-1,44.1598,19.4781,0.019953,8.68e+08,10,125000,1,0,7.10557,-12689.8,0,-134.933,-133,0.436224
64327, 653.295, 53, -1,-1,-1,37.2666,13.7158,0.019953,8.68e+08,12,125000,1,0,3.52172,-16718.8,1,-135.92,-137,1.58106
64329, 653.537, 55, -1,-1,-1,31.8166,28.0824,0.019953,8.68e+08,10,125000,1,0,-6.86156,-13838.2,0,-138.826,-133,0.436224
64361, 655.304, 51, -1,-1,-1,31.3978,-16.8263,0.019953,8.68e+08,11,125000,1,0,1.64091,-16197.6,0,-136.443,-135,0.790528
64363, 655.381, 25, -1,-1,-1,42.9973,10.3296,0.015849,8.68e+08,12,125000,1,0,11.539,-16132.9,0,-134.75,-137,1.58106
64370, 655.589, 59, -1,-1,-1,43.0069,22.2244,0.015849,8.68e+08,11,125000,1,0,4.30686,-12403.7,0,-136.706,-135,0.790528
64372, 655.734, 29, -1,-1,-1,57.2186,11.901,0.019953,8.68e+08,10,125000,1,0,27.373,-3011.27,0,-130.179,-133,0.436224
64375, 655.884, 0, -1,-1,-1,51.1806,-1.29064,0.025119,8.68e+08,10,125000,1,0,39.3377,-13962,1,-127.202,-133,0.436224
64382, 656.461, 54, -1,-1,-1,35.1679,33.0607,0.019953,8.68e+08,12,125000,1,0,-6.682,-11643.1,0,-138.781,-137,1.58106
64385, 656.506, 27, -1,-1,-1,60.3201,4.95292,0.025119,8.68e+08,12,125000,1,0,39.6416,2536.94,1,-127.16,-137,1.58106
64407, 657.102, 34, -1,-1,-1,48.1582,23.6943,0.015849,8.68e+08,10,125000,1,0,7.63017,-9277.12,0,-135.793,-133,0.436224
64410, 657.431, 58, -1,-1,-1,41.7923,21.1679,0.025119,8.68e+08,11,125000,1,0,3.76579,-13304.4,1,-134.856,-135,0.790528
64412, 657.838, 23, -1,-1,-1,46.4547,14.2858,0.015849,8.68e+08,12,125000,1,0,12.8977,-13379.6,0,-134.404,-137,1.58106
64420, 658.175, 49, -1,-1,-1,60.9723,-8.53133,0.015849,8.68e+08,12,125000,1,0,63.2881,7923.54,1,-126.781,-137,1.58106
64422, 658.242, 7, -1,-1,-1,46.3931,-2.63001,0.025119,8.68e+08,12,125000,1,0,25.5056,-17340,0,-129.539,-137,1.58106
64435, 658.727, 48, -1,-1,-1,66.9931,-20.4397,0.025119,8.68e+08,11,125000,1,0,28.6313,16515.6,1,-128.942,-135,0.790528
64437, 659.178, 39, -1,-1,-1,45.3641,29.0318,0.019953,8.68e+08,11,125000,1,0,2.12913,-9272.99,0,-136.319,-135,0.790528
64449, 660.039, 6, -1,-1,-1,43.3892,-0.476294,0.025119,8.68e+08,12,125000,1,0,17.6738,-18232.8,0,-131.234,-137,1.58106
64461, 661.142, 16, -1,-1,-1,53.2773,8.72452,0.025119,8.68e+08,12,125000,1,0,27.9814,-9566.17,0,-129.064,-137,1.58106
64478, 661.592, 19, -1,-1,-1,52.5578,8.66449,0.025119,8.68e+08,12,125000,1,0,26.9059,-10160.1,0,-129.268,-137,1.58106
64480, 661.701, 8, -1,-1,-1,49.2811,9.74921,0.025119,8.68e+08,12,125000,1,0,20.3886,-12929.9,0,-130.618,-137,1.58106
64487, 661.74, 31, -1,-1,-1,50.6555,15.3159,0.015849,8.68e+08,10,125000,1,0,16.5554,-10080.7,0,-133.503,-133,0.436224
64499, 662.062, 57, -1,-1,-1,42.497,19.1227,0.015849,8.68e+08,12,125000,1,0,5.34806,-13569.9,0,-136.416,-137,1.58106
64506, 662.511, 24, -1,-1,-1,46.1123,9.21262,0.019953,8.68e+08,11,125000,1,0,15.9171,-15157.2,0,-132.654,-135,0.790528
64508, 662.554, 22, -1,-1,-1,45.7768,6.11857,0.015849,8.68e+08,11,125000,1,0,17.7009,-16187.2,0,-133.23,-135,0.790528
64510, 662.869, 32, -1,-1,-1,51.1766,18.2126,0.019953,8.68e+08,12,125000,1,0,14.3979,-8741.94,0,-133.029,-137,1.58106
64513, 662.905, 17, -1,-1,-1,52.0923,14.0787,0.025119,8.68e+08,10,125000,1,0,19.3743,-9233.27,1,-130.847,-133,0.436224
64515, 662.936, 41, -1,-1,-1,44.2427,17.3363,0.025119,8.68e+08,12,125000,1,0,8.05689,-13445.5,0,-133.675,-137,1.58106
64523, 663.457, 3, -1,-1,-1,55.0197,-4.92577,0.025119,8.68e+08,10,125000,1,0,60.9275,-8480.82,1,-124.943,-133,0.436224
64526, 663.585, 2, -1,-1,-1,52.8574,-1.0846,0.019953,8.68e+08,12,125000,1,0,43.5579,-12124.4,1,-127.64,-137,1.58106
64534, 664.051, 28, -1,-1,-1,55.2498,14.353,0.015849,8.68e+08,10,125000,1,0,22.2281,-5756.01,1,-132.219,-133,0.436224
64561, 664.896, 55, -1,-1,-1,31.8166,28.0824,0.019953,8.68e+08,10,125000,1,0,-7.26248,-13842.8,0,-138.936,-133,0.436224
64568, 665.241, 18, -1,-1,-1,49.4957,9.3861,0.025119,8.68e+08,10,125000,1,0,20.6443,-13144.9,0,-130.562,-133,0.436224
64570, 665.276, 21, -1,-1,-1,51.8796,3.16644,0.015849,8.68e+08,10,125000,1,0,33.0026,-12800.1,0,-130.175,-133,0.436224
64577, 665.374, 36, -1,-1,-1,56.739,26.2706,0.019953,8.68e+08,11,125000,1,0,11.3323,-1904.15,0,-133.811,-135,0.790528
64584, 665.866, 35, -1,-1,-1,41.9454,28.3607,0.019953,8.68e+08,11,125000,1,0,-0.209566,-10993.7,0,-136.977,-135,0.790528
64586, 666.044, 52, -1,-1,-1,27.6763,-17.5141,0.019953,8.68e+08,10,125000,1,0,-2.61827,-16228.6,0,-137.641,-133,0.436224
64593, 666.115, 38, -1,-1,-1,55.4525,23.897,0.025119,8.68e+08,11,125000,1,0,12.5617,-3636.27,0,-132.493,-135,0.790528
64605, 666.34, 46, -1,-1,-1,35.6726,30.6782,0.025119,8.68e+08,12,125000,1,0,-5.66571,-12244.6,0,-137.501,-137,1.58106
64607, 666.904, 10, -1,-1,-1,37.7624,-7.50647,0.025119,8.68e+08,11,125000,1,0,9.19727,-18349.8,0,-133.363,-135,0.790528
64609, 666.95, 44, -1,-1,-1,38.1663,21.4091,0.019953,8.68e+08,11,125000,1,0,0.133591,-14430.4,0,-136.876,-135,0.790528
64612, 667.092, 15, -1,-1,-1,52.7206,6.93841,0.019953,8.68e+08,11,125000,1,0,28.9821,-10966,1,-129.879,-135,0.790528
64629, 667.933, 50, -1,-1,-1,70.7907,22.181,0.015849,8.68e+08,11,125000,1,0,12.5963,11823,0,-134.485,-135,0.790528
64656, 668.156, 20, -1,-1,-1,50.995,4.58524,0.015849,8.68e+08,11,125000,1,0,28.5884,-13491.8,0,-130.951,-135,0.790528
64663, 668.483, 29, -1,-1,-1,57.2186,11.901,0.019953,8.68e+08,10,125000,1,0,26.9436,-3968.37,0,-130.263,-133,0.436224
64666, 668.494, 0, -1,-1,-1,51.1806,-1.29064,0.025119,8.68e+08,10,125000,1,0,36.4947,-14537.2,1,-127.62,-133,0.436224
64668, 668.723, 5, -1,-1,-1,45.2911,-1.97699,0.025119,8.68e+08,11,125000,1,0,20.9767,-17803.8,0,-130.487,-135,0.790528
64670, 668.742, 26, -1,-1,-1,37.2033,12.4105,0.025119,8.68e+08,10,125000,1,0,3.03441,-17163.1,0,-135.058,-133,0.436224
64682, 669.247, 40, -1,-1,-1,50.2872,33.8784,0.019953,8.68e+08,12,125000,1,0,2.41921,-5308.75,0,-136.24,-137,1.58106
64684, 669.515, 14, -1,-1,-1,38.2352,-6.87066,0.025119,8.68e+08,10,125000,1,0,9.58234,-18479.7,0,-133.261,-133,0.436224
64686, 669.545, 45, -1,-1,-1,37.4342,26.8198,0.015849,8.68e+08,12,125000,1,0,-2.90376,-13037.6,0,-138.733,-137,1.58106
64689, 669.561, 12, -1,-1,-1,43.0813,-7.60286,0.019953,8.68e+08,12,125000,1,0,17.8087,-17770.1,1,-132.203,-137,1.58106
64691, 669.593, 13, -1,-1,-1,40.3136,-10.5179,0.015849,8.68e+08,10,125000,1,0,12.7841,-17503.1,0,-134.429,-133,0.436224
64708, 670.293, 42, -1,-1,-1,44.1598,19.4781,0.019953,8.68e+08,10,125000,1,0,6.22115,-13103.3,0,-135.177,-133,0.436224
64711, 670.555, 1, -1,-1,-1,53.3356,-4.09606,0.025119,8.68e+08,10,125000,1,0,48.3509,-12314.4,1,-126.077,-133,0.436224
64718, 671.094, 43, -1,-1,-1,39.7502,22.7721,0.025119,8.68e+08,10,125000,1,0,0.604829,-13689.9,0,-135.745,-133,0.436224
64721, 671.577, 11, -1,-1,-1,40.729,-0.942347,0.015849,8.68e+08,12,125000,1,0,12.1444,-18703,1,-134.593,-137,1.58106
64764, 673.15, 9, -1,-1,-1,43.9298,8.62537,0.015849,8.68e+08,11,125000,1,0,12.3042,-16586,1,-134.555,-135,0.790528
64767, 673.169, 4, -1,-1,-1,52.5246,-6.48755,0.025119,8.68e+08,10,125000,1,0,46.3177,-13296.7,1,-126.307,-133,0.436224
64774, 673.235, 47, -1,-1,-1,39.1478,29.5182,0.015849,8.68e+08,12,125000,1,0,-2.98918,-11818.1,0,-138.758,-137,1.58106
64781, 673.56, 17, -1,-1,-1,52.0923,14.0787,0.025119,8.68e+08,10,125000,1,0,18.6794,-9957.59,0,-131.007,-133,0.436224
64783, 673.64, 33, -1,-1,-1,46.0271,20.9413,0.019953,8.68e+08,10,125000,1,0,6.89834,-11881.1,0,-134.992,-133,0.436224
64790, 673.745, 59, -1,-1,-1,43.0069,22.2244,0.015849,8.68e+08,11,125000,1,0,3.50029,-12805.8,0,-136.932,-135,0.790528
64793, 674.211, 24, -1,-1,-1,46.1123,9.21262,0.019953,8.68e+08,11,125000,1,0,14.8795,-15603.3,1,-132.909,-135,0.790528
64796, 674.319, 2, -1,-1,-1,52.8574,-1.0846,0.019953,8.68e+08,12,125000,1,0,40.9637,-13088.9,1,-127.979,-137,1.58106
64803, 674.526, 54, -1,-1,-1,35.1679,33.0607,0.019953,8.68e+08,12,125000,1,0,-7.22162,-11875.7,0,-138.929,-137,1.58106
64805, 674.555, 23, -1,-1,-1,46.4547,14.2858,0.015849,8.68e+08,12,125000,1,0,11.7629,-13833.8,0,-134.696,-137,1.58106
64822, 675.179, 30, -1,-1,-1,60.3678,25.9205,0.025119,8.68e+08,10,125000,1,0,13.0207,978.335,0,-132.378,-133,0.436224
64824, 675.321, 8, -1,-1,-1,49.2811,9.74921,0.025119,8.68e+08,12,125000,1,0,19.1136,-13662.1,0,-130.906,-137,1.58106
64827, 675.411, 3, -1,-1,-1,55.0197,-4.92577,0.025119,8.68e+08,10,125000,1,0,56.6013,-10092,1,-125.282,-133,0.436224
64849, 676.095, 37, -1,-1,-1,55.1185,20.5864,0.015849,8.68e+08,12,125000,1,0,15.0422,-5333.3,0,-133.872,-137,1.58106
64852, 676.226, 56, -1,-1,-1,61.255,29.3742,0.015849,8.68e+08,11,125000,1,0,10.6799,2133.16,1,-134.983,-135,0.790528
64855, 676.292, 18, -1,-1,-1,49.4957,9.3861,0.025119,8.68e+08,10,125000,1,0,19.5849,-13738,1,-130.8,-133,0.436224
64862, 676.501, 25, -1,-1,-1,42.9973,10.3296,0.015849,8.68e+08,12,125000,1,0,9.93207,-16503.3,0,-135.173,-137,1.58106
64865, 677.057, 19, -1,-1,-1,52.5578,8.66449,0.025119,8.68e+08,12,125000,1,0,25.3402,-11332.4,1,-129.577,-137,1.58106
64868, 677.132, 36, -1,-1,-1,56.739,26.2706,0.019953,8.68e+08,11,125000,1,0,11.2068,-2693.73,1,-133.844,-135,0.790528
64880, 677.539, 53, -1,-1,-1,37.2666,13.7158,0.019953,8.68e+08,12,125000,1,0,2.13313,-16989.1,0,-136.312,-137,1.58106
64912, 678.855, 7, -1,-1,-1,46.3931,-2.63001,0.025119,8.68e+08,12,125000,1,0,22.4377,-17762.8,0,-130.172,-137,1.58106
64924, 678.994, 49, -1,-1,-1,60.9723,-8.53133,0.015849,8.68e+08,12,125000,1,0,71.5702,5026.76,0,-126.331,-137,1.58106
64931, 679.165, 55, -1,-1,-1,31.8166,28.0824,0.019953,8.68e+08,10,125000,1,0,-7.76562,-14155.4,0,-139.074,-133,0.436224
64938, 679.274, 58, -1,-1,-1,41.7923,21.1679,0.025119,8.68e+08,11,125000,1,0,2.75085,-13768.3,0,-135.142,-135,0.790528
64940, 679.294, 34, -1,-1,-1,48.1582,23.6943,0.015849,8.68e+08,10,125000,1,0,6.7757,-10088.1,0,-136.028,-133,0.436224
64943, 679.354, 21, -1,-1,-1,51.8796,3.16644,0.015849,8.68e+08,10,125000,1,0,30.7298,-13799.4,1,-130.566,-133,0.436224
64950, 679.443, 39, -1,-1,-1,45.3641,29.0318,0.019953,8.68e+08,11,125000,1,0,1.50195,-9846.8,0,-136.496,-135,0.790528
64958, 679.609, 48, -1,-1,-1,66.9931,-20.4397,0.025119,8.68e+08,11,125000,1,0,32.5628,15784.5,1,-128.251,-135,0.790528
64960, 679.662, 13, -1,-1,-1,40.3136,-10.5179,0.015849,8.68e+08,10,125000,1,0,11.8952,-17745.9,0,-134.657,-133,0.436224
64962, 679.895, 27, -1,-1,-1,60.3201,4.95292,0.025119,8.68e+08,12,125000,1,0,40.198,-147.947,0,-127.085,-137,1.58106
64964, 680.03, 41, -1,-1,-1,44.2427,17.3363,0.025119,8.68e+08,12,125000,1,0,7.0952,-14066.7,0,-133.938,-137,1.58106
64976, 680.26, 51, -1,-1,-1,31.3978,-16.8263,0.019953,8.68e+08,11,125000,1,0,0.339498,-16544.4,0,-136.811,-135,0.790528
64983, 680.472, 31, -1,-1,-1,50.6555,15.3159,0.015849,8.68e+08,10,125000,1,0,15.3821,-10914,0,-133.788,-133,0.436224
64985, 680.653, 32, -1,-1,-1,51.1766,18.2126,0.019953,8.68e+08,12,125000,1,0,13.5113,-9810.64,0,-133.252,-137,1.58106
64987, 680.965, 16, -1,-1,-1,53.2773,8.72452,0.025119,8.68e+08,12,125000,1,0,26.0326,-10844.2,0,-129.44,-137,1.58106
64990, 681.029, 22, -1,-1,-1,45.7768,6.11857,0.015849,8.68e+08,11,125000,1,0,15.8348,-16550.8,1,-133.675,-135,0.790528
64997, 681.927, 57, -1,-1,-1,42.497,19.1227,0.015849,8.68e+08,12,125000,1,0,4.33565,-13975.5,0,-136.699,-137,1.58106
65004, 682.342, 35, -1,-1,-1,41.9454,28.3607,0.019953,8.68e+08,11,125000,1,0,-0.771617,-11306.8,0,-137.136,-135,0.790528
65017, 683.349, 5, -1,-1,-1,45.2911,-1.97699,0.025119,8.68e+08,11,125000,1,0,19.1084,-17951.9,1,-130.906,-135,0.790528
65024, 683.615, 47, -1,-1,-1,39.1478,29.5182,0.015849,8.68e+08,12,125000,1,0,-3.33531,-11878.2,0,-138.856,-137,1.58106
65026, 683.762, 50, -1,-1,-1,70.7907,22.181,0.015849,8.68e+08,11,125000,1,0,13.5473,11274.4,0,-134.246,-135,0.790528
65058, 684.601, 26, -1,-1,-1,37.2033,12.4105,0.025119,8.68e+08,10,125000,1,0,2.11121,-17231.9,0,-135.318,-133,0.436224
65061, 684.614, 20, -1,-1,-1,50.995,4.58524,0.015849,8.68e+08,11,125000,1,0,26.3038,-14192.8,1,-131.387,-135,0.790528
65068, 684.69, 44, -1,-1,-1,38.1663,21.4091,0.019953,8.68e+08,11,125000,1,0,-0.659846,-14645.1,0,-137.101,-135,0.790528
65080, 685.012, 6, -1,-1,-1,43.3892,-0.476294,0.025119,8.68e+08,12,125000,1,0,14.9375,-18315.4,0,-131.893,-137,1.58106
65082, 685.075, 42, -1,-1,-1,44.1598,19.4781,0.019953,8.68e+08,10,125000,1,0,5.4727,-13384,0,-135.384,-133,0.436224
65084, 685.345, 10, -1,-1,-1,37.7624,-7.50647,0.025119,8.68e+08,11,125000,1,0,7.75017,-18459.9,0,-133.754,-135,0.790528
65091, 685.548, 59, -1,-1,-1,43.0069,22.2244,0.015849,8.68e+08,11,125000,1,0,2.97482,-12959.8,0,-137.08,-135,0.790528
65103, 685.899, 40, -1,-1,-1,50.2872,33.8784,0.019953,8.68e+08,12,125000,1,0,2.10916,-5844.46,0,-136.328,-137,1.58106
65106, 685.93, 0, -1,-1,-1,51.1806,-1.29064,0.025119,8.68e+08,10,125000,1,0,32.8961,-15310.5,1,-128.195,-133,0.436224
65109, 685.948, 2, -1,-1,-1,52.8574,-1.0846,0.019953,8.68e+08,12,125000,1,0,38.3024,-13680.7,1,-128.353,-137,1.58106
65116, 686.172, 28, -1,-1,-1,55.2498,14.353,0.015849,8.68e+08,10,125000,1,0,21.1143,-7273.02,0,-132.462,-133,0.436224
65118, 686.341, 46, -1,-1,-1,35.6726,30.6782,0.025119,8.68e+08,12,125000,1,0,-6.31526,-12518.4,0,-137.681,-137,1.58106
65130, 687.471, 45, -1,-1,-1,37.4342,26.8198,0.015849,8.68e+08,12,125000,1,0,-3.56632,-13273.4,0,-138.919,-137,1.58106
65142, 687.547, 11, -1,-1,-1,40.729,-0.942347,0.015849,8.68e+08,12,125000,1,0,10.7002,-18751.2,0,-134.969,-137,1.58106
65154, 688.206, 52, -1,-1,-1,27.6763,-17.5141,0.019953,8.68e+08,10,125000,1,0,-3.64,-16450.8,0,-137.928,-133,0.436224
65156, 688.315, 36, -1,-1,-1,56.739,26.2706,0.019953,8.68e+08,11,125000,1,0,11.0556,-3163.59,0,-133.885,-135,0.790528
65159, 688.577, 38, -1,-1,-1,55.4525,23.897,0.025119,8.68e+08,11,125000,1,0,12.083,-4873.88,1,-132.618,-135,0.790528
65166, 688.674, 53, -1,-1,-1,37.2666,13.7158,0.019953,8.68e+08,12,125000,1,0,1.51216,-16972.8,0,-136.487,-137,1.58106
65168, 688.788, 25, -1,-1,-1,42.9973,10.3296,0.015849,8.68e+08,12,125000,1,0,9.03167,-16590,0,-135.413,-137,1.58106
65185, 689.098, 23, -1,-1,-1,46.4547,14.2858,0.015849,8.68e+08,12,125000,1,0,10.7894,-14153.8,0,-134.95,-137,1.58106
65192, 689.29, 55, -1,-1,-1,31.8166,28.0824,0.019953,8.68e+08,10,125000,1,0,-8.12223,-14120.5,0,-139.17,-133,0.436224
65205, 689.419, 1, -1,-1,-1,53.3356,-4.09606,0.025119,8.68e+08,10,125000,1,0,42.9432,-13672.9,1,-126.721,-133,0.436224
65207, 689.477, 43, -1,-1,-1,39.7502,22.7721,0.025119,8.68e+08,10,125000,1,0,-0.185872,-13967.2,0,-135.969,-133,0.436224
65219, 690.12, 9, -1,-1,-1,43.9298,8.62537,0.015849,8.68e+08,11,125000,1,0,10.9275,-16813.9,0,-134.912,-135,0.790528
65222, 690.161, 15, -1,-1,-1,52.7206,6.93841,0.019953,8.68e+08,11,125000,1,0,26.2678,-12355.2,1,-130.395,-135,0.790528
65224, 690.191, 12, -1,-1,-1,43.0813,-7.60286,0.019953,8.68e+08,12,125000,1,0,15.5502,-18059.5,0,-132.743,-137,1.58106
65227, 690.512, 29, -1,-1,-1,57.2186,11.901,0.019953,8.68e+08,10,125000,1,0,25.9248,-5766.98,1,-130.463,-133,0.436224
65234, 690.71, 54, -1,-1,-1,35.1679,33.0607,0.019953,8.68e+08,12,125000,1,0,-7.70932,-12042.3,0,-139.062,-137,1.58106
65237, 691.008, 21, -1,-1,-1,51.8796,3.16644,0.015849,8.68e+08,10,125000,1,0,28.9252,-14230.8,1,-130.891,-133,0.436224
65249, 691.51, 30, -1,-1,-1,60.3678,25.9205,0.025119,8.68e+08,10,125000,1,0,13.0753,88.1309,0,-132.366,-133,0.436224
65251, 691.606, 32, -1,-1,-1,51.1766,18.2126,0.019953,8.68e+08,12,125000,1,0,12.9457,-10163,0,-133.396,-137,1.58106
65254, 691.642, 18, -1,-1,-1,49.4957,9.3861,0.025119,8.68e+08,10,125000,1,0,18.1441,-14219.7,1,-131.131,-133,0.436224
65266, 692.354, 34, -1,-1,-1,48.1582,23.6943,0.015849,8.68e+08,10,125000,1,0,6.25567,-10427.6,0,-136.171,-133,0.436224
65269, 692.402, 17, -1,-1,-1,52.0923,14.0787,0.025119,8.68e+08,10,125000,1,0,17.4122,-10870.3,1,-131.303,-133,0.436224
65277, 693.156, 4, -1,-1,-1,52.5246,-6.48755,0.025119,8.68e+08,10,125000,1,0,40.7255,-14576.8,1,-127.014,-133,0.436224
65294, 693.991, 33, -1,-1,-1,46.0271,20.9413,0.019953,8.68e+08,10,125000,1,0,5.93663,-12445.8,0,-135.258,-133,0.436224
65301, 694.484, 14, -1,-1,-1,38.2352,-6.87066,0.025119,8.68e+08,10,125000,1,0,7.60124,-18688.5,0,-133.795,-133,0.436224
65313, 694.982, 19, -1,-1,-1,52.5578,8.66449,0.025119,8.68e+08,12,125000,1,0,23.5126,-12256.1,0,-129.951,-137,1.58106
65316, 695.007, 49, -1,-1,-1,60.9723,-8.53133,0.015849,8.68e+08,12,125000,1,0,77.4431,2639.37,1,-126.118,-137,1.58106
65328, 695.914, 42, -1,-1,-1,44.1598,19.4781,0.019953,8.68e+08,10,125000,1,0,4.92586,-13756,0,-135.537,-133,0.436224
65340, 696.245, 8, -1,-1,-1,49.2811,9.74921,0.025119,8.68e+08,12,125000,1,0,17.2061,-14397.3,0,-131.351,-137,1.58106
65342, 696.387, 2, -1,-1,-1,52.8574,-1.0846,0.019953,8.68e+08,12,125000,1,0,36.0478,-14438.9,0,-128.691,-137,1.58106
65344, 696.409, 35, -1,-1,-1,41.9454,28.3607,0.019953,8.68e+08,11,125000,1,0,-1.25729,-11771.3,0,-137.274,-135,0.790528
65356, 696.834, 24, -1,-1,-1,46.1123,9.21262,0.019953,8.68e+08,11,125000,1,0,12.9551,-16124.9,0,-133.392,-135,0.790528
65359, 696.943, 3, -1,-1,-1,55.0197,-4.92577,0.025119,8.68e+08,10,125000,1,0,49.4359,-12178.6,1,-125.964,-133,0.436224
65361, 697.028, 10, -1,-1,-1,37.7624,-7.50647,0.025119,8.68e+08,11,125000,1,0,6.87178,-18650.4,0,-133.994,-135,0.790528
65378, 698.236, 40, -1,-1,-1,50.2872,33.8784,0.019953,8.68e+08,12,125000,1,0,1.86137,-6420.24,0,-136.399,-137,1.58106
65381, 698.484, 0, -1,-1,-1,51.1806,-1.29064,0.025119,8.68e+08,10,125000,1,0,30.5254,-15994,1,-128.603,-133,0.436224
65383, 698.928, 58, -1,-1,-1,41.7923,21.1679,0.025119,8.68e+08,11,125000,1,0,1.84248,-14119.2,0,-135.399,-135,0.790528
65395, 699.14, 37, -1,-1,-1,55.1185,20.5864,0.015849,8.68e+08,12,125000,1,0,14.2894,-6652.69,0,-134.06,-137,1.58106
65413, 699.886, 56, -1,-1,-1,61.255,29.3742,0.015849,8.68e+08,11,125000,1,0,10.8637,831.271,1,-134.937,-135,0.790528
65420, 700.121, 59, -1,-1,-1,43.0069,22.2244,0.015849,8.68e+08,11,125000,1,0,2.32592,-13437,0,-137.264,-135,0.790528
65437, 700.568, 7, -1,-1,-1,46.3931,-2.63001,0.025119,8.68e+08,12,125000,1,0,19.5567,-18126.6,0,-130.806,-137,1.58106
65439, 700.587, 39, -1,-1,-1,45.3641,29.0318,0.019953,8.68e+08,11,125000,1,0,0.823688,-10414.5,0,-136.689,-135,0.790528
65451, 700.793, 5, -1,-1,-1,45.2911,-1.97699,0.025119,8.68e+08,11,125000,1,0,17.0481,-18137.9,0,-131.386,-135,0.790528
65453, 700.982, 54, -1,-1,-1,35.1679,33.0607,0.019953,8.68e+08,12,125000,1,0,-8.0207,-12303.5,0,-139.147,-137,1.58106
65575, 701.129, 36, -1,-1,-1,56.739,26.2706,0.019953,8.68e+08,11,125000,1,0,10.8455,-3729.83,0,-133.941,-135,0.790528
65577, 701.356, 50, -1,-1,-1,70.7907,22.181,0.015849,8.68e+08,11,125000,1,0,14.5881,10572.4,0,-133.988,-135,0.790528
65580, 701.416, 48, -1,-1,-1,66.9931,-20.4397,0.025119,8.68e+08,11,125000,1,0,37.2743,15100,1,-127.507,-135,0.790528
65592, 701.799, 16, -1,-1,-1,53.2773,8.72452,0.025119,8.68e+08,12,125000,1,0,23.9357,-11723.2,0,-129.864,-137,1.58106
65595, 701.998, 18, -1,-1,-1,49.4957,9.3861,0.025119,8.68e+08,10,125000,1,0,17.195,-14421.1,1,-131.354,-133,0.436224
65602, 702.307, 57, -1,-1,-1,42.497,19.1227,0.015849,8.68e+08,12,125000,1,0,3.30822,-14352.4,0,-136.987,-137,1.58106
65614, 702.459, 51, -1,-1,-1,31.3978,-16.8263,0.019953,8.68e+08,11,125000,1,0,-0.790659,-16604.4,0,-137.131,-135,0.790528
65631, 703.11, 55, -1,-1,-1,31.8166,28.0824,0.019953,8.68e+08,10,125000,1,0,-8.60827,-14155.9,0,-139.302,-133,0.436224
65633, 703.213, 9, -1,-1,-1,43.9298,8.62537,0.015849,8.68e+08,11,125000,1,0,9.90584,-16909.3,0,-135.182,-135,0.790528
65650, 703.738, 47, -1,-1,-1,39.1478,29.5182,0.015849,8.68e+08,12,125000,1,0,-4.01137,-12210.5,0,-139.046,-137,1.58106
65662, 703.877, 44, -1,-1,-1,38.1663,21.4091,0.019953,8.68e+08,11,125000,1,0,-1.50987,-14871.4,0,-137.342,-135,0.790528
65669, 704.037, 41, -1,-1,-1,44.2427,17.3363,0.025119,8.68e+08,12,125000,1,0,5.76288,-14370.4,0,-134.305,-137,1.58106
65671, 704.067, 13, -1,-1,-1,40.3136,-10.5179,0.015849,8.68e+08,10,125000,1,0,9.85055,-17863.5,0,-135.193,-133,0.436224
65674, 704.264, 29, -1,-1,-1,57.2186,11.901,0.019953,8.68e+08,10,125000,1,0,25.1383,-6702.45,1,-130.621,-133,0.436224
65676, 704.298, 31, -1,-1,-1,50.6555,15.3159,0.015849,8.68e+08,10,125000,1,0,13.8579,-11925.5,0,-134.167,-133,0.436224
65679, 704.632, 27, -1,-1,-1,60.3201,4.95292,0.025119,8.68e+08,12,125000,1,0,39.6249,-2635.4,1,-127.168,-137,1.58106
65682, 704.669, 22, -1,-1,-1,45.7768,6.11857,0.015849,8.68e+08,11,125000,1,0,13.6075,-17002.3,1,-134.227,-135,0.790528
65699, 705.221, 11, -1,-1,-1,40.729,-0.942347,0.015849,8.68e+08,12,125000,1,0,9.19359,-18811.1,0,-135.369,-137,1.58106
65701, 705.289, 25, -1,-1,-1,42.9973,10.3296,0.015849,8.68e+08,12,125000,1,0,7.86007,-16765,0,-135.73,-137,1.58106
65709, 705.414, 17, -1,-1,-1,52.0923,14.0787,0.025119,8.68e+08,10,125000,1,0,16.5186,-11357.9,1,-131.516,-133,0.436224
65711, 705.432, 26, -1,-1,-1,37.2033,12.4105,0.025119,8.68e+08,10,125000,1,0,0.933921,-17374.2,0,-135.651,-133,0.436224
65718, 705.767, 28, -1,-1,-1,55.2498,14.353,0.015849,8.68e+08,10,125000,1,0,19.9852,-8470.45,0,-132.714,-133,0.436224
65726, 706.282, 20, -1,-1,-1,50.995,4.58524,0.015849,8.68e+08,11,125000,1,0,23.4735,-15047.8,1,-131.959,-135,0.790528
65738, 706.653, 53, -1,-1,-1,37.2666,13.7158,0.019953,8.68e+08,12,125000,1,0,0.530459,-17075.8,0,-136.765,-137,1.58106
65750, 707.225, 42, -1,-1,-1,44.1598,19.4781,0.019953,8.68e+08,10,125000,1,0,4.35767,-13879.7,0,-135.695,-133,0.436224
65752, 707.857, 45, -1,-1,-1,37.4342,26.8198,0.015849,8.68e+08,12,125000,1,0,-4.32043,-13550.1,0,-139.131,-137,1.58106
65760, 708.067, 2, -1,-1,-1,52.8574,-1.0846,0.019953,8.68e+08,12,125000,1,0,33.6732,-14877.1,1,-129.069,-137,1.58106
65762, 708.107, 6, -1,-1,-1,43.3892,-0.476294,0.025119,8.68e+08,12,125000,1,0,12.6502,-18544.1,0,-132.468,-137,1.58106
65764, 708.339, 23, -1,-1,-1,46.4547,14.2858,0.015849,8.68e+08,12,125000,1,0,9.52476,-14606,0,-135.285,-137,1.58106
65776, 709.03, 52, -1,-1,-1,27.6763,-17.5141,0.019953,8.68e+08,10,125000,1,0,-4.58503,-16623.5,0,-138.193,-133,0.436224
65779, 709.207, 4, -1,-1,-1,52.5246,-6.48755,0.025119,8.68e+08,10,125000,1,0,36.7842,-15333.5,1,-127.58,-133,0.436224
65781, 709.64, 46, -1,-1,-1,35.6726,30.6782,0.025119,8.68e+08,12,125000,1,0,-7.07668,-12851.5,0,-137.891,-137,1.58106
65799, 710.563, 15, -1,-1,-1,52.7206,6.93841,0.019953,8.68e+08,11,125000,1,0,23.9154,-13353.3,1,-130.869,-135,0.790528
65802, 710.602, 1, -1,-1,-1,53.3356,-4.09606,0.025119,8.68e+08,10,125000,1,0,37.6292,-14907.9,1,-127.455,-133,0.436224
65804, 710.886, 43, -1,-1,-1,39.7502,22.7721,0.025119,8.68e+08,10,125000,1,0,-1.10168,-14296.4,0,-136.229,-133,0.436224
65836, 712.88, 24, -1,-1,-1,46.1123,9.21262,0.019953,8.68e+08,11,125000,1,0,11.6534,-16370.1,0,-133.727,-135,0.790528
65838, 712.995, 38, -1,-1,-1,55.4525,23.897,0.025119,8.68e+08,11,125000,1,0,11.4286,-6173.65,0,-132.789,-135,0.790528
65845, 713.253, 35, -1,-1,-1,41.9454,28.3607,0.019953,8.68e+08,11,125000,1,0,-1.84458,-12054.5,0,-137.44,-135,0.790528
65847, 713.419, 12, -1,-1,-1,43.0813,-7.60286,0.019953,8.68e+08,12,125000,1,0,13.2244,-18348.1,0,-133.322,-137,1.58106
65855, 713.632, 0, -1,-1,-1,51.1806,-1.29064,0.025119,8.68e+08,10,125000,1,0,27.8865,-16422.2,1,-129.086,-133,0.436224
65872, 714.132, 19, -1,-1,-1,52.5578,8.66449,0.025119,8.68e+08,12,125000,1,0,21.5802,-13129.8,0,-130.363,-137,1.58106
65874, 714.282, 7, -1,-1,-1,46.3931,-2.63001,0.025119,8.68e+08,12,125000,1,0,17.893,-18225.3,0,-131.189,-137,1.58106
65876, 714.455, 21, -1,-1,-1,51.8796,3.16644,0.015849,8.68e+08,10,125000,1,0,25.5202,-15233.5,0,-131.544,-133,0.436224
65878, 714.5, 30, -1,-1,-1,60.3678,25.9205,0.025119,8.68e+08,10,125000,1,0,13.0166,-1277.23,0,-132.383,-133,0.436224
65900, 714.958, 34, -1,-1,-1,48.1582,23.6943,0.015849,8.68e+08,10,125000,1,0,5.33239,-11148.8,0,-136.428,-133,0.436224
65902, 715.044, 8, -1,-1,-1,49.2811,9.74921,0.025119,8.68e+08,12,125000,1,0,15.5539,-14936.5,0,-131.748,-137,1.58106
65915, 715.471, 56, -1,-1,-1,61.255,29.3742,0.015849,8.68e+08,11,125000,1,0,10.9085,59.5413,1,-134.926,-135,0.790528
65927, 715.66, 32, -1,-1,-1,51.1766,18.2126,0.019953,8.68e+08,12,125000,1,0,11.6659,-11173.8,0,-133.726,-137,1.58106
65929, 715.748, 39, -1,-1,-1,45.3641,29.0318,0.019953,8.68e+08,11,125000,1,0,0.324779,-10724.5,0,-136.83,-135,0.790528
65932, 715.943, 28, -1,-1,-1,55.2498,14.353,0.015849,8.68e+08,10,125000,1,0,19.3587,-9200.06,1,-132.856,-133,0.436224
65939, 716.351, 9, -1,-1,-1,43.9298,8.62537,0.015849,8.68e+08,11,125000,1,0,8.91406,-17231.6,0,-135.447,-135,0.790528
65942, 716.389, 49, -1,-1,-1,60.9723,-8.53133,0.015849,8.68e+08,12,125000,1,0,80.2851,-875.082,1,-126.046,-137,1.58106
65945, 716.621, 18, -1,-1,-1,49.4957,9.3861,0.025119,8.68e+08,10,125000,1,0,15.8883,-15044.4,1,-131.667,-133,0.436224
65947, 716.811, 54, -1,-1,-1,35.1679,33.0607,0.019953,8.68e+08,12,125000,1,0,-8.50296,-12440.3,0,-139.277,-137,1.58106
65949, 716.865, 37, -1,-1,-1,55.1185,20.5864,0.015849,8.68e+08,12,125000,1,0,13.6233,-7541.19,0,-134.228,-137,1.58106
65961, 717.59, 55, -1,-1,-1,31.8166,28.0824,0.019953,8.68e+08,10,125000,1,0,-9.11653,-14450.2,0,-139.439,-133,0.436224
65963, 717.697, 33, -1,-1,-1,46.0271,20.9413,0.019953,8.68e+08,10,125000,1,0,4.81052,-13075.3,0,-135.571,-133,0.436224
65975, 718.307, 42, -1,-1,-1,44.1598,19.4781,0.019953,8.68e+08,10,125000,1,0,3.80379,-14230,0,-135.851,-133,0.436224
65998, 718.893, 3, -1,-1,-1,55.0197,-4.92577,0.025119,8.68e+08,10,125000,1,0,43.0482,-13841.2,1,-126.711,-133,0.436224
66000, 718.93, 59, -1,-1,-1,43.0069,22.2244,0.015849,8.68e+08,11,125000,1,0,1.48994,-13772.9,0,-137.5,-135,0.790528
66003, 719.417, 22, -1,-1,-1,45.7768,6.11857,0.015849,8.68e+08,11,125000,1,0,12.3006,-17395.7,1,-134.56,-135,0.790528
66025, 719.875, 31, -1,-1,-1,50.6555,15.3159,0.015849,8.68e+08,10,125000,1,0,12.8548,-12689.6,0,-134.421,-133,0.436224
66047, 720.308, 47, -1,-1,-1,39.1478,29.5182,0.015849,8.68e+08,12,125000,1,0,-4.57213,-12671.7,0,-139.203,-137,1.58106
66054, 720.417, 11, -1,-1,-1,40.729,-0.942347,0.015849,8.68e+08,12,125000,1,0,7.96647,-19040.9,0,-135.7,-137,1.58106
66056, 720.419, 10, -1,-1,-1,37.7624,-7.50647,0.025119,8.68e+08,11,125000,1,0,5.19307,-18797.8,0,-134.457,-135,0.790528
66063, 720.84, 50, -1,-1,-1,70.7907,22.181,0.015849,8.68e+08,11,125000,1,0,15.7072,9684.35,0,-133.715,-135,0.790528
66070, 721.012, 20, -1,-1,-1,50.995,4.58524,0.015849,8.68e+08,11,125000,1,0,21.667,-15446.6,0,-132.344,-135,0.790528
66078, 721.094, 48, -1,-1,-1,66.9931,-20.4397,0.025119,8.68e+08,11,125000,1,0,42.1538,13996.9,1,-126.827,-135,0.790528
66080, 721.184, 40, -1,-1,-1,50.2872,33.8784,0.019953,8.68e+08,12,125000,1,0,1.36258,-7200.87,0,-136.541,-137,1.58106
66082, 721.244, 57, -1,-1,-1,42.497,19.1227,0.015849,8.68e+08,12,125000,1,0,2.36545,-14892.5,0,-137.253,-137,1.58106
66089, 721.35, 5, -1,-1,-1,45.2911,-1.97699,0.025119,8.68e+08,11,125000,1,0,14.8212,-18353.6,0,-131.926,-135,0.790528
66097, 721.404, 17, -1,-1,-1,52.0923,14.0787,0.025119,8.68e+08,10,125000,1,0,15.4105,-11962.2,1,-131.785,-133,0.436224
66099, 721.739, 6, -1,-1,-1,43.3892,-0.476294,0.025119,8.68e+08,12,125000,1,0,11.3931,-18560.8,0,-132.792,-137,1.58106
66101, 721.815, 13, -1,-1,-1,40.3136,-10.5179,0.015849,8.68e+08,10,125000,1,0,8.45212,-18008.9,0,-135.568,-133,0.436224
66108, 721.904, 25, -1,-1,-1,42.9973,10.3296,0.015849,8.68e+08,12,125000,1,0,6.7216,-16915.8,0,-136.041,-137,1.58106
66115, 722.079, 58, -1,-1,-1,41.7923,21.1679,0.025119,8.68e+08,11,125000,1,0,0.781151,-14284.4,0,-135.699,-135,0.790528
66123, 722.617, 16, -1,-1,-1,53.2773,8.72452,0.025119,8.68e+08,12,125000,1,0,21.8483,-12741.1,1,-130.306,-137,1.58106
66131, 723.022, 4, -1,-1,-1,52.5246,-6.48755,0.025119,8.68e+08,10,125000,1,0,33.7316,-15825.6,1,-128.061,-133,0.436224
66143, 723.461, 53, -1,-1,-1,37.2666,13.7158,0.019953,8.68e+08,12,125000,1,0,-0.365135,-17140.6,0,-137.018,-137,1.58106
66145, 723.563, 45, -1,-1,-1,37.4342,26.8198,0.015849,8.68e+08,12,125000,1,0,-4.90117,-13688,0,-139.293,-137,1.58106
66147, 723.894, 35, -1,-1,-1,41.9454,28.3607,0.019953,8.68e+08,11,125000,1,0,-2.21826,-12129,0,-137.546,-135,0.790528
66155, 723.91, 38, -1,-1,-1,55.4525,23.897,0.025119,8.68e+08,11,125000,1,0,11.0963,-6577.89,1,-132.877,-135,0.790528
66178, 724.519, 27, -1,-1,-1,60.3201,4.95292,0.025119,8.68e+08,12,125000,1,0,38.3704,-4756.49,1,-127.349,-137,1.58106
66181, 724.81, 36, -1,-1,-1,56.739,26.2706,0.019953,8.68e+08,11,125000,1,0,10.3604,-4967.6,1,-134.07,-135,0.790528
66184, 724.892, 1, -1,-1,-1,53.3356,-4.09606,0.025119,8.68e+08,10,125000,1,0,34.4485,-15475.1,1,-127.946,-133,0.436224
66186, 724.913, 51, -1,-1,-1,31.3978,-16.8263,0.019953,8.68e+08,11,125000,1,0,-1.90844,-16826.5,0,-137.447,-135,0.790528
66193, 725.49, 41, -1,-1,-1,44.2427,17.3363,0.025119,8.68e+08,12,125000,1,0,4.59387,-14780.4,0,-134.63,-137,1.58106
66195, 725.76, 19, -1,-1,-1,52.5578,8.66449,0.025119,8.68e+08,12,125000,1,0,20.4282,-13487.2,0,-130.616,-137,1.58106
66203, 726.246, 56, -1,-1,-1,61.255,29.3742,0.015849,8.68e+08,11,125000,1,0,10.9036,-389.745,1,-134.928,-135,0.790528
66225, 727.301, 44, -1,-1,-1,38.1663,21.4091,0.019953,8.68e+08,11,125000,1,0,-2.5354,-15168.3,0,-137.632,-135,0.790528
66243, 727.639, 12, -1,-1,-1,43.0813,-7.60286,0.019953,8.68e+08,12,125000,1,0,11.8984,-18410.6,1,-133.662,-137,1.58106
66245, 727.675, 21, -1,-1,-1,51.8796,3.16644,0.015849,8.68e+08,10,125000,1,0,23.7333,-15580.7,0,-131.908,-133,0.436224
66247, 727.821, 29, -1,-1,-1,57.2186,11.901,0.019953,8.68e+08,10,125000,1,0,23.5865,-8387.21,0,-130.94,-133,0.436224
66249, 727.858, 26, -1,-1,-1,37.2033,12.4105,0.025119,8.68e+08,10,125000,1,0,-0.29198,-17520.3,0,-135.998,-133,0.436224
66256, 728.033, 55, -1,-1,-1,31.8166,28.0824,0.019953,8.68e+08,10,125000,1,0,-9.48235,-14403.7,0,-139.536,-133,0.436224
66258, 728.069, 54, -1,-1,-1,35.1679,33.0607,0.019953,8.68e+08,12,125000,1,0,-8.8475,-12455.4,0,-139.37,-137,1.58106
66260, 728.272, 46, -1,-1,-1,35.6726,30.6782,0.025119,8.68e+08,12,125000,1,0,-7.68823,-13046.3,0,-138.058,-137,1.58106
66268, 729.534, 23, -1,-1,-1,46.4547,14.2858,0.015849,8.68e+08,12,125000,1,0,8.16582,-15065,1,-135.651,-137,1.58106
66276, 729.825, 18, -1,-1,-1,49.4957,9.3861,0.025119,8.68e+08,10,125000,1,0,14.7433,-15298.1,1,-131.948,-133,0.436224
66283, 730.233, 52, -1,-1,-1,27.6763,-17.5141,0.019953,8.68e+08,10,125000,1,0,-5.53279,-16780.7,0,-138.456,-133,0.436224
66296, 730.884, 0, -1,-1,-1,51.1806,-1.29064,0.025119,8.68e+08,10,125000,1,0,25.1441,-16857.9,1,-129.62,-133,0.436224
66313, 731.541, 34, -1,-1,-1,48.1582,23.6943,0.015849,8.68e+08,10,125000,1,0,4.64083,-11567.9,0,-136.621,-133,0.436224
66320, 731.645, 32, -1,-1,-1,51.1766,18.2126,0.019953,8.68e+08,12,125000,1,0,10.7964,-11693.5,0,-133.954,-137,1.58106
66332, 732.049, 20, -1,-1,-1,50.995,4.58524,0.015849,8.68e+08,11,125000,1,0,20.3743,-15914.5,0,-132.628,-135,0.790528
66334, 732.398, 15, -1,-1,-1,52.7206,6.93841,0.019953,8.68e+08,11,125000,1,0,21.4931,-14267.9,0,-131.383,-135,0.790528
66336, 732.436, 28, -1,-1,-1,55.2498,14.353,0.015849,8.68e+08,10,125000,1,0,18.3004,-10028.2,0,-133.1,-133,0.436224
66338, 732.442, 2, -1,-1,-1,52.8574,-1.0846,0.019953,8.68e+08,12,125000,1,0,29.1893,-15922.5,0,-129.847,-137,1.58106
66340, 732.48, 5, -1,-1,-1,45.2911,-1.97699,0.025119,8.68e+08,11,125000,1,0,13.6943,-18581,0,-132.207,-135,0.790528
66348, 732.626, 49, -1,-1,-1,60.9723,-8.53133,0.015849,8.68e+08,12,125000,1,0,76.1879,-3405.45,1,-126.161,-137,1.58106
66360, 732.989, 31, -1,-1,-1,50.6555,15.3159,0.015849,8.68e+08,10,125000,1,0,12.0117,-13027.2,0,-134.638,-133,0.436224
66372, 733.27, 43, -1,-1,-1,39.7502,22.7721,0.025119,8.68e+08,10,125000,1,0,-2.05189,-14615.4,0,-136.497,-133,0.436224
66384, 733.799, 42, -1,-1,-1,44.1598,19.4781,0.019953,8.68e+08,10,125000,1,0,3.03506,-14450.6,0,-136.067,-133,0.436224
66387, 733.929, 30, -1,-1,-1,60.3678,25.9205,0.025119,8.68e+08,10,125000,1,0,12.8451,-2374.51,1,-132.428,-133,0.436224
66389, 734.46, 25, -1,-1,-1,42.9973,10.3296,0.015849,8.68e+08,12,125000,1,0,5.887,-17195.4,0,-136.271,-137,1.58106
66396, 734.787, 6, -1,-1,-1,43.3892,-0.476294,0.025119,8.68e+08,12,125000,1,0,10.2462,-18787.7,0,-133.093,-137,1.58106
66404, 734.85, 7, -1,-1,-1,46.3931,-2.63001,0.025119,8.68e+08,12,125000,1,0,15.5896,-18452.8,1,-131.739,-137,1.58106
66417, 735.597, 48, -1,-1,-1,66.9931,-20.4397,0.025119,8.68e+08,11,125000,1,0,46.1808,12739.9,1,-126.331,-135,0.790528
66424, 735.942, 10, -1,-1,-1,37.7624,-7.50647,0.025119,8.68e+08,11,125000,1,0,4.13209,-18812.1,0,-134.753,-135,0.790528
66436, 736.085, 47, -1,-1,-1,39.1478,29.5182,0.015849,8.68e+08,12,125000,1,0,-5.10872,-12843,0,-139.352,-137,1.58106
66443, 736.48, 51, -1,-1,-1,31.3978,-16.8263,0.019953,8.68e+08,11,125000,1,0,-2.47465,-17028,0,-137.607,-135,0.790528
66460, 736.845, 22, -1,-1,-1,45.7768,6.11857,0.015849,8.68e+08,11,125000,1,0,10.8303,-17576.9,0,-134.942,-135,0.790528
66463, 737.112, 19, -1,-1,-1,52.5578,8.66449,0.025119,8.68e+08,12,125000,1,0,19.3242,-14072.8,1,-130.865,-137,1.58106
66465, 737.418, 24, -1,-1,-1,46.1123,9.21262,0.019953,8.68e+08,11,125000,1,0,9.75804,-16808.4,0,-134.225,-135,0.790528
66467, 737.452, 59, -1,-1,-1,43.0069,22.2244,0.015849,8.68e+08,11,125000,1,0,0.670052,-14067.9,0,-137.732,-135,0.790528
66474, 737.637, 11, -1,-1,-1,40.729,-0.942347,0.015849,8.68e+08,12,125000,1,0,6.6433,-19064.5,0,-136.061,-137,1.58106
66481, 737.787, 40, -1,-1,-1,50.2872,33.8784,0.019953,8.68e+08,12,125000,1,0,0.973592,-7668.53,0,-136.651,-137,1.58106
66498, 738.217, 8, -1,-1,-1,49.2811,9.74921,0.025119,8.68e+08,12,125000,1,0,13.6038,-15557.6,0,-132.232,-137,1.58106
66506, 738.41, 17, -1,-1,-1,52.0923,14.0787,0.025119,8.68e+08,10,125000,1,0,14.2298,-12825.1,1,-132.077,-133,0.436224
66513, 738.611, 55, -1,-1,-1,31.8166,28.0824,0.019953,8.68e+08,10,125000,1,0,-9.85229,-14609.2,0,-139.635,-133,0.436224
66515, 738.815, 33, -1,-1,-1,46.0271,20.9413,0.019953,8.68e+08,10,125000,1,0,3.8077,-13550.7,0,-135.852,-133,0.436224
66523, 739.209, 16, -1,-1,-1,53.2773,8.72452,0.025119,8.68e+08,12,125000,1,0,20.2164,-13670.3,1,-130.665,-137,1.58106
66525, 739.216, 39, -1,-1,-1,45.3641,29.0318,0.019953,8.68e+08,11,125000,1,0,-0.464452,-11301.8,0,-137.054,-135,0.790528
66527, 739.238, 37, -1,-1,-1,55.1185,20.5864,0.015849,8.68e+08,12,125000,1,0,12.6949,-8652.38,0,-134.465,-137,1.58106
66534, 739.417, 57, -1,-1,-1,42.497,19.1227,0.015849,8.68e+08,12,125000,1,0,1.47255,-15134.4,0,-137.505,-137,1.58106
66541, 739.605, 9, -1,-1,-1,43.9298,8.62537,0.015849,8.68e+08,11,125000,1,0,7.23432,-17514.3,0,-135.903,-135,0.790528
66544, 739.904, 3, -1,-1,-1,55.0197,-4.92577,0.025119,8.68e+08,10,125000,1,0,37.7535,-15055,1,-127.44,-133,0.436224
66551, 740.047, 58, -1,-1,-1,41.7923,21.1679,0.025119,8.68e+08,11,125000,1,0,-0.034781,-14762.8,0,-135.93,-135,0.790528
66554, 740.481, 4, -1,-1,-1,52.5246,-6.48755,0.025119,8.68e+08,10,125000,1,0,30.2617,-16404.9,1,-128.654,-133,0.436224
66562, 741.365, 18, -1,-1,-1,49.4957,9.3861,0.025119,8.68e+08,10,125000,1,0,13.7698,-15459.8,1,-132.191,-133,0.436224
66584, 742.176, 34, -1,-1,-1,48.1582,23.6943,0.015849,8.68e+08,10,125000,1,0,4.1926,-11727.4,0,-136.746,-133,0.436224
66586, 742.473, 52, -1,-1,-1,27.6763,-17.5141,0.019953,8.68e+08,10,125000,1,0,-6.07344,-16779.3,0,-138.606,-133,0.436224
66599, 742.96, 29, -1,-1,-1,57.2186,11.901,0.019953,8.68e+08,10,125000,1,0,22.4894,-9261.71,1,-131.172,-133,0.436224
66611, 743.293, 12, -1,-1,-1,43.0813,-7.60286,0.019953,8.68e+08,12,125000,1,0,10.514,-18482.5,0,-134.023,-137,1.58106
66613, 743.329, 32, -1,-1,-1,51.1766,18.2126,0.019953,8.68e+08,12,125000,1,0,10.1554,-11972.9,0,-134.123,-137,1.58106
66625, 743.657, 28, -1,-1,-1,55.2498,14.353,0.015849,8.68e+08,10,125000,1,0,17.5575,-10457.9,0,-133.274,-133,0.436224
66632, 743.794, 36, -1,-1,-1,56.739,26.2706,0.019953,8.68e+08,11,125000,1,0,9.88855,-5861.71,0,-134.196,-135,0.790528
66640, 743.985, 1, -1,-1,-1,53.3356,-4.09606,0.025119,8.68e+08,10,125000,1,0,30.6389,-16183.9,1,-128.588,-133,0.436224
66643, 744.163, 38, -1,-1,-1,55.4525,23.897,0.025119,8.68e+08,11,125000,1,0,10.4232,-7515.22,1,-133.055,-135,0.790528
66655, 744.443, 54, -1,-1,-1,35.1679,33.0607,0.019953,8.68e+08,12,125000,1,0,-9.35067,-12583.3,0,-139.505,-137,1.58106
66658, 744.646, 21, -1,-1,-1,51.8796,3.16644,0.015849,8.68e+08,10,125000,1,0,21.5735,-16032,1,-132.366,-133,0.436224
66660, 744.75, 35, -1,-1,-1,41.9454,28.3607,0.019953,8.68e+08,11,125000,1,0,-2.95534,-12492.6,0,-137.754,-135,0.790528
66668, 745.205, 50, -1,-1,-1,70.7907,22.181,0.015849,8.68e+08,11,125000,1,0,17.0288,8377.66,1,-133.4,-135,0.790528
66670, 745.276, 53, -1,-1,-1,37.2666,13.7158,0.019953,8.68e+08,12,125000,1,0,-1.49768,-17275.1,0,-137.339,-137,1.58106
66687, 746.201, 44, -1,-1,-1,38.1663,21.4091,0.019953,8.68e+08,11,125000,1,0,-3.35276,-15336,0,-137.862,-135,0.790528
66699, 746.467, 23, -1,-1,-1,46.4547,14.2858,0.015849,8.68e+08,12,125000,1,0,7.10717,-15338.1,0,-135.94,-137,1.58106
66716, 746.96, 20, -1,-1,-1,50.995,4.58524,0.015849,8.68e+08,11,125000,1,0,18.7069,-16218.7,0,-133.006,-135,0.790528
66718, 747.146, 56, -1,-1,-1,61.255,29.3742,0.015849,8.68e+08,11,125000,1,0,10.8108,-1512.98,0,-134.954,-135,0.790528
66720, 747.282, 45, -1,-1,-1,37.4342,26.8198,0.015849,8.68e+08,12,125000,1,0,-5.77672,-13997.8,0,-139.536,-137,1.58106
66723, 747.477, 15, -1,-1,-1,52.7206,6.93841,0.019953,8.68e+08,11,125000,1,0,19.8904,-14721.7,1,-131.738,-135,0.790528
66735, 747.961, 41, -1,-1,-1,44.2427,17.3363,0.025119,8.68e+08,12,125000,1,0,3.39337,-15168.9,0,-134.967,-137,1.58106
66742, 748.357, 46, -1,-1,-1,35.6726,30.6782,0.025119,8.68e+08,12,125000,1,0,-8.34929,-13257.2,0,-138.237,-137,1.58106
66744, 748.407, 11, -1,-1,-1,40.729,-0.942347,0.015849,8.68e+08,12,125000,1,0,5.8486,-18990.8,0,-136.28,-137,1.58106
66757, 748.572, 48, -1,-1,-1,66.9931,-20.4397,0.025119,8.68e+08,11,125000,1,0,50.1139,11798.5,1,-125.899,-135,0.790528
66769, 748.982, 26, -1,-1,-1,37.2033,12.4105,0.025119,8.68e+08,10,125000,1,0,-1.41072,-17623.6,0,-136.314,-133,0.436224
66771, 748.994, 33, -1,-1,-1,46.0271,20.9413,0.019953,8.68e+08,10,125000,1,0,3.32574,-13633.3,0,-135.987,-133,0.436224
66773, 749.538, 40, -1,-1,-1,50.2872,33.8784,0.019953,8.68e+08,12,125000,1,0,0.685336,-7910.54,0,-136.733,-137,1.58106
66776, 749.775, 16, -1,-1,-1,53.2773,8.72452,0.025119,8.68e+08,12,125000,1,0,19.1986,-13931.8,1,-130.895,-137,1.58106
66783, 750.344, 37, -1,-1,-1,55.1185,20.5864,0.015849,8.68e+08,12,125000,1,0,12.2042,-9032.34,0,-134.592,-137,1.58106
66790, 750.547, 57, -1,-1,-1,42.497,19.1227,0.015849,8.68e+08,12,125000,1,0,0.931717,-15174.9,0,-137.658,-137,1.58106
66918, 751.077, 0, -1,-1,-1,51.1806,-1.29064,0.025119,8.68e+08,10,125000,1,0,22.243,-17312,1,-130.222,-133,0.436224
66930, 751.827, 7, -1,-1,-1,46.3931,-2.63001,0.025119,8.68e+08,12,125000,1,0,13.838,-18564.6,0,-132.173,-137,1.58106
66937, 751.991, 2, -1,-1,-1,52.8574,-1.0846,0.019953,8.68e+08,12,125000,1,0,26.005,-16524.2,0,-130.452,-137,1.58106
66945, 752.045, 30, -1,-1,-1,60.3678,25.9205,0.025119,8.68e+08,10,125000,1,0,12.5886,-3357.47,1,-132.495,-133,0.436224
66978, 752.79, 5, -1,-1,-1,45.2911,-1.97699,0.025119,8.68e+08,11,125000,1,0,11.762,-18726.7,1,-132.7,-135,0.790528
66981, 752.811, 3, -1,-1,-1,55.0197,-4.92577,0.025119,8.68e+08,10,125000,1,0,34.8544,-15537.8,1,-127.884,-133,0.436224
66983, 752.898, 42, -1,-1,-1,44.1598,19.4781,0.019953,8.68e+08,10,125000,1,0,2.09729,-14747.6,0,-136.331,-133,0.436224
66986, 752.934, 49, -1,-1,-1,60.9723,-8.53133,0.015849,8.68e+08,12,125000,1,0,68.3693,-6443.59,1,-126.494,-137,1.58106
66988, 753.091, 10, -1,-1,-1,37.7624,-7.50647,0.025119,8.68e+08,11,125000,1,0,3.00372,-18837.2,0,-135.07,-135,0.790528
66995, 753.261, 59, -1,-1,-1,43.0069,22.2244,0.015849,8.68e+08,11,125000,1,0,-0.026033,-14260.4,0,-137.929,-135,0.790528
66997, 753.551, 6, -1,-1,-1,43.3892,-0.476294,0.025119,8.68e+08,12,125000,1,0,8.68351,-18862.4,0,-133.511,-137,1.58106
66999, 753.592, 52, -1,-1,-1,27.6763,-17.5141,0.019953,8.68e+08,10,125000,1,0,-6.56065,-16950.6,0,-138.74,-133,0.436224
67011, 754.202, 32, -1,-1,-1,51.1766,18.2126,0.019953,8.68e+08,12,125000,1,0,9.55664,-12455.7,0,-134.283,-137,1.58106
67018, 754.212, 25, -1,-1,-1,42.9973,10.3296,0.015849,8.68e+08,12,125000,1,0,4.61613,-17368.7,0,-136.625,-137,1.58106
67025, 754.582, 28, -1,-1,-1,55.2498,14.353,0.015849,8.68e+08,10,125000,1,0,16.822,-11118.9,0,-133.449,-133,0.436224
67033, 754.648, 17, -1,-1,-1,52.0923,14.0787,0.025119,8.68e+08,10,125000,1,0,13.1085,-13316.2,1,-132.36,-133,0.436224
67040, 754.856, 51, -1,-1,-1,31.3978,-16.8263,0.019953,8.68e+08,11,125000,1,0,-3.3613,-17142.6,0,-137.856,-135,0.790528
67043, 755.287, 1, -1,-1,-1,53.3356,-4.09606,0.025119,8.68e+08,10,125000,1,0,28.5923,-16705.6,1,-128.959,-133,0.436224
67051, 755.433, 24, -1,-1,-1,46.1123,9.21262,0.019953,8.68e+08,11,125000,1,0,8.43496,-17019.3,1,-134.58,-135,0.790528
67058, 755.794, 31, -1,-1,-1,50.6555,15.3159,0.015849,8.68e+08,10,125000,1,0,10.5574,-13729.9,0,-135.018,-133,0.436224
67065, 756.054, 47, -1,-1,-1,39.1478,29.5182,0.015849,8.68e+08,12,125000,1,0,-5.79054,-13105.1,0,-139.542,-137,1.58106
67077, 756.736, 36, -1,-1,-1,56.739,26.2706,0.019953,8.68e+08,11,125000,1,0,9.52902,-6629.79,0,-134.292,-135,0.790528
67079, 757.03, 43, -1,-1,-1,39.7502,22.7721,0.025119,8.68e+08,10,125000,1,0,-3.05107,-14932.1,0,-136.779,-133,0.436224
67087, 757.189, 50, -1,-1,-1,70.7907,22.181,0.015849,8.68e+08,11,125000,1,0,17.6351,7540.9,1,-133.259,-135,0.790528
67095, 757.341, 19, -1,-1,-1,52.5578,8.66449,0.025119,8.68e+08,12,125000,1,0,17.4151,-14741.8,1,-131.307,-137,1.58106
67097, 757.549, 55, -1,-1,-1,31.8166,28.0824,0.019953,8.68e+08,10,125000,1,0,-10.5127,-14713.3,0,-139.81,-133,0.436224
67104, 758.094, 35, -1,-1,-1,41.9454,28.3607,0.019953,8.68e+08,11,125000,1,0,-3.42943,-12869.8,0,-137.887,-135,0.790528
67117, 758.382, 38, -1,-1,-1,55.4525,23.897,0.025119,8.68e+08,11,125000,1,0,9.91215,-8324.25,1,-133.19,-135,0.790528
67124, 759.043, 58, -1,-1,-1,41.7923,21.1679,0.025119,8.68e+08,11,125000,1,0,-0.888978,-14996,0,-136.172,-135,0.790528
67136, 759.828, 44, -1,-1,-1,38.1663,21.4091,0.019953,8.68e+08,11,125000,1,0,-3.93637,-15620.1,0,-138.026,-135,0.790528
67148, 759.905, 41, -1,-1,-1,44.2427,17.3363,0.025119,8.68e+08,12,125000,1,0,2.7657,-15484.6,0,-135.144,-137,1.58106
67156, 760.294, 4, -1,-1,-1,52.5246,-6.48755,0.025119,8.68e+08,10,125000,1,0,26.7706,-17241.8,1,-129.303,-133,0.436224
67163, 760.686, 29, -1,-1,-1,57.2186,11.901,0.019953,8.68e+08,10,125000,1,0,21.1404,-10240.2,0,-131.464,-133,0.436224
67170, 760.934, 23, -1,-1,-1,46.4547,14.2858,0.015849,8.68e+08,12,125000,1,0,6.22208,-15754.4,0,-136.183,-137,1.58106
67178, 761.011, 8, -1,-1,-1,49.2811,9.74921,0.025119,8.68e+08,12,125000,1,0,11.7795,-16067.2,1,-132.699,-137,1.58106
67185, 761.459, 46, -1,-1,-1,35.6726,30.6782,0.025119,8.68e+08,12,125000,1,0,-8.78119,-13551.2,0,-138.354,-137,1.58106
67187, 761.503, 22, -1,-1,-1,45.7768,6.11857,0.015849,8.68e+08,11,125000,1,0,8.87285,-17641,0,-135.462,-135,0.790528
67194, 762.076, 11, -1,-1,-1,40.729,-0.942347,0.015849,8.68e+08,12,125000,1,0,4.87308,-18950.1,0,-136.551,-137,1.58106
67201, 762.575, 53, -1,-1,-1,37.2666,13.7158,0.019953,8.68e+08,12,125000,1,0,-2.37344,-17317.8,0,-137.586,-137,1.58106
67204, 762.804, 37, -1,-1,-1,55.1185,20.5864,0.015849,8.68e+08,12,125000,1,0,11.6345,-9464.92,1,-134.739,-137,1.58106
67222, 763.105, 48, -1,-1,-1,66.9931,-20.4397,0.025119,8.68e+08,11,125000,1,0,54.8887,10508.1,1,-125.44,-135,0.790528
67224, 763.324, 45, -1,-1,-1,37.4342,26.8198,0.015849,8.68e+08,12,125000,1,0,-6.36734,-14108.5,0,-139.699,-137,1.58106
67226, 763.377, 34, -1,-1,-1,48.1582,23.6943,0.015849,8.68e+08,10,125000,1,0,3.29139,-12259.6,0,-136.999,-133,0.436224
67233, 763.633, 56, -1,-1,-1,61.255,29.3742,0.015849,8.68e+08,11,125000,1,0,10.6614,-2329.94,0,-134.995,-135,0.790528
67236, 764.677, 2, -1,-1,-1,52.8574,-1.0846,0.019953,8.68e+08,12,125000,1,0,24.11,-16750.5,1,-130.833,-137,1.58106
67238, 765.18, 12, -1,-1,-1,43.0813,-7.60286,0.019953,8.68e+08,12,125000,1,0,8.69526,-18640.4,0,-134.508,-137,1.58106
67246, 765.76, 17, -1,-1,-1,52.0923,14.0787,0.025119,8.68e+08,10,125000,1,0,12.3478,-13538.1,1,-132.555,-133,0.436224
67263, 767.753, 43, -1,-1,-1,39.7502,22.7721,0.025119,8.68e+08,10,125000,1,0,-3.49855,-14929.2,0,-136.905,-133,0.436224
67265, 767.965, 59, -1,-1,-1,43.0069,22.2244,0.015849,8.68e+08,11,125000,1,0,-0.669796,-14404.1,0,-138.112,-135,0.790528
67267, 768.048, 26, -1,-1,-1,37.2033,12.4105,0.025119,8.68e+08,10,125000,1,0,-2.39291,-17678.8,0,-136.592,-133,0.436224
67284, 769.532, 33, -1,-1,-1,46.0271,20.9413,0.019953,8.68e+08,10,125000,1,0,2.358,-14020.5,0,-136.26,-133,0.436224
67286, 769.638, 21, -1,-1,-1,51.8796,3.16644,0.015849,8.68e+08,10,125000,1,0,18.6471,-16692.2,0,-133.022,-133,0.436224
67294, 769.958, 19, -1,-1,-1,52.5578,8.66449,0.025119,8.68e+08,12,125000,1,0,16.265,-15006.4,1,-131.582,-137,1.58106
67312, 770.638, 20, -1,-1,-1,50.995,4.58524,0.015849,8.68e+08,11,125000,1,0,16.2341,-16762.9,1,-133.589,-135,0.790528
67314, 770.83, 10, -1,-1,-1,37.7624,-7.50647,0.025119,8.68e+08,11,125000,1,0,1.88036,-18858.4,0,-135.387,-135,0.790528
67316, 770.871, 51, -1,-1,-1,31.3978,-16.8263,0.019953,8.68e+08,11,125000,1,0,-4.1217,-17203.9,0,-138.07,-135,0.790528
67329, 771.995, 15, -1,-1,-1,52.7206,6.93841,0.019953,8.68e+08,11,125000,1,0,17.4152,-15502.1,1,-132.309,-135,0.790528
67332, 772.073, 49, -1,-1,-1,60.9723,-8.53133,0.015849,8.68e+08,12,125000,1,0,60.8572,-8907.13,1,-126.961,-137,1.58106
67339, 772.434, 44, -1,-1,-1,38.1663,21.4091,0.019953,8.68e+08,11,125000,1,0,-4.47202,-15631.3,0,-138.175,-135,0.790528
67352, 773.392, 5, -1,-1,-1,45.2911,-1.97699,0.025119,8.68e+08,11,125000,1,0,9.94441,-18847.3,1,-133.177,-135,0.790528
67360, 773.683, 6, -1,-1,-1,43.3892,-0.476294,0.025119,8.68e+08,12,125000,1,0,7.10673,-18938.6,1,-133.939,-137,1.58106
67372, 774.36, 40, -1,-1,-1,50.2872,33.8784,0.019953,8.68e+08,12,125000,1,0,0.044585,-8671.91,0,-136.915,-137,1.58106
67380, 774.574, 3, -1,-1,-1,55.0197,-4.92577,0.025119,8.68e+08,10,125000,1,0,30.4919,-16383.4,1,-128.617,-133,0.436224
67382, 774.583, 28, -1,-1,-1,55.2498,14.353,0.015849,8.68e+08,10,125000,1,0,15.4573,-11964.7,0,-133.779,-133,0.436224
67384, 774.818, 0, -1,-1,-1,51.1806,-1.29064,0.025119,8.68e+08,10,125000,1,0,19.1922,-17776.8,0,-130.897,-133,0.436224
67391, 775.181, 53, -1,-1,-1,37.2666,13.7158,0.019953,8.68e+08,12,125000,1,0,-2.99995,-17513.4,0,-137.763,-137,1.58106
67394, 775.339, 30, -1,-1,-1,60.3678,25.9205,0.025119,8.68e+08,10,125000,1,0,12.1306,-4657.54,1,-132.614,-133,0.436224
67412, 776.238, 48, -1,-1,-1,66.9931,-20.4397,0.025119,8.68e+08,11,125000,1,0,59.5035,8796.77,1,-125.062,-135,0.790528
67429, 777.446, 32, -1,-1,-1,51.1766,18.2126,0.019953,8.68e+08,12,125000,1,0,8.27566,-13157.9,0,-134.627,-137,1.58106
67436, 777.637, 42, -1,-1,-1,44.1598,19.4781,0.019953,8.68e+08,10,125000,1,0,0.900456,-15155.9,0,-136.67,-133,0.436224
67438, 777.656, 25, -1,-1,-1,42.9973,10.3296,0.015849,8.68e+08,12,125000,1,0,3.16907,-17583,0,-137.03,-137,1.58106
67445, 777.874, 58, -1,-1,-1,41.7923,21.1679,0.025119,8.68e+08,11,125000,1,0,-1.7267,-15200,0,-136.409,-135,0.790528
67448, 778.304, 2, -1,-1,-1,52.8574,-1.0846,0.019953,8.68e+08,12,125000,1,0,22.2083,-17244.9,1,-131.233,-137,1.58106
67450, 778.399, 22, -1,-1,-1,45.7768,6.11857,0.015849,8.68e+08,11,125000,1,0,7.60602,-17983,0,-135.805,-135,0.790528
67452, 779.447, 46, -1,-1,-1,35.6726,30.6782,0.025119,8.68e+08,12,125000,1,0,-9.37464,-13687.8,0,-138.513,-137,1.58106
67470, 780.244, 50, -1,-1,-1,70.7907,22.181,0.015849,8.68e+08,11,125000,1,0,18.6934,6122.52,1,-133.015,-135,0.790528
67483, 780.507, 17, -1,-1,-1,52.0923,14.0787,0.025119,8.68e+08,10,125000,1,0,11.3492,-13883.5,1,-132.813,-133,0.436224
67495, 780.853, 59, -1,-1,-1,43.0069,22.2244,0.015849,8.68e+08,11,125000,1,0,-1.23077,-14485.7,0,-138.27,-135,0.790528
67497, 781.043, 38, -1,-1,-1,55.4525,23.897,0.025119,8.68e+08,11,125000,1,0,9.04342,-9013.28,0,-133.423,-135,0.790528
67499, 781.125, 20, -1,-1,-1,50.995,4.58524,0.015849,8.68e+08,11,125000,1,0,15.2022,-16826.1,0,-133.84,-135,0.790528
67501, 781.378, 35, -1,-1,-1,41.9454,28.3607,0.019953,8.68e+08,11,125000,1,0,-4.25981,-12996.1,0,-138.12,-135,0.790528
67513, 782.417, 12, -1,-1,-1,43.0813,-7.60286,0.019953,8.68e+08,12,125000,1,0,7.34707,-18697.3,0,-134.873,-137,1.58106
67526, 783.065, 15, -1,-1,-1,52.7206,6.93841,0.019953,8.68e+08,11,125000,1,0,16.3509,-15660.2,1,-132.562,-135,0.790528
67529, 783.128, 8, -1,-1,-1,49.2811,9.74921,0.025119,8.68e+08,12,125000,1,0,10.0956,-16229,1,-133.14,-137,1.58106
67536, 783.254, 43, -1,-1,-1,39.7502,22.7721,0.025119,8.68e+08,10,125000,1,0,-4.14144,-15022,0,-137.085,-133,0.436224
67538, 783.675, 56, -1,-1,-1,61.255,29.3742,0.015849,8.68e+08,11,125000,1,0,10.3929,-3360.87,0,-135.067,-135,0.790528
67546, 784.5, 4, -1,-1,-1,52.5246,-6.48755,0.025119,8.68e+08,10,125000,1,0,23.0346,-17548.8,1,-130.058,-133,0.436224
67548, 784.754, 45, -1,-1,-1,37.4342,26.8198,0.015849,8.68e+08,12,125000,1,0,-7.15374,-14321.3,0,-139.915,-137,1.58106
67556, 785.494, 29, -1,-1,-1,57.2186,11.901,0.019953,8.68e+08,10,125000,1,0,19.189,-11554.3,1,-131.901,-133,0.436224
67579, 787.512, 3, -1,-1,-1,55.0197,-4.92577,0.025119,8.68e+08,10,125000,1,0,28.1706,-16674.6,1,-129.041,-133,0.436224
67581, 787.753, 26, -1,-1,-1,37.2033,12.4105,0.025119,8.68e+08,10,125000,1,0,-3.38274,-17730.1,0,-136.87,-133,0.436224
67583, 787.872, 21, -1,-1,-1,51.8796,3.16644,0.015849,8.68e+08,10,125000,1,0,16.6842,-17017.3,0,-133.483,-133,0.436224
67590, 788.613, 40, -1,-1,-1,50.2872,33.8784,0.019953,8.68e+08,12,125000,1,0,-0.340906,-8976.57,0,-137.025,-137,1.58106
67592, 788.787, 22, -1,-1,-1,45.7768,6.11857,0.015849,8.68e+08,11,125000,1,0,6.85429,-17945.9,0,-136.011,-135,0.790528
67605, 793.29, 15, -1,-1,-1,52.7206,6.93841,0.019953,8.68e+08,11,125000,1,0,15.3967,-16029.9,1,-132.794,-135,0.790528
67607, 793.616, 43, -1,-1,-1,39.7502,22.7721,0.025119,8.68e+08,10,125000,1,0,-4.56853,-15241.9,0,-137.204,-133,0.436224
67619, 794.595, 51, -1,-1,-1,31.3978,-16.8263,0.019953,8.68e+08,11,125000,1,0,-5.228,-17366.6,0,-138.378,-135,0.790528
67636, 795.478, 35, -1,-1,-1,41.9454,28.3607,0.019953,8.68e+08,11,125000,1,0,-4.76389,-13361.6,0,-138.261,-135,0.790528
67638, 795.492, 32, -1,-1,-1,51.1766,18.2126,0.019953,8.68e+08,12,125000,1,0,7.28554,-13588.7,0,-134.897,-137,1.58106
67641, 795.837, 29, -1,-1,-1,57.2186,11.901,0.019953,8.68e+08,10,125000,1,0,18.3671,-12162.8,1,-132.09,-133,0.436224
67648, 796.751, 6, -1,-1,-1,43.3892,-0.476294,0.025119,8.68e+08,12,125000,1,0,5.40994,-19036,0,-134.406,-137,1.58106
67655, 797.088, 58, -1,-1,-1,41.7923,21.1679,0.025119,8.68e+08,11,125000,1,0,-2.57187,-15389.5,0,-136.648,-135,0.790528
67662, 798.452, 25, -1,-1,-1,42.9973,10.3296,0.015849,8.68e+08,12,125000,1,0,1.93627,-17719.1,0,-137.377,-137,1.58106
67670, 798.83, 3, -1,-1,-1,55.0197,-4.92577,0.025119,8.68e+08,10,125000,1,0,26.2845,-17134.9,1,-129.402,-133,0.436224
67678, 799.25, 0, -1,-1,-1,51.1806,-1.29064,0.025119,8.68e+08,10,125000,1,0,16.3886,-18159.9,1,-131.554,-133,0.436224
67690, 800.657, 45, -1,-1,-1,37.4342,26.8198,0.015849,8.68e+08,12,125000,1,0,-7.7351,-14652.1,0,-140.074,-137,1.58106
67692, 800.913, 21, -1,-1,-1,51.8796,3.16644,0.015849,8.68e+08,10,125000,1,0,15.3599,-17141.8,0,-133.803,-133,0.436224
67814, 801.222, 56, -1,-1,-1,61.255,29.3742,0.015849,8.68e+08,11,125000,1,0,10.0838,-4203.81,0,-135.15,-135,0.790528
67822, 804.253, 20, -1,-1,-1,50.995,4.58524,0.015849,8.68e+08,11,125000,1,0,13.0504,-17220.7,1,-134.377,-135,0.790528
67830, 806.716, 12, -1,-1,-1,43.0813,-7.60286,0.019953,8.68e+08,12,125000,1,0,5.55559,-18839.1,1,-135.366,-137,1.58106
67843, 807.505, 4, -1,-1,-1,52.5246,-6.48755,0.025119,8.68e+08,10,125000,1,0,19.9204,-17968.3,1,-130.736,-133,0.436224
67845, 807.773, 43, -1,-1,-1,39.7502,22.7721,0.025119,8.68e+08,10,125000,1,0,-5.14848,-15286.8,0,-137.366,-133,0.436224
67858, 810.941, 32, -1,-1,-1,51.1766,18.2126,0.019953,8.68e+08,12,125000,1,0,6.44406,-13885.2,1,-135.128,-137,1.58106
67860, 811.113, 22, -1,-1,-1,45.7768,6.11857,0.015849,8.68e+08,11,125000,1,0,5.30241,-18112.6,0,-136.439,-135,0.790528
67867, 813.416, 56, -1,-1,-1,61.255,29.3742,0.015849,8.68e+08,11,125000,1,0,9.83102,-4962.39,0,-135.217,-135,0.790528
67874, 816.953, 58, -1,-1,-1,41.7923,21.1679,0.025119,8.68e+08,11,125000,1,0,-3.43519,-15570.7,0,-136.89,-135,0.790528
67887, 820.147, 3, -1,-1,-1,55.0197,-4.92577,0.025119,8.68e+08,10,125000,1,0,23.0514,-17614.9,1,-130.058,-133,0.436224
67890, 820.853, 12, -1,-1,-1,43.0813,-7.60286,0.019953,8.68e+08,12,125000,1,0,4.56527,-19029.8,1,-135.642,-137,1.58106
67897, 822.09, 43, -1,-1,-1,39.7502,22.7721,0.025119,8.68e+08,10,125000,1,0,-5.73088,-15324.4,0,-137.528,-133,0.436224
67904, 824.965, 22, -1,-1,-1,45.7768,6.11857,0.015849,8.68e+08,11,125000,1,0,4.37956,-18113.2,0,-136.696,-135,0.790528
67912, 826.778, 20, -1,-1,-1,50.995,4.58524,0.015849,8.68e+08,11,125000,1,0,11.1025,-17530.6,1,-134.88,-135,0.790528
67920, 836.011, 12, -1,-1,-1,43.0813,-7.60286,0.019953,8.68e+08,12,125000,1,0,3.54113,-19017.1,1,-135.928,-137,1.58106
67927, 838.092, 22, -1,-1,-1,45.7768,6.11857,0.015849,8.68e+08,11,125000,1,0,3.53083,-18323.5,0,-136.934,-135,0.790528
67934, 841.377, 43, -1,-1,-1,39.7502,22.7721,0.025119,8.68e+08,10,125000,1,0,-6.50874,-15446.3,0,-137.742,-133,0.436224
67942, 844.034, 3, -1,-1,-1,55.0197,-4.92577,0.025119,8.68e+08,10,125000,1,0,19.8462,-17807.3,1,-130.756,-133,0.436224
