run,type,module,name,attrname,attrvalue,vectime,vecvalue
General-429-20260803-18:23:50-61703,runattr,,,configname,General,,
General-429-20260803-18:23:50-61703,runattr,,,datetime,20260803-18:23:50,,
General-429-20260803-18:23:50-61703,runattr,,,datetimef,20260803-182350,,
General-429-20260803-18:23:50-61703,runattr,,,experiment,General,,
General-429-20260803-18:23:50-61703,runattr,,,inifile,Test_MLModel_6.ini,,
General-429-20260803-18:23:50-61703,runattr,,,iterationvars,"$myraan=205, $threshold=0.30, $0=92115",,
General-429-20260803-18:23:50-61703,runattr,,,iterationvarsd,myraan=205/threshold=0.30/92115,,
General-429-20260803-18:23:50-61703,runattr,,,iterationvarsf,"myraan=205,threshold=0.30,92115-",,
General-429-20260803-18:23:50-61703,runattr,,,measurement,"$myraan=205, $threshold=0.30, $0=92115",,
General-429-20260803-18:23:50-61703,runattr,,,network,Florasat.Test_Individual.Florasat_Individual_Sats,,
General-429-20260803-18:23:50-61703,runattr,,,processid,61703,,
General-429-20260803-18:23:50-61703,runattr,,,repetition,9,,
General-429-20260803-18:23:50-61703,runattr,,,replication,#9,,
General-429-20260803-18:23:50-61703,runattr,,,resultdir,results,,
General-429-20260803-18:23:50-61703,runattr,,,runnumber,429,,
General-429-20260803-18:23:50-61703,runattr,,,seedset,429,,
General-429-20260803-18:23:50-61703,itervar,,,myraan,205,,
General-429-20260803-18:23:50-61703,itervar,,,threshold,0.30,,
General-429-20260803-18:23:50-61703,config,,,*.stats_altitude,670,,
General-429-20260803-18:23:50-61703,config,,,*.stats_raan,185,,
General-429-20260803-18:23:50-61703,config,,,image-path,../../images:../../../../samples/inet4.5_2/images,,
General-429-20260803-18:23:50-61703,config,,,network,Florasat.Test_Individual.Florasat_Individual_Sats,,
General-429-20260803-18:23:50-61703,config,,,rng-class,cMersenneTwister,,
General-429-20260803-18:23:50-61703,config,,,*.**.result-recording-modes,-,,
General-429-20260803-18:23:50-61703,config,,,**.result-recording-modes,-,,
General-429-20260803-18:23:50-61703,config,,,**.statistic-recording,true,,
General-429-20260803-18:23:50-61703,config,,,**.scalar-recording,true,,
General-429-20260803-18:23:50-61703,config,,,**.vector-recording,true,,
General-429-20260803-18:23:50-61703,config,,,**.vector-record-eventnumbers,true,,
General-429-20260803-18:23:50-61703,config,,,repeat,10,,
General-429-20260803-18:23:50-61703,config,,,seed-0-mt,92115,,
General-429-20260803-18:23:50-61703,config,,,sim-time-limit,749s,,
General-429-20260803-18:23:50-61703,config,,,simtime-resolution,-11,,
General-429-20260803-18:23:50-61703,config,,,**.stats_altitude,670,,
General-429-20260803-18:23:50-61703,config,,,**.stats_raan,185,,
General-429-20260803-18:23:50-61703,config,,,*.radioMedium.backgroundNoise.power,-110dBm,,
General-429-20260803-18:23:50-61703,config,,,*.radioMedium.mediumLimitCache.centerFrequency,868MHz,,
General-429-20260803-18:23:50-61703,config,,,*.radioMedium.mediumLimitCache.maxTransmissionDuration,4s,,
General-429-20260803-18:23:50-61703,config,,,*.radioMedium.mediumLimitCache.minInterferenceTime,0s,,
General-429-20260803-18:23:50-61703,config,,,**.numSatellites,1,,
General-429-20260803-18:23:50-61703,config,,,*.satellite[*].mobilityType,"""Sat_Mob_SatelliteMobility_Standalone""",,
General-429-20260803-18:23:50-61703,config,,,*.satellite[*].noradModuleType,"""Sat_Mob_NoradA""",,
General-429-20260803-18:23:50-61703,config,,,**.satellite[*].**.initFromDisplayString,false,,
General-429-20260803-18:23:50-61703,config,,,*.satellite[*].mobility.faceForward,true,,
General-429-20260803-18:23:50-61703,config,,,*.satellite[*].mobility.updateInterval,20s,,
General-429-20260803-18:23:50-61703,config,,,*.satellite[*].NoradModule.satName,"""FLoRaSat""",,
General-429-20260803-18:23:50-61703,config,,,*.satellite[*].NoradModule.satIndex,-1,,
General-429-20260803-18:23:50-61703,config,,,*.satellite[*].NoradModule.baseYear,20,,
General-429-20260803-18:23:50-61703,config,,,*.satellite[*].NoradModule.baseDay,1.5,,
General-429-20260803-18:23:50-61703,config,,,*.satellite[*].NoradModule.planes,1,,
General-429-20260803-18:23:50-61703,config,,,*.satellite[*].NoradModule.satPerPlane,1,,
General-429-20260803-18:23:50-61703,config,,,*.satellite[*].NoradModule.eccentricity,0.000001,,
General-429-20260803-18:23:50-61703,config,,,*.satellite[*].NoradModule.inclination,98,,
General-429-20260803-18:23:50-61703,config,,,*.satellite[*].NoradModule.altitude,670,,
General-429-20260803-18:23:50-61703,config,,,*.satellite[0].NoradModule.raan,205,,
General-429-20260803-18:23:50-61703,config,,,*.satellite[0].NoradModule.meanAnomaly,195,,
General-429-20260803-18:23:50-61703,config,,,*.satellite[*].phyDSL.radio.receiver.enableCollisionOverlap,true,,
General-429-20260803-18:23:50-61703,config,,,*.satellite[*].phyDSL.radio.receiver.minCollisionOverlap,0s,,
General-429-20260803-18:23:50-61703,config,,,*.satellite[*].phyDSL.radio.antenna.typename,ConstantGainAntenna,,
General-429-20260803-18:23:50-61703,config,,,*.satellite[*].phyDSL.radio.antenna.mobilityModule,"""^.^.^.mobility""",,
General-429-20260803-18:23:50-61703,config,,,*.satellite[*].phyISL.radio.antenna.mobilityModule,"""^.^.^.mobility""",,
General-429-20260803-18:23:50-61703,config,,,*.satellite[*].phyGSL.radio.antenna.mobilityModule,"""^.^.^.mobility""",,
General-429-20260803-18:23:50-61703,config,,,*.satellite[*].phyDSL.radio.antenna.gain,12dB,,
General-429-20260803-18:23:50-61703,config,,,*.satellite[*].net.routingType,"""Null_Routing""",,
General-429-20260803-18:23:50-61703,config,,,*.terminal[*].net.routingType,"""Ter_Null_Routing""",,
General-429-20260803-18:23:50-61703,config,,,*.**.numGroundLinks,40,,
General-429-20260803-18:23:50-61703,config,,,*.satellite[*].**.interfaceTableModule,"""""",,
General-429-20260803-18:23:50-61703,config,,,**.radioMedium.typename,LoRaMedium,,
General-429-20260803-18:23:50-61703,config,,,**.radioMedium.analogModel.typename,LoRaAnalogModel,,
General-429-20260803-18:23:50-61703,config,,,**.intraPlaneIslDisabled,false,,
General-429-20260803-18:23:50-61703,config,,,**.interPlaneIslDisabled,false,,
General-429-20260803-18:23:50-61703,config,,,**.numTerminals,60,,
General-429-20260803-18:23:50-61703,config,,,*.terminal[*].phy.radio.antenna.mobilityModule,"""^.^.^.mob""",,
General-429-20260803-18:23:50-61703,config,,,*.terminal[*].dlk.mac.interfaceTableModule,"""""",,
General-429-20260803-18:23:50-61703,config,,,*.terminal[*].dlk.energySourceModule,"""""",,
General-429-20260803-18:23:50-61703,config,,,*.terminal[*].dlk.mac.LoRaTP,"intuniform(12, 14)",,
General-429-20260803-18:23:50-61703,config,,,*.terminal[*].dlk.mac.LoRaSF,"intuniform(10, 12)",,
General-429-20260803-18:23:50-61703,config,,,*.terminal[*].dlk.mac.useMLBoxMLP,true,,
General-429-20260803-18:23:50-61703,config,,,*.terminal[*].dlk.mac.mlBoxMLP.modelPath,"""/home/ylnner/Documents/omnet++/omnetpp-6.3.0/projects/florasat_v4_ult_routing/simulations/Test_Individual/mlmodels/mlp_exported.pt""",,
General-429-20260803-18:23:50-61703,config,,,*.terminal[*].dlk.mac.mlBoxMLP.threshold,0.30,,
General-429-20260803-18:23:50-61703,config,,,**.numberOfPacketsToSend,0,,
General-429-20260803-18:23:50-61703,config,,,**.timeToFirstPacket,1s,,
General-429-20260803-18:23:50-61703,config,,,**.timeToNextPacket,115s,,
General-429-20260803-18:23:50-61703,config,,,*.terminal[0].mob.radius,0.0,,
General-429-20260803-18:23:50-61703,config,,,*.terminal[0].mob.centerLatitude,54.978,,
General-429-20260803-18:23:50-61703,config,,,*.terminal[0].mob.centerLongitude,-1.617,,
General-429-20260803-18:23:50-61703,config,,,*.terminal[1].mob.radius,0.0,,
General-429-20260803-18:23:50-61703,config,,,*.terminal[1].mob.centerLatitude,52.630,,
General-429-20260803-18:23:50-61703,config,,,*.terminal[1].mob.centerLongitude,-1.139,,
General-429-20260803-18:23:50-61703,config,,,*.terminal[2].mob.radius,0.0,,
General-429-20260803-18:23:50-61703,config,,,*.terminal[2].mob.centerLatitude,52.612,,
General-429-20260803-18:23:50-61703,config,,,*.terminal[2].mob.centerLongitude,-6.295,,
General-429-20260803-18:23:50-61703,config,,,*.terminal[3].mob.radius,0.0,,
General-429-20260803-18:23:50-61703,config,,,*.terminal[3].mob.centerLatitude,47.243,,
General-429-20260803-18:23:50-61703,config,,,*.terminal[3].mob.centerLongitude,6.024,,
General-429-20260803-18:23:50-61703,config,,,*.terminal[4].mob.radius,0.0,,
General-429-20260803-18:23:50-61703,config,,,*.terminal[4].mob.centerLatitude,43.610,,
General-429-20260803-18:23:50-61703,config,,,*.terminal[4].mob.centerLongitude,3.876,,
General-429-20260803-18:23:50-61703,config,,,*.terminal[5].mob.radius,0.0,,
General-429-20260803-18:23:50-61703,config,,,*.terminal[5].mob.centerLatitude,49.443,,
General-429-20260803-18:23:50-61703,config,,,*.terminal[5].mob.centerLongitude,1.099,,
General-429-20260803-18:23:50-61703,config,,,*.terminal[6].mob.radius,0.0,,
General-429-20260803-18:23:50-61703,config,,,*.terminal[6].mob.centerLatitude,37.992,,
General-429-20260803-18:23:50-61703,config,,,*.terminal[6].mob.centerLongitude,-1.130,,
General-429-20260803-18:23:50-61703,config,,,*.terminal[7].mob.radius,0.0,,
General-429-20260803-18:23:50-61703,config,,,*.terminal[7].mob.centerLatitude,40.965,,
General-429-20260803-18:23:50-61703,config,,,*.terminal[7].mob.centerLongitude,-5.664,,
General-429-20260803-18:23:50-61703,config,,,*.terminal[8].mob.radius,0.0,,
General-429-20260803-18:23:50-61703,config,,,*.terminal[8].mob.centerLatitude,40.657,,
General-429-20260803-18:23:50-61703,config,,,*.terminal[8].mob.centerLongitude,-7.914,,
General-429-20260803-18:23:50-61703,config,,,*.terminal[9].mob.radius,0.0,,
General-429-20260803-18:23:50-61703,config,,,*.terminal[9].mob.centerLatitude,51.340,,
General-429-20260803-18:23:50-61703,config,,,*.terminal[9].mob.centerLongitude,12.373,,
General-429-20260803-18:23:50-61703,config,,,*.terminal[10].mob.radius,0.0,,
General-429-20260803-18:23:50-61703,config,,,*.terminal[10].mob.centerLatitude,51.455,,
General-429-20260803-18:23:50-61703,config,,,*.terminal[10].mob.centerLongitude,7.011,,
General-429-20260803-18:23:50-61703,config,,,*.terminal[11].mob.radius,0.0,,
General-429-20260803-18:23:50-61703,config,,,*.terminal[11].mob.centerLatitude,49.452,,
General-429-20260803-18:23:50-61703,config,,,*.terminal[11].mob.centerLongitude,11.076,,
General-429-20260803-18:23:50-61703,config,,,*.terminal[12].mob.radius,0.0,,
General-429-20260803-18:23:50-61703,config,,,*.terminal[12].mob.centerLatitude,43.769,,
General-429-20260803-18:23:50-61703,config,,,*.terminal[12].mob.centerLongitude,11.255,,
General-429-20260803-18:23:50-61703,config,,,*.terminal[13].mob.radius,0.0,,
General-429-20260803-18:23:50-61703,config,,,*.terminal[13].mob.centerLatitude,41.117,,
General-429-20260803-18:23:50-61703,config,,,*.terminal[13].mob.centerLongitude,16.871,,
General-429-20260803-18:23:50-61703,config,,,*.terminal[14].mob.radius,0.0,,
General-429-20260803-18:23:50-61703,config,,,*.terminal[14].mob.centerLatitude,52.132,,
General-429-20260803-18:23:50-61703,config,,,*.terminal[14].mob.centerLongitude,5.291,,
General-429-20260803-18:23:50-61703,config,,,*.terminal[15].mob.radius,0.0,,
General-429-20260803-18:23:50-61703,config,,,*.terminal[15].mob.centerLatitude,50.411,,
General-429-20260803-18:23:50-61703,config,,,*.terminal[15].mob.centerLongitude,4.444,,
General-429-20260803-18:23:50-61703,config,,,*.terminal[16].mob.radius,0.0,,
General-429-20260803-18:23:50-61703,config,,,*.terminal[16].mob.centerLatitude,47.559,,
General-429-20260803-18:23:50-61703,config,,,*.terminal[16].mob.centerLongitude,7.588,,
General-429-20260803-18:23:50-61703,config,,,*.terminal[17].mob.radius,0.0,,
General-429-20260803-18:23:50-61703,config,,,*.terminal[17].mob.centerLatitude,55.403,,
General-429-20260803-18:23:50-61703,config,,,*.terminal[17].mob.centerLongitude,10.402,,
General-429-20260803-18:23:50-61703,config,,,*.terminal[18].mob.radius,0.0,,
General-429-20260803-18:23:50-61703,config,,,*.terminal[18].mob.centerLatitude,59.858,,
General-429-20260803-18:23:50-61703,config,,,*.terminal[18].mob.centerLongitude,17.638,,
General-429-20260803-18:23:50-61703,config,,,*.terminal[19].mob.radius,0.0,,
General-429-20260803-18:23:50-61703,config,,,*.terminal[19].mob.centerLatitude,60.451,,
General-429-20260803-18:23:50-61703,config,,,*.terminal[19].mob.centerLongitude,22.266,,
General-429-20260803-18:23:50-61703,config,,,*.terminal[20].mob.radius,0.0,,
General-429-20260803-18:23:50-61703,config,,,*.terminal[20].mob.centerLatitude,56.325,,
General-429-20260803-18:23:50-61703,config,,,*.terminal[20].mob.centerLongitude,22.349,,
General-429-20260803-18:23:50-61703,config,,,*.terminal[21].mob.radius,0.0,,
General-429-20260803-18:23:50-61703,config,,,*.terminal[21].mob.centerLatitude,49.883,,
General-429-20260803-18:23:50-61703,config,,,*.terminal[21].mob.centerLongitude,18.568,,
General-429-20260803-18:23:50-61703,config,,,*.terminal[22].mob.radius,0.0,,
General-429-20260803-18:23:50-61703,config,,,*.terminal[22].mob.centerLatitude,47.531,,
General-429-20260803-18:23:50-61703,config,,,*.terminal[22].mob.centerLongitude,21.627,,
General-429-20260803-18:23:50-61703,config,,,*.terminal[23].mob.radius,0.0,,
General-429-20260803-18:23:50-61703,config,,,*.terminal[23].mob.centerLatitude,44.179,,
General-429-20260803-18:23:50-61703,config,,,*.terminal[23].mob.centerLongitude,28.649,,
General-429-20260803-18:23:50-61703,config,,,*.terminal[24].mob.radius,0.0,,
General-429-20260803-18:23:50-61703,config,,,*.terminal[24].mob.centerLatitude,45.327,,
General-429-20260803-18:23:50-61703,config,,,*.terminal[24].mob.centerLongitude,14.442,,
General-429-20260803-18:23:50-61703,config,,,*.terminal[25].mob.radius,0.0,,
General-429-20260803-18:23:50-61703,config,,,*.terminal[25].mob.centerLatitude,40.694,,
General-429-20260803-18:23:50-61703,config,,,*.terminal[25].mob.centerLongitude,30.400,,
General-429-20260803-18:23:50-61703,config,,,*.terminal[26].mob.radius,0.0,,
General-429-20260803-18:23:50-61703,config,,,*.terminal[26].mob.centerLatitude,37.066,,
General-429-20260803-18:23:50-61703,config,,,*.terminal[26].mob.centerLongitude,37.383,,
General-429-20260803-18:23:50-61703,config,,,*.terminal[27].mob.radius,0.0,,
General-429-20260803-18:23:50-61703,config,,,*.terminal[27].mob.centerLatitude,64.836,,
General-429-20260803-18:23:50-61703,config,,,*.terminal[27].mob.centerLongitude,-23.708,,
General-429-20260803-18:23:50-61703,config,,,*.terminal[28].mob.radius,0.0,,
General-429-20260803-18:23:50-61703,config,,,*.terminal[28].mob.centerLatitude,28.099,,
General-429-20260803-18:23:50-61703,config,,,*.terminal[28].mob.centerLongitude,-17.113,,
General-429-20260803-18:23:50-61703,config,,,*.terminal[29].mob.radius,0.0,,
General-429-20260803-18:23:50-61703,config,,,*.terminal[29].mob.centerLatitude,34.921,,
General-429-20260803-18:23:50-61703,config,,,*.terminal[29].mob.centerLongitude,33.623,,
General-429-20260803-18:23:50-61703,config,,,*.terminal[30].mob.radius,0.0,,
General-429-20260803-18:23:50-61703,config,,,*.terminal[30].mob.centerLatitude,55.953,,
General-429-20260803-18:23:50-61703,config,,,*.terminal[30].mob.centerLongitude,-3.188,,
General-429-20260803-18:23:50-61703,config,,,*.terminal[31].mob.radius,0.0,,
General-429-20260803-18:23:50-61703,config,,,*.terminal[31].mob.centerLatitude,51.481,,
General-429-20260803-18:23:50-61703,config,,,*.terminal[31].mob.centerLongitude,-3.179,,
General-429-20260803-18:23:50-61703,config,,,*.terminal[32].mob.radius,0.0,,
General-429-20260803-18:23:50-61703,config,,,*.terminal[32].mob.centerLatitude,53.349,,
General-429-20260803-18:23:50-61703,config,,,*.terminal[32].mob.centerLongitude,-6.260,,
General-429-20260803-18:23:50-61703,config,,,*.terminal[33].mob.radius,0.0,,
General-429-20260803-18:23:50-61703,config,,,*.terminal[33].mob.centerLatitude,45.764,,
General-429-20260803-18:23:50-61703,config,,,*.terminal[33].mob.centerLongitude,4.835,,
General-429-20260803-18:23:50-61703,config,,,*.terminal[34].mob.radius,0.0,,
General-429-20260803-18:23:50-61703,config,,,*.terminal[34].mob.centerLatitude,48.573,,
General-429-20260803-18:23:50-61703,config,,,*.terminal[34].mob.centerLongitude,7.752,,
General-429-20260803-18:23:50-61703,config,,,*.terminal[35].mob.radius,0.0,,
General-429-20260803-18:23:50-61703,config,,,*.terminal[35].mob.centerLatitude,44.837,,
General-429-20260803-18:23:50-61703,config,,,*.terminal[35].mob.centerLongitude,-0.579,,
General-429-20260803-18:23:50-61703,config,,,*.terminal[36].mob.radius,0.0,,
General-429-20260803-18:23:50-61703,config,,,*.terminal[36].mob.centerLatitude,41.385,,
General-429-20260803-18:23:50-61703,config,,,*.terminal[36].mob.centerLongitude,2.173,,
General-429-20260803-18:23:50-61703,config,,,*.terminal[37].mob.radius,0.0,,
General-429-20260803-18:23:50-61703,config,,,*.terminal[37].mob.centerLatitude,41.157,,
General-429-20260803-18:23:50-61703,config,,,*.terminal[37].mob.centerLongitude,-8.629,,
General-429-20260803-18:23:50-61703,config,,,*.terminal[38].mob.radius,0.0,,
General-429-20260803-18:23:50-61703,config,,,*.terminal[38].mob.centerLatitude,37.389,,
General-429-20260803-18:23:50-61703,config,,,*.terminal[38].mob.centerLongitude,-5.984,,
General-429-20260803-18:23:50-61703,config,,,*.terminal[39].mob.radius,0.0,,
General-429-20260803-18:23:50-61703,config,,,*.terminal[39].mob.centerLatitude,53.551,,
General-429-20260803-18:23:50-61703,config,,,*.terminal[39].mob.centerLongitude,9.993,,
General-429-20260803-18:23:50-61703,config,,,*.terminal[40].mob.radius,0.0,,
General-429-20260803-18:23:50-61703,config,,,*.terminal[40].mob.centerLatitude,48.135,,
General-429-20260803-18:23:50-61703,config,,,*.terminal[40].mob.centerLongitude,11.582,,
General-429-20260803-18:23:50-61703,config,,,*.terminal[41].mob.radius,0.0,,
General-429-20260803-18:23:50-61703,config,,,*.terminal[41].mob.centerLatitude,50.110,,
General-429-20260803-18:23:50-61703,config,,,*.terminal[41].mob.centerLongitude,8.682,,
General-429-20260803-18:23:50-61703,config,,,*.terminal[42].mob.radius,0.0,,
General-429-20260803-18:23:50-61703,config,,,*.terminal[42].mob.centerLatitude,45.464,,
General-429-20260803-18:23:50-61703,config,,,*.terminal[42].mob.centerLongitude,9.190,,
General-429-20260803-18:23:50-61703,config,,,*.terminal[43].mob.radius,0.0,,
General-429-20260803-18:23:50-61703,config,,,*.terminal[43].mob.centerLatitude,40.851,,
General-429-20260803-18:23:50-61703,config,,,*.terminal[43].mob.centerLongitude,14.268,,
General-429-20260803-18:23:50-61703,config,,,*.terminal[44].mob.radius,0.0,,
General-429-20260803-18:23:50-61703,config,,,*.terminal[44].mob.centerLatitude,51.209,,
General-429-20260803-18:23:50-61703,config,,,*.terminal[44].mob.centerLongitude,3.224,,
General-429-20260803-18:23:50-61703,config,,,*.terminal[45].mob.radius,0.0,,
General-429-20260803-18:23:50-61703,config,,,*.terminal[45].mob.centerLatitude,48.208,,
General-429-20260803-18:23:50-61703,config,,,*.terminal[45].mob.centerLongitude,16.373,,
General-429-20260803-18:23:50-61703,config,,,*.terminal[46].mob.radius,0.0,,
General-429-20260803-18:23:50-61703,config,,,*.terminal[46].mob.centerLatitude,52.229,,
General-429-20260803-18:23:50-61703,config,,,*.terminal[46].mob.centerLongitude,21.012,,
General-429-20260803-18:23:50-61703,config,,,*.terminal[47].mob.radius,0.0,,
General-429-20260803-18:23:50-61703,config,,,*.terminal[47].mob.centerLatitude,59.913,,
General-429-20260803-18:23:50-61703,config,,,*.terminal[47].mob.centerLongitude,10.752,,
General-429-20260803-18:23:50-61703,config,,,*.terminal[48].mob.radius,0.0,,
General-429-20260803-18:23:50-61703,config,,,*.terminal[48].mob.centerLatitude,56.949,,
General-429-20260803-18:23:50-61703,config,,,*.terminal[48].mob.centerLongitude,24.105,,
General-429-20260803-18:23:50-61703,config,,,*.terminal[49].mob.radius,0.0,,
General-429-20260803-18:23:50-61703,config,,,*.terminal[49].mob.centerLatitude,59.437,,
General-429-20260803-18:23:50-61703,config,,,*.terminal[49].mob.centerLongitude,24.753,,
General-429-20260803-18:23:50-61703,config,,,*.terminal[50].mob.radius,0.0,,
General-429-20260803-18:23:50-61703,config,,,*.terminal[50].mob.centerLatitude,50.075,,
General-429-20260803-18:23:50-61703,config,,,*.terminal[50].mob.centerLongitude,14.437,,
General-429-20260803-18:23:50-61703,config,,,*.terminal[51].mob.radius,0.0,,
General-429-20260803-18:23:50-61703,config,,,*.terminal[51].mob.centerLatitude,42.697,,
General-429-20260803-18:23:50-61703,config,,,*.terminal[51].mob.centerLongitude,23.321,,
General-429-20260803-18:23:50-61703,config,,,*.terminal[52].mob.radius,0.0,,
General-429-20260803-18:23:50-61703,config,,,*.terminal[52].mob.centerLatitude,45.815,,
General-429-20260803-18:23:50-61703,config,,,*.terminal[52].mob.centerLongitude,15.981,,
General-429-20260803-18:23:50-61703,config,,,*.terminal[53].mob.radius,0.0,,
General-429-20260803-18:23:50-61703,config,,,*.terminal[53].mob.centerLatitude,40.640,,
General-429-20260803-18:23:50-61703,config,,,*.terminal[53].mob.centerLongitude,22.944,,
General-429-20260803-18:23:50-61703,config,,,*.terminal[54].mob.radius,0.0,,
General-429-20260803-18:23:50-61703,config,,,*.terminal[54].mob.centerLatitude,39.933,,
General-429-20260803-18:23:50-61703,config,,,*.terminal[54].mob.centerLongitude,32.859,,
General-429-20260803-18:23:50-61703,config,,,*.terminal[55].mob.radius,0.0,,
General-429-20260803-18:23:50-61703,config,,,*.terminal[55].mob.centerLatitude,38.419,,
General-429-20260803-18:23:50-61703,config,,,*.terminal[55].mob.centerLongitude,27.128,,
General-429-20260803-18:23:50-61703,config,,,*.terminal[56].mob.radius,0.0,,
General-429-20260803-18:23:50-61703,config,,,*.terminal[56].mob.centerLatitude,35.898,,
General-429-20260803-18:23:50-61703,config,,,*.terminal[56].mob.centerLongitude,14.514,,
General-429-20260803-18:23:50-61703,config,,,*.terminal[57].mob.radius,0.0,,
General-429-20260803-18:23:50-61703,config,,,*.terminal[57].mob.centerLatitude,65.683,,
General-429-20260803-18:23:50-61703,config,,,*.terminal[57].mob.centerLongitude,-18.087,,
General-429-20260803-18:23:50-61703,config,,,*.terminal[58].mob.radius,0.0,,
General-429-20260803-18:23:50-61703,config,,,*.terminal[58].mob.centerLatitude,28.463,,
General-429-20260803-18:23:50-61703,config,,,*.terminal[58].mob.centerLongitude,-16.251,,
General-429-20260803-18:23:50-61703,config,,,*.terminal[59].mob.radius,0.0,,
General-429-20260803-18:23:50-61703,config,,,*.terminal[59].mob.centerLatitude,35.185,,
General-429-20260803-18:23:50-61703,config,,,*.terminal[59].mob.centerLongitude,33.382,,
General-429-20260803-18:23:50-61703,config,,,**.numStations,3,,
General-429-20260803-18:23:50-61703,config,,,**.numStations,3,,
General-429-20260803-18:23:50-61703,config,,,*.station[0].mobility.latitude,55.752,,
General-429-20260803-18:23:50-61703,config,,,*.station[0].mobility.longitude,37.616,,
General-429-20260803-18:23:50-61703,config,,,*.station[0].cityName,"""Moscow""",,
General-429-20260803-18:23:50-61703,config,,,*.station[0].groundStationId,7,,
General-429-20260803-18:23:50-61703,config,,,*.station[0].routerAddr,"""10.0.0.29""",,
General-429-20260803-18:23:50-61703,config,,,*.station[0].serving,"""10.0.0.29""",,
General-429-20260803-18:23:50-61703,config,,,*.station[1].mobility.latitude,28.652,,
General-429-20260803-18:23:50-61703,config,,,*.station[1].mobility.longitude,77.231,,
General-429-20260803-18:23:50-61703,config,,,*.station[1].cityName,"""Delhi""",,
General-429-20260803-18:23:50-61703,config,,,*.station[1].groundStationId,11,,
General-429-20260803-18:23:50-61703,config,,,*.station[1].routerAddr,"""10.0.0.45""",,
General-429-20260803-18:23:50-61703,config,,,*.station[1].serving,"""10.0.0.45""",,
General-429-20260803-18:23:50-61703,config,,,*.station[2].mobility.latitude,25.35,,
General-429-20260803-18:23:50-61703,config,,,*.station[2].mobility.longitude,51.24,,
General-429-20260803-18:23:50-61703,config,,,*.station[2].cityName,"""Katar""",,
General-429-20260803-18:23:50-61703,config,,,*.station[2].groundStationId,19,,
General-429-20260803-18:23:50-61703,config,,,*.station[2].routerAddr,"""10.0.0.77""",,
General-429-20260803-18:23:50-61703,config,,,*.station[2].serving,"""10.0.0.77""",,
General-429-20260803-18:23:50-61703,config,,,*.visualizer.canvasVisualizer.mediumVisualizer.typename,,,
General-429-20260803-18:23:50-61703,config,,,*.visualizer.*.radioVisualizer.displayAntennaLobes,true,,
General-429-20260803-18:23:50-61703,config,,,*.visualizer.*.dataLinkVisualizer.displayLinks,true,,
General-429-20260803-18:23:50-61703,config,,,*.visualizer.*.mobilityVisualizer.displayMovementTrails,true,,
General-429-20260803-18:23:50-61703,config,,,*.visualizer.*.mobilityVisualizer.movementTrailLineWidth,1,,
General-429-20260803-18:23:50-61703,config,,,*.visualizer.*.mobilityVisualizer.trailLength,3000,,
General-429-20260803-18:23:50-61703,config,,,**.ttxStart_max,1s,,
General-429-20260803-18:23:50-61703,config,,,**.ttxIdle_min,10s,,
General-429-20260803-18:23:50-61703,config,,,**.ttxIdle_max,15s,,
General-429-20260803-18:23:50-61703,config,,,**.Ntw,1,,
General-429-20260803-18:23:50-61703,config,,,**.Ntx,5,,
General-429-20260803-18:23:50-61703,config,,,**.ttwDuration,100s,,
General-429-20260803-18:23:50-61703,config,,,output-scalar-file,results/results_florasat_ml_mlp/mlp-raan-205-th-0.30-General-9.sca,,
General-429-20260803-18:23:50-61703,config,,,output-vector-file,results/results_florasat_ml_mlp/mlp-raan-205-th-0.30-General-9.vec,,
General-429-20260803-18:23:50-61703,vector,Florasat_Individual_Sats.terminal[40].dlk.mac,vector_preds_MLP,,,"1.00945447292 15.84677969059 29.31998248049 41.26095495955 54.59779171459 116.17718564975 129.38947439007 141.88333191024 154.7846832294 168.18852692656 231.30989773478 241.67406417941 253.06012644711 264.95049283071 278.84139038319 346.11653115205 356.37849711068 368.1022211893 380.22191270324 394.89434704138 461.03114164993 475.88675685436 489.59127875254 503.14754885598 514.80642042565 576.59335823706 589.04289853735 599.317113013 614.16432926524 626.89644526667 691.8405337166 706.47593895788 717.7166612877 731.24169144313 741.48751334286","18022001 18022002 18022003 18022004 18022005 18028001 18028002 18028003 18028004 18028005 18034001 18034002 18034003 18034004 18034005 18040001 18040002 18040003 18040004 18040005 18046001 18046002 18046003 18046004 18046005 18052001 18052002 18052003 18052004 18052005 18058001 18058002 18058003 18058004 18058005"
General-429-20260803-18:23:50-61703,vector,Florasat_Individual_Sats.terminal[43].dlk.mac,vector_preds_MLP,,,"1.01426395704 13.1335690245 25.87244017515 37.17185146873 48.60331865492 116.297715466 130.85853107296 142.03106870199 156.87518229032 168.47061972156 231.04582821345 244.44027193217 258.77779783658 273.70697824029 288.07687012573 346.8552918497 359.8883655956 372.47622323199 384.99099283689 397.59523569816 461.9748437393 475.66932950867 490.58972237049 500.81270826747 515.12759081087 576.06220275862 587.89086834993 602.59814805002 616.8582948111 631.67982532876 691.91579562984 704.64253220614 717.71850838466 728.57728496683 739.176350469","18022301 18022302 18022303 18022304 18022305 18028301 18028302 18028303 18028304 18028305 18034301 18034302 18034303 18034304 18034305 18040301 18040302 18040303 18040304 18040305 18046301.1 18046302.1 18046303.1 18046304.1 18046305.1 18052301.1 18052302.1 18052303.1 18052304.1 18052305.1 18058301.1 18058302.1 18058303.1 18058304.1 18058305.1"
General-429-20260803-18:23:50-61703,vector,Florasat_Individual_Sats.terminal[3].dlk.mac,vector_preds_MLP,,,"1.0511981782 14.76268802816 27.64655353781 38.61202208488 48.89051812398 116.75539648416 131.21489019622 146.16751960036 160.2128027766 173.76809843606 231.72803496616 245.81659399811 258.89098934037 270.96762890135 283.48674999572 346.28401179356 358.53780148342 369.57661648538 384.49501961494 396.6731801841 461.04833289655 473.50241140951 487.52832224383 500.34819603339 513.38727391465 576.4753701149 586.95344320801 598.14799430035 613.11262836866 624.9347642432 691.71301122243 704.5721456369 718.25851351559 730.07692545607 741.71678198922","18018301 18018302 18018303 18018304 18018305 18024301 18024302 18024303 18024304 18024305 18030301 18030302 18030303 18030304 18030305 18036301 18036302 18036303 18036304 18036305 18042301 18042302 18042303 18042304 18042305 18048301 18048302 18048303 18048304 18048305 18054301 18054302 18054303 18054304 18054305"
General-429-20260803-18:23:50-61703,vector,Florasat_Individual_Sats.terminal[7].dlk.mac,vector_preds_MLP,,,"1.06787980627 14.33952616155 27.01680091536 37.20106208208 47.29949689331 116.44042012608 127.58072720585 140.04521107162 153.44508853718 167.49500398385 231.88968878752 246.75505544339 259.87361003459 271.52688387246 283.68132308289 346.07526258216 360.74115380877 375.54631907841 386.45317992544 398.01395826157 461.64164912514 473.41895152558 484.08689605048 496.92868717806 510.58324552117 576.87759737321 587.94673479232 600.0388929348 611.55180762825 624.34083253798 691.65929260105 703.03404662199 716.4955990985 728.11987782153 742.81568905711","18018701 18018702 18018703 18018704 18018705 18024701 18024702 18024703 18024704 18024705 18030701 18030702 18030703 18030704 18030705 18036701 18036702 18036703 18036704 18036705 18042701 18042702 18042703 18042704 18042705 18048701 18048702 18048703 18048704 18048705 18054701 18054702 18054703 18054704 18054705"
General-429-20260803-18:23:50-61703,vector,Florasat_Individual_Sats.terminal[39].dlk.mac,vector_preds_MLP,,,"1.10804384435 14.88917792077 27.90407294385 41.90293888539 52.96276015324 116.07784721092 127.27616528654 139.58908697729 150.27348704076 161.20845733582 231.06823689211 245.42656675819 257.13205614965 270.31820640456 285.19970995396 346.7978030995 360.4930500295 372.58721940033 383.3533271756 393.96914132917 461.19724261248 473.73528491263 483.96033982536 497.6995376069 509.32845405791 576.41095278994 589.42076026089 600.14970622234 611.95676664681 625.98074251296 691.42208844959 704.32308931905 714.73108307645 724.9943113823 738.9215660696","18021901 18021902 18021903 18021904 18021905 18027901 18027902 18027903 18027904 18027905 18033901 18033902 18033903 18033904 18033905 18039901 18039902 18039903 18039904 18039905 18045901 18045902 18045903 18045904 18045905 18051901 18051902 18051903 18051904 18051905 18057901 18057902 18057903 18057904 18057905"
General-429-20260803-18:23:50-61703,vector,Florasat_Individual_Sats.terminal[8].dlk.mac,vector_preds_MLP,,,"1.11962924246 15.59567415621 27.4599622807 37.85999467946 49.08703147085 116.97860271344 131.19894778146 142.08754881075 156.26990311569 170.09103657701 231.66227248521 245.68602328096 256.72274404928 271.05801297259 283.60770884343 346.71404475393 359.72686790792 372.06608610857 386.62611194235 400.60982976389 461.20171215199 471.35869735899 482.80234645517 493.6560502816 504.29463608703 576.22640441195 590.21832887106 602.95206766016 613.92242614435 625.78604237082 691.55857889401 705.1442447335 719.4435488102 732.49947227025 747.1523955448","18018801 18018802 18018803 18018804 18018805 18024801 18024802 18024803 18024804 18024805 18030801 18030802 18030803 18030804 18030805 18036801 18036802 18036803 18036804 18036805 18042801 18042802 18042803 18042804 18042805 18048801 18048802 18048803 18048804 18048805 18054801 18054802 18054803 18054804 18054805"
General-429-20260803-18:23:50-61703,vector,Florasat_Individual_Sats.terminal[33].dlk.mac,vector_preds_MLP,,,"1.13112418493 11.77599469479 23.41137323808 37.07394789718 48.13388118101 116.06238061911 130.9393352014 141.04457999929 155.83032886847 169.94873911841 231.8012143001 244.81101642177 259.03449642053 271.91787462146 282.67692600307 346.47134038317 356.63430118165 368.16085706162 380.22639005142 394.97108124359 461.23322220519 475.59235729859 489.93298575398 500.31058356398 514.76189615204 576.92690407368 587.01130514126 597.44883514102 611.13140433421 622.53679125779 691.60123162763 702.81333555211 714.41751459241 724.79991956824 737.46234628349","18021301 18021302 18021303 18021304 18021305 18027301 18027302 18027303 18027304 18027305 18033301 18033302 18033303 18033304 18033305 18039301 18039302 18039303 18039304 18039305 18045301 18045302 18045303 18045304 18045305 18051301 18051302 18051303 18051304 18051305 18057301 18057302 18057303 18057304 18057305"
General-429-20260803-18:23:50-61703,vector,Florasat_Individual_Sats.terminal[18].dlk.mac,vector_preds_MLP,,,"1.15106932563 13.70651731012 25.58460960142 38.31407745928 52.08652178152 116.03850680008 129.90286751138 141.8498860551 156.78146865172 168.06674694013 231.15223321528 246.09379681456 258.90156113356 273.22524596867 284.51486444147 346.54726197897 356.82344143116 370.66585387755 385.24724330357 398.03726027906 461.4720006932 474.51074774423 489.46443458483 502.46474007191 516.20063658967 576.14580093371 587.63476909441 601.18712348701 613.24893227267 624.49452696788 691.74155511684 705.76189862122 716.00783739495 728.44625305757 742.92185749533","18019801.1 18019802.1 18019803.1 18019804.1 18019805.1 18025801.1 18025802.1 18025803.1 18025804.1 18025805.1 18031801.1 18031802 18031803 18031804 18031805 18037801 18037802 18037803 18037804 18037805 18043801 18043802 18043803 18043804 18043805 18049801 18049802 18049803 18049804 18049805 18055801 18055802 18055803 18055804 18055805"
General-429-20260803-18:23:50-61703,vector,Florasat_Individual_Sats.terminal[41].dlk.mac,vector_preds_MLP,,,"1.17387304618 11.70110724238 22.98466418241 33.57739578537 46.90915668104 116.33184730308 126.864223273 140.53008115151 155.40929381735 170.15716822002 231.80203309492 245.76116403076 258.33234002208 268.93615123909 283.34061541571 346.81665606168 359.62996296072 370.90349140763 381.11122738174 394.63427076535 461.59209203837 473.39958750923 487.62979807379 498.49026288768 512.74420430815 576.56673757639 587.04831756698 600.68417571881 613.18938941625 627.23400272941 691.86341234925 704.50523301353 714.70564030203 729.17068203538 743.64293686207","18022101 18022102 18022103 18022104 18022105 18028101 18028102 18028103 18028104 18028105 18034101 18034102 18034103 18034104 18034105 18040101 18040102 18040103 18040104 18040105 18046101 18046102 18046103 18046104 18046105 18052101 18052102 18052103 18052104 18052105 18058101 18058102 18058103 18058104 18058105"
General-429-20260803-18:23:50-61703,vector,Florasat_Individual_Sats.terminal[5].dlk.mac,vector_preds_MLP,,,"1.21704925736 13.25495326612 26.75669961679 37.26666588872 47.77114273003 116.90119282808 128.41076796176 139.49710454675 151.90161965671 165.1455121371 231.98109281994 242.40375224547 257.20700181834 268.08626155648 282.82703169668 346.07140047685 356.58338342421 371.47494217009 384.69897318958 398.92075663992 461.69099442218 474.23672869009 487.70971873215 500.00127027182 510.51200608046 576.60046727513 591.27782823402 601.68837836711 613.87812576839 624.34586632299 691.76963013969 702.28017524839 716.9394735645 730.20548793743 744.01166400429","18018501 18018502 18018503 18018504 18018505 18024501 18024502 18024503 18024504 18024505 18030501 18030502 18030503 18030504 18030505 18036501 18036502 18036503 18036504 18036505 18042501 18042502 18042503 18042504 18042505 18048501 18048502 18048503 18048504 18048505 18054501 18054502 18054503 18054504 18054505"
General-429-20260803-18:23:50-61703,vector,Florasat_Individual_Sats.terminal[35].dlk.mac,vector_preds_MLP,,,"1.22709167562 13.20675491262 25.13286342518 37.80227662669 48.09085886715 116.02010413841 127.86119548557 140.49572806409 151.22454828186 163.57203475501 231.0850854537 241.1559985315 254.79280805844 265.59693456208 276.4832715427 346.64721672609 357.99710539705 368.23577767424 381.98852057405 392.4197718345 461.49845873774 475.21055312897 485.46395362192 499.10918582417 511.09180591139 576.78948360449 588.0962143275 598.36679518875 608.67928649485 623.32582912012 691.26950214291 704.41131065157 718.84746453864 730.4969661918 744.4819464793","18021501 18021502 18021503 18021504 18021505 18027501 18027502 18027503 18027504 18027505 18033501 18033502 18033503 18033504 18033505 18039501 18039502 18039503 18039504 18039505 18045501 18045502 18045503 18045504 18045505 18051501 18051502 18051503 18051504 18051505 18057501 18057502 18057503 18057504 18057505"
General-429-20260803-18:23:50-61703,vector,Florasat_Individual_Sats.terminal[32].dlk.mac,vector_preds_MLP,,,"1.22720087925 14.22937844344 28.75690989126 39.04214175348 53.75219516852 116.1626251752 130.43184847221 143.12067162943 155.34666622755 168.4708455298 231.41404123697 242.76773021859 257.58796289633 271.88391000917 285.37118924502 346.0769601611 360.48941439856 372.08197031892 385.86612155684 397.91623673541 461.20140343532 474.12110982789 487.4005521657 500.71816055431 515.58853044618 576.99501335225 589.44925617846 604.30258003599 615.03228843631 626.82289153524 691.81127502769 702.94590807473 717.45751395309 727.53489365638 742.06058589928","18021201 18021202 18021203 18021204 18021205 18027201 18027202 18027203 18027204 18027205 18033201 18033202 18033203 18033204 18033205 18039201 18039202 18039203 18039204 18039205 18045201 18045202 18045203 18045204 18045205 18051201 18051202 18051203 18051204 18051205 18057201 18057202 18057203 18057204 18057205"
General-429-20260803-18:23:50-61703,vector,Florasat_Individual_Sats.terminal[56].dlk.mac,vector_preds_MLP,,,"1.22737139161 13.5169072419 26.91343806731 39.53728036653 53.30447749631 116.40725333383 126.4794700921 137.01333616883 147.1535377358 160.83401199103 231.26579754101 245.68860991089 258.48022479028 269.07819281611 283.56313357176 346.67384036304 359.63607832859 371.76687267679 383.118927398 396.36070449208 461.66117220023 471.88619730017 483.86765418412 497.42788947258 507.47752923589 576.95384730934 587.59314454743 598.29325601342 609.35217536636 624.28385111736 691.3108007987 705.8249460957 719.16436589137 730.91119673616 740.9948948985","18023601 18023602 18023603 18023604 18023605 18029601 18029602 18029603 18029604 18029605 18035601 18035602 18035603 18035604 18035605 18041601 18041602 18041603 18041604 18041605 18047601 18047602 18047603.1 18047604.1 18047605.1 18053601.1 18053602.1 18053603.1 18053604.1 18053605.1 18059601.1 18059602.1 18059603.1 18059604.1 18059605.1"
General-429-20260803-18:23:50-61703,vector,Florasat_Individual_Sats.terminal[47].dlk.mac,vector_preds_MLP,,,"1.23262915062 16.10565691372 26.16604609415 39.35982986121 52.8275309573 116.18487176881 130.31322868937 142.42892191443 155.74939327129 167.06407226669 231.55601025443 245.60560018174 259.25931318198 274.10481266678 288.16914458411 346.25623607053 358.56719658337 371.89846298866 383.31643660878 395.56677336431 461.81423807424 474.58894180274 487.91127793398 499.54142654687 513.6594717463 576.87392506236 588.35580752999 603.21280368557 618.17491506878 630.92200174299 691.21063875314 701.83498833724 714.84800982685 728.91941212514 742.34202457057","18022701.1 18022702.1 18022703.1 18022704.1 18022705.1 18028701.1 18028702.1 18028703.1 18028704.1 18028705.1 18034701 18034702 18034703 18034704 18034705 18040701 18040702 18040703 18040704 18040705 18046701 18046702 18046703 18046704 18046705 18052701 18052702 18052703 18052704 18052705 18058701 18058702 18058703 18058704 18058705"
General-429-20260803-18:23:50-61703,vector,Florasat_Individual_Sats.terminal[30].dlk.mac,vector_preds_MLP,,,"1.26288277144 12.27887904318 26.17626986746 39.67700256198 51.9922281981 116.29945653793 128.62896846211 141.37432184489 155.91923367767 168.0368411641 231.99569147546 246.37969207717 259.28409104701 273.79485350801 285.81387001206 346.13835243648 358.19638772775 370.02509488515 381.48293138622 395.25353636966 461.98553436762 474.98576221732 486.62751779869 497.70371257305 510.57257170534 576.49142334051 590.81672353833 604.28348499862 616.37229660106 628.34929086896 691.63934329152 701.70556708332 712.14526100061 726.37975685625 739.87900891901","18021001 18021002 18021003 18021004 18021005 18027001 18027002 18027003 18027004 18027005 18033001 18033002 18033003 18033004 18033005 18039001 18039002 18039003 18039004 18039005 18045001 18045002 18045003 18045004 18045005 18051001 18051002 18051003 18051004 18051005 18057001 18057002 18057003 18057004 18057005"
General-429-20260803-18:23:50-61703,vector,Florasat_Individual_Sats.terminal[50].dlk.mac,vector_preds_MLP,,,"1.27133408608 16.19859123067 28.54471648508 41.09216175438 54.54478543648 116.23794626701 127.13924631384 137.60451001954 150.60640805541 160.99266925035 231.05073141004 245.05347984564 257.82687850832 269.76204291987 283.50582341617 346.947343793 359.75606937893 371.58592529944 382.30392054771 392.52817455912 461.63637666148 474.14470882504 484.30151824956 494.72507863888 506.33453607094 576.02812734665 588.53088742355 599.23157948535 610.72128990316 622.93062373297 691.94760841131 702.237367308 715.86348983506 729.15813950636 739.6004021254","18023001 18023002 18023003 18023004 18023005 18029001 18029002 18029003 18029004 18029005 18035001 18035002 18035003 18035004 18035005 18041001 18041002 18041003 18041004 18041005 18047001.1 18047002.1 18047003.1 18047004.1 18047005.1 18053001.1 18053002.1 18053003.1 18053004.1 18053005.1 18059001.1 18059002 18059003 18059004 18059005"
General-429-20260803-18:23:50-61703,vector,Florasat_Individual_Sats.terminal[52].dlk.mac,vector_preds_MLP,,,"1.27809432708 13.21143307281 27.03571368149 40.00254854002 54.89592358261 116.64125205716 128.91321774106 140.48847586032 155.45576188712 170.37915826192 231.72666088119 244.82731048623 259.82145691896 271.34354531672 282.80620733882 346.37646774924 358.50329573196 371.30246004136 385.4932436957 399.09446554887 461.64367978415 472.68782903627 486.77573388629 500.74347531027 511.14938249648 576.21135171154 590.37986591575 601.78955501528 612.81065312797 624.49570611353 691.46264067967 701.82451374363 712.11036776309 725.81307125278 737.97089219094","18023201 18023202 18023203 18023204 18023205 18029201 18029202 18029203 18029204 18029205 18035201 18035202 18035203 18035204 18035205 18041201 18041202 18041203 18041204 18041205 18047201.1 18047202.1 18047203.1 18047204.1 18047205.1 18053201.1 18053202.1 18053203.1 18053204.1 18053205.1 18059201.1 18059202.1 18059203.1 18059204.1 18059205.1"
General-429-20260803-18:23:50-61703,vector,Florasat_Individual_Sats.terminal[16].dlk.mac,vector_preds_MLP,,,"1.28762164828 16.07604958326 28.80159277329 41.01924142893 55.93610397749 116.00118683069 127.76665090001 140.71503441431 154.41377475857 165.62825580942 231.58905906766 245.96117469529 257.53118153359 270.97944543977 281.67283958803 346.24496436352 360.25361448783 374.6609540321 385.04281471042 395.95699979948 461.40712360293 471.5229842302 484.12656050432 498.38217066974 512.56721060514 576.59143619216 588.22615328687 602.96331949625 617.8776024396 631.92663253145 691.51261939248 702.21729256026 713.47522287559 726.52326624421 740.69071815046","18019601 18019602 18019603 18019604 18019605 18025601 18025602 18025603 18025604 18025605 18031601 18031602 18031603 18031604 18031605 18037601 18037602 18037603 18037604 18037605 18043601 18043602 18043603 18043604 18043605 18049601 18049602 18049603 18049604 18049605 18055601 18055602 18055603 18055604 18055605"
General-429-20260803-18:23:50-61703,vector,Florasat_Individual_Sats.terminal[34].dlk.mac,vector_preds_MLP,,,"1.2891479847 12.32848355407 24.15814498067 39.08213493973 51.67652320908 116.00351133617 126.14468559856 137.83952892409 151.97805043077 164.49311191682 231.96117082797 244.65580298402 255.01813600491 266.17280835122 278.13710250844 346.26719175372 358.65073023713 369.50304534985 380.80909574288 392.12542532245 461.11408625869 471.62958597555 483.73911864264 498.00463885907 510.19302327093 576.424534566 588.37096168147 601.74253029003 615.61349740088 628.49309781402 691.42157629854 703.77925813338 715.05627035303 725.89032809157 736.53120846395","18021401 18021402 18021403 18021404 18021405 18027401 18027402 18027403 18027404 18027405 18033401 18033402 18033403 18033404 18033405 18039401 18039402 18039403 18039404 18039405 18045401 18045402 18045403 18045404 18045405 18051401 18051402 18051403 18051404 18051405 18057401 18057402 18057403 18057404 18057405"
General-429-20260803-18:23:50-61703,vector,Florasat_Individual_Sats.terminal[1].dlk.mac,vector_preds_MLP,,,"1.30533288885 15.0078733901 29.09940428752 40.88328187889 54.38558484264 116.51766426302 126.74012869619 140.41205716924 154.75139914452 165.33643321506 231.30623715464 245.77236432931 257.15654325089 270.97155699273 282.75753847556 346.2345583078 358.7440905096 371.44773410913 386.01703374344 399.16267970856 461.15597926104 475.43288140116 487.9782480714 501.0949347776 512.80181129487 576.14829576318 590.49365367833 604.2045888896 617.25441796332 627.57347865006 691.06024618656 705.34514172165 716.72866344963 730.67569928755 742.96547634922","18018101 18018102 18018103 18018104 18018105 18024101 18024102 18024103 18024104 18024105 18030101 18030102 18030103 18030104 18030105 18036101 18036102 18036103 18036104 18036105 18042101 18042102 18042103 18042104 18042105 18048101 18048102 18048103 18048104 18048105 18054101 18054102 18054103 18054104 18054105"
General-429-20260803-18:23:50-61703,vector,Florasat_Individual_Sats.terminal[22].dlk.mac,vector_preds_MLP,,,"1.33759571193 15.02623208054 27.32932918892 39.769639235 50.48408126762 116.24616627721 129.82307967637 142.78263212438 154.49053586135 164.86614111252 231.70800991752 245.2136617112 255.90045053093 266.36732632458 277.88265242871 346.56273177546 357.51076282305 372.0049585863 382.57791293505 396.89315127045 461.68995164195 471.83347650082 485.72102266923 498.42406055169 512.98518796778 576.10740948771 588.87403070414 602.58727842778 615.36185115528 626.07047684792 691.65937148524 703.7136643068 715.10857818672 725.5905678405 738.02916221926","18020201 18020202 18020203 18020204 18020205 18026201 18026202 18026203 18026204 18026205 18032201 18032202 18032203 18032204 18032205.1 18038201.1 18038202.1 18038203.1 18038204.1 18038205.1 18044201.1 18044202.1 18044203.1 18044204.1 18044205.1 18050201.1 18050202.1 18050203.1 18050204.1 18050205.1 18056201.1 18056202.1 18056203.1 18056204.1 18056205.1"
General-429-20260803-18:23:50-61703,vector,Florasat_Individual_Sats.terminal[49].dlk.mac,vector_preds_MLP,,,"1.33983661793 16.13507152092 26.65120548358 37.49754420038 51.92951407655 116.24523376278 128.00478987326 142.57976455311 156.94733223924 168.33837851695 231.3442659087 241.88765877508 256.27299470943 267.26147880661 282.1262076369 346.39167953259 356.55765195354 368.59667043178 383.57886099466 397.75436438713 461.46548109967 474.99534190772 487.94897319889 500.01389673469 513.08183847252 576.24568729359 587.09802327259 598.4920613647 610.74633957516 621.6756045241 691.67171351356 704.71430207929 718.58502387163 731.43023324991 745.68870092719","18022901.1 18022902.1 18022903.1 18022904.1 18022905.1 18028901.1 18028902.1 18028903.1 18028904.1 18028905.1 18034901.1 18034902.1 18034903.1 18034904.1 18034905 18040901 18040902 18040903 18040904 18040905 18046901 18046902 18046903 18046904 18046905 18052901 18052902 18052903 18052904 18052905 18058901 18058902 18058903 18058904 18058905"
General-429-20260803-18:23:50-61703,vector,Florasat_Individual_Sats.terminal[25].dlk.mac,vector_preds_MLP,,,"1.35290261032 13.81376645202 25.84872114146 37.50116668432 49.14777803491 116.1810208424 127.15041812952 141.50532874954 152.16261847969 165.52455164003 231.45309738209 246.43546334793 258.21864328439 272.48360099014 286.82286205212 346.47267482011 358.28895917861 368.43733028043 381.7072041193 395.38597750244 461.04481039755 475.29760583607 486.76304056845 498.20420663292 510.87904817495 576.97010359843 587.71996148163 601.95531709818 614.34870080091 624.85937663121 691.86801679106 705.87288134638 718.74346405407 732.59410571097 744.46548251807","18020501 18020502 18020503 18020504 18020505 18026501 18026502 18026503 18026504 18026505 18032501 18032502 18032503 18032504 18032505.1 18038501.1 18038502.1 18038503.1 18038504.1 18038505.1 18044501.1 18044502.1 18044503.1 18044504.1 18044505.1 18050501.1 18050502.1 18050503.1 18050504.1 18050505.1 18056501.1 18056502.1 18056503.1 18056504.1 18056505.1"
General-429-20260803-18:23:50-61703,vector,Florasat_Individual_Sats.terminal[17].dlk.mac,vector_preds_MLP,,,"1.35301859747 12.79070330016 26.84291531961 38.32925293525 52.79157166649 116.09807721432 130.64348574937 142.10073565459 156.49591710046 171.04978471855 231.84096679674 242.14365607244 252.30806170846 266.37951466604 280.38209514925 346.94399020309 359.69205801748 372.76777426619 387.34728247183 402.25791754806 461.54473098204 473.43694069515 486.68443764652 498.44535790243 509.95291272387 576.34770822804 591.2050599067 603.646646498 617.02630435093 631.88475891575 691.53439210495 702.38210212672 714.40374534926 727.53606668091 740.16247974941","18019701 18019702 18019703 18019704 18019705 18025701 18025702 18025703 18025704 18025705 18031701 18031702 18031703 18031704 18031705 18037701 18037702 18037703 18037704 18037705 18043701 18043702 18043703 18043704 18043705 18049701 18049702 18049703 18049704 18049705 18055701 18055702 18055703 18055704 18055705"
General-429-20260803-18:23:50-61703,vector,Florasat_Individual_Sats.terminal[23].dlk.mac,vector_preds_MLP,,,"1.3749865077 12.56837704056 26.09924258618 37.64773633401 47.85617467668 116.03342645918 127.22796672722 138.9719165815 150.08924845606 160.37096839514 231.56060500001 243.66417197674 257.2882663149 270.09258841445 283.758070105 346.73591737403 358.8536748488 372.96496177442 384.48505845154 395.39016752737 461.23306486802 471.32562811067 481.94067030959 493.00131826825 507.93454806018 576.69162950572 589.11212107377 603.99181285036 614.9932770522 626.12533656044 691.95275875344 706.25310876593 719.19914714596 729.5347261494 744.04422422591","18020301 18020302 18020303 18020304 18020305 18026301 18026302 18026303 18026304 18026305 18032301 18032302 18032303 18032304 18032305.1 18038301.1 18038302.1 18038303.1 18038304.1 18038305.1 18044301.1 18044302.1 18044303.1 18044304.1 18044305.1 18050301.1 18050302.1 18050303.1 18050304.1 18050305.1 18056301.1 18056302.1 18056303.1 18056304.1 18056305.1"
General-429-20260803-18:23:50-61703,vector,Florasat_Individual_Sats.terminal[6].dlk.mac,vector_preds_MLP,,,"1.44701354043 14.35132014403 27.88912682399 39.38074858231 50.27273997851 116.73998046643 127.64335312159 139.5370748858 152.55005739257 163.80099414708 231.76335097104 243.82427427498 257.06478108349 267.1677899179 281.25059693166 346.31320335786 359.62149407482 372.40231574862 385.84450295777 398.53554539033 461.27981018019 474.02577807522 484.13504240197 495.0518954415 507.11374225888 576.6283590172 589.14424277028 600.83599429113 613.58735585353 626.53663141071 691.63927479996 703.40341045987 714.63561417884 726.27807377139 737.62803410296","18018601 18018602 18018603 18018604 18018605 18024601 18024602 18024603 18024604 18024605 18030601 18030602 18030603 18030604 18030605 18036601 18036602 18036603 18036604 18036605 18042601 18042602 18042603 18042604 18042605 18048601 18048602 18048603 18048604 18048605 18054601 18054602 18054603 18054604 18054605"
General-429-20260803-18:23:50-61703,vector,Florasat_Individual_Sats.terminal[24].dlk.mac,vector_preds_MLP,,,"1.44923193962 11.97698933538 23.35096527822 34.63414750178 47.94164551538 116.53854968515 127.03174268035 138.98265317338 150.22415031818 163.01229431433 231.30782096297 246.16943289292 256.77443129126 269.13346531218 279.66115347924 346.64596113306 359.21498234896 370.06080818758 384.75677201454 395.31587455235 461.36633979599 473.87481441582 488.80674570776 499.71793014999 511.00489126728 576.79766011075 587.36904986552 599.82440911583 609.93905444164 623.95295916475 691.74734732904 705.02771751675 717.82647534226 728.9675942955 743.84847469464","18020401 18020402 18020403 18020404 18020405 18026401 18026402 18026403 18026404 18026405 18032401 18032402 18032403 18032404 18032405 18038401 18038402 18038403 18038404 18038405 18044401.1 18044402.1 18044403.1 18044404.1 18044405.1 18050401.1 18050402.1 18050403.1 18050404.1 18050405.1 18056401.1 18056402.1 18056403.1 18056404.1 18056405.1"
General-429-20260803-18:23:50-61703,vector,Florasat_Individual_Sats.terminal[19].dlk.mac,vector_preds_MLP,,,"1.46416907967 15.67698531854 28.62966837315 42.79587755166 57.06933934777 116.94220495992 127.14963105274 137.84386945888 152.23156900145 164.58674690802 231.87652401323 243.42723780358 253.98528406676 267.80613345956 278.28214137978 346.28478162992 358.27513879817 369.41374604078 380.61703915079 392.30292342324 461.39363312325 473.70215196674 487.31868843827 501.85826025251 514.11781334248 576.59996038349 586.65702697285 598.42567904666 611.82575644273 623.76038412144 691.49536061031 703.81713948026 714.67599099781 728.61260044668 739.50466797967","18019901.1 18019902.1 18019903.1 18019904.1 18019905.1 18025901.1 18025902.1 18025903.1 18025904.1 18025905.1 18031901.1 18031902.1 18031903.1 18031904.1 18031905.1 18037901 18037902 18037903 18037904 18037905 18043901 18043902 18043903 18043904 18043905 18049901 18049902 18049903 18049904 18049905 18055901 18055902 18055903 18055904 18055905"
General-429-20260803-18:23:50-61703,vector,Florasat_Individual_Sats.terminal[53].dlk.mac,vector_preds_MLP,,,"1.46701051784 12.98679671181 25.53492367315 37.29566018959 51.48755449499 116.72803767351 129.97097633755 143.14472496253 156.45007323799 169.88980733067 231.80178856663 245.45860750204 259.10302782035 273.18829244305 286.76642823685 346.37654543342 361.35100506665 375.38339206786 387.32263424038 401.05313189165 461.20701095974 474.19968237355 487.48956999229 499.96783849038 510.9074783693 576.9308766122 588.04780037306 599.17398829526 613.05850856286 625.34592447384 691.56558902771 705.33769061276 715.88494518957 726.63278955919 736.92566302325","18023301 18023302 18023303 18023304 18023305 18029301 18029302 18029303 18029304 18029305 18035301 18035302 18035303 18035304 18035305 18041301.1 18041302.1 18041303.1 18041304.1 18041305.1 18047301.1 18047302.1 18047303.1 18047304.1 18047305.1 18053301.1 18053302.1 18053303.1 18053304.1 18053305.1 18059301.1 18059302.1 18059303.1 18059304.1 18059305.1"
General-429-20260803-18:23:50-61703,vector,Florasat_Individual_Sats.terminal[31].dlk.mac,vector_preds_MLP,,,"1.49861307535 15.86038181977 28.72619286482 38.93717633514 51.52404636797 116.79209700995 127.61808918998 138.58257037098 150.1754797108 161.39869777346 231.05895866733 245.36177143548 257.66907895194 270.16525991704 283.47730059853 346.55130348145 360.11415743362 370.98083959753 384.13356321841 396.09830100299 461.66993615939 474.23064466007 487.68082815362 501.20038410323 514.43764973455 576.43721496733 587.80055015977 598.75589213963 609.48844438582 622.77385310666 691.58973226091 702.39174999995 714.17653574026 728.67844371125 743.04619851755","18021101 18021102 18021103 18021104 18021105 18027101 18027102 18027103 18027104 18027105 18033101 18033102 18033103 18033104 18033105 18039101 18039102 18039103 18039104 18039105 18045101 18045102 18045103 18045104 18045105 18051101 18051102 18051103 18051104 18051105 18057101 18057102 18057103 18057104 18057105"
General-429-20260803-18:23:50-61703,vector,Florasat_Individual_Sats.terminal[26].dlk.mac,vector_preds_MLP,,,"1.50248974352 12.04053459945 22.99236684828 37.98706190917 49.83614782826 116.33610219532 128.34252194339 138.56804258726 151.35685367464 165.78791797697 231.7235971156 244.72595854848 258.3664512583 269.1060554115 283.76582926208 346.56517195445 357.80190156004 371.80007221922 384.36535347649 397.51892830874 461.2888012256 473.22117717005 487.44906704407 501.25150236767 511.78424381302 576.60672542709 589.93287959206 602.53828489524 613.29955777223 627.62986159138 691.12822253699 703.86667984747 718.78237155475 731.15535599505 741.25995983579","18020601 18020602 18020603 18020604 18020605 18026601 18026602 18026603 18026604 18026605 18032601 18032602 18032603 18032604 18032605 18038601 18038602 18038603.1 18038604.1 18038605.1 18044601.1 18044602.1 18044603.1 18044604.1 18044605.1 18050601.1 18050602.1 18050603.1 18050604.1 18050605.1 18056601.1 18056602.1 18056603.1 18056604.1 18056605.1"
General-429-20260803-18:23:50-61703,vector,Florasat_Individual_Sats.terminal[45].dlk.mac,vector_preds_MLP,,,"1.51150518097 13.30597663997 24.4367731316 39.1956863855 50.17604070832 116.66407751106 128.36139234784 140.18918644357 150.96592524275 164.15099358489 231.30334127997 244.06629487243 254.18302833056 267.39752159291 279.86077089049 346.98148896103 357.63107226929 368.53082051734 379.40771342139 391.90963322646 461.38542731362 472.24431392341 484.82174159098 498.19889918156 511.50805529044 576.13194189104 588.2503334789 598.5468630325 610.54177839611 624.79407182731 691.21483610175 704.56029809826 718.39478123398 731.17018885143 746.11797257723","18022501 18022502 18022503 18022504 18022505 18028501 18028502 18028503 18028504 18028505 18034501 18034502 18034503 18034504 18034505 18040501 18040502.1 18040503.1 18040504.1 18040505.1 18046501.1 18046502.1 18046503.1 18046504.1 18046505.1 18052501.1 18052502 18052503 18052504 18052505 18058501 18058502 18058503 18058504 18058505"
General-429-20260803-18:23:50-61703,vector,Florasat_Individual_Sats.terminal[48].dlk.mac,vector_preds_MLP,,,"1.55058033415 14.934839739 28.60410599387 43.37272098521 56.92977922503 116.7328114002 127.52588125155 141.08360259421 155.65786762838 167.92671046429 231.94226275315 242.09691356984 256.00235296181 268.98678916041 280.2327456302 346.91230930574 360.67588137416 373.90579933952 386.69272755342 398.69467049441 461.79305233946 473.57463492267 485.85716195009 498.26327761007 511.25064907666 576.76980524184 589.41161187808 603.70925549511 614.99691924057 628.9022079003 691.62771109492 705.87888891227 717.36145037809 731.8427663087 743.58315491002","18022801.1 18022802.1 18022803.1 18022804.1 18022805.1 18028801.1 18028802.1 18028803.1 18028804.1 18028805.1 18034801.1 18034802.1 18034803.1 18034804.1 18034805.1 18040801 18040802 18040803 18040804 18040805 18046801 18046802 18046803 18046804 18046805 18052801 18052802 18052803 18052804 18052805 18058801 18058802 18058803 18058804 18058805"
General-429-20260803-18:23:50-61703,vector,Florasat_Individual_Sats.terminal[55].dlk.mac,vector_preds_MLP,,,"1.56208386621 13.0717708168 25.65101576479 39.60390401281 52.50831062532 116.65726748062 130.14560402487 141.92235430353 155.5927799223 169.48863406084 231.27701243153 244.62735522306 258.38660412585 271.98390893872 283.77548786463 346.80111761787 359.4515470101 370.44120017904 380.5031938164 391.47997572203 461.24885425041 473.92715274891 486.336653508 498.68791983764 509.01577462045 576.77915348951 591.2014031508 602.32838825835 615.01925362554 628.80048757117 691.66338667274 703.00323730102 716.59293623059 729.39920996781 743.79994287621","18023501 18023502 18023503 18023504 18023505 18029501 18029502 18029503 18029504 18029505 18035501 18035502 18035503 18035504 18035505 18041501.1 18041502.1 18041503.1 18041504.1 18041505.1 18047501.1 18047502.1 18047503.1 18047504.1 18047505.1 18053501.1 18053502.1 18053503.1 18053504.1 18053505.1 18059501.1 18059502.1 18059503.1 18059504.1 18059505.1"
General-429-20260803-18:23:50-61703,vector,Florasat_Individual_Sats.terminal[9].dlk.mac,vector_preds_MLP,,,"1.57534221839 16.16190630663 31.12844202388 45.89553398848 60.13753391755 116.93042991031 129.90585703915 142.21202951088 155.03981736652 169.70971798688 231.73516126233 246.16581646493 259.40630706493 274.01277756901 287.551899408 346.92204879737 358.11589114974 371.60491480516 383.41555243266 394.07776621544 461.41776450747 476.08452807134 490.68397649983 502.12022198434 513.5082767969 576.44189374591 590.75476999697 601.40604859055 614.38379534706 625.60074107442 691.90956896544 703.89753345773 714.47159484169 727.28139285371 738.54108793685","18018901 18018902 18018903 18018904 18018905 18024901 18024902 18024903 18024904 18024905 18030901 18030902 18030903 18030904 18030905 18036901 18036902 18036903 18036904 18036905 18042901 18042902 18042903 18042904 18042905 18048901 18048902 18048903 18048904 18048905 18054901 18054902 18054903 18054904 18054905"
General-429-20260803-18:23:50-61703,vector,Florasat_Individual_Sats.terminal[15].dlk.mac,vector_preds_MLP,,,"1.58852275042 16.50279447483 29.00706306147 43.85728361598 57.22849473987 116.50783481682 127.9446572219 138.15938890236 149.76141530927 162.67165004299 231.50322705205 243.2353239418 254.96124619082 268.93975756759 279.22980585414 346.18984108907 356.53542765416 366.66438772576 377.23230776261 389.87465768238 461.05822145822 474.28592258249 485.58859029435 499.04283893993 512.27028440335 576.37022949662 587.10906044487 598.51363225165 608.77661478613 619.35880287574 691.04054741492 703.28057209892 716.7136641515 728.06534349965 739.40842522122","18019501 18019502 18019503 18019504 18019505 18025501 18025502 18025503 18025504 18025505 18031501 18031502 18031503 18031504 18031505 18037501 18037502 18037503 18037504 18037505 18043501 18043502 18043503 18043504 18043505 18049501 18049502 18049503 18049504 18049505 18055501 18055502 18055503 18055504 18055505"
General-429-20260803-18:23:50-61703,vector,Florasat_Individual_Sats.terminal[51].dlk.mac,vector_preds_MLP,,,"1.59264520137 15.64324905258 28.48096043896 39.00327287358 53.39905681065 116.67645121063 128.03013255424 141.61861946993 153.19976191223 166.19764362183 231.94091694825 243.68867537984 256.24276956124 266.54136916552 277.14799583121 346.06062266626 357.87243789876 368.80676089552 379.09859474631 392.79738649725 461.52736124303 475.50050518312 487.88824272877 498.69029597449 512.59515371243 576.46878656093 587.32271334599 600.43915287452 612.63019885845 626.31591024437 691.9803603543 703.31625789777 715.23614267493 726.87336767 738.13867720799","18023101 18023102 18023103 18023104 18023105 18029101 18029102 18029103 18029104 18029105 18035101 18035102 18035103 18035104 18035105 18041101.1 18041102.1 18041103.1 18041104.1 18041105.1 18047101.1 18047102.1 18047103.1 18047104.1 18047105.1 18053101.1 18053102.1 18053103.1 18053104.1 18053105.1 18059101.1 18059102.1 18059103.1 18059104.1 18059105.1"
General-429-20260803-18:23:50-61703,vector,Florasat_Individual_Sats.terminal[27].dlk.mac,vector_preds_MLP,,,"1.60584700783 15.99978881562 26.96317148302 39.25116147637 50.54572582967 116.43071634532 129.99018105399 144.41879322822 154.82396690128 168.75524186133 231.91574772215 242.81223804201 253.08090149635 263.92336306605 277.70028647944 346.52839958132 358.47264106781 370.77513431944 383.08544554096 393.70905792038 461.15708999196 473.73758879583 484.62760679167 498.01231777737 512.88427565688 576.88364589517 591.2283063475 605.35300994454 619.04869671142 630.13254643813 691.97077171691 706.06132444972 716.39269094611 728.58527906984 742.81939921481","18020701 18020702 18020703 18020704 18020705 18026701 18026702 18026703 18026704 18026705 18032701 18032702 18032703 18032704 18032705 18038701 18038702 18038703 18038704 18038705 18044701 18044702 18044703 18044704 18044705 18050701 18050702 18050703 18050704 18050705 18056701 18056702 18056703 18056704 18056705"
General-429-20260803-18:23:50-61703,vector,Florasat_Individual_Sats.terminal[37].dlk.mac,vector_preds_MLP,,,"1.61944065429 15.75240857736 27.14348649559 41.58063669293 54.84651559801 116.29367128527 129.21889243345 142.11656225659 156.75033561932 171.3783234281 231.10659429315 245.21604710701 259.34492121427 273.97695936821 287.78198716207 346.49328840245 358.32126591285 371.86521233921 386.82571084169 400.19772836752 461.71277751378 472.94606452505 485.26186279184 499.76839386555 510.67914265371 576.05150057748 587.27678340673 600.44513286603 614.03588799922 627.55502092465 691.57213633321 706.49926903331 718.14108214597 729.42074092943 740.63625289267","18021701 18021702 18021703 18021704 18021705 18027701 18027702 18027703 18027704 18027705 18033701 18033702 18033703 18033704 18033705 18039701 18039702 18039703 18039704 18039705 18045701 18045702 18045703 18045704 18045705 18051701 18051702 18051703 18051704 18051705 18057701 18057702 18057703 18057704 18057705"
General-429-20260803-18:23:50-61703,vector,Florasat_Individual_Sats.terminal[20].dlk.mac,vector_preds_MLP,,,"1.63636511704 14.28711511591 24.78241393157 37.76985880733 48.90672168858 116.14669137262 127.21398098371 138.18986841221 152.17293685162 164.46363127534 231.69968520151 246.38779474399 256.88359328872 271.73516677553 285.01146301022 346.71717665577 361.07390023139 373.52995158359 385.90588472271 400.8907093103 461.49113193387 473.61759325722 485.79819793114 498.54670364409 513.40632958803 576.03691181913 587.43696578592 598.80508867023 613.34928714834 625.05360097905 691.52265149914 701.57260396565 715.10112477164 726.66979717021 737.14706299873","18020001.1 18020002.1 18020003.1 18020004.1 18020005.1 18026001.1 18026002.1 18026003.1 18026004.1 18026005.1 18032001.1 18032002.1 18032003.1 18032004.1 18032005.1 18038001 18038002 18038003 18038004 18038005 18044001 18044002 18044003 18044004 18044005 18050001 18050002 18050003 18050004 18050005 18056001 18056002 18056003 18056004 18056005"
General-429-20260803-18:23:50-61703,vector,Florasat_Individual_Sats.terminal[46].dlk.mac,vector_preds_MLP,,,"1.64549168595 13.37553535984 24.72243425716 36.95261378121 48.62493218552 116.46506758686 128.35990277282 142.06044834736 155.87796224561 168.10405309592 231.43134055124 241.76677264902 253.99437803123 266.18230031617 279.01205661288 346.29865113925 360.40407243464 374.09069852368 384.56786680431 394.85326973651 461.84593558148 474.88522138632 489.81687745032 501.28451467444 513.96239844918 576.42098228028 589.42490489851 600.40945565608 610.75446203398 624.88165510865 691.2358515244 703.26838349924 716.99520746829 731.19641594473 743.05745831691","18022601 18022602 18022603 18022604 18022605 18028601.1 18028602.1 18028603.1 18028604.1 18028605 18034601.1 18034602.1 18034603.1 18034604.1 18034605.1 18040601.1 18040602.1 18040603.1 18040604.1 18040605.1 18046601.1 18046602.1 18046603 18046604 18046605 18052601 18052602 18052603 18052604 18052605 18058601 18058602 18058603 18058604 18058605"
General-429-20260803-18:23:50-61703,vector,Florasat_Individual_Sats.terminal[42].dlk.mac,vector_preds_MLP,,,"1.6459735895 12.96571070258 27.65637930063 40.15719930105 53.17860333062 116.03804596048 129.88113801042 140.81406407454 154.54336734069 164.97077329712 231.10764740431 246.10023000092 257.48195940792 269.22050997895 283.99533843902 346.45298920223 359.84700004454 372.92031903053 383.87346394477 396.39692524914 461.60106738401 476.49621214322 489.13477117382 502.67381517868 515.19755613594 576.36696595838 588.65040893922 600.28345578489 611.06667845067 622.90982907079 691.32944972068 702.73498600628 716.163568496 728.35166250402 742.1533552946","18022201 18022202 18022203 18022204 18022205 18028201 18028202 18028203 18028204 18028205 18034201 18034202 18034203 18034204 18034205 18040201 18040202 18040203 18040204 18040205 18046201 18046202 18046203 18046204 18046205 18052201 18052202 18052203 18052204.1 18052205.1 18058201.1 18058202.1 18058203.1 18058204 18058205"
General-429-20260803-18:23:50-61703,vector,Florasat_Individual_Sats.terminal[10].dlk.mac,vector_preds_MLP,,,"1.69410424284 13.01493691257 23.60809593089 35.73670482822 50.05046698824 116.852145307 131.31209748355 143.83644141513 155.0271379624 167.05794967152 231.79274753155 246.66646542679 257.31077235494 271.80022079567 284.7434902687 346.53361013834 358.17217040783 372.21552675333 383.88613025867 396.99156544613 461.87361384998 476.5298962642 488.67425933969 502.30339525873 512.7210496869 576.73694381327 591.42915200279 604.24962434056 615.12608725531 627.08460011473 691.45718727726 704.26058719051 718.86809416697 733.49369516596 745.61419323319","18019001 18019002 18019003 18019004 18019005 18025001 18025002 18025003 18025004 18025005 18031001 18031002 18031003 18031004 18031005 18037001 18037002 18037003 18037004 18037005 18043001 18043002 18043003 18043004 18043005 18049001 18049002 18049003 18049004 18049005 18055001 18055002 18055003 18055004 18055005"
General-429-20260803-18:23:50-61703,vector,Florasat_Individual_Sats.terminal[14].dlk.mac,vector_preds_MLP,,,"1.71758676367 16.02304047276 26.84884861996 36.91420908388 50.29315193835 116.28611939563 129.47752974415 140.75889729848 153.26159546687 163.56470544659 231.13093978795 242.28486776189 254.54131830204 267.52991785831 278.51038148115 346.45952142263 357.43562506233 372.31294093142 382.37129430939 392.97622291092 461.73299639905 473.93492522952 484.08945084386 494.77056418848 509.30790603929 576.47143516154 586.47412921465 598.54408275499 612.43158303015 626.36530634062 691.92289158539 706.75153420842 717.50375336688 730.38555228687 742.45374785806","18019401 18019402 18019403 18019404 18019405 18025401 18025402 18025403 18025404 18025405 18031401 18031402 18031403 18031404 18031405 18037401 18037402 18037403 18037404 18037405 18043401 18043402 18043403 18043404 18043405 18049401 18049402 18049403 18049404 18049405 18055401 18055402 18055403 18055404 18055405"
General-429-20260803-18:23:50-61703,vector,Florasat_Individual_Sats.terminal[4].dlk.mac,vector_preds_MLP,,,"1.71892222599 11.83665650198 23.9264354459 35.29699149774 49.80734316399 116.24988510367 127.19258040283 140.59499497269 154.53863246925 167.18090653512 231.02355818008 244.54302554112 255.39628486591 270.33860482717 284.7036926248 346.11280873627 357.82627241662 368.16517549659 379.83018261123 392.71173407299 461.71355199651 475.00724725425 489.97499322169 503.66634116391 518.52343488484 576.36012302223 586.80252998695 597.77210246516 609.92396605295 621.1512511035 691.96801213035 706.93626774544 720.75358323705 734.46767131052 747.73880404838","18018401 18018402 18018403 18018404 18018405 18024401 18024402 18024403 18024404 18024405 18030401 18030402 18030403 18030404 18030405 18036401 18036402 18036403 18036404 18036405 18042401 18042402 18042403 18042404 18042405 18048401 18048402 18048403 18048404 18048405 18054401 18054402 18054403 18054404 18054405"
General-429-20260803-18:23:50-61703,vector,Florasat_Individual_Sats.terminal[38].dlk.mac,vector_preds_MLP,,,"1.74320625141 14.71285921754 27.70550724235 38.08650490711 50.02444644458 116.77253882098 130.10552053736 142.99873163621 154.04374237917 167.14023006311 231.90318337781 244.17085388815 258.07122115302 268.88685146021 281.39965998382 346.93816696573 358.13417021465 368.25010586577 378.58451372874 391.74707633257 461.94105845806 474.13864644524 487.23892250262 500.15054391977 513.8461250607 576.17391471379 588.85981322593 599.47214595718 612.58770037653 627.28633397353 691.16865153029 705.01420845115 716.13305586693 727.96199458023 740.30732000783","18021801 18021802 18021803 18021804 18021805 18027801 18027802 18027803 18027804 18027805 18033801 18033802 18033803 18033804 18033805 18039801 18039802 18039803 18039804 18039805 18045801 18045802 18045803 18045804 18045805 18051801 18051802 18051803 18051804 18051805 18057801 18057802 18057803 18057804 18057805"
General-429-20260803-18:23:50-61703,vector,Florasat_Individual_Sats.terminal[29].dlk.mac,vector_preds_MLP,,,"1.7458436396 15.0498589864 28.45843009325 41.29638317647 52.70871724957 116.0853293445 129.15103264503 142.0204227185 152.11826956483 166.40465702746 231.73794927611 242.71854723291 256.55113957892 270.80524911824 282.78692263248 346.90719524468 360.42351827677 372.19369344599 386.28396702185 398.64464752795 461.25451493217 474.33684569109 489.31621209393 499.50506979973 512.61287053023 576.5232778783 590.36129692104 603.65541458596 614.14008004242 626.4545236365 691.82600095682 702.10456295335 714.31267831172 726.6263221337 741.36893071747","18020901 18020902 18020903 18020904 18020905 18026901 18026902 18026903 18026904 18026905 18032901 18032902 18032903 18032904 18032905 18038901 18038902 18038903.1 18038904.1 18038905.1 18044901.1 18044902.1 18044903.1 18044904.1 18044905.1 18050901.1 18050902.1 18050903.1 18050904.1 18050905.1 18056901.1 18056902.1 18056903.1 18056904.1 18056905.1"
General-429-20260803-18:23:50-61703,vector,Florasat_Individual_Sats.terminal[21].dlk.mac,vector_preds_MLP,,,"1.76448147208 13.6824223916 26.98674792586 36.98706721467 48.69983034487 116.58490972035 127.74155430752 142.11599706113 154.27978763147 168.21719615743 231.50718167517 242.3594783477 256.93702560942 269.33102265559 280.81242367369 346.9786689952 358.688769778 370.26505598891 381.95512129319 396.03404098283 461.15921007935 473.99285310064 487.91178826359 499.56421619165 513.1286378298 576.58868080983 587.22179406253 600.09155147872 614.30494560208 627.72284835274 691.51164402673 702.84913365566 713.77624188154 724.33628187934 735.53286520136","18020101 18020102 18020103 18020104 18020105 18026101 18026102 18026103 18026104 18026105 18032101 18032102 18032103 18032104 18032105 18038101 18038102 18038103.1 18038104.1 18038105.1 18044101.1 18044102.1 18044103.1 18044104.1 18044105.1 18050101.1 18050102.1 18050103.1 18050104.1 18050105.1 18056101.1 18056102 18056103 18056104 18056105"
General-429-20260803-18:23:50-61703,vector,Florasat_Individual_Sats.terminal[57].dlk.mac,vector_preds_MLP,,,"1.8295399691 15.55083640712 27.80357488758 39.46516313219 50.91816519016 116.70366367023 127.98605869106 138.83893186856 153.17850024138 165.39909807198 231.49273925694 243.23934677174 256.06615541387 270.04435777781 280.23328837008 346.06585627771 360.88537522242 371.59400330972 382.17427205526 392.60952611802 461.06758379727 475.89563231566 486.75885520526 499.77668316569 513.67288932786 576.03604689706 586.68788926676 599.01949687628 612.75026757154 624.93595210254 691.11383416899 701.14040477876 714.37524958257 727.20285366498 738.66158794005","18023701 18023702 18023703 18023704 18023705 18029701 18029702 18029703 18029704 18029705 18035701 18035702 18035703 18035704 18035705 18041701 18041702 18041703 18041704 18041705 18047701 18047702 18047703 18047704 18047705 18053701 18053702 18053703 18053704 18053705 18059701 18059702 18059703 18059704 18059705"
General-429-20260803-18:23:50-61703,vector,Florasat_Individual_Sats.terminal[36].dlk.mac,vector_preds_MLP,,,"1.83025818854 15.18864514376 28.68778010202 43.03350255662 54.90775004682 116.09328599996 127.27623654879 137.30121409986 148.41603732784 161.53357642004 231.36622427707 242.96207847167 255.99170029373 266.89464121335 278.72183826263 346.47234377288 358.73241444188 372.08539181924 385.11697648046 397.73579159937 461.30267948983 476.0005397154 490.4619365572 502.93454622407 513.5033509056 576.37958858022 590.00948418024 602.07744834105 615.86789950005 627.04070791926 691.45093806996 706.00808217865 720.9380384346 734.14271627995 745.43829667358","18021601 18021602 18021603 18021604 18021605 18027601 18027602 18027603 18027604 18027605 18033601 18033602 18033603 18033604 18033605 18039601 18039602 18039603 18039604 18039605 18045601 18045602 18045603 18045604 18045605 18051601 18051602 18051603 18051604 18051605 18057601 18057602 18057603 18057604 18057605"
General-429-20260803-18:23:50-61703,vector,Florasat_Individual_Sats.terminal[58].dlk.mac,vector_preds_MLP,,,"1.84390380327 16.68334951206 27.95360633918 39.12752417429 50.25483086752 116.25384309213 127.46039558086 139.27350686747 153.39451211505 168.255029656 231.87623238028 246.07486219215 257.55989746609 269.88088960014 280.31650388566 346.44762101816 359.6588204999 370.31653083977 381.45317387767 395.15364757739 461.9580345042 473.4291336243 484.15593295823 497.31768589932 507.72863944992 576.63780636131 591.40525884554 601.7783706924 612.85742024519 626.57557387231 691.97088071797 702.15656596539 712.37928932603 723.66424709163 734.89702929929","18023801 18023802 18023803 18023804 18023805 18029801 18029802 18029803 18029804 18029805 18035801 18035802 18035803 18035804 18035805 18041801 18041802 18041803 18041804 18041805 18047801 18047802 18047803 18047804 18047805 18053801 18053802 18053803 18053804 18053805 18059801 18059802 18059803 18059804 18059805"
General-429-20260803-18:23:50-61703,vector,Florasat_Individual_Sats.terminal[44].dlk.mac,vector_preds_MLP,,,"1.8819921494 13.91520774062 25.25222872105 39.52981501539 50.03440362705 116.73891126201 130.18810970382 144.83736303308 157.36405798024 170.82594609027 231.57615227229 242.98606296722 254.20675551822 267.91263131029 279.66843322222 346.2437161156 359.5869558868 371.48844429338 384.71944332518 397.25331783108 461.02996808523 473.98844115948 484.70775572164 495.40585018741 509.39115312463 576.70488633448 587.97554588294 600.6724178791 614.31912121595 629.2227192223 691.01890387456 703.54917950207 714.87592809462 729.52413659404 742.92316804618","18022401 18022402 18022403 18022404 18022405 18028401 18028402 18028403 18028404 18028405 18034401 18034402 18034403 18034404 18034405 18040401 18040402 18040403 18040404 18040405 18046401 18046402 18046403 18046404 18046405 18052401 18052402 18052403 18052404 18052405 18058401 18058402 18058403 18058404 18058405"
General-429-20260803-18:23:50-61703,vector,Florasat_Individual_Sats.terminal[13].dlk.mac,vector_preds_MLP,,,"1.90910200425 14.75571211264 27.06942096422 37.67728911084 49.89002529019 116.93960121926 130.69394061086 145.13690983854 157.4481073951 169.60112346547 231.67335042474 246.06976821646 260.00141548901 270.85318949982 285.51606270113 346.89421674982 357.7428904064 370.6216403509 381.38533212058 393.66565141757 461.61474961811 471.79788824194 483.85749218543 495.42055770662 506.69541789126 576.75188445253 588.93483173451 601.28333200817 613.96124178194 626.8826394726 691.96037285123 703.94092899025 714.74422070407 727.04111598176 738.5184218802","18019301 18019302 18019303 18019304 18019305 18025301 18025302 18025303 18025304 18025305 18031301 18031302 18031303 18031304 18031305 18037301 18037302 18037303 18037304 18037305.1 18043301.1 18043302.1 18043303.1 18043304.1 18043305.1 18049301.1 18049302.1 18049303.1 18049304.1 18049305.1 18055301.1 18055302.1 18055303.1 18055304.1 18055305.1"
General-429-20260803-18:23:50-61703,vector,Florasat_Individual_Sats.terminal[11].dlk.mac,vector_preds_MLP,,,"1.91073534568 14.68087407551 28.23245185102 38.71283395473 51.76091080556 116.39573391248 129.97350164643 140.10882434738 152.01500555687 165.24805796054 231.88738039671 241.94328950345 253.1705767624 266.27382717537 278.67509947251 346.48851662432 356.59563614777 369.19575505913 381.93885632697 392.52233616798 461.70432090457 471.99201755855 483.78289423115 496.24138291623 510.39664090192 576.92104197736 591.39734773827 605.47334624967 618.98508962873 630.05715249153 691.82484858809 703.58040818153 716.07142235874 729.35929608671 741.74744572747","18019101 18019102 18019103 18019104 18019105 18025101 18025102 18025103 18025104 18025105 18031101 18031102 18031103 18031104 18031105 18037101 18037102 18037103 18037104 18037105 18043101 18043102 18043103 18043104 18043105 18049101 18049102 18049103 18049104 18049105 18055101 18055102 18055103 18055104 18055105"
General-429-20260803-18:23:50-61703,vector,Florasat_Individual_Sats.terminal[59].dlk.mac,vector_preds_MLP,,,"1.91737831151 16.86058873706 30.76029768609 42.40044010966 55.29743870883 116.4647216876 128.90603666799 139.83478379459 149.95251176553 162.75180150196 231.52024349151 242.70219243201 256.74000950716 270.80769576784 282.23010375467 346.19172128942 360.71375944163 373.53475903604 384.52417502972 395.78534764448 461.19646478724 475.96671911469 487.91069166549 499.67806686811 512.47325839522 576.93020670046 588.76283939066 603.67092806217 615.66514803166 630.57661265903 691.21957232174 701.6097145311 716.00937065947 727.20230102003 738.2413413322","18023901 18023902 18023903 18023904 18023905 18029901 18029902 18029903 18029904 18029905 18035901 18035902 18035903 18035904 18035905 18041901 18041902 18041903.1 18041904.1 18041905.1 18047901.1 18047902.1 18047903.1 18047904.1 18047905.1 18053901.1 18053902.1 18053903.1 18053904.1 18053905.1 18059901.1 18059902.1 18059903.1 18059904.1 18059905.1"
General-429-20260803-18:23:50-61703,vector,Florasat_Individual_Sats.terminal[0].dlk.mac,vector_preds_MLP,,,"1.9386363416 13.8869448707 26.98233033321 39.51084996946 51.59691112023 116.76598281134 131.16544290097 144.11236909219 155.11445619982 165.58296209202 231.44505247567 245.08073848882 256.92052785983 268.04230759014 280.61404136336 346.4226170273 356.51946013956 370.77693229238 382.21336801815 395.45414837356 461.32466256479 472.32646512892 484.54035625188 494.82022976014 505.88766428852 576.5794951315 590.38992422609 604.850780881 619.0312076474 631.38715776824 691.75952958805 702.97203622805 717.48072847305 728.04586882051 742.85996646783","18018001 18018002 18018003 18018004 18018005 18024001 18024002 18024003 18024004 18024005 18030001 18030002 18030003 18030004 18030005 18036001 18036002 18036003 18036004 18036005 18042001 18042002 18042003 18042004 18042005 18048001 18048002 18048003 18048004 18048005 18054001 18054002 18054003 18054004 18054005"
General-429-20260803-18:23:50-61703,vector,Florasat_Individual_Sats.terminal[54].dlk.mac,vector_preds_MLP,,,"1.95528347092 12.33191238763 24.35573859653 35.73536374071 47.85052525043 116.21761722118 127.08943059645 138.07649849193 148.63177383762 159.81321198844 231.54089575261 246.21963252872 260.35578060406 274.13502246001 288.41253918339 346.86076202244 361.26411862602 371.89471045789 386.1954684211 397.87863495574 461.0790568206 474.35794050107 485.40481939679 498.06239487487 509.5048236486 576.74744535424 591.69029177935 606.34567749058 618.25144688436 630.35090984148 691.92616608134 706.3605530283 718.98334558611 732.65819576592 747.20898152119","18023401 18023402 18023403 18023404 18023405 18029401 18029402 18029403 18029404 18029405 18035401 18035402 18035403 18035404 18035405.1 18041401.1 18041402.1 18041403.1 18041404.1 18041405.1 18047401.1 18047402.1 18047403.1 18047404.1 18047405.1 18053401.1 18053402.1 18053403.1 18053404.1 18053405.1 18059401.1 18059402.1 18059403.1 18059404.1 18059405.1"
General-429-20260803-18:23:50-61703,vector,Florasat_Individual_Sats.terminal[12].dlk.mac,vector_preds_MLP,,,"1.97286793613 14.83282854664 27.28725047898 38.80519277881 53.37950777145 116.16966014192 130.28305778093 141.82544421334 155.22486801538 169.23712107399 231.02952968515 243.652181576 258.56913791573 271.40032084844 284.794178345 346.55450122105 359.56429811567 369.81139075151 380.756330651 390.88588645007 461.39680384821 472.55756331188 487.21684776642 500.7830762309 515.71514452388 576.36815160909 589.20047353767 603.7390908394 616.13578871521 629.3204069701 691.82655294705 703.39782988466 717.24765062728 727.49073526869 742.14415121987","18019201 18019202 18019203 18019204 18019205 18025201 18025202 18025203 18025204 18025205 18031201 18031202 18031203 18031204 18031205 18037201 18037202 18037203 18037204 18037205 18043201 18043202 18043203 18043204 18043205 18049201.1 18049202.1 18049203.1 18049204.1 18049205.1 18055201.1 18055202.1 18055203.1 18055204.1 18055205.1"
General-429-20260803-18:23:50-61703,vector,Florasat_Individual_Sats.terminal[2].dlk.mac,vector_preds_MLP,,,"1.97729337285 12.30208888207 27.15648188162 40.11012038239 52.48283788236 116.22717300802 130.72846053191 141.20720700151 153.79235287918 167.27360854763 231.80085064517 246.71673430618 259.8164490275 272.994252 283.47464126674 346.67649577837 359.27013681852 372.48845162685 385.29313896084 399.94691091124 461.34738091449 473.35818160395 485.95451137703 500.0747824572 512.94377162656 576.11214204342 586.14628386218 598.60017238418 613.35580133601 624.57750553499 691.6304806543 702.42981273843 714.87473565432 727.89985263183 742.38056360672","18018201 18018202 18018203 18018204 18018205 18024201 18024202 18024203 18024204 18024205 18030201 18030202 18030203 18030204 18030205 18036201 18036202 18036203 18036204 18036205 18042201 18042202 18042203 18042204 18042205 18048201 18048202 18048203 18048204 18048205 18054201 18054202 18054203 18054204 18054205"
General-429-20260803-18:23:50-61703,vector,Florasat_Individual_Sats.terminal[28].dlk.mac,vector_preds_MLP,,,"1.97851230996 13.25430486608 24.6910659005 39.50053086295 52.69561496354 116.07058116375 127.60800823011 138.76586535736 153.13558230898 163.98177285585 231.65376002085 242.32300307019 253.39436140959 265.93438385054 279.25123281078 346.66920394776 358.74138235021 373.66072444152 386.22689114674 400.06969229924 461.38068845752 473.53707597498 487.51791270939 501.38035694743 514.13460362493 576.00187775539 588.20397327048 600.59606074564 614.05706637631 626.40232204319 691.84069167357 702.45196404052 715.61395547236 725.96122918534 738.69479928282","18020801 18020802 18020803 18020804 18020805 18026801 18026802 18026803 18026804 18026805 18032801 18032802 18032803 18032804 18032805 18038801 18038802 18038803 18038804 18038805 18044801 18044802 18044803 18044804 18044805 18050801 18050802 18050803 18050804 18050805 18056801 18056802 18056803 18056804 18056805"
General-429-20260803-18:23:50-61703,vector,Florasat_Individual_Sats.satellite[0].dlkDSL.mac,VectorTransmitMethod_ReceptionResult,,,"25.57294193157 27.44173348358 38.28807220038 40.15035786121 49.69724968858 52.52274578152 52.72004207655 53.6180589573 118.04612358686 127.94015905274 128.79531787326 129.94095877282 130.33909151138 131.10375668937 138.63439745888 141.51982659421 142.2861100551 143.37029255311 143.64150434736 153.02209700145 156.09409162838 156.53992127129 157.45901824561 165.37727490802 167.85460026669 168.36293446429 169.12890651695 231.58845721528 232.37848675315 232.66705201323 233.01239655124 242.53313756984 242.67818677508 243.34782864902 244.21776580358 247.17832274399 254.77581206676 255.57543403123 256.43857696181 267.76335631617 268.59666145956 269.42301316041 272.52569477553 279.07266937978 280.59311261288 280.6689696302 284.194294105 285.80199101022 287.25908605212 289.20306718339 347.35325977546 347.87970713925 358.30129082305 359.2898988488 360.2420750101 361.98512843464 369.32134851734 371.23172817904 371.84611198891 373.40118577442 375.67175452368 375.81961606786 379.53481874631 380.19824142139 381.2937218164 382.1434281193 383.36844093505 383.53617729319 384.92128245154 385.15588147649 386.14892280431 386.9859964211 387.75885824038 387.86502302185 392.27050372203 393.23361049725 394.45617941757 395.82639152737 396.43432573651 396.57587564448 397.68367927045 398.66916295574 400.22570352795 401.48935589165 471.76185211067 476.75724711469 482.37689430959 484.64802018543 485.88257424956 486.19534739679 487.127181508 487.19926456845 491.02594637049 493.43754226825 496.21108570662 496.30613463888 498.64043063292 499.00894547258 499.12651997449 499.47844783764 500.40406249038 501.24893226747 502.04203036767 507.48594589126 507.91559207094 508.37077206018 509.80630262045 512.57477181302 513.03137771243 515.56381481087 589.55336739066 590.72340759206 591.94235292104 591.9919311508 599.61021229526 601.40546511583 602.07386000817 602.39154109818 603.03437205002 604.42803685036 607.13620549058 614.09008577223 615.72113604242 616.57201271521 617.2945188111 619.04197488436 625.29560063121 628.0355796365 628.42038959138 629.7566309701 631.36714065903 632.11604932876 707.4060020957 712.90089576309 715.89373431172 716.32116918957 720.74542189137 731.94588399505 732.49225273616 737.36188702325 745.42953069464 747.99950952119","18020003 18022903 18022904 18022704 18020005 18019805 18022905 18022705 18028601 18025902 18028902 18028602 18025802 18028702 18025903 18028803 18025803 18028903 18028603 18025904 18028804 18028704 18028604 18025905 18028705 18028805 18028905 18031801 18034801 18031901 18034601 18034802 18034902 18034602 18031902 18032002 18031903 18034603 18034803 18034604 18031904 18034804 18032004 18031905 18034605 18034805 18032305 18032005 18032505 18035405 18038201 18040601 18038202 18038302 18041502 18040602 18040503 18041503 18038103 18038303 18040603 18041303 18041104 18040504 18041504 18038504 18038204 18038104 18038304 18038604 18040604 18041404 18041304 18038904 18041505 18041105 18037305 18038305 18040605 18041905 18038205 18041405 18038905 18041305 18044302 18047902 18044303 18043303 18047003 18047403 18047503 18044503 18046303 18044304 18043304 18047004 18044504 18047604 18047104 18047504 18047304 18046304 18044604 18043305 18047005 18044305 18047505 18044605 18047105 18046305 18053902 18050602 18050902 18053502 18053303 18050403 18049303 18050503 18052303 18050303 18053403 18050604 18050904 18049204 18052304 18053404 18050505 18050905 18050605 18049205 18053905 18052305 18059602 18059203 18056903 18059303 18059603 18056604 18059604 18059305 18056405 18059405"
General-429-20260803-18:23:50-61703,vector,Florasat_Individual_Sats.satellite[0].dlkDSL.mac,Satellite Position when Repetition Received,,,"25.57294193157 27.44173348358 38.28807220038 40.15035786121 49.69724968858 52.52274578152 52.72004207655 53.6180589573 118.04612358686 127.94015905274 128.79531787326 129.94095877282 130.33909151138 131.10375668937 138.63439745888 141.51982659421 142.2861100551 143.37029255311 143.64150434736 153.02209700145 156.09409162838 156.53992127129 157.45901824561 165.37727490802 167.85460026669 168.36293446429 169.12890651695 231.58845721528 232.37848675315 232.66705201323 233.01239655124 242.53313756984 242.67818677508 243.34782864902 244.21776580358 247.17832274399 254.77581206676 255.57543403123 256.43857696181 267.76335631617 268.59666145956 269.42301316041 272.52569477553 279.07266937978 280.59311261288 280.6689696302 284.194294105 285.80199101022 287.25908605212 289.20306718339 347.35325977546 347.87970713925 358.30129082305 359.2898988488 360.2420750101 361.98512843464 369.32134851734 371.23172817904 371.84611198891 373.40118577442 375.67175452368 375.81961606786 379.53481874631 380.19824142139 381.2937218164 382.1434281193 383.36844093505 383.53617729319 384.92128245154 385.15588147649 386.14892280431 386.9859964211 387.75885824038 387.86502302185 392.27050372203 393.23361049725 394.45617941757 395.82639152737 396.43432573651 396.57587564448 397.68367927045 398.66916295574 400.22570352795 401.48935589165 471.76185211067 476.75724711469 482.37689430959 484.64802018543 485.88257424956 486.19534739679 487.127181508 487.19926456845 491.02594637049 493.43754226825 496.21108570662 496.30613463888 498.64043063292 499.00894547258 499.12651997449 499.47844783764 500.40406249038 501.24893226747 502.04203036767 507.48594589126 507.91559207094 508.37077206018 509.80630262045 512.57477181302 513.03137771243 515.56381481087 589.55336739066 590.72340759206 591.94235292104 591.9919311508 599.61021229526 601.40546511583 602.07386000817 602.39154109818 603.03437205002 604.42803685036 607.13620549058 614.09008577223 615.72113604242 616.57201271521 617.2945188111 619.04197488436 625.29560063121 628.0355796365 628.42038959138 629.7566309701 631.36714065903 632.11604932876 707.4060020957 712.90089576309 715.89373431172 716.32116918957 720.74542189137 731.94588399505 732.49225273616 737.36188702325 745.42953069464 747.99950952119","180 180 180 180 180 180 180 180 180 180 180 180 180 180 180 180 180 180 180 180 180 180 180 180 180 180 180 180 180 180 180 180 180 180 180 180 180 180 180 180 180 180 180 180 180 180 180 180 180 180 180 180 180 180 180 180 180 180 180 180 180 180 180 180 180 180 180 180 180 180 180 180 180 180 180 180 180 180 180 180 180 180 180 180 180 180 180 180 180 180 180 180 180 180 180 180 180 180 180 180 180 180 180 180 180 180 180 180 180 180 180 180 180 180 180 180 180 180 180 180 180 180 180 180 180 180 180 180 180 180 180 180 180 180 180 180 180 180 180 180 180 180"
General-429-20260803-18:23:50-61703,vector,Florasat_Individual_Sats.satellite[0].dlkDSL.mac,Repetition Position for Node 388 at Satellite,,,"25.57294193157 49.69724968858 247.17832274399 272.52569477553 285.80199101022","180 180 180 180 180"
General-429-20260803-18:23:50-61703,vector,Florasat_Individual_Sats.satellite[0].dlkDSL.mac,All Nodes Repetition Generation Delay at Satellite,,,"25.57294193157 27.44173348358 38.28807220038 40.15035786121 49.69724968858 52.52274578152 52.72004207655 53.6180589573 118.04612358686 127.94015905274 128.79531787326 129.94095877282 130.33909151138 131.10375668937 138.63439745888 141.51982659421 142.2861100551 143.37029255311 143.64150434736 153.02209700145 156.09409162838 156.53992127129 157.45901824561 165.37727490802 167.85460026669 168.36293446429 169.12890651695 231.58845721528 232.37848675315 232.66705201323 233.01239655124 242.53313756984 242.67818677508 243.34782864902 244.21776580358 247.17832274399 254.77581206676 255.57543403123 256.43857696181 267.76335631617 268.59666145956 269.42301316041 272.52569477553 279.07266937978 280.59311261288 280.6689696302 284.194294105 285.80199101022 287.25908605212 289.20306718339 347.35325977546 347.87970713925 358.30129082305 359.2898988488 360.2420750101 361.98512843464 369.32134851734 371.23172817904 371.84611198891 373.40118577442 375.67175452368 375.81961606786 379.53481874631 380.19824142139 381.2937218164 382.1434281193 383.36844093505 383.53617729319 384.92128245154 385.15588147649 386.14892280431 386.9859964211 387.75885824038 387.86502302185 392.27050372203 393.23361049725 394.45617941757 395.82639152737 396.43432573651 396.57587564448 397.68367927045 398.66916295574 400.22570352795 401.48935589165 471.76185211067 476.75724711469 482.37689430959 484.64802018543 485.88257424956 486.19534739679 487.127181508 487.19926456845 491.02594637049 493.43754226825 496.21108570662 496.30613463888 498.64043063292 499.00894547258 499.12651997449 499.47844783764 500.40406249038 501.24893226747 502.04203036767 507.48594589126 507.91559207094 508.37077206018 509.80630262045 512.57477181302 513.03137771243 515.56381481087 589.55336739066 590.72340759206 591.94235292104 591.9919311508 599.61021229526 601.40546511583 602.07386000817 602.39154109818 603.03437205002 604.42803685036 607.13620549058 614.09008577223 615.72113604242 616.57201271521 617.2945188111 619.04197488436 625.29560063121 628.0355796365 628.42038959138 629.7566309701 631.36714065903 632.11604932876 707.4060020957 712.90089576309 715.89373431172 716.32116918957 720.74542189137 731.94588399505 732.49225273616 737.36188702325 745.42953069464 747.99950952119","24.57294193157 26.44173348358 37.28807220038 39.15035786121 48.69724968858 51.52274578152 51.72004207655 52.6180589573 2.04612358686 11.94015905274 12.79531787326 13.94095877282 14.33909151138 15.10375668937 22.63439745888 25.51982659421 26.2861100551 27.37029255311 27.64150434736 37.02209700145 40.09409162838 40.53992127129 41.45901824561 49.37727490802 51.85460026669 52.36293446429 53.12890651695 0.58845721527999 1.37848675315 1.66705201323 2.01239655124 11.53313756984 11.67818677508 12.34782864902 13.21776580358 16.17832274399 23.77581206676 24.57543403123 25.43857696181 36.76335631617 37.59666145956 38.42301316041 41.52569477553 48.07266937978 49.59311261288 49.6689696302 53.194294105 54.80199101022 56.25908605212 58.20306718339 1.35325977546 1.87970713925 12.30129082305 13.2898988488 14.2420750101 15.98512843464 23.32134851734 25.23172817904 25.84611198891 27.40118577442 29.67175452368 29.81961606786 33.53481874631 34.19824142139 35.2937218164 36.1434281193 37.36844093505 37.53617729319 38.92128245154 39.15588147649 40.14892280431 40.9859964211 41.75885824038 41.86502302185 46.27050372203 47.23361049725 48.45617941757 49.82639152737 50.43432573651 50.57587564448 51.68367927045 52.66916295574 54.22570352795 55.48935589165 10.76185211067 15.75724711469 21.37689430959 23.64802018543 24.88257424956 25.19534739679 26.127181508 26.19926456845 30.02594637049 32.43754226825 35.21108570662 35.30613463888 37.64043063292 38.00894547258 38.12651997449 38.47844783764 39.40406249038 40.24893226747 41.04203036767 46.48594589126 46.91559207094 47.37077206018 48.80630262045 51.57477181302 52.03137771243 54.56381481087 13.55336739066 14.72340759206 15.94235292104 15.9919311508 23.61021229526 25.40546511583 26.07386000817 26.39154109818 27.03437205002 28.42803685036 31.13620549058 38.09008577223 39.72113604242 40.57201271521 41.2945188111 43.04197488436 49.29560063121 52.0355796365 52.42038959138 53.7566309701 55.36714065903 56.11604932876 16.4060020957 21.90089576309 24.89373431172 25.32116918957 29.74542189137 40.94588399505 41.49225273616 46.36188702325 54.42953069464 56.99950952119"
General-429-20260803-18:23:50-61703,vector,Florasat_Individual_Sats.satellite[0].dlkDSL.mac,Repetition Generation Delay for Node 388 at Satellite,,,"25.57294193157 49.69724968858 247.17832274399 272.52569477553 285.80199101022","24.57294193157 48.69724968858 16.17832274399 41.52569477553 54.80199101022"
General-429-20260803-18:23:50-61703,vector,Florasat_Individual_Sats.satellite[0].dlkDSL.mac,Successful Repetition Number counted for MAC protocol,,,"25.57294193157 27.44173348358 40.15035786121 52.52274578152 118.04612358686 127.94015905274 128.79531787326 130.33909151138 131.10375668937 141.51982659421 231.58845721528 232.37848675315 232.66705201323 233.01239655124 242.67818677508 247.17832274399 284.194294105 287.25908605212 289.20306718339 347.35325977546 347.87970713925 359.2898988488 360.2420750101 369.32134851734 371.84611198891 375.81961606786 379.53481874631 382.1434281193 385.15588147649 386.9859964211 387.86502302185 394.45617941757 396.57587564448 471.76185211067 476.75724711469 484.64802018543 485.88257424956 486.19534739679 487.127181508 487.19926456845 491.02594637049 499.00894547258 499.12651997449 500.40406249038 502.04203036767 589.55336739066 590.72340759206 591.94235292104 591.9919311508 599.61021229526 601.40546511583 602.07386000817 602.39154109818 603.03437205002 604.42803685036 607.13620549058 616.57201271521 707.4060020957 712.90089576309 715.89373431172 716.32116918957 731.94588399505 745.42953069464 747.99950952119","3 3 4 5 1 2 2 2 2 3 1 1 1 1 2 2 5 5 5 1 1 2 2 3 3 3 4 4 4 4 4 5 5 2 2 3 3 3 3 3 3 4 4 4 4 2 2 2 2 3 3 3 3 3 3 3 4 2 3 3 3 4 5 5"
General-429-20260803-18:23:50-61703,vector,Florasat_Individual_Sats.satellite[0].dlkDSL.mac,Successful Repetition Number counted for the Model,,,"25.57294193157 27.44173348358 40.15035786121 52.52274578152 118.04612358686 127.94015905274 128.79531787326 130.33909151138 131.10375668937 141.51982659421 231.58845721528 232.37848675315 232.66705201323 233.01239655124 242.67818677508 247.17832274399 284.194294105 287.25908605212 289.20306718339 347.35325977546 347.87970713925 359.2898988488 360.2420750101 369.32134851734 371.84611198891 375.81961606786 379.53481874631 382.1434281193 385.15588147649 386.9859964211 387.86502302185 394.45617941757 396.57587564448 471.76185211067 476.75724711469 484.64802018543 485.88257424956 486.19534739679 487.127181508 487.19926456845 491.02594637049 499.00894547258 499.12651997449 500.40406249038 502.04203036767 589.55336739066 590.72340759206 591.94235292104 591.9919311508 599.61021229526 601.40546511583 602.07386000817 602.39154109818 603.03437205002 604.42803685036 607.13620549058 616.57201271521 707.4060020957 712.90089576309 715.89373431172 716.32116918957 731.94588399505 745.42953069464 747.99950952119","3 3 4 5 1 2 2 2 2 3 1 1 1 1 2 2 1 1 1 1 1 2 2 2 1 3 4 4 2 4 2 1 3 2 2 3 3 3 3 3 3 2 4 4 4 2 2 2 2 3 3 3 3 3 3 3 4 2 3 3 3 4 5 5"
General-429-20260803-18:23:50-61703,vector,Florasat_Individual_Sats.satellite[0].dlkDSL.mac,All Nodes Message Generation Delay at Satellite,,,"25.57294193157 27.44173348358 40.15035786121 52.52274578152 118.04612358686 127.94015905274 128.79531787326 130.33909151138 131.10375668937 141.51982659421 231.58845721528 232.37848675315 232.66705201323 233.01239655124 242.67818677508 247.17832274399 284.194294105 287.25908605212 289.20306718339 347.35325977546 347.87970713925 359.2898988488 360.2420750101 369.32134851734 371.84611198891 375.81961606786 379.53481874631 382.1434281193 385.15588147649 386.9859964211 387.86502302185 394.45617941757 396.57587564448 471.76185211067 476.75724711469 484.64802018543 485.88257424956 486.19534739679 487.127181508 487.19926456845 491.02594637049 499.00894547258 499.12651997449 500.40406249038 502.04203036767 589.55336739066 590.72340759206 591.94235292104 591.9919311508 599.61021229526 601.40546511583 602.07386000817 602.39154109818 603.03437205002 604.42803685036 607.13620549058 616.57201271521 707.4060020957 712.90089576309 715.89373431172 716.32116918957 731.94588399505 745.42953069464 747.99950952119","24.57294193157 26.44173348358 39.15035786121 51.52274578152 2.04612358686 11.94015905274 12.79531787326 14.33909151138 15.10375668937 25.51982659421 0.58845721527999 1.37848675315 1.66705201323 2.01239655124 11.67818677508 16.17832274399 53.194294105 56.25908605212 58.20306718339 1.35325977546 1.87970713925 13.2898988488 14.2420750101 23.32134851734 25.84611198891 29.81961606786 33.53481874631 36.1434281193 39.15588147649 40.9859964211 41.86502302185 48.45617941757 50.57587564448 10.76185211067 15.75724711469 23.64802018543 24.88257424956 25.19534739679 26.127181508 26.19926456845 30.02594637049 38.00894547258 38.12651997449 39.40406249038 41.04203036767 13.55336739066 14.72340759206 15.94235292104 15.9919311508 23.61021229526 25.40546511583 26.07386000817 26.39154109818 27.03437205002 28.42803685036 31.13620549058 40.57201271521 16.4060020957 21.90089576309 24.89373431172 25.32116918957 40.94588399505 54.42953069464 56.99950952119"
General-429-20260803-18:23:50-61703,vector,Florasat_Individual_Sats.satellite[0].dlkDSL.mac,Message Generation Delay for Node 388 at Satellite,,,"25.57294193157 247.17832274399","24.57294193157 16.17832274399"
General-429-20260803-18:23:50-61703,vector,Florasat_Individual_Sats.satellite[0].net.packetHandler,packets received,,,"25.57294193157 27.44173348358 38.28807220038 40.15035786121 49.69724968858 52.52274578152 52.72004207655 53.6180589573 118.04612358686 127.94015905274 128.79531787326 129.94095877282 130.33909151138 131.10375668937 138.63439745888 141.51982659421 142.2861100551 143.37029255311 143.64150434736 153.02209700145 156.09409162838 156.53992127129 157.45901824561 165.37727490802 167.85460026669 168.36293446429 169.12890651695 231.58845721528 232.37848675315 232.66705201323 233.01239655124 242.53313756984 242.67818677508 243.34782864902 244.21776580358 247.17832274399 254.77581206676 255.57543403123 256.43857696181 267.76335631617 268.59666145956 269.42301316041 272.52569477553 279.07266937978 280.59311261288 280.6689696302 284.194294105 285.80199101022 287.25908605212 289.20306718339 347.35325977546 347.87970713925 358.30129082305 359.2898988488 360.2420750101 361.98512843464 369.32134851734 371.23172817904 371.84611198891 373.40118577442 375.67175452368 375.81961606786 379.53481874631 380.19824142139 381.2937218164 382.1434281193 383.36844093505 383.53617729319 384.92128245154 385.15588147649 386.14892280431 386.9859964211 387.75885824038 387.86502302185 392.27050372203 393.23361049725 394.45617941757 395.82639152737 396.43432573651 396.57587564448 397.68367927045 398.66916295574 400.22570352795 401.48935589165 471.76185211067 476.75724711469 482.37689430959 484.64802018543 485.88257424956 486.19534739679 487.127181508 487.19926456845 491.02594637049 493.43754226825 496.21108570662 496.30613463888 498.64043063292 499.00894547258 499.12651997449 499.47844783764 500.40406249038 501.24893226747 502.04203036767 507.48594589126 507.91559207094 508.37077206018 509.80630262045 512.57477181302 513.03137771243 515.56381481087 589.55336739066 590.72340759206 591.94235292104 591.9919311508 599.61021229526 601.40546511583 602.07386000817 602.39154109818 603.03437205002 604.42803685036 607.13620549058 614.09008577223 615.72113604242 616.57201271521 617.2945188111 619.04197488436 625.29560063121 628.0355796365 628.42038959138 629.7566309701 631.36714065903 632.11604932876 707.4060020957 712.90089576309 715.89373431172 716.32116918957 720.74542189137 731.94588399505 732.49225273616 737.36188702325 745.42953069464 747.99950952119","1 2 3 4 5 6 7 8 9 10 11 12 13 14 15 16 17 18 19 20 21 22 23 24 25 26 27 28 29 30 31 32 33 34 35 36 37 38 39 40 41 42 43 44 45 46 47 48 49 50 51 52 53 54 55 56 57 58 59 60 61 62 63 64 65 66 67 68 69 70 71 72 73 74 75 76 77 78 79 80 81 82 83 84 85 86 87 88 89 90 91 92 93 94 95 96 97 98 99 100 101 102 103 104 105 106 107 108 109 110 111 112 113 114 115 116 117 118 119 120 121 122 123 124 125 126 127 128 129 130 131 132 133 134 135 136 137 138 139 140 141 142"
General-429-20260803-18:23:50-61703,vector,Florasat_Individual_Sats.satellite[0].net.packetHandler,dropped unroutable,,,"25.57294193157 27.44173348358 38.28807220038 40.15035786121 49.69724968858 52.52274578152 52.72004207655 53.6180589573 118.04612358686 127.94015905274 128.79531787326 129.94095877282 130.33909151138 131.10375668937 138.63439745888 141.51982659421 142.2861100551 143.37029255311 143.64150434736 153.02209700145 156.09409162838 156.53992127129 157.45901824561 165.37727490802 167.85460026669 168.36293446429 169.12890651695 231.58845721528 232.37848675315 232.66705201323 233.01239655124 242.53313756984 242.67818677508 243.34782864902 244.21776580358 247.17832274399 254.77581206676 255.57543403123 256.43857696181 267.76335631617 268.59666145956 269.42301316041 272.52569477553 279.07266937978 280.59311261288 280.6689696302 284.194294105 285.80199101022 287.25908605212 289.20306718339 347.35325977546 347.87970713925 358.30129082305 359.2898988488 360.2420750101 361.98512843464 369.32134851734 371.23172817904 371.84611198891 373.40118577442 375.67175452368 375.81961606786 379.53481874631 380.19824142139 381.2937218164 382.1434281193 383.36844093505 383.53617729319 384.92128245154 385.15588147649 386.14892280431 386.9859964211 387.75885824038 387.86502302185 392.27050372203 393.23361049725 394.45617941757 395.82639152737 396.43432573651 396.57587564448 397.68367927045 398.66916295574 400.22570352795 401.48935589165 471.76185211067 476.75724711469 482.37689430959 484.64802018543 485.88257424956 486.19534739679 487.127181508 487.19926456845 491.02594637049 493.43754226825 496.21108570662 496.30613463888 498.64043063292 499.00894547258 499.12651997449 499.47844783764 500.40406249038 501.24893226747 502.04203036767 507.48594589126 507.91559207094 508.37077206018 509.80630262045 512.57477181302 513.03137771243 515.56381481087 589.55336739066 590.72340759206 591.94235292104 591.9919311508 599.61021229526 601.40546511583 602.07386000817 602.39154109818 603.03437205002 604.42803685036 607.13620549058 614.09008577223 615.72113604242 616.57201271521 617.2945188111 619.04197488436 625.29560063121 628.0355796365 628.42038959138 629.7566309701 631.36714065903 632.11604932876 707.4060020957 712.90089576309 715.89373431172 716.32116918957 720.74542189137 731.94588399505 732.49225273616 737.36188702325 745.42953069464 747.99950952119","1 2 3 4 5 6 7 8 9 10 11 12 13 14 15 16 17 18 19 20 21 22 23 24 25 26 27 28 29 30 31 32 33 34 35 36 37 38 39 40 41 42 43 44 45 46 47 48 49 50 51 52 53 54 55 56 57 58 59 60 61 62 63 64 65 66 67 68 69 70 71 72 73 74 75 76 77 78 79 80 81 82 83 84 85 86 87 88 89 90 91 92 93 94 95 96 97 98 99 100 101 102 103 104 105 106 107 108 109 110 111 112 113 114 115 116 117 118 119 120 121 122 123 124 125 126 127 128 129 130 131 132 133 134 135 136 137 138 139 140 141 142"
General-429-20260803-18:23:50-61703,vector,Florasat_Individual_Sats.satellite[0].net.packetHandler,packets dropped,,,"25.57294193157 27.44173348358 38.28807220038 40.15035786121 49.69724968858 52.52274578152 52.72004207655 53.6180589573 118.04612358686 127.94015905274 128.79531787326 129.94095877282 130.33909151138 131.10375668937 138.63439745888 141.51982659421 142.2861100551 143.37029255311 143.64150434736 153.02209700145 156.09409162838 156.53992127129 157.45901824561 165.37727490802 167.85460026669 168.36293446429 169.12890651695 231.58845721528 232.37848675315 232.66705201323 233.01239655124 242.53313756984 242.67818677508 243.34782864902 244.21776580358 247.17832274399 254.77581206676 255.57543403123 256.43857696181 267.76335631617 268.59666145956 269.42301316041 272.52569477553 279.07266937978 280.59311261288 280.6689696302 284.194294105 285.80199101022 287.25908605212 289.20306718339 347.35325977546 347.87970713925 358.30129082305 359.2898988488 360.2420750101 361.98512843464 369.32134851734 371.23172817904 371.84611198891 373.40118577442 375.67175452368 375.81961606786 379.53481874631 380.19824142139 381.2937218164 382.1434281193 383.36844093505 383.53617729319 384.92128245154 385.15588147649 386.14892280431 386.9859964211 387.75885824038 387.86502302185 392.27050372203 393.23361049725 394.45617941757 395.82639152737 396.43432573651 396.57587564448 397.68367927045 398.66916295574 400.22570352795 401.48935589165 471.76185211067 476.75724711469 482.37689430959 484.64802018543 485.88257424956 486.19534739679 487.127181508 487.19926456845 491.02594637049 493.43754226825 496.21108570662 496.30613463888 498.64043063292 499.00894547258 499.12651997449 499.47844783764 500.40406249038 501.24893226747 502.04203036767 507.48594589126 507.91559207094 508.37077206018 509.80630262045 512.57477181302 513.03137771243 515.56381481087 589.55336739066 590.72340759206 591.94235292104 591.9919311508 599.61021229526 601.40546511583 602.07386000817 602.39154109818 603.03437205002 604.42803685036 607.13620549058 614.09008577223 615.72113604242 616.57201271521 617.2945188111 619.04197488436 625.29560063121 628.0355796365 628.42038959138 629.7566309701 631.36714065903 632.11604932876 707.4060020957 712.90089576309 715.89373431172 716.32116918957 720.74542189137 731.94588399505 732.49225273616 737.36188702325 745.42953069464 747.99950952119","1 2 3 4 5 6 7 8 9 10 11 12 13 14 15 16 17 18 19 20 21 22 23 24 25 26 27 28 29 30 31 32 33 34 35 36 37 38 39 40 41 42 43 44 45 46 47 48 49 50 51 52 53 54 55 56 57 58 59 60 61 62 63 64 65 66 67 68 69 70 71 72 73 74 75 76 77 78 79 80 81 82 83 84 85 86 87 88 89 90 91 92 93 94 95 96 97 98 99 100 101 102 103 104 105 106 107 108 109 110 111 112 113 114 115 116 117 118 119 120 121 122 123 124 125 126 127 128 129 130 131 132 133 134 135 136 137 138 139 140 141 142"
General-429-20260803-18:23:50-61703,vector,Florasat_Individual_Sats.satellite[0].dlkDSL.mac,Repetition Position for Node 823 at Satellite,,,"27.44173348358 38.28807220038 52.72004207655 128.79531787326 143.37029255311 169.12890651695 242.67818677508","180 180 180 180 180 180 180"
General-429-20260803-18:23:50-61703,vector,Florasat_Individual_Sats.satellite[0].dlkDSL.mac,Repetition Generation Delay for Node 823 at Satellite,,,"27.44173348358 38.28807220038 52.72004207655 128.79531787326 143.37029255311 169.12890651695 242.67818677508","26.44173348358 37.28807220038 51.72004207655 12.79531787326 27.37029255311 53.12890651695 11.67818677508"
General-429-20260803-18:23:50-61703,vector,Florasat_Individual_Sats.satellite[0].dlkDSL.mac,Message Generation Delay for Node 823 at Satellite,,,"27.44173348358 128.79531787326 242.67818677508","26.44173348358 12.79531787326 11.67818677508"
General-429-20260803-18:23:50-61703,vector,Florasat_Individual_Sats.satellite[0].dlkDSL.mac,Repetition Position for Node 793 at Satellite,,,"40.15035786121 53.6180589573 131.10375668937 156.53992127129 167.85460026669","180 180 180 180 180"
General-429-20260803-18:23:50-61703,vector,Florasat_Individual_Sats.satellite[0].dlkDSL.mac,Repetition Generation Delay for Node 793 at Satellite,,,"40.15035786121 53.6180589573 131.10375668937 156.53992127129 167.85460026669","39.15035786121 52.6180589573 15.10375668937 40.53992127129 51.85460026669"
General-429-20260803-18:23:50-61703,vector,Florasat_Individual_Sats.satellite[0].dlkDSL.mac,Message Generation Delay for Node 793 at Satellite,,,"40.15035786121 131.10375668937","39.15035786121 15.10375668937"
General-429-20260803-18:23:50-61703,vector,Florasat_Individual_Sats.satellite[0].dlkDSL.mac,Repetition Position for Node 358 at Satellite,,,"52.52274578152 130.33909151138 142.2861100551 231.58845721528","180 180 180 180"
General-429-20260803-18:23:50-61703,vector,Florasat_Individual_Sats.satellite[0].dlkDSL.mac,Repetition Generation Delay for Node 358 at Satellite,,,"52.52274578152 130.33909151138 142.2861100551 231.58845721528","51.52274578152 14.33909151138 26.2861100551 0.58845721527999"
General-429-20260803-18:23:50-61703,vector,Florasat_Individual_Sats.satellite[0].dlkDSL.mac,Message Generation Delay for Node 358 at Satellite,,,"52.52274578152 130.33909151138 231.58845721528","51.52274578152 14.33909151138 0.58845721527999"
General-429-20260803-18:23:50-61703,vector,Florasat_Individual_Sats.satellite[0].dlkDSL.mac,Repetition Position for Node 778 at Satellite,,,"118.04612358686 129.94095877282 143.64150434736 157.45901824561 233.01239655124 243.34782864902 255.57543403123 267.76335631617 280.59311261288 347.87970713925 361.98512843464 375.67175452368 386.14892280431 396.43432573651","180 180 180 180 180 180 180 180 180 180 180 180 180 180"
General-429-20260803-18:23:50-61703,vector,Florasat_Individual_Sats.satellite[0].dlkDSL.mac,Repetition Generation Delay for Node 778 at Satellite,,,"118.04612358686 129.94095877282 143.64150434736 157.45901824561 233.01239655124 243.34782864902 255.57543403123 267.76335631617 280.59311261288 347.87970713925 361.98512843464 375.67175452368 386.14892280431 396.43432573651","2.04612358686 13.94095877282 27.64150434736 41.45901824561 2.01239655124 12.34782864902 24.57543403123 36.76335631617 49.59311261288 1.87970713925 15.98512843464 29.67175452368 40.14892280431 50.43432573651"
General-429-20260803-18:23:50-61703,vector,Florasat_Individual_Sats.satellite[0].dlkDSL.mac,Message Generation Delay for Node 778 at Satellite,,,"118.04612358686 233.01239655124 347.87970713925","2.04612358686 2.01239655124 1.87970713925"
General-429-20260803-18:23:50-61703,vector,Florasat_Individual_Sats.satellite[0].dlkDSL.mac,Repetition Position for Node 373 at Satellite,,,"127.94015905274 138.63439745888 153.02209700145 165.37727490802 232.66705201323 244.21776580358 254.77581206676 268.59666145956 279.07266937978","180 180 180 180 180 180 180 180 180"
General-429-20260803-18:23:50-61703,vector,Florasat_Individual_Sats.satellite[0].dlkDSL.mac,Repetition Generation Delay for Node 373 at Satellite,,,"127.94015905274 138.63439745888 153.02209700145 165.37727490802 232.66705201323 244.21776580358 254.77581206676 268.59666145956 279.07266937978","11.94015905274 22.63439745888 37.02209700145 49.37727490802 1.66705201323 13.21776580358 23.77581206676 37.59666145956 48.07266937978"
General-429-20260803-18:23:50-61703,vector,Florasat_Individual_Sats.satellite[0].dlkDSL.mac,Message Generation Delay for Node 373 at Satellite,,,"127.94015905274 232.66705201323","11.94015905274 1.66705201323"
General-429-20260803-18:23:50-61703,vector,Florasat_Individual_Sats.satellite[0].dlkDSL.mac,Repetition Position for Node 808 at Satellite,,,"141.51982659421 156.09409162838 168.36293446429 232.37848675315 242.53313756984 256.43857696181 269.42301316041 280.6689696302","180 180 180 180 180 180 180 180"
General-429-20260803-18:23:50-61703,vector,Florasat_Individual_Sats.satellite[0].dlkDSL.mac,Repetition Generation Delay for Node 808 at Satellite,,,"141.51982659421 156.09409162838 168.36293446429 232.37848675315 242.53313756984 256.43857696181 269.42301316041 280.6689696302","25.51982659421 40.09409162838 52.36293446429 1.37848675315 11.53313756984 25.43857696181 38.42301316041 49.6689696302"
General-429-20260803-18:23:50-61703,vector,Florasat_Individual_Sats.satellite[0].dlkDSL.mac,Message Generation Delay for Node 808 at Satellite,,,"141.51982659421 232.37848675315","25.51982659421 1.37848675315"
General-429-20260803-18:23:50-61703,vector,Florasat_Individual_Sats.satellite[0].dlkDSL.mac,Repetition Position for Node 433 at Satellite,,,"284.194294105 359.2898988488 373.40118577442 384.92128245154 395.82639152737 471.76185211067 482.37689430959 493.43754226825 508.37077206018 604.42803685036","180 180 180 180 180 180 180 180 180 180"
General-429-20260803-18:23:50-61703,vector,Florasat_Individual_Sats.satellite[0].dlkDSL.mac,Repetition Generation Delay for Node 433 at Satellite,,,"284.194294105 359.2898988488 373.40118577442 384.92128245154 395.82639152737 471.76185211067 482.37689430959 493.43754226825 508.37077206018 604.42803685036","53.194294105 13.2898988488 27.40118577442 38.92128245154 49.82639152737 10.76185211067 21.37689430959 32.43754226825 47.37077206018 28.42803685036"
General-429-20260803-18:23:50-61703,vector,Florasat_Individual_Sats.satellite[0].dlkDSL.mac,Message Generation Delay for Node 433 at Satellite,,,"284.194294105 359.2898988488 471.76185211067 604.42803685036","53.194294105 13.2898988488 10.76185211067 28.42803685036"
General-429-20260803-18:23:50-61703,vector,Florasat_Individual_Sats.satellite[0].dlkDSL.mac,Repetition Position for Node 463 at Satellite,,,"287.25908605212 382.1434281193 487.19926456845 498.64043063292 602.39154109818 625.29560063121","180 180 180 180 180 180"
General-429-20260803-18:23:50-61703,vector,Florasat_Individual_Sats.satellite[0].dlkDSL.mac,Repetition Generation Delay for Node 463 at Satellite,,,"287.25908605212 382.1434281193 487.19926456845 498.64043063292 602.39154109818 625.29560063121","56.25908605212 36.1434281193 26.19926456845 37.64043063292 26.39154109818 49.29560063121"
General-429-20260803-18:23:50-61703,vector,Florasat_Individual_Sats.satellite[0].dlkDSL.mac,Message Generation Delay for Node 463 at Satellite,,,"287.25908605212 382.1434281193 487.19926456845 602.39154109818","56.25908605212 36.1434281193 26.19926456845 26.39154109818"
General-429-20260803-18:23:50-61703,vector,Florasat_Individual_Sats.satellite[0].dlkDSL.mac,Repetition Position for Node 898 at Satellite,,,"289.20306718339 386.9859964211 398.66916295574 486.19534739679 607.13620549058 619.04197488436 747.99950952119","180 180 180 180 180 180 180"
General-429-20260803-18:23:50-61703,vector,Florasat_Individual_Sats.satellite[0].dlkDSL.mac,Repetition Generation Delay for Node 898 at Satellite,,,"289.20306718339 386.9859964211 398.66916295574 486.19534739679 607.13620549058 619.04197488436 747.99950952119","58.20306718339 40.9859964211 52.66916295574 25.19534739679 31.13620549058 43.04197488436 56.99950952119"
General-429-20260803-18:23:50-61703,vector,Florasat_Individual_Sats.satellite[0].dlkDSL.mac,Message Generation Delay for Node 898 at Satellite,,,"289.20306718339 386.9859964211 486.19534739679 607.13620549058 747.99950952119","58.20306718339 40.9859964211 25.19534739679 31.13620549058 56.99950952119"
General-429-20260803-18:23:50-61703,vector,Florasat_Individual_Sats.satellite[0].dlkDSL.mac,Repetition Position for Node 418 at Satellite,,,"347.35325977546 358.30129082305 383.36844093505 397.68367927045","180 180 180 180"
General-429-20260803-18:23:50-61703,vector,Florasat_Individual_Sats.satellite[0].dlkDSL.mac,Repetition Generation Delay for Node 418 at Satellite,,,"347.35325977546 358.30129082305 383.36844093505 397.68367927045","1.35325977546 12.30129082305 37.36844093505 51.68367927045"
General-429-20260803-18:23:50-61703,vector,Florasat_Individual_Sats.satellite[0].dlkDSL.mac,Message Generation Delay for Node 418 at Satellite,,,"347.35325977546","1.35325977546"
General-429-20260803-18:23:50-61703,vector,Florasat_Individual_Sats.satellite[0].dlkDSL.mac,Repetition Position for Node 913 at Satellite,,,"360.2420750101 371.23172817904 381.2937218164 392.27050372203 487.127181508 499.47844783764 509.80630262045 591.9919311508","180 180 180 180 180 180 180 180"
General-429-20260803-18:23:50-61703,vector,Florasat_Individual_Sats.satellite[0].dlkDSL.mac,Repetition Generation Delay for Node 913 at Satellite,,,"360.2420750101 371.23172817904 381.2937218164 392.27050372203 487.127181508 499.47844783764 509.80630262045 591.9919311508","14.2420750101 25.23172817904 35.2937218164 46.27050372203 26.127181508 38.47844783764 48.80630262045 15.9919311508"
General-429-20260803-18:23:50-61703,vector,Florasat_Individual_Sats.satellite[0].dlkDSL.mac,Message Generation Delay for Node 913 at Satellite,,,"360.2420750101 487.127181508 591.9919311508","14.2420750101 26.127181508 15.9919311508"
General-429-20260803-18:23:50-61703,vector,Florasat_Individual_Sats.satellite[0].dlkDSL.mac,Repetition Position for Node 763 at Satellite,,,"369.32134851734 380.19824142139","180 180"
General-429-20260803-18:23:50-61703,vector,Florasat_Individual_Sats.satellite[0].dlkDSL.mac,Repetition Generation Delay for Node 763 at Satellite,,,"369.32134851734 380.19824142139","23.32134851734 34.19824142139"
General-429-20260803-18:23:50-61703,vector,Florasat_Individual_Sats.satellite[0].dlkDSL.mac,Message Generation Delay for Node 763 at Satellite,,,"369.32134851734","23.32134851734"
General-429-20260803-18:23:50-61703,vector,Florasat_Individual_Sats.satellite[0].dlkDSL.mac,Repetition Position for Node 403 at Satellite,,,"371.84611198891 383.53617729319","180 180"
General-429-20260803-18:23:50-61703,vector,Florasat_Individual_Sats.satellite[0].dlkDSL.mac,Repetition Generation Delay for Node 403 at Satellite,,,"371.84611198891 383.53617729319","25.84611198891 37.53617729319"
General-429-20260803-18:23:50-61703,vector,Florasat_Individual_Sats.satellite[0].dlkDSL.mac,Message Generation Delay for Node 403 at Satellite,,,"371.84611198891","25.84611198891"
General-429-20260803-18:23:50-61703,vector,Florasat_Individual_Sats.satellite[0].dlkDSL.mac,Repetition Position for Node 883 at Satellite,,,"375.81961606786 387.75885824038 401.48935589165 500.40406249038 599.61021229526 716.32116918957 737.36188702325","180 180 180 180 180 180 180"
General-429-20260803-18:23:50-61703,vector,Florasat_Individual_Sats.satellite[0].dlkDSL.mac,Repetition Generation Delay for Node 883 at Satellite,,,"375.81961606786 387.75885824038 401.48935589165 500.40406249038 599.61021229526 716.32116918957 737.36188702325","29.81961606786 41.75885824038 55.48935589165 39.40406249038 23.61021229526 25.32116918957 46.36188702325"
General-429-20260803-18:23:50-61703,vector,Florasat_Individual_Sats.satellite[0].dlkDSL.mac,Message Generation Delay for Node 883 at Satellite,,,"375.81961606786 500.40406249038 599.61021229526 716.32116918957","29.81961606786 39.40406249038 23.61021229526 25.32116918957"
General-429-20260803-18:23:50-61703,vector,Florasat_Individual_Sats.satellite[0].dlkDSL.mac,Repetition Position for Node 853 at Satellite,,,"379.53481874631 393.23361049725 499.12651997449 513.03137771243","180 180 180 180"
General-429-20260803-18:23:50-61703,vector,Florasat_Individual_Sats.satellite[0].dlkDSL.mac,Repetition Generation Delay for Node 853 at Satellite,,,"379.53481874631 393.23361049725 499.12651997449 513.03137771243","33.53481874631 47.23361049725 38.12651997449 52.03137771243"
General-429-20260803-18:23:50-61703,vector,Florasat_Individual_Sats.satellite[0].dlkDSL.mac,Message Generation Delay for Node 853 at Satellite,,,"379.53481874631 499.12651997449","33.53481874631 38.12651997449"
General-429-20260803-18:23:50-61703,vector,Florasat_Individual_Sats.satellite[0].dlkDSL.mac,Repetition Position for Node 478 at Satellite,,,"385.15588147649 502.04203036767 512.57477181302 590.72340759206 614.09008577223 628.42038959138 731.94588399505","180 180 180 180 180 180 180"
General-429-20260803-18:23:50-61703,vector,Florasat_Individual_Sats.satellite[0].dlkDSL.mac,Repetition Generation Delay for Node 478 at Satellite,,,"385.15588147649 502.04203036767 512.57477181302 590.72340759206 614.09008577223 628.42038959138 731.94588399505","39.15588147649 41.04203036767 51.57477181302 14.72340759206 38.09008577223 52.42038959138 40.94588399505"
General-429-20260803-18:23:50-61703,vector,Florasat_Individual_Sats.satellite[0].dlkDSL.mac,Message Generation Delay for Node 478 at Satellite,,,"385.15588147649 502.04203036767 590.72340759206 731.94588399505","39.15588147649 41.04203036767 14.72340759206 40.94588399505"
General-429-20260803-18:23:50-61703,vector,Florasat_Individual_Sats.satellite[0].dlkDSL.mac,Repetition Position for Node 523 at Satellite,,,"387.86502302185 400.22570352795 591.94235292104 615.72113604242 628.0355796365 715.89373431172","180 180 180 180 180 180"
General-429-20260803-18:23:50-61703,vector,Florasat_Individual_Sats.satellite[0].dlkDSL.mac,Repetition Generation Delay for Node 523 at Satellite,,,"387.86502302185 400.22570352795 591.94235292104 615.72113604242 628.0355796365 715.89373431172","41.86502302185 54.22570352795 15.94235292104 39.72113604242 52.0355796365 24.89373431172"
General-429-20260803-18:23:50-61703,vector,Florasat_Individual_Sats.satellite[0].dlkDSL.mac,Message Generation Delay for Node 523 at Satellite,,,"387.86502302185 591.94235292104 715.89373431172","41.86502302185 15.94235292104 24.89373431172"
General-429-20260803-18:23:50-61703,vector,Florasat_Individual_Sats.satellite[0].dlkDSL.mac,Repetition Position for Node 283 at Satellite,,,"394.45617941757 484.64802018543 496.21108570662 507.48594589126 602.07386000817","180 180 180 180 180"
General-429-20260803-18:23:50-61703,vector,Florasat_Individual_Sats.satellite[0].dlkDSL.mac,Repetition Generation Delay for Node 283 at Satellite,,,"394.45617941757 484.64802018543 496.21108570662 507.48594589126 602.07386000817","48.45617941757 23.64802018543 35.21108570662 46.48594589126 26.07386000817"
General-429-20260803-18:23:50-61703,vector,Florasat_Individual_Sats.satellite[0].dlkDSL.mac,Message Generation Delay for Node 283 at Satellite,,,"394.45617941757 484.64802018543 602.07386000817","48.45617941757 23.64802018543 26.07386000817"
General-429-20260803-18:23:50-61703,vector,Florasat_Individual_Sats.satellite[0].dlkDSL.mac,Repetition Position for Node 973 at Satellite,,,"396.57587564448 476.75724711469 589.55336739066 631.36714065903","180 180 180 180"
General-429-20260803-18:23:50-61703,vector,Florasat_Individual_Sats.satellite[0].dlkDSL.mac,Repetition Generation Delay for Node 973 at Satellite,,,"396.57587564448 476.75724711469 589.55336739066 631.36714065903","50.57587564448 15.75724711469 13.55336739066 55.36714065903"
General-429-20260803-18:23:50-61703,vector,Florasat_Individual_Sats.satellite[0].dlkDSL.mac,Message Generation Delay for Node 973 at Satellite,,,"396.57587564448 476.75724711469 589.55336739066","50.57587564448 15.75724711469 13.55336739066"
General-429-20260803-18:23:50-61703,vector,Florasat_Individual_Sats.satellite[0].dlkDSL.mac,Repetition Position for Node 838 at Satellite,,,"485.88257424956 496.30613463888 507.91559207094","180 180 180"
General-429-20260803-18:23:50-61703,vector,Florasat_Individual_Sats.satellite[0].dlkDSL.mac,Repetition Generation Delay for Node 838 at Satellite,,,"485.88257424956 496.30613463888 507.91559207094","24.88257424956 35.30613463888 46.91559207094"
General-429-20260803-18:23:50-61703,vector,Florasat_Individual_Sats.satellite[0].dlkDSL.mac,Message Generation Delay for Node 838 at Satellite,,,"485.88257424956","24.88257424956"
General-429-20260803-18:23:50-61703,vector,Florasat_Individual_Sats.satellite[0].dlkDSL.mac,Repetition Position for Node 733 at Satellite,,,"491.02594637049 501.24893226747 515.56381481087 603.03437205002 617.2945188111 632.11604932876","180 180 180 180 180 180"
General-429-20260803-18:23:50-61703,vector,Florasat_Individual_Sats.satellite[0].dlkDSL.mac,Repetition Generation Delay for Node 733 at Satellite,,,"491.02594637049 501.24893226747 515.56381481087 603.03437205002 617.2945188111 632.11604932876","30.02594637049 40.24893226747 54.56381481087 27.03437205002 41.2945188111 56.11604932876"
General-429-20260803-18:23:50-61703,vector,Florasat_Individual_Sats.satellite[0].dlkDSL.mac,Message Generation Delay for Node 733 at Satellite,,,"491.02594637049 603.03437205002","30.02594637049 27.03437205002"
General-429-20260803-18:23:50-61703,vector,Florasat_Individual_Sats.satellite[0].dlkDSL.mac,Repetition Position for Node 928 at Satellite,,,"499.00894547258 707.4060020957 720.74542189137 732.49225273616","180 180 180 180"
General-429-20260803-18:23:50-61703,vector,Florasat_Individual_Sats.satellite[0].dlkDSL.mac,Repetition Generation Delay for Node 928 at Satellite,,,"499.00894547258 707.4060020957 720.74542189137 732.49225273616","38.00894547258 16.4060020957 29.74542189137 41.49225273616"
General-429-20260803-18:23:50-61703,vector,Florasat_Individual_Sats.satellite[0].dlkDSL.mac,Message Generation Delay for Node 928 at Satellite,,,"499.00894547258 707.4060020957","38.00894547258 16.4060020957"
General-429-20260803-18:23:50-61703,vector,Florasat_Individual_Sats.satellite[0].dlkDSL.mac,Repetition Position for Node 448 at Satellite,,,"601.40546511583 745.42953069464","180 180"
General-429-20260803-18:23:50-61703,vector,Florasat_Individual_Sats.satellite[0].dlkDSL.mac,Repetition Generation Delay for Node 448 at Satellite,,,"601.40546511583 745.42953069464","25.40546511583 54.42953069464"
General-429-20260803-18:23:50-61703,vector,Florasat_Individual_Sats.satellite[0].dlkDSL.mac,Message Generation Delay for Node 448 at Satellite,,,"601.40546511583 745.42953069464","25.40546511583 54.42953069464"
General-429-20260803-18:23:50-61703,vector,Florasat_Individual_Sats.satellite[0].dlkDSL.mac,Repetition Position for Node 268 at Satellite,,,"616.57201271521 629.7566309701","180 180"
General-429-20260803-18:23:50-61703,vector,Florasat_Individual_Sats.satellite[0].dlkDSL.mac,Repetition Generation Delay for Node 268 at Satellite,,,"616.57201271521 629.7566309701","40.57201271521 53.7566309701"
General-429-20260803-18:23:50-61703,vector,Florasat_Individual_Sats.satellite[0].dlkDSL.mac,Message Generation Delay for Node 268 at Satellite,,,"616.57201271521","40.57201271521"
General-429-20260803-18:23:50-61703,vector,Florasat_Individual_Sats.satellite[0].dlkDSL.mac,Repetition Position for Node 868 at Satellite,,,"712.90089576309","180"
General-429-20260803-18:23:50-61703,vector,Florasat_Individual_Sats.satellite[0].dlkDSL.mac,Repetition Generation Delay for Node 868 at Satellite,,,"712.90089576309","21.90089576309"
General-429-20260803-18:23:50-61703,vector,Florasat_Individual_Sats.satellite[0].dlkDSL.mac,Message Generation Delay for Node 868 at Satellite,,,"712.90089576309","21.90089576309"
