pid,time,srcId,dstId,srcSat,dstSat,latDev,longDev,loraTP,loraCF,loraSF,loraBW,loraCR,satId,elevSat,doppler,rcvOk,minPowerdBm,sensitivitydBm,duration
236392, 1.55909, 39, -1,-1,-1,45.5509,21.6869,0.015849,8.68e+08,10,125000,1,0,-8.68694,20179,0,-139.282,-133,0.436224
236394, 1.56345, 24, -1,-1,-1,48.8042,9.34343,0.025119,8.68e+08,10,125000,1,0,-7.81659,19368,0,-137.01,-133,0.436224
236396, 1.56681, 22, -1,-1,-1,51.4039,9.10098,0.019953,8.68e+08,10,125000,1,0,-5.86566,19261.8,0,-137.384,-133,0.436224
236423, 1.73954, 35, -1,-1,-1,43.0379,25.6615,0.019953,8.68e+08,10,125000,1,0,-10.1213,20032.1,0,-138.726,-133,0.436224
236430, 1.80666, 41, -1,-1,-1,58.2688,24.8952,0.025119,8.68e+08,10,125000,1,0,2.89312,20335,0,-133.476,-133,0.436224
236432, 1.8731, 19, -1,-1,-1,39.2054,-0.944952,0.015849,8.68e+08,11,125000,1,0,-15.7832,17992.5,0,-141.378,-135,0.790528
236454, 2.02398, 48, -1,-1,-1,57.3759,11.2263,0.015849,8.68e+08,10,125000,1,0,-0.438074,19157.8,0,-136.589,-133,0.436224
236461, 2.10052, 6, -1,-1,-1,58.7446,14.9011,0.015849,8.68e+08,11,125000,1,0,1.55246,19525.5,0,-135.923,-135,0.790528
236468, 2.12975, 8, -1,-1,-1,60.2786,11.8187,0.015849,8.68e+08,10,125000,1,0,2.49486,18889.6,0,-135.61,-133,0.436224
236470, 2.13052, 45, -1,-1,-1,50.3904,22.374,0.025119,8.68e+08,10,125000,1,0,-4.7985,20313,0,-136.035,-133,0.436224
236472, 2.19468, 46, -1,-1,-1,52.8958,29.0093,0.015849,8.68e+08,11,125000,1,0,-1.84364,20290.9,0,-137.057,-135,0.790528
236474, 2.19686, 30, -1,-1,-1,51.4066,20.2801,0.015849,8.68e+08,10,125000,1,0,-4.22192,20260.5,0,-137.846,-133,0.436224
236501, 2.39932, 20, -1,-1,-1,38.6376,-10.9667,0.025119,8.68e+08,11,125000,1,0,-17.4498,16154.8,0,-139.831,-135,0.790528
236503, 2.49478, 57, -1,-1,-1,34.4409,34.819,0.015849,8.68e+08,10,125000,1,0,-15.351,18801.1,0,-141.253,-133,0.436224
236510, 2.54501, 42, -1,-1,-1,57.9034,23.4627,0.025119,8.68e+08,10,125000,1,0,2.3124,20294.1,0,-133.669,-133,0.436224
236532, 2.64563, 43, -1,-1,-1,53.287,23.7311,0.019953,8.68e+08,10,125000,1,0,-2.1076,20364.1,0,-136.145,-133,0.436224
236549, 2.72271, 4, -1,-1,-1,41.1415,14.3884,0.025119,8.68e+08,10,125000,1,0,-12.5808,19748.7,0,-138.465,-133,0.436224
236551, 2.72769, 29, -1,-1,-1,52.7683,18.5141,0.019953,8.68e+08,11,125000,1,0,-3.30719,20160.9,0,-136.544,-135,0.790528
236568, 2.83891, 38, -1,-1,-1,46.6514,16.8355,0.025119,8.68e+08,12,125000,1,0,-8.42354,20041.5,0,-137.2,-137,1.58106
236595, 3.01594, 37, -1,-1,-1,40.5376,22.945,0.025119,8.68e+08,10,125000,1,0,-12.0905,19949.8,0,-138.319,-133,0.436224
236597, 3.02022, 40, -1,-1,-1,60.9756,22.8199,0.019953,8.68e+08,10,125000,1,0,5.66302,20063.8,0,-133.564,-133,0.436224
236599, 3.05154, 28, -1,-1,-1,56.8935,12.7001,0.015849,8.68e+08,11,125000,1,0,-0.57305,19398.1,0,-136.634,-135,0.790528
236601, 3.0519, 0, -1,-1,-1,50.9975,-0.836329,0.019953,8.68e+08,10,125000,1,0,-7.66028,17627.7,0,-137.962,-133,0.436224
236608, 3.10254, 21, -1,-1,-1,42.7768,-8.93559,0.015849,8.68e+08,10,125000,1,0,-14.5116,16444.7,0,-141.026,-133,0.436224
236610, 3.12453, 52, -1,-1,-1,40.5674,33.2068,0.019953,8.68e+08,12,125000,1,0,-11.2752,19387.6,0,-139.075,-137,1.58106
236617, 3.13274, 33, -1,-1,-1,48.4983,18.9946,0.019953,8.68e+08,12,125000,1,0,-6.73893,20178.2,0,-137.665,-137,1.58106
236634, 3.2694, 53, -1,-1,-1,63.3677,-20.5267,0.019953,8.68e+08,12,125000,1,0,-1.62817,10524.1,0,-135.991,-137,1.58106
236636, 3.31875, 27, -1,-1,-1,51.1796,4.80986,0.015849,8.68e+08,11,125000,1,0,-6.63576,18620.4,0,-138.634,-135,0.790528
236643, 3.36305, 51, -1,-1,-1,41.1184,27.7906,0.015849,8.68e+08,11,125000,1,0,-11.2506,19831.7,0,-140.068,-135,0.790528
236645, 3.40937, 12, -1,-1,-1,54.913,-1.85238,0.025119,8.68e+08,10,125000,1,0,-4.83205,17036.8,0,-136.049,-133,0.436224
236647, 3.4687, 3, -1,-1,-1,39.3525,-4.27633,0.015849,8.68e+08,12,125000,1,0,-16.0957,17423.9,0,-141.465,-137,1.58106
236649, 3.48136, 16, -1,-1,-1,44.9358,4.6114,0.019953,8.68e+08,11,125000,1,0,-11.1806,18784.6,0,-139.051,-135,0.790528
236661, 3.53473, 7, -1,-1,-1,49.8595,17.3781,0.015849,8.68e+08,12,125000,1,0,-5.85756,20101.8,0,-138.38,-137,1.58106
236663, 3.54045, 55, -1,-1,-1,28.1932,-17.432,0.019953,8.68e+08,12,125000,1,0,-24.5377,14855.1,0,-142.56,-137,1.58106
236665, 3.57211, 25, -1,-1,-1,47.35,6.57833,0.025119,8.68e+08,10,125000,1,0,-9.18401,19016.4,0,-137.439,-133,0.436224
236672, 3.62653, 49, -1,-1,-1,46.1161,7.79982,0.019953,8.68e+08,11,125000,1,0,-9.91236,19196.3,0,-138.664,-135,0.790528
236674, 3.7066, 10, -1,-1,-1,28.3922,30.4743,0.025119,8.68e+08,11,125000,1,0,-19.4603,18775.3,0,-140.343,-135,0.790528
236691, 3.8168, 15, -1,-1,-1,46.4275,5.27678,0.019953,8.68e+08,12,125000,1,0,-10.0647,18862.4,0,-138.712,-137,1.58106
236693, 3.87555, 26, -1,-1,-1,46.6423,9.83152,0.015849,8.68e+08,12,125000,1,0,-9.28423,19438.3,0,-139.47,-137,1.58106
236695, 3.88301, 44, -1,-1,-1,49.9843,31.8509,0.025119,8.68e+08,11,125000,1,0,-4.02361,19997,0,-135.779,-135,0.790528
236712, 3.91767, 32, -1,-1,-1,51.0548,15.679,0.015849,8.68e+08,11,125000,1,0,-5.07391,19963.8,0,-138.126,-135,0.790528
236719, 4.02309, 1, -1,-1,-1,49.3433,4.02696,0.019953,8.68e+08,11,125000,1,0,-8.09917,18574.7,0,-138.1,-135,0.790528
236721, 4.14966, 17, -1,-1,-1,51.1746,0.474538,0.025119,8.68e+08,11,125000,1,0,-7.28821,17851.8,0,-136.843,-135,0.790528
236723, 4.23603, 18, -1,-1,-1,40.1886,3.38354,0.019953,8.68e+08,10,125000,1,0,-14.4866,18607.2,0,-140.016,-133,0.436224
236725, 4.25572, 50, -1,-1,-1,39.6135,14.146,0.019953,8.68e+08,12,125000,1,0,-13.624,19677.8,0,-139.768,-137,1.58106
236727, 4.29746, 59, -1,-1,-1,70.5782,23.1906,0.015849,8.68e+08,11,125000,1,0,21.2889,17203.9,0,-130.066,-135,0.790528
236729, 4.34517, 13, -1,-1,-1,56.1471,-3.21172,0.019953,8.68e+08,10,125000,1,0,-4.05506,16556.2,0,-136.794,-133,0.436224
236731, 4.34958, 47, -1,-1,-1,61.5463,6.00261,0.015849,8.68e+08,12,125000,1,0,2.557,17578.4,0,-135.589,-137,1.58106
236733, 4.35675, 34, -1,-1,-1,46.0916,17.4756,0.025119,8.68e+08,12,125000,1,0,-8.68993,20052.7,0,-137.283,-137,1.58106
236735, 4.4183, 2, -1,-1,-1,54.1874,12.6163,0.025119,8.68e+08,10,125000,1,0,-2.89167,19548.5,0,-135.407,-133,0.436224
236737, 4.46307, 5, -1,-1,-1,50.8916,5.95756,0.015849,8.68e+08,12,125000,1,0,-6.6609,18811.5,0,-138.641,-137,1.58106
236739, 4.53934, 14, -1,-1,-1,53.6396,-5.90614,0.025119,8.68e+08,11,125000,1,0,-6.48349,16289.9,0,-136.586,-135,0.790528
236741, 4.54978, 56, -1,-1,-1,35.9437,14.8854,0.015849,8.68e+08,11,125000,1,0,-15.9149,19551,0,-141.411,-135,0.790528
236743, 4.57808, 31, -1,-1,-1,53.6944,18.0178,0.019953,8.68e+08,12,125000,1,0,-2.52051,20101.6,0,-136.283,-137,1.58106
236745, 4.57996, 54, -1,-1,-1,32.8604,-15.6934,0.025119,8.68e+08,12,125000,1,0,-21.5417,15213.3,0,-140.866,-137,1.58106
236747, 4.67947, 58, -1,-1,-1,61.527,-8.14045,0.019953,8.68e+08,11,125000,1,0,-0.537562,14276.2,0,-135.625,-135,0.790528
236749, 4.70153, 11, -1,-1,-1,57.3201,37.6516,0.025119,8.68e+08,11,125000,1,0,3.80386,19584.9,0,-133.173,-135,0.790528
236751, 4.75779, 36, -1,-1,-1,42.449,24.9,0.015849,8.68e+08,12,125000,1,0,-10.5317,20009.4,0,-139.851,-137,1.58106
236753, 5.07851, 9, -1,-1,-1,37.2508,22.8773,0.019953,8.68e+08,12,125000,1,0,-14.2937,19762.4,0,-139.958,-137,1.58106
236755, 5.17193, 23, -1,-1,-1,52.7669,10.7089,0.019953,8.68e+08,12,125000,1,0,-4.40564,19385.3,0,-136.907,-137,1.58106
236767, 12.699, 57, -1,-1,-1,34.4409,34.819,0.015849,8.68e+08,10,125000,1,0,-14.9471,18702.4,0,-141.139,-133,0.436224
236774, 13.3814, 45, -1,-1,-1,50.3904,22.374,0.025119,8.68e+08,10,125000,1,0,-4.20113,20221.4,0,-135.838,-133,0.436224
236801, 13.9425, 7, -1,-1,-1,49.8595,17.3781,0.015849,8.68e+08,12,125000,1,0,-5.32806,20011.8,0,-138.207,-137,1.58106
236813, 14.0674, 42, -1,-1,-1,57.9034,23.4627,0.025119,8.68e+08,10,125000,1,0,3.10852,20168.4,0,-133.404,-133,0.436224
236815, 14.2481, 25, -1,-1,-1,47.35,6.57833,0.025119,8.68e+08,10,125000,1,0,-8.71195,18895.8,0,-137.291,-133,0.436224
236827, 14.4279, 48, -1,-1,-1,57.3759,11.2263,0.015849,8.68e+08,10,125000,1,0,0.281382,18968.4,0,-136.348,-133,0.436224
236829, 14.4322, 22, -1,-1,-1,51.4039,9.10098,0.019953,8.68e+08,10,125000,1,0,-5.23957,19108,0,-137.18,-133,0.436224
236831, 14.6016, 27, -1,-1,-1,51.1796,4.80986,0.015849,8.68e+08,11,125000,1,0,-6.1171,18464.1,0,-138.466,-135,0.790528
236838, 14.9892, 50, -1,-1,-1,39.6135,14.146,0.019953,8.68e+08,12,125000,1,0,-13.1692,19594.2,0,-139.636,-137,1.58106
236845, 15.0659, 58, -1,-1,-1,61.527,-8.14045,0.019953,8.68e+08,11,125000,1,0,-0.098812,13918.6,0,-135.477,-135,0.790528
236847, 15.381, 8, -1,-1,-1,60.2786,11.8187,0.015849,8.68e+08,10,125000,1,0,3.35034,18642.7,0,-135.325,-133,0.436224
236854, 15.4321, 36, -1,-1,-1,42.449,24.9,0.015849,8.68e+08,12,125000,1,0,-10.0468,19928.8,0,-139.702,-137,1.58106
236856, 15.464, 30, -1,-1,-1,51.4066,20.2801,0.015849,8.68e+08,10,125000,1,0,-3.50567,20146.5,0,-137.608,-133,0.436224
236878, 15.8322, 0, -1,-1,-1,50.9975,-0.836329,0.019953,8.68e+08,10,125000,1,0,-7.11967,17415,0,-137.789,-133,0.436224
236885, 15.8382, 33, -1,-1,-1,48.4983,18.9946,0.019953,8.68e+08,12,125000,1,0,-6.10432,20075.2,0,-137.459,-137,1.58106
236887, 16.0232, 2, -1,-1,-1,54.1874,12.6163,0.025119,8.68e+08,10,125000,1,0,-2.26216,19407.9,0,-135.197,-133,0.436224
236889, 16.0402, 13, -1,-1,-1,56.1471,-3.21172,0.019953,8.68e+08,10,125000,1,0,-3.54297,16289.1,0,-136.624,-133,0.436224
236896, 16.1169, 12, -1,-1,-1,54.913,-1.85238,0.025119,8.68e+08,10,125000,1,0,-4.27213,16775,0,-135.865,-133,0.436224
236898, 16.549, 24, -1,-1,-1,48.8042,9.34343,0.025119,8.68e+08,10,125000,1,0,-7.11871,19206.6,0,-136.787,-133,0.436224
236900, 16.6127, 6, -1,-1,-1,58.7446,14.9011,0.015849,8.68e+08,11,125000,1,0,2.48616,19311.1,0,-135.611,-135,0.790528
236902, 17.4184, 5, -1,-1,-1,50.8916,5.95756,0.015849,8.68e+08,12,125000,1,0,-6.05861,18640.4,0,-138.446,-137,1.58106
236930, 18.3843, 59, -1,-1,-1,70.5782,23.1906,0.015849,8.68e+08,11,125000,1,0,23.4769,16451.4,1,-129.546,-135,0.790528
236937, 18.9416, 19, -1,-1,-1,39.2054,-0.944952,0.015849,8.68e+08,11,125000,1,0,-15.142,17792.3,0,-141.2,-135,0.790528
236939, 19.1113, 29, -1,-1,-1,52.7683,18.5141,0.019953,8.68e+08,11,125000,1,0,-2.39825,20006.8,0,-136.241,-135,0.790528
236946, 19.5235, 49, -1,-1,-1,46.1161,7.79982,0.019953,8.68e+08,11,125000,1,0,-9.21159,19029.1,0,-138.447,-135,0.790528
236948, 19.5931, 35, -1,-1,-1,43.0379,25.6615,0.019953,8.68e+08,10,125000,1,0,-9.3005,19894.7,0,-138.471,-133,0.436224
236950, 19.6022, 9, -1,-1,-1,37.2508,22.8773,0.019953,8.68e+08,12,125000,1,0,-13.6797,19655.2,0,-139.781,-137,1.58106
236957, 19.9416, 52, -1,-1,-1,40.5674,33.2068,0.019953,8.68e+08,12,125000,1,0,-10.5444,19229.4,0,-138.852,-137,1.58106
236959, 20.1464, 40, -1,-1,-1,60.9756,22.8199,0.019953,8.68e+08,10,125000,1,0,7.04189,19820.5,0,-133.118,-133,0.436224
236976, 20.8596, 37, -1,-1,-1,40.5376,22.945,0.025119,8.68e+08,10,125000,1,0,-11.3025,19817.4,0,-138.083,-133,0.436224
237003, 21.3549, 28, -1,-1,-1,56.8935,12.7001,0.015849,8.68e+08,11,125000,1,0,0.504283,19136.8,0,-136.273,-135,0.790528
237025, 22.1295, 17, -1,-1,-1,51.1746,0.474538,0.025119,8.68e+08,11,125000,1,0,-6.50828,17558.9,0,-136.592,-135,0.790528
237042, 22.3385, 44, -1,-1,-1,49.9843,31.8509,0.025119,8.68e+08,11,125000,1,0,-3.02877,19815.5,0,-135.449,-135,0.790528
237044, 22.4062, 31, -1,-1,-1,53.6944,18.0178,0.019953,8.68e+08,12,125000,1,0,-1.5056,19923.4,0,-135.944,-137,1.58106
237056, 22.5713, 46, -1,-1,-1,52.8958,29.0093,0.015849,8.68e+08,11,125000,1,0,-0.639616,20098.6,0,-136.653,-135,0.790528
237058, 22.6026, 18, -1,-1,-1,40.1886,3.38354,0.019953,8.68e+08,10,125000,1,0,-13.7592,18412.6,0,-139.807,-133,0.436224
237060, 22.6138, 47, -1,-1,-1,61.5463,6.00261,0.015849,8.68e+08,12,125000,1,0,3.65631,17111.9,0,-135.224,-137,1.58106
237062, 22.6321, 32, -1,-1,-1,51.0548,15.679,0.015849,8.68e+08,11,125000,1,0,-4.10025,19784,0,-137.805,-135,0.790528
237064, 22.7031, 15, -1,-1,-1,46.4275,5.27678,0.019953,8.68e+08,12,125000,1,0,-9.24928,18643.4,0,-138.459,-137,1.58106
237066, 22.7356, 53, -1,-1,-1,63.3677,-20.5267,0.019953,8.68e+08,12,125000,1,0,-1.06469,9669.06,0,-135.801,-137,1.58106
237068, 22.7998, 38, -1,-1,-1,46.6514,16.8355,0.025119,8.68e+08,12,125000,1,0,-7.47013,19877.8,0,-136.897,-137,1.58106
237080, 23.0282, 54, -1,-1,-1,32.8604,-15.6934,0.025119,8.68e+08,12,125000,1,0,-20.983,14933.7,0,-140.729,-137,1.58106
237082, 23.0937, 51, -1,-1,-1,41.1184,27.7906,0.015849,8.68e+08,11,125000,1,0,-10.3708,19673.1,0,-139.8,-135,0.790528
237089, 23.2313, 20, -1,-1,-1,38.6376,-10.9667,0.025119,8.68e+08,11,125000,1,0,-16.7619,15836.8,0,-139.645,-135,0.790528
237091, 23.3025, 43, -1,-1,-1,53.287,23.7311,0.019953,8.68e+08,10,125000,1,0,-0.893661,20178.3,0,-135.738,-133,0.436224
237098, 23.5806, 41, -1,-1,-1,58.2688,24.8952,0.025119,8.68e+08,10,125000,1,0,4.46479,20088.8,0,-132.955,-133,0.436224
237100, 23.7358, 3, -1,-1,-1,39.3525,-4.27633,0.015849,8.68e+08,12,125000,1,0,-15.3614,17160,0,-141.261,-137,1.58106
237107, 23.788, 14, -1,-1,-1,53.6396,-5.90614,0.025119,8.68e+08,11,125000,1,0,-5.70999,15867.5,0,-136.335,-135,0.790528
237109, 24.0853, 23, -1,-1,-1,52.7669,10.7089,0.019953,8.68e+08,12,125000,1,0,-3.43233,19153.2,0,-136.585,-137,1.58106
237116, 24.8893, 7, -1,-1,-1,49.8595,17.3781,0.015849,8.68e+08,12,125000,1,0,-4.76202,19913.3,0,-138.022,-137,1.58106
237123, 25.1438, 48, -1,-1,-1,57.3759,11.2263,0.015849,8.68e+08,10,125000,1,0,0.917482,18794.2,0,-136.134,-133,0.436224
237130, 25.3675, 26, -1,-1,-1,46.6423,9.83152,0.015849,8.68e+08,12,125000,1,0,-8.30883,19222.3,0,-139.163,-137,1.58106
237132, 25.5909, 39, -1,-1,-1,45.5509,21.6869,0.015849,8.68e+08,10,125000,1,0,-7.53455,19994.8,0,-138.916,-133,0.436224
237139, 25.8598, 10, -1,-1,-1,28.3922,30.4743,0.025119,8.68e+08,11,125000,1,0,-18.6134,18582.8,0,-140.125,-135,0.790528
237141, 26.2792, 4, -1,-1,-1,41.1415,14.3884,0.025119,8.68e+08,10,125000,1,0,-11.558,19560.6,0,-138.16,-133,0.436224
237168, 26.7645, 45, -1,-1,-1,50.3904,22.374,0.025119,8.68e+08,10,125000,1,0,-3.47538,20107.1,0,-135.597,-133,0.436224
237180, 27.2867, 1, -1,-1,-1,49.3433,4.02696,0.019953,8.68e+08,11,125000,1,0,-7.06461,18259.5,0,-137.77,-135,0.790528
237182, 27.2912, 16, -1,-1,-1,44.9358,4.6114,0.019953,8.68e+08,11,125000,1,0,-10.1767,18511.9,0,-138.744,-135,0.790528
237184, 27.3393, 21, -1,-1,-1,42.7768,-8.93559,0.015849,8.68e+08,10,125000,1,0,-13.6695,16052.8,0,-140.784,-133,0.436224
237186, 27.8386, 56, -1,-1,-1,35.9437,14.8854,0.015849,8.68e+08,11,125000,1,0,-14.9576,19372.8,0,-141.144,-135,0.790528
237198, 28.2441, 34, -1,-1,-1,46.0916,17.4756,0.025119,8.68e+08,12,125000,1,0,-7.55165,19859.1,0,-136.922,-137,1.58106
237200, 28.2559, 55, -1,-1,-1,28.1932,-17.432,0.019953,8.68e+08,12,125000,1,0,-23.8127,14493.6,0,-142.396,-137,1.58106
237202, 28.7735, 11, -1,-1,-1,57.3201,37.6516,0.025119,8.68e+08,11,125000,1,0,5.5518,19194.1,0,-132.598,-135,0.790528
237204, 29.0303, 19, -1,-1,-1,39.2054,-0.944952,0.015849,8.68e+08,11,125000,1,0,-14.7607,17670,0,-141.092,-135,0.790528
237216, 30.0062, 2, -1,-1,-1,54.1874,12.6163,0.025119,8.68e+08,10,125000,1,0,-1.48619,19228.2,0,-134.937,-133,0.436224
237218, 30.1924, 13, -1,-1,-1,56.1471,-3.21172,0.019953,8.68e+08,10,125000,1,0,-2.91811,15947.4,0,-136.416,-133,0.436224
237230, 31.0357, 58, -1,-1,-1,61.527,-8.14045,0.019953,8.68e+08,11,125000,1,0,0.574638,13335.8,0,-135.251,-135,0.790528
237237, 31.112, 40, -1,-1,-1,60.9756,22.8199,0.019953,8.68e+08,10,125000,1,0,7.9727,19648.4,0,-132.82,-133,0.436224
237249, 31.9109, 0, -1,-1,-1,50.9975,-0.836329,0.019953,8.68e+08,10,125000,1,0,-6.43235,17132.6,0,-137.567,-133,0.436224
237266, 32.292, 35, -1,-1,-1,43.0379,25.6615,0.019953,8.68e+08,10,125000,1,0,-8.70705,19792.6,0,-138.285,-133,0.436224
237273, 32.6197, 50, -1,-1,-1,39.6135,14.146,0.019953,8.68e+08,12,125000,1,0,-12.4139,19452.2,0,-139.414,-137,1.58106
237275, 32.7098, 22, -1,-1,-1,51.4039,9.10098,0.019953,8.68e+08,10,125000,1,0,-4.33159,18875.2,0,-136.881,-133,0.436224
237277, 32.8344, 59, -1,-1,-1,70.5782,23.1906,0.015849,8.68e+08,11,125000,1,0,25.9084,15535.8,0,-129.001,-135,0.790528
237294, 33.5899, 54, -1,-1,-1,32.8604,-15.6934,0.025119,8.68e+08,12,125000,1,0,-20.6629,14769.3,0,-140.65,-137,1.58106
237301, 33.7627, 28, -1,-1,-1,56.8935,12.7001,0.015849,8.68e+08,11,125000,1,0,1.25867,18944.4,0,-136.019,-135,0.790528
237308, 33.8337, 42, -1,-1,-1,57.9034,23.4627,0.025119,8.68e+08,10,125000,1,0,4.54082,19931.7,0,-132.929,-133,0.436224
237310, 34.116, 9, -1,-1,-1,37.2508,22.8773,0.019953,8.68e+08,12,125000,1,0,-13.0594,19544.5,0,-139.601,-137,1.58106
237312, 34.1946, 8, -1,-1,-1,60.2786,11.8187,0.015849,8.68e+08,10,125000,1,0,4.6132,18255.3,0,-134.906,-133,0.436224
237314, 34.2609, 57, -1,-1,-1,34.4409,34.819,0.015849,8.68e+08,10,125000,1,0,-14.087,18485.1,0,-140.895,-133,0.436224
237331, 34.7662, 33, -1,-1,-1,48.4983,18.9946,0.019953,8.68e+08,12,125000,1,0,-5.13685,19913,0,-137.143,-137,1.58106
237338, 35.059, 41, -1,-1,-1,58.2688,24.8952,0.025119,8.68e+08,10,125000,1,0,5.33922,19945.2,0,-132.667,-133,0.436224
237340, 35.1522, 25, -1,-1,-1,47.35,6.57833,0.025119,8.68e+08,10,125000,1,0,-7.77347,18646.8,0,-136.994,-133,0.436224
237347, 35.8285, 32, -1,-1,-1,51.0548,15.679,0.015849,8.68e+08,11,125000,1,0,-3.3956,19648.9,0,-137.571,-135,0.790528
237359, 36.2916, 7, -1,-1,-1,49.8595,17.3781,0.015849,8.68e+08,12,125000,1,0,-4.16185,19806.4,0,-137.824,-137,1.58106
237361, 36.4786, 18, -1,-1,-1,40.1886,3.38354,0.019953,8.68e+08,10,125000,1,0,-13.2043,18259.5,0,-139.646,-133,0.436224
237383, 37.2918, 52, -1,-1,-1,40.5674,33.2068,0.019953,8.68e+08,12,125000,1,0,-9.7798,19057.2,0,-138.617,-137,1.58106
237385, 37.3782, 10, -1,-1,-1,28.3922,30.4743,0.025119,8.68e+08,11,125000,1,0,-18.1702,18479.3,0,-140.009,-135,0.790528
237387, 37.5795, 6, -1,-1,-1,58.7446,14.9011,0.015849,8.68e+08,11,125000,1,0,3.89787,18966.6,0,-135.141,-135,0.790528
237389, 37.7005, 5, -1,-1,-1,50.8916,5.95756,0.015849,8.68e+08,12,125000,1,0,-5.09787,18354.6,0,-138.132,-137,1.58106
237391, 37.7092, 30, -1,-1,-1,51.4066,20.2801,0.015849,8.68e+08,10,125000,1,0,-2.26521,19941.2,0,-137.195,-133,0.436224
237403, 38.1572, 48, -1,-1,-1,57.3759,11.2263,0.015849,8.68e+08,10,125000,1,0,1.7094,18568.5,0,-135.869,-133,0.436224
237410, 38.2364, 36, -1,-1,-1,42.449,24.9,0.015849,8.68e+08,12,125000,1,0,-8.99293,19748.2,0,-139.374,-137,1.58106
237417, 38.4029, 12, -1,-1,-1,54.913,-1.85238,0.025119,8.68e+08,10,125000,1,0,-3.2772,16280.6,0,-135.535,-133,0.436224
237424, 38.951, 27, -1,-1,-1,51.1796,4.80986,0.015849,8.68e+08,11,125000,1,0,-4.97605,18102.1,0,-138.093,-135,0.790528
237431, 39.1525, 51, -1,-1,-1,41.1184,27.7906,0.015849,8.68e+08,11,125000,1,0,-9.64263,19537.3,0,-139.575,-135,0.790528
237448, 39.614, 44, -1,-1,-1,49.9843,31.8509,0.025119,8.68e+08,11,125000,1,0,-2.06808,19631.6,0,-135.128,-135,0.790528
237450, 39.8088, 24, -1,-1,-1,48.8042,9.34343,0.025119,8.68e+08,10,125000,1,0,-6.01102,18938.2,0,-136.428,-133,0.436224
237452, 39.836, 39, -1,-1,-1,45.5509,21.6869,0.015849,8.68e+08,10,125000,1,0,-6.83465,19878.9,0,-138.692,-133,0.436224
237454, 39.8636, 37, -1,-1,-1,40.5376,22.945,0.025119,8.68e+08,10,125000,1,0,-10.4489,19669.6,0,-137.823,-133,0.436224
237471, 40.7246, 31, -1,-1,-1,53.6944,18.0178,0.019953,8.68e+08,12,125000,1,0,-0.423207,19724.6,0,-135.581,-137,1.58106
237473, 40.7988, 21, -1,-1,-1,42.7768,-8.93559,0.015849,8.68e+08,10,125000,1,0,-13.1999,16078.6,0,-140.648,-133,0.436224
237475, 40.932, 46, -1,-1,-1,52.8958,29.0093,0.015849,8.68e+08,11,125000,1,0,0.493056,20101,0,-136.273,-135,0.790528
237477, 41.3328, 1, -1,-1,-1,49.3433,4.02696,0.019953,8.68e+08,11,125000,1,0,-6.42871,18284,0,-137.564,-135,0.790528
237489, 42.1932, 4, -1,-1,-1,41.1415,14.3884,0.025119,8.68e+08,10,125000,1,0,-10.8549,19650.8,0,-137.947,-133,0.436224
237496, 42.3913, 16, -1,-1,-1,44.9358,4.6114,0.019953,8.68e+08,11,125000,1,0,-9.53006,18560.9,0,-138.544,-135,0.790528
237513, 43.1811, 29, -1,-1,-1,52.7683,18.5141,0.019953,8.68e+08,11,125000,1,0,-1.00889,19967.7,0,-135.776,-135,0.790528
237525, 43.4479, 35, -1,-1,-1,43.0379,25.6615,0.019953,8.68e+08,10,125000,1,0,-8.17862,19903.9,0,-138.118,-133,0.436224
237532, 43.5344, 20, -1,-1,-1,38.6376,-10.9667,0.025119,8.68e+08,11,125000,1,0,-16.0894,15777.8,0,-139.462,-135,0.790528
237534, 43.5368, 2, -1,-1,-1,54.1874,12.6163,0.025119,8.68e+08,10,125000,1,0,-0.71572,19259.6,0,-134.679,-133,0.436224
237551, 44.2189, 28, -1,-1,-1,56.8935,12.7001,0.015849,8.68e+08,11,125000,1,0,1.91081,18991.7,0,-135.801,-135,0.790528
237558, 44.4595, 49, -1,-1,-1,46.1161,7.79982,0.019953,8.68e+08,11,125000,1,0,-8.09059,18976.3,0,-138.093,-135,0.790528
237560, 44.8919, 14, -1,-1,-1,53.6396,-5.90614,0.025119,8.68e+08,11,125000,1,0,-4.85495,15606.7,0,-136.055,-135,0.790528
237562, 44.9771, 3, -1,-1,-1,39.3525,-4.27633,0.015849,8.68e+08,12,125000,1,0,-14.5859,17124.1,0,-141.043,-137,1.58106
237564, 45.0397, 15, -1,-1,-1,46.4275,5.27678,0.019953,8.68e+08,12,125000,1,0,-8.26728,18596.7,0,-138.15,-137,1.58106
237586, 45.4616, 23, -1,-1,-1,52.7669,10.7089,0.019953,8.68e+08,12,125000,1,0,-2.29699,19086.1,0,-136.207,-137,1.58106
237598, 46.0182, 38, -1,-1,-1,46.6514,16.8355,0.025119,8.68e+08,12,125000,1,0,-6.33007,19887.4,0,-136.53,-137,1.58106
237605, 46.1356, 11, -1,-1,-1,57.3201,37.6516,0.025119,8.68e+08,11,125000,1,0,6.89535,19059,0,-132.161,-135,0.790528
237612, 46.2254, 43, -1,-1,-1,53.287,23.7311,0.019953,8.68e+08,10,125000,1,0,0.52103,20153.5,0,-135.263,-133,0.436224
237614, 46.5871, 13, -1,-1,-1,56.1471,-3.21172,0.019953,8.68e+08,10,125000,1,0,-2.18727,15761.5,0,-136.172,-133,0.436224
237616, 46.6349, 50, -1,-1,-1,39.6135,14.146,0.019953,8.68e+08,12,125000,1,0,-11.8056,19562.9,0,-139.232,-137,1.58106
237623, 46.6615, 34, -1,-1,-1,46.0916,17.4756,0.025119,8.68e+08,12,125000,1,0,-6.65027,19913.2,0,-136.633,-137,1.58106
237625, 46.6636, 53, -1,-1,-1,63.3677,-20.5267,0.019953,8.68e+08,12,125000,1,0,-0.40844,8797.93,0,-135.581,-137,1.58106
237632, 46.7655, 17, -1,-1,-1,51.1746,0.474538,0.025119,8.68e+08,11,125000,1,0,-5.42063,17357,0,-136.238,-135,0.790528
237639, 47.1319, 0, -1,-1,-1,50.9975,-0.836329,0.019953,8.68e+08,10,125000,1,0,-5.77405,17084.7,0,-137.353,-133,0.436224
237651, 47.446, 40, -1,-1,-1,60.9756,22.8199,0.019953,8.68e+08,10,125000,1,0,9.43846,19588.4,0,-132.359,-133,0.436224
237653, 47.612, 47, -1,-1,-1,61.5463,6.00261,0.015849,8.68e+08,12,125000,1,0,5.22051,16619.8,0,-134.707,-137,1.58106
237670, 48.2252, 26, -1,-1,-1,46.6423,9.83152,0.015849,8.68e+08,12,125000,1,0,-7.24645,19200.1,0,-138.825,-137,1.58106
237672, 48.4767, 6, -1,-1,-1,58.7446,14.9011,0.015849,8.68e+08,11,125000,1,0,4.66413,18992.7,0,-134.888,-135,0.790528
237679, 48.7329, 56, -1,-1,-1,35.9437,14.8854,0.015849,8.68e+08,11,125000,1,0,-14.0858,19440.2,0,-140.896,-135,0.790528
237686, 48.9089, 54, -1,-1,-1,32.8604,-15.6934,0.025119,8.68e+08,12,125000,1,0,-20.1985,14810.6,0,-140.535,-137,1.58106
237688, 48.9882, 5, -1,-1,-1,50.8916,5.95756,0.015849,8.68e+08,12,125000,1,0,-4.55311,18412.6,0,-137.953,-137,1.58106
237690, 49.0673, 30, -1,-1,-1,51.4066,20.2801,0.015849,8.68e+08,10,125000,1,0,-1.61074,20037.3,0,-136.976,-133,0.436224
237692, 49.2295, 55, -1,-1,-1,28.1932,-17.432,0.019953,8.68e+08,12,125000,1,0,-23.1971,14473.8,0,-142.253,-137,1.58106
237694, 49.3112, 45, -1,-1,-1,50.3904,22.374,0.025119,8.68e+08,10,125000,1,0,-2.21153,20105.9,0,-135.176,-133,0.436224
237711, 50.3883, 37, -1,-1,-1,40.5376,22.945,0.025119,8.68e+08,10,125000,1,0,-9.96929,19799.3,0,-137.675,-133,0.436224
237713, 50.701, 39, -1,-1,-1,45.5509,21.6869,0.015849,8.68e+08,10,125000,1,0,-6.29162,19996.8,0,-138.516,-133,0.436224
237840, 51.8336, 52, -1,-1,-1,40.5674,33.2068,0.019953,8.68e+08,12,125000,1,0,-9.12999,19105,0,-138.415,-137,1.58106
237847, 52.1678, 19, -1,-1,-1,39.2054,-0.944952,0.015849,8.68e+08,11,125000,1,0,-13.8795,17630.8,0,-140.841,-135,0.790528
237849, 52.4962, 25, -1,-1,-1,47.35,6.57833,0.025119,8.68e+08,10,125000,1,0,-6.97956,18657,0,-136.74,-133,0.436224
237876, 53.6227, 46, -1,-1,-1,52.8958,29.0093,0.015849,8.68e+08,11,125000,1,0,1.30577,19964.9,0,-136,-135,0.790528
237878, 53.644, 32, -1,-1,-1,51.0548,15.679,0.015849,8.68e+08,11,125000,1,0,-2.4181,19671.3,0,-137.245,-135,0.790528
237880, 53.8102, 10, -1,-1,-1,28.3922,30.4743,0.025119,8.68e+08,11,125000,1,0,-17.5342,18558.1,0,-139.84,-135,0.790528
237902, 54.8204, 9, -1,-1,-1,37.2508,22.8773,0.019953,8.68e+08,12,125000,1,0,-12.1622,19601.7,0,-139.336,-137,1.58106
237904, 55.0155, 36, -1,-1,-1,42.449,24.9,0.015849,8.68e+08,12,125000,1,0,-8.20037,19817.5,0,-139.124,-137,1.58106
237911, 55.1082, 44, -1,-1,-1,49.9843,31.8509,0.025119,8.68e+08,11,125000,1,0,-1.17956,19647.6,0,-134.83,-135,0.790528
237913, 55.4877, 16, -1,-1,-1,44.9358,4.6114,0.019953,8.68e+08,11,125000,1,0,-8.96259,18399.2,0,-138.367,-135,0.790528
237915, 55.4887, 33, -1,-1,-1,48.4983,18.9946,0.019953,8.68e+08,12,125000,1,0,-4.04411,19935.6,0,-136.783,-137,1.58106
237917, 55.5218, 21, -1,-1,-1,42.7768,-8.93559,0.015849,8.68e+08,10,125000,1,0,-12.6846,15823.6,0,-140.497,-133,0.436224
237919, 55.5353, 58, -1,-1,-1,61.527,-8.14045,0.019953,8.68e+08,11,125000,1,0,1.6011,12606.5,0,-134.906,-135,0.790528
237932, 56.6642, 42, -1,-1,-1,57.9034,23.4627,0.025119,8.68e+08,10,125000,1,0,6.31677,19837.3,1,-132.348,-133,0.436224
237954, 57.107, 20, -1,-1,-1,38.6376,-10.9667,0.025119,8.68e+08,11,125000,1,0,-15.6389,15556.1,0,-139.337,-135,0.790528
237956, 57.341, 22, -1,-1,-1,51.4039,9.10098,0.019953,8.68e+08,10,125000,1,0,-3.07019,18759.5,0,-136.463,-133,0.436224
237958, 57.4527, 12, -1,-1,-1,54.913,-1.85238,0.025119,8.68e+08,10,125000,1,0,-2.41352,16058.8,0,-135.247,-133,0.436224
237960, 57.5374, 41, -1,-1,-1,58.2688,24.8952,0.025119,8.68e+08,10,125000,1,0,7.15923,19848.6,0,-132.077,-133,0.436224
237963, 57.6681, 59, -1,-1,-1,70.5782,23.1906,0.015849,8.68e+08,11,125000,1,0,30.5461,13865.5,1,-128.052,-135,0.790528
237975, 58.1475, 57, -1,-1,-1,34.4409,34.819,0.015849,8.68e+08,10,125000,1,0,-13.1229,18441.3,0,-140.615,-133,0.436224
237982, 58.2209, 43, -1,-1,-1,53.287,23.7311,0.019953,8.68e+08,10,125000,1,0,1.29365,20029.8,0,-135.004,-133,0.436224
238004, 59.0652, 8, -1,-1,-1,60.2786,11.8187,0.015849,8.68e+08,10,125000,1,0,6.37987,17901.9,0,-134.329,-133,0.436224
238006, 59.1272, 18, -1,-1,-1,40.1886,3.38354,0.019953,8.68e+08,10,125000,1,0,-12.2882,18244.9,0,-139.377,-133,0.436224
238008, 59.2356, 1, -1,-1,-1,49.3433,4.02696,0.019953,8.68e+08,11,125000,1,0,-5.60497,18015.3,0,-137.296,-135,0.790528
238020, 59.7499, 7, -1,-1,-1,49.8595,17.3781,0.015849,8.68e+08,12,125000,1,0,-2.8898,19787.8,0,-137.401,-137,1.58106
238022, 59.7893, 27, -1,-1,-1,51.1796,4.80986,0.015849,8.68e+08,11,125000,1,0,-3.97402,17996.3,0,-137.762,-135,0.790528
238029, 60.0511, 24, -1,-1,-1,48.8042,9.34343,0.025119,8.68e+08,10,125000,1,0,-5.02036,18913.9,0,-136.105,-133,0.436224
238036, 60.3897, 49, -1,-1,-1,46.1161,7.79982,0.019953,8.68e+08,11,125000,1,0,-7.35926,18791,0,-137.86,-135,0.790528
238048, 60.5108, 40, -1,-1,-1,60.9756,22.8199,0.019953,8.68e+08,10,125000,1,0,10.6882,19568,0,-131.973,-133,0.436224
238055, 60.9108, 0, -1,-1,-1,50.9975,-0.836329,0.019953,8.68e+08,10,125000,1,0,-5.17148,17051.1,0,-137.156,-133,0.436224
238067, 61.0151, 37, -1,-1,-1,40.5376,22.945,0.025119,8.68e+08,10,125000,1,0,-9.47972,19923.5,0,-137.523,-133,0.436224
238079, 61.4494, 55, -1,-1,-1,28.1932,-17.432,0.019953,8.68e+08,12,125000,1,0,-22.8384,14286.5,0,-142.17,-137,1.58106
238111, 61.7021, 48, -1,-1,-1,57.3759,11.2263,0.015849,8.68e+08,10,125000,1,0,3.20165,18569.6,0,-135.37,-133,0.436224
238113, 61.734, 51, -1,-1,-1,41.1184,27.7906,0.015849,8.68e+08,11,125000,1,0,-8.59834,19746.2,0,-139.248,-135,0.790528
238120, 61.8541, 35, -1,-1,-1,43.0379,25.6615,0.019953,8.68e+08,10,125000,1,0,-7.2912,19951.3,0,-137.835,-133,0.436224
238132, 61.9777, 13, -1,-1,-1,56.1471,-3.21172,0.019953,8.68e+08,10,125000,1,0,-1.49463,15577.7,0,-135.94,-133,0.436224
238139, 61.9902, 34, -1,-1,-1,46.0916,17.4756,0.025119,8.68e+08,12,125000,1,0,-5.88256,19989.2,0,-136.384,-137,1.58106
238141, 62.2861, 29, -1,-1,-1,52.7683,18.5141,0.019953,8.68e+08,11,125000,1,0,0.146059,19968.4,0,-135.388,-135,0.790528
238143, 62.2936, 4, -1,-1,-1,41.1415,14.3884,0.025119,8.68e+08,10,125000,1,0,-9.95151,19702.5,0,-137.67,-133,0.436224
238145, 62.3712, 11, -1,-1,-1,57.3201,37.6516,0.025119,8.68e+08,11,125000,1,0,8.22395,18914.5,0,-131.737,-135,0.790528
238147, 62.4035, 2, -1,-1,-1,54.1874,12.6163,0.025119,8.68e+08,10,125000,1,0,0.393968,19205.5,0,-134.306,-133,0.436224
238159, 62.5026, 31, -1,-1,-1,53.6944,18.0178,0.019953,8.68e+08,12,125000,1,0,0.923029,19892.2,0,-135.128,-137,1.58106
238166, 63.082, 47, -1,-1,-1,61.5463,6.00261,0.015849,8.68e+08,12,125000,1,0,6.22453,16354.6,0,-134.379,-137,1.58106
238173, 63.18, 38, -1,-1,-1,46.6514,16.8355,0.025119,8.68e+08,12,125000,1,0,-5.46342,19944,0,-136.247,-137,1.58106
238180, 63.2709, 5, -1,-1,-1,50.8916,5.95756,0.015849,8.68e+08,12,125000,1,0,-3.85276,18417.1,0,-137.722,-137,1.58106
238182, 63.3448, 15, -1,-1,-1,46.4275,5.27678,0.019953,8.68e+08,12,125000,1,0,-7.44703,18588.8,0,-137.888,-137,1.58106
238189, 63.5652, 53, -1,-1,-1,63.3677,-20.5267,0.019953,8.68e+08,12,125000,1,0,0.02685,8213.48,0,-135.434,-137,1.58106
238191, 63.6735, 45, -1,-1,-1,50.3904,22.374,0.025119,8.68e+08,10,125000,1,0,-1.37641,20172.7,0,-134.896,-133,0.436224
238198, 63.8745, 32, -1,-1,-1,51.0548,15.679,0.015849,8.68e+08,11,125000,1,0,-1.84197,19769.5,0,-137.053,-135,0.790528
238200, 63.9925, 50, -1,-1,-1,39.6135,14.146,0.019953,8.68e+08,12,125000,1,0,-11.0418,19642.5,0,-139.002,-137,1.58106
238202, 64.0259, 54, -1,-1,-1,32.8604,-15.6934,0.025119,8.68e+08,12,125000,1,0,-19.7401,14848.4,0,-140.419,-137,1.58106
238214, 64.4485, 23, -1,-1,-1,52.7669,10.7089,0.019953,8.68e+08,12,125000,1,0,-1.25355,19035,0,-135.857,-137,1.58106
238216, 65.1314, 9, -1,-1,-1,37.2508,22.8773,0.019953,8.68e+08,12,125000,1,0,-11.7096,19735.8,0,-139.2,-137,1.58106
238223, 65.1621, 56, -1,-1,-1,35.9437,14.8854,0.015849,8.68e+08,11,125000,1,0,-13.391,19539.3,0,-140.695,-135,0.790528
238225, 65.4056, 3, -1,-1,-1,39.3525,-4.27633,0.015849,8.68e+08,12,125000,1,0,-13.8344,17088.7,0,-140.828,-137,1.58106
238227, 65.6299, 26, -1,-1,-1,46.6423,9.83152,0.015849,8.68e+08,12,125000,1,0,-6.41843,19227.9,0,-138.558,-137,1.58106
238239, 66.1088, 30, -1,-1,-1,51.4066,20.2801,0.015849,8.68e+08,10,125000,1,0,-0.598819,20072.7,0,-136.637,-133,0.436224
238256, 66.7219, 33, -1,-1,-1,48.4983,18.9946,0.019953,8.68e+08,12,125000,1,0,-3.43554,20039.2,0,-136.581,-137,1.58106
238263, 66.9068, 16, -1,-1,-1,44.9358,4.6114,0.019953,8.68e+08,11,125000,1,0,-8.46246,18484.9,0,-138.209,-135,0.790528
238265, 66.9488, 39, -1,-1,-1,45.5509,21.6869,0.015849,8.68e+08,10,125000,1,0,-5.46351,20066,0,-138.246,-133,0.436224
238272, 67.4497, 52, -1,-1,-1,40.5674,33.2068,0.019953,8.68e+08,12,125000,1,0,-8.42246,19134.1,0,-138.192,-137,1.58106
238274, 67.4564, 46, -1,-1,-1,52.8958,29.0093,0.015849,8.68e+08,11,125000,1,0,2.22263,20001.5,0,-135.693,-135,0.790528
238276, 67.6605, 14, -1,-1,-1,53.6396,-5.90614,0.025119,8.68e+08,11,125000,1,0,-3.9249,15268.2,0,-135.747,-135,0.790528
238278, 67.8803, 28, -1,-1,-1,56.8935,12.7001,0.015849,8.68e+08,11,125000,1,0,3.44769,18797.4,0,-135.288,-135,0.790528
238290, 68.735, 17, -1,-1,-1,51.1746,0.474538,0.025119,8.68e+08,11,125000,1,0,-4.43101,17173.8,0,-135.913,-135,0.790528
238297, 69.3788, 20, -1,-1,-1,38.6376,-10.9667,0.025119,8.68e+08,11,125000,1,0,-15.2308,15614.6,0,-139.223,-135,0.790528
238299, 70.0934, 1, -1,-1,-1,49.3433,4.02696,0.019953,8.68e+08,11,125000,1,0,-5.09773,18073.5,0,-137.13,-135,0.790528
238316, 70.6147, 40, -1,-1,-1,60.9756,22.8199,0.019953,8.68e+08,10,125000,1,0,11.7081,19367.6,0,-131.664,-133,0.436224
238323, 70.7201, 57, -1,-1,-1,34.4409,34.819,0.015849,8.68e+08,10,125000,1,0,-12.6103,18509.9,0,-140.465,-133,0.436224
238325, 70.7608, 42, -1,-1,-1,57.9034,23.4627,0.025119,8.68e+08,10,125000,1,0,7.48985,19846.2,0,-131.97,-133,0.436224
238327, 71.1045, 25, -1,-1,-1,47.35,6.57833,0.025119,8.68e+08,10,125000,1,0,-6.11101,18640.9,0,-136.459,-133,0.436224
238349, 71.8857, 41, -1,-1,-1,58.2688,24.8952,0.025119,8.68e+08,10,125000,1,0,8.40699,19848.6,0,-131.679,-133,0.436224
238351, 71.974, 6, -1,-1,-1,58.7446,14.9011,0.015849,8.68e+08,11,125000,1,0,6.40252,18759.8,0,-134.32,-135,0.790528
238353, 72.1356, 19, -1,-1,-1,39.2054,-0.944952,0.015849,8.68e+08,11,125000,1,0,-13.111,17621.6,0,-140.617,-135,0.790528
238355, 72.2842, 10, -1,-1,-1,28.3922,30.4743,0.025119,8.68e+08,11,125000,1,0,-16.8139,18612.8,0,-139.647,-135,0.790528
238367, 73.444, 51, -1,-1,-1,41.1184,27.7906,0.015849,8.68e+08,11,125000,1,0,-8.04666,19643.8,0,-139.073,-135,0.790528
238374, 73.8805, 7, -1,-1,-1,49.8595,17.3781,0.015849,8.68e+08,12,125000,1,0,-2.09676,19854.9,0,-137.136,-137,1.58106
238391, 74.5621, 8, -1,-1,-1,60.2786,11.8187,0.015849,8.68e+08,10,125000,1,0,7.5434,17728.3,0,-133.954,-133,0.436224
238393, 74.6555, 43, -1,-1,-1,53.287,23.7311,0.019953,8.68e+08,10,125000,1,0,2.3931,20055.3,0,-134.636,-133,0.436224
238395, 74.6908, 0, -1,-1,-1,50.9975,-0.836329,0.019953,8.68e+08,10,125000,1,0,-4.56237,16775.3,0,-136.955,-133,0.436224
238417, 75.3628, 24, -1,-1,-1,48.8042,9.34343,0.025119,8.68e+08,10,125000,1,0,-4.2528,18941.4,0,-135.852,-133,0.436224
238419, 75.4154, 54, -1,-1,-1,32.8604,-15.6934,0.025119,8.68e+08,12,125000,1,0,-19.3947,14662.9,0,-140.331,-137,1.58106
238426, 75.6383, 18, -1,-1,-1,40.1886,3.38354,0.019953,8.68e+08,10,125000,1,0,-11.6117,18293.3,0,-139.174,-133,0.436224
238428, 75.793, 29, -1,-1,-1,52.7683,18.5141,0.019953,8.68e+08,11,125000,1,0,0.994282,19816.6,0,-135.103,-135,0.790528
238450, 76.3869, 58, -1,-1,-1,61.527,-8.14045,0.019953,8.68e+08,11,125000,1,0,2.46271,11947.3,0,-134.618,-135,0.790528
238457, 76.592, 22, -1,-1,-1,51.4039,9.10098,0.019953,8.68e+08,10,125000,1,0,-2.05071,18700,0,-136.122,-133,0.436224
238459, 76.6873, 32, -1,-1,-1,51.0548,15.679,0.015849,8.68e+08,11,125000,1,0,-1.10382,19625.5,0,-136.805,-135,0.790528
238466, 76.8593, 36, -1,-1,-1,42.449,24.9,0.015849,8.68e+08,12,125000,1,0,-7.14442,19839.6,0,-138.787,-137,1.58106
238468, 76.9538, 49, -1,-1,-1,46.1161,7.79982,0.019953,8.68e+08,11,125000,1,0,-6.58513,18817.6,0,-137.611,-135,0.790528
238470, 77.2412, 21, -1,-1,-1,42.7768,-8.93559,0.015849,8.68e+08,10,125000,1,0,-11.9216,15685.8,0,-140.27,-133,0.436224
238487, 77.5449, 5, -1,-1,-1,50.8916,5.95756,0.015849,8.68e+08,12,125000,1,0,-3.13974,18189.5,0,-137.485,-137,1.58106
238494, 77.898, 48, -1,-1,-1,57.3759,11.2263,0.015849,8.68e+08,10,125000,1,0,4.2774,18237.3,0,-135.013,-133,0.436224
238501, 78.0375, 27, -1,-1,-1,51.1796,4.80986,0.015849,8.68e+08,11,125000,1,0,-3.07545,17913.8,0,-137.463,-135,0.790528
238503, 78.0732, 50, -1,-1,-1,39.6135,14.146,0.019953,8.68e+08,12,125000,1,0,-10.4131,19525.1,0,-138.81,-137,1.58106
238510, 78.2339, 28, -1,-1,-1,56.8935,12.7001,0.015849,8.68e+08,11,125000,1,0,4.14948,18601,0,-135.055,-135,0.790528
238517, 78.8251, 46, -1,-1,-1,52.8958,29.0093,0.015849,8.68e+08,11,125000,1,0,3.00267,19866.9,0,-135.433,-135,0.790528
238529, 79.4194, 33, -1,-1,-1,48.4983,18.9946,0.019953,8.68e+08,12,125000,1,0,-2.73259,19920.7,0,-136.347,-137,1.58106
238537, 79.747, 47, -1,-1,-1,61.5463,6.00261,0.015849,8.68e+08,12,125000,1,0,7.33759,15763.6,1,-134.02,-137,1.58106
238544, 79.8859, 44, -1,-1,-1,49.9843,31.8509,0.025119,8.68e+08,11,125000,1,0,0.30098,19539.9,0,-134.333,-135,0.790528
238551, 80.1447, 26, -1,-1,-1,46.6423,9.83152,0.015849,8.68e+08,12,125000,1,0,-5.71408,19061.9,0,-138.329,-137,1.58106
238558, 80.3164, 16, -1,-1,-1,44.9358,4.6114,0.019953,8.68e+08,11,125000,1,0,-7.86846,18310.3,0,-138.021,-135,0.790528
238560, 80.3662, 2, -1,-1,-1,54.1874,12.6163,0.025119,8.68e+08,10,125000,1,0,1.49291,18930.5,0,-133.937,-133,0.436224
238562, 80.5711, 55, -1,-1,-1,28.1932,-17.432,0.019953,8.68e+08,12,125000,1,0,-22.277,14284.3,0,-142.037,-137,1.58106
238574, 80.7181, 12, -1,-1,-1,54.913,-1.85238,0.025119,8.68e+08,10,125000,1,0,-1.34225,15924.8,0,-134.888,-133,0.436224
238611, 81.2276, 35, -1,-1,-1,43.0379,25.6615,0.019953,8.68e+08,10,125000,1,0,-6.33427,19985.1,0,-137.526,-133,0.436224
238613, 81.3015, 37, -1,-1,-1,40.5376,22.945,0.025119,8.68e+08,10,125000,1,0,-8.52923,19968.3,0,-137.225,-133,0.436224
238615, 81.4172, 56, -1,-1,-1,35.9437,14.8854,0.015849,8.68e+08,11,125000,1,0,-12.6948,19636.3,0,-140.491,-135,0.790528
238617, 81.4185, 3, -1,-1,-1,39.3525,-4.27633,0.015849,8.68e+08,12,125000,1,0,-13.2412,16856.8,0,-140.655,-137,1.58106
238619, 81.5425, 13, -1,-1,-1,56.1471,-3.21172,0.019953,8.68e+08,10,125000,1,0,-0.60558,15245.4,0,-135.642,-133,0.436224
238626, 81.8434, 14, -1,-1,-1,53.6396,-5.90614,0.025119,8.68e+08,11,125000,1,0,-3.34205,15123.7,0,-135.554,-135,0.790528
238628, 81.861, 20, -1,-1,-1,38.6376,-10.9667,0.025119,8.68e+08,11,125000,1,0,-14.815,15662.7,0,-139.106,-135,0.790528
238636, 81.9468, 59, -1,-1,-1,70.5782,23.1906,0.015849,8.68e+08,11,125000,1,0,35.5646,11981.6,1,-127.149,-135,0.790528
238643, 82.273, 23, -1,-1,-1,52.7669,10.7089,0.019953,8.68e+08,12,125000,1,0,-0.240576,18984.7,0,-135.517,-137,1.58106
238645, 82.5351, 1, -1,-1,-1,49.3433,4.02696,0.019953,8.68e+08,11,125000,1,0,-4.50901,18098.5,0,-136.936,-135,0.790528
238647, 82.6691, 17, -1,-1,-1,51.1746,0.474538,0.025119,8.68e+08,11,125000,1,0,-3.79321,17125.7,0,-135.701,-135,0.790528
238649, 82.7046, 31, -1,-1,-1,53.6944,18.0178,0.019953,8.68e+08,12,125000,1,0,2.2383,19855.2,0,-134.688,-137,1.58106
238661, 83.5561, 15, -1,-1,-1,46.4275,5.27678,0.019953,8.68e+08,12,125000,1,0,-6.5237,18544.5,0,-137.591,-137,1.58106
238683, 84.3582, 10, -1,-1,-1,28.3922,30.4743,0.025119,8.68e+08,11,125000,1,0,-16.3399,18721.1,0,-139.517,-135,0.790528
238685, 84.648, 40, -1,-1,-1,60.9756,22.8199,0.019953,8.68e+08,10,125000,1,0,13.212,19292.9,0,-131.219,-133,0.436224
238687, 84.7956, 34, -1,-1,-1,46.0916,17.4756,0.025119,8.68e+08,12,125000,1,0,-4.70764,19995.2,0,-135.998,-137,1.58106
238689, 84.9947, 38, -1,-1,-1,46.6514,16.8355,0.025119,8.68e+08,12,125000,1,0,-4.32867,19953.2,0,-135.874,-137,1.58106
238701, 85.6845, 53, -1,-1,-1,63.3677,-20.5267,0.019953,8.68e+08,12,125000,1,0,0.555512,7319.89,0,-135.256,-137,1.58106
238708, 85.7685, 9, -1,-1,-1,37.2508,22.8773,0.019953,8.68e+08,12,125000,1,0,-10.791,19786,0,-138.922,-137,1.58106
238715, 86.0306, 39, -1,-1,-1,45.5509,21.6869,0.015849,8.68e+08,10,125000,1,0,-4.46404,20106.9,0,-137.918,-133,0.436224
238722, 86.0974, 45, -1,-1,-1,50.3904,22.374,0.025119,8.68e+08,10,125000,1,0,-0.019079,20156.9,0,-134.441,-133,0.436224
238724, 86.2571, 30, -1,-1,-1,51.4066,20.2801,0.015849,8.68e+08,10,125000,1,0,0.649455,20068.7,0,-136.217,-133,0.436224
238731, 86.5082, 8, -1,-1,-1,60.2786,11.8187,0.015849,8.68e+08,10,125000,1,0,8.47652,17623.7,0,-133.657,-133,0.436224
238733, 86.5469, 11, -1,-1,-1,57.3201,37.6516,0.025119,8.68e+08,11,125000,1,0,10.3515,18540,0,-131.073,-135,0.790528
238740, 86.8462, 4, -1,-1,-1,41.1415,14.3884,0.025119,8.68e+08,10,125000,1,0,-8.82237,19712,0,-137.318,-133,0.436224
238742, 87.6318, 49, -1,-1,-1,46.1161,7.79982,0.019953,8.68e+08,11,125000,1,0,-6.07817,18909.4,0,-137.446,-135,0.790528
238764, 89.4244, 57, -1,-1,-1,34.4409,34.819,0.015849,8.68e+08,10,125000,1,0,-11.8407,18503.8,0,-140.236,-133,0.436224
238766, 89.699, 22, -1,-1,-1,51.4039,9.10098,0.019953,8.68e+08,10,125000,1,0,-1.33796,18719.9,0,-135.883,-133,0.436224
238773, 90.3025, 52, -1,-1,-1,40.5674,33.2068,0.019953,8.68e+08,12,125000,1,0,-7.3674,19075.1,0,-137.856,-137,1.58106
238780, 90.8534, 55, -1,-1,-1,28.1932,-17.432,0.019953,8.68e+08,12,125000,1,0,-21.975,14414.8,0,-141.964,-137,1.58106
238782, 91.0776, 41, -1,-1,-1,58.2688,24.8952,0.025119,8.68e+08,10,125000,1,0,10.2007,19754.5,0,-131.119,-133,0.436224
238794, 91.2964, 26, -1,-1,-1,46.6423,9.83152,0.015849,8.68e+08,12,125000,1,0,-5.16373,19151.5,0,-138.149,-137,1.58106
238811, 91.9193, 46, -1,-1,-1,52.8958,29.0093,0.015849,8.68e+08,11,125000,1,0,3.93384,19899.4,0,-135.123,-135,0.790528
238823, 92.5099, 58, -1,-1,-1,61.527,-8.14045,0.019953,8.68e+08,11,125000,1,0,3.11694,11442.8,0,-134.399,-135,0.790528
238831, 92.7593, 47, -1,-1,-1,61.5463,6.00261,0.015849,8.68e+08,12,125000,1,0,8.22924,15501.4,1,-133.735,-137,1.58106
238833, 92.7891, 48, -1,-1,-1,57.3759,11.2263,0.015849,8.68e+08,10,125000,1,0,5.30589,18131.8,0,-134.675,-133,0.436224
238835, 93.0385, 35, -1,-1,-1,43.0379,25.6615,0.019953,8.68e+08,10,125000,1,0,-5.73828,19883.3,0,-137.332,-133,0.436224
238837, 93.0914, 16, -1,-1,-1,44.9358,4.6114,0.019953,8.68e+08,11,125000,1,0,-7.29549,18369.5,0,-137.838,-135,0.790528
238839, 93.1902, 7, -1,-1,-1,49.8595,17.3781,0.015849,8.68e+08,12,125000,1,0,-0.976282,19861.8,0,-136.761,-137,1.58106
238851, 93.3762, 36, -1,-1,-1,42.449,24.9,0.015849,8.68e+08,12,125000,1,0,-6.32595,19901,0,-138.523,-137,1.58106
238883, 94.3611, 6, -1,-1,-1,58.7446,14.9011,0.015849,8.68e+08,11,125000,1,0,8.18409,18493.6,0,-133.748,-135,0.790528
238890, 94.5559, 32, -1,-1,-1,51.0548,15.679,0.015849,8.68e+08,11,125000,1,0,-0.040713,19626.7,0,-136.448,-135,0.790528
238892, 94.5701, 51, -1,-1,-1,41.1184,27.7906,0.015849,8.68e+08,11,125000,1,0,-7.03211,19651.6,0,-138.749,-135,0.790528
238894, 94.8025, 19, -1,-1,-1,39.2054,-0.944952,0.015849,8.68e+08,11,125000,1,0,-12.2291,17566.2,0,-140.357,-135,0.790528
238901, 94.8271, 15, -1,-1,-1,46.4275,5.27678,0.019953,8.68e+08,12,125000,1,0,-6.00016,18388.6,0,-137.421,-137,1.58106
238903, 94.8344, 34, -1,-1,-1,46.0916,17.4756,0.025119,8.68e+08,12,125000,1,0,-4.1768,19904.3,0,-135.823,-137,1.58106
238905, 94.9837, 10, -1,-1,-1,28.3922,30.4743,0.025119,8.68e+08,11,125000,1,0,-15.9205,18622.1,0,-139.402,-135,0.790528
238907, 95.0541, 44, -1,-1,-1,49.9843,31.8509,0.025119,8.68e+08,11,125000,1,0,1.24813,19533.8,0,-134.015,-135,0.790528
238909, 95.2397, 42, -1,-1,-1,57.9034,23.4627,0.025119,8.68e+08,10,125000,1,0,9.69398,19672.8,0,-131.275,-133,0.436224
238926, 95.7366, 21, -1,-1,-1,42.7768,-8.93559,0.015849,8.68e+08,10,125000,1,0,-11.2693,15591,0,-140.074,-133,0.436224
238938, 96.0685, 25, -1,-1,-1,47.35,6.57833,0.025119,8.68e+08,10,125000,1,0,-4.91591,18524.1,0,-136.068,-133,0.436224
238940, 96.0781, 9, -1,-1,-1,37.2508,22.8773,0.019953,8.68e+08,12,125000,1,0,-10.3254,19704.8,0,-138.78,-137,1.58106
238942, 96.0914, 20, -1,-1,-1,38.6376,-10.9667,0.025119,8.68e+08,11,125000,1,0,-14.3403,15416.2,0,-138.971,-135,0.790528
238944, 96.269, 13, -1,-1,-1,56.1471,-3.21172,0.019953,8.68e+08,10,125000,1,0,0.069249,14788.9,0,-135.415,-133,0.436224
238966, 96.8667, 43, -1,-1,-1,53.287,23.7311,0.019953,8.68e+08,10,125000,1,0,3.96477,20004.3,0,-134.113,-133,0.436224
238973, 97.106, 29, -1,-1,-1,52.7683,18.5141,0.019953,8.68e+08,11,125000,1,0,2.39347,19770.6,0,-134.634,-135,0.790528
238980, 97.4375, 18, -1,-1,-1,40.1886,3.38354,0.019953,8.68e+08,10,125000,1,0,-10.7064,18270.9,0,-138.9,-133,0.436224
238982, 97.4619, 28, -1,-1,-1,56.8935,12.7001,0.015849,8.68e+08,11,125000,1,0,5.50577,18431.8,0,-134.609,-135,0.790528
238984, 97.5399, 31, -1,-1,-1,53.6944,18.0178,0.019953,8.68e+08,12,125000,1,0,3.25088,19663.6,0,-134.35,-137,1.58106
239016, 98.1113, 39, -1,-1,-1,45.5509,21.6869,0.015849,8.68e+08,10,125000,1,0,-3.81475,20002.3,0,-137.703,-133,0.436224
239018, 98.4282, 54, -1,-1,-1,32.8604,-15.6934,0.025119,8.68e+08,12,125000,1,0,-18.6967,14558.5,0,-140.151,-137,1.58106
239025, 98.4708, 40, -1,-1,-1,60.9756,22.8199,0.019953,8.68e+08,10,125000,1,0,14.8064,18958.7,0,-130.761,-133,0.436224
239027, 98.4895, 1, -1,-1,-1,49.3433,4.02696,0.019953,8.68e+08,11,125000,1,0,-3.74172,17830.4,0,-136.682,-135,0.790528
239029, 98.4932, 45, -1,-1,-1,50.3904,22.374,0.025119,8.68e+08,10,125000,1,0,0.762627,20031.7,0,-134.178,-133,0.436224
239041, 98.6969, 27, -1,-1,-1,51.1796,4.80986,0.015849,8.68e+08,11,125000,1,0,-2.03233,17767,0,-137.115,-135,0.790528
239058, 98.8806, 11, -1,-1,-1,57.3201,37.6516,0.025119,8.68e+08,11,125000,1,0,11.5151,18209,0,-130.718,-135,0.790528
239060, 98.8919, 5, -1,-1,-1,50.8916,5.95756,0.015849,8.68e+08,12,125000,1,0,-2.04711,18051.8,0,-137.12,-137,1.58106
239062, 99.0081, 30, -1,-1,-1,51.4066,20.2801,0.015849,8.68e+08,10,125000,1,0,1.47213,19930.7,0,-135.941,-133,0.436224
239064, 99.0495, 0, -1,-1,-1,50.9975,-0.836329,0.019953,8.68e+08,10,125000,1,0,-3.46925,16487,0,-136.593,-133,0.436224
239066, 99.1482, 24, -1,-1,-1,48.8042,9.34343,0.025119,8.68e+08,10,125000,1,0,-3.02603,18844.4,0,-135.444,-133,0.436224
239078, 99.2469, 49, -1,-1,-1,46.1161,7.79982,0.019953,8.68e+08,11,125000,1,0,-5.5192,18762.4,0,-137.264,-135,0.790528
239085, 100.031, 56, -1,-1,-1,35.9437,14.8854,0.015849,8.68e+08,11,125000,1,0,-11.8861,19488.2,0,-140.251,-135,0.790528
239087, 100.301, 3, -1,-1,-1,39.3525,-4.27633,0.015849,8.68e+08,12,125000,1,0,-12.5368,16825.9,0,-140.449,-137,1.58106
239089, 100.312, 50, -1,-1,-1,39.6135,14.146,0.019953,8.68e+08,12,125000,1,0,-9.40195,19558.3,0,-138.497,-137,1.58106
239101, 100.755, 23, -1,-1,-1,52.7669,10.7089,0.019953,8.68e+08,12,125000,1,0,0.84774,18688.5,0,-135.151,-137,1.58106
239108, 100.89, 37, -1,-1,-1,40.5376,22.945,0.025119,8.68e+08,10,125000,1,0,-7.58981,20013.8,0,-136.927,-133,0.436224
239110, 100.91, 4, -1,-1,-1,41.1415,14.3884,0.025119,8.68e+08,10,125000,1,0,-8.16159,19805.7,0,-137.109,-133,0.436224
239232, 101.056, 33, -1,-1,-1,48.4983,18.9946,0.019953,8.68e+08,12,125000,1,0,-1.49415,19917.9,0,-135.933,-137,1.58106
239234, 101.192, 41, -1,-1,-1,58.2688,24.8952,0.025119,8.68e+08,10,125000,1,0,11.2122,19795.4,0,-130.81,-133,0.436224
239246, 102.386, 17, -1,-1,-1,51.1746,0.474538,0.025119,8.68e+08,11,125000,1,0,-2.87665,16940.2,0,-135.396,-135,0.790528
239254, 103.859, 53, -1,-1,-1,63.3677,-20.5267,0.019953,8.68e+08,12,125000,1,0,0.950546,6587.21,1,-135.122,-137,1.58106
239261, 103.944, 2, -1,-1,-1,54.1874,12.6163,0.025119,8.68e+08,10,125000,1,0,3.00671,18975.2,0,-133.431,-133,0.436224
239273, 104.689, 12, -1,-1,-1,54.913,-1.85238,0.025119,8.68e+08,10,125000,1,0,-0.220249,15482.8,0,-134.511,-133,0.436224
239290, 105.236, 14, -1,-1,-1,53.6396,-5.90614,0.025119,8.68e+08,11,125000,1,0,-2.37602,14691.4,0,-135.231,-135,0.790528
239297, 105.515, 38, -1,-1,-1,46.6514,16.8355,0.025119,8.68e+08,12,125000,1,0,-3.22315,19966.7,0,-135.507,-137,1.58106
239305, 105.611, 59, -1,-1,-1,70.5782,23.1906,0.015849,8.68e+08,11,125000,1,0,40.5691,9101.52,1,-126.365,-135,0.790528
239307, 105.65, 46, -1,-1,-1,52.8958,29.0093,0.015849,8.68e+08,11,125000,1,0,4.95191,19914.4,0,-134.787,-135,0.790528
239309, 105.695, 22, -1,-1,-1,51.4039,9.10098,0.019953,8.68e+08,10,125000,1,0,-0.445816,18682.7,0,-135.584,-133,0.436224
239321, 106.329, 35, -1,-1,-1,43.0379,25.6615,0.019953,8.68e+08,10,125000,1,0,-5.05522,19962.4,0,-137.109,-133,0.436224
239323, 106.371, 51, -1,-1,-1,41.1184,27.7906,0.015849,8.68e+08,11,125000,1,0,-6.45377,19738.3,0,-138.562,-135,0.790528
239325, 106.705, 34, -1,-1,-1,46.0916,17.4756,0.025119,8.68e+08,12,125000,1,0,-3.53734,20001.6,0,-135.611,-137,1.58106
239327, 106.905, 10, -1,-1,-1,28.3922,30.4743,0.025119,8.68e+08,11,125000,1,0,-15.4474,18726.5,0,-139.27,-135,0.790528
239354, 107.681, 42, -1,-1,-1,57.9034,23.4627,0.025119,8.68e+08,10,125000,1,0,10.9098,19673.8,0,-130.901,-133,0.436224
239356, 107.727, 25, -1,-1,-1,47.35,6.57833,0.025119,8.68e+08,10,125000,1,0,-4.34498,18580.6,0,-135.879,-133,0.436224
239368, 107.923, 48, -1,-1,-1,57.3759,11.2263,0.015849,8.68e+08,10,125000,1,0,6.39341,17994.9,0,-134.32,-133,0.436224
239370, 107.945, 18, -1,-1,-1,40.1886,3.38354,0.019953,8.68e+08,10,125000,1,0,-10.2648,18378,0,-138.765,-133,0.436224
239377, 108.629, 32, -1,-1,-1,51.0548,15.679,0.015849,8.68e+08,11,125000,1,0,0.82706,19664.7,0,-136.156,-135,0.790528
239379, 108.653, 29, -1,-1,-1,52.7683,18.5141,0.019953,8.68e+08,11,125000,1,0,3.18635,19834.7,0,-134.37,-135,0.790528
239406, 109.137, 13, -1,-1,-1,56.1471,-3.21172,0.019953,8.68e+08,10,125000,1,0,0.66224,14603.6,0,-135.215,-133,0.436224
239408, 109.196, 57, -1,-1,-1,34.4409,34.819,0.015849,8.68e+08,10,125000,1,0,-11.0176,18475.2,0,-139.987,-133,0.436224
239410, 109.217, 5, -1,-1,-1,50.8916,5.95756,0.015849,8.68e+08,12,125000,1,0,-1.50652,18091.4,0,-136.938,-137,1.58106
239412, 109.5, 8, -1,-1,-1,60.2786,11.8187,0.015849,8.68e+08,10,125000,1,0,10.3691,17133.6,0,-133.067,-133,0.436224
239419, 109.952, 24, -1,-1,-1,48.8042,9.34343,0.025119,8.68e+08,10,125000,1,0,-2.4537,18913.5,0,-135.253,-133,0.436224
239421, 109.988, 52, -1,-1,-1,40.5674,33.2068,0.019953,8.68e+08,12,125000,1,0,-6.43816,19037.6,0,-137.556,-137,1.58106
239428, 110.271, 26, -1,-1,-1,46.6423,9.83152,0.015849,8.68e+08,12,125000,1,0,-4.20749,19140.1,0,-137.833,-137,1.58106
239430, 110.292, 9, -1,-1,-1,37.2508,22.8773,0.019953,8.68e+08,12,125000,1,0,-9.6756,19800.9,0,-138.579,-137,1.58106
239452, 111.509, 27, -1,-1,-1,51.1796,4.80986,0.015849,8.68e+08,11,125000,1,0,-1.37066,17748.2,0,-136.893,-135,0.790528
239454, 111.677, 55, -1,-1,-1,28.1932,-17.432,0.019953,8.68e+08,12,125000,1,0,-21.3637,14372,0,-141.816,-137,1.58106
239471, 112.267, 16, -1,-1,-1,44.9358,4.6114,0.019953,8.68e+08,11,125000,1,0,-6.42168,18332,0,-137.556,-135,0.790528
239473, 112.328, 33, -1,-1,-1,48.4983,18.9946,0.019953,8.68e+08,12,125000,1,0,-0.826506,20011.7,0,-135.708,-137,1.58106
239480, 112.489, 37, -1,-1,-1,40.5376,22.945,0.025119,8.68e+08,10,125000,1,0,-7.02261,19919.6,0,-136.745,-133,0.436224
239497, 112.856, 39, -1,-1,-1,45.5509,21.6869,0.015849,8.68e+08,10,125000,1,0,-3.00323,20074,0,-137.433,-133,0.436224
239499, 112.893, 11, -1,-1,-1,57.3201,37.6516,0.025119,8.68e+08,11,125000,1,0,12.9095,17991.5,0,-130.304,-135,0.790528
239501, 113.064, 3, -1,-1,-1,39.3525,-4.27633,0.015849,8.68e+08,12,125000,1,0,-12.0576,16879,0,-140.306,-137,1.58106
239508, 113.292, 44, -1,-1,-1,49.9843,31.8509,0.025119,8.68e+08,11,125000,1,0,2.43362,19472.1,0,-133.618,-135,0.790528
239510, 113.296, 6, -1,-1,-1,58.7446,14.9011,0.015849,8.68e+08,11,125000,1,0,9.80233,18252.3,0,-133.241,-135,0.790528
239517, 113.453, 20, -1,-1,-1,38.6376,-10.9667,0.025119,8.68e+08,11,125000,1,0,-13.76,15365.6,0,-138.805,-135,0.790528
239519, 113.841, 47, -1,-1,-1,61.5463,6.00261,0.015849,8.68e+08,12,125000,1,0,9.71392,14840.7,0,-133.269,-137,1.58106
239536, 114.42, 30, -1,-1,-1,51.4066,20.2801,0.015849,8.68e+08,10,125000,1,0,2.50457,19962.9,0,-135.595,-133,0.436224
239543, 114.723, 15, -1,-1,-1,46.4275,5.27678,0.019953,8.68e+08,12,125000,1,0,-5.05972,18326.7,0,-137.113,-137,1.58106
239555, 114.878, 43, -1,-1,-1,53.287,23.7311,0.019953,8.68e+08,10,125000,1,0,5.32362,19987.7,0,-133.665,-133,0.436224
239562, 115.004, 7, -1,-1,-1,49.8595,17.3781,0.015849,8.68e+08,12,125000,1,0,0.347273,19830.8,0,-136.316,-137,1.58106
239574, 115.265, 0, -1,-1,-1,50.9975,-0.836329,0.019953,8.68e+08,10,125000,1,0,-2.72971,16348.8,0,-136.347,-133,0.436224
239576, 115.362, 21, -1,-1,-1,42.7768,-8.93559,0.015849,8.68e+08,10,125000,1,0,-10.5746,15458.5,0,-139.862,-133,0.436224
239588, 115.565, 41, -1,-1,-1,58.2688,24.8952,0.025119,8.68e+08,10,125000,1,0,12.7406,19524.2,0,-130.353,-133,0.436224
239595, 115.765, 53, -1,-1,-1,63.3677,-20.5267,0.019953,8.68e+08,12,125000,1,0,1.18804,5922.56,0,-135.042,-137,1.58106
239602, 115.984, 23, -1,-1,-1,52.7669,10.7089,0.019953,8.68e+08,12,125000,1,0,1.77659,18647.4,0,-134.84,-137,1.58106
239604, 116.228, 19, -1,-1,-1,39.2054,-0.944952,0.015849,8.68e+08,11,125000,1,0,-11.3855,17514.9,0,-140.104,-135,0.790528
239606, 116.246, 58, -1,-1,-1,61.527,-8.14045,0.019953,8.68e+08,11,125000,1,0,4.05261,10498,0,-134.087,-135,0.790528
239608, 116.42, 54, -1,-1,-1,32.8604,-15.6934,0.025119,8.68e+08,12,125000,1,0,-18.1512,14528.1,0,-140.009,-137,1.58106
239610, 116.505, 28, -1,-1,-1,56.8935,12.7001,0.015849,8.68e+08,11,125000,1,0,6.9244,18227.5,0,-134.148,-135,0.790528
239612, 116.716, 36, -1,-1,-1,42.449,24.9,0.015849,8.68e+08,12,125000,1,0,-5.13641,19897.1,0,-138.134,-137,1.58106
239614, 116.76, 51, -1,-1,-1,41.1184,27.7906,0.015849,8.68e+08,11,125000,1,0,-5.93709,19640.5,0,-138.394,-135,0.790528
239626, 117.215, 45, -1,-1,-1,50.3904,22.374,0.025119,8.68e+08,10,125000,1,0,1.99148,20036.4,0,-133.766,-133,0.436224
239628, 117.97, 49, -1,-1,-1,46.1161,7.79982,0.019953,8.68e+08,11,125000,1,0,-4.60056,18739.7,0,-136.962,-135,0.790528
239635, 118.625, 48, -1,-1,-1,57.3759,11.2263,0.015849,8.68e+08,10,125000,1,0,7.19022,17716.7,0,-134.063,-133,0.436224
239652, 119.868, 57, -1,-1,-1,34.4409,34.819,0.015849,8.68e+08,10,125000,1,0,-10.569,18349.1,0,-139.85,-133,0.436224
239664, 120.19, 40, -1,-1,-1,60.9756,22.8199,0.019953,8.68e+08,10,125000,1,0,17.5811,18591.1,0,-129.999,-133,0.436224
239666, 120.459, 22, -1,-1,-1,51.4039,9.10098,0.019953,8.68e+08,10,125000,1,0,0.401122,18651.6,0,-135.299,-133,0.436224
239668, 120.516, 1, -1,-1,-1,49.3433,4.02696,0.019953,8.68e+08,11,125000,1,0,-2.65809,17662.3,0,-136.321,-135,0.790528
239680, 121.524, 31, -1,-1,-1,53.6944,18.0178,0.019953,8.68e+08,12,125000,1,0,4.98513,19538.6,0,-133.776,-137,1.58106
239692, 122.081, 17, -1,-1,-1,51.1746,0.474538,0.025119,8.68e+08,11,125000,1,0,-1.94413,16725.6,0,-135.084,-135,0.790528
239704, 122.354, 50, -1,-1,-1,39.6135,14.146,0.019953,8.68e+08,12,125000,1,0,-8.37568,19804.6,0,-138.175,-137,1.58106
239706, 122.497, 8, -1,-1,-1,60.2786,11.8187,0.015849,8.68e+08,10,125000,1,0,11.4998,16911.3,0,-132.723,-133,0.436224
239713, 122.533, 56, -1,-1,-1,35.9437,14.8854,0.015849,8.68e+08,11,125000,1,0,-10.8905,19752.6,0,-139.95,-135,0.790528
239715, 122.696, 4, -1,-1,-1,41.1415,14.3884,0.025119,8.68e+08,10,125000,1,0,-7.11563,19828.4,0,-136.775,-133,0.436224
239722, 122.961, 18, -1,-1,-1,40.1886,3.38354,0.019953,8.68e+08,10,125000,1,0,-9.62743,18423.5,0,-138.567,-133,0.436224
239724, 123.167, 25, -1,-1,-1,47.35,6.57833,0.025119,8.68e+08,10,125000,1,0,-3.57536,18573.2,0,-135.624,-133,0.436224
239731, 123.876, 2, -1,-1,-1,54.1874,12.6163,0.025119,8.68e+08,10,125000,1,0,4.35851,18831.4,0,-132.982,-133,0.436224
239733, 123.888, 5, -1,-1,-1,50.8916,5.95756,0.015849,8.68e+08,12,125000,1,0,-0.723894,18040.4,0,-136.676,-137,1.58106
239755, 124.8, 13, -1,-1,-1,56.1471,-3.21172,0.019953,8.68e+08,10,125000,1,0,1.38735,14296,0,-134.972,-133,0.436224
239762, 124.901, 35, -1,-1,-1,43.0379,25.6615,0.019953,8.68e+08,10,125000,1,0,-4.07678,19988.7,0,-136.786,-133,0.436224
239774, 125.603, 14, -1,-1,-1,53.6396,-5.90614,0.025119,8.68e+08,11,125000,1,0,-1.53175,14299.1,0,-134.948,-135,0.790528
239776, 125.66, 24, -1,-1,-1,48.8042,9.34343,0.025119,8.68e+08,10,125000,1,0,-1.60316,18904,0,-134.968,-133,0.436224
239783, 125.918, 47, -1,-1,-1,61.5463,6.00261,0.015849,8.68e+08,12,125000,1,0,10.5848,14515.2,0,-133,-137,1.58106
239785, 126.01, 21, -1,-1,-1,42.7768,-8.93559,0.015849,8.68e+08,10,125000,1,0,-10.1967,15492.1,0,-139.746,-133,0.436224
239787, 126.093, 26, -1,-1,-1,46.6423,9.83152,0.015849,8.68e+08,12,125000,1,0,-3.38949,19157.5,0,-137.562,-137,1.58106
239799, 126.534, 46, -1,-1,-1,52.8958,29.0093,0.015849,8.68e+08,11,125000,1,0,6.59342,19816.3,0,-134.251,-135,0.790528
239811, 126.948, 16, -1,-1,-1,44.9358,4.6114,0.019953,8.68e+08,11,125000,1,0,-5.74071,18346.8,0,-137.334,-135,0.790528
239813, 126.951, 6, -1,-1,-1,58.7446,14.9011,0.015849,8.68e+08,11,125000,1,0,11.0414,18109,0,-132.86,-135,0.790528
239820, 127.066, 37, -1,-1,-1,40.5376,22.945,0.025119,8.68e+08,10,125000,1,0,-6.29717,20000.2,0,-136.51,-133,0.436224
239837, 127.601, 0, -1,-1,-1,50.9975,-0.836329,0.019953,8.68e+08,10,125000,1,0,-2.16059,16284.3,0,-136.156,-133,0.436224
239854, 128.225, 20, -1,-1,-1,38.6376,-10.9667,0.025119,8.68e+08,11,125000,1,0,-13.2655,15351.5,0,-138.661,-135,0.790528
239856, 128.409, 10, -1,-1,-1,28.3922,30.4743,0.025119,8.68e+08,11,125000,1,0,-14.5867,18734.1,0,-139.028,-135,0.790528
239858, 128.419, 28, -1,-1,-1,56.8935,12.7001,0.015849,8.68e+08,11,125000,1,0,7.85436,18163.1,0,-133.85,-135,0.790528
239860, 128.524, 15, -1,-1,-1,46.4275,5.27678,0.019953,8.68e+08,12,125000,1,0,-4.39434,18342.6,0,-136.894,-137,1.58106
239862, 128.58, 34, -1,-1,-1,46.0916,17.4756,0.025119,8.68e+08,12,125000,1,0,-2.32231,19999.8,0,-135.206,-137,1.58106
239874, 128.901, 53, -1,-1,-1,63.3677,-20.5267,0.019953,8.68e+08,12,125000,1,0,1.42896,5423.14,0,-134.961,-137,1.58106
239876, 129.008, 29, -1,-1,-1,52.7683,18.5141,0.019953,8.68e+08,11,125000,1,0,4.65228,19773.6,0,-133.884,-135,0.790528
239888, 129.485, 58, -1,-1,-1,61.527,-8.14045,0.019953,8.68e+08,11,125000,1,0,4.55569,10034.8,0,-133.92,-135,0.790528
239890, 129.516, 30, -1,-1,-1,51.4066,20.2801,0.015849,8.68e+08,10,125000,1,0,3.56104,19990.6,0,-135.243,-133,0.436224
239897, 129.663, 12, -1,-1,-1,54.913,-1.85238,0.025119,8.68e+08,10,125000,1,0,0.966678,14939.8,0,-134.111,-133,0.436224
239899, 130.182, 38, -1,-1,-1,46.6514,16.8355,0.025119,8.68e+08,12,125000,1,0,-1.83819,19930.6,0,-135.045,-137,1.58106
239902, 130.403, 59, -1,-1,-1,70.5782,23.1906,0.015849,8.68e+08,11,125000,1,0,45.0205,5230.15,1,-125.755,-135,0.790528
239919, 130.947, 42, -1,-1,-1,57.9034,23.4627,0.025119,8.68e+08,10,125000,1,0,13.3941,19440.4,0,-130.161,-133,0.436224
239926, 131.241, 27, -1,-1,-1,51.1796,4.80986,0.015849,8.68e+08,11,125000,1,0,-0.327952,17573.2,0,-136.543,-135,0.790528
239933, 131.727, 32, -1,-1,-1,51.0548,15.679,0.015849,8.68e+08,11,125000,1,0,2.31751,19574.6,0,-135.657,-135,0.790528
239955, 132.251, 41, -1,-1,-1,58.2688,24.8952,0.025119,8.68e+08,10,125000,1,0,14.6702,19398.5,0,-129.795,-133,0.436224
239957, 132.528, 11, -1,-1,-1,57.3201,37.6516,0.025119,8.68e+08,11,125000,1,0,15.0076,17524.3,0,-129.7,-135,0.790528
239959, 132.546, 52, -1,-1,-1,40.5674,33.2068,0.019953,8.68e+08,12,125000,1,0,-5.34763,18950.4,0,-137.201,-137,1.58106
239966, 132.684, 1, -1,-1,-1,49.3433,4.02696,0.019953,8.68e+08,11,125000,1,0,-2.04655,17658.6,0,-136.117,-135,0.790528
239983, 133.162, 33, -1,-1,-1,48.4983,18.9946,0.019953,8.68e+08,12,125000,1,0,0.453129,20001.5,0,-135.278,-137,1.58106
239990, 133.402, 43, -1,-1,-1,53.287,23.7311,0.019953,8.68e+08,10,125000,1,0,6.81412,19949.3,0,-133.18,-133,0.436224
239992, 133.499, 55, -1,-1,-1,28.1932,-17.432,0.019953,8.68e+08,12,125000,1,0,-20.7233,14303.4,0,-141.659,-137,1.58106
239994, 134.16, 9, -1,-1,-1,37.2508,22.8773,0.019953,8.68e+08,12,125000,1,0,-8.56208,19814.9,0,-138.23,-137,1.58106
240006, 134.664, 23, -1,-1,-1,52.7669,10.7089,0.019953,8.68e+08,12,125000,1,0,2.95986,18523.8,0,-134.444,-137,1.58106
240008, 134.711, 31, -1,-1,-1,53.6944,18.0178,0.019953,8.68e+08,12,125000,1,0,5.99733,19553.6,0,-133.444,-137,1.58106
240025, 134.893, 3, -1,-1,-1,39.3525,-4.27633,0.015849,8.68e+08,12,125000,1,0,-11.2321,16780.2,0,-140.058,-137,1.58106
240032, 134.995, 39, -1,-1,-1,45.5509,21.6869,0.015849,8.68e+08,10,125000,1,0,-1.74093,20072.8,0,-137.011,-133,0.436224
240034, 135.249, 8, -1,-1,-1,60.2786,11.8187,0.015849,8.68e+08,10,125000,1,0,12.6544,16410.4,0,-132.378,-133,0.436224
240041, 135.353, 44, -1,-1,-1,49.9843,31.8509,0.025119,8.68e+08,11,125000,1,0,3.94501,19330.7,0,-133.114,-135,0.790528
240048, 135.641, 17, -1,-1,-1,51.1746,0.474538,0.025119,8.68e+08,11,125000,1,0,-1.29192,16400.5,0,-134.866,-135,0.790528
240050, 135.722, 19, -1,-1,-1,39.2054,-0.944952,0.015849,8.68e+08,11,125000,1,0,-10.609,17478.5,0,-139.868,-135,0.790528
240052, 135.955, 4, -1,-1,-1,41.1415,14.3884,0.025119,8.68e+08,10,125000,1,0,-6.46459,19709.7,0,-136.565,-133,0.436224
240064, 136.468, 5, -1,-1,-1,50.8916,5.95756,0.015849,8.68e+08,12,125000,1,0,-0.038399,17793.3,0,-136.445,-137,1.58106
240076, 136.76, 2, -1,-1,-1,54.1874,12.6163,0.025119,8.68e+08,10,125000,1,0,5.27191,18576.6,0,-132.681,-133,0.436224
240078, 136.857, 7, -1,-1,-1,49.8595,17.3781,0.015849,8.68e+08,12,125000,1,0,1.74436,19784.4,0,-135.847,-137,1.58106
240080, 136.964, 21, -1,-1,-1,42.7768,-8.93559,0.015849,8.68e+08,10,125000,1,0,-9.80727,15266.3,0,-139.626,-133,0.436224
240087, 137.545, 56, -1,-1,-1,35.9437,14.8854,0.015849,8.68e+08,11,125000,1,0,-10.2144,19631.7,0,-139.743,-135,0.790528
240089, 137.812, 50, -1,-1,-1,39.6135,14.146,0.019953,8.68e+08,12,125000,1,0,-7.64011,19670.5,0,-137.941,-137,1.58106
240111, 138.838, 45, -1,-1,-1,50.3904,22.374,0.025119,8.68e+08,10,125000,1,0,3.49345,19996.6,0,-133.264,-133,0.436224
240113, 138.951, 26, -1,-1,-1,46.6423,9.83152,0.015849,8.68e+08,12,125000,1,0,-2.70957,18988.6,0,-137.335,-137,1.58106
240115, 139.112, 48, -1,-1,-1,57.3759,11.2263,0.015849,8.68e+08,10,125000,1,0,8.7853,17364.1,0,-133.555,-133,0.436224
240123, 139.58, 47, -1,-1,-1,61.5463,6.00261,0.015849,8.68e+08,12,125000,1,0,11.5849,13807.8,1,-132.696,-137,1.58106
240125, 139.593, 36, -1,-1,-1,42.449,24.9,0.015849,8.68e+08,12,125000,1,0,-3.92818,19888.1,0,-137.735,-137,1.58106
240132, 140.047, 51, -1,-1,-1,41.1184,27.7906,0.015849,8.68e+08,11,125000,1,0,-4.75155,19607.6,0,-138.006,-135,0.790528
240144, 141.388, 54, -1,-1,-1,32.8604,-15.6934,0.025119,8.68e+08,12,125000,1,0,-17.3945,14363.7,0,-139.808,-137,1.58106
240146, 141.516, 46, -1,-1,-1,52.8958,29.0093,0.015849,8.68e+08,11,125000,1,0,7.85069,19782.9,0,-133.847,-135,0.790528
240153, 141.779, 35, -1,-1,-1,43.0379,25.6615,0.019953,8.68e+08,10,125000,1,0,-3.16093,20023.5,0,-136.481,-133,0.436224
240165, 142.093, 57, -1,-1,-1,34.4409,34.819,0.015849,8.68e+08,10,125000,1,0,-9.62435,18464.5,0,-139.559,-133,0.436224
240177, 142.353, 13, -1,-1,-1,56.1471,-3.21172,0.019953,8.68e+08,10,125000,1,0,2.2024,13880.1,0,-134.698,-133,0.436224
240179, 142.723, 22, -1,-1,-1,51.4039,9.10098,0.019953,8.68e+08,10,125000,1,0,1.72526,18466.9,0,-134.854,-133,0.436224
240181, 142.78, 49, -1,-1,-1,46.1161,7.79982,0.019953,8.68e+08,11,125000,1,0,-3.3466,18837.5,0,-136.546,-135,0.790528
240193, 143.092, 1, -1,-1,-1,49.3433,4.02696,0.019953,8.68e+08,11,125000,1,0,-1.51576,17678.5,0,-135.939,-135,0.790528
240200, 143.333, 25, -1,-1,-1,47.35,6.57833,0.025119,8.68e+08,10,125000,1,0,-2.54502,18479.5,0,-135.281,-133,0.436224
240212, 143.716, 14, -1,-1,-1,53.6396,-5.90614,0.025119,8.68e+08,11,125000,1,0,-0.78017,13936.4,0,-134.696,-135,0.790528
240229, 144.221, 18, -1,-1,-1,40.1886,3.38354,0.019953,8.68e+08,10,125000,1,0,-8.71157,18381.3,0,-138.281,-133,0.436224
240232, 144.274, 59, -1,-1,-1,70.5782,23.1906,0.015849,8.68e+08,11,125000,1,0,46.6158,2936.72,1,-125.555,-135,0.790528
240234, 144.497, 40, -1,-1,-1,60.9756,22.8199,0.019953,8.68e+08,10,125000,1,0,21.1725,18267.2,0,-129.08,-133,0.436224
240241, 144.879, 55, -1,-1,-1,28.1932,-17.432,0.019953,8.68e+08,12,125000,1,0,-20.3894,14398.9,0,-141.576,-137,1.58106
240243, 145.008, 34, -1,-1,-1,46.0916,17.4756,0.025119,8.68e+08,12,125000,1,0,-1.37511,20042.9,0,-134.888,-137,1.58106
240250, 145.168, 12, -1,-1,-1,54.913,-1.85238,0.025119,8.68e+08,10,125000,1,0,1.71136,14649.8,0,-133.861,-133,0.436224
240257, 145.478, 38, -1,-1,-1,46.6514,16.8355,0.025119,8.68e+08,12,125000,1,0,-0.944351,19979.4,0,-134.745,-137,1.58106
240264, 145.851, 16, -1,-1,-1,44.9358,4.6114,0.019953,8.68e+08,11,125000,1,0,-4.84749,18287.8,0,-137.041,-135,0.790528
240281, 146.599, 0, -1,-1,-1,50.9975,-0.836329,0.019953,8.68e+08,10,125000,1,0,-1.27328,16032.4,0,-135.859,-133,0.436224
240288, 147.024, 30, -1,-1,-1,51.4066,20.2801,0.015849,8.68e+08,10,125000,1,0,4.84987,19978.7,0,-134.817,-133,0.436224
240290, 147.032, 15, -1,-1,-1,46.4275,5.27678,0.019953,8.68e+08,12,125000,1,0,-3.48401,18273.3,0,-136.592,-137,1.58106
240297, 147.371, 9, -1,-1,-1,37.2508,22.8773,0.019953,8.68e+08,12,125000,1,0,-7.93261,19910.6,0,-138.031,-137,1.58106
240299, 147.713, 10, -1,-1,-1,28.3922,30.4743,0.025119,8.68e+08,11,125000,1,0,-13.8055,18755.3,0,-138.804,-135,0.790528
240301, 147.823, 28, -1,-1,-1,56.8935,12.7001,0.015849,8.68e+08,11,125000,1,0,9.44666,17869.3,0,-133.347,-135,0.790528
240303, 147.829, 3, -1,-1,-1,39.3525,-4.27633,0.015849,8.68e+08,12,125000,1,0,-10.7393,16812.9,0,-139.908,-137,1.58106
240325, 148.844, 41, -1,-1,-1,58.2688,24.8952,0.025119,8.68e+08,10,125000,1,0,16.7862,19234.2,0,-129.208,-133,0.436224
240342, 149.198, 20, -1,-1,-1,38.6376,-10.9667,0.025119,8.68e+08,11,125000,1,0,-12.5623,15209.2,0,-138.454,-135,0.790528
240344, 149.356, 58, -1,-1,-1,61.527,-8.14045,0.019953,8.68e+08,11,125000,1,0,5.27806,9150.72,0,-133.682,-135,0.790528
240346, 149.393, 24, -1,-1,-1,48.8042,9.34343,0.025119,8.68e+08,10,125000,1,0,-0.272685,18755.7,0,-134.521,-133,0.436224
240353, 149.68, 44, -1,-1,-1,49.9843,31.8509,0.025119,8.68e+08,11,125000,1,0,4.97808,19285.8,0,-132.773,-135,0.790528
240365, 149.865, 23, -1,-1,-1,52.7669,10.7089,0.019953,8.68e+08,12,125000,1,0,3.96206,18443.5,0,-134.11,-137,1.58106
240367, 149.894, 6, -1,-1,-1,58.7446,14.9011,0.015849,8.68e+08,11,125000,1,0,13.2784,17625,0,-132.194,-135,0.790528
240379, 150.281, 37, -1,-1,-1,40.5376,22.945,0.025119,8.68e+08,10,125000,1,0,-5.11012,20002.9,0,-136.122,-133,0.436224
240386, 150.363, 42, -1,-1,-1,57.9034,23.4627,0.025119,8.68e+08,10,125000,1,0,15.7232,19226.4,0,-129.499,-133,0.436224
240388, 150.478, 56, -1,-1,-1,35.9437,14.8854,0.015849,8.68e+08,11,125000,1,0,-9.62356,19745.4,0,-139.56,-135,0.790528
240525, 151.257, 5, -1,-1,-1,50.8916,5.95756,0.015849,8.68e+08,12,125000,1,0,0.785363,17710.3,0,-136.168,-137,1.58106
240527, 151.367, 17, -1,-1,-1,51.1746,0.474538,0.025119,8.68e+08,11,125000,1,0,-0.525017,16231.5,0,-134.608,-135,0.790528
240534, 151.531, 21, -1,-1,-1,42.7768,-8.93559,0.015849,8.68e+08,10,125000,1,0,-9.28843,15203.8,0,-139.464,-133,0.436224
240537, 151.575, 47, -1,-1,-1,61.5463,6.00261,0.015849,8.68e+08,12,125000,1,0,12.4728,13390.8,1,-132.431,-137,1.58106
240549, 151.906, 33, -1,-1,-1,48.4983,18.9946,0.019953,8.68e+08,12,125000,1,0,1.66162,20002.9,0,-134.872,-137,1.58106
240551, 151.976, 27, -1,-1,-1,51.1796,4.80986,0.015849,8.68e+08,11,125000,1,0,0.800845,17342.9,0,-136.163,-135,0.790528
240558, 152.222, 2, -1,-1,-1,54.1874,12.6163,0.025119,8.68e+08,10,125000,1,0,6.41393,18470.8,0,-132.308,-133,0.436224
240565, 152.805, 32, -1,-1,-1,51.0548,15.679,0.015849,8.68e+08,11,125000,1,0,3.75998,19488.7,0,-135.176,-135,0.790528
240567, 153.094, 53, -1,-1,-1,63.3677,-20.5267,0.019953,8.68e+08,12,125000,1,0,1.8101,4247.12,0,-134.831,-137,1.58106
240574, 153.241, 31, -1,-1,-1,53.6944,18.0178,0.019953,8.68e+08,12,125000,1,0,7.50138,19467,0,-132.958,-137,1.58106
240581, 153.505, 29, -1,-1,-1,52.7683,18.5141,0.019953,8.68e+08,11,125000,1,0,6.55096,19626.9,0,-133.263,-135,0.790528
240588, 153.682, 25, -1,-1,-1,47.35,6.57833,0.025119,8.68e+08,10,125000,1,0,-2.00442,18309.9,0,-135.1,-133,0.436224
240590, 154.799, 52, -1,-1,-1,40.5674,33.2068,0.019953,8.68e+08,12,125000,1,0,-4.2422,18847.1,0,-136.836,-137,1.58106
240602, 155.089, 36, -1,-1,-1,42.449,24.9,0.015849,8.68e+08,12,125000,1,0,-3.08294,19939.8,0,-137.454,-137,1.58106
240604, 155.268, 12, -1,-1,-1,54.913,-1.85238,0.025119,8.68e+08,10,125000,1,0,2.19893,14287.6,0,-133.698,-133,0.436224
240626, 156.409, 4, -1,-1,-1,41.1415,14.3884,0.025119,8.68e+08,10,125000,1,0,-5.43637,19734.7,0,-136.23,-133,0.436224
240628, 156.431, 39, -1,-1,-1,45.5509,21.6869,0.015849,8.68e+08,10,125000,1,0,-0.461707,20068.7,0,-136.581,-133,0.436224
240630, 156.453, 11, -1,-1,-1,57.3201,37.6516,0.025119,8.68e+08,11,125000,1,0,17.8212,16741.4,0,-128.93,-135,0.790528
240632, 156.522, 8, -1,-1,-1,60.2786,11.8187,0.015849,8.68e+08,10,125000,1,0,14.6847,15709.3,0,-131.79,-133,0.436224
240634, 156.557, 55, -1,-1,-1,28.1932,-17.432,0.019953,8.68e+08,12,125000,1,0,-20.047,14203,0,-141.49,-137,1.58106
240656, 157.459, 43, -1,-1,-1,53.287,23.7311,0.019953,8.68e+08,10,125000,1,0,8.91854,19807.1,0,-132.509,-133,0.436224
240664, 157.554, 14, -1,-1,-1,53.6396,-5.90614,0.025119,8.68e+08,11,125000,1,0,-0.206734,13449.5,1,-134.502,-135,0.790528
240671, 158.398, 7, -1,-1,-1,49.8595,17.3781,0.015849,8.68e+08,12,125000,1,0,3.20299,19724.2,0,-135.359,-137,1.58106
240678, 158.988, 50, -1,-1,-1,39.6135,14.146,0.019953,8.68e+08,12,125000,1,0,-6.60897,19697,0,-137.609,-137,1.58106
240680, 159.055, 15, -1,-1,-1,46.4275,5.27678,0.019953,8.68e+08,12,125000,1,0,-2.88083,18073.6,0,-136.391,-137,1.58106
240682, 159.189, 26, -1,-1,-1,46.6423,9.83152,0.015849,8.68e+08,12,125000,1,0,-1.60943,18927.3,0,-136.967,-137,1.58106
240699, 159.353, 0, -1,-1,-1,50.9975,-0.836329,0.019953,8.68e+08,10,125000,1,0,-0.670262,15686.5,0,-135.656,-133,0.436224
240706, 159.701, 24, -1,-1,-1,48.8042,9.34343,0.025119,8.68e+08,10,125000,1,0,0.323821,18585.3,0,-134.321,-133,0.436224
240708, 159.705, 57, -1,-1,-1,34.4409,34.819,0.015849,8.68e+08,10,125000,1,0,-8.86516,18240.2,0,-139.321,-133,0.436224
240721, 160.142, 59, -1,-1,-1,70.5782,23.1906,0.015849,8.68e+08,11,125000,1,0,47.2492,-301.968,1,-125.476,-135,0.790528
240728, 160.271, 19, -1,-1,-1,39.2054,-0.944952,0.015849,8.68e+08,11,125000,1,0,-9.61808,17352.5,0,-139.563,-135,0.790528
240760, 160.838, 58, -1,-1,-1,61.527,-8.14045,0.019953,8.68e+08,11,125000,1,0,5.67399,8710.1,0,-133.552,-135,0.790528
240762, 161.041, 35, -1,-1,-1,43.0379,25.6615,0.019953,8.68e+08,10,125000,1,0,-2.081,20028,0,-136.121,-133,0.436224
240774, 161.247, 56, -1,-1,-1,35.9437,14.8854,0.015849,8.68e+08,11,125000,1,0,-9.12538,19872.5,0,-139.405,-135,0.790528
240781, 161.552, 38, -1,-1,-1,46.6514,16.8355,0.025119,8.68e+08,12,125000,1,0,0.027578,19806.8,0,-134.418,-137,1.58106
240783, 161.641, 18, -1,-1,-1,40.1886,3.38354,0.019953,8.68e+08,10,125000,1,0,-7.9486,18377.8,0,-138.039,-133,0.436224
240795, 161.725, 23, -1,-1,-1,52.7669,10.7089,0.019953,8.68e+08,12,125000,1,0,4.77075,18414.4,0,-133.843,-137,1.58106
240812, 162.008, 28, -1,-1,-1,56.8935,12.7001,0.015849,8.68e+08,11,125000,1,0,10.6776,17676.5,0,-132.967,-135,0.790528
240824, 162.124, 30, -1,-1,-1,51.4066,20.2801,0.015849,8.68e+08,10,125000,1,0,6.02403,19985.9,0,-134.432,-133,0.436224
240826, 162.128, 5, -1,-1,-1,50.8916,5.95756,0.015849,8.68e+08,12,125000,1,0,1.40395,17695.8,0,-135.96,-137,1.58106
240828, 162.135, 9, -1,-1,-1,37.2508,22.8773,0.019953,8.68e+08,12,125000,1,0,-7.21697,19989,0,-137.802,-137,1.58106
240830, 162.195, 3, -1,-1,-1,39.3525,-4.27633,0.015849,8.68e+08,12,125000,1,0,-10.1887,16813.3,0,-139.739,-137,1.58106
240832, 162.225, 37, -1,-1,-1,40.5376,22.945,0.025119,8.68e+08,10,125000,1,0,-4.48272,20096.3,0,-135.915,-133,0.436224
240834, 162.261, 16, -1,-1,-1,44.9358,4.6114,0.019953,8.68e+08,11,125000,1,0,-4.05594,18252.7,0,-136.78,-135,0.790528
240836, 162.267, 54, -1,-1,-1,32.8604,-15.6934,0.025119,8.68e+08,12,125000,1,0,-16.7624,14527.8,0,-139.637,-137,1.58106
240838, 162.483, 46, -1,-1,-1,52.8958,29.0093,0.015849,8.68e+08,11,125000,1,0,9.74211,19627.2,0,-133.252,-135,0.790528
240840, 162.686, 49, -1,-1,-1,46.1161,7.79982,0.019953,8.68e+08,11,125000,1,0,-2.30695,18763.8,0,-136.199,-135,0.790528
240842, 162.74, 51, -1,-1,-1,41.1184,27.7906,0.015849,8.68e+08,11,125000,1,0,-3.55546,19757.7,0,-137.609,-135,0.790528
240859, 163.286, 48, -1,-1,-1,57.3759,11.2263,0.015849,8.68e+08,10,125000,1,0,10.7969,17045.1,0,-132.931,-133,0.436224
240871, 163.56, 45, -1,-1,-1,50.3904,22.374,0.025119,8.68e+08,10,125000,1,0,5.33996,20104.9,0,-132.654,-133,0.436224
240873, 163.608, 47, -1,-1,-1,61.5463,6.00261,0.015849,8.68e+08,12,125000,1,0,13.3686,12921.1,0,-132.167,-137,1.58106
240875, 163.666, 31, -1,-1,-1,53.6944,18.0178,0.019953,8.68e+08,12,125000,1,0,8.39496,19502.2,0,-132.674,-137,1.58106
240877, 163.758, 2, -1,-1,-1,54.1874,12.6163,0.025119,8.68e+08,10,125000,1,0,7.30137,18431.9,0,-132.022,-133,0.436224
240879, 163.774, 20, -1,-1,-1,38.6376,-10.9667,0.025119,8.68e+08,11,125000,1,0,-12.073,15176.3,0,-138.309,-135,0.790528
240886, 164.296, 6, -1,-1,-1,58.7446,14.9011,0.015849,8.68e+08,11,125000,1,0,14.7938,17347.7,0,-131.758,-135,0.790528
240888, 164.493, 21, -1,-1,-1,42.7768,-8.93559,0.015849,8.68e+08,10,125000,1,0,-8.82595,15164.3,0,-139.319,-133,0.436224
240905, 165.12, 22, -1,-1,-1,51.4039,9.10098,0.019953,8.68e+08,10,125000,1,0,3.12082,18239.6,0,-134.387,-133,0.436224
240922, 165.575, 13, -1,-1,-1,56.1471,-3.21172,0.019953,8.68e+08,10,125000,1,0,3.2803,13176,0,-134.337,-133,0.436224
240924, 166.017, 10, -1,-1,-1,28.3922,30.4743,0.025119,8.68e+08,11,125000,1,0,-13.0569,18778.8,0,-138.586,-135,0.790528
240926, 166.063, 1, -1,-1,-1,49.3433,4.02696,0.019953,8.68e+08,11,125000,1,0,-0.317715,17422.6,0,-135.536,-135,0.790528
240928, 166.383, 34, -1,-1,-1,46.0916,17.4756,0.025119,8.68e+08,12,125000,1,0,-0.091801,20028.5,0,-134.457,-137,1.58106
240930, 166.488, 33, -1,-1,-1,48.4983,18.9946,0.019953,8.68e+08,12,125000,1,0,2.64455,20041.9,0,-134.543,-137,1.58106
240947, 167.487, 8, -1,-1,-1,60.2786,11.8187,0.015849,8.68e+08,10,125000,1,0,15.7828,15413,0,-131.482,-133,0.436224
240950, 167.744, 40, -1,-1,-1,60.9756,22.8199,0.019953,8.68e+08,10,125000,1,0,25.2283,17517.9,1,-128.135,-133,0.436224
240968, 168.597, 53, -1,-1,-1,63.3677,-20.5267,0.019953,8.68e+08,12,125000,1,0,2.00852,3557.63,1,-134.764,-137,1.58106
240970, 168.602, 42, -1,-1,-1,57.9034,23.4627,0.025119,8.68e+08,10,125000,1,0,18.1758,18978.4,0,-128.836,-133,0.436224
240982, 169.402, 4, -1,-1,-1,41.1415,14.3884,0.025119,8.68e+08,10,125000,1,0,-4.76682,19824.2,0,-136.01,-133,0.436224
240984, 169.518, 55, -1,-1,-1,28.1932,-17.432,0.019953,8.68e+08,12,125000,1,0,-19.6673,14264.7,0,-141.394,-137,1.58106
240986, 169.569, 43, -1,-1,-1,53.287,23.7311,0.019953,8.68e+08,10,125000,1,0,10.0635,19826.3,0,-132.152,-133,0.436224
240988, 169.891, 52, -1,-1,-1,40.5674,33.2068,0.019953,8.68e+08,12,125000,1,0,-3.47412,18822.8,0,-136.581,-137,1.58106
241016, 170.858, 59, -1,-1,-1,70.5782,23.1906,0.015849,8.68e+08,11,125000,1,0,46.8791,-2081.39,1,-125.519,-135,0.790528
241018, 170.873, 17, -1,-1,-1,51.1746,0.474538,0.025119,8.68e+08,11,125000,1,0,0.441962,15930.2,0,-134.282,-135,0.790528
241030, 171.272, 27, -1,-1,-1,51.1796,4.80986,0.015849,8.68e+08,11,125000,1,0,1.88397,17107.1,0,-135.799,-135,0.790528
241032, 171.419, 41, -1,-1,-1,58.2688,24.8952,0.025119,8.68e+08,10,125000,1,0,20.0574,18833.6,0,-128.353,-133,0.436224
241034, 171.605, 7, -1,-1,-1,49.8595,17.3781,0.015849,8.68e+08,12,125000,1,0,4.14345,19759.4,0,-135.047,-137,1.58106
241046, 172.044, 18, -1,-1,-1,40.1886,3.38354,0.019953,8.68e+08,10,125000,1,0,-7.48722,18235.5,0,-137.892,-133,0.436224
241058, 172.342, 5, -1,-1,-1,50.8916,5.95756,0.015849,8.68e+08,12,125000,1,0,1.99574,17461.9,0,-135.762,-137,1.58106
241060, 172.489, 32, -1,-1,-1,51.0548,15.679,0.015849,8.68e+08,11,125000,1,0,5.19009,19399.7,0,-134.703,-135,0.790528
241062, 172.692, 38, -1,-1,-1,46.6514,16.8355,0.025119,8.68e+08,12,125000,1,0,0.722909,19891.2,0,-134.184,-137,1.58106
241069, 172.871, 29, -1,-1,-1,52.7683,18.5141,0.019953,8.68e+08,11,125000,1,0,8.17633,19527.1,0,-132.741,-135,0.790528
241076, 173.107, 28, -1,-1,-1,56.8935,12.7001,0.015849,8.68e+08,11,125000,1,0,11.6836,17309.9,0,-132.662,-135,0.790528
241088, 173.472, 12, -1,-1,-1,54.913,-1.85238,0.025119,8.68e+08,10,125000,1,0,3.08121,13830.8,0,-133.402,-133,0.436224
241095, 173.513, 16, -1,-1,-1,44.9358,4.6114,0.019953,8.68e+08,11,125000,1,0,-3.504,18068.4,0,-136.596,-135,0.790528
241097, 173.605, 57, -1,-1,-1,34.4409,34.819,0.015849,8.68e+08,10,125000,1,0,-8.25896,18245.5,0,-139.13,-133,0.436224
241104, 173.634, 24, -1,-1,-1,48.8042,9.34343,0.025119,8.68e+08,10,125000,1,0,1.14967,18565.3,0,-134.043,-133,0.436224
241111, 174.068, 39, -1,-1,-1,45.5509,21.6869,0.015849,8.68e+08,10,125000,1,0,0.639162,20093.2,0,-136.211,-133,0.436224
241118, 174.296, 44, -1,-1,-1,49.9843,31.8509,0.025119,8.68e+08,11,125000,1,0,6.86282,19031,0,-132.159,-135,0.790528
241121, 174.584, 11, -1,-1,-1,57.3201,37.6516,0.025119,8.68e+08,11,125000,1,0,20.1623,16041.2,1,-128.326,-135,0.790528
241129, 175.391, 14, -1,-1,-1,53.6396,-5.90614,0.025119,8.68e+08,11,125000,1,0,0.529681,13022.6,1,-134.254,-135,0.790528
241136, 175.709, 31, -1,-1,-1,53.6944,18.0178,0.019953,8.68e+08,12,125000,1,0,9.47495,19276.4,0,-132.334,-137,1.58106
241153, 176.522, 56, -1,-1,-1,35.9437,14.8854,0.015849,8.68e+08,11,125000,1,0,-8.40837,19747,0,-139.179,-135,0.790528
241155, 177.178, 15, -1,-1,-1,46.4275,5.27678,0.019953,8.68e+08,12,125000,1,0,-1.95268,17981.3,0,-136.081,-137,1.58106
241167, 177.51, 54, -1,-1,-1,32.8604,-15.6934,0.025119,8.68e+08,12,125000,1,0,-16.3015,14244.6,0,-139.512,-137,1.58106
241169, 177.624, 36, -1,-1,-1,42.449,24.9,0.015849,8.68e+08,12,125000,1,0,-1.8098,19915.6,0,-137.028,-137,1.58106
241171, 177.864, 25, -1,-1,-1,47.35,6.57833,0.025119,8.68e+08,10,125000,1,0,-0.707049,18109.1,0,-134.664,-133,0.436224
241198, 178.895, 2, -1,-1,-1,54.1874,12.6163,0.025119,8.68e+08,10,125000,1,0,8.51638,18054.7,0,-131.634,-133,0.436224
241200, 179.039, 19, -1,-1,-1,39.2054,-0.944952,0.015849,8.68e+08,11,125000,1,0,-8.85025,17298.4,0,-139.322,-135,0.790528
241202, 179.09, 26, -1,-1,-1,46.6423,9.83152,0.015849,8.68e+08,12,125000,1,0,-0.488022,18852.5,0,-136.59,-137,1.58106
241204, 179.467, 9, -1,-1,-1,37.2508,22.8773,0.019953,8.68e+08,12,125000,1,0,-6.35919,19843.1,0,-137.524,-137,1.58106
241207, 179.51, 47, -1,-1,-1,61.5463,6.00261,0.015849,8.68e+08,12,125000,1,0,14.5516,11863.5,1,-131.826,-137,1.58106
241229, 179.915, 50, -1,-1,-1,39.6135,14.146,0.019953,8.68e+08,12,125000,1,0,-5.5603,19719.3,0,-137.268,-137,1.58106
241231, 180.246, 30, -1,-1,-1,51.4066,20.2801,0.015849,8.68e+08,10,125000,1,0,7.52169,19724.8,0,-133.948,-133,0.436224
241233, 180.341, 37, -1,-1,-1,40.5376,22.945,0.025119,8.68e+08,10,125000,1,0,-3.50695,19934.9,0,-135.592,-133,0.436224
241235, 180.406, 51, -1,-1,-1,41.1184,27.7906,0.015849,8.68e+08,11,125000,1,0,-2.59292,19568.5,0,-137.288,-135,0.790528
241237, 180.56, 46, -1,-1,-1,52.8958,29.0093,0.015849,8.68e+08,11,125000,1,0,11.5187,19277,0,-132.708,-135,0.790528
241254, 181.442, 35, -1,-1,-1,43.0379,25.6615,0.019953,8.68e+08,10,125000,1,0,-0.891654,20011.1,0,-135.721,-133,0.436224
241256, 182.143, 33, -1,-1,-1,48.4983,18.9946,0.019953,8.68e+08,12,125000,1,0,3.74712,20060.2,0,-134.176,-137,1.58106
241259, 182.17, 58, -1,-1,-1,61.527,-8.14045,0.019953,8.68e+08,11,125000,1,0,6.35877,7607.93,1,-133.327,-135,0.790528
241271, 183.071, 0, -1,-1,-1,50.9975,-0.836329,0.019953,8.68e+08,10,125000,1,0,0.466141,15461.7,0,-135.273,-133,0.436224
241303, 183.579, 45, -1,-1,-1,50.3904,22.374,0.025119,8.68e+08,10,125000,1,0,6.95687,20047.2,0,-132.128,-133,0.436224
241320, 183.817, 49, -1,-1,-1,46.1161,7.79982,0.019953,8.68e+08,11,125000,1,0,-1.16668,18651.2,0,-135.817,-135,0.790528
241322, 183.837, 40, -1,-1,-1,60.9756,22.8199,0.019953,8.68e+08,10,125000,1,0,28.4851,16920.6,0,-127.444,-133,0.436224
241329, 183.892, 24, -1,-1,-1,48.8042,9.34343,0.025119,8.68e+08,10,125000,1,0,1.7731,18599.2,0,-133.834,-133,0.436224
241331, 183.954, 48, -1,-1,-1,57.3759,11.2263,0.015849,8.68e+08,10,125000,1,0,12.6387,16496.2,0,-132.377,-133,0.436224
241338, 184.095, 16, -1,-1,-1,44.9358,4.6114,0.019953,8.68e+08,11,125000,1,0,-2.97772,18111.7,0,-136.421,-135,0.790528
241340, 184.245, 18, -1,-1,-1,40.1886,3.38354,0.019953,8.68e+08,10,125000,1,0,-6.94026,18290.9,0,-137.716,-133,0.436224
241342, 184.799, 53, -1,-1,-1,63.3677,-20.5267,0.019953,8.68e+08,12,125000,1,0,2.17517,2807.3,0,-134.707,-137,1.58106
241349, 184.849, 1, -1,-1,-1,49.3433,4.02696,0.019953,8.68e+08,11,125000,1,0,0.690839,17220.3,0,-135.197,-135,0.790528
241351, 185.242, 21, -1,-1,-1,42.7768,-8.93559,0.015849,8.68e+08,10,125000,1,0,-8.08446,14933.7,0,-139.084,-133,0.436224
241358, 185.301, 3, -1,-1,-1,39.3525,-4.27633,0.015849,8.68e+08,12,125000,1,0,-9.29585,16650,0,-139.462,-137,1.58106
241360, 185.385, 38, -1,-1,-1,46.6514,16.8355,0.025119,8.68e+08,12,125000,1,0,1.53887,19952.3,0,-133.91,-137,1.58106
241362, 185.471, 23, -1,-1,-1,52.7669,10.7089,0.019953,8.68e+08,12,125000,1,0,6.46807,18088,0,-133.287,-137,1.58106
241364, 185.682, 13, -1,-1,-1,56.1471,-3.21172,0.019953,8.68e+08,10,125000,1,0,4.20724,12519.8,0,-134.029,-133,0.436224
241381, 186.627, 10, -1,-1,-1,28.3922,30.4743,0.025119,8.68e+08,11,125000,1,0,-12.2039,18770.7,0,-138.334,-135,0.790528
241403, 187.351, 41, -1,-1,-1,58.2688,24.8952,0.025119,8.68e+08,10,125000,1,0,22.7065,18541.4,0,-127.707,-133,0.436224
241405, 187.447, 52, -1,-1,-1,40.5674,33.2068,0.019953,8.68e+08,12,125000,1,0,-2.5602,18749.1,0,-136.277,-137,1.58106
241407, 187.795, 56, -1,-1,-1,35.9437,14.8854,0.015849,8.68e+08,11,125000,1,0,-7.87084,19867,0,-139.008,-135,0.790528
241409, 187.816, 20, -1,-1,-1,38.6376,-10.9667,0.025119,8.68e+08,11,125000,1,0,-11.2651,14938.1,0,-138.066,-135,0.790528
241416, 187.949, 34, -1,-1,-1,46.0916,17.4756,0.025119,8.68e+08,12,125000,1,0,1.26995,20000,0,-133.999,-137,1.58106
241418, 188.138, 6, -1,-1,-1,58.7446,14.9011,0.015849,8.68e+08,11,125000,1,0,17.5157,16583,0,-131.009,-135,0.790528
241425, 188.665, 11, -1,-1,-1,57.3201,37.6516,0.025119,8.68e+08,11,125000,1,0,22.1117,15430.3,0,-127.847,-135,0.790528
241427, 188.668, 22, -1,-1,-1,51.4039,9.10098,0.019953,8.68e+08,10,125000,1,0,4.6656,17936.2,0,-133.874,-133,0.436224
241450, 190.106, 59, -1,-1,-1,70.5782,23.1906,0.015849,8.68e+08,11,125000,1,0,44.7525,-5442.14,1,-125.782,-135,0.790528
241457, 190.351, 39, -1,-1,-1,45.5509,21.6869,0.015849,8.68e+08,10,125000,1,0,1.6999,20123.7,0,-135.855,-133,0.436224
241479, 190.622, 8, -1,-1,-1,60.2786,11.8187,0.015849,8.68e+08,10,125000,1,0,18.2093,14329.4,0,-130.826,-133,0.436224
241491, 190.68, 26, -1,-1,-1,46.6423,9.83152,0.015849,8.68e+08,12,125000,1,0,0.184976,18891,0,-136.364,-137,1.58106
241498, 190.812, 43, -1,-1,-1,53.287,23.7311,0.019953,8.68e+08,10,125000,1,0,12.2391,19667.9,0,-131.492,-133,0.436224
241500, 190.946, 4, -1,-1,-1,41.1415,14.3884,0.025119,8.68e+08,10,125000,1,0,-3.62541,19826.3,0,-135.632,-133,0.436224
241502, 190.986, 12, -1,-1,-1,54.913,-1.85238,0.025119,8.68e+08,10,125000,1,0,3.93156,13346.4,0,-133.119,-133,0.436224
241504, 191.084, 42, -1,-1,-1,57.9034,23.4627,0.025119,8.68e+08,10,125000,1,0,21.6453,18500.4,0,-127.959,-133,0.436224
241511, 191.218, 7, -1,-1,-1,49.8595,17.3781,0.015849,8.68e+08,12,125000,1,0,5.61465,19692.8,0,-134.562,-137,1.58106
241513, 191.482, 44, -1,-1,-1,49.9843,31.8509,0.025119,8.68e+08,11,125000,1,0,8.27317,18871.5,0,-131.707,-135,0.790528
241530, 192.116, 31, -1,-1,-1,53.6944,18.0178,0.019953,8.68e+08,12,125000,1,0,11.0389,19164.8,0,-131.853,-137,1.58106
241532, 192.258, 15, -1,-1,-1,46.4275,5.27678,0.019953,8.68e+08,12,125000,1,0,-1.16194,17926.3,0,-135.815,-137,1.58106
241544, 192.526, 17, -1,-1,-1,51.1746,0.474538,0.025119,8.68e+08,11,125000,1,0,1.53532,15517.2,0,-133.915,-135,0.790528
241556, 192.705, 55, -1,-1,-1,28.1932,-17.432,0.019953,8.68e+08,12,125000,1,0,-18.9886,14141.3,0,-141.22,-137,1.58106
241558, 193.038, 25, -1,-1,-1,47.35,6.57833,0.025119,8.68e+08,10,125000,1,0,0.13351,18046.6,0,-134.381,-133,0.436224
241560, 193.133, 9, -1,-1,-1,37.2508,22.8773,0.019953,8.68e+08,12,125000,1,0,-5.66818,19925.4,0,-137.299,-137,1.58106
241567, 193.249, 32, -1,-1,-1,51.0548,15.679,0.015849,8.68e+08,11,125000,1,0,6.80021,19264.5,0,-134.178,-135,0.790528
241569, 193.327, 14, -1,-1,-1,53.6396,-5.90614,0.025119,8.68e+08,11,125000,1,0,1.26442,12545.8,0,-134.007,-135,0.790528
241571, 193.496, 36, -1,-1,-1,42.449,24.9,0.015849,8.68e+08,12,125000,1,0,-0.878026,19948.3,0,-136.716,-137,1.58106
241583, 193.997, 54, -1,-1,-1,32.8604,-15.6934,0.025119,8.68e+08,12,125000,1,0,-15.8037,14198.8,0,-139.374,-137,1.58106
241585, 194, 29, -1,-1,-1,52.7683,18.5141,0.019953,8.68e+08,11,125000,1,0,10.1011,19361.5,0,-132.138,-135,0.790528
241587, 194.503, 28, -1,-1,-1,56.8935,12.7001,0.015849,8.68e+08,11,125000,1,0,13.7384,16754.2,0,-132.055,-135,0.790528
241614, 195.365, 46, -1,-1,-1,52.8958,29.0093,0.015849,8.68e+08,11,125000,1,0,13.0929,19164,0,-132.24,-135,0.790528
241616, 195.43, 33, -1,-1,-1,48.4983,18.9946,0.019953,8.68e+08,12,125000,1,0,4.72606,19893.7,0,-133.852,-137,1.58106
241618, 195.434, 18, -1,-1,-1,40.1886,3.38354,0.019953,8.68e+08,10,125000,1,0,-6.43294,18128.9,0,-137.552,-133,0.436224
241620, 195.597, 51, -1,-1,-1,41.1184,27.7906,0.015849,8.68e+08,11,125000,1,0,-1.7407,19587.4,0,-137.003,-135,0.790528
241627, 195.786, 27, -1,-1,-1,51.1796,4.80986,0.015849,8.68e+08,11,125000,1,0,3.30839,16684.4,0,-135.323,-135,0.790528
241629, 195.806, 16, -1,-1,-1,44.9358,4.6114,0.019953,8.68e+08,11,125000,1,0,-2.38669,17905.2,0,-136.223,-135,0.790528
241646, 196.825, 2, -1,-1,-1,54.1874,12.6163,0.025119,8.68e+08,10,125000,1,0,10.0372,17790.6,0,-131.159,-133,0.436224
241653, 197.223, 5, -1,-1,-1,50.8916,5.95756,0.015849,8.68e+08,12,125000,1,0,3.48266,17066.4,0,-135.265,-137,1.58106
241655, 197.224, 35, -1,-1,-1,43.0379,25.6615,0.019953,8.68e+08,10,125000,1,0,0.064625,19842.5,0,-135.4,-133,0.436224
241662, 197.409, 24, -1,-1,-1,48.8042,9.34343,0.025119,8.68e+08,10,125000,1,0,2.61586,18341.7,0,-133.551,-133,0.436224
241684, 197.737, 57, -1,-1,-1,34.4409,34.819,0.015849,8.68e+08,10,125000,1,0,-7.19082,18095.6,0,-138.788,-133,0.436224
241691, 198.079, 50, -1,-1,-1,39.6135,14.146,0.019953,8.68e+08,12,125000,1,0,-4.62337,19761.1,0,-136.959,-137,1.58106
241693, 198.116, 45, -1,-1,-1,50.3904,22.374,0.025119,8.68e+08,10,125000,1,0,8.2123,19839.1,0,-131.726,-133,0.436224
241695, 198.268, 49, -1,-1,-1,46.1161,7.79982,0.019953,8.68e+08,11,125000,1,0,-0.363022,18409.2,0,-135.547,-135,0.790528
241702, 198.44, 20, -1,-1,-1,38.6376,-10.9667,0.025119,8.68e+08,11,125000,1,0,-10.9079,14713.2,0,-137.957,-135,0.790528
241704, 198.506, 1, -1,-1,-1,49.3433,4.02696,0.019953,8.68e+08,11,125000,1,0,1.44123,16885.7,0,-134.944,-135,0.790528
241711, 199.199, 19, -1,-1,-1,39.2054,-0.944952,0.015849,8.68e+08,11,125000,1,0,-8.01488,17206.8,0,-139.058,-135,0.790528
241718, 199.571, 53, -1,-1,-1,63.3677,-20.5267,0.019953,8.68e+08,12,125000,1,0,2.28934,1879.59,0,-134.668,-137,1.58106
241726, 199.67, 6, -1,-1,-1,58.7446,14.9011,0.015849,8.68e+08,11,125000,1,0,18.9356,16000.7,1,-130.635,-135,0.790528
241854, 201.116, 47, -1,-1,-1,61.5463,6.00261,0.015849,8.68e+08,12,125000,1,0,16.13,10513.5,1,-131.383,-137,1.58106
241856, 201.203, 26, -1,-1,-1,46.6423,9.83152,0.015849,8.68e+08,12,125000,1,0,0.809796,18720.3,0,-136.153,-137,1.58106
241858, 201.239, 39, -1,-1,-1,45.5509,21.6869,0.015849,8.68e+08,10,125000,1,0,2.43576,20204.7,0,-135.608,-133,0.436224
241876, 202.033, 40, -1,-1,-1,60.9756,22.8199,0.019953,8.68e+08,10,125000,1,0,32.7078,15983.3,1,-126.632,-133,0.436224
241883, 202.25, 8, -1,-1,-1,60.2786,11.8187,0.015849,8.68e+08,10,125000,1,0,19.4784,13822.6,0,-130.496,-133,0.436224
241890, 202.662, 37, -1,-1,-1,40.5376,22.945,0.025119,8.68e+08,10,125000,1,0,-2.26014,20120.8,0,-135.176,-133,0.436224
241897, 202.824, 38, -1,-1,-1,46.6514,16.8355,0.025119,8.68e+08,12,125000,1,0,2.70561,19950.2,0,-133.519,-137,1.58106
241899, 202.848, 4, -1,-1,-1,41.1415,14.3884,0.025119,8.68e+08,10,125000,1,0,-2.97643,19916.2,0,-135.415,-133,0.436224
241902, 203.125, 42, -1,-1,-1,57.9034,23.4627,0.025119,8.68e+08,10,125000,1,0,23.754,18300.1,1,-127.462,-133,0.436224
241919, 203.88, 30, -1,-1,-1,51.4066,20.2801,0.015849,8.68e+08,10,125000,1,0,9.64715,19777.9,0,-133.277,-133,0.436224
241926, 204.095, 25, -1,-1,-1,47.35,6.57833,0.025119,8.68e+08,10,125000,1,0,0.759866,18050,0,-134.171,-133,0.436224
241934, 204.514, 58, -1,-1,-1,61.527,-8.14045,0.019953,8.68e+08,11,125000,1,0,6.9914,6347.71,1,-133.121,-135,0.790528
241942, 204.715, 41, -1,-1,-1,58.2688,24.8952,0.025119,8.68e+08,10,125000,1,0,25.9998,18094.1,1,-126.961,-133,0.436224
241954, 204.958, 21, -1,-1,-1,42.7768,-8.93559,0.015849,8.68e+08,10,125000,1,0,-7.37907,14701.5,0,-138.859,-133,0.436224
241971, 205.538, 9, -1,-1,-1,37.2508,22.8773,0.019953,8.68e+08,12,125000,1,0,-5.02874,20013.8,0,-137.089,-137,1.58106
241978, 205.73, 43, -1,-1,-1,53.287,23.7311,0.019953,8.68e+08,10,125000,1,0,13.9176,19593.5,0,-131,-133,0.436224
241980, 205.854, 48, -1,-1,-1,57.3759,11.2263,0.015849,8.68e+08,10,125000,1,0,14.721,15760.7,0,-131.774,-133,0.436224
241987, 206.066, 0, -1,-1,-1,50.9975,-0.836329,0.019953,8.68e+08,10,125000,1,0,1.58502,14957.7,0,-134.897,-133,0.436224
241994, 206.267, 44, -1,-1,-1,49.9843,31.8509,0.025119,8.68e+08,11,125000,1,0,9.55801,18730.3,0,-131.303,-135,0.790528
241996, 206.465, 34, -1,-1,-1,46.0916,17.4756,0.025119,8.68e+08,12,125000,1,0,2.50138,19992.8,0,-133.586,-137,1.58106
241998, 206.514, 52, -1,-1,-1,40.5674,33.2068,0.019953,8.68e+08,12,125000,1,0,-1.54065,18633,0,-135.935,-137,1.58106
242010, 206.953, 22, -1,-1,-1,51.4039,9.10098,0.019953,8.68e+08,10,125000,1,0,5.92644,17705.7,0,-133.46,-133,0.436224
242012, 206.969, 17, -1,-1,-1,51.1746,0.474538,0.025119,8.68e+08,11,125000,1,0,2.27574,15284.7,0,-133.666,-135,0.790528
242034, 207.467, 23, -1,-1,-1,52.7669,10.7089,0.019953,8.68e+08,12,125000,1,0,8.14409,17733.7,0,-132.749,-137,1.58106
242051, 207.914, 10, -1,-1,-1,28.3922,30.4743,0.025119,8.68e+08,11,125000,1,0,-11.3109,18745.4,0,-138.066,-135,0.790528
242058, 208.143, 33, -1,-1,-1,48.4983,18.9946,0.019953,8.68e+08,12,125000,1,0,5.70418,19933.5,0,-133.53,-137,1.58106
242070, 208.256, 57, -1,-1,-1,34.4409,34.819,0.015849,8.68e+08,10,125000,1,0,-6.71867,18125.9,0,-138.636,-133,0.436224
242072, 208.58, 59, -1,-1,-1,70.5782,23.1906,0.015849,8.68e+08,11,125000,1,0,41.4659,-8277.41,0,-126.223,-135,0.790528
242074, 208.596, 54, -1,-1,-1,32.8604,-15.6934,0.025119,8.68e+08,12,125000,1,0,-15.3637,14179.9,0,-139.252,-137,1.58106
242076, 208.808, 1, -1,-1,-1,49.3433,4.02696,0.019953,8.68e+08,11,125000,1,0,2.01721,16848.2,0,-134.751,-135,0.790528
242078, 208.866, 15, -1,-1,-1,46.4275,5.27678,0.019953,8.68e+08,12,125000,1,0,-0.270219,17824,0,-135.515,-137,1.58106
242080, 208.929, 3, -1,-1,-1,39.3525,-4.27633,0.015849,8.68e+08,12,125000,1,0,-8.37327,16452.9,0,-139.171,-137,1.58106
242087, 209, 11, -1,-1,-1,57.3201,37.6516,0.025119,8.68e+08,11,125000,1,0,25.1245,14219.9,0,-127.152,-135,0.790528
242089, 209.106, 55, -1,-1,-1,28.1932,-17.432,0.019953,8.68e+08,12,125000,1,0,-18.5094,14126.6,0,-141.096,-137,1.58106
242096, 209.385, 13, -1,-1,-1,56.1471,-3.21172,0.019953,8.68e+08,10,125000,1,0,5.28203,11599.4,0,-133.673,-133,0.436224
242108, 209.805, 5, -1,-1,-1,50.8916,5.95756,0.015849,8.68e+08,12,125000,1,0,4.26043,16950.7,0,-135.006,-137,1.58106
242116, 210.122, 45, -1,-1,-1,50.3904,22.374,0.025119,8.68e+08,10,125000,1,0,9.30861,19866.5,1,-131.381,-133,0.436224
242118, 210.144, 49, -1,-1,-1,46.1161,7.79982,0.019953,8.68e+08,11,125000,1,0,0.313234,18421,0,-135.319,-135,0.790528
242125, 210.34, 12, -1,-1,-1,54.913,-1.85238,0.025119,8.68e+08,10,125000,1,0,4.86823,12718.2,0,-132.808,-133,0.436224
242127, 210.562, 16, -1,-1,-1,44.9358,4.6114,0.019953,8.68e+08,11,125000,1,0,-1.62856,17856.3,0,-135.969,-135,0.790528
242139, 211.787, 7, -1,-1,-1,49.8595,17.3781,0.015849,8.68e+08,12,125000,1,0,7.26852,19587.2,0,-134.025,-137,1.58106
242141, 212.012, 56, -1,-1,-1,35.9437,14.8854,0.015849,8.68e+08,11,125000,1,0,-6.68988,19874,0,-138.629,-135,0.790528
242143, 212.232, 29, -1,-1,-1,52.7683,18.5141,0.019953,8.68e+08,11,125000,1,0,11.914,19211.1,0,-131.587,-135,0.790528
242160, 213.481, 27, -1,-1,-1,51.1796,4.80986,0.015849,8.68e+08,11,125000,1,0,4.37194,16393.8,0,-134.969,-135,0.790528
242168, 213.726, 14, -1,-1,-1,53.6396,-5.90614,0.025119,8.68e+08,11,125000,1,0,2.08873,11909.5,1,-133.73,-135,0.790528
242170, 213.968, 39, -1,-1,-1,45.5509,21.6869,0.015849,8.68e+08,10,125000,1,0,3.32586,20063.8,0,-135.311,-133,0.436224
242182, 214.443, 37, -1,-1,-1,40.5376,22.945,0.025119,8.68e+08,10,125000,1,0,-1.57993,20009,0,-134.947,-133,0.436224
242185, 214.673, 47, -1,-1,-1,61.5463,6.00261,0.015849,8.68e+08,12,125000,1,0,17.0819,9661.07,1,-131.123,-137,1.58106
242187, 214.778, 19, -1,-1,-1,39.2054,-0.944952,0.015849,8.68e+08,11,125000,1,0,-7.36146,17177.3,0,-138.849,-135,0.790528
242205, 215.46, 8, -1,-1,-1,60.2786,11.8187,0.015849,8.68e+08,10,125000,1,0,20.9496,12831.6,1,-130.127,-133,0.436224
242213, 215.75, 6, -1,-1,-1,58.7446,14.9011,0.015849,8.68e+08,11,125000,1,0,21.034,15352.5,1,-130.106,-135,0.790528
242225, 216.418, 32, -1,-1,-1,51.0548,15.679,0.015849,8.68e+08,11,125000,1,0,8.74334,19042.5,0,-133.558,-135,0.790528
242227, 216.493, 31, -1,-1,-1,53.6944,18.0178,0.019953,8.68e+08,12,125000,1,0,13.5951,18819.2,0,-131.093,-137,1.58106
242234, 216.805, 18, -1,-1,-1,40.1886,3.38354,0.019953,8.68e+08,10,125000,1,0,-5.44777,18032.4,0,-137.23,-133,0.436224
242236, 216.882, 51, -1,-1,-1,41.1184,27.7906,0.015849,8.68e+08,11,125000,1,0,-0.503952,19522.4,0,-136.587,-135,0.790528
242253, 217.089, 2, -1,-1,-1,54.1874,12.6163,0.025119,8.68e+08,10,125000,1,0,11.8752,17388,0,-130.599,-133,0.436224
242260, 217.476, 4, -1,-1,-1,41.1415,14.3884,0.025119,8.68e+08,10,125000,1,0,-2.15912,19767.1,0,-135.142,-133,0.436224
242267, 217.611, 43, -1,-1,-1,53.287,23.7311,0.019953,8.68e+08,10,125000,1,0,15.3602,19330.7,0,-130.591,-133,0.436224
242274, 218.042, 21, -1,-1,-1,42.7768,-8.93559,0.015849,8.68e+08,10,125000,1,0,-6.91089,14372,0,-138.708,-133,0.436224
242291, 218.462, 46, -1,-1,-1,52.8958,29.0093,0.015849,8.68e+08,11,125000,1,0,15.8068,18793.5,0,-131.466,-135,0.790528
242293, 218.475, 36, -1,-1,-1,42.449,24.9,0.015849,8.68e+08,12,125000,1,0,0.655992,19873.1,0,-136.199,-137,1.58106
242300, 218.544, 57, -1,-1,-1,34.4409,34.819,0.015849,8.68e+08,10,125000,1,0,-6.25277,17970.5,0,-138.485,-133,0.436224
242302, 218.558, 50, -1,-1,-1,39.6135,14.146,0.019953,8.68e+08,12,125000,1,0,-3.53357,19773.6,0,-136.598,-137,1.58106
242304, 218.569, 41, -1,-1,-1,58.2688,24.8952,0.025119,8.68e+08,10,125000,1,0,29.0009,17395.5,0,-126.335,-133,0.436224
242317, 219.269, 28, -1,-1,-1,56.8935,12.7001,0.015849,8.68e+08,11,125000,1,0,16.3225,15891.7,1,-131.326,-135,0.790528
242329, 219.496, 20, -1,-1,-1,38.6376,-10.9667,0.025119,8.68e+08,11,125000,1,0,-10.2001,14502.4,0,-137.74,-135,0.790528
242331, 219.651, 26, -1,-1,-1,46.6423,9.83152,0.015849,8.68e+08,12,125000,1,0,1.93948,18623.4,0,-135.774,-137,1.58106
242338, 220.067, 10, -1,-1,-1,28.3922,30.4743,0.025119,8.68e+08,11,125000,1,0,-10.7953,18612.1,0,-137.909,-135,0.790528
242345, 220.498, 24, -1,-1,-1,48.8042,9.34343,0.025119,8.68e+08,10,125000,1,0,4.11685,18307,0,-133.051,-133,0.436224
242352, 220.661, 23, -1,-1,-1,52.7669,10.7089,0.019953,8.68e+08,12,125000,1,0,9.20283,17340.6,0,-132.415,-137,1.58106
242359, 220.932, 5, -1,-1,-1,50.8916,5.95756,0.015849,8.68e+08,12,125000,1,0,4.96339,16625,0,-134.774,-137,1.58106
242361, 221.079, 35, -1,-1,-1,43.0379,25.6615,0.019953,8.68e+08,10,125000,1,0,1.57891,19951.4,0,-134.891,-133,0.436224
242368, 221.175, 30, -1,-1,-1,51.4066,20.2801,0.015849,8.68e+08,10,125000,1,0,11.3515,19688.7,0,-132.754,-133,0.436224
242371, 221.18, 58, -1,-1,-1,61.527,-8.14045,0.019953,8.68e+08,11,125000,1,0,7.39662,5414.62,1,-132.99,-135,0.790528
242404, 221.991, 48, -1,-1,-1,57.3759,11.2263,0.015849,8.68e+08,10,125000,1,0,16.3422,15175.5,1,-131.321,-133,0.436224
242406, 222.18, 1, -1,-1,-1,49.3433,4.02696,0.019953,8.68e+08,11,125000,1,0,2.77795,16711.7,0,-134.496,-135,0.790528
242408, 222.278, 22, -1,-1,-1,51.4039,9.10098,0.019953,8.68e+08,10,125000,1,0,7.02847,17514.1,0,-133.103,-133,0.436224
242415, 222.494, 49, -1,-1,-1,46.1161,7.79982,0.019953,8.68e+08,11,125000,1,0,1.03256,18413,0,-135.077,-135,0.790528
242427, 222.736, 3, -1,-1,-1,39.3525,-4.27633,0.015849,8.68e+08,12,125000,1,0,-7.82964,16422.9,0,-138.998,-137,1.58106
242429, 223.182, 38, -1,-1,-1,46.6514,16.8355,0.025119,8.68e+08,12,125000,1,0,4.14372,19898.3,0,-133.04,-137,1.58106
242431, 223.411, 29, -1,-1,-1,52.7683,18.5141,0.019953,8.68e+08,11,125000,1,0,13.1073,19187.4,0,-131.233,-135,0.790528
242433, 223.416, 53, -1,-1,-1,63.3677,-20.5267,0.019953,8.68e+08,12,125000,1,0,2.39487,869.024,0,-134.63,-137,1.58106
242441, 223.523, 59, -1,-1,-1,70.5782,23.1906,0.015849,8.68e+08,11,125000,1,0,38.3666,-10162.9,1,-126.68,-135,0.790528
242443, 223.939, 9, -1,-1,-1,37.2508,22.8773,0.019953,8.68e+08,12,125000,1,0,-4.05693,20044.1,0,-136.768,-137,1.58106
242475, 224.951, 0, -1,-1,-1,50.9975,-0.836329,0.019953,8.68e+08,10,125000,1,0,2.51436,14528.9,0,-134.585,-133,0.436224
242477, 225.042, 7, -1,-1,-1,49.8595,17.3781,0.015849,8.68e+08,12,125000,1,0,8.40424,19580,0,-133.663,-137,1.58106
242479, 225.215, 40, -1,-1,-1,60.9756,22.8199,0.019953,8.68e+08,10,125000,1,0,39.0643,14210.3,0,-125.573,-133,0.436224
242481, 225.309, 44, -1,-1,-1,49.9843,31.8509,0.025119,8.68e+08,11,125000,1,0,11.3235,18442.2,0,-130.761,-135,0.790528
242488, 225.662, 16, -1,-1,-1,44.9358,4.6114,0.019953,8.68e+08,11,125000,1,0,-0.83633,17784.9,0,-135.703,-135,0.790528
242500, 225.796, 52, -1,-1,-1,40.5674,33.2068,0.019953,8.68e+08,12,125000,1,0,-0.478458,18488.7,0,-135.578,-137,1.58106
242502, 226.157, 25, -1,-1,-1,47.35,6.57833,0.025119,8.68e+08,10,125000,1,0,2.04733,17805.2,0,-133.738,-133,0.436224
242504, 226.183, 13, -1,-1,-1,56.1471,-3.21172,0.019953,8.68e+08,10,125000,1,0,6.02425,10945.6,0,-133.43,-133,0.436224
242506, 226.347, 55, -1,-1,-1,28.1932,-17.432,0.019953,8.68e+08,12,125000,1,0,-18.0064,14087.9,0,-140.964,-137,1.58106
242509, 226.422, 27, -1,-1,-1,51.1796,4.80986,0.015849,8.68e+08,11,125000,1,0,5.16911,16213.7,1,-134.706,-135,0.790528
242527, 227.189, 42, -1,-1,-1,57.9034,23.4627,0.025119,8.68e+08,10,125000,1,0,28.6372,17429.6,1,-126.407,-133,0.436224
242530, 227.602, 11, -1,-1,-1,57.3201,37.6516,0.025119,8.68e+08,11,125000,1,0,28.051,12843.7,1,-126.526,-135,0.790528
242533, 228.063, 33, -1,-1,-1,48.4983,18.9946,0.019953,8.68e+08,12,125000,1,0,7.32995,19860.5,1,-133.003,-137,1.58106
242556, 229.07, 12, -1,-1,-1,54.913,-1.85238,0.025119,8.68e+08,10,125000,1,0,5.76549,12044.2,1,-132.513,-133,0.436224
242568, 229.378, 19, -1,-1,-1,39.2054,-0.944952,0.015849,8.68e+08,11,125000,1,0,-6.7426,17152.9,0,-138.649,-135,0.790528
242570, 229.477, 56, -1,-1,-1,35.9437,14.8854,0.015849,8.68e+08,11,125000,1,0,-5.81368,19933.1,0,-138.344,-135,0.790528
242582, 230.008, 15, -1,-1,-1,46.4275,5.27678,0.019953,8.68e+08,12,125000,1,0,0.898884,17600.9,0,-135.122,-137,1.58106
242594, 230.108, 51, -1,-1,-1,41.1184,27.7906,0.015849,8.68e+08,11,125000,1,0,0.292341,19543,0,-136.319,-135,0.790528
242602, 230.402, 8, -1,-1,-1,60.2786,11.8187,0.015849,8.68e+08,10,125000,1,0,22.6319,11861.8,1,-129.72,-133,0.436224
242604, 230.513, 18, -1,-1,-1,40.1886,3.38354,0.019953,8.68e+08,10,125000,1,0,-4.80391,18041.2,0,-137.018,-133,0.436224
242611, 230.672, 34, -1,-1,-1,46.0916,17.4756,0.025119,8.68e+08,12,125000,1,0,4.21328,19901.1,0,-133.016,-137,1.58106
242613, 230.812, 17, -1,-1,-1,51.1746,0.474538,0.025119,8.68e+08,11,125000,1,0,3.51532,14679.5,0,-133.252,-135,0.790528
242626, 231.255, 47, -1,-1,-1,61.5463,6.00261,0.015849,8.68e+08,12,125000,1,0,18.1775,8438.4,1,-130.83,-137,1.58106
242633, 231.455, 6, -1,-1,-1,58.7446,14.9011,0.015849,8.68e+08,11,125000,1,0,23.2164,14588.1,0,-129.583,-135,0.790528
242635, 231.518, 2, -1,-1,-1,54.1874,12.6163,0.025119,8.68e+08,10,125000,1,0,13.2693,17115.2,0,-130.186,-133,0.436224
242637, 231.643, 32, -1,-1,-1,51.0548,15.679,0.015849,8.68e+08,11,125000,1,0,10.1189,18942.5,0,-133.128,-135,0.790528
242639, 231.785, 54, -1,-1,-1,32.8604,-15.6934,0.025119,8.68e+08,12,125000,1,0,-14.6665,13977.4,0,-139.055,-137,1.58106
242641, 231.828, 41, -1,-1,-1,58.2688,24.8952,0.025119,8.68e+08,10,125000,1,0,32.251,16899.6,0,-125.71,-133,0.436224
242663, 233.382, 4, -1,-1,-1,41.1415,14.3884,0.025119,8.68e+08,10,125000,1,0,-1.24337,19807.9,0,-134.835,-133,0.436224
242665, 233.445, 45, -1,-1,-1,50.3904,22.374,0.025119,8.68e+08,10,125000,1,0,11.6197,19685.7,0,-130.671,-133,0.436224
242677, 233.732, 30, -1,-1,-1,51.4066,20.2801,0.015849,8.68e+08,10,125000,1,0,12.6828,19441.3,0,-132.356,-133,0.436224
242684, 233.918, 14, -1,-1,-1,53.6396,-5.90614,0.025119,8.68e+08,11,125000,1,0,2.88706,11213.6,0,-133.462,-135,0.790528
242696, 234.132, 57, -1,-1,-1,34.4409,34.819,0.015849,8.68e+08,10,125000,1,0,-5.53898,17907.6,0,-138.252,-133,0.436224
242703, 234.695, 28, -1,-1,-1,56.8935,12.7001,0.015849,8.68e+08,11,125000,1,0,18.0494,15333.9,0,-130.861,-135,0.790528
242706, 234.758, 59, -1,-1,-1,70.5782,23.1906,0.015849,8.68e+08,11,125000,1,0,35.9578,-11649.4,1,-127.064,-135,0.790528
242718, 235.089, 0, -1,-1,-1,50.9975,-0.836329,0.019953,8.68e+08,10,125000,1,0,3.01617,14148.2,0,-134.417,-133,0.436224
242720, 235.207, 26, -1,-1,-1,46.6423,9.83152,0.015849,8.68e+08,12,125000,1,0,2.92907,18557.5,0,-135.442,-137,1.58106
242722, 235.318, 40, -1,-1,-1,60.9756,22.8199,0.019953,8.68e+08,10,125000,1,0,42.2026,13046.2,0,-125.115,-133,0.436224
242724, 235.668, 5, -1,-1,-1,50.8916,5.95756,0.015849,8.68e+08,12,125000,1,0,5.91692,16396.3,0,-134.461,-137,1.58106
242726, 235.827, 49, -1,-1,-1,46.1161,7.79982,0.019953,8.68e+08,11,125000,1,0,1.82878,18153.8,0,-134.809,-135,0.790528
242743, 236.37, 37, -1,-1,-1,40.5376,22.945,0.025119,8.68e+08,10,125000,1,0,-0.267823,19985.4,0,-134.506,-133,0.436224
242745, 236.62, 35, -1,-1,-1,43.0379,25.6615,0.019953,8.68e+08,10,125000,1,0,2.61625,19762.5,0,-134.543,-133,0.436224
242752, 236.882, 16, -1,-1,-1,44.9358,4.6114,0.019953,8.68e+08,11,125000,1,0,-0.236277,17554.3,0,-135.501,-135,0.790528
242759, 237.457, 39, -1,-1,-1,45.5509,21.6869,0.015849,8.68e+08,10,125000,1,0,5.06465,19984.4,0,-134.735,-133,0.436224
242777, 237.97, 42, -1,-1,-1,57.9034,23.4627,0.025119,8.68e+08,10,125000,1,0,31.1772,16780.4,1,-125.909,-133,0.436224
242784, 238.433, 50, -1,-1,-1,39.6135,14.146,0.019953,8.68e+08,12,125000,1,0,-2.43768,19783.8,0,-136.232,-137,1.58106
242796, 238.941, 46, -1,-1,-1,52.8958,29.0093,0.015849,8.68e+08,11,125000,1,0,18.5348,18388.2,0,-130.732,-135,0.790528
242798, 239.079, 9, -1,-1,-1,37.2508,22.8773,0.019953,8.68e+08,12,125000,1,0,-3.23457,19904.2,0,-136.495,-137,1.58106
242800, 239.092, 31, -1,-1,-1,53.6944,18.0178,0.019953,8.68e+08,12,125000,1,0,16.2688,18416.7,0,-130.337,-137,1.58106
242802, 239.238, 24, -1,-1,-1,48.8042,9.34343,0.025119,8.68e+08,10,125000,1,0,5.39826,17875.4,0,-132.628,-133,0.436224
242804, 239.365, 12, -1,-1,-1,54.913,-1.85238,0.025119,8.68e+08,10,125000,1,0,6.25204,11504.4,0,-132.354,-133,0.436224
242822, 240.362, 22, -1,-1,-1,51.4039,9.10098,0.019953,8.68e+08,10,125000,1,0,8.38634,16962.9,1,-132.668,-133,0.436224
242839, 240.86, 13, -1,-1,-1,56.1471,-3.21172,0.019953,8.68e+08,10,125000,1,0,6.6536,10354,0,-133.225,-133,0.436224
242841, 240.889, 21, -1,-1,-1,42.7768,-8.93559,0.015849,8.68e+08,10,125000,1,0,-6.09413,14250.5,0,-138.443,-133,0.436224
242843, 241.371, 34, -1,-1,-1,46.0916,17.4756,0.025119,8.68e+08,12,125000,1,0,5.01231,19758.2,0,-132.752,-137,1.58106
242855, 241.502, 58, -1,-1,-1,61.527,-8.14045,0.019953,8.68e+08,11,125000,1,0,7.80233,4162.05,0,-132.858,-135,0.790528
242857, 241.572, 38, -1,-1,-1,46.6514,16.8355,0.025119,8.68e+08,12,125000,1,0,5.52447,19642.5,0,-132.585,-137,1.58106
242879, 241.93, 43, -1,-1,-1,53.287,23.7311,0.019953,8.68e+08,10,125000,1,0,18.6686,19180.8,0,-129.697,-133,0.436224
242881, 242.01, 48, -1,-1,-1,57.3759,11.2263,0.015849,8.68e+08,10,125000,1,0,18.4487,14228.1,0,-130.756,-133,0.436224
242888, 242.172, 44, -1,-1,-1,49.9843,31.8509,0.025119,8.68e+08,11,125000,1,0,13.005,18150.9,0,-130.259,-135,0.790528
242890, 242.424, 27, -1,-1,-1,51.1796,4.80986,0.015849,8.68e+08,11,125000,1,0,6.17739,15896.7,0,-134.376,-135,0.790528
242902, 242.865, 56, -1,-1,-1,35.9437,14.8854,0.015849,8.68e+08,11,125000,1,0,-5.12657,20023,0,-138.118,-135,0.790528
242909, 243.244, 3, -1,-1,-1,39.3525,-4.27633,0.015849,8.68e+08,12,125000,1,0,-7.01595,16244.4,0,-138.737,-137,1.58106
242911, 243.274, 36, -1,-1,-1,42.449,24.9,0.015849,8.68e+08,12,125000,1,0,2.27432,19969.6,0,-135.656,-137,1.58106
242918, 243.367, 10, -1,-1,-1,28.3922,30.4743,0.025119,8.68e+08,11,125000,1,0,-9.79389,18742,0,-137.6,-135,0.790528
242921, 243.537, 6, -1,-1,-1,58.7446,14.9011,0.015849,8.68e+08,11,125000,1,0,24.9787,13959.5,1,-129.181,-135,0.790528
242923, 243.54, 4, -1,-1,-1,41.1415,14.3884,0.025119,8.68e+08,10,125000,1,0,-0.642448,19904.8,0,-134.632,-133,0.436224
242945, 244.421, 32, -1,-1,-1,51.0548,15.679,0.015849,8.68e+08,11,125000,1,0,11.3433,18873,0,-132.754,-135,0.790528
242947, 244.475, 20, -1,-1,-1,38.6376,-10.9667,0.025119,8.68e+08,11,125000,1,0,-9.36134,14422.5,0,-137.48,-135,0.790528
242954, 244.574, 17, -1,-1,-1,51.1746,0.474538,0.025119,8.68e+08,11,125000,1,0,4.239,14386.3,0,-133.011,-135,0.790528
242956, 244.712, 18, -1,-1,-1,40.1886,3.38354,0.019953,8.68e+08,10,125000,1,0,-4.12653,18031.4,0,-136.794,-133,0.436224
242958, 244.884, 23, -1,-1,-1,52.7669,10.7089,0.019953,8.68e+08,12,125000,1,0,11.2616,17002.6,0,-131.78,-137,1.58106
242970, 245.306, 1, -1,-1,-1,49.3433,4.02696,0.019953,8.68e+08,11,125000,1,0,4.12936,16253.3,0,-134.046,-135,0.790528
242992, 245.61, 57, -1,-1,-1,34.4409,34.819,0.015849,8.68e+08,10,125000,1,0,-5.00704,17898.3,0,-138.077,-133,0.436224
243004, 246.273, 2, -1,-1,-1,54.1874,12.6163,0.025119,8.68e+08,10,125000,1,0,14.7752,16773.3,0,-129.752,-133,0.436224
243007, 246.293, 11, -1,-1,-1,57.3201,37.6516,0.025119,8.68e+08,11,125000,1,0,31.067,11124.8,1,-125.929,-135,0.790528
243019, 246.803, 29, -1,-1,-1,52.7683,18.5141,0.019953,8.68e+08,11,125000,1,0,15.8437,18818.5,0,-130.453,-135,0.790528
243021, 246.815, 52, -1,-1,-1,40.5674,33.2068,0.019953,8.68e+08,12,125000,1,0,0.718532,18282.8,0,-135.175,-137,1.58106
243023, 246.919, 45, -1,-1,-1,50.3904,22.374,0.025119,8.68e+08,10,125000,1,0,13.0835,19649.7,0,-130.236,-133,0.436224
243025, 246.946, 15, -1,-1,-1,46.4275,5.27678,0.019953,8.68e+08,12,125000,1,0,1.86503,17436.8,0,-134.797,-137,1.58106
243027, 247.09, 53, -1,-1,-1,63.3677,-20.5267,0.019953,8.68e+08,12,125000,1,0,2.40127,-393.284,0,-134.626,-137,1.58106
243029, 247.121, 55, -1,-1,-1,28.1932,-17.432,0.019953,8.68e+08,12,125000,1,0,-17.4018,13973,0,-140.803,-137,1.58106
243036, 248.249, 7, -1,-1,-1,49.8595,17.3781,0.015849,8.68e+08,12,125000,1,0,10.5492,19366,0,-132.994,-137,1.58106
243044, 248.766, 47, -1,-1,-1,61.5463,6.00261,0.015849,8.68e+08,12,125000,1,0,19.2149,6991.24,1,-130.558,-137,1.58106
243061, 249.787, 19, -1,-1,-1,39.2054,-0.944952,0.015849,8.68e+08,11,125000,1,0,-5.86654,17007.2,0,-138.364,-135,0.790528
243073, 249.984, 54, -1,-1,-1,32.8604,-15.6934,0.025119,8.68e+08,12,125000,1,0,-14.1213,13860.3,0,-138.899,-137,1.58106
243075, 250.135, 0, -1,-1,-1,50.9975,-0.836329,0.019953,8.68e+08,10,125000,1,0,3.76341,13787.7,0,-134.168,-133,0.436224
243087, 250.416, 24, -1,-1,-1,48.8042,9.34343,0.025119,8.68e+08,10,125000,1,0,6.19213,17823.6,0,-132.369,-133,0.436224
243089, 250.587, 16, -1,-1,-1,44.9358,4.6114,0.019953,8.68e+08,11,125000,1,0,0.510454,17482.8,0,-135.249,-135,0.790528
243097, 250.742, 8, -1,-1,-1,60.2786,11.8187,0.015849,8.68e+08,10,125000,1,0,24.8918,10181,1,-129.199,-133,0.436224
243104, 250.971, 51, -1,-1,-1,41.1184,27.7906,0.015849,8.68e+08,11,125000,1,0,1.59714,19449.7,0,-135.88,-135,0.790528
243226, 251.059, 25, -1,-1,-1,47.35,6.57833,0.025119,8.68e+08,10,125000,1,0,3.56601,17440.8,0,-133.23,-133,0.436224
243228, 251.309, 33, -1,-1,-1,48.4983,18.9946,0.019953,8.68e+08,12,125000,1,0,9.39735,19706.1,0,-132.348,-137,1.58106
243231, 251.357, 41, -1,-1,-1,58.2688,24.8952,0.025119,8.68e+08,10,125000,1,0,37.868,15742.9,1,-124.753,-133,0.436224
243253, 252.756, 28, -1,-1,-1,56.8935,12.7001,0.015849,8.68e+08,11,125000,1,0,20.184,14491.7,0,-130.311,-135,0.790528
243256, 253.05, 59, -1,-1,-1,70.5782,23.1906,0.015849,8.68e+08,11,125000,1,0,32.1034,-13356.6,1,-127.735,-135,0.790528
243259, 253.127, 31, -1,-1,-1,53.6944,18.0178,0.019953,8.68e+08,12,125000,1,0,18.1087,18201.2,1,-129.842,-137,1.58106
243261, 253.3, 50, -1,-1,-1,39.6135,14.146,0.019953,8.68e+08,12,125000,1,0,-1.59038,19838.2,0,-135.948,-137,1.58106
243279, 254.672, 40, -1,-1,-1,60.9756,22.8199,0.019953,8.68e+08,10,125000,1,0,48.7684,10692.2,1,-124.285,-133,0.436224
243286, 255.047, 30, -1,-1,-1,51.4066,20.2801,0.015849,8.68e+08,10,125000,1,0,15.1592,19193.2,0,-131.642,-133,0.436224
243298, 255.378, 38, -1,-1,-1,46.6514,16.8355,0.025119,8.68e+08,12,125000,1,0,6.6197,19650,0,-132.228,-137,1.58106
243300, 255.564, 37, -1,-1,-1,40.5376,22.945,0.025119,8.68e+08,10,125000,1,0,0.936425,19978.2,0,-134.101,-133,0.436224
243302, 255.667, 35, -1,-1,-1,43.0379,25.6615,0.019953,8.68e+08,10,125000,1,0,3.95065,19704.7,0,-134.098,-133,0.436224
243314, 256.399, 36, -1,-1,-1,42.449,24.9,0.015849,8.68e+08,12,125000,1,0,3.17552,19808.3,0,-135.355,-137,1.58106
243326, 256.797, 21, -1,-1,-1,42.7768,-8.93559,0.015849,8.68e+08,10,125000,1,0,-5.52676,13806.4,0,-138.257,-133,0.436224
243333, 256.869, 17, -1,-1,-1,51.1746,0.474538,0.025119,8.68e+08,11,125000,1,0,4.88913,13881.6,0,-132.796,-135,0.790528
243340, 257.253, 12, -1,-1,-1,54.913,-1.85238,0.025119,8.68e+08,10,125000,1,0,7.08075,10754.1,0,-132.085,-133,0.436224
243347, 257.375, 2, -1,-1,-1,54.1874,12.6163,0.025119,8.68e+08,10,125000,1,0,15.9648,16276.5,0,-129.419,-133,0.436224
243349, 257.454, 20, -1,-1,-1,38.6376,-10.9667,0.025119,8.68e+08,11,125000,1,0,-8.92633,14109.6,0,-137.343,-135,0.790528
243371, 257.997, 23, -1,-1,-1,52.7669,10.7089,0.019953,8.68e+08,12,125000,1,0,12.4429,16498.1,0,-131.425,-137,1.58106
243373, 258.097, 46, -1,-1,-1,52.8958,29.0093,0.015849,8.68e+08,11,125000,1,0,21.4264,17907.1,0,-130.002,-135,0.790528
243380, 258.66, 14, -1,-1,-1,53.6396,-5.90614,0.025119,8.68e+08,11,125000,1,0,3.83083,10206.1,0,-133.146,-135,0.790528
243407, 259.054, 32, -1,-1,-1,51.0548,15.679,0.015849,8.68e+08,11,125000,1,0,12.8337,18493.8,0,-132.309,-135,0.790528
243409, 259.187, 9, -1,-1,-1,37.2508,22.8773,0.019953,8.68e+08,12,125000,1,0,-2.10671,19905.9,0,-136.118,-137,1.58106
243411, 259.344, 26, -1,-1,-1,46.6423,9.83152,0.015849,8.68e+08,12,125000,1,0,4.53994,18291.2,0,-134.907,-137,1.58106
243413, 259.346, 39, -1,-1,-1,45.5509,21.6869,0.015849,8.68e+08,10,125000,1,0,6.81722,19901,0,-134.163,-133,0.436224
243416, 259.367, 47, -1,-1,-1,61.5463,6.00261,0.015849,8.68e+08,12,125000,1,0,19.7643,5870.26,1,-130.417,-137,1.58106
243428, 259.506, 27, -1,-1,-1,51.1796,4.80986,0.015849,8.68e+08,11,125000,1,0,7.28083,15249.4,0,-134.018,-135,0.790528
243430, 259.562, 49, -1,-1,-1,46.1161,7.79982,0.019953,8.68e+08,11,125000,1,0,3.30122,17872.3,0,-134.316,-135,0.790528
243442, 259.882, 57, -1,-1,-1,34.4409,34.819,0.015849,8.68e+08,10,125000,1,0,-4.33774,17653.2,0,-137.856,-133,0.436224
243444, 260.004, 18, -1,-1,-1,40.1886,3.38354,0.019953,8.68e+08,10,125000,1,0,-3.38439,17766.7,0,-136.547,-133,0.436224
243451, 260.245, 10, -1,-1,-1,28.3922,30.4743,0.025119,8.68e+08,11,125000,1,0,-9.05732,18543.3,0,-137.37,-135,0.790528
243458, 260.366, 5, -1,-1,-1,50.8916,5.95756,0.015849,8.68e+08,12,125000,1,0,7.57387,15764.9,0,-133.924,-137,1.58106
243460, 260.38, 44, -1,-1,-1,49.9843,31.8509,0.025119,8.68e+08,11,125000,1,0,14.9622,17536.6,0,-129.695,-135,0.790528
243467, 260.543, 52, -1,-1,-1,40.5674,33.2068,0.019953,8.68e+08,12,125000,1,0,1.52415,18011.4,0,-134.904,-137,1.58106
243494, 261.413, 43, -1,-1,-1,53.287,23.7311,0.019953,8.68e+08,10,125000,1,0,21.7515,18822,0,-128.923,-133,0.436224
243506, 261.644, 7, -1,-1,-1,49.8595,17.3781,0.015849,8.68e+08,12,125000,1,0,11.8929,19310,0,-132.586,-137,1.58106
243513, 261.908, 3, -1,-1,-1,39.3525,-4.27633,0.015849,8.68e+08,12,125000,1,0,-6.26901,16080.9,0,-138.495,-137,1.58106
243515, 261.983, 42, -1,-1,-1,57.9034,23.4627,0.025119,8.68e+08,10,125000,1,0,37.8343,15594.5,0,-124.757,-133,0.436224
243517, 261.992, 58, -1,-1,-1,61.527,-8.14045,0.019953,8.68e+08,11,125000,1,0,8.10226,2842.99,0,-132.76,-135,0.790528
243524, 262.051, 15, -1,-1,-1,46.4275,5.27678,0.019953,8.68e+08,12,125000,1,0,2.75015,17289.3,0,-134.5,-137,1.58106
243526, 262.164, 13, -1,-1,-1,56.1471,-3.21172,0.019953,8.68e+08,10,125000,1,0,7.52435,9293.86,0,-132.943,-133,0.436224
243528, 262.199, 11, -1,-1,-1,57.3201,37.6516,0.025119,8.68e+08,11,125000,1,0,33.5699,9404.65,0,-125.468,-135,0.790528
243530, 262.3, 1, -1,-1,-1,49.3433,4.02696,0.019953,8.68e+08,11,125000,1,0,5.15164,15924.6,0,-133.708,-135,0.790528
243532, 262.457, 41, -1,-1,-1,58.2688,24.8952,0.025119,8.68e+08,10,125000,1,0,41.5911,15040.7,0,-124.196,-133,0.436224
243544, 262.941, 53, -1,-1,-1,63.3677,-20.5267,0.019953,8.68e+08,12,125000,1,0,2.35051,-1153.77,0,-134.642,-137,1.58106
243546, 262.975, 34, -1,-1,-1,46.0916,17.4756,0.025119,8.68e+08,12,125000,1,0,6.71836,19874.2,0,-132.195,-137,1.58106
243549, 263.155, 8, -1,-1,-1,60.2786,11.8187,0.015849,8.68e+08,10,125000,1,0,26.2059,9123.82,1,-128.91,-133,0.436224
243556, 263.383, 56, -1,-1,-1,35.9437,14.8854,0.015849,8.68e+08,11,125000,1,0,-4.04482,20045.4,0,-137.761,-135,0.790528
243573, 263.714, 25, -1,-1,-1,47.35,6.57833,0.025119,8.68e+08,10,125000,1,0,4.3668,17338.7,0,-132.964,-133,0.436224
243575, 264.076, 22, -1,-1,-1,51.4039,9.10098,0.019953,8.68e+08,10,125000,1,0,10.2686,16613.9,0,-132.079,-133,0.436224
243587, 264.409, 19, -1,-1,-1,39.2054,-0.944952,0.015849,8.68e+08,11,125000,1,0,-5.23078,16953.2,0,-138.156,-135,0.790528
243594, 264.723, 4, -1,-1,-1,41.1415,14.3884,0.025119,8.68e+08,10,125000,1,0,0.655639,19872.5,0,-134.195,-133,0.436224
243596, 264.993, 48, -1,-1,-1,57.3759,11.2263,0.015849,8.68e+08,10,125000,1,0,20.9672,12834.2,0,-130.115,-133,0.436224
243598, 265.027, 55, -1,-1,-1,28.1932,-17.432,0.019953,8.68e+08,12,125000,1,0,-16.8821,13900.2,0,-140.663,-137,1.58106
243600, 265.891, 50, -1,-1,-1,39.6135,14.146,0.019953,8.68e+08,12,125000,1,0,-0.852298,19910.8,0,-135.7,-137,1.58106
243622, 267.176, 28, -1,-1,-1,56.8935,12.7001,0.015849,8.68e+08,11,125000,1,0,21.9665,13745.6,0,-129.872,-135,0.790528
243634, 267.472, 29, -1,-1,-1,52.7683,18.5141,0.019953,8.68e+08,11,125000,1,0,18.5874,18419.2,0,-129.715,-135,0.790528
243636, 267.559, 59, -1,-1,-1,70.5782,23.1906,0.015849,8.68e+08,11,125000,1,0,29.2092,-14380,0,-128.287,-135,0.790528
243638, 267.737, 24, -1,-1,-1,48.8042,9.34343,0.025119,8.68e+08,10,125000,1,0,7.46985,17583.2,0,-131.955,-133,0.436224
243640, 267.743, 6, -1,-1,-1,58.7446,14.9011,0.015849,8.68e+08,11,125000,1,0,28.6695,12045.3,0,-128.395,-135,0.790528
243652, 268.687, 30, -1,-1,-1,51.4066,20.2801,0.015849,8.68e+08,10,125000,1,0,16.9136,19081.3,0,-131.157,-133,0.436224
243659, 269.031, 33, -1,-1,-1,48.4983,18.9946,0.019953,8.68e+08,12,125000,1,0,11.1223,19609.3,0,-131.816,-137,1.58106
243671, 269.627, 51, -1,-1,-1,41.1184,27.7906,0.015849,8.68e+08,11,125000,1,0,2.8206,19364.6,0,-135.47,-135,0.790528
243673, 269.649, 36, -1,-1,-1,42.449,24.9,0.015849,8.68e+08,12,125000,1,0,4.12103,19828.2,0,-135.04,-137,1.58106
243681, 270.423, 2, -1,-1,-1,54.1874,12.6163,0.025119,8.68e+08,10,125000,1,0,17.4277,15891.8,1,-129.021,-133,0.436224
243683, 270.803, 54, -1,-1,-1,32.8604,-15.6934,0.025119,8.68e+08,12,125000,1,0,-13.5001,13671.7,0,-138.72,-137,1.58106
243690, 271.045, 9, -1,-1,-1,37.2508,22.8773,0.019953,8.68e+08,12,125000,1,0,-1.42055,19981.8,0,-135.887,-137,1.58106
243702, 271.688, 35, -1,-1,-1,43.0379,25.6615,0.019953,8.68e+08,10,125000,1,0,5.13421,19671,0,-133.707,-133,0.436224
243709, 271.86, 45, -1,-1,-1,50.3904,22.374,0.025119,8.68e+08,10,125000,1,0,16.1041,19329.9,0,-129.377,-133,0.436224
243726, 272.567, 5, -1,-1,-1,50.8916,5.95756,0.015849,8.68e+08,12,125000,1,0,8.41961,15527.9,0,-133.655,-137,1.58106
243728, 272.62, 58, -1,-1,-1,61.527,-8.14045,0.019953,8.68e+08,11,125000,1,0,8.21146,2008.21,0,-132.725,-135,0.790528
243730, 272.895, 1, -1,-1,-1,49.3433,4.02696,0.019953,8.68e+08,11,125000,1,0,5.80134,15548.2,0,-133.494,-135,0.790528
243747, 273.514, 7, -1,-1,-1,49.8595,17.3781,0.015849,8.68e+08,12,125000,1,0,13.1588,19037,0,-132.211,-137,1.58106
243749, 273.803, 57, -1,-1,-1,34.4409,34.819,0.015849,8.68e+08,10,125000,1,0,-3.67619,17579.8,0,-137.636,-133,0.436224
243752, 273.837, 47, -1,-1,-1,61.5463,6.00261,0.015849,8.68e+08,12,125000,1,0,20.396,4561.39,1,-130.257,-137,1.58106
243755, 273.916, 40, -1,-1,-1,60.9756,22.8199,0.019953,8.68e+08,10,125000,1,0,55.5667,7636.41,1,-123.586,-133,0.436224
243792, 274.763, 0, -1,-1,-1,50.9975,-0.836329,0.019953,8.68e+08,10,125000,1,0,4.98725,12953,0,-133.762,-133,0.436224
243794, 274.77, 16, -1,-1,-1,44.9358,4.6114,0.019953,8.68e+08,11,125000,1,0,1.86734,17140.4,0,-134.793,-135,0.790528
243796, 274.798, 15, -1,-1,-1,46.4275,5.27678,0.019953,8.68e+08,12,125000,1,0,3.51529,16953.2,0,-134.245,-137,1.58106
243798, 274.922, 37, -1,-1,-1,40.5376,22.945,0.025119,8.68e+08,10,125000,1,0,2.21176,19956.9,0,-133.672,-133,0.436224
243800, 274.948, 20, -1,-1,-1,38.6376,-10.9667,0.025119,8.68e+08,11,125000,1,0,-8.34132,13918,0,-137.158,-135,0.790528
243802, 275.002, 14, -1,-1,-1,53.6396,-5.90614,0.025119,8.68e+08,11,125000,1,0,4.42625,9561.68,0,-132.948,-135,0.790528
243809, 275.407, 44, -1,-1,-1,49.9843,31.8509,0.025119,8.68e+08,11,125000,1,0,16.7014,17158.9,0,-129.213,-135,0.790528
243821, 276.207, 31, -1,-1,-1,53.6944,18.0178,0.019953,8.68e+08,12,125000,1,0,21.498,17544.3,0,-128.983,-137,1.58106
243833, 276.593, 23, -1,-1,-1,52.7669,10.7089,0.019953,8.68e+08,12,125000,1,0,14.2034,15940.3,0,-130.911,-137,1.58106
243835, 276.643, 46, -1,-1,-1,52.8958,29.0093,0.015849,8.68e+08,11,125000,1,0,24.6096,17304.1,0,-129.256,-135,0.790528
243837, 276.666, 17, -1,-1,-1,51.1746,0.474538,0.025119,8.68e+08,11,125000,1,0,5.93971,13242.1,0,-132.45,-135,0.790528
243864, 277.669, 49, -1,-1,-1,46.1161,7.79982,0.019953,8.68e+08,11,125000,1,0,4.47649,17671.8,0,-133.926,-135,0.790528
243871, 277.721, 41, -1,-1,-1,58.2688,24.8952,0.025119,8.68e+08,10,125000,1,0,47.4575,13264.1,0,-123.433,-133,0.436224
243878, 277.866, 3, -1,-1,-1,39.3525,-4.27633,0.015849,8.68e+08,12,125000,1,0,-5.62571,15722.8,0,-138.285,-137,1.58106
243890, 278.162, 26, -1,-1,-1,46.6423,9.83152,0.015849,8.68e+08,12,125000,1,0,5.86725,18091.5,0,-134.47,-137,1.58106
243892, 278.202, 56, -1,-1,-1,35.9437,14.8854,0.015849,8.68e+08,11,125000,1,0,-3.23968,19908.5,0,-137.493,-135,0.790528
243894, 278.26, 34, -1,-1,-1,46.0916,17.4756,0.025119,8.68e+08,12,125000,1,0,8.01131,19637.9,0,-131.78,-137,1.58106
243901, 278.356, 25, -1,-1,-1,47.35,6.57833,0.025119,8.68e+08,10,125000,1,0,5.31915,16929.2,0,-132.65,-133,0.436224
243903, 278.451, 28, -1,-1,-1,56.8935,12.7001,0.015849,8.68e+08,11,125000,1,0,23.3978,12837.3,0,-129.534,-135,0.790528
243910, 278.585, 32, -1,-1,-1,51.0548,15.679,0.015849,8.68e+08,11,125000,1,0,14.9918,18155.8,0,-131.686,-135,0.790528
243912, 278.594, 24, -1,-1,-1,48.8042,9.34343,0.025119,8.68e+08,10,125000,1,0,8.30217,17261.4,0,-131.69,-133,0.436224
243939, 279.246, 6, -1,-1,-1,58.7446,14.9011,0.015849,8.68e+08,11,125000,1,0,30.4498,10782.1,0,-128.042,-135,0.790528
243941, 279.3, 38, -1,-1,-1,46.6514,16.8355,0.025119,8.68e+08,12,125000,1,0,8.65772,19472.1,0,-131.576,-137,1.58106
243944, 279.319, 43, -1,-1,-1,53.287,23.7311,0.019953,8.68e+08,10,125000,1,0,25.0241,18131.4,1,-128.164,-133,0.436224
243946, 279.354, 21, -1,-1,-1,42.7768,-8.93559,0.015849,8.68e+08,10,125000,1,0,-4.72566,13379.9,0,-137.993,-133,0.436224
243953, 279.676, 19, -1,-1,-1,39.2054,-0.944952,0.015849,8.68e+08,11,125000,1,0,-4.5595,16641.9,0,-137.935,-135,0.790528
243955, 279.874, 36, -1,-1,-1,42.449,24.9,0.015849,8.68e+08,12,125000,1,0,4.8776,19687.4,0,-134.79,-137,1.58106
243958, 279.972, 11, -1,-1,-1,57.3201,37.6516,0.025119,8.68e+08,11,125000,1,0,36.0873,6827.44,1,-125.035,-135,0.790528
243970, 280.509, 50, -1,-1,-1,39.6135,14.146,0.019953,8.68e+08,12,125000,1,0,0.030381,19748.4,0,-135.403,-137,1.58106
243972, 280.772, 27, -1,-1,-1,51.1796,4.80986,0.015849,8.68e+08,11,125000,1,0,8.69109,14587.5,0,-133.568,-135,0.790528
243975, 280.859, 29, -1,-1,-1,52.7683,18.5141,0.019953,8.68e+08,11,125000,1,0,20.5635,18186.3,1,-129.211,-135,0.790528
243982, 281.226, 54, -1,-1,-1,32.8604,-15.6934,0.025119,8.68e+08,12,125000,1,0,-13.1903,13439.8,0,-138.629,-137,1.58106
243989, 281.465, 18, -1,-1,-1,40.1886,3.38354,0.019953,8.68e+08,10,125000,1,0,-2.31936,17821.2,0,-136.191,-133,0.436224
244006, 281.871, 30, -1,-1,-1,51.4066,20.2801,0.015849,8.68e+08,10,125000,1,0,18.7602,18947.3,0,-130.667,-133,0.436224
244008, 281.978, 22, -1,-1,-1,51.4039,9.10098,0.019953,8.68e+08,10,125000,1,0,11.7703,16141.5,0,-131.622,-133,0.436224
244010, 282.102, 12, -1,-1,-1,54.913,-1.85238,0.025119,8.68e+08,10,125000,1,0,8.18078,9735.33,0,-131.731,-133,0.436224
244017, 282.44, 10, -1,-1,-1,28.3922,30.4743,0.025119,8.68e+08,11,125000,1,0,-8.07313,18652.4,0,-137.059,-135,0.790528
244029, 283.241, 39, -1,-1,-1,45.5509,21.6869,0.015849,8.68e+08,10,125000,1,0,8.90945,19967.6,0,-133.495,-133,0.436224
244041, 283.633, 35, -1,-1,-1,43.0379,25.6615,0.019953,8.68e+08,10,125000,1,0,6.05777,19683.6,0,-133.404,-133,0.436224
244058, 283.876, 52, -1,-1,-1,40.5674,33.2068,0.019953,8.68e+08,12,125000,1,0,2.94055,17858.5,0,-134.429,-137,1.58106
244060, 284.048, 13, -1,-1,-1,56.1471,-3.21172,0.019953,8.68e+08,10,125000,1,0,8.349,8084.83,0,-132.678,-133,0.436224
244063, 284.118, 8, -1,-1,-1,60.2786,11.8187,0.015849,8.68e+08,10,125000,1,0,28.1886,6854.46,1,-128.49,-133,0.436224
244071, 284.463, 59, -1,-1,-1,70.5782,23.1906,0.015849,8.68e+08,11,125000,1,0,26.0779,-15386.1,1,-128.934,-135,0.790528
244074, 284.67, 42, -1,-1,-1,57.9034,23.4627,0.025119,8.68e+08,10,125000,1,0,45.6838,13521.8,1,-123.648,-133,0.436224
244082, 285.079, 5, -1,-1,-1,50.8916,5.95756,0.015849,8.68e+08,12,125000,1,0,9.30485,15242.8,1,-133.375,-137,1.58106
244094, 285.314, 53, -1,-1,-1,63.3677,-20.5267,0.019953,8.68e+08,12,125000,1,0,2.20483,-2319.01,0,-134.688,-137,1.58106
244097, 285.565, 48, -1,-1,-1,57.3759,11.2263,0.015849,8.68e+08,10,125000,1,0,23.2525,11329.4,1,-129.567,-133,0.436224
244099, 286.658, 55, -1,-1,-1,28.1932,-17.432,0.019953,8.68e+08,12,125000,1,0,-16.2565,13741.9,0,-140.492,-137,1.58106
244101, 286.686, 15, -1,-1,-1,46.4275,5.27678,0.019953,8.68e+08,12,125000,1,0,4.24442,16847.4,0,-134.002,-137,1.58106
244113, 288.674, 4, -1,-1,-1,41.1415,14.3884,0.025119,8.68e+08,10,125000,1,0,2.20665,19790.5,0,-133.674,-133,0.436224
244126, 289.463, 47, -1,-1,-1,61.5463,6.00261,0.015849,8.68e+08,12,125000,1,0,20.8991,3046.79,1,-130.13,-137,1.58106
244133, 289.821, 16, -1,-1,-1,44.9358,4.6114,0.019953,8.68e+08,11,125000,1,0,2.73865,16980.9,0,-134.5,-135,0.790528
244136, 289.951, 58, -1,-1,-1,61.527,-8.14045,0.019953,8.68e+08,11,125000,1,0,8.31839,889.982,1,-132.689,-135,0.790528
244138, 290.187, 57, -1,-1,-1,34.4409,34.819,0.015849,8.68e+08,10,125000,1,0,-2.88624,17442.2,0,-137.373,-133,0.436224
244155, 291.13, 45, -1,-1,-1,50.3904,22.374,0.025119,8.68e+08,10,125000,1,0,18.7825,19058.8,0,-128.66,-133,0.436224
244162, 291.21, 32, -1,-1,-1,51.0548,15.679,0.015849,8.68e+08,11,125000,1,0,16.5044,17978.6,0,-131.266,-135,0.790528
244184, 291.91, 27, -1,-1,-1,51.1796,4.80986,0.015849,8.68e+08,11,125000,1,0,9.44388,14312.8,0,-133.332,-135,0.790528
244186, 291.992, 2, -1,-1,-1,54.1874,12.6163,0.025119,8.68e+08,10,125000,1,0,20.0012,14915.5,0,-128.351,-133,0.436224
244203, 292.321, 18, -1,-1,-1,40.1886,3.38354,0.019953,8.68e+08,10,125000,1,0,-1.76945,17611.3,0,-136.007,-133,0.436224
244210, 292.516, 22, -1,-1,-1,51.4039,9.10098,0.019953,8.68e+08,10,125000,1,0,12.6875,15674.5,0,-131.348,-133,0.436224
244222, 292.764, 23, -1,-1,-1,52.7669,10.7089,0.019953,8.68e+08,12,125000,1,0,15.8175,15393,0,-130.455,-137,1.58106
244224, 292.805, 3, -1,-1,-1,39.3525,-4.27633,0.015849,8.68e+08,12,125000,1,0,-5.0197,15606.1,0,-138.086,-137,1.58106
244251, 293.198, 50, -1,-1,-1,39.6135,14.146,0.019953,8.68e+08,12,125000,1,0,0.821244,19811.1,0,-135.136,-137,1.58106
244253, 293.362, 14, -1,-1,-1,53.6396,-5.90614,0.025119,8.68e+08,11,125000,1,0,5.06117,8746.18,0,-132.737,-135,0.790528
244255, 293.434, 46, -1,-1,-1,52.8958,29.0093,0.015849,8.68e+08,11,125000,1,0,27.8825,16618.4,0,-128.55,-135,0.790528
244257, 293.64, 51, -1,-1,-1,41.1184,27.7906,0.015849,8.68e+08,11,125000,1,0,4.48648,19165.7,0,-134.916,-135,0.790528
244259, 293.763, 54, -1,-1,-1,32.8604,-15.6934,0.025119,8.68e+08,12,125000,1,0,-12.8189,13414.9,0,-138.52,-137,1.58106
244261, 293.858, 31, -1,-1,-1,53.6944,18.0178,0.019953,8.68e+08,12,125000,1,0,24.4542,16952.4,0,-128.289,-137,1.58106
244268, 293.942, 33, -1,-1,-1,48.4983,18.9946,0.019953,8.68e+08,12,125000,1,0,13.8178,19322.6,0,-131.017,-137,1.58106
244276, 293.967, 11, -1,-1,-1,57.3201,37.6516,0.025119,8.68e+08,11,125000,1,0,37.676,4849.77,1,-124.777,-135,0.790528
244293, 294.496, 36, -1,-1,-1,42.449,24.9,0.015849,8.68e+08,12,125000,1,0,6.00467,19669.4,0,-134.42,-137,1.58106
244295, 294.669, 28, -1,-1,-1,56.8935,12.7001,0.015849,8.68e+08,11,125000,1,0,25.4865,11659.8,0,-129.061,-135,0.790528
244297, 294.713, 9, -1,-1,-1,37.2508,22.8773,0.019953,8.68e+08,12,125000,1,0,0.00183,19928,0,-135.408,-137,1.58106
244299, 294.764, 26, -1,-1,-1,46.6423,9.83152,0.015849,8.68e+08,12,125000,1,0,7.0966,17906.1,0,-134.071,-137,1.58106
244301, 294.955, 44, -1,-1,-1,49.9843,31.8509,0.025119,8.68e+08,11,125000,1,0,19.1499,16475.7,0,-128.564,-135,0.790528
244303, 294.96, 56, -1,-1,-1,35.9437,14.8854,0.015849,8.68e+08,11,125000,1,0,-2.30227,19955.6,0,-137.18,-135,0.790528
244305, 295.163, 6, -1,-1,-1,58.7446,14.9011,0.015849,8.68e+08,11,125000,1,0,32.8483,9136.65,0,-127.592,-135,0.790528
244312, 295.532, 7, -1,-1,-1,49.8595,17.3781,0.015849,8.68e+08,12,125000,1,0,15.7262,18692.6,0,-131.478,-137,1.58106
244315, 295.78, 40, -1,-1,-1,60.9756,22.8199,0.019953,8.68e+08,10,125000,1,0,61.8172,3270.48,1,-123.073,-133,0.436224
244347, 296.7, 19, -1,-1,-1,39.2054,-0.944952,0.015849,8.68e+08,11,125000,1,0,-3.80178,16507.3,0,-137.683,-135,0.790528
244349, 296.807, 20, -1,-1,-1,38.6376,-10.9667,0.025119,8.68e+08,11,125000,1,0,-7.61344,13588.1,0,-136.926,-135,0.790528
244351, 296.816, 39, -1,-1,-1,45.5509,21.6869,0.015849,8.68e+08,10,125000,1,0,10.1982,19749.9,0,-133.093,-133,0.436224
244354, 296.92, 42, -1,-1,-1,57.9034,23.4627,0.025119,8.68e+08,10,125000,1,0,50.6442,11809.3,1,-123.07,-133,0.436224
244361, 297.406, 1, -1,-1,-1,49.3433,4.02696,0.019953,8.68e+08,11,125000,1,0,7.33878,14822.2,0,-132.995,-135,0.790528
244374, 297.909, 53, -1,-1,-1,63.3677,-20.5267,0.019953,8.68e+08,12,125000,1,0,2.08567,-3105.47,1,-134.727,-137,1.58106
244376, 297.947, 35, -1,-1,-1,43.0379,25.6615,0.019953,8.68e+08,10,125000,1,0,7.21631,19452.2,0,-133.029,-133,0.436224
244378, 297.988, 17, -1,-1,-1,51.1746,0.474538,0.025119,8.68e+08,11,125000,1,0,7.06875,12435.4,0,-132.083,-135,0.790528
244381, 298.158, 43, -1,-1,-1,53.287,23.7311,0.019953,8.68e+08,10,125000,1,0,29.05,17500.5,1,-127.312,-133,0.436224
244398, 298.893, 37, -1,-1,-1,40.5376,22.945,0.025119,8.68e+08,10,125000,1,0,3.88993,19863.3,0,-133.112,-133,0.436224
244420, 299.329, 25, -1,-1,-1,47.35,6.57833,0.025119,8.68e+08,10,125000,1,0,6.73431,16511.8,0,-132.188,-133,0.436224
244427, 299.613, 24, -1,-1,-1,48.8042,9.34343,0.025119,8.68e+08,10,125000,1,0,9.98763,16806.1,0,-131.161,-133,0.436224
244429, 299.665, 13, -1,-1,-1,56.1471,-3.21172,0.019953,8.68e+08,10,125000,1,0,8.88237,6969.08,0,-132.508,-133,0.436224
244431, 299.742, 0, -1,-1,-1,50.9975,-0.836329,0.019953,8.68e+08,10,125000,1,0,6.21758,11971,0,-133.358,-133,0.436224
244443, 300.283, 8, -1,-1,-1,60.2786,11.8187,0.015849,8.68e+08,10,125000,1,0,29.3977,4631.42,0,-128.244,-133,0.436224
244445, 300.304, 52, -1,-1,-1,40.5674,33.2068,0.019953,8.68e+08,12,125000,1,0,3.97591,17463.4,0,-134.084,-137,1.58106
244448, 300.442, 47, -1,-1,-1,61.5463,6.00261,0.015849,8.68e+08,12,125000,1,0,21.1277,1735.37,1,-130.072,-137,1.58106
244456, 300.685, 41, -1,-1,-1,58.2688,24.8952,0.025119,8.68e+08,10,125000,1,0,58.1205,10499,1,-122.359,-133,0.436224
244583, 301.034, 34, -1,-1,-1,46.0916,17.4756,0.025119,8.68e+08,12,125000,1,0,10.0956,19462.2,0,-131.125,-137,1.58106
244595, 301.337, 45, -1,-1,-1,50.3904,22.374,0.025119,8.68e+08,10,125000,1,0,20.3521,18997.7,0,-128.26,-133,0.436224
244597, 301.661, 4, -1,-1,-1,41.1415,14.3884,0.025119,8.68e+08,10,125000,1,0,3.09019,19831.2,0,-133.378,-133,0.436224
244604, 301.999, 49, -1,-1,-1,46.1161,7.79982,0.019953,8.68e+08,11,125000,1,0,6.13437,17487.6,0,-133.381,-135,0.790528
244606, 302.138, 38, -1,-1,-1,46.6514,16.8355,0.025119,8.68e+08,12,125000,1,0,10.8023,19487.9,0,-130.909,-137,1.58106
244624, 302.701, 30, -1,-1,-1,51.4066,20.2801,0.015849,8.68e+08,10,125000,1,0,22.042,18498,1,-129.847,-133,0.436224
244626, 302.743, 27, -1,-1,-1,51.1796,4.80986,0.015849,8.68e+08,11,125000,1,0,10.1837,14019.6,0,-133.101,-135,0.790528
244638, 303.273, 21, -1,-1,-1,42.7768,-8.93559,0.015849,8.68e+08,10,125000,1,0,-3.88307,13101.8,0,-137.714,-133,0.436224
244645, 303.661, 18, -1,-1,-1,40.1886,3.38354,0.019953,8.68e+08,10,125000,1,0,-1.18667,17605.4,0,-135.811,-133,0.436224
244647, 304.202, 54, -1,-1,-1,32.8604,-15.6934,0.025119,8.68e+08,12,125000,1,0,-12.5108,13429.7,0,-138.429,-137,1.58106
244649, 304.244, 5, -1,-1,-1,50.8916,5.95756,0.015849,8.68e+08,12,125000,1,0,10.6936,14597.1,0,-132.945,-137,1.58106
244686, 305.05, 55, -1,-1,-1,28.1932,-17.432,0.019953,8.68e+08,12,125000,1,0,-15.7268,13634,0,-140.346,-137,1.58106
244688, 305.055, 59, -1,-1,-1,70.5782,23.1906,0.015849,8.68e+08,11,125000,1,0,22.6294,-16395.5,0,-129.709,-135,0.790528
244695, 305.082, 32, -1,-1,-1,51.0548,15.679,0.015849,8.68e+08,11,125000,1,0,18.288,17708.8,0,-130.787,-135,0.790528
244698, 305.11, 12, -1,-1,-1,54.913,-1.85238,0.025119,8.68e+08,10,125000,1,0,9.12208,8437.81,1,-131.432,-133,0.436224
244700, 305.364, 29, -1,-1,-1,52.7683,18.5141,0.019953,8.68e+08,11,125000,1,0,24.6782,17360,0,-128.237,-135,0.790528
244702, 305.856, 51, -1,-1,-1,41.1184,27.7906,0.015849,8.68e+08,11,125000,1,0,5.37857,19137.9,0,-134.622,-135,0.790528
244704, 305.937, 36, -1,-1,-1,42.449,24.9,0.015849,8.68e+08,12,125000,1,0,6.92755,19687.2,0,-134.12,-137,1.58106
244706, 306.093, 3, -1,-1,-1,39.3525,-4.27633,0.015849,8.68e+08,12,125000,1,0,-4.47778,15512.9,0,-137.907,-137,1.58106
244708, 306.232, 9, -1,-1,-1,37.2508,22.8773,0.019953,8.68e+08,12,125000,1,0,0.722317,19993.8,0,-135.166,-137,1.58106
244720, 306.682, 57, -1,-1,-1,34.4409,34.819,0.015849,8.68e+08,10,125000,1,0,-2.07802,17279.5,0,-137.102,-133,0.436224
244727, 307.173, 10, -1,-1,-1,28.3922,30.4743,0.025119,8.68e+08,11,125000,1,0,-6.95386,18517.8,0,-136.7,-135,0.790528
244730, 307.191, 42, -1,-1,-1,57.9034,23.4627,0.025119,8.68e+08,10,125000,1,0,55.1819,10534.4,1,-122.616,-133,0.436224
244767, 308.52, 56, -1,-1,-1,35.9437,14.8854,0.015849,8.68e+08,11,125000,1,0,-1.52082,20028.3,0,-136.917,-135,0.790528
244769, 308.551, 6, -1,-1,-1,58.7446,14.9011,0.015849,8.68e+08,11,125000,1,0,34.7086,7604.01,0,-127.263,-135,0.790528
244771, 308.608, 48, -1,-1,-1,57.3759,11.2263,0.015849,8.68e+08,10,125000,1,0,25.7216,9240.04,0,-129.007,-133,0.436224
244778, 308.722, 14, -1,-1,-1,53.6396,-5.90614,0.025119,8.68e+08,11,125000,1,0,5.55899,8054.81,0,-132.573,-135,0.790528
244790, 308.871, 28, -1,-1,-1,56.8935,12.7001,0.015849,8.68e+08,11,125000,1,0,27.3029,10494.4,0,-128.669,-135,0.790528
244792, 308.989, 31, -1,-1,-1,53.6944,18.0178,0.019953,8.68e+08,12,125000,1,0,27.2851,16349,0,-127.672,-137,1.58106
244795, 309.069, 40, -1,-1,-1,60.9756,22.8199,0.019953,8.68e+08,10,125000,1,0,63.3876,518.155,1,-122.96,-133,0.436224
244797, 309.222, 37, -1,-1,-1,40.5376,22.945,0.025119,8.68e+08,10,125000,1,0,4.65186,19926.9,0,-132.86,-133,0.436224
244799, 309.283, 2, -1,-1,-1,54.1874,12.6163,0.025119,8.68e+08,10,125000,1,0,22.1963,14004,0,-127.811,-133,0.436224
244816, 310.049, 15, -1,-1,-1,46.4275,5.27678,0.019953,8.68e+08,12,125000,1,0,5.72274,16356.9,0,-133.515,-137,1.58106
244818, 310.193, 35, -1,-1,-1,43.0379,25.6615,0.019953,8.68e+08,10,125000,1,0,8.2575,19435.6,0,-132.695,-133,0.436224
244821, 310.404, 58, -1,-1,-1,61.527,-8.14045,0.019953,8.68e+08,11,125000,1,0,8.32831,-487.752,1,-132.683,-135,0.790528
244834, 311.061, 22, -1,-1,-1,51.4039,9.10098,0.019953,8.68e+08,10,125000,1,0,14.3605,15009.9,1,-130.861,-133,0.436224
244836, 311.235, 7, -1,-1,-1,49.8595,17.3781,0.015849,8.68e+08,12,125000,1,0,17.7626,18454,0,-130.924,-137,1.58106
244853, 312.009, 0, -1,-1,-1,50.9975,-0.836329,0.019953,8.68e+08,10,125000,1,0,6.8122,11561.8,0,-133.164,-133,0.436224
244860, 312.287, 44, -1,-1,-1,49.9843,31.8509,0.025119,8.68e+08,11,125000,1,0,21.51,15744,0,-127.973,-135,0.790528
244867, 312.527, 50, -1,-1,-1,39.6135,14.146,0.019953,8.68e+08,12,125000,1,0,2.07511,19785.7,0,-134.715,-137,1.58106
244875, 312.724, 8, -1,-1,-1,60.2786,11.8187,0.015849,8.68e+08,10,125000,1,0,30.0686,3152.73,1,-128.111,-133,0.436224
244877, 312.734, 16, -1,-1,-1,44.9358,4.6114,0.019953,8.68e+08,11,125000,1,0,4.10683,16563.7,0,-134.044,-135,0.790528
244880, 313.156, 13, -1,-1,-1,56.1471,-3.21172,0.019953,8.68e+08,10,125000,1,0,9.29888,6217.71,1,-132.377,-133,0.436224
244892, 313.838, 52, -1,-1,-1,40.5674,33.2068,0.019953,8.68e+08,12,125000,1,0,4.85416,17286.2,0,-133.793,-137,1.58106
244894, 314.045, 18, -1,-1,-1,40.1886,3.38354,0.019953,8.68e+08,10,125000,1,0,-0.645185,17386.8,0,-135.628,-133,0.436224
244897, 314.08, 39, -1,-1,-1,45.5509,21.6869,0.015849,8.68e+08,10,125000,1,0,11.9626,19659.1,1,-132.556,-133,0.436224
244910, 314.771, 25, -1,-1,-1,47.35,6.57833,0.025119,8.68e+08,10,125000,1,0,7.81618,16216.1,1,-131.839,-133,0.436224
244932, 315.316, 43, -1,-1,-1,53.287,23.7311,0.019953,8.68e+08,10,125000,1,0,33.3817,16751.9,0,-126.492,-133,0.436224
244934, 315.37, 24, -1,-1,-1,48.8042,9.34343,0.025119,8.68e+08,10,125000,1,0,11.3193,16461.2,0,-130.752,-133,0.436224
244952, 315.735, 11, -1,-1,-1,57.3201,37.6516,0.025119,8.68e+08,11,125000,1,0,39.0769,1318.18,1,-124.556,-135,0.790528
244954, 315.835, 17, -1,-1,-1,51.1746,0.474538,0.025119,8.68e+08,11,125000,1,0,8.00297,11713.8,0,-131.782,-135,0.790528
244956, 315.865, 33, -1,-1,-1,48.4983,18.9946,0.019953,8.68e+08,12,125000,1,0,16.5185,19017.8,0,-130.257,-137,1.58106
244958, 316.146, 45, -1,-1,-1,50.3904,22.374,0.025119,8.68e+08,10,125000,1,0,22.8528,18487.5,0,-127.653,-133,0.436224
244960, 316.354, 1, -1,-1,-1,49.3433,4.02696,0.019953,8.68e+08,11,125000,1,0,8.5563,14220.8,0,-132.606,-135,0.790528
244987, 317.181, 23, -1,-1,-1,52.7669,10.7089,0.019953,8.68e+08,12,125000,1,0,18.3954,14220.9,0,-129.759,-137,1.58106
244994, 317.25, 21, -1,-1,-1,42.7768,-8.93559,0.015849,8.68e+08,10,125000,1,0,-3.39534,12632.8,0,-137.551,-133,0.436224
245001, 317.424, 46, -1,-1,-1,52.8958,29.0093,0.015849,8.68e+08,11,125000,1,0,33.3257,15138.1,0,-127.502,-135,0.790528
245008, 317.605, 51, -1,-1,-1,41.1184,27.7906,0.015849,8.68e+08,11,125000,1,0,6.26817,18916.9,0,-134.331,-135,0.790528
245025, 317.978, 19, -1,-1,-1,39.2054,-0.944952,0.015849,8.68e+08,11,125000,1,0,-2.84074,16249.7,0,-137.363,-135,0.790528
245027, 318.029, 57, -1,-1,-1,34.4409,34.819,0.015849,8.68e+08,10,125000,1,0,-1.51433,17034.2,0,-136.912,-133,0.436224
245034, 318.304, 26, -1,-1,-1,46.6423,9.83152,0.015849,8.68e+08,12,125000,1,0,8.94471,17475.7,0,-133.482,-137,1.58106
245037, 318.407, 41, -1,-1,-1,58.2688,24.8952,0.025119,8.68e+08,10,125000,1,0,67.7601,6858.01,1,-121.689,-133,0.436224
245039, 318.446, 54, -1,-1,-1,32.8604,-15.6934,0.025119,8.68e+08,12,125000,1,0,-12.0921,13091.9,0,-138.304,-137,1.58106
245046, 318.693, 20, -1,-1,-1,38.6376,-10.9667,0.025119,8.68e+08,11,125000,1,0,-6.88945,13223.1,0,-136.693,-135,0.790528
245048, 318.768, 29, -1,-1,-1,52.7683,18.5141,0.019953,8.68e+08,11,125000,1,0,27.2526,16606.7,0,-127.677,-135,0.790528
245055, 318.881, 36, -1,-1,-1,42.449,24.9,0.015849,8.68e+08,12,125000,1,0,8.01995,19472.3,0,-133.77,-137,1.58106
245062, 319.077, 27, -1,-1,-1,51.1796,4.80986,0.015849,8.68e+08,11,125000,1,0,11.309,13132.9,0,-132.756,-135,0.790528
245064, 319.286, 4, -1,-1,-1,41.1415,14.3884,0.025119,8.68e+08,10,125000,1,0,4.34404,19589.4,0,-132.961,-133,0.436224
245071, 319.386, 56, -1,-1,-1,35.9437,14.8854,0.015849,8.68e+08,11,125000,1,0,-0.87829,19918.5,0,-136.701,-135,0.790528
245078, 319.782, 10, -1,-1,-1,28.3922,30.4743,0.025119,8.68e+08,11,125000,1,0,-6.37333,18344.5,0,-136.512,-135,0.790528
245096, 320.329, 2, -1,-1,-1,54.1874,12.6163,0.025119,8.68e+08,10,125000,1,0,23.65,13130,1,-127.469,-133,0.436224
245103, 320.662, 30, -1,-1,-1,51.4066,20.2801,0.015849,8.68e+08,10,125000,1,0,25.3144,18019.8,0,-129.093,-133,0.436224
245105, 320.871, 53, -1,-1,-1,63.3677,-20.5267,0.019953,8.68e+08,12,125000,1,0,1.80255,-4262.84,0,-134.819,-137,1.58106
245112, 321.178, 38, -1,-1,-1,46.6514,16.8355,0.025119,8.68e+08,12,125000,1,0,12.7725,19078.8,0,-130.317,-137,1.58106
245115, 321.182, 59, -1,-1,-1,70.5782,23.1906,0.015849,8.68e+08,11,125000,1,0,20.1942,-16956.3,1,-130.299,-135,0.790528
245123, 321.666, 31, -1,-1,-1,53.6944,18.0178,0.019953,8.68e+08,12,125000,1,0,29.8933,15772,1,-127.142,-137,1.58106
245126, 322.192, 6, -1,-1,-1,58.7446,14.9011,0.015849,8.68e+08,11,125000,1,0,36.334,5853.89,1,-126.988,-135,0.790528
245133, 322.611, 55, -1,-1,-1,28.1932,-17.432,0.019953,8.68e+08,12,125000,1,0,-15.2233,13530.6,0,-140.205,-137,1.58106
245155, 323.398, 35, -1,-1,-1,43.0379,25.6615,0.019953,8.68e+08,10,125000,1,0,9.43794,19385.3,0,-132.323,-133,0.436224
245162, 324.126, 3, -1,-1,-1,39.3525,-4.27633,0.015849,8.68e+08,12,125000,1,0,-3.73834,15279.3,0,-137.661,-137,1.58106
245169, 324.35, 34, -1,-1,-1,46.0916,17.4756,0.025119,8.68e+08,12,125000,1,0,12.4675,19449.9,0,-130.406,-137,1.58106
245176, 324.725, 7, -1,-1,-1,49.8595,17.3781,0.015849,8.68e+08,12,125000,1,0,19.6749,18233.6,0,-130.427,-137,1.58106
245178, 324.74, 5, -1,-1,-1,50.8916,5.95756,0.015849,8.68e+08,12,125000,1,0,12.2146,13764.3,0,-132.484,-137,1.58106
245185, 325.032, 49, -1,-1,-1,46.1161,7.79982,0.019953,8.68e+08,11,125000,1,0,7.79531,17027.9,0,-132.844,-135,0.790528
245187, 325.202, 47, -1,-1,-1,61.5463,6.00261,0.015849,8.68e+08,12,125000,1,0,21.2333,-669.146,0,-130.042,-137,1.58106
245194, 325.808, 58, -1,-1,-1,61.527,-8.14045,0.019953,8.68e+08,11,125000,1,0,8.25232,-1458.64,0,-132.705,-135,0.790528
245201, 326.021, 28, -1,-1,-1,56.8935,12.7001,0.015849,8.68e+08,11,125000,1,0,29.3948,8789.03,0,-128.241,-135,0.790528
245208, 326.204, 50, -1,-1,-1,39.6135,14.146,0.019953,8.68e+08,12,125000,1,0,3.00246,19819.7,0,-134.404,-137,1.58106
245211, 326.505, 12, -1,-1,-1,54.913,-1.85238,0.025119,8.68e+08,10,125000,1,0,9.90541,7126.82,1,-131.186,-133,0.436224
245213, 326.687, 44, -1,-1,-1,49.9843,31.8509,0.025119,8.68e+08,11,125000,1,0,23.6097,15042.5,0,-127.475,-135,0.790528
245226, 327.483, 8, -1,-1,-1,60.2786,11.8187,0.015849,8.68e+08,10,125000,1,0,30.5138,1260.31,1,-128.022,-133,0.436224
245239, 327.806, 51, -1,-1,-1,41.1184,27.7906,0.015849,8.68e+08,11,125000,1,0,7.06802,18901.7,1,-134.072,-135,0.790528
245241, 328.001, 22, -1,-1,-1,51.4039,9.10098,0.019953,8.68e+08,10,125000,1,0,15.9496,14311,0,-130.413,-133,0.436224
245244, 328.077, 40, -1,-1,-1,60.9756,22.8199,0.019953,8.68e+08,10,125000,1,0,61.4579,-3623.87,1,-123.093,-133,0.436224
245266, 328.682, 48, -1,-1,-1,57.3759,11.2263,0.015849,8.68e+08,10,125000,1,0,27.6362,7128.27,0,-128.597,-133,0.436224
245268, 328.825, 42, -1,-1,-1,57.9034,23.4627,0.025119,8.68e+08,10,125000,1,0,65.3803,6610.02,0,-121.827,-133,0.436224
245280, 329.268, 17, -1,-1,-1,51.1746,0.474538,0.025119,8.68e+08,11,125000,1,0,8.69352,11176.8,0,-131.563,-135,0.790528
245282, 329.344, 14, -1,-1,-1,53.6396,-5.90614,0.025119,8.68e+08,11,125000,1,0,6.16993,6971.16,0,-132.371,-135,0.790528
245295, 329.972, 32, -1,-1,-1,51.0548,15.679,0.015849,8.68e+08,11,125000,1,0,21.8556,16837.9,1,-129.888,-135,0.790528
245297, 330.229, 37, -1,-1,-1,40.5376,22.945,0.025119,8.68e+08,10,125000,1,0,6.28511,19835.3,0,-132.324,-133,0.436224
245304, 330.541, 33, -1,-1,-1,48.4983,18.9946,0.019953,8.68e+08,12,125000,1,0,18.5413,18841.2,0,-129.717,-137,1.58106
245307, 330.787, 13, -1,-1,-1,56.1471,-3.21172,0.019953,8.68e+08,10,125000,1,0,9.77192,5099.46,1,-132.227,-133,0.436224
245309, 330.925, 9, -1,-1,-1,37.2508,22.8773,0.019953,8.68e+08,12,125000,1,0,2.33892,19899.8,0,-134.622,-137,1.58106
245331, 332.068, 18, -1,-1,-1,40.1886,3.38354,0.019953,8.68e+08,10,125000,1,0,0.313182,17208.5,0,-135.305,-133,0.436224
245343, 332.368, 57, -1,-1,-1,34.4409,34.819,0.015849,8.68e+08,10,125000,1,0,-0.792848,16879.5,0,-136.669,-133,0.436224
245355, 332.645, 1, -1,-1,-1,49.3433,4.02696,0.019953,8.68e+08,11,125000,1,0,9.61833,13663,0,-132.272,-135,0.790528
245363, 332.726, 59, -1,-1,-1,70.5782,23.1906,0.015849,8.68e+08,11,125000,1,0,18.5814,-17476.5,1,-130.708,-135,0.790528
245365, 332.871, 2, -1,-1,-1,54.1874,12.6163,0.025119,8.68e+08,10,125000,1,0,25.3332,12325.3,0,-127.088,-133,0.436224
245367, 332.899, 16, -1,-1,-1,44.9358,4.6114,0.019953,8.68e+08,11,125000,1,0,5.35412,16159.2,0,-133.632,-135,0.790528
245369, 333.222, 10, -1,-1,-1,28.3922,30.4743,0.025119,8.68e+08,11,125000,1,0,-5.74673,18338.5,0,-136.307,-135,0.790528
245376, 333.489, 20, -1,-1,-1,38.6376,-10.9667,0.025119,8.68e+08,11,125000,1,0,-6.40357,13034.4,0,-136.535,-135,0.790528
245383, 333.894, 55, -1,-1,-1,28.1932,-17.432,0.019953,8.68e+08,12,125000,1,0,-14.901,13289,0,-140.114,-137,1.58106
245415, 334.594, 0, -1,-1,-1,50.9975,-0.836329,0.019953,8.68e+08,10,125000,1,0,7.87872,10502.9,0,-132.82,-133,0.436224
245417, 334.608, 56, -1,-1,-1,35.9437,14.8854,0.015849,8.68e+08,11,125000,1,0,0.04836,19966.4,0,-136.389,-135,0.790528
245420, 334.688, 46, -1,-1,-1,52.8958,29.0093,0.015849,8.68e+08,11,125000,1,0,37.865,13773.6,1,-126.739,-135,0.790528
245432, 334.761, 24, -1,-1,-1,48.8042,9.34343,0.025119,8.68e+08,10,125000,1,0,13.0423,15889,0,-130.238,-133,0.436224
245434, 334.775, 25, -1,-1,-1,47.35,6.57833,0.025119,8.68e+08,10,125000,1,0,9.26904,15687.2,0,-131.379,-133,0.436224
245436, 334.788, 4, -1,-1,-1,41.1415,14.3884,0.025119,8.68e+08,10,125000,1,0,5.50572,19573.7,0,-132.578,-133,0.436224
245443, 334.845, 15, -1,-1,-1,46.4275,5.27678,0.019953,8.68e+08,12,125000,1,0,7.35889,15714,0,-132.983,-137,1.58106
245455, 335.364, 19, -1,-1,-1,39.2054,-0.944952,0.015849,8.68e+08,11,125000,1,0,-2.04399,16053,0,-137.095,-135,0.790528
245457, 335.551, 45, -1,-1,-1,50.3904,22.374,0.025119,8.68e+08,10,125000,1,0,26.6164,17940.8,0,-126.808,-133,0.436224
245460, 335.594, 27, -1,-1,-1,51.1796,4.80986,0.015849,8.68e+08,11,125000,1,0,12.4509,12394.9,1,-132.413,-135,0.790528
245467, 335.7, 39, -1,-1,-1,45.5509,21.6869,0.015849,8.68e+08,10,125000,1,0,14.41,19442.3,0,-131.84,-133,0.436224
245479, 336.271, 38, -1,-1,-1,46.6514,16.8355,0.025119,8.68e+08,12,125000,1,0,14.4761,18944.9,0,-129.822,-137,1.58106
245481, 336.291, 52, -1,-1,-1,40.5674,33.2068,0.019953,8.68e+08,12,125000,1,0,6.36405,16808.9,0,-133.298,-137,1.58106
245498, 337.152, 11, -1,-1,-1,57.3201,37.6516,0.025119,8.68e+08,11,125000,1,0,38.8747,-2268.1,0,-124.583,-135,0.790528
245500, 337.227, 26, -1,-1,-1,46.6423,9.83152,0.015849,8.68e+08,12,125000,1,0,10.5295,17101.3,0,-132.989,-137,1.58106
245503, 337.551, 43, -1,-1,-1,53.287,23.7311,0.019953,8.68e+08,10,125000,1,0,40.2279,15269,1,-125.38,-133,0.436224
245505, 337.552, 47, -1,-1,-1,61.5463,6.00261,0.015849,8.68e+08,12,125000,1,0,21.0701,-2163.07,0,-130.08,-137,1.58106
245507, 337.85, 23, -1,-1,-1,52.7669,10.7089,0.019953,8.68e+08,12,125000,1,0,20.6868,13025.7,0,-129.173,-137,1.58106
245509, 337.998, 53, -1,-1,-1,63.3677,-20.5267,0.019953,8.68e+08,12,125000,1,0,1.5389,-5036.34,0,-134.906,-137,1.58106
245527, 338.773, 41, -1,-1,-1,58.2688,24.8952,0.025119,8.68e+08,10,125000,1,0,78.5967,2281.47,1,-121.235,-133,0.436224
245530, 339.344, 29, -1,-1,-1,52.7683,18.5141,0.019953,8.68e+08,11,125000,1,0,31.738,15480.4,1,-126.788,-135,0.790528
245537, 340.233, 54, -1,-1,-1,32.8604,-15.6934,0.025119,8.68e+08,12,125000,1,0,-11.4564,12811.5,0,-138.113,-137,1.58106
245550, 340.677, 48, -1,-1,-1,57.3759,11.2263,0.015849,8.68e+08,10,125000,1,0,28.5977,5859.43,1,-128.398,-133,0.436224
245552, 340.755, 35, -1,-1,-1,43.0379,25.6615,0.019953,8.68e+08,10,125000,1,0,11.0929,19226.3,0,-131.813,-133,0.436224
245555, 341.087, 31, -1,-1,-1,53.6944,18.0178,0.019953,8.68e+08,12,125000,1,0,34.3399,14103.3,1,-126.32,-137,1.58106
245567, 341.657, 21, -1,-1,-1,42.7768,-8.93559,0.015849,8.68e+08,10,125000,1,0,-2.55491,12241.8,0,-137.269,-133,0.436224
245584, 342.749, 1, -1,-1,-1,49.3433,4.02696,0.019953,8.68e+08,11,125000,1,0,10.2814,13373,0,-132.066,-135,0.790528
245591, 343.129, 5, -1,-1,-1,50.8916,5.95756,0.015849,8.68e+08,12,125000,1,0,13.5981,12916.3,0,-132.076,-137,1.58106
245593, 343.423, 36, -1,-1,-1,42.449,24.9,0.015849,8.68e+08,12,125000,1,0,10.2538,19416.9,0,-133.069,-137,1.58106
245595, 343.445, 9, -1,-1,-1,37.2508,22.8773,0.019953,8.68e+08,12,125000,1,0,3.20079,19936.1,0,-134.334,-137,1.58106
245617, 343.946, 42, -1,-1,-1,57.9034,23.4627,0.025119,8.68e+08,10,125000,1,0,71.6339,3433.73,0,-121.488,-133,0.436224
245619, 343.981, 30, -1,-1,-1,51.4066,20.2801,0.015849,8.68e+08,10,125000,1,0,30.3532,17059.3,0,-128.049,-133,0.436224
245626, 344.445, 7, -1,-1,-1,49.8595,17.3781,0.015849,8.68e+08,12,125000,1,0,22.7905,17678.8,0,-129.663,-137,1.58106
245628, 344.492, 6, -1,-1,-1,58.7446,14.9011,0.015849,8.68e+08,11,125000,1,0,38.07,2435.87,0,-126.706,-135,0.790528
245645, 344.592, 44, -1,-1,-1,49.9843,31.8509,0.025119,8.68e+08,11,125000,1,0,26.3856,13906.7,0,-126.856,-135,0.790528
245672, 345.171, 18, -1,-1,-1,40.1886,3.38354,0.019953,8.68e+08,10,125000,1,0,1.02535,17120.6,0,-135.065,-133,0.436224
245679, 345.31, 28, -1,-1,-1,56.8935,12.7001,0.015849,8.68e+08,11,125000,1,0,31.4526,6520.78,0,-127.841,-135,0.790528
245681, 345.315, 49, -1,-1,-1,46.1161,7.79982,0.019953,8.68e+08,11,125000,1,0,9.33776,16567.1,0,-132.356,-135,0.790528
245683, 345.53, 56, -1,-1,-1,35.9437,14.8854,0.015849,8.68e+08,11,125000,1,0,0.734205,20054.1,0,-136.158,-135,0.790528
245691, 345.681, 8, -1,-1,-1,60.2786,11.8187,0.015849,8.68e+08,10,125000,1,0,30.489,-1193.8,1,-128.024,-133,0.436224
245693, 345.96, 17, -1,-1,-1,51.1746,0.474538,0.025119,8.68e+08,11,125000,1,0,9.5283,10378.7,0,-131.299,-135,0.790528
245695, 345.968, 3, -1,-1,-1,39.3525,-4.27633,0.015849,8.68e+08,12,125000,1,0,-2.83742,14907.9,0,-137.36,-137,1.58106
245697, 346.143, 34, -1,-1,-1,46.0916,17.4756,0.025119,8.68e+08,12,125000,1,0,14.9574,19178.9,0,-129.684,-137,1.58106
245704, 346.592, 38, -1,-1,-1,46.6514,16.8355,0.025119,8.68e+08,12,125000,1,0,15.7249,18907.5,0,-129.47,-137,1.58106
245711, 346.739, 50, -1,-1,-1,39.6135,14.146,0.019953,8.68e+08,12,125000,1,0,4.46618,19750.6,0,-133.917,-137,1.58106
245719, 346.764, 22, -1,-1,-1,51.4039,9.10098,0.019953,8.68e+08,10,125000,1,0,17.7644,13358.4,1,-129.92,-133,0.436224
245726, 347.229, 15, -1,-1,-1,46.4275,5.27678,0.019953,8.68e+08,12,125000,1,0,8.20174,15463.6,0,-132.713,-137,1.58106
245733, 347.537, 32, -1,-1,-1,51.0548,15.679,0.015849,8.68e+08,11,125000,1,0,24.6989,16118.3,0,-129.226,-135,0.790528
245736, 347.586, 40, -1,-1,-1,60.9756,22.8199,0.019953,8.68e+08,10,125000,1,0,55.768,-7469.98,1,-123.555,-133,0.436224
245738, 347.822, 0, -1,-1,-1,50.9975,-0.836329,0.019953,8.68e+08,10,125000,1,0,8.47927,9925.3,0,-132.628,-133,0.436224
245745, 348.302, 47, -1,-1,-1,61.5463,6.00261,0.015849,8.68e+08,12,125000,1,0,20.8152,-3144,0,-130.141,-137,1.58106
245747, 348.683, 58, -1,-1,-1,61.527,-8.14045,0.019953,8.68e+08,11,125000,1,0,8.01035,-3001.7,0,-132.779,-135,0.790528
245764, 349.333, 57, -1,-1,-1,34.4409,34.819,0.015849,8.68e+08,10,125000,1,0,0.074101,16635.2,0,-136.377,-133,0.436224
245771, 349.679, 51, -1,-1,-1,41.1184,27.7906,0.015849,8.68e+08,11,125000,1,0,8.87802,18607.9,0,-133.494,-135,0.790528
245778, 350.315, 16, -1,-1,-1,44.9358,4.6114,0.019953,8.68e+08,11,125000,1,0,6.46437,15784.7,0,-133.268,-135,0.790528
245781, 350.39, 23, -1,-1,-1,52.7669,10.7089,0.019953,8.68e+08,12,125000,1,0,22.1055,12287.2,1,-128.826,-137,1.58106
245783, 350.605, 24, -1,-1,-1,48.8042,9.34343,0.025119,8.68e+08,10,125000,1,0,14.5203,15379,0,-129.809,-133,0.436224
245920, 351.362, 39, -1,-1,-1,45.5509,21.6869,0.015849,8.68e+08,10,125000,1,0,16.3848,19305.6,0,-131.287,-133,0.436224
245927, 351.485, 12, -1,-1,-1,54.913,-1.85238,0.025119,8.68e+08,10,125000,1,0,10.6742,5412.35,0,-130.947,-133,0.436224
245945, 352.022, 2, -1,-1,-1,54.1874,12.6163,0.025119,8.68e+08,10,125000,1,0,27.9138,10686.5,1,-126.535,-133,0.436224
245962, 352.816, 52, -1,-1,-1,40.5674,33.2068,0.019953,8.68e+08,12,125000,1,0,7.51903,16443.8,0,-132.924,-137,1.58106
245969, 352.961, 26, -1,-1,-1,46.6423,9.83152,0.015849,8.68e+08,12,125000,1,0,11.9209,16770.3,0,-132.566,-137,1.58106
245971, 352.999, 1, -1,-1,-1,49.3433,4.02696,0.019953,8.68e+08,11,125000,1,0,10.9551,12793.4,0,-131.859,-135,0.790528
245973, 353.005, 45, -1,-1,-1,50.3904,22.374,0.025119,8.68e+08,10,125000,1,0,30.5973,17307.5,0,-126,-133,0.436224
245990, 353.432, 53, -1,-1,-1,63.3677,-20.5267,0.019953,8.68e+08,12,125000,1,0,1.26549,-5686.39,0,-134.996,-137,1.58106
245997, 353.496, 37, -1,-1,-1,40.5376,22.945,0.025119,8.68e+08,10,125000,1,0,8.24728,19677.8,0,-131.692,-133,0.436224
245999, 353.537, 33, -1,-1,-1,48.4983,18.9946,0.019953,8.68e+08,12,125000,1,0,22.1474,18303.5,0,-128.814,-137,1.58106
246001, 353.748, 5, -1,-1,-1,50.8916,5.95756,0.015849,8.68e+08,12,125000,1,0,14.3983,12214.1,0,-131.845,-137,1.58106
246003, 353.824, 59, -1,-1,-1,70.5782,23.1906,0.015849,8.68e+08,11,125000,1,0,15.883,-18031.2,0,-131.429,-135,0.790528
246016, 354.127, 29, -1,-1,-1,52.7683,18.5141,0.019953,8.68e+08,11,125000,1,0,35.4062,14518.4,1,-126.136,-135,0.790528
246023, 354.279, 14, -1,-1,-1,53.6396,-5.90614,0.025119,8.68e+08,11,125000,1,0,6.80379,5505.96,0,-132.163,-135,0.790528
246030, 354.513, 9, -1,-1,-1,37.2508,22.8773,0.019953,8.68e+08,12,125000,1,0,3.98938,19793.2,0,-134.071,-137,1.58106
246032, 354.697, 20, -1,-1,-1,38.6376,-10.9667,0.025119,8.68e+08,11,125000,1,0,-5.71363,12626.5,0,-136.309,-135,0.790528
246034, 354.699, 10, -1,-1,-1,28.3922,30.4743,0.025119,8.68e+08,11,125000,1,0,-4.72757,18198.2,0,-135.972,-135,0.790528
246037, 354.939, 30, -1,-1,-1,51.4066,20.2801,0.015849,8.68e+08,10,125000,1,0,33.1024,16317.4,1,-127.535,-133,0.436224
246050, 355.704, 13, -1,-1,-1,56.1471,-3.21172,0.019953,8.68e+08,10,125000,1,0,10.2821,3316.37,1,-132.067,-133,0.436224
246057, 355.782, 36, -1,-1,-1,42.449,24.9,0.015849,8.68e+08,12,125000,1,0,11.4723,19158.5,0,-132.696,-137,1.58106
246065, 356.176, 42, -1,-1,-1,57.9034,23.4627,0.025119,8.68e+08,10,125000,1,0,74.0632,270.459,1,-121.383,-133,0.436224
246092, 356.76, 43, -1,-1,-1,53.287,23.7311,0.019953,8.68e+08,10,125000,1,0,47.5902,13483.2,0,-124.403,-133,0.436224
246094, 356.781, 48, -1,-1,-1,57.3759,11.2263,0.015849,8.68e+08,10,125000,1,0,29.5884,3571.66,0,-128.197,-133,0.436224
246096, 356.786, 56, -1,-1,-1,35.9437,14.8854,0.015849,8.68e+08,11,125000,1,0,1.4609,19929.9,0,-135.913,-135,0.790528
246109, 357.009, 41, -1,-1,-1,58.2688,24.8952,0.025119,8.68e+08,10,125000,1,0,79.3465,-2103.87,1,-121.211,-133,0.436224
246111, 357.022, 55, -1,-1,-1,28.1932,-17.432,0.019953,8.68e+08,12,125000,1,0,-14.2441,13041.1,0,-139.927,-137,1.58106
246118, 357.368, 27, -1,-1,-1,51.1796,4.80986,0.015849,8.68e+08,11,125000,1,0,13.9408,11182.7,0,-131.976,-135,0.790528
246135, 357.585, 46, -1,-1,-1,52.8958,29.0093,0.015849,8.68e+08,11,125000,1,0,44.63,11192.2,0,-125.769,-135,0.790528
246137, 357.762, 19, -1,-1,-1,39.2054,-0.944952,0.015849,8.68e+08,11,125000,1,0,-1.00247,15690,0,-136.745,-135,0.790528
246139, 357.894, 11, -1,-1,-1,57.3201,37.6516,0.025119,8.68e+08,11,125000,1,0,37.2307,-5562.72,0,-124.837,-135,0.790528
246141, 357.966, 21, -1,-1,-1,42.7768,-8.93559,0.015849,8.68e+08,10,125000,1,0,-2.00351,11623.2,0,-137.084,-133,0.436224
246148, 358.035, 15, -1,-1,-1,46.4275,5.27678,0.019953,8.68e+08,12,125000,1,0,8.95045,15005.8,0,-132.476,-137,1.58106
246155, 358.285, 28, -1,-1,-1,56.8935,12.7001,0.015849,8.68e+08,11,125000,1,0,32.5492,4592.49,0,-127.636,-135,0.790528
246163, 358.413, 8, -1,-1,-1,60.2786,11.8187,0.015849,8.68e+08,10,125000,1,0,30.0947,-3122.62,1,-128.098,-133,0.436224
246170, 358.867, 49, -1,-1,-1,46.1161,7.79982,0.019953,8.68e+08,11,125000,1,0,10.4121,16045.3,0,-132.022,-135,0.790528
246172, 358.945, 25, -1,-1,-1,47.35,6.57833,0.025119,8.68e+08,10,125000,1,0,11.1002,14859.8,0,-130.813,-133,0.436224
246179, 359.098, 34, -1,-1,-1,46.0916,17.4756,0.025119,8.68e+08,12,125000,1,0,16.5904,18831.8,0,-129.231,-137,1.58106
246197, 359.514, 22, -1,-1,-1,51.4039,9.10098,0.019953,8.68e+08,10,125000,1,0,19.0177,12417.2,1,-129.591,-133,0.436224
246199, 359.576, 4, -1,-1,-1,41.1415,14.3884,0.025119,8.68e+08,10,125000,1,0,7.4972,19385.2,0,-131.931,-133,0.436224
246201, 359.917, 51, -1,-1,-1,41.1184,27.7906,0.015849,8.68e+08,11,125000,1,0,9.77455,18353.8,0,-133.213,-135,0.790528
246203, 359.932, 7, -1,-1,-1,49.8595,17.3781,0.015849,8.68e+08,12,125000,1,0,25.5518,16889.2,0,-129.034,-137,1.58106
246216, 360.227, 6, -1,-1,-1,58.7446,14.9011,0.015849,8.68e+08,11,125000,1,0,38.3949,-379.002,1,-126.653,-135,0.790528
246223, 360.403, 18, -1,-1,-1,40.1886,3.38354,0.019953,8.68e+08,10,125000,1,0,1.87022,16732.7,0,-134.781,-133,0.436224
246226, 360.558, 35, -1,-1,-1,43.0379,25.6615,0.019953,8.68e+08,10,125000,1,0,13.1479,18962.9,1,-131.199,-133,0.436224
246228, 360.771, 57, -1,-1,-1,34.4409,34.819,0.015849,8.68e+08,10,125000,1,0,0.666827,16505.5,0,-136.177,-133,0.436224
246250, 361.719, 58, -1,-1,-1,61.527,-8.14045,0.019953,8.68e+08,11,125000,1,0,7.8065,-3749.9,0,-132.842,-135,0.790528
246253, 361.747, 44, -1,-1,-1,49.9843,31.8509,0.025119,8.68e+08,11,125000,1,0,29.1786,12569.4,1,-126.276,-135,0.790528
246265, 362.377, 50, -1,-1,-1,39.6135,14.146,0.019953,8.68e+08,12,125000,1,0,5.64636,19732.6,0,-133.528,-137,1.58106
246268, 362.517, 0, -1,-1,-1,50.9975,-0.836329,0.019953,8.68e+08,10,125000,1,0,9.11829,9201.61,1,-132.425,-133,0.436224
246275, 362.726, 47, -1,-1,-1,61.5463,6.00261,0.015849,8.68e+08,12,125000,1,0,20.32,-4518.22,0,-130.262,-137,1.58106
246282, 363.369, 54, -1,-1,-1,32.8604,-15.6934,0.025119,8.68e+08,12,125000,1,0,-10.7885,12722.4,0,-137.91,-137,1.58106
246289, 363.806, 1, -1,-1,-1,49.3433,4.02696,0.019953,8.68e+08,11,125000,1,0,11.6641,12395.6,0,-131.643,-135,0.790528
246291, 364.143, 31, -1,-1,-1,53.6944,18.0178,0.019953,8.68e+08,12,125000,1,0,40.2959,12204.5,0,-125.366,-137,1.58106
246294, 364.229, 40, -1,-1,-1,60.9756,22.8199,0.019953,8.68e+08,10,125000,1,0,49.8777,-10136.2,1,-124.141,-133,0.436224
246316, 366.076, 3, -1,-1,-1,39.3525,-4.27633,0.015849,8.68e+08,12,125000,1,0,-2.00432,14541.8,0,-137.081,-137,1.58106
246333, 366.495, 10, -1,-1,-1,28.3922,30.4743,0.025119,8.68e+08,11,125000,1,0,-4.15791,18191.5,0,-135.783,-135,0.790528
246335, 366.54, 9, -1,-1,-1,37.2508,22.8773,0.019953,8.68e+08,12,125000,1,0,4.87749,19822.1,0,-133.777,-137,1.58106
246338, 366.597, 45, -1,-1,-1,50.3904,22.374,0.025119,8.68e+08,10,125000,1,0,34.189,16733.3,1,-125.341,-133,0.436224
246345, 366.856, 38, -1,-1,-1,46.6514,16.8355,0.025119,8.68e+08,12,125000,1,0,18.4091,18535,0,-128.745,-137,1.58106
246347, 367.083, 16, -1,-1,-1,44.9358,4.6114,0.019953,8.68e+08,11,125000,1,0,7.56161,15375.9,0,-132.914,-135,0.790528
246350, 367.174, 17, -1,-1,-1,51.1746,0.474538,0.025119,8.68e+08,11,125000,1,0,10.5351,9177.98,1,-130.986,-135,0.790528
246367, 368.197, 26, -1,-1,-1,46.6423,9.83152,0.015849,8.68e+08,12,125000,1,0,13.3362,16395.9,0,-132.147,-137,1.58106
246370, 368.201, 46, -1,-1,-1,52.8958,29.0093,0.015849,8.68e+08,11,125000,1,0,47.9309,9875.67,1,-125.361,-135,0.790528
246372, 368.353, 28, -1,-1,-1,56.8935,12.7001,0.015849,8.68e+08,11,125000,1,0,33.1866,3368.59,0,-127.519,-135,0.790528
246374, 368.364, 12, -1,-1,-1,54.913,-1.85238,0.025119,8.68e+08,10,125000,1,0,11.0859,4263.41,0,-130.819,-133,0.436224
246391, 369.456, 27, -1,-1,-1,51.1796,4.80986,0.015849,8.68e+08,11,125000,1,0,14.7473,10545.3,0,-131.744,-135,0.790528
246393, 369.663, 59, -1,-1,-1,70.5782,23.1906,0.015849,8.68e+08,11,125000,1,0,14.0431,-18303.1,0,-131.945,-135,0.790528
246416, 370.881, 2, -1,-1,-1,54.1874,12.6163,0.025119,8.68e+08,10,125000,1,0,30.3449,8752,1,-126.047,-133,0.436224
246418, 370.986, 35, -1,-1,-1,43.0379,25.6615,0.019953,8.68e+08,10,125000,1,0,14.3124,18684.6,0,-130.862,-133,0.436224
246425, 371.012, 53, -1,-1,-1,63.3677,-20.5267,0.019953,8.68e+08,12,125000,1,0,0.915696,-6431.99,0,-135.111,-137,1.58106
246442, 371.7, 23, -1,-1,-1,52.7669,10.7089,0.019953,8.68e+08,12,125000,1,0,24.5046,10577.2,0,-128.266,-137,1.58106
246445, 371.799, 32, -1,-1,-1,51.0548,15.679,0.015849,8.68e+08,11,125000,1,0,29.1213,14663.2,1,-128.286,-135,0.790528
246448, 372.077, 13, -1,-1,-1,56.1471,-3.21172,0.019953,8.68e+08,10,125000,1,0,10.5044,2187.3,1,-131.996,-133,0.436224
246460, 372.338, 5, -1,-1,-1,50.8916,5.95756,0.015849,8.68e+08,12,125000,1,0,15.7841,11127.3,0,-131.453,-137,1.58106
246462, 372.805, 55, -1,-1,-1,28.1932,-17.432,0.019953,8.68e+08,12,125000,1,0,-13.7989,12942,0,-139.799,-137,1.58106
246464, 372.999, 50, -1,-1,-1,39.6135,14.146,0.019953,8.68e+08,12,125000,1,0,6.48462,19567.8,0,-133.255,-137,1.58106
246486, 373.849, 22, -1,-1,-1,51.4039,9.10098,0.019953,8.68e+08,10,125000,1,0,20.4285,11525.2,0,-129.231,-133,0.436224
246488, 373.865, 34, -1,-1,-1,46.0916,17.4756,0.025119,8.68e+08,12,125000,1,0,18.6179,18632.4,0,-128.689,-137,1.58106
246490, 373.88, 36, -1,-1,-1,42.449,24.9,0.015849,8.68e+08,12,125000,1,0,13.3905,18941.1,0,-132.127,-137,1.58106
246492, 373.891, 39, -1,-1,-1,45.5509,21.6869,0.015849,8.68e+08,10,125000,1,0,19.5999,18922,0,-130.436,-133,0.436224
246494, 373.945, 57, -1,-1,-1,34.4409,34.819,0.015849,8.68e+08,10,125000,1,0,1.35747,16140.7,0,-135.945,-133,0.436224
246496, 374.209, 8, -1,-1,-1,60.2786,11.8187,0.015849,8.68e+08,10,125000,1,0,29.2144,-5089.14,0,-128.268,-133,0.436224
246533, 374.994, 24, -1,-1,-1,48.8042,9.34343,0.025119,8.68e+08,10,125000,1,0,16.9124,14262.2,0,-129.143,-133,0.436224
246536, 375.079, 40, -1,-1,-1,60.9756,22.8199,0.019953,8.68e+08,10,125000,1,0,46.0577,-11837.7,1,-124.586,-133,0.436224
246538, 375.104, 18, -1,-1,-1,40.1886,3.38354,0.019953,8.68e+08,10,125000,1,0,2.70352,16559.1,0,-134.501,-133,0.436224
246540, 375.129, 6, -1,-1,-1,58.7446,14.9011,0.015849,8.68e+08,11,125000,1,0,37.951,-2663.21,0,-126.719,-135,0.790528
246562, 375.596, 14, -1,-1,-1,53.6396,-5.90614,0.025119,8.68e+08,11,125000,1,0,7.23869,4210.71,0,-132.021,-135,0.790528
246564, 375.631, 29, -1,-1,-1,52.7683,18.5141,0.019953,8.68e+08,11,125000,1,0,41.4291,12472.9,0,-125.2,-135,0.790528
246571, 375.691, 30, -1,-1,-1,51.4066,20.2801,0.015849,8.68e+08,10,125000,1,0,39.1331,14881.6,0,-126.536,-133,0.436224
246578, 375.731, 44, -1,-1,-1,49.9843,31.8509,0.025119,8.68e+08,11,125000,1,0,31.4945,11039.6,0,-125.826,-135,0.790528
246585, 376.381, 58, -1,-1,-1,61.527,-8.14045,0.019953,8.68e+08,11,125000,1,0,7.52372,-4853,0,-132.93,-135,0.790528
246592, 376.492, 51, -1,-1,-1,41.1184,27.7906,0.015849,8.68e+08,11,125000,1,0,11.3007,18097.7,0,-132.745,-135,0.790528
246594, 376.695, 41, -1,-1,-1,58.2688,24.8952,0.025119,8.68e+08,10,125000,1,0,69.2124,-6582.59,0,-121.6,-133,0.436224
246601, 376.856, 37, -1,-1,-1,40.5376,22.945,0.025119,8.68e+08,10,125000,1,0,10.4155,19470.4,0,-131.014,-133,0.436224
246603, 376.869, 52, -1,-1,-1,40.5674,33.2068,0.019953,8.68e+08,12,125000,1,0,9.26698,15719.3,0,-132.369,-137,1.58106
246605, 376.899, 7, -1,-1,-1,49.8595,17.3781,0.015849,8.68e+08,12,125000,1,0,28.9517,16134.4,0,-128.319,-137,1.58106
246612, 377.246, 47, -1,-1,-1,61.5463,6.00261,0.015849,8.68e+08,12,125000,1,0,19.6636,-6126.23,0,-130.424,-137,1.58106
246619, 377.761, 20, -1,-1,-1,38.6376,-10.9667,0.025119,8.68e+08,11,125000,1,0,-4.97423,12116.7,0,-136.066,-135,0.790528
246641, 378.326, 33, -1,-1,-1,48.4983,18.9946,0.019953,8.68e+08,12,125000,1,0,26.8025,17461.1,0,-127.761,-137,1.58106
246644, 378.43, 43, -1,-1,-1,53.287,23.7311,0.019953,8.68e+08,10,125000,1,0,57.9129,10555,1,-123.362,-133,0.436224
246646, 378.481, 45, -1,-1,-1,50.3904,22.374,0.025119,8.68e+08,10,125000,1,0,37.7591,15802,0,-124.748,-133,0.436224
246664, 378.923, 11, -1,-1,-1,57.3201,37.6516,0.025119,8.68e+08,11,125000,1,0,34.5132,-8520.36,1,-125.284,-135,0.790528
246666, 378.962, 15, -1,-1,-1,46.4275,5.27678,0.019953,8.68e+08,12,125000,1,0,10.4325,14269.6,0,-132.014,-137,1.58106
246668, 378.985, 4, -1,-1,-1,41.1415,14.3884,0.025119,8.68e+08,10,125000,1,0,9.19271,19248.8,0,-131.393,-133,0.436224
246671, 379.275, 42, -1,-1,-1,57.9034,23.4627,0.025119,8.68e+08,10,125000,1,0,68.6576,-5155.92,1,-121.628,-133,0.436224
246673, 379.438, 54, -1,-1,-1,32.8604,-15.6934,0.025119,8.68e+08,12,125000,1,0,-10.3298,12292.1,0,-137.769,-137,1.58106
246675, 379.586, 17, -1,-1,-1,51.1746,0.474538,0.025119,8.68e+08,11,125000,1,0,11.0861,8260.77,0,-130.817,-135,0.790528
246698, 380.788, 25, -1,-1,-1,47.35,6.57833,0.025119,8.68e+08,10,125000,1,0,12.8184,14233.7,1,-130.297,-133,0.436224
246705, 380.931, 10, -1,-1,-1,28.3922,30.4743,0.025119,8.68e+08,11,125000,1,0,-3.45061,18129.6,0,-135.548,-135,0.790528
246707, 380.942, 56, -1,-1,-1,35.9437,14.8854,0.015849,8.68e+08,11,125000,1,0,3.09747,20059.1,0,-135.364,-135,0.790528
246709, 381.086, 0, -1,-1,-1,50.9975,-0.836329,0.019953,8.68e+08,10,125000,1,0,9.87185,8138.09,0,-132.189,-133,0.436224
246731, 381.684, 59, -1,-1,-1,70.5782,23.1906,0.015849,8.68e+08,11,125000,1,0,12.7393,-18415.2,0,-132.322,-135,0.790528
246739, 381.731, 48, -1,-1,-1,57.3759,11.2263,0.015849,8.68e+08,10,125000,1,0,30.2646,492.11,1,-128.061,-133,0.436224
246741, 381.741, 21, -1,-1,-1,42.7768,-8.93559,0.015849,8.68e+08,10,125000,1,0,-1.21874,11141.7,0,-136.819,-133,0.436224
246743, 382.121, 49, -1,-1,-1,46.1161,7.79982,0.019953,8.68e+08,11,125000,1,0,12.3383,15519.9,0,-131.438,-135,0.790528
246745, 382.512, 19, -1,-1,-1,39.2054,-0.944952,0.015849,8.68e+08,11,125000,1,0,0.167298,15431.1,0,-136.35,-135,0.790528
246753, 383.205, 38, -1,-1,-1,46.6514,16.8355,0.025119,8.68e+08,12,125000,1,0,20.8396,18199.3,1,-128.126,-137,1.58106
246765, 383.973, 35, -1,-1,-1,43.0379,25.6615,0.019953,8.68e+08,10,125000,1,0,15.8537,18514.3,0,-130.427,-133,0.436224
246773, 384.42, 1, -1,-1,-1,49.3433,4.02696,0.019953,8.68e+08,11,125000,1,0,12.9998,11291.7,1,-131.244,-135,0.790528
246780, 384.509, 50, -1,-1,-1,39.6135,14.146,0.019953,8.68e+08,12,125000,1,0,7.43003,19593,0,-132.949,-137,1.58106
246787, 385.785, 3, -1,-1,-1,39.3525,-4.27633,0.015849,8.68e+08,12,125000,1,0,-1.18601,14144,0,-136.805,-137,1.58106
246804, 386.052, 34, -1,-1,-1,46.0916,17.4756,0.025119,8.68e+08,12,125000,1,0,20.446,18470.9,0,-128.223,-137,1.58106
246816, 386.387, 16, -1,-1,-1,44.9358,4.6114,0.019953,8.68e+08,11,125000,1,0,8.85685,14789.6,0,-132.501,-135,0.790528
246818, 386.396, 39, -1,-1,-1,45.5509,21.6869,0.015849,8.68e+08,10,125000,1,0,21.6186,18763.4,0,-129.934,-133,0.436224
246820, 386.628, 46, -1,-1,-1,52.8958,29.0093,0.015849,8.68e+08,11,125000,1,0,53.4042,6835.9,0,-124.77,-135,0.790528
246822, 386.713, 2, -1,-1,-1,54.1874,12.6163,0.025119,8.68e+08,10,125000,1,0,32.1599,6928.16,0,-125.702,-133,0.436224
246834, 387.414, 36, -1,-1,-1,42.449,24.9,0.015849,8.68e+08,12,125000,1,0,14.9442,18794.2,0,-131.68,-137,1.58106
246842, 387.724, 31, -1,-1,-1,53.6944,18.0178,0.019953,8.68e+08,12,125000,1,0,46.7681,9046.63,1,-124.497,-137,1.58106
246845, 387.9, 28, -1,-1,-1,56.8935,12.7001,0.015849,8.68e+08,11,125000,1,0,33.783,543.946,1,-127.41,-135,0.790528
246847, 388.042, 58, -1,-1,-1,61.527,-8.14045,0.019953,8.68e+08,11,125000,1,0,7.26102,-5454.65,0,-133.013,-135,0.790528
246854, 388.487, 20, -1,-1,-1,38.6376,-10.9667,0.025119,8.68e+08,11,125000,1,0,-4.63512,11991.8,0,-135.954,-135,0.790528
246882, 389.127, 32, -1,-1,-1,51.0548,15.679,0.015849,8.68e+08,11,125000,1,0,32.629,13387.9,1,-127.615,-135,0.790528
246885, 389.233, 12, -1,-1,-1,54.913,-1.85238,0.025119,8.68e+08,10,125000,1,0,11.4562,2714.38,1,-130.704,-133,0.436224
246887, 389.353, 27, -1,-1,-1,51.1796,4.80986,0.015849,8.68e+08,11,125000,1,0,16.0152,9188.1,0,-131.387,-135,0.790528
246899, 389.558, 57, -1,-1,-1,34.4409,34.819,0.015849,8.68e+08,10,125000,1,0,2.18677,15845.4,0,-135.666,-133,0.436224
246901, 389.826, 40, -1,-1,-1,60.9756,22.8199,0.019953,8.68e+08,10,125000,1,0,41.1687,-13405,0,-125.234,-133,0.436224
246903, 389.87, 45, -1,-1,-1,50.3904,22.374,0.025119,8.68e+08,10,125000,1,0,41.6234,15082.3,0,-124.169,-133,0.436224
246920, 390.389, 9, -1,-1,-1,37.2508,22.8773,0.019953,8.68e+08,12,125000,1,0,6.74757,19662.8,0,-133.165,-137,1.58106
246923, 390.41, 41, -1,-1,-1,58.2688,24.8952,0.025119,8.68e+08,10,125000,1,0,61.5548,-9113.22,1,-122.074,-133,0.436224
246930, 390.57, 52, -1,-1,-1,40.5674,33.2068,0.019953,8.68e+08,12,125000,1,0,10.2968,15316.5,0,-132.049,-137,1.58106
246947, 391.312, 10, -1,-1,-1,28.3922,30.4743,0.025119,8.68e+08,11,125000,1,0,-2.93482,17949.5,0,-135.375,-135,0.790528
246950, 391.471, 11, -1,-1,-1,57.3201,37.6516,0.025119,8.68e+08,11,125000,1,0,32.6001,-9942.54,1,-125.621,-135,0.790528
246958, 391.56, 25, -1,-1,-1,47.35,6.57833,0.025119,8.68e+08,10,125000,1,0,13.6831,13613.5,1,-130.044,-133,0.436224
246965, 391.724, 26, -1,-1,-1,46.6423,9.83152,0.015849,8.68e+08,12,125000,1,0,15.6586,15533.7,0,-131.483,-137,1.58106
246967, 391.747, 53, -1,-1,-1,63.3677,-20.5267,0.019953,8.68e+08,12,125000,1,0,0.455201,-7311.96,0,-135.263,-137,1.58106
246975, 392.124, 37, -1,-1,-1,40.5376,22.945,0.025119,8.68e+08,10,125000,1,0,11.9626,19374.8,1,-130.543,-133,0.436224
246982, 392.569, 5, -1,-1,-1,50.8916,5.95756,0.015849,8.68e+08,12,125000,1,0,17.2372,9737.83,0,-131.054,-137,1.58106
246985, 392.851, 6, -1,-1,-1,58.7446,14.9011,0.015849,8.68e+08,11,125000,1,0,36.5567,-5317.39,1,-126.939,-135,0.790528
246988, 392.973, 13, -1,-1,-1,56.1471,-3.21172,0.019953,8.68e+08,10,125000,1,0,10.6474,640.811,1,-131.95,-133,0.436224
246990, 393.056, 7, -1,-1,-1,49.8595,17.3781,0.015849,8.68e+08,12,125000,1,0,32.6037,15219.7,0,-127.619,-137,1.58106
247023, 394.759, 23, -1,-1,-1,52.7669,10.7089,0.019953,8.68e+08,12,125000,1,0,26.9418,8306.82,1,-127.731,-137,1.58106
247025, 394.833, 18, -1,-1,-1,40.1886,3.38354,0.019953,8.68e+08,10,125000,1,0,3.85014,16201.9,0,-134.118,-133,0.436224
247032, 394.998, 54, -1,-1,-1,32.8604,-15.6934,0.025119,8.68e+08,12,125000,1,0,-9.89009,12112.4,0,-137.633,-137,1.58106
247034, 395.255, 15, -1,-1,-1,46.4275,5.27678,0.019953,8.68e+08,12,125000,1,0,11.6101,13660.1,0,-131.654,-137,1.58106
247036, 395.293, 24, -1,-1,-1,48.8042,9.34343,0.025119,8.68e+08,10,125000,1,0,18.9921,13160.1,0,-128.591,-133,0.436224
247039, 395.458, 59, -1,-1,-1,70.5782,23.1906,0.015849,8.68e+08,11,125000,1,0,11.3326,-18780.5,1,-132.739,-135,0.790528
247041, 395.537, 19, -1,-1,-1,39.2054,-0.944952,0.015849,8.68e+08,11,125000,1,0,0.790133,15023.1,0,-136.14,-135,0.790528
247063, 396.13, 21, -1,-1,-1,42.7768,-8.93559,0.015849,8.68e+08,10,125000,1,0,-0.75723,10526.1,0,-136.663,-133,0.436224
247080, 396.391, 51, -1,-1,-1,41.1184,27.7906,0.015849,8.68e+08,11,125000,1,0,13.2687,17672.2,0,-132.158,-135,0.790528
247082, 396.479, 14, -1,-1,-1,53.6396,-5.90614,0.025119,8.68e+08,11,125000,1,0,7.55601,2889.28,0,-131.917,-135,0.790528
247084, 396.627, 8, -1,-1,-1,60.2786,11.8187,0.015849,8.68e+08,10,125000,1,0,27.3717,-7764.53,0,-128.64,-133,0.436224
247086, 396.819, 42, -1,-1,-1,57.9034,23.4627,0.025119,8.68e+08,10,125000,1,0,60.5068,-8623.88,0,-122.151,-133,0.436224
247093, 397.326, 55, -1,-1,-1,28.1932,-17.432,0.019953,8.68e+08,12,125000,1,0,-13.1132,12620.7,0,-139.599,-137,1.58106
247101, 397.485, 22, -1,-1,-1,51.4039,9.10098,0.019953,8.68e+08,10,125000,1,0,22.6898,9583.82,1,-128.68,-133,0.436224
247113, 397.897, 47, -1,-1,-1,61.5463,6.00261,0.015849,8.68e+08,12,125000,1,0,18.5073,-7967.29,0,-130.718,-137,1.58106
247125, 398.266, 39, -1,-1,-1,45.5509,21.6869,0.015849,8.68e+08,10,125000,1,0,23.723,18320.2,0,-129.436,-133,0.436224
247132, 398.676, 48, -1,-1,-1,57.3759,11.2263,0.015849,8.68e+08,10,125000,1,0,30.0575,-2091.17,0,-128.098,-133,0.436224
247144, 398.969, 28, -1,-1,-1,56.8935,12.7001,0.015849,8.68e+08,11,125000,1,0,33.7122,-1279.54,0,-127.42,-135,0.790528
247147, 399.007, 33, -1,-1,-1,48.4983,18.9946,0.019953,8.68e+08,12,125000,1,0,31.4902,16523.5,1,-126.823,-137,1.58106
247149, 399.102, 36, -1,-1,-1,42.449,24.9,0.015849,8.68e+08,12,125000,1,0,16.3806,18446,0,-131.28,-137,1.58106
247152, 399.191, 29, -1,-1,-1,52.7683,18.5141,0.019953,8.68e+08,11,125000,1,0,48.6877,9327.08,1,-124.268,-135,0.790528
247155, 399.221, 30, -1,-1,-1,51.4066,20.2801,0.015849,8.68e+08,10,125000,1,0,47.504,12462.8,1,-125.406,-133,0.436224
247157, 399.233, 35, -1,-1,-1,43.0379,25.6615,0.019953,8.68e+08,10,125000,1,0,17.8096,17997.8,0,-129.896,-133,0.436224
247189, 399.922, 57, -1,-1,-1,34.4409,34.819,0.015849,8.68e+08,10,125000,1,0,2.74338,15514.9,0,-135.479,-133,0.436224
247191, 400.011, 43, -1,-1,-1,53.287,23.7311,0.019953,8.68e+08,10,125000,1,0,70.5321,6519.27,0,-122.529,-133,0.436224
247193, 400.199, 12, -1,-1,-1,54.913,-1.85238,0.025119,8.68e+08,10,125000,1,0,11.5841,1739.54,0,-130.664,-133,0.436224
247200, 400.342, 58, -1,-1,-1,61.527,-8.14045,0.019953,8.68e+08,11,125000,1,0,6.95034,-6330.92,0,-133.111,-135,0.790528
247212, 400.655, 44, -1,-1,-1,49.9843,31.8509,0.025119,8.68e+08,11,125000,1,0,35.4338,8016.72,0,-125.123,-135,0.790528
247214, 400.937, 31, -1,-1,-1,53.6944,18.0178,0.019953,8.68e+08,12,125000,1,0,50.1481,6622.99,0,-124.105,-137,1.58106
247341, 401.226, 17, -1,-1,-1,51.1746,0.474538,0.025119,8.68e+08,11,125000,1,0,11.9584,7071.95,0,-130.551,-135,0.790528
247353, 401.631, 0, -1,-1,-1,50.9975,-0.836329,0.019953,8.68e+08,10,125000,1,0,10.6164,6828.24,0,-131.957,-133,0.436224
247355, 401.919, 38, -1,-1,-1,46.6514,16.8355,0.025119,8.68e+08,12,125000,1,0,23.976,17654.7,0,-127.379,-137,1.58106
247368, 402.111, 46, -1,-1,-1,52.8958,29.0093,0.015849,8.68e+08,11,125000,1,0,56.9528,3901.55,1,-124.44,-135,0.790528
247370, 402.144, 26, -1,-1,-1,46.6423,9.83152,0.015849,8.68e+08,12,125000,1,0,16.7401,15228.1,0,-131.185,-137,1.58106
247382, 402.477, 4, -1,-1,-1,41.1415,14.3884,0.025119,8.68e+08,10,125000,1,0,11.44,19209.9,0,-130.7,-133,0.436224
247390, 402.79, 41, -1,-1,-1,58.2688,24.8952,0.025119,8.68e+08,10,125000,1,0,55.1628,-10981.7,1,-122.6,-133,0.436224
247392, 402.83, 5, -1,-1,-1,50.8916,5.95756,0.015849,8.68e+08,12,125000,1,0,17.9355,9094.63,0,-130.867,-137,1.58106
247394, 402.865, 1, -1,-1,-1,49.3433,4.02696,0.019953,8.68e+08,11,125000,1,0,14.1549,10192.6,0,-130.907,-135,0.790528
247401, 403.25, 56, -1,-1,-1,35.9437,14.8854,0.015849,8.68e+08,11,125000,1,0,4.7171,19985.6,0,-134.825,-135,0.790528
247403, 403.422, 16, -1,-1,-1,44.9358,4.6114,0.019953,8.68e+08,11,125000,1,0,10.0243,14219.3,0,-132.135,-135,0.790528
247415, 404.012, 49, -1,-1,-1,46.1161,7.79982,0.019953,8.68e+08,11,125000,1,0,14.2433,14650,0,-130.88,-135,0.790528
247418, 404.362, 13, -1,-1,-1,56.1471,-3.21172,0.019953,8.68e+08,10,125000,1,0,10.6566,-90.3175,1,-131.945,-133,0.436224
247426, 405.419, 34, -1,-1,-1,46.0916,17.4756,0.025119,8.68e+08,12,125000,1,0,23.6945,17958.1,1,-127.443,-137,1.58106
247434, 405.795, 27, -1,-1,-1,51.1796,4.80986,0.015849,8.68e+08,11,125000,1,0,16.9783,7983.6,1,-131.122,-135,0.790528
247461, 407.192, 50, -1,-1,-1,39.6135,14.146,0.019953,8.68e+08,12,125000,1,0,9.42211,19401.8,0,-132.317,-137,1.58106
247463, 407.204, 20, -1,-1,-1,38.6376,-10.9667,0.025119,8.68e+08,11,125000,1,0,-4.05201,11566.8,0,-135.76,-135,0.790528
247465, 407.397, 45, -1,-1,-1,50.3904,22.374,0.025119,8.68e+08,10,125000,1,0,48.5735,13404.2,0,-123.279,-133,0.436224
247477, 407.549, 15, -1,-1,-1,46.4275,5.27678,0.019953,8.68e+08,12,125000,1,0,12.5074,13203.7,0,-131.385,-137,1.58106
247479, 407.603, 52, -1,-1,-1,40.5674,33.2068,0.019953,8.68e+08,12,125000,1,0,11.6083,14690.8,0,-131.648,-137,1.58106
247481, 407.909, 25, -1,-1,-1,47.35,6.57833,0.025119,8.68e+08,10,125000,1,0,15.0087,12837,0,-129.663,-133,0.436224
247493, 408.184, 54, -1,-1,-1,32.8604,-15.6934,0.025119,8.68e+08,12,125000,1,0,-9.52146,11985.3,0,-137.518,-137,1.58106
247495, 408.334, 32, -1,-1,-1,51.0548,15.679,0.015849,8.68e+08,11,125000,1,0,36.7742,11536.9,0,-126.9,-135,0.790528
247513, 409.264, 22, -1,-1,-1,51.4039,9.10098,0.019953,8.68e+08,10,125000,1,0,23.7447,8628.48,1,-128.433,-133,0.436224
247525, 409.674, 3, -1,-1,-1,39.3525,-4.27633,0.015849,8.68e+08,12,125000,1,0,-0.195067,13548.1,0,-136.47,-137,1.58106
247527, 409.747, 7, -1,-1,-1,49.8595,17.3781,0.015849,8.68e+08,12,125000,1,0,36.8367,13982.6,0,-126.89,-137,1.58106
247529, 409.865, 37, -1,-1,-1,40.5376,22.945,0.025119,8.68e+08,10,125000,1,0,13.9153,19190,0,-129.969,-133,0.436224
247531, 409.984, 9, -1,-1,-1,37.2508,22.8773,0.019953,8.68e+08,12,125000,1,0,8.41079,19533.1,0,-132.632,-137,1.58106
247539, 410.166, 11, -1,-1,-1,57.3201,37.6516,0.025119,8.68e+08,11,125000,1,0,29.5887,-11872.2,1,-126.188,-135,0.790528
247541, 410.332, 33, -1,-1,-1,48.4983,18.9946,0.019953,8.68e+08,12,125000,1,0,34.4436,16009.2,0,-126.289,-137,1.58106
247548, 410.573, 2, -1,-1,-1,54.1874,12.6163,0.025119,8.68e+08,10,125000,1,0,34.1735,3614.7,0,-125.337,-133,0.436224
247551, 410.792, 42, -1,-1,-1,57.9034,23.4627,0.025119,8.68e+08,10,125000,1,0,53.9738,-10813.9,1,-122.71,-133,0.436224
247563, 411.431, 21, -1,-1,-1,42.7768,-8.93559,0.015849,8.68e+08,10,125000,1,0,-0.279821,10080.6,0,-136.502,-133,0.436224
247570, 411.945, 17, -1,-1,-1,51.1746,0.474538,0.025119,8.68e+08,11,125000,1,0,12.3401,6175.36,0,-130.436,-135,0.790528
247578, 412.592, 28, -1,-1,-1,56.8935,12.7001,0.015849,8.68e+08,11,125000,1,0,33.222,-3138.37,1,-127.505,-135,0.790528
247596, 413.875, 40, -1,-1,-1,60.9756,22.8199,0.019953,8.68e+08,10,125000,1,0,34.1939,-15487.1,1,-126.332,-133,0.436224
247608, 414.092, 53, -1,-1,-1,63.3677,-20.5267,0.019953,8.68e+08,12,125000,1,0,-0.0927,-8223.14,0,-135.445,-137,1.58106
247610, 414.227, 58, -1,-1,-1,61.527,-8.14045,0.019953,8.68e+08,11,125000,1,0,6.56176,-7038.11,0,-133.235,-135,0.790528
247612, 414.386, 16, -1,-1,-1,44.9358,4.6114,0.019953,8.68e+08,11,125000,1,0,10.785,13648,0,-131.901,-135,0.790528
247620, 414.501, 35, -1,-1,-1,43.0379,25.6615,0.019953,8.68e+08,10,125000,1,0,19.9459,17625.6,1,-129.342,-133,0.436224
247627, 414.671, 19, -1,-1,-1,39.2054,-0.944952,0.015849,8.68e+08,11,125000,1,0,1.71287,14610.9,0,-135.829,-135,0.790528
247644, 415.233, 4, -1,-1,-1,41.1415,14.3884,0.025119,8.68e+08,10,125000,1,0,12.7663,18910.1,0,-130.303,-133,0.436224
247646, 415.252, 14, -1,-1,-1,53.6396,-5.90614,0.025119,8.68e+08,11,125000,1,0,7.74124,1690.96,0,-131.855,-135,0.790528
247653, 415.438, 51, -1,-1,-1,41.1184,27.7906,0.015849,8.68e+08,11,125000,1,0,15.3088,17173.7,0,-131.573,-135,0.790528
247656, 415.521, 44, -1,-1,-1,49.9843,31.8509,0.025119,8.68e+08,11,125000,1,0,37.4216,5993.98,1,-124.795,-135,0.790528
247658, 415.613, 56, -1,-1,-1,35.9437,14.8854,0.015849,8.68e+08,11,125000,1,0,5.6671,19818.6,0,-134.513,-135,0.790528
247665, 416.044, 10, -1,-1,-1,28.3922,30.4743,0.025119,8.68e+08,11,125000,1,0,-1.68043,17664.9,0,-134.954,-135,0.790528
247678, 417.2, 6, -1,-1,-1,58.7446,14.9011,0.015849,8.68e+08,11,125000,1,0,33.5286,-8665.86,1,-127.449,-135,0.790528
247686, 417.363, 26, -1,-1,-1,46.6423,9.83152,0.015849,8.68e+08,12,125000,1,0,18.3747,14305.9,1,-130.747,-137,1.58106
247698, 417.6, 1, -1,-1,-1,49.3433,4.02696,0.019953,8.68e+08,11,125000,1,0,15.0312,9001.06,0,-130.656,-135,0.790528
247700, 417.654, 0, -1,-1,-1,50.9975,-0.836329,0.019953,8.68e+08,10,125000,1,0,11.1173,5530.76,0,-131.802,-133,0.436224
247707, 417.922, 13, -1,-1,-1,56.1471,-3.21172,0.019953,8.68e+08,10,125000,1,0,10.604,-1270.54,0,-131.959,-133,0.436224
247710, 417.983, 45, -1,-1,-1,50.3904,22.374,0.025119,8.68e+08,10,125000,1,0,53.4469,11862,1,-122.76,-133,0.436224
247738, 418.741, 48, -1,-1,-1,57.3759,11.2263,0.015849,8.68e+08,10,125000,1,0,29.143,-4713.47,1,-128.274,-133,0.436224
247745, 418.965, 18, -1,-1,-1,40.1886,3.38354,0.019953,8.68e+08,10,125000,1,0,5.29721,15629.7,0,-133.638,-133,0.436224
247762, 419.272, 39, -1,-1,-1,45.5509,21.6869,0.015849,8.68e+08,10,125000,1,0,27.996,17634.7,0,-128.504,-133,0.436224
247769, 419.313, 59, -1,-1,-1,70.5782,23.1906,0.015849,8.68e+08,11,125000,1,0,9.08768,-19103.5,0,-133.427,-135,0.790528
247776, 419.378, 23, -1,-1,-1,52.7669,10.7089,0.019953,8.68e+08,12,125000,1,0,29.084,5407.5,0,-127.286,-137,1.58106
247779, 419.457, 43, -1,-1,-1,53.287,23.7311,0.019953,8.68e+08,10,125000,1,0,83.5347,2063.54,1,-122.112,-133,0.436224
247781, 419.645, 24, -1,-1,-1,48.8042,9.34343,0.025119,8.68e+08,10,125000,1,0,21.535,11465.7,0,-127.952,-133,0.436224
247788, 419.748, 8, -1,-1,-1,60.2786,11.8187,0.015849,8.68e+08,10,125000,1,0,25,-10141.8,0,-129.147,-133,0.436224
247790, 419.801, 29, -1,-1,-1,52.7683,18.5141,0.019953,8.68e+08,11,125000,1,0,54.673,5787.91,0,-123.642,-135,0.790528
247797, 419.988, 47, -1,-1,-1,61.5463,6.00261,0.015849,8.68e+08,12,125000,1,0,17.0591,-9736.36,0,-131.098,-137,1.58106
247799, 420.159, 25, -1,-1,-1,47.35,6.57833,0.025119,8.68e+08,10,125000,1,0,16.004,11977.6,0,-129.384,-133,0.436224
247801, 420.192, 55, -1,-1,-1,28.1932,-17.432,0.019953,8.68e+08,12,125000,1,0,-12.4812,12312.9,0,-139.412,-137,1.58106
247813, 420.926, 34, -1,-1,-1,46.0916,17.4756,0.025119,8.68e+08,12,125000,1,0,26.6596,17189.7,0,-126.784,-137,1.58106
247825, 421.393, 12, -1,-1,-1,54.913,-1.85238,0.025119,8.68e+08,10,125000,1,0,11.6933,358.691,0,-130.628,-133,0.436224
247832, 421.497, 31, -1,-1,-1,53.6944,18.0178,0.019953,8.68e+08,12,125000,1,0,53.9786,2742.48,0,-123.708,-137,1.58106
247834, 421.808, 2, -1,-1,-1,54.1874,12.6163,0.025119,8.68e+08,10,125000,1,0,34.7025,2123.35,0,-125.244,-133,0.436224
247836, 421.832, 36, -1,-1,-1,42.449,24.9,0.015849,8.68e+08,12,125000,1,0,19.4667,18104.3,0,-130.462,-137,1.58106
247838, 421.907, 57, -1,-1,-1,34.4409,34.819,0.015849,8.68e+08,10,125000,1,0,3.93844,15093,0,-135.08,-133,0.436224
247840, 421.909, 52, -1,-1,-1,40.5674,33.2068,0.019953,8.68e+08,12,125000,1,0,12.7316,14117.4,0,-131.312,-137,1.58106
247862, 422.841, 49, -1,-1,-1,46.1161,7.79982,0.019953,8.68e+08,11,125000,1,0,15.9419,13786.1,0,-130.4,-135,0.790528
247875, 423.139, 32, -1,-1,-1,51.0548,15.679,0.015849,8.68e+08,11,125000,1,0,40.0127,9856.72,1,-126.396,-135,0.790528
247882, 423.842, 17, -1,-1,-1,51.1746,0.474538,0.025119,8.68e+08,11,125000,1,0,12.718,5407.57,0,-130.323,-135,0.790528
247884, 423.928, 15, -1,-1,-1,46.4275,5.27678,0.019953,8.68e+08,12,125000,1,0,13.7059,12424.9,0,-131.032,-137,1.58106
247892, 424.063, 30, -1,-1,-1,51.4066,20.2801,0.015849,8.68e+08,10,125000,1,0,58.0778,9137.49,1,-124.339,-133,0.436224
247894, 424.257, 5, -1,-1,-1,50.8916,5.95756,0.015849,8.68e+08,12,125000,1,0,19.2638,7284.33,0,-130.518,-137,1.58106
247906, 424.675, 9, -1,-1,-1,37.2508,22.8773,0.019953,8.68e+08,12,125000,1,0,9.7462,19461.8,0,-132.212,-137,1.58106
247913, 424.721, 11, -1,-1,-1,57.3201,37.6516,0.025119,8.68e+08,11,125000,1,0,27.2355,-13064,0,-126.664,-135,0.790528
247925, 425.106, 19, -1,-1,-1,39.2054,-0.944952,0.015849,8.68e+08,11,125000,1,0,2.21925,14468.5,0,-135.658,-135,0.790528
247928, 425.156, 46, -1,-1,-1,52.8958,29.0093,0.015849,8.68e+08,11,125000,1,0,58.3641,-1069.77,1,-124.316,-135,0.790528
247936, 425.43, 41, -1,-1,-1,58.2688,24.8952,0.025119,8.68e+08,10,125000,1,0,45.1573,-13865.3,1,-123.689,-133,0.436224
247943, 425.977, 51, -1,-1,-1,41.1184,27.7906,0.015849,8.68e+08,11,125000,1,0,16.5098,16941.5,0,-131.24,-135,0.790528
247955, 426.278, 54, -1,-1,-1,32.8604,-15.6934,0.025119,8.68e+08,12,125000,1,0,-9.02219,11699.1,0,-137.361,-137,1.58106
247962, 426.335, 58, -1,-1,-1,61.527,-8.14045,0.019953,8.68e+08,11,125000,1,0,6.19329,-7594.92,0,-133.353,-135,0.790528
247969, 426.571, 38, -1,-1,-1,46.6514,16.8355,0.025119,8.68e+08,12,125000,1,0,28.8183,16559.6,0,-126.337,-137,1.58106
247971, 426.576, 35, -1,-1,-1,43.0379,25.6615,0.019953,8.68e+08,10,125000,1,0,21.7789,17316.2,0,-128.888,-133,0.436224
247974, 426.864, 28, -1,-1,-1,56.8935,12.7001,0.015849,8.68e+08,11,125000,1,0,32.2766,-5016.71,1,-127.673,-135,0.790528
247986, 427.699, 14, -1,-1,-1,53.6396,-5.90614,0.025119,8.68e+08,11,125000,1,0,7.80919,969.503,0,-131.832,-135,0.790528
247989, 427.885, 6, -1,-1,-1,58.7446,14.9011,0.015849,8.68e+08,11,125000,1,0,31.9589,-9750.15,1,-127.731,-135,0.790528
247991, 427.887, 26, -1,-1,-1,46.6423,9.83152,0.015849,8.68e+08,12,125000,1,0,19.5391,13868,0,-130.446,-137,1.58106
247998, 427.924, 50, -1,-1,-1,39.6135,14.146,0.019953,8.68e+08,12,125000,1,0,11.4191,19197.2,0,-131.702,-137,1.58106
248015, 428.707, 27, -1,-1,-1,51.1796,4.80986,0.015849,8.68e+08,11,125000,1,0,18.132,6005.28,0,-130.811,-135,0.790528
248023, 428.994, 37, -1,-1,-1,40.5376,22.945,0.025119,8.68e+08,10,125000,1,0,16.2436,18912.3,1,-129.312,-133,0.436224
248025, 429.002, 1, -1,-1,-1,49.3433,4.02696,0.019953,8.68e+08,11,125000,1,0,15.6692,8286.3,0,-130.476,-135,0.790528
248032, 429.57, 20, -1,-1,-1,38.6376,-10.9667,0.025119,8.68e+08,11,125000,1,0,-3.37232,10965.2,0,-135.533,-135,0.790528
248044, 429.897, 13, -1,-1,-1,56.1471,-3.21172,0.019953,8.68e+08,10,125000,1,0,10.5006,-2045.43,0,-131.989,-133,0.436224
248046, 430.075, 7, -1,-1,-1,49.8595,17.3781,0.015849,8.68e+08,12,125000,1,0,42.5905,11892.7,0,-126.028,-137,1.58106
248048, 430.225, 40, -1,-1,-1,60.9756,22.8199,0.019953,8.68e+08,10,125000,1,0,30.1564,-16415,0,-127.072,-133,0.436224
248050, 430.258, 22, -1,-1,-1,51.4039,9.10098,0.019953,8.68e+08,10,125000,1,0,25.4067,6462.13,0,-128.056,-133,0.436224
248072, 431.51, 0, -1,-1,-1,50.9975,-0.836329,0.019953,8.68e+08,10,125000,1,0,11.4845,4621.98,0,-131.689,-133,0.436224
248084, 432.143, 44, -1,-1,-1,49.9843,31.8509,0.025119,8.68e+08,11,125000,1,0,39.0378,3448.42,0,-124.541,-135,0.790528
248096, 432.55, 25, -1,-1,-1,47.35,6.57833,0.025119,8.68e+08,10,125000,1,0,17.0028,11303.6,0,-129.11,-133,0.436224
248103, 432.802, 10, -1,-1,-1,28.3922,30.4743,0.025119,8.68e+08,11,125000,1,0,-0.808807,17500.3,0,-134.661,-135,0.790528
248110, 432.94, 21, -1,-1,-1,42.7768,-8.93559,0.015849,8.68e+08,10,125000,1,0,0.363745,9303.08,0,-136.284,-133,0.436224
248112, 432.973, 55, -1,-1,-1,28.1932,-17.432,0.019953,8.68e+08,12,125000,1,0,-12.1316,12242.5,0,-139.308,-137,1.58106
248114, 433.046, 3, -1,-1,-1,39.3525,-4.27633,0.015849,8.68e+08,12,125000,1,0,0.768558,12894.3,0,-136.145,-137,1.58106
248121, 433.299, 57, -1,-1,-1,34.4409,34.819,0.015849,8.68e+08,10,125000,1,0,4.56406,14662.8,0,-134.872,-133,0.436224
248124, 433.535, 42, -1,-1,-1,57.9034,23.4627,0.025119,8.68e+08,10,125000,1,0,44.5426,-13735.2,1,-123.766,-133,0.436224
248131, 433.793, 33, -1,-1,-1,48.4983,18.9946,0.019953,8.68e+08,12,125000,1,0,41.6141,14130.5,0,-125.163,-137,1.58106
248133, 434.133, 15, -1,-1,-1,46.4275,5.27678,0.019953,8.68e+08,12,125000,1,0,14.4485,11722.4,0,-130.818,-137,1.58106
248145, 434.621, 24, -1,-1,-1,48.8042,9.34343,0.025119,8.68e+08,10,125000,1,0,23.076,10342.8,0,-127.583,-133,0.436224
248148, 434.843, 30, -1,-1,-1,51.4066,20.2801,0.015849,8.68e+08,10,125000,1,0,62.8894,6892.39,1,-123.971,-133,0.436224
248150, 435.126, 53, -1,-1,-1,63.3677,-20.5267,0.019953,8.68e+08,12,125000,1,0,-0.651021,-9011.8,0,-135.63,-137,1.58106
248172, 436.157, 16, -1,-1,-1,44.9358,4.6114,0.019953,8.68e+08,11,125000,1,0,12.3066,12639.1,0,-131.44,-135,0.790528
248175, 436.297, 11, -1,-1,-1,57.3201,37.6516,0.025119,8.68e+08,11,125000,1,0,25.4085,-14069.6,1,-127.054,-135,0.790528
248203, 436.789, 4, -1,-1,-1,41.1415,14.3884,0.025119,8.68e+08,10,125000,1,0,15.2111,18565.2,1,-129.598,-133,0.436224
248205, 436.797, 19, -1,-1,-1,39.2054,-0.944952,0.015849,8.68e+08,11,125000,1,0,2.78853,14028.1,0,-135.467,-135,0.790528
248207, 436.998, 18, -1,-1,-1,40.1886,3.38354,0.019953,8.68e+08,10,125000,1,0,6.40958,15191.5,0,-133.274,-133,0.436224
248209, 437.103, 12, -1,-1,-1,54.913,-1.85238,0.025119,8.68e+08,10,125000,1,0,11.6546,-1060.88,0,-130.638,-133,0.436224
248212, 437.375, 47, -1,-1,-1,61.5463,6.00261,0.015849,8.68e+08,12,125000,1,0,15.8212,-10906.8,1,-131.433,-137,1.58106
248215, 437.44, 46, -1,-1,-1,52.8958,29.0093,0.015849,8.68e+08,11,125000,1,0,56.8381,-3905.05,1,-124.443,-135,0.790528
248238, 437.939, 45, -1,-1,-1,50.3904,22.374,0.025119,8.68e+08,10,125000,1,0,64.1627,8630.74,1,-121.884,-133,0.436224
248240, 437.958, 2, -1,-1,-1,54.1874,12.6163,0.025119,8.68e+08,10,125000,1,0,34.899,-593.913,0,-125.207,-133,0.436224
248252, 438.197, 54, -1,-1,-1,32.8604,-15.6934,0.025119,8.68e+08,12,125000,1,0,-8.69789,11335.5,0,-137.259,-137,1.58106
248259, 438.251, 56, -1,-1,-1,35.9437,14.8854,0.015849,8.68e+08,11,125000,1,0,7.52066,19696.2,0,-133.911,-135,0.790528
248272, 438.759, 14, -1,-1,-1,53.6396,-5.90614,0.025119,8.68e+08,11,125000,1,0,7.83197,98.7785,1,-131.823,-135,0.790528
248280, 438.973, 48, -1,-1,-1,57.3759,11.2263,0.015849,8.68e+08,10,125000,1,0,27.6164,-7145.07,1,-128.581,-133,0.436224
248288, 439.508, 38, -1,-1,-1,46.6514,16.8355,0.025119,8.68e+08,12,125000,1,0,31.7461,15632.8,1,-125.768,-137,1.58106
248290, 439.567, 52, -1,-1,-1,40.5674,33.2068,0.019953,8.68e+08,12,125000,1,0,14.1359,13063.9,0,-130.902,-137,1.58106
248297, 439.816, 36, -1,-1,-1,42.449,24.9,0.015849,8.68e+08,12,125000,1,0,22.2326,17330.6,0,-129.777,-137,1.58106
248299, 440.01, 9, -1,-1,-1,37.2508,22.8773,0.019953,8.68e+08,12,125000,1,0,11.234,19147.6,0,-131.754,-137,1.58106
248302, 440.456, 32, -1,-1,-1,51.0548,15.679,0.015849,8.68e+08,11,125000,1,0,43.5475,7041.41,1,-125.896,-135,0.790528
248304, 440.467, 26, -1,-1,-1,46.6423,9.83152,0.015849,8.68e+08,12,125000,1,0,20.959,12926,0,-130.089,-137,1.58106
248311, 440.578, 5, -1,-1,-1,50.8916,5.95756,0.015849,8.68e+08,12,125000,1,0,20.1141,5539.91,0,-130.3,-137,1.58106
248319, 440.985, 8, -1,-1,-1,60.2786,11.8187,0.015849,8.68e+08,10,125000,1,0,22.6263,-11642.5,1,-129.687,-133,0.436224
248331, 441.462, 59, -1,-1,-1,70.5782,23.1906,0.015849,8.68e+08,11,125000,1,0,7.18692,-19106.1,0,-134.027,-135,0.790528
248348, 442.226, 49, -1,-1,-1,46.1161,7.79982,0.019953,8.68e+08,11,125000,1,0,17.7276,12717.3,0,-129.914,-135,0.790528
248351, 442.55, 43, -1,-1,-1,53.287,23.7311,0.019953,8.68e+08,10,125000,1,0,80.1482,-3198.91,1,-122.175,-133,0.436224
248353, 442.599, 39, -1,-1,-1,45.5509,21.6869,0.015849,8.68e+08,10,125000,1,0,33.8038,16818.8,0,-127.394,-133,0.436224
248361, 442.626, 23, -1,-1,-1,52.7669,10.7089,0.019953,8.68e+08,12,125000,1,0,30.3539,2677.02,1,-127.033,-137,1.58106
248363, 442.869, 51, -1,-1,-1,41.1184,27.7906,0.015849,8.68e+08,11,125000,1,0,18.5497,16352.4,0,-130.694,-135,0.790528
248380, 443.403, 28, -1,-1,-1,56.8935,12.7001,0.015849,8.68e+08,11,125000,1,0,30.7356,-7079.62,0,-127.959,-135,0.790528
248382, 443.413, 35, -1,-1,-1,43.0379,25.6615,0.019953,8.68e+08,10,125000,1,0,24.5738,16671.3,0,-128.235,-133,0.436224
248390, 444.076, 29, -1,-1,-1,52.7683,18.5141,0.019953,8.68e+08,11,125000,1,0,58.6816,1194.72,1,-123.286,-135,0.790528
248393, 444.28, 13, -1,-1,-1,56.1471,-3.21172,0.019953,8.68e+08,10,125000,1,0,10.3079,-3013.52,1,-132.046,-133,0.436224
248395, 444.732, 34, -1,-1,-1,46.0916,17.4756,0.025119,8.68e+08,12,125000,1,0,31.9972,16290.8,0,-125.72,-137,1.58106
248413, 446.014, 41, -1,-1,-1,58.2688,24.8952,0.025119,8.68e+08,10,125000,1,0,37.8459,-15647.7,1,-124.722,-133,0.436224
248416, 446.431, 31, -1,-1,-1,53.6944,18.0178,0.019953,8.68e+08,12,125000,1,0,54.3701,-2012.4,1,-123.666,-137,1.58106
248433, 447.007, 24, -1,-1,-1,48.8042,9.34343,0.025119,8.68e+08,10,125000,1,0,24.3013,9349.36,0,-127.299,-133,0.436224
248440, 447.336, 7, -1,-1,-1,49.8595,17.3781,0.015849,8.68e+08,12,125000,1,0,47.781,9638.87,0,-125.364,-137,1.58106
248442, 447.535, 17, -1,-1,-1,51.1746,0.474538,0.025119,8.68e+08,11,125000,1,0,13.306,3521.05,0,-130.147,-135,0.790528
248450, 447.661, 6, -1,-1,-1,58.7446,14.9011,0.015849,8.68e+08,11,125000,1,0,28.9032,-11734.1,1,-128.317,-135,0.790528
248452, 447.672, 22, -1,-1,-1,51.4039,9.10098,0.019953,8.68e+08,10,125000,1,0,26.4751,4518.05,0,-127.821,-133,0.436224
248454, 448.047, 40, -1,-1,-1,60.9756,22.8199,0.019953,8.68e+08,10,125000,1,0,26.3215,-17206.9,0,-127.852,-133,0.436224
248482, 449.702, 58, -1,-1,-1,61.527,-8.14045,0.019953,8.68e+08,11,125000,1,0,5.41498,-8820.12,1,-133.603,-135,0.790528
248499, 450.132, 47, -1,-1,-1,61.5463,6.00261,0.015849,8.68e+08,12,125000,1,0,14.8809,-11607.4,0,-131.694,-137,1.58106
248501, 450.459, 50, -1,-1,-1,39.6135,14.146,0.019953,8.68e+08,12,125000,1,0,13.8237,18885.3,0,-130.99,-137,1.58106
248513, 450.625, 32, -1,-1,-1,51.0548,15.679,0.015849,8.68e+08,11,125000,1,0,45.3091,5582.87,0,-125.665,-135,0.790528
248520, 450.943, 33, -1,-1,-1,48.4983,18.9946,0.019953,8.68e+08,12,125000,1,0,47.8584,12322.7,0,-124.354,-137,1.58106
248522, 450.976, 18, -1,-1,-1,40.1886,3.38354,0.019953,8.68e+08,10,125000,1,0,7.28882,14858.4,0,-132.989,-133,0.436224
248654, 451.134, 15, -1,-1,-1,46.4275,5.27678,0.019953,8.68e+08,12,125000,1,0,15.6642,10711.5,0,-130.474,-137,1.58106
248657, 451.334, 37, -1,-1,-1,40.5376,22.945,0.025119,8.68e+08,10,125000,1,0,19.3235,18439.6,1,-128.493,-133,0.436224
248660, 451.399, 11, -1,-1,-1,57.3201,37.6516,0.025119,8.68e+08,11,125000,1,0,23.119,-14966.5,1,-127.57,-135,0.790528
248667, 451.457, 5, -1,-1,-1,50.8916,5.95756,0.015849,8.68e+08,12,125000,1,0,20.5816,4606.8,0,-130.181,-137,1.58106
248674, 451.546, 52, -1,-1,-1,40.5674,33.2068,0.019953,8.68e+08,12,125000,1,0,15.0913,12462.9,0,-130.63,-137,1.58106
248696, 452.247, 14, -1,-1,-1,53.6396,-5.90614,0.025119,8.68e+08,11,125000,1,0,7.81153,-710.838,0,-131.828,-135,0.790528
248698, 452.277, 20, -1,-1,-1,38.6376,-10.9667,0.025119,8.68e+08,11,125000,1,0,-2.70545,10295.7,0,-135.309,-135,0.790528
248701, 452.389, 45, -1,-1,-1,50.3904,22.374,0.025119,8.68e+08,10,125000,1,0,73.1325,5811.28,1,-121.402,-133,0.436224
248709, 452.51, 27, -1,-1,-1,51.1796,4.80986,0.015849,8.68e+08,11,125000,1,0,19.0147,3731.99,1,-130.578,-135,0.790528
248712, 452.575, 38, -1,-1,-1,46.6514,16.8355,0.025119,8.68e+08,12,125000,1,0,35.0102,14848.6,1,-125.185,-137,1.58106
248714, 452.599, 12, -1,-1,-1,54.913,-1.85238,0.025119,8.68e+08,10,125000,1,0,11.5172,-2188.21,0,-130.677,-133,0.436224
248716, 452.602, 53, -1,-1,-1,63.3677,-20.5267,0.019953,8.68e+08,12,125000,1,0,-1.14205,-9586,0,-135.793,-137,1.58106
248728, 453.151, 57, -1,-1,-1,34.4409,34.819,0.015849,8.68e+08,10,125000,1,0,5.6612,14015.8,0,-134.51,-133,0.436224
248745, 453.51, 36, -1,-1,-1,42.449,24.9,0.015849,8.68e+08,12,125000,1,0,24.565,16874.9,0,-129.235,-137,1.58106
248748, 453.512, 1, -1,-1,-1,49.3433,4.02696,0.019953,8.68e+08,11,125000,1,0,16.8785,6261.81,1,-130.141,-135,0.790528
248756, 453.656, 2, -1,-1,-1,54.1874,12.6163,0.025119,8.68e+08,10,125000,1,0,34.4343,-2860.23,1,-125.284,-133,0.436224
248763, 453.788, 25, -1,-1,-1,47.35,6.57833,0.025119,8.68e+08,10,125000,1,0,18.6617,9771.36,0,-128.668,-133,0.436224
248770, 453.889, 39, -1,-1,-1,45.5509,21.6869,0.015849,8.68e+08,10,125000,1,0,37.13,15950.7,0,-126.833,-133,0.436224
248782, 454.06, 26, -1,-1,-1,46.6423,9.83152,0.015849,8.68e+08,12,125000,1,0,22.5128,12076.3,0,-129.711,-137,1.58106
248784, 454.135, 0, -1,-1,-1,50.9975,-0.836329,0.019953,8.68e+08,10,125000,1,0,11.9346,2895.95,0,-131.551,-133,0.436224
248796, 454.35, 51, -1,-1,-1,41.1184,27.7906,0.015849,8.68e+08,11,125000,1,0,20.0199,15724.5,0,-130.316,-135,0.790528
248798, 454.629, 59, -1,-1,-1,70.5782,23.1906,0.015849,8.68e+08,11,125000,1,0,6.12814,-19346.2,0,-134.368,-135,0.790528
248801, 454.833, 28, -1,-1,-1,56.8935,12.7001,0.015849,8.68e+08,11,125000,1,0,29.4662,-8603.56,1,-128.203,-135,0.790528
248803, 455.009, 19, -1,-1,-1,39.2054,-0.944952,0.015849,8.68e+08,11,125000,1,0,3.67737,13527.3,0,-135.169,-135,0.790528
248810, 455.104, 16, -1,-1,-1,44.9358,4.6114,0.019953,8.68e+08,11,125000,1,0,13.6256,11651.4,0,-131.051,-135,0.790528
248822, 455.557, 54, -1,-1,-1,32.8604,-15.6934,0.025119,8.68e+08,12,125000,1,0,-8.23281,11035.8,0,-137.111,-137,1.58106
248824, 455.749, 21, -1,-1,-1,42.7768,-8.93559,0.015849,8.68e+08,10,125000,1,0,1.00422,8394.04,0,-136.066,-133,0.436224
248826, 455.833, 56, -1,-1,-1,35.9437,14.8854,0.015849,8.68e+08,11,125000,1,0,9.07922,19624.7,0,-133.415,-135,0.790528
248839, 456.127, 44, -1,-1,-1,49.9843,31.8509,0.025119,8.68e+08,11,125000,1,0,39.7773,-626.92,1,-124.425,-135,0.790528
248852, 456.447, 30, -1,-1,-1,51.4066,20.2801,0.015849,8.68e+08,10,125000,1,0,70.5918,2160.42,1,-123.515,-133,0.436224
248869, 456.726, 13, -1,-1,-1,56.1471,-3.21172,0.019953,8.68e+08,10,125000,1,0,10.0836,-4054.89,0,-132.113,-133,0.436224
248877, 457.161, 43, -1,-1,-1,53.287,23.7311,0.019953,8.68e+08,10,125000,1,0,70.455,-6844.01,1,-122.522,-133,0.436224
248879, 457.209, 42, -1,-1,-1,57.9034,23.4627,0.025119,8.68e+08,10,125000,1,0,36.5667,-15818.1,0,-124.924,-133,0.436224
248886, 457.44, 10, -1,-1,-1,28.3922,30.4743,0.025119,8.68e+08,11,125000,1,0,0.506292,17124.9,0,-134.217,-135,0.790528
248888, 457.57, 55, -1,-1,-1,28.1932,-17.432,0.019953,8.68e+08,12,125000,1,0,-11.4669,11845.1,0,-139.108,-137,1.58106
248895, 457.899, 3, -1,-1,-1,39.3525,-4.27633,0.015849,8.68e+08,12,125000,1,0,1.7795,12092.5,0,-135.803,-137,1.58106
248898, 458.025, 46, -1,-1,-1,52.8958,29.0093,0.015849,8.68e+08,11,125000,1,0,51.767,-7843.25,1,-124.922,-135,0.790528
248900, 458.033, 9, -1,-1,-1,37.2508,22.8773,0.019953,8.68e+08,12,125000,1,0,13.1247,18938.2,0,-131.19,-137,1.58106
248913, 458.996, 6, -1,-1,-1,58.7446,14.9011,0.015849,8.68e+08,11,125000,1,0,27.1397,-12873.1,1,-128.677,-135,0.790528
248921, 459.412, 7, -1,-1,-1,49.8595,17.3781,0.015849,8.68e+08,12,125000,1,0,51.3093,7449.31,1,-124.97,-137,1.58106
248933, 459.803, 4, -1,-1,-1,41.1415,14.3884,0.025119,8.68e+08,10,125000,1,0,18.1616,18059.9,0,-128.794,-133,0.436224
248940, 460.098, 23, -1,-1,-1,52.7669,10.7089,0.019953,8.68e+08,12,125000,1,0,30.67,-5.30558,0,-126.969,-137,1.58106
248942, 460.154, 48, -1,-1,-1,57.3759,11.2263,0.015849,8.68e+08,10,125000,1,0,25.5726,-9396.21,0,-129.013,-133,0.436224
248945, 460.43, 35, -1,-1,-1,43.0379,25.6615,0.019953,8.68e+08,10,125000,1,0,27.7118,15568.9,1,-127.555,-133,0.436224
248947, 461.018, 47, -1,-1,-1,61.5463,6.00261,0.015849,8.68e+08,12,125000,1,0,14.0669,-12371.9,0,-131.924,-137,1.58106
248975, 462.149, 29, -1,-1,-1,52.7683,18.5141,0.019953,8.68e+08,11,125000,1,0,57.8292,-2607.59,1,-123.353,-135,0.790528
248982, 462.709, 31, -1,-1,-1,53.6944,18.0178,0.019953,8.68e+08,12,125000,1,0,51.9001,-5114.44,0,-123.907,-137,1.58106
248984, 462.809, 17, -1,-1,-1,51.1746,0.474538,0.025119,8.68e+08,11,125000,1,0,13.5548,2346.38,0,-130.072,-135,0.790528
248991, 462.965, 34, -1,-1,-1,46.0916,17.4756,0.025119,8.68e+08,12,125000,1,0,36.8647,15101.9,0,-124.875,-137,1.58106
248994, 462.986, 12, -1,-1,-1,54.913,-1.85238,0.025119,8.68e+08,10,125000,1,0,11.3715,-2846.75,1,-130.719,-133,0.436224
249006, 463.602, 15, -1,-1,-1,46.4275,5.27678,0.019953,8.68e+08,12,125000,1,0,16.5259,9959.13,0,-130.235,-137,1.58106
249009, 463.731, 41, -1,-1,-1,58.2688,24.8952,0.025119,8.68e+08,10,125000,1,0,32.6705,-16702.1,1,-125.594,-133,0.436224
249021, 463.96, 8, -1,-1,-1,60.2786,11.8187,0.015849,8.68e+08,10,125000,1,0,20.0248,-13261.3,0,-130.317,-133,0.436224
249028, 464.28, 0, -1,-1,-1,50.9975,-0.836329,0.019953,8.68e+08,10,125000,1,0,12.0708,2242.96,0,-131.509,-133,0.436224
249030, 464.453, 36, -1,-1,-1,42.449,24.9,0.015849,8.68e+08,12,125000,1,0,26.5872,16485.2,0,-128.791,-137,1.58106
249042, 464.479, 22, -1,-1,-1,51.4039,9.10098,0.019953,8.68e+08,10,125000,1,0,27.1501,2520.98,0,-127.675,-133,0.436224
249045, 464.562, 49, -1,-1,-1,46.1161,7.79982,0.019953,8.68e+08,11,125000,1,0,19.7836,11193.6,1,-129.378,-135,0.790528
249047, 465.249, 19, -1,-1,-1,39.2054,-0.944952,0.015849,8.68e+08,11,125000,1,0,4.17699,13321.4,0,-135.003,-135,0.790528
249050, 466.036, 53, -1,-1,-1,63.3677,-20.5267,0.019953,8.68e+08,12,125000,1,0,-1.53413,-9947.43,1,-135.923,-137,1.58106
249072, 467.173, 13, -1,-1,-1,56.1471,-3.21172,0.019953,8.68e+08,10,125000,1,0,9.85627,-4654.42,0,-132.182,-133,0.436224
249075, 467.499, 24, -1,-1,-1,48.8042,9.34343,0.025119,8.68e+08,10,125000,1,0,26.1416,7267.21,1,-126.889,-133,0.436224
249087, 467.623, 50, -1,-1,-1,39.6135,14.146,0.019953,8.68e+08,12,125000,1,0,15.8534,18641.6,0,-130.414,-137,1.58106
249089, 467.682, 11, -1,-1,-1,57.3201,37.6516,0.025119,8.68e+08,11,125000,1,0,20.7921,-15777,0,-128.126,-135,0.790528
249106, 468.211, 30, -1,-1,-1,51.4066,20.2801,0.015849,8.68e+08,10,125000,1,0,71.6128,-406.42,0,-123.465,-133,0.436224
249119, 468.365, 44, -1,-1,-1,49.9843,31.8509,0.025119,8.68e+08,11,125000,1,0,39.3409,-2560.02,1,-124.488,-135,0.790528
249122, 468.366, 45, -1,-1,-1,50.3904,22.374,0.025119,8.68e+08,10,125000,1,0,83.8548,2171.04,1,-121.098,-133,0.436224
249149, 469.08, 6, -1,-1,-1,58.7446,14.9011,0.015849,8.68e+08,11,125000,1,0,25.5952,-13478.4,0,-129.006,-135,0.790528
249151, 469.15, 51, -1,-1,-1,41.1184,27.7906,0.015849,8.68e+08,11,125000,1,0,22.0159,15028.7,0,-129.824,-135,0.790528
249153, 469.172, 18, -1,-1,-1,40.1886,3.38354,0.019953,8.68e+08,10,125000,1,0,8.4525,14284.6,0,-132.616,-133,0.436224
249155, 469.188, 38, -1,-1,-1,46.6514,16.8355,0.025119,8.68e+08,12,125000,1,0,39.6268,13471,0,-124.445,-137,1.58106
249162, 469.351, 39, -1,-1,-1,45.5509,21.6869,0.015849,8.68e+08,10,125000,1,0,42.362,14828.7,0,-126.051,-133,0.436224
249169, 469.424, 26, -1,-1,-1,46.6423,9.83152,0.015849,8.68e+08,12,125000,1,0,24.2627,10923.3,0,-129.304,-137,1.58106
249171, 469.477, 10, -1,-1,-1,28.3922,30.4743,0.025119,8.68e+08,11,125000,1,0,1.16395,17006.9,0,-133.995,-135,0.790528
249178, 469.519, 14, -1,-1,-1,53.6396,-5.90614,0.025119,8.68e+08,11,125000,1,0,7.70841,-1812.72,0,-131.858,-135,0.790528
249180, 469.646, 56, -1,-1,-1,35.9437,14.8854,0.015849,8.68e+08,11,125000,1,0,10.3897,19597.9,0,-133.007,-135,0.790528
249182, 469.792, 37, -1,-1,-1,40.5376,22.945,0.025119,8.68e+08,10,125000,1,0,22.2314,17967.8,0,-127.772,-133,0.436224
249184, 470.002, 58, -1,-1,-1,61.527,-8.14045,0.019953,8.68e+08,11,125000,1,0,4.67942,-9764.67,0,-133.842,-135,0.790528
249196, 470.273, 46, -1,-1,-1,52.8958,29.0093,0.015849,8.68e+08,11,125000,1,0,48.0362,-9690.92,0,-125.33,-135,0.790528
249209, 470.713, 40, -1,-1,-1,60.9756,22.8199,0.019953,8.68e+08,10,125000,1,0,22.1513,-18015.9,1,-128.794,-133,0.436224
249211, 470.857, 57, -1,-1,-1,34.4409,34.819,0.015849,8.68e+08,10,125000,1,0,6.64222,13379.3,0,-134.189,-133,0.436224
249214, 471.048, 27, -1,-1,-1,51.1796,4.80986,0.015849,8.68e+08,11,125000,1,0,19.4245,1918.79,1,-130.469,-135,0.790528
249232, 471.7, 33, -1,-1,-1,48.4983,18.9946,0.019953,8.68e+08,12,125000,1,0,56.4279,9272.07,1,-123.472,-137,1.58106
249240, 471.965, 32, -1,-1,-1,51.0548,15.679,0.015849,8.68e+08,11,125000,1,0,47.6306,1735.47,1,-125.377,-135,0.790528
249252, 472.912, 47, -1,-1,-1,61.5463,6.00261,0.015849,8.68e+08,12,125000,1,0,13.1726,-12891.7,0,-132.181,-137,1.58106
249259, 473.254, 55, -1,-1,-1,28.1932,-17.432,0.019953,8.68e+08,12,125000,1,0,-11.0495,11666.1,0,-138.981,-137,1.58106
249266, 473.442, 52, -1,-1,-1,40.5674,33.2068,0.019953,8.68e+08,12,125000,1,0,16.8142,11024.1,0,-130.151,-137,1.58106
249268, 473.748, 7, -1,-1,-1,49.8595,17.3781,0.015849,8.68e+08,12,125000,1,0,54.9106,4936.86,0,-124.61,-137,1.58106
249270, 473.91, 54, -1,-1,-1,32.8604,-15.6934,0.025119,8.68e+08,12,125000,1,0,-7.75156,10680.6,0,-136.957,-137,1.58106
249272, 474.206, 1, -1,-1,-1,49.3433,4.02696,0.019953,8.68e+08,11,125000,1,0,17.6719,4425.35,0,-129.925,-135,0.790528
249279, 474.677, 5, -1,-1,-1,50.8916,5.95756,0.015849,8.68e+08,12,125000,1,0,21.2595,2157.01,0,-130.011,-137,1.58106
249287, 475.258, 2, -1,-1,-1,54.1874,12.6163,0.025119,8.68e+08,10,125000,1,0,32.8526,-5928.74,1,-125.559,-133,0.436224
249305, 476.077, 42, -1,-1,-1,57.9034,23.4627,0.025119,8.68e+08,10,125000,1,0,31.379,-16913.1,1,-125.83,-133,0.436224
249312, 476.174, 15, -1,-1,-1,46.4275,5.27678,0.019953,8.68e+08,12,125000,1,0,17.3553,8851.25,0,-130.009,-137,1.58106
249319, 476.376, 59, -1,-1,-1,70.5782,23.1906,0.015849,8.68e+08,11,125000,1,0,4.47895,-19492.5,0,-134.906,-135,0.790528
249326, 476.85, 9, -1,-1,-1,37.2508,22.8773,0.019953,8.68e+08,12,125000,1,0,15.2918,18647.3,0,-130.567,-137,1.58106
249328, 477.113, 20, -1,-1,-1,38.6376,-10.9667,0.025119,8.68e+08,11,125000,1,0,-2.00868,9474.57,0,-135.074,-135,0.790528
249330, 477.152, 21, -1,-1,-1,42.7768,-8.93559,0.015849,8.68e+08,10,125000,1,0,1.5582,7490.32,0,-135.878,-133,0.436224
249337, 477.745, 53, -1,-1,-1,63.3677,-20.5267,0.019953,8.68e+08,12,125000,1,0,-1.88512,-10452.4,0,-136.04,-137,1.58106
249365, 478.156, 35, -1,-1,-1,43.0379,25.6615,0.019953,8.68e+08,10,125000,1,0,31.3387,14417.7,1,-126.836,-133,0.436224
249377, 478.255, 25, -1,-1,-1,47.35,6.57833,0.025119,8.68e+08,10,125000,1,0,20.4013,7660.73,0,-128.221,-133,0.436224
249379, 478.45, 12, -1,-1,-1,54.913,-1.85238,0.025119,8.68e+08,10,125000,1,0,11.0788,-4189.27,0,-130.805,-133,0.436224
249381, 478.575, 44, -1,-1,-1,49.9843,31.8509,0.025119,8.68e+08,11,125000,1,0,38.5828,-4374.95,0,-124.602,-135,0.790528
249388, 478.599, 19, -1,-1,-1,39.2054,-0.944952,0.015849,8.68e+08,11,125000,1,0,4.8263,12714.5,0,-134.787,-135,0.790528
249390, 478.904, 16, -1,-1,-1,44.9358,4.6114,0.019953,8.68e+08,11,125000,1,0,15.2356,10133.7,0,-130.589,-135,0.790528
249392, 478.962, 28, -1,-1,-1,56.8935,12.7001,0.015849,8.68e+08,11,125000,1,0,26.4744,-11097.7,0,-128.814,-135,0.790528
249409, 479.83, 31, -1,-1,-1,53.6944,18.0178,0.019953,8.68e+08,12,125000,1,0,47.8221,-8437.06,0,-124.353,-137,1.58106
249421, 480.174, 3, -1,-1,-1,39.3525,-4.27633,0.015849,8.68e+08,12,125000,1,0,2.66537,11310.9,0,-135.505,-137,1.58106
249428, 480.475, 58, -1,-1,-1,61.527,-8.14045,0.019953,8.68e+08,11,125000,1,0,4.28247,-10343.3,0,-133.972,-135,0.790528
249435, 480.607, 43, -1,-1,-1,53.287,23.7311,0.019953,8.68e+08,10,125000,1,0,56.8244,-10774.3,0,-123.435,-133,0.436224
249437, 480.725, 23, -1,-1,-1,52.7669,10.7089,0.019953,8.68e+08,12,125000,1,0,30.2751,-2833.23,0,-127.041,-137,1.58106
249439, 480.909, 51, -1,-1,-1,41.1184,27.7906,0.015849,8.68e+08,11,125000,1,0,23.6783,14425.5,0,-129.432,-135,0.790528
249441, 480.917, 0, -1,-1,-1,50.9975,-0.836329,0.019953,8.68e+08,10,125000,1,0,12.2004,983.431,0,-131.468,-133,0.436224
249448, 481.185, 49, -1,-1,-1,46.1161,7.79982,0.019953,8.68e+08,11,125000,1,0,21.2639,9938.74,0,-129.007,-135,0.790528
249455, 481.249, 34, -1,-1,-1,46.0916,17.4756,0.025119,8.68e+08,12,125000,1,0,42.5256,13114.9,0,-124.026,-137,1.58106
249458, 481.43, 40, -1,-1,-1,60.9756,22.8199,0.019953,8.68e+08,10,125000,1,0,20.4082,-18177.9,1,-129.217,-133,0.436224
249476, 481.898, 4, -1,-1,-1,41.1415,14.3884,0.025119,8.68e+08,10,125000,1,0,21.4048,17693.1,1,-127.97,-133,0.436224
249478, 482.429, 17, -1,-1,-1,51.1746,0.474538,0.025119,8.68e+08,11,125000,1,0,13.7108,724.528,0,-130.024,-135,0.790528
249481, 482.527, 46, -1,-1,-1,52.8958,29.0093,0.015849,8.68e+08,11,125000,1,0,44.2116,-11268,1,-125.8,-135,0.790528
249489, 482.808, 26, -1,-1,-1,46.6423,9.83152,0.015849,8.68e+08,12,125000,1,0,25.7434,9813.85,1,-128.972,-137,1.58106
249492, 482.994, 45, -1,-1,-1,50.3904,22.374,0.025119,8.68e+08,10,125000,1,0,85.3357,-1315.33,1,-121.075,-133,0.436224
249519, 484.473, 32, -1,-1,-1,51.0548,15.679,0.015849,8.68e+08,11,125000,1,0,47.8407,-462.729,0,-125.35,-135,0.790528
249521, 484.557, 48, -1,-1,-1,57.3759,11.2263,0.015849,8.68e+08,10,125000,1,0,22.9229,-11315,0,-129.609,-133,0.436224
249523, 484.663, 13, -1,-1,-1,56.1471,-3.21172,0.019953,8.68e+08,10,125000,1,0,9.40226,-5789.2,0,-132.32,-133,0.436224
249526, 484.741, 30, -1,-1,-1,51.4066,20.2801,0.015849,8.68e+08,10,125000,1,0,67.9635,-4137.15,1,-123.645,-133,0.436224
249539, 485.243, 29, -1,-1,-1,52.7683,18.5141,0.019953,8.68e+08,11,125000,1,0,52.5972,-7170.89,1,-123.832,-135,0.790528
249541, 485.294, 57, -1,-1,-1,34.4409,34.819,0.015849,8.68e+08,10,125000,1,0,7.43896,12832.3,0,-133.931,-133,0.436224
249559, 485.935, 18, -1,-1,-1,40.1886,3.38354,0.019953,8.68e+08,10,125000,1,0,9.5391,13697.4,1,-132.273,-133,0.436224
249572, 486.546, 41, -1,-1,-1,58.2688,24.8952,0.025119,8.68e+08,10,125000,1,0,27.1858,-17744.5,1,-126.661,-133,0.436224
249574, 486.583, 15, -1,-1,-1,46.4275,5.27678,0.019953,8.68e+08,12,125000,1,0,18.0016,8152.53,0,-129.835,-137,1.58106
249586, 486.9, 36, -1,-1,-1,42.449,24.9,0.015849,8.68e+08,12,125000,1,0,31.2202,15125.7,0,-127.857,-137,1.58106
249588, 487.234, 50, -1,-1,-1,39.6135,14.146,0.019953,8.68e+08,12,125000,1,0,18.4274,18242.3,0,-129.719,-137,1.58106
249600, 487.445, 20, -1,-1,-1,38.6376,-10.9667,0.025119,8.68e+08,11,125000,1,0,-1.73053,9251.65,0,-134.98,-135,0.790528
249603, 487.502, 14, -1,-1,-1,53.6396,-5.90614,0.025119,8.68e+08,11,125000,1,0,7.51152,-2952.34,1,-131.918,-135,0.790528
249606, 487.579, 7, -1,-1,-1,49.8595,17.3781,0.015849,8.68e+08,12,125000,1,0,57.1551,2273.55,1,-124.406,-137,1.58106
249608, 487.708, 8, -1,-1,-1,60.2786,11.8187,0.015849,8.68e+08,10,125000,1,0,17.4161,-14604.4,0,-130.989,-133,0.436224
249620, 487.786, 22, -1,-1,-1,51.4039,9.10098,0.019953,8.68e+08,10,125000,1,0,27.3996,-484.681,0,-127.618,-133,0.436224
249633, 488.148, 24, -1,-1,-1,48.8042,9.34343,0.025119,8.68e+08,10,125000,1,0,27.6119,4880.43,1,-126.574,-133,0.436224
249635, 488.604, 59, -1,-1,-1,70.5782,23.1906,0.015849,8.68e+08,11,125000,1,0,3.59977,-19468.8,0,-135.195,-135,0.790528
249637, 489.338, 5, -1,-1,-1,50.8916,5.95756,0.015849,8.68e+08,12,125000,1,0,21.4352,663.587,0,-129.965,-137,1.58106
249644, 489.585, 54, -1,-1,-1,32.8604,-15.6934,0.025119,8.68e+08,12,125000,1,0,-7.35001,10392.6,0,-136.828,-137,1.58106
249661, 490.152, 11, -1,-1,-1,57.3201,37.6516,0.025119,8.68e+08,11,125000,1,0,17.8354,-16738.6,0,-128.878,-135,0.790528
249668, 490.733, 10, -1,-1,-1,28.3922,30.4743,0.025119,8.68e+08,11,125000,1,0,2.35033,16618.9,0,-133.596,-135,0.790528
249671, 490.854, 44, -1,-1,-1,49.9843,31.8509,0.025119,8.68e+08,11,125000,1,0,37.2695,-6147.36,1,-124.806,-135,0.790528
249683, 491.269, 27, -1,-1,-1,51.1796,4.80986,0.015849,8.68e+08,11,125000,1,0,19.5581,-138.954,0,-130.432,-135,0.790528
249691, 491.38, 37, -1,-1,-1,40.5376,22.945,0.025119,8.68e+08,10,125000,1,0,26.1544,17177.6,1,-126.878,-133,0.436224
249694, 491.423, 38, -1,-1,-1,46.6514,16.8355,0.025119,8.68e+08,12,125000,1,0,46.5268,10839.9,1,-123.506,-137,1.58106
249701, 492.057, 6, -1,-1,-1,58.7446,14.9011,0.015849,8.68e+08,11,125000,1,0,22.2307,-14950.5,0,-129.771,-135,0.790528
249708, 492.15, 56, -1,-1,-1,35.9437,14.8854,0.015849,8.68e+08,11,125000,1,0,12.7184,19371.8,0,-132.304,-135,0.790528
249721, 492.541, 0, -1,-1,-1,50.9975,-0.836329,0.019953,8.68e+08,10,125000,1,0,12.22,-87.8174,1,-131.46,-133,0.436224
249753, 493.04, 28, -1,-1,-1,56.8935,12.7001,0.015849,8.68e+08,11,125000,1,0,24.6477,-12191.1,0,-129.212,-135,0.790528
249765, 493.31, 43, -1,-1,-1,53.287,23.7311,0.019953,8.68e+08,10,125000,1,0,50.5954,-12805,0,-124.038,-133,0.436224
249767, 493.464, 47, -1,-1,-1,61.5463,6.00261,0.015849,8.68e+08,12,125000,1,0,11.6322,-13849.4,0,-132.634,-137,1.58106
249779, 493.649, 39, -1,-1,-1,45.5509,21.6869,0.015849,8.68e+08,10,125000,1,0,52.5006,12061,0,-124.839,-133,0.436224
249786, 493.681, 1, -1,-1,-1,49.3433,4.02696,0.019953,8.68e+08,11,125000,1,0,18.1783,2602.88,0,-129.788,-135,0.790528
249788, 493.912, 46, -1,-1,-1,52.8958,29.0093,0.015849,8.68e+08,11,125000,1,0,40.7568,-12810.6,0,-126.274,-135,0.790528
249790, 493.933, 21, -1,-1,-1,42.7768,-8.93559,0.015849,8.68e+08,10,125000,1,0,1.95558,6790.53,0,-135.744,-133,0.436224
249792, 494.034, 52, -1,-1,-1,40.5674,33.2068,0.019953,8.68e+08,12,125000,1,0,18.3568,9453.94,0,-129.738,-137,1.58106
249794, 494.061, 2, -1,-1,-1,54.1874,12.6163,0.025119,8.68e+08,10,125000,1,0,30.8164,-8267.29,0,-125.934,-133,0.436224
249796, 494.095, 4, -1,-1,-1,41.1415,14.3884,0.025119,8.68e+08,10,125000,1,0,23.4017,17106.8,0,-127.494,-133,0.436224
249798, 494.126, 3, -1,-1,-1,39.3525,-4.27633,0.015849,8.68e+08,12,125000,1,0,3.20624,10865.7,0,-135.323,-137,1.58106
249810, 494.508, 53, -1,-1,-1,63.3677,-20.5267,0.019953,8.68e+08,12,125000,1,0,-2.40081,-10910,0,-136.211,-137,1.58106
249812, 494.516, 34, -1,-1,-1,46.0916,17.4756,0.025119,8.68e+08,12,125000,1,0,47.1162,11692.1,0,-123.434,-137,1.58106
249814, 494.616, 31, -1,-1,-1,53.6944,18.0178,0.019953,8.68e+08,12,125000,1,0,43.7817,-10498.6,0,-124.854,-137,1.58106
249822, 495.067, 25, -1,-1,-1,47.35,6.57833,0.025119,8.68e+08,10,125000,1,0,21.4182,6118.77,1,-127.968,-133,0.436224
249829, 495.799, 26, -1,-1,-1,46.6423,9.83152,0.015849,8.68e+08,12,125000,1,0,27.0979,8298.48,0,-128.68,-137,1.58106
249832, 495.818, 30, -1,-1,-1,51.4066,20.2801,0.015849,8.68e+08,10,125000,1,0,63.5234,-6743.11,1,-123.915,-133,0.436224
249839, 495.936, 33, -1,-1,-1,48.4983,18.9946,0.019953,8.68e+08,12,125000,1,0,66.2366,4452.26,0,-122.743,-137,1.58106
249852, 496.677, 49, -1,-1,-1,46.1161,7.79982,0.019953,8.68e+08,11,125000,1,0,22.5567,8339.03,1,-128.694,-135,0.790528
249864, 497.134, 19, -1,-1,-1,39.2054,-0.944952,0.015849,8.68e+08,11,125000,1,0,5.71995,12044.8,0,-134.492,-135,0.790528
249887, 497.681, 16, -1,-1,-1,44.9358,4.6114,0.019953,8.68e+08,11,125000,1,0,16.4284,8816.65,1,-130.256,-135,0.790528
249895, 497.774, 8, -1,-1,-1,60.2786,11.8187,0.015849,8.68e+08,10,125000,1,0,16.3516,-15195,1,-131.276,-133,0.436224
249897, 497.787, 55, -1,-1,-1,28.1932,-17.432,0.019953,8.68e+08,12,125000,1,0,-10.4079,11214.3,0,-138.784,-137,1.58106
249899, 498.023, 13, -1,-1,-1,56.1471,-3.21172,0.019953,8.68e+08,10,125000,1,0,8.99939,-6807.33,0,-132.444,-133,0.436224
249917, 498.549, 14, -1,-1,-1,53.6396,-5.90614,0.025119,8.68e+08,11,125000,1,0,7.34713,-3791.36,1,-131.97,-135,0.790528
249924, 498.678, 9, -1,-1,-1,37.2508,22.8773,0.019953,8.68e+08,12,125000,1,0,18.1045,18167.1,0,-129.8,-137,1.58106
249931, 498.717, 40, -1,-1,-1,60.9756,22.8199,0.019953,8.68e+08,10,125000,1,0,17.8523,-18774.4,0,-129.871,-133,0.436224
249933, 498.73, 12, -1,-1,-1,54.913,-1.85238,0.025119,8.68e+08,10,125000,1,0,10.5683,-5628.31,0,-130.958,-133,0.436224
249935, 498.889, 36, -1,-1,-1,42.449,24.9,0.015849,8.68e+08,12,125000,1,0,33.9742,14036.3,0,-127.354,-137,1.58106
249942, 499.03, 42, -1,-1,-1,57.9034,23.4627,0.025119,8.68e+08,10,125000,1,0,26.1636,-17913.6,0,-126.877,-133,0.436224
249949, 499.182, 23, -1,-1,-1,52.7669,10.7089,0.019953,8.68e+08,12,125000,1,0,29.2679,-5211.19,0,-127.235,-137,1.58106
249951, 499.338, 58, -1,-1,-1,61.527,-8.14045,0.019953,8.68e+08,11,125000,1,0,3.54338,-11092.5,0,-134.215,-135,0.790528
249959, 499.471, 29, -1,-1,-1,52.7683,18.5141,0.019953,8.68e+08,11,125000,1,0,48.2803,-9791.78,1,-124.296,-135,0.790528
249962, 499.582, 35, -1,-1,-1,43.0379,25.6615,0.019953,8.68e+08,10,125000,1,0,36.1833,12509.5,1,-125.979,-133,0.436224
249964, 499.747, 59, -1,-1,-1,70.5782,23.1906,0.015849,8.68e+08,11,125000,1,0,2.82563,-19630.4,0,-135.452,-135,0.790528
249972, 500.946, 41, -1,-1,-1,58.2688,24.8952,0.025119,8.68e+08,10,125000,1,0,24.2592,-18131.2,1,-127.298,-133,0.436224
249975, 500.947, 50, -1,-1,-1,39.6135,14.146,0.019953,8.68e+08,12,125000,1,0,20.4179,17706.5,1,-129.209,-137,1.58106
250112, 501.877, 27, -1,-1,-1,51.1796,4.80986,0.015849,8.68e+08,11,125000,1,0,19.4928,-1084.3,0,-130.447,-135,0.790528
250114, 501.915, 20, -1,-1,-1,38.6376,-10.9667,0.025119,8.68e+08,11,125000,1,0,-1.35408,8822.18,0,-134.853,-135,0.790528
250121, 502.214, 6, -1,-1,-1,58.7446,14.9011,0.015849,8.68e+08,11,125000,1,0,20.8279,-15331.7,0,-130.11,-135,0.790528
250134, 502.726, 51, -1,-1,-1,41.1184,27.7906,0.015849,8.68e+08,11,125000,1,0,26.907,12822.3,1,-128.716,-135,0.790528
250137, 502.969, 45, -1,-1,-1,50.3904,22.374,0.025119,8.68e+08,10,125000,1,0,71.9594,-6000.32,1,-121.442,-133,0.436224
250139, 503.076, 10, -1,-1,-1,28.3922,30.4743,0.025119,8.68e+08,11,125000,1,0,3.05397,16436.6,0,-133.36,-135,0.790528
250147, 503.902, 32, -1,-1,-1,51.0548,15.679,0.015849,8.68e+08,11,125000,1,0,46.3761,-4033.28,1,-125.522,-135,0.790528
250160, 504.441, 22, -1,-1,-1,51.4039,9.10098,0.019953,8.68e+08,10,125000,1,0,27.0652,-2532.97,1,-127.685,-133,0.436224
250173, 504.958, 17, -1,-1,-1,51.1746,0.474538,0.025119,8.68e+08,11,125000,1,0,13.6541,-1191.8,1,-130.037,-135,0.790528
250181, 505.386, 48, -1,-1,-1,57.3759,11.2263,0.015849,8.68e+08,10,125000,1,0,20.5885,-12830.4,1,-130.169,-133,0.436224
250188, 505.768, 57, -1,-1,-1,34.4409,34.819,0.015849,8.68e+08,10,125000,1,0,8.5541,11884.9,0,-133.574,-133,0.436224
250201, 506.251, 38, -1,-1,-1,46.6514,16.8355,0.025119,8.68e+08,12,125000,1,0,51.3074,8717.17,1,-122.96,-137,1.58106
250214, 506.899, 43, -1,-1,-1,53.287,23.7311,0.019953,8.68e+08,10,125000,1,0,44.7907,-14195.3,1,-124.72,-133,0.436224
250221, 507.096, 15, -1,-1,-1,46.4275,5.27678,0.019953,8.68e+08,12,125000,1,0,19.1313,6361.35,0,-129.538,-137,1.58106
250224, 507.373, 30, -1,-1,-1,51.4066,20.2801,0.015849,8.68e+08,10,125000,1,0,58.3666,-8743.88,1,-124.299,-133,0.436224
250226, 507.501, 5, -1,-1,-1,50.8916,5.95756,0.015849,8.68e+08,12,125000,1,0,21.3647,-1270.79,0,-129.979,-137,1.58106
250228, 507.518, 7, -1,-1,-1,49.8595,17.3781,0.015849,8.68e+08,12,125000,1,0,57.1867,-1933.95,0,-124.399,-137,1.58106
250245, 507.849, 3, -1,-1,-1,39.3525,-4.27633,0.015849,8.68e+08,12,125000,1,0,3.72469,10396.4,0,-135.149,-137,1.58106
250248, 508.181, 4, -1,-1,-1,41.1415,14.3884,0.025119,8.68e+08,10,125000,1,0,25.919,16604.9,1,-126.927,-133,0.436224
250255, 508.263, 18, -1,-1,-1,40.1886,3.38354,0.019953,8.68e+08,10,125000,1,0,10.996,12703.2,0,-131.822,-133,0.436224
250263, 508.991, 44, -1,-1,-1,49.9843,31.8509,0.025119,8.68e+08,11,125000,1,0,34.7479,-8632.43,1,-125.22,-135,0.790528
250266, 509.193, 37, -1,-1,-1,40.5376,22.945,0.025119,8.68e+08,10,125000,1,0,29.9083,16352.2,1,-126.104,-133,0.436224
250268, 509.219, 34, -1,-1,-1,46.0916,17.4756,0.025119,8.68e+08,12,125000,1,0,52.5457,9687.38,0,-122.832,-137,1.58106
250276, 509.67, 13, -1,-1,-1,56.1471,-3.21172,0.019953,8.68e+08,10,125000,1,0,8.61307,-7412.4,1,-132.564,-133,0.436224
250289, 510.351, 40, -1,-1,-1,60.9756,22.8199,0.019953,8.68e+08,10,125000,1,0,16.2857,-18877.7,1,-130.291,-133,0.436224
250306, 510.899, 39, -1,-1,-1,45.5509,21.6869,0.015849,8.68e+08,10,125000,1,0,61.3118,9431.25,0,-124.068,-133,0.436224
250323, 511.315, 24, -1,-1,-1,48.8042,9.34343,0.025119,8.68e+08,10,125000,1,0,28.5878,1902.82,0,-126.369,-133,0.436224
250335, 511.79, 54, -1,-1,-1,32.8604,-15.6934,0.025119,8.68e+08,12,125000,1,0,-6.79796,9850.04,0,-136.649,-137,1.58106
250337, 511.979, 26, -1,-1,-1,46.6423,9.83152,0.015849,8.68e+08,12,125000,1,0,28.5952,6538.53,0,-128.368,-137,1.58106
250349, 512.261, 29, -1,-1,-1,52.7683,18.5141,0.019953,8.68e+08,11,125000,1,0,44.2775,-11416.8,0,-124.786,-135,0.790528
250351, 512.421, 11, -1,-1,-1,57.3201,37.6516,0.025119,8.68e+08,11,125000,1,0,15.1835,-17470.4,0,-129.598,-135,0.790528
250363, 512.602, 31, -1,-1,-1,53.6944,18.0178,0.019953,8.68e+08,12,125000,1,0,38.8416,-12602.2,0,-125.555,-137,1.58106
250365, 512.609, 33, -1,-1,-1,48.4983,18.9946,0.019953,8.68e+08,12,125000,1,0,69.8557,736.758,0,-122.54,-137,1.58106
250372, 512.682, 25, -1,-1,-1,47.35,6.57833,0.025119,8.68e+08,10,125000,1,0,22.2629,4349.37,0,-127.761,-133,0.436224
250374, 512.871, 36, -1,-1,-1,42.449,24.9,0.015849,8.68e+08,12,125000,1,0,37.4155,12835.4,0,-126.777,-137,1.58106
250376, 512.891, 14, -1,-1,-1,53.6396,-5.90614,0.025119,8.68e+08,11,125000,1,0,7.08701,-4610.57,0,-132.051,-135,0.790528
250383, 512.971, 41, -1,-1,-1,58.2688,24.8952,0.025119,8.68e+08,10,125000,1,0,22.0693,-18607,0,-127.806,-133,0.436224
250385, 513.091, 21, -1,-1,-1,42.7768,-8.93559,0.015849,8.68e+08,10,125000,1,0,2.36425,5912.73,0,-135.605,-133,0.436224
250402, 513.717, 20, -1,-1,-1,38.6376,-10.9667,0.025119,8.68e+08,11,125000,1,0,-1.05936,8260.11,0,-134.753,-135,0.790528
250409, 514.026, 16, -1,-1,-1,44.9358,4.6114,0.019953,8.68e+08,11,125000,1,0,17.3762,7578.31,0,-129.997,-135,0.790528
250411, 514.044, 53, -1,-1,-1,63.3677,-20.5267,0.019953,8.68e+08,12,125000,1,0,-3.01881,-11442.5,0,-136.415,-137,1.58106
250413, 514.088, 2, -1,-1,-1,54.1874,12.6163,0.025119,8.68e+08,10,125000,1,0,28.2603,-10424.4,0,-126.434,-133,0.436224
250420, 514.674, 56, -1,-1,-1,35.9437,14.8854,0.015849,8.68e+08,11,125000,1,0,15.3427,19072,0,-131.547,-135,0.790528
250433, 515.106, 23, -1,-1,-1,52.7669,10.7089,0.019953,8.68e+08,12,125000,1,0,27.998,-7061.36,1,-127.489,-137,1.58106
250445, 515.458, 1, -1,-1,-1,49.3433,4.02696,0.019953,8.68e+08,11,125000,1,0,18.4276,453.66,0,-129.719,-135,0.790528
250447, 515.499, 28, -1,-1,-1,56.8935,12.7001,0.015849,8.68e+08,11,125000,1,0,21.7578,-13796,0,-129.881,-135,0.790528
250449, 515.527, 46, -1,-1,-1,52.8958,29.0093,0.015849,8.68e+08,11,125000,1,0,34.7389,-14836,0,-127.219,-135,0.790528
250457, 515.786, 42, -1,-1,-1,57.9034,23.4627,0.025119,8.68e+08,10,125000,1,0,22.9511,-18377,1,-127.596,-133,0.436224
250464, 516.377, 58, -1,-1,-1,61.527,-8.14045,0.019953,8.68e+08,11,125000,1,0,2.85444,-11689.8,0,-134.442,-135,0.790528
250472, 516.751, 32, -1,-1,-1,51.0548,15.679,0.015849,8.68e+08,11,125000,1,0,44.4228,-6482.86,1,-125.766,-135,0.790528
250479, 516.98, 47, -1,-1,-1,61.5463,6.00261,0.015849,8.68e+08,12,125000,1,0,9.90123,-14803.4,0,-133.159,-137,1.58106
250482, 517.287, 0, -1,-1,-1,50.9975,-0.836329,0.019953,8.68e+08,10,125000,1,0,12.066,-2098.05,1,-131.502,-133,0.436224
250495, 518.087, 52, -1,-1,-1,40.5674,33.2068,0.019953,8.68e+08,12,125000,1,0,19.9647,7294,1,-129.322,-137,1.58106
250502, 518.662, 19, -1,-1,-1,39.2054,-0.944952,0.015849,8.68e+08,11,125000,1,0,6.73687,11128.8,0,-134.159,-135,0.790528
250504, 518.874, 55, -1,-1,-1,28.1932,-17.432,0.019953,8.68e+08,12,125000,1,0,-9.86892,10831.9,0,-138.617,-137,1.58106
250512, 519.114, 49, -1,-1,-1,46.1161,7.79982,0.019953,8.68e+08,11,125000,1,0,24.1751,6047.52,1,-128.315,-135,0.790528
250524, 520.206, 59, -1,-1,-1,70.5782,23.1906,0.015849,8.68e+08,11,125000,1,0,1.46413,-19701.5,0,-135.905,-135,0.790528
250531, 520.512, 12, -1,-1,-1,54.913,-1.85238,0.025119,8.68e+08,10,125000,1,0,9.87984,-6845.36,0,-131.166,-133,0.436224
250534, 520.693, 50, -1,-1,-1,39.6135,14.146,0.019953,8.68e+08,12,125000,1,0,23.6117,17055.2,1,-128.441,-137,1.58106
250542, 520.866, 35, -1,-1,-1,43.0379,25.6615,0.019953,8.68e+08,10,125000,1,0,41.2879,10316.2,1,-125.192,-133,0.436224
250550, 521.474, 24, -1,-1,-1,48.8042,9.34343,0.025119,8.68e+08,10,125000,1,0,28.7442,731.428,1,-126.336,-133,0.436224
250573, 521.939, 8, -1,-1,-1,60.2786,11.8187,0.015849,8.68e+08,10,125000,1,0,13.9136,-15922.4,1,-131.956,-133,0.436224
250575, 521.952, 57, -1,-1,-1,34.4409,34.819,0.015849,8.68e+08,10,125000,1,0,9.41307,11083,0,-133.303,-133,0.436224
250583, 522.425, 9, -1,-1,-1,37.2508,22.8773,0.019953,8.68e+08,12,125000,1,0,21.6137,17683.2,1,-128.911,-137,1.58106
250591, 522.957, 43, -1,-1,-1,53.287,23.7311,0.019953,8.68e+08,10,125000,1,0,38.9387,-15508.9,1,-125.538,-133,0.436224
250594, 522.991, 44, -1,-1,-1,49.9843,31.8509,0.025119,8.68e+08,11,125000,1,0,32.5223,-10230.8,1,-125.61,-135,0.790528
250601, 523.135, 54, -1,-1,-1,32.8604,-15.6934,0.025119,8.68e+08,12,125000,1,0,-6.52431,9675.87,0,-136.56,-137,1.58106
250608, 523.426, 5, -1,-1,-1,50.8916,5.95756,0.015849,8.68e+08,12,125000,1,0,21.0442,-2904.37,0,-130.055,-137,1.58106
250611, 523.47, 22, -1,-1,-1,51.4039,9.10098,0.019953,8.68e+08,10,125000,1,0,26.1995,-4821.15,1,-127.866,-133,0.436224
250638, 523.984, 10, -1,-1,-1,28.3922,30.4743,0.025119,8.68e+08,11,125000,1,0,4.27022,15951.6,0,-132.954,-135,0.790528
250641, 524.082, 39, -1,-1,-1,45.5509,21.6869,0.015849,8.68e+08,10,125000,1,0,68.8651,7040.83,1,-123.589,-133,0.436224
250658, 524.518, 17, -1,-1,-1,51.1746,0.474538,0.025119,8.68e+08,11,125000,1,0,13.4029,-2797.17,0,-130.107,-135,0.790528
250660, 524.58, 2, -1,-1,-1,54.1874,12.6163,0.025119,8.68e+08,10,125000,1,0,26.8457,-11257.4,0,-126.727,-133,0.436224
250667, 524.661, 27, -1,-1,-1,51.1796,4.80986,0.015849,8.68e+08,11,125000,1,0,19.0459,-3402.27,0,-130.557,-135,0.790528
250669, 524.759, 30, -1,-1,-1,51.4066,20.2801,0.015849,8.68e+08,10,125000,1,0,50.7498,-11426,0,-125.015,-133,0.436224
250676, 525.031, 48, -1,-1,-1,57.3759,11.2263,0.015849,8.68e+08,10,125000,1,0,18.42,-13991.2,0,-130.718,-133,0.436224
250683, 525.211, 20, -1,-1,-1,38.6376,-10.9667,0.025119,8.68e+08,11,125000,1,0,-0.783976,7934.86,0,-134.659,-135,0.790528
250686, 525.246, 4, -1,-1,-1,41.1415,14.3884,0.025119,8.68e+08,10,125000,1,0,29.3075,15760.1,1,-126.22,-133,0.436224
250698, 525.458, 53, -1,-1,-1,63.3677,-20.5267,0.019953,8.68e+08,12,125000,1,0,-3.38713,-11636.5,0,-136.537,-137,1.58106
250700, 525.485, 3, -1,-1,-1,39.3525,-4.27633,0.015849,8.68e+08,12,125000,1,0,4.36658,9673.01,0,-134.935,-137,1.58106
250708, 525.857, 45, -1,-1,-1,50.3904,22.374,0.025119,8.68e+08,10,125000,1,0,58.3631,-10420.1,1,-122.295,-133,0.436224
250715, 526.141, 51, -1,-1,-1,41.1184,27.7906,0.015849,8.68e+08,11,125000,1,0,30.4459,10588.3,0,-127.997,-135,0.790528
250722, 526.499, 6, -1,-1,-1,58.7446,14.9011,0.015849,8.68e+08,11,125000,1,0,17.7002,-16408.4,0,-130.907,-135,0.790528
250729, 526.727, 23, -1,-1,-1,52.7669,10.7089,0.019953,8.68e+08,12,125000,1,0,26.8967,-8214.12,0,-127.716,-137,1.58106
250732, 527.483, 56, -1,-1,-1,35.9437,14.8854,0.015849,8.68e+08,11,125000,1,0,16.9955,18964.3,1,-131.091,-135,0.790528
250739, 527.59, 15, -1,-1,-1,46.4275,5.27678,0.019953,8.68e+08,12,125000,1,0,20.009,4397.73,0,-129.311,-137,1.58106
250751, 527.973, 36, -1,-1,-1,42.449,24.9,0.015849,8.68e+08,12,125000,1,0,41.3367,11204.8,0,-126.183,-137,1.58106
250758, 528.236, 18, -1,-1,-1,40.1886,3.38354,0.019953,8.68e+08,10,125000,1,0,12.2902,11696.2,0,-131.431,-133,0.436224
250776, 528.668, 28, -1,-1,-1,56.8935,12.7001,0.015849,8.68e+08,11,125000,1,0,20.1183,-14461.6,1,-130.282,-135,0.790528
250779, 528.793, 37, -1,-1,-1,40.5376,22.945,0.025119,8.68e+08,10,125000,1,0,34.6808,15097.4,1,-125.225,-133,0.436224
250786, 529.116, 7, -1,-1,-1,49.8595,17.3781,0.015849,8.68e+08,12,125000,1,0,53.1431,-6258.11,0,-124.769,-137,1.58106
250793, 529.231, 14, -1,-1,-1,53.6396,-5.90614,0.025119,8.68e+08,11,125000,1,0,6.73064,-5545.02,0,-132.164,-135,0.790528
250795, 529.267, 21, -1,-1,-1,42.7768,-8.93559,0.015849,8.68e+08,10,125000,1,0,2.66797,5174.43,0,-135.502,-133,0.436224
250802, 529.573, 38, -1,-1,-1,46.6514,16.8355,0.025119,8.68e+08,12,125000,1,0,57.7342,4323.88,0,-122.348,-137,1.58106
250805, 529.725, 42, -1,-1,-1,57.9034,23.4627,0.025119,8.68e+08,10,125000,1,0,20.5831,-18634,1,-128.165,-133,0.436224
250812, 530.228, 26, -1,-1,-1,46.6423,9.83152,0.015849,8.68e+08,12,125000,1,0,29.9064,4293.81,0,-128.103,-137,1.58106
250824, 530.768, 52, -1,-1,-1,40.5674,33.2068,0.019953,8.68e+08,12,125000,1,0,20.6842,6135.29,0,-129.14,-137,1.58106
250831, 531.081, 16, -1,-1,-1,44.9358,4.6114,0.019953,8.68e+08,11,125000,1,0,18.2398,6152.94,0,-129.765,-135,0.790528
250839, 531.454, 29, -1,-1,-1,52.7683,18.5141,0.019953,8.68e+08,11,125000,1,0,38.5521,-13525.9,1,-125.595,-135,0.790528
250841, 531.757, 55, -1,-1,-1,28.1932,-17.432,0.019953,8.68e+08,12,125000,1,0,-9.54605,10680.9,0,-138.516,-137,1.58106
250843, 532.089, 49, -1,-1,-1,46.1161,7.79982,0.019953,8.68e+08,11,125000,1,0,24.9152,4724.23,0,-128.146,-135,0.790528
250855, 532.512, 34, -1,-1,-1,46.0916,17.4756,0.025119,8.68e+08,12,125000,1,0,60.7871,5363.46,0,-122.103,-137,1.58106
250858, 532.551, 24, -1,-1,-1,48.8042,9.34343,0.025119,8.68e+08,10,125000,1,0,28.7127,-911.085,1,-126.34,-133,0.436224
250870, 532.893, 58, -1,-1,-1,61.527,-8.14045,0.019953,8.68e+08,11,125000,1,0,2.17227,-12212.9,0,-134.668,-135,0.790528
250873, 533.003, 40, -1,-1,-1,60.9756,22.8199,0.019953,8.68e+08,10,125000,1,0,13.5289,-19228.7,1,-131.065,-133,0.436224
250881, 533.349, 11, -1,-1,-1,57.3201,37.6516,0.025119,8.68e+08,11,125000,1,0,12.9183,-17995.8,1,-130.245,-135,0.790528
250899, 534.309, 25, -1,-1,-1,47.35,6.57833,0.025119,8.68e+08,10,125000,1,0,22.9105,1959.74,1,-127.605,-133,0.436224
250906, 534.558, 13, -1,-1,-1,56.1471,-3.21172,0.019953,8.68e+08,10,125000,1,0,7.6947,-8884.24,0,-132.852,-133,0.436224
250913, 534.696, 54, -1,-1,-1,32.8604,-15.6934,0.025119,8.68e+08,12,125000,1,0,-6.2518,9241.71,0,-136.471,-137,1.58106
250920, 535.019, 44, -1,-1,-1,49.9843,31.8509,0.025119,8.68e+08,11,125000,1,0,30.5293,-11661.3,0,-125.981,-135,0.790528
250932, 535.339, 32, -1,-1,-1,51.0548,15.679,0.015849,8.68e+08,11,125000,1,0,40.756,-9246.74,0,-126.266,-135,0.790528
250939, 535.664, 1, -1,-1,-1,49.3433,4.02696,0.019953,8.68e+08,11,125000,1,0,18.3407,-1537.34,0,-129.739,-135,0.790528
250947, 535.818, 39, -1,-1,-1,45.5509,21.6869,0.015849,8.68e+08,10,125000,1,0,75.8217,4179.19,1,-123.283,-133,0.436224
250949, 536.115, 0, -1,-1,-1,50.9975,-0.836329,0.019953,8.68e+08,10,125000,1,0,11.7761,-3531.63,0,-131.586,-133,0.436224
250951, 536.12, 20, -1,-1,-1,38.6376,-10.9667,0.025119,8.68e+08,11,125000,1,0,-0.533999,7386.18,0,-134.574,-135,0.790528
250953, 536.197, 31, -1,-1,-1,53.6944,18.0178,0.019953,8.68e+08,12,125000,1,0,32.8759,-14757.8,0,-126.543,-137,1.58106
250971, 536.699, 33, -1,-1,-1,48.4983,18.9946,0.019953,8.68e+08,12,125000,1,0,65.787,-4870.11,1,-122.762,-137,1.58106
250974, 536.803, 48, -1,-1,-1,57.3759,11.2263,0.015849,8.68e+08,10,125000,1,0,17.1572,-14742.7,1,-131.05,-133,0.436224
251002, 537.295, 35, -1,-1,-1,43.0379,25.6615,0.019953,8.68e+08,10,125000,1,0,45.0729,7635.86,1,-124.678,-133,0.436224
251004, 537.71, 41, -1,-1,-1,58.2688,24.8952,0.025119,8.68e+08,10,125000,1,0,18.1487,-19151.8,0,-128.786,-133,0.436224
251011, 537.896, 19, -1,-1,-1,39.2054,-0.944952,0.015849,8.68e+08,11,125000,1,0,7.6146,10239.7,0,-133.875,-135,0.790528
251018, 538.238, 36, -1,-1,-1,42.449,24.9,0.015849,8.68e+08,12,125000,1,0,44.0345,9658.33,0,-125.812,-137,1.58106
251020, 538.242, 3, -1,-1,-1,39.3525,-4.27633,0.015849,8.68e+08,12,125000,1,0,4.81038,8938.77,0,-134.787,-137,1.58106
251023, 538.279, 22, -1,-1,-1,51.4039,9.10098,0.019953,8.68e+08,10,125000,1,0,25.226,-6723.19,1,-128.076,-133,0.436224
251040, 538.758, 5, -1,-1,-1,50.8916,5.95756,0.015849,8.68e+08,12,125000,1,0,20.5241,-4701.43,0,-130.18,-137,1.58106
251042, 538.759, 10, -1,-1,-1,28.3922,30.4743,0.025119,8.68e+08,11,125000,1,0,5.14731,15436.5,0,-132.664,-135,0.790528
251044, 538.842, 53, -1,-1,-1,63.3677,-20.5267,0.019953,8.68e+08,12,125000,1,0,-3.82489,-12121.9,0,-136.681,-137,1.58106
251061, 539.316, 46, -1,-1,-1,52.8958,29.0093,0.015849,8.68e+08,11,125000,1,0,29.0692,-16437.4,0,-128.266,-135,0.790528
251068, 539.425, 21, -1,-1,-1,42.7768,-8.93559,0.015849,8.68e+08,10,125000,1,0,2.83779,4544.3,0,-135.444,-133,0.436224
251070, 539.453, 6, -1,-1,-1,58.7446,14.9011,0.015849,8.68e+08,11,125000,1,0,16.1598,-17007.1,0,-131.321,-135,0.790528
251078, 539.775, 18, -1,-1,-1,40.1886,3.38354,0.019953,8.68e+08,10,125000,1,0,13.0246,10898.6,1,-131.212,-133,0.436224
251090, 540.268, 38, -1,-1,-1,46.6514,16.8355,0.025119,8.68e+08,12,125000,1,0,59.4507,1843.45,0,-122.205,-137,1.58106
251092, 540.304, 59, -1,-1,-1,70.5782,23.1906,0.015849,8.68e+08,11,125000,1,0,0.19362,-19750.1,0,-136.33,-135,0.790528
251095, 540.379, 2, -1,-1,-1,54.1874,12.6163,0.025119,8.68e+08,10,125000,1,0,24.6948,-12792.6,1,-127.193,-133,0.436224
251097, 540.597, 26, -1,-1,-1,46.6423,9.83152,0.015849,8.68e+08,12,125000,1,0,30.4187,2746.08,0,-128.002,-137,1.58106
251109, 540.74, 9, -1,-1,-1,37.2508,22.8773,0.019953,8.68e+08,12,125000,1,0,24.7099,16757.7,0,-128.186,-137,1.58106
251112, 541.033, 12, -1,-1,-1,54.913,-1.85238,0.025119,8.68e+08,10,125000,1,0,9.12138,-8115.1,1,-131.399,-133,0.436224
251114, 541.048, 8, -1,-1,-1,60.2786,11.8187,0.015849,8.68e+08,10,125000,1,0,12.1075,-16503.8,0,-132.483,-133,0.436224
251132, 541.499, 57, -1,-1,-1,34.4409,34.819,0.015849,8.68e+08,10,125000,1,0,10.4077,9967.49,1,-132.993,-133,0.436224
251134, 541.672, 47, -1,-1,-1,61.5463,6.00261,0.015849,8.68e+08,12,125000,1,0,8.14086,-15409.2,0,-133.707,-137,1.58106
251142, 541.936, 56, -1,-1,-1,35.9437,14.8854,0.015849,8.68e+08,11,125000,1,0,19.0282,18769.5,1,-130.553,-135,0.790528
251155, 542.528, 4, -1,-1,-1,41.1415,14.3884,0.025119,8.68e+08,10,125000,1,0,33.1504,14644.8,1,-125.492,-133,0.436224
251157, 542.723, 34, -1,-1,-1,46.0916,17.4756,0.025119,8.68e+08,12,125000,1,0,63.4336,3421.2,0,-121.912,-137,1.58106
251170, 543.096, 58, -1,-1,-1,61.527,-8.14045,0.019953,8.68e+08,11,125000,1,0,1.74545,-12424.1,1,-134.81,-135,0.790528
251172, 543.409, 15, -1,-1,-1,46.4275,5.27678,0.019953,8.68e+08,12,125000,1,0,20.4719,2854.1,0,-129.193,-137,1.58106
251175, 543.439, 37, -1,-1,-1,40.5376,22.945,0.025119,8.68e+08,10,125000,1,0,38.7298,13950.7,1,-124.565,-133,0.436224
251178, 544.628, 50, -1,-1,-1,39.6135,14.146,0.019953,8.68e+08,12,125000,1,0,28.1001,16211.1,1,-127.46,-137,1.58106
251186, 545.376, 42, -1,-1,-1,57.9034,23.4627,0.025119,8.68e+08,10,125000,1,0,18.1959,-18885.4,1,-128.772,-133,0.436224
251209, 546.292, 17, -1,-1,-1,51.1746,0.474538,0.025119,8.68e+08,11,125000,1,0,12.917,-4551.07,1,-130.245,-135,0.790528
251212, 546.292, 30, -1,-1,-1,51.4066,20.2801,0.015849,8.68e+08,10,125000,1,0,42.4373,-13973.2,1,-126.026,-133,0.436224
251214, 546.981, 14, -1,-1,-1,53.6396,-5.90614,0.025119,8.68e+08,11,125000,1,0,6.27772,-6534.54,0,-132.308,-135,0.790528
251246, 547.783, 55, -1,-1,-1,28.1932,-17.432,0.019953,8.68e+08,12,125000,1,0,-9.15188,10416.3,0,-138.393,-137,1.58106
251249, 547.807, 39, -1,-1,-1,45.5509,21.6869,0.015849,8.68e+08,10,125000,1,0,81.756,1490.27,1,-123.118,-133,0.436224
251251, 547.912, 13, -1,-1,-1,56.1471,-3.21172,0.019953,8.68e+08,10,125000,1,0,7.15893,-9500.51,0,-133.022,-133,0.436224
251254, 547.916, 49, -1,-1,-1,46.1161,7.79982,0.019953,8.68e+08,11,125000,1,0,25.5669,2942.95,1,-127.999,-135,0.790528
251256, 547.947, 43, -1,-1,-1,53.287,23.7311,0.019953,8.68e+08,10,125000,1,0,31.5824,-17096.4,0,-126.778,-133,0.436224
251278, 548.513, 40, -1,-1,-1,60.9756,22.8199,0.019953,8.68e+08,10,125000,1,0,11.8292,-19347.3,0,-131.564,-133,0.436224
251285, 548.622, 0, -1,-1,-1,50.9975,-0.836329,0.019953,8.68e+08,10,125000,1,0,11.5065,-4370.08,0,-131.665,-133,0.436224
251287, 548.624, 54, -1,-1,-1,32.8604,-15.6934,0.025119,8.68e+08,12,125000,1,0,-5.93263,8945.59,0,-136.366,-137,1.58106
251304, 549.026, 44, -1,-1,-1,49.9843,31.8509,0.025119,8.68e+08,11,125000,1,0,28.2008,-12854.1,0,-126.441,-135,0.790528
251306, 549.209, 23, -1,-1,-1,52.7669,10.7089,0.019953,8.68e+08,12,125000,1,0,24.5018,-10445.2,0,-128.235,-137,1.58106
251308, 549.264, 45, -1,-1,-1,50.3904,22.374,0.025119,8.68e+08,10,125000,1,0,47.1536,-13637.4,0,-123.418,-133,0.436224
251310, 549.271, 27, -1,-1,-1,51.1796,4.80986,0.015849,8.68e+08,11,125000,1,0,18.1402,-5786.82,0,-130.788,-135,0.790528
251322, 549.359, 29, -1,-1,-1,52.7683,18.5141,0.019953,8.68e+08,11,125000,1,0,33.7528,-14988.6,0,-126.384,-135,0.790528
251329, 549.457, 20, -1,-1,-1,38.6376,-10.9667,0.025119,8.68e+08,11,125000,1,0,-0.244631,6935.19,0,-134.476,-135,0.790528
251336, 549.86, 25, -1,-1,-1,47.35,6.57833,0.025119,8.68e+08,10,125000,1,0,23.0719,268.459,0,-127.564,-133,0.436224
251344, 550.098, 24, -1,-1,-1,48.8042,9.34343,0.025119,8.68e+08,10,125000,1,0,28.2381,-3151.19,1,-126.433,-133,0.436224
251347, 550.132, 32, -1,-1,-1,51.0548,15.679,0.015849,8.68e+08,11,125000,1,0,37.5223,-11019.6,1,-126.753,-135,0.790528
251359, 550.385, 7, -1,-1,-1,49.8595,17.3781,0.015849,8.68e+08,12,125000,1,0,47.0468,-9809.43,0,-125.431,-137,1.58106
251381, 550.931, 9, -1,-1,-1,37.2508,22.8773,0.019953,8.68e+08,12,125000,1,0,26.6029,16408.9,0,-127.771,-137,1.58106
251503, 551.092, 51, -1,-1,-1,41.1184,27.7906,0.015849,8.68e+08,11,125000,1,0,33.935,7547.03,0,-127.352,-135,0.790528
251511, 551.261, 22, -1,-1,-1,51.4039,9.10098,0.019953,8.68e+08,10,125000,1,0,24.205,-7972.08,1,-128.302,-133,0.436224
251513, 551.276, 16, -1,-1,-1,44.9358,4.6114,0.019953,8.68e+08,11,125000,1,0,19.0471,4270.29,0,-129.552,-135,0.790528
251515, 551.514, 52, -1,-1,-1,40.5674,33.2068,0.019953,8.68e+08,12,125000,1,0,21.6009,3950.42,0,-128.912,-137,1.58106
251517, 551.699, 28, -1,-1,-1,56.8935,12.7001,0.015849,8.68e+08,11,125000,1,0,17.394,-15599.3,0,-130.984,-135,0.790528
251524, 551.824, 36, -1,-1,-1,42.449,24.9,0.015849,8.68e+08,12,125000,1,0,47.4523,7675.61,0,-125.382,-137,1.58106
251531, 552.223, 57, -1,-1,-1,34.4409,34.819,0.015849,8.68e+08,10,125000,1,0,10.9259,9204.64,0,-132.834,-133,0.436224
251533, 552.47, 3, -1,-1,-1,39.3525,-4.27633,0.015849,8.68e+08,12,125000,1,0,5.28123,8321.97,0,-134.631,-137,1.58106
251540, 552.718, 31, -1,-1,-1,53.6944,18.0178,0.019953,8.68e+08,12,125000,1,0,29.1752,-15789.2,0,-127.242,-137,1.58106
251558, 553.421, 1, -1,-1,-1,49.3433,4.02696,0.019953,8.68e+08,11,125000,1,0,18.0153,-3221.79,1,-129.821,-135,0.790528
251560, 553.671, 48, -1,-1,-1,57.3759,11.2263,0.015849,8.68e+08,10,125000,1,0,15.4094,-15438.6,0,-131.527,-133,0.436224
251562, 553.706, 15, -1,-1,-1,46.4275,5.27678,0.019953,8.68e+08,12,125000,1,0,20.6595,1629.77,0,-129.144,-137,1.58106
251564, 554.385, 47, -1,-1,-1,61.5463,6.00261,0.015849,8.68e+08,12,125000,1,0,7.26119,-15905.7,0,-133.986,-137,1.58106
251571, 554.914, 53, -1,-1,-1,63.3677,-20.5267,0.019953,8.68e+08,12,125000,1,0,-4.35776,-12446.5,0,-136.856,-137,1.58106
251579, 555.33, 56, -1,-1,-1,35.9437,14.8854,0.015849,8.68e+08,11,125000,1,0,21.0974,18297.8,1,-130.031,-135,0.790528
251586, 555.661, 8, -1,-1,-1,60.2786,11.8187,0.015849,8.68e+08,10,125000,1,0,10.7972,-17058.9,0,-132.876,-133,0.436224
251594, 555.883, 12, -1,-1,-1,54.913,-1.85238,0.025119,8.68e+08,10,125000,1,0,8.51881,-9145.35,1,-131.587,-133,0.436224
251611, 556.758, 59, -1,-1,-1,70.5782,23.1906,0.015849,8.68e+08,11,125000,1,0,-0.80327,-19741.9,0,-136.664,-135,0.790528
251628, 557.08, 21, -1,-1,-1,42.7768,-8.93559,0.015849,8.68e+08,10,125000,1,0,3.09194,3666.07,0,-135.357,-133,0.436224
251641, 557.405, 38, -1,-1,-1,46.6514,16.8355,0.025119,8.68e+08,12,125000,1,0,59.5784,-1800.24,1,-122.192,-137,1.58106
251649, 557.537, 30, -1,-1,-1,51.4066,20.2801,0.015849,8.68e+08,10,125000,1,0,38.6731,-15165.5,1,-126.572,-133,0.436224
251656, 557.791, 14, -1,-1,-1,53.6396,-5.90614,0.025119,8.68e+08,11,125000,1,0,5.97164,-7258.36,0,-132.406,-135,0.790528
251659, 557.794, 11, -1,-1,-1,57.3201,37.6516,0.025119,8.68e+08,11,125000,1,0,10.5137,-18504.5,1,-130.964,-135,0.790528
251666, 558.267, 26, -1,-1,-1,46.6423,9.83152,0.015849,8.68e+08,12,125000,1,0,30.8304,360.138,0,-127.92,-137,1.58106
251668, 558.316, 19, -1,-1,-1,39.2054,-0.944952,0.015849,8.68e+08,11,125000,1,0,8.49919,9175.91,0,-133.591,-135,0.790528
251676, 558.368, 42, -1,-1,-1,57.9034,23.4627,0.025119,8.68e+08,10,125000,1,0,16.398,-19248.1,1,-129.252,-133,0.436224
251683, 558.476, 33, -1,-1,-1,48.4983,18.9946,0.019953,8.68e+08,12,125000,1,0,56.8937,-9162.62,0,-123.414,-137,1.58106
251691, 558.827, 39, -1,-1,-1,45.5509,21.6869,0.015849,8.68e+08,10,125000,1,0,81.8276,-1490.83,1,-123.115,-133,0.436224
251693, 558.856, 54, -1,-1,-1,32.8604,-15.6934,0.025119,8.68e+08,12,125000,1,0,-5.70497,8540.66,0,-136.291,-137,1.58106
251695, 558.972, 35, -1,-1,-1,43.0379,25.6615,0.019953,8.68e+08,10,125000,1,0,48.9601,3814.75,0,-124.206,-133,0.436224
251698, 559.155, 49, -1,-1,-1,46.1161,7.79982,0.019953,8.68e+08,11,125000,1,0,25.8379,1408.33,1,-127.938,-135,0.790528
251700, 559.231, 50, -1,-1,-1,39.6135,14.146,0.019953,8.68e+08,12,125000,1,0,31.2223,15112.3,0,-126.843,-137,1.58106
251712, 559.833, 18, -1,-1,-1,40.1886,3.38354,0.019953,8.68e+08,10,125000,1,0,14.2568,9641.52,0,-130.853,-133,0.436224
251715, 559.969, 2, -1,-1,-1,54.1874,12.6163,0.025119,8.68e+08,10,125000,1,0,22.0768,-14112.8,1,-127.796,-133,0.436224
251737, 561.851, 10, -1,-1,-1,28.3922,30.4743,0.025119,8.68e+08,11,125000,1,0,6.54395,14891.1,0,-132.206,-135,0.790528
251745, 562.034, 32, -1,-1,-1,51.0548,15.679,0.015849,8.68e+08,11,125000,1,0,34.8996,-12161.3,1,-127.183,-135,0.790528
251747, 562.254, 6, -1,-1,-1,58.7446,14.9011,0.015849,8.68e+08,11,125000,1,0,13.6482,-17417.7,0,-132.026,-135,0.790528
251755, 562.37, 41, -1,-1,-1,58.2688,24.8952,0.025119,8.68e+08,10,125000,1,0,14.8488,-19311.2,1,-129.682,-133,0.436224
251758, 562.389, 5, -1,-1,-1,50.8916,5.95756,0.015849,8.68e+08,12,125000,1,0,19.3767,-6729.51,1,-130.465,-137,1.58106
251775, 562.703, 0, -1,-1,-1,50.9975,-0.836329,0.019953,8.68e+08,10,125000,1,0,11.1353,-5313.44,0,-131.775,-133,0.436224
251787, 563.226, 58, -1,-1,-1,61.527,-8.14045,0.019953,8.68e+08,11,125000,1,0,0.894899,-13019.1,0,-135.093,-135,0.790528
251799, 563.388, 44, -1,-1,-1,49.9843,31.8509,0.025119,8.68e+08,11,125000,1,0,25.8698,-13888.4,0,-126.93,-135,0.790528
251801, 563.408, 37, -1,-1,-1,40.5376,22.945,0.025119,8.68e+08,10,125000,1,0,44.8802,11755.8,0,-123.697,-133,0.436224
251803, 563.448, 46, -1,-1,-1,52.8958,29.0093,0.015849,8.68e+08,11,125000,1,0,24.2535,-17318.5,0,-129.288,-135,0.790528
251805, 563.518, 4, -1,-1,-1,41.1415,14.3884,0.025119,8.68e+08,10,125000,1,0,38.366,12758.7,0,-124.618,-133,0.436224
251807, 563.781, 43, -1,-1,-1,53.287,23.7311,0.019953,8.68e+08,10,125000,1,0,27.7777,-17704.1,0,-127.524,-133,0.436224
251814, 564.274, 48, -1,-1,-1,57.3759,11.2263,0.015849,8.68e+08,10,125000,1,0,14.3513,-15723.8,0,-131.824,-133,0.436224
251842, 564.864, 40, -1,-1,-1,60.9756,22.8199,0.019953,8.68e+08,10,125000,1,0,10.1743,-19452.8,1,-132.065,-133,0.436224
251844, 564.945, 31, -1,-1,-1,53.6944,18.0178,0.019953,8.68e+08,12,125000,1,0,26.6898,-16324.2,0,-127.752,-137,1.58106
251851, 565.145, 16, -1,-1,-1,44.9358,4.6114,0.019953,8.68e+08,11,125000,1,0,19.4384,2993.72,0,-129.45,-135,0.790528
251854, 565.849, 51, -1,-1,-1,41.1184,27.7906,0.015849,8.68e+08,11,125000,1,0,35.6119,5561.21,1,-127.062,-135,0.790528
251856, 565.875, 15, -1,-1,-1,46.4275,5.27678,0.019953,8.68e+08,12,125000,1,0,20.7583,455.754,0,-129.118,-137,1.58106
251859, 566.052, 34, -1,-1,-1,46.0916,17.4756,0.025119,8.68e+08,12,125000,1,0,64.3041,-1893.35,1,-121.85,-137,1.58106
251861, 566.174, 55, -1,-1,-1,28.1932,-17.432,0.019953,8.68e+08,12,125000,1,0,-8.71063,10054.6,0,-138.253,-137,1.58106
251874, 566.986, 17, -1,-1,-1,51.1746,0.474538,0.025119,8.68e+08,11,125000,1,0,12.277,-6113.62,1,-130.431,-135,0.790528
251882, 567.542, 24, -1,-1,-1,48.8042,9.34343,0.025119,8.68e+08,10,125000,1,0,27.2985,-5268.31,1,-126.624,-133,0.436224
251890, 567.927, 38, -1,-1,-1,46.6514,16.8355,0.025119,8.68e+08,12,125000,1,0,58.0276,-3811.49,1,-122.315,-137,1.58106
251893, 568.063, 30, -1,-1,-1,51.4066,20.2801,0.015849,8.68e+08,10,125000,1,0,35.4869,-15775.4,1,-127.082,-133,0.436224
251910, 568.623, 13, -1,-1,-1,56.1471,-3.21172,0.019953,8.68e+08,10,125000,1,0,6.28236,-10507.4,0,-133.302,-133,0.436224
251928, 569.15, 39, -1,-1,-1,45.5509,21.6869,0.015849,8.68e+08,10,125000,1,0,76.8953,-3756.25,1,-123.24,-133,0.436224
251935, 569.327, 27, -1,-1,-1,51.1796,4.80986,0.015849,8.68e+08,11,125000,1,0,17.1394,-7518.74,0,-131.051,-135,0.790528
251937, 569.671, 7, -1,-1,-1,49.8595,17.3781,0.015849,8.68e+08,12,125000,1,0,41.2474,-12286.4,0,-126.188,-137,1.58106
251939, 569.892, 56, -1,-1,-1,35.9437,14.8854,0.015849,8.68e+08,11,125000,1,0,23.5851,17968.4,0,-129.437,-135,0.790528
251946, 570.103, 1, -1,-1,-1,49.3433,4.02696,0.019953,8.68e+08,11,125000,1,0,17.5137,-4729.2,0,-129.951,-135,0.790528
251954, 570.521, 36, -1,-1,-1,42.449,24.9,0.015849,8.68e+08,12,125000,1,0,51.2561,4343.62,1,-124.953,-137,1.58106
251961, 570.697, 14, -1,-1,-1,53.6396,-5.90614,0.025119,8.68e+08,11,125000,1,0,5.57944,-7852.6,0,-132.532,-135,0.790528
251969, 570.79, 45, -1,-1,-1,50.3904,22.374,0.025119,8.68e+08,10,125000,1,0,39.0341,-15621.4,1,-124.514,-133,0.436224
251971, 571.008, 8, -1,-1,-1,60.2786,11.8187,0.015849,8.68e+08,10,125000,1,0,9.48382,-17348,0,-133.279,-133,0.436224
251994, 571.994, 20, -1,-1,-1,38.6376,-10.9667,0.025119,8.68e+08,11,125000,1,0,0.200056,5964.31,1,-134.324,-135,0.790528
252002, 572.246, 12, -1,-1,-1,54.913,-1.85238,0.025119,8.68e+08,10,125000,1,0,7.81329,-9967.7,1,-131.808,-133,0.436224
252009, 572.361, 26, -1,-1,-1,46.6423,9.83152,0.015849,8.68e+08,12,125000,1,0,30.7134,-1493.79,0,-127.939,-137,1.58106
252017, 572.77, 22, -1,-1,-1,51.4039,9.10098,0.019953,8.68e+08,10,125000,1,0,22.2757,-9997.73,1,-128.747,-133,0.436224
252020, 572.808, 29, -1,-1,-1,52.7683,18.5141,0.019953,8.68e+08,11,125000,1,0,28.3263,-16471.7,1,-127.409,-135,0.790528
252027, 573.1, 23, -1,-1,-1,52.7669,10.7089,0.019953,8.68e+08,12,125000,1,0,21.7876,-12406.2,0,-128.863,-137,1.58106
252029, 573.145, 53, -1,-1,-1,63.3677,-20.5267,0.019953,8.68e+08,12,125000,1,0,-4.97016,-12815.9,0,-137.056,-137,1.58106
252036, 573.603, 57, -1,-1,-1,34.4409,34.819,0.015849,8.68e+08,10,125000,1,0,11.8811,7747.41,0,-132.543,-133,0.436224
252038, 573.621, 19, -1,-1,-1,39.2054,-0.944952,0.015849,8.68e+08,11,125000,1,0,9.11941,8368.62,0,-133.394,-135,0.790528
252061, 574.251, 9, -1,-1,-1,37.2508,22.8773,0.019953,8.68e+08,12,125000,1,0,31.4461,14965.9,1,-126.797,-137,1.58106
252064, 574.352, 25, -1,-1,-1,47.35,6.57833,0.025119,8.68e+08,10,125000,1,0,22.7839,-2565.86,1,-127.627,-133,0.436224
252076, 574.64, 59, -1,-1,-1,70.5782,23.1906,0.015849,8.68e+08,11,125000,1,0,-1.84767,-19740.7,0,-137.013,-135,0.790528
252083, 574.751, 28, -1,-1,-1,56.8935,12.7001,0.015849,8.68e+08,11,125000,1,0,14.8694,-16491.2,0,-131.674,-135,0.790528
252101, 575.251, 49, -1,-1,-1,46.1161,7.79982,0.019953,8.68e+08,11,125000,1,0,25.9251,-507.514,1,-127.916,-135,0.790528
252104, 575.417, 40, -1,-1,-1,60.9756,22.8199,0.019953,8.68e+08,10,125000,1,0,9.1712,-19646.7,1,-132.375,-133,0.436224
252106, 575.456, 21, -1,-1,-1,42.7768,-8.93559,0.015849,8.68e+08,10,125000,1,0,3.29797,2713.55,0,-135.286,-133,0.436224
252108, 575.729, 5, -1,-1,-1,50.8916,5.95756,0.015849,8.68e+08,12,125000,1,0,18.5813,-8087.07,0,-130.668,-137,1.58106
252121, 576.087, 52, -1,-1,-1,40.5674,33.2068,0.019953,8.68e+08,12,125000,1,0,22.1709,1146.09,1,-128.772,-137,1.58106
252133, 576.276, 47, -1,-1,-1,61.5463,6.00261,0.015849,8.68e+08,12,125000,1,0,5.79149,-16445.7,0,-134.459,-137,1.58106
252136, 576.523, 2, -1,-1,-1,54.1874,12.6163,0.025119,8.68e+08,10,125000,1,0,19.9575,-14984.4,1,-128.313,-133,0.436224
252138, 576.564, 48, -1,-1,-1,57.3759,11.2263,0.015849,8.68e+08,10,125000,1,0,13.1654,-16292.3,0,-132.164,-133,0.436224
252140, 576.573, 18, -1,-1,-1,40.1886,3.38354,0.019953,8.68e+08,10,125000,1,0,15.2187,8511.07,0,-130.578,-133,0.436224
252142, 576.619, 58, -1,-1,-1,61.527,-8.14045,0.019953,8.68e+08,11,125000,1,0,0.324848,-13533,0,-135.283,-135,0.790528
252149, 576.697, 3, -1,-1,-1,39.3525,-4.27633,0.015849,8.68e+08,12,125000,1,0,6.0132,7011.93,0,-134.388,-137,1.58106
252166, 577.196, 41, -1,-1,-1,58.2688,24.8952,0.025119,8.68e+08,10,125000,1,0,13.0908,-19635.5,0,-130.186,-133,0.436224
252168, 577.391, 0, -1,-1,-1,50.9975,-0.836329,0.019953,8.68e+08,10,125000,1,0,10.6792,-6517.12,0,-131.911,-133,0.436224
252170, 577.487, 11, -1,-1,-1,57.3201,37.6516,0.025119,8.68e+08,11,125000,1,0,8.7389,-18792.9,0,-131.513,-135,0.790528
252187, 578.381, 17, -1,-1,-1,51.1746,0.474538,0.025119,8.68e+08,11,125000,1,0,11.8607,-7068.3,0,-130.553,-135,0.790528
252189, 578.407, 31, -1,-1,-1,53.6944,18.0178,0.019953,8.68e+08,12,125000,1,0,24.1842,-17112.2,0,-128.3,-137,1.58106
252196, 578.756, 24, -1,-1,-1,48.8042,9.34343,0.025119,8.68e+08,10,125000,1,0,26.4895,-6744.87,0,-126.793,-133,0.436224
252203, 579.117, 46, -1,-1,-1,52.8958,29.0093,0.015849,8.68e+08,11,125000,1,0,21.5493,-18040.9,0,-129.92,-135,0.790528
252225, 580.18, 54, -1,-1,-1,32.8604,-15.6934,0.025119,8.68e+08,12,125000,1,0,-5.25057,7910.62,0,-136.141,-137,1.58106
252228, 580.271, 43, -1,-1,-1,53.287,23.7311,0.019953,8.68e+08,10,125000,1,0,24.3567,-18462.4,1,-128.261,-133,0.436224
252235, 580.427, 50, -1,-1,-1,39.6135,14.146,0.019953,8.68e+08,12,125000,1,0,36.3091,13424.4,0,-125.943,-137,1.58106
252242, 580.687, 32, -1,-1,-1,51.0548,15.679,0.015849,8.68e+08,11,125000,1,0,30.9409,-14118.4,0,-127.893,-135,0.790528
252244, 580.718, 7, -1,-1,-1,49.8595,17.3781,0.015849,8.68e+08,12,125000,1,0,38.0938,-13628.9,0,-126.657,-137,1.58106
252256, 581.132, 6, -1,-1,-1,58.7446,14.9011,0.015849,8.68e+08,11,125000,1,0,11.7429,-17815.2,0,-132.585,-135,0.790528
252264, 581.228, 38, -1,-1,-1,46.6514,16.8355,0.025119,8.68e+08,12,125000,1,0,54.7652,-6720.73,1,-122.602,-137,1.58106
252266, 581.312, 14, -1,-1,-1,53.6396,-5.90614,0.025119,8.68e+08,11,125000,1,0,5.2371,-8276.04,0,-132.643,-135,0.790528
252269, 581.349, 42, -1,-1,-1,57.9034,23.4627,0.025119,8.68e+08,10,125000,1,0,13.5519,-19333.8,1,-130.05,-133,0.436224
252272, 581.743, 44, -1,-1,-1,49.9843,31.8509,0.025119,8.68e+08,11,125000,1,0,23.0376,-15031.4,1,-127.566,-135,0.790528
252294, 582.718, 33, -1,-1,-1,48.4983,18.9946,0.019953,8.68e+08,12,125000,1,0,46.8858,-12382.4,0,-124.444,-137,1.58106
252297, 582.84, 16, -1,-1,-1,44.9358,4.6114,0.019953,8.68e+08,11,125000,1,0,19.7182,1229.78,1,-129.375,-135,0.790528
252300, 582.841, 35, -1,-1,-1,43.0379,25.6615,0.019953,8.68e+08,10,125000,1,0,50.282,-551.093,1,-124.055,-133,0.436224
252302, 582.928, 10, -1,-1,-1,28.3922,30.4743,0.025119,8.68e+08,11,125000,1,0,7.83994,14136.7,0,-131.787,-135,0.790528
252314, 583.821, 23, -1,-1,-1,52.7669,10.7089,0.019953,8.68e+08,12,125000,1,0,20.5649,-12999.7,0,-129.161,-137,1.58106
252326, 584.307, 20, -1,-1,-1,38.6376,-10.9667,0.025119,8.68e+08,11,125000,1,0,0.417438,5519.09,0,-134.25,-135,0.790528
252333, 584.398, 57, -1,-1,-1,34.4409,34.819,0.015849,8.68e+08,10,125000,1,0,12.3147,7046.19,0,-132.412,-133,0.436224
252336, 584.76, 22, -1,-1,-1,51.4039,9.10098,0.019953,8.68e+08,10,125000,1,0,21.121,-10865.1,1,-129.024,-133,0.436224
252339, 584.775, 1, -1,-1,-1,49.3433,4.02696,0.019953,8.68e+08,11,125000,1,0,16.9339,-5956.69,1,-130.104,-135,0.790528
252346, 585.101, 15, -1,-1,-1,46.4275,5.27678,0.019953,8.68e+08,12,125000,1,0,20.6367,-1572.17,0,-129.145,-137,1.58106
252349, 585.404, 30, -1,-1,-1,51.4066,20.2801,0.015849,8.68e+08,10,125000,1,0,30.8704,-16745.5,1,-127.905,-133,0.436224
252362, 586.296, 4, -1,-1,-1,41.1415,14.3884,0.025119,8.68e+08,10,125000,1,0,44.4632,9941.66,1,-123.747,-133,0.436224
252380, 586.731, 51, -1,-1,-1,41.1184,27.7906,0.015849,8.68e+08,11,125000,1,0,37.1313,2332.05,1,-126.809,-135,0.790528
252392, 587.349, 8, -1,-1,-1,60.2786,11.8187,0.015849,8.68e+08,10,125000,1,0,8.15167,-17619.4,0,-133.695,-133,0.436224
252400, 587.507, 56, -1,-1,-1,35.9437,14.8854,0.015849,8.68e+08,11,125000,1,0,26.9909,17382.7,1,-128.683,-135,0.790528
252418, 588.04, 34, -1,-1,-1,46.0916,17.4756,0.025119,8.68e+08,12,125000,1,0,58.57,-6575.75,1,-122.267,-137,1.58106
252420, 588.128, 52, -1,-1,-1,40.5674,33.2068,0.019953,8.68e+08,12,125000,1,0,22.2203,-147.432,0,-128.758,-137,1.58106
252423, 588.289, 37, -1,-1,-1,40.5376,22.945,0.025119,8.68e+08,10,125000,1,0,52.965,7898,1,-122.774,-133,0.436224
252425, 588.368, 55, -1,-1,-1,28.1932,-17.432,0.019953,8.68e+08,12,125000,1,0,-8.19569,9536.45,0,-138.089,-137,1.58106
252428, 588.625, 27, -1,-1,-1,51.1796,4.80986,0.015849,8.68e+08,11,125000,1,0,16.0115,-9017.18,1,-131.355,-135,0.790528
252435, 589.037, 53, -1,-1,-1,63.3677,-20.5267,0.019953,8.68e+08,12,125000,1,0,-5.50963,-13083,0,-137.232,-137,1.58106
252447, 589.462, 47, -1,-1,-1,61.5463,6.00261,0.015849,8.68e+08,12,125000,1,0,4.93376,-16639.6,0,-134.739,-137,1.58106
252450, 589.611, 46, -1,-1,-1,52.8958,29.0093,0.015849,8.68e+08,11,125000,1,0,19.8952,-18217.5,1,-130.327,-135,0.790528
252467, 590.08, 39, -1,-1,-1,45.5509,21.6869,0.015849,8.68e+08,10,125000,1,0,64.5699,-8290.66,0,-123.827,-133,0.436224
252469, 590.124, 19, -1,-1,-1,39.2054,-0.944952,0.015849,8.68e+08,11,125000,1,0,9.73613,7410.32,0,-133.199,-135,0.790528
252481, 590.473, 49, -1,-1,-1,46.1161,7.79982,0.019953,8.68e+08,11,125000,1,0,25.6767,-2293.2,0,-127.968,-135,0.790528
252483, 590.578, 17, -1,-1,-1,51.1746,0.474538,0.025119,8.68e+08,11,125000,1,0,11.3721,-7795.04,0,-130.698,-135,0.790528
252490, 590.736, 13, -1,-1,-1,56.1471,-3.21172,0.019953,8.68e+08,10,125000,1,0,5.30088,-11488.9,0,-133.62,-133,0.436224
252497, 590.904, 7, -1,-1,-1,49.8595,17.3781,0.015849,8.68e+08,12,125000,1,0,35.3545,-14358.4,0,-127.1,-137,1.58106
252499, 591.16, 29, -1,-1,-1,52.7683,18.5141,0.019953,8.68e+08,11,125000,1,0,24.6925,-17258.3,0,-128.183,-135,0.790528
252512, 591.84, 0, -1,-1,-1,50.9975,-0.836329,0.019953,8.68e+08,10,125000,1,0,10.1698,-7397.89,1,-132.065,-133,0.436224
252514, 592.249, 3, -1,-1,-1,39.3525,-4.27633,0.015849,8.68e+08,12,125000,1,0,6.42843,6200.22,0,-134.252,-137,1.58106
252516, 592.457, 26, -1,-1,-1,46.6423,9.83152,0.015849,8.68e+08,12,125000,1,0,29.8847,-4202.9,0,-128.096,-137,1.58106
252538, 593.267, 31, -1,-1,-1,53.6944,18.0178,0.019953,8.68e+08,12,125000,1,0,21.6713,-17574.6,0,-128.887,-137,1.58106
252545, 593.312, 21, -1,-1,-1,42.7768,-8.93559,0.015849,8.68e+08,10,125000,1,0,3.43782,1773.2,0,-135.238,-133,0.436224
252552, 593.445, 43, -1,-1,-1,53.287,23.7311,0.019953,8.68e+08,10,125000,1,0,21.9458,-18705.1,0,-128.82,-133,0.436224
252559, 593.64, 40, -1,-1,-1,60.9756,22.8199,0.019953,8.68e+08,10,125000,1,0,7.54274,-19739.1,0,-132.888,-133,0.436224
252566, 593.716, 24, -1,-1,-1,48.8042,9.34343,0.025119,8.68e+08,10,125000,1,0,25.2179,-8272.37,0,-127.067,-133,0.436224
252573, 593.853, 48, -1,-1,-1,57.3759,11.2263,0.015849,8.68e+08,10,125000,1,0,11.5705,-16763.8,0,-132.635,-133,0.436224
252580, 594.103, 45, -1,-1,-1,50.3904,22.374,0.025119,8.68e+08,10,125000,1,0,32.0898,-17096.9,0,-125.675,-133,0.436224
252582, 594.186, 41, -1,-1,-1,58.2688,24.8952,0.025119,8.68e+08,10,125000,1,0,11.245,-19743.6,0,-130.733,-133,0.436224
252584, 594.3, 11, -1,-1,-1,57.3201,37.6516,0.025119,8.68e+08,11,125000,1,0,7.32233,-18965.5,0,-131.961,-135,0.790528
252587, 594.343, 36, -1,-1,-1,42.449,24.9,0.015849,8.68e+08,12,125000,1,0,53.0048,-512.345,1,-124.77,-137,1.58106
252594, 594.734, 28, -1,-1,-1,56.8935,12.7001,0.015849,8.68e+08,11,125000,1,0,12.8433,-17076.6,0,-132.256,-135,0.790528
252597, 594.801, 25, -1,-1,-1,47.35,6.57833,0.025119,8.68e+08,10,125000,1,0,22.0648,-4788.55,1,-127.794,-133,0.436224
252609, 595.612, 58, -1,-1,-1,61.527,-8.14045,0.019953,8.68e+08,11,125000,1,0,-0.486502,-13988.9,0,-135.554,-135,0.790528
252622, 595.878, 6, -1,-1,-1,58.7446,14.9011,0.015849,8.68e+08,11,125000,1,0,10.3518,-18251.3,1,-133.005,-135,0.790528
252644, 596.309, 12, -1,-1,-1,54.913,-1.85238,0.025119,8.68e+08,10,125000,1,0,6.71619,-11167.1,0,-132.157,-133,0.436224
252646, 596.571, 57, -1,-1,-1,34.4409,34.819,0.015849,8.68e+08,10,125000,1,0,12.7567,6007.34,0,-132.28,-133,0.436224
252649, 596.574, 4, -1,-1,-1,41.1415,14.3884,0.025119,8.68e+08,10,125000,1,0,47.1663,8201.46,1,-123.408,-133,0.436224
252651, 596.63, 59, -1,-1,-1,70.5782,23.1906,0.015849,8.68e+08,11,125000,1,0,-3.08261,-19773.9,0,-137.424,-135,0.790528
252654, 596.97, 44, -1,-1,-1,49.9843,31.8509,0.025119,8.68e+08,11,125000,1,0,20.8386,-15994.4,1,-128.091,-135,0.790528
252666, 597.55, 9, -1,-1,-1,37.2508,22.8773,0.019953,8.68e+08,12,125000,1,0,37.015,12944,0,-125.824,-137,1.58106
252693, 598.7, 2, -1,-1,-1,54.1874,12.6163,0.025119,8.68e+08,10,125000,1,0,17.289,-16006.9,0,-129.004,-133,0.436224
252696, 598.704, 35, -1,-1,-1,43.0379,25.6615,0.019953,8.68e+08,10,125000,1,0,49.0292,-3922.61,1,-124.191,-133,0.436224
252698, 598.939, 38, -1,-1,-1,46.6514,16.8355,0.025119,8.68e+08,12,125000,1,0,49.2732,-9683.3,0,-123.163,-137,1.58106
252700, 598.982, 18, -1,-1,-1,40.1886,3.38354,0.019953,8.68e+08,10,125000,1,0,16.3637,6730.09,0,-130.257,-133,0.436224
252702, 599.024, 50, -1,-1,-1,39.6135,14.146,0.019953,8.68e+08,12,125000,1,0,41.2511,11495,0,-125.183,-137,1.58106
252704, 599.146, 5, -1,-1,-1,50.8916,5.95756,0.015849,8.68e+08,12,125000,1,0,17.0049,-9977.32,0,-131.082,-137,1.58106
252706, 599.385, 34, -1,-1,-1,46.0916,17.4756,0.025119,8.68e+08,12,125000,1,0,54.455,-8887.55,0,-122.628,-137,1.58106
252728, 599.904, 8, -1,-1,-1,60.2786,11.8187,0.015849,8.68e+08,10,125000,1,0,7.17138,-17967.9,0,-134.007,-133,0.436224
252731, 600.219, 42, -1,-1,-1,57.9034,23.4627,0.025119,8.68e+08,10,125000,1,0,11.4753,-19720.2,1,-130.662,-133,0.436224
252734, 600.31, 51, -1,-1,-1,41.1184,27.7906,0.015849,8.68e+08,11,125000,1,0,37.4316,-70.0427,1,-126.759,-135,0.790528
252862, 601.281, 23, -1,-1,-1,52.7669,10.7089,0.019953,8.68e+08,12,125000,1,0,18.6076,-14263.4,1,-129.655,-137,1.58106
252865, 601.311, 46, -1,-1,-1,52.8958,29.0093,0.015849,8.68e+08,11,125000,1,0,18.1813,-18399.3,1,-130.767,-135,0.790528
252887, 602.125, 14, -1,-1,-1,53.6396,-5.90614,0.025119,8.68e+08,11,125000,1,0,4.52109,-9275.36,0,-132.876,-135,0.790528
252890, 602.224, 49, -1,-1,-1,46.1161,7.79982,0.019953,8.68e+08,11,125000,1,0,25.2749,-3567.52,1,-128.054,-135,0.790528
252892, 602.417, 10, -1,-1,-1,28.3922,30.4743,0.025119,8.68e+08,11,125000,1,0,9.04683,13343.4,0,-131.404,-135,0.790528
252914, 603.064, 54, -1,-1,-1,32.8604,-15.6934,0.025119,8.68e+08,12,125000,1,0,-4.79598,7414.48,0,-135.99,-137,1.58106
252917, 603.411, 39, -1,-1,-1,45.5509,21.6869,0.015849,8.68e+08,10,125000,1,0,57.2784,-10493.8,1,-124.372,-133,0.436224
252925, 603.573, 16, -1,-1,-1,44.9358,4.6114,0.019953,8.68e+08,11,125000,1,0,19.7123,-917.744,1,-129.373,-135,0.790528
252927, 603.927, 30, -1,-1,-1,51.4066,20.2801,0.015849,8.68e+08,10,125000,1,0,26.6717,-17531.7,0,-128.748,-133,0.436224
252929, 604.112, 31, -1,-1,-1,53.6944,18.0178,0.019953,8.68e+08,12,125000,1,0,19.9867,-17779.9,0,-129.301,-137,1.58106
252946, 604.595, 47, -1,-1,-1,61.5463,6.00261,0.015849,8.68e+08,12,125000,1,0,3.9744,-16862,0,-135.054,-137,1.58106
252953, 605.177, 32, -1,-1,-1,51.0548,15.679,0.015849,8.68e+08,11,125000,1,0,26.2168,-15495.7,0,-128.846,-135,0.790528
252960, 605.41, 1, -1,-1,-1,49.3433,4.02696,0.019953,8.68e+08,11,125000,1,0,15.9369,-7666.71,0,-130.373,-135,0.790528
252972, 605.853, 33, -1,-1,-1,48.4983,18.9946,0.019953,8.68e+08,12,125000,1,0,38.786,-14778.2,0,-125.545,-137,1.58106
252974, 606.02, 15, -1,-1,-1,46.4275,5.27678,0.019953,8.68e+08,12,125000,1,0,20.1306,-3749.32,0,-129.267,-137,1.58106
252976, 606.129, 20, -1,-1,-1,38.6376,-10.9667,0.025119,8.68e+08,11,125000,1,0,0.754328,4511.53,0,-134.135,-135,0.790528
252983, 606.163, 45, -1,-1,-1,50.3904,22.374,0.025119,8.68e+08,10,125000,1,0,29.0839,-17518.5,0,-126.25,-133,0.436224
252990, 606.538, 29, -1,-1,-1,52.7683,18.5141,0.019953,8.68e+08,11,125000,1,0,21.9989,-17725.4,0,-128.805,-135,0.790528
252998, 607.729, 3, -1,-1,-1,39.3525,-4.27633,0.015849,8.68e+08,12,125000,1,0,6.79277,5351.84,1,-134.132,-137,1.58106
253000, 607.755, 55, -1,-1,-1,28.1932,-17.432,0.019953,8.68e+08,12,125000,1,0,-7.76332,9085.98,0,-137.951,-137,1.58106
253017, 608.496, 27, -1,-1,-1,51.1796,4.80986,0.015849,8.68e+08,11,125000,1,0,14.7343,-10398.5,0,-131.709,-135,0.790528
253019, 608.518, 22, -1,-1,-1,51.4039,9.10098,0.019953,8.68e+08,10,125000,1,0,18.7681,-12595.2,0,-129.613,-133,0.436224
253027, 608.801, 37, -1,-1,-1,40.5376,22.945,0.025119,8.68e+08,10,125000,1,0,58.3909,3912.86,1,-122.277,-133,0.436224
253035, 608.935, 56, -1,-1,-1,35.9437,14.8854,0.015849,8.68e+08,11,125000,1,0,31.8526,16334.8,1,-127.716,-135,0.790528
253042, 609.314, 28, -1,-1,-1,56.8935,12.7001,0.015849,8.68e+08,11,125000,1,0,11.4544,-17368.4,0,-132.667,-135,0.790528
253050, 609.36, 0, -1,-1,-1,50.9975,-0.836329,0.019953,8.68e+08,10,125000,1,0,9.48381,-8448.35,1,-132.275,-133,0.436224
253057, 610.145, 11, -1,-1,-1,57.3201,37.6516,0.025119,8.68e+08,11,125000,1,0,6.06038,-19085.6,0,-132.367,-135,0.790528
253074, 610.714, 53, -1,-1,-1,63.3677,-20.5267,0.019953,8.68e+08,12,125000,1,0,-6.25209,-13497.2,0,-137.472,-137,1.58106
253076, 610.877, 43, -1,-1,-1,53.287,23.7311,0.019953,8.68e+08,10,125000,1,0,19.1129,-19023.7,0,-129.522,-133,0.436224
253078, 610.905, 6, -1,-1,-1,58.7446,14.9011,0.015849,8.68e+08,11,125000,1,0,9.01255,-18423.4,0,-133.419,-135,0.790528
253110, 611.866, 52, -1,-1,-1,40.5674,33.2068,0.019953,8.68e+08,12,125000,1,0,21.8647,-2888.02,0,-128.84,-137,1.58106
253112, 611.979, 23, -1,-1,-1,52.7669,10.7089,0.019953,8.68e+08,12,125000,1,0,17.4408,-14684,0,-129.961,-137,1.58106
253119, 612.238, 21, -1,-1,-1,42.7768,-8.93559,0.015849,8.68e+08,10,125000,1,0,3.51861,746.343,0,-135.208,-133,0.436224
253121, 612.36, 44, -1,-1,-1,49.9843,31.8509,0.025119,8.68e+08,11,125000,1,0,18.7609,-16595.4,0,-128.614,-135,0.790528
253128, 612.531, 58, -1,-1,-1,61.527,-8.14045,0.019953,8.68e+08,11,125000,1,0,-1.21001,-14331.1,0,-135.795,-135,0.790528
253130, 612.858, 7, -1,-1,-1,49.8595,17.3781,0.015849,8.68e+08,12,125000,1,0,30.0503,-15915.1,0,-128.058,-137,1.58106
253137, 613.079, 26, -1,-1,-1,46.6423,9.83152,0.015849,8.68e+08,12,125000,1,0,28.3534,-6778.43,0,-128.398,-137,1.58106
253149, 613.299, 19, -1,-1,-1,39.2054,-0.944952,0.015849,8.68e+08,11,125000,1,0,10.4891,5849.04,0,-132.964,-135,0.790528
253151, 613.316, 12, -1,-1,-1,54.913,-1.85238,0.025119,8.68e+08,10,125000,1,0,5.91068,-11860,0,-132.417,-133,0.436224
253153, 613.366, 9, -1,-1,-1,37.2508,22.8773,0.019953,8.68e+08,12,125000,1,0,41.1249,11246.1,0,-125.197,-137,1.58106
253155, 613.634, 13, -1,-1,-1,56.1471,-3.21172,0.019953,8.68e+08,10,125000,1,0,4.25174,-12400.2,0,-133.963,-133,0.436224
253157, 613.637, 36, -1,-1,-1,42.449,24.9,0.015849,8.68e+08,12,125000,1,0,51.1853,-4355.73,0,-124.953,-137,1.58106
253164, 613.672, 18, -1,-1,-1,40.1886,3.38354,0.019953,8.68e+08,10,125000,1,0,16.9959,5552.54,0,-130.083,-133,0.436224
253171, 614.08, 4, -1,-1,-1,41.1415,14.3884,0.025119,8.68e+08,10,125000,1,0,51.1797,5229.62,0,-122.953,-133,0.436224
253184, 614.634, 17, -1,-1,-1,51.1746,0.474538,0.025119,8.68e+08,11,125000,1,0,10.3013,-9346.98,1,-131.021,-135,0.790528
253186, 614.792, 48, -1,-1,-1,57.3759,11.2263,0.015849,8.68e+08,10,125000,1,0,9.74942,-17279.6,0,-133.189,-133,0.436224
253193, 615.489, 24, -1,-1,-1,48.8042,9.34343,0.025119,8.68e+08,10,125000,1,0,23.1032,-10351.8,0,-127.544,-133,0.436224
253215, 616.03, 41, -1,-1,-1,58.2688,24.8952,0.025119,8.68e+08,10,125000,1,0,9.09084,-19901.9,0,-131.394,-133,0.436224
253217, 616.067, 34, -1,-1,-1,46.0916,17.4756,0.025119,8.68e+08,12,125000,1,0,48.2178,-11368.7,0,-123.28,-137,1.58106
253220, 616.23, 25, -1,-1,-1,47.35,6.57833,0.025119,8.68e+08,10,125000,1,0,20.9224,-6959.37,1,-128.068,-133,0.436224
253222, 616.328, 40, -1,-1,-1,60.9756,22.8199,0.019953,8.68e+08,10,125000,1,0,5.67245,-19871.8,0,-133.491,-133,0.436224
253239, 616.88, 57, -1,-1,-1,34.4409,34.819,0.015849,8.68e+08,10,125000,1,0,13.365,4367.14,0,-132.1,-133,0.436224
253242, 617.1, 45, -1,-1,-1,50.3904,22.374,0.025119,8.68e+08,10,125000,1,0,26.6363,-18078.6,1,-126.753,-133,0.436224
253249, 617.229, 33, -1,-1,-1,48.4983,18.9946,0.019953,8.68e+08,12,125000,1,0,35.3678,-15823.5,0,-126.093,-137,1.58106
253261, 617.574, 59, -1,-1,-1,70.5782,23.1906,0.015849,8.68e+08,11,125000,1,0,-4.21422,-19784.6,0,-137.798,-135,0.790528
253268, 617.963, 39, -1,-1,-1,45.5509,21.6869,0.015849,8.68e+08,10,125000,1,0,50.2264,-12851.7,0,-125.054,-133,0.436224
253271, 617.97, 1, -1,-1,-1,49.3433,4.02696,0.019953,8.68e+08,11,125000,1,0,15.247,-8786.23,1,-130.563,-135,0.790528
253273, 618.064, 2, -1,-1,-1,54.1874,12.6163,0.025119,8.68e+08,10,125000,1,0,15.1279,-16687.2,0,-129.594,-133,0.436224
253290, 619.099, 38, -1,-1,-1,46.6514,16.8355,0.025119,8.68e+08,12,125000,1,0,42.7838,-12389.7,0,-123.964,-137,1.58106
253302, 619.812, 54, -1,-1,-1,32.8604,-15.6934,0.025119,8.68e+08,12,125000,1,0,-4.48711,6675.44,0,-135.887,-137,1.58106
253310, 619.903, 32, -1,-1,-1,51.0548,15.679,0.015849,8.68e+08,11,125000,1,0,23.6647,-16448.9,1,-129.412,-135,0.790528
253312, 619.961, 50, -1,-1,-1,39.6135,14.146,0.019953,8.68e+08,12,125000,1,0,46.9987,8604.25,0,-124.424,-137,1.58106
253315, 619.995, 35, -1,-1,-1,43.0379,25.6615,0.019953,8.68e+08,10,125000,1,0,45.2599,-7690.93,1,-124.639,-133,0.436224
253322, 620.087, 15, -1,-1,-1,46.4275,5.27678,0.019953,8.68e+08,12,125000,1,0,19.5925,-5337.69,0,-129.401,-137,1.58106
253329, 620.328, 8, -1,-1,-1,60.2786,11.8187,0.015849,8.68e+08,10,125000,1,0,5.65012,-18259.9,0,-134.498,-133,0.436224
253331, 620.835, 49, -1,-1,-1,46.1161,7.79982,0.019953,8.68e+08,11,125000,1,0,24.3078,-5659.73,0,-128.267,-135,0.790528
253333, 620.902, 20, -1,-1,-1,38.6376,-10.9667,0.025119,8.68e+08,11,125000,1,0,0.944934,3882.41,0,-134.069,-135,0.790528
253341, 621.926, 22, -1,-1,-1,51.4039,9.10098,0.019953,8.68e+08,10,125000,1,0,17.4394,-13307.8,1,-129.96,-133,0.436224
253364, 623.768, 5, -1,-1,-1,50.8916,5.95756,0.015849,8.68e+08,12,125000,1,0,15.1969,-11428.5,1,-131.576,-137,1.58106
253376, 624.119, 46, -1,-1,-1,52.8958,29.0093,0.015849,8.68e+08,11,125000,1,0,15.178,-18865.9,0,-131.58,-135,0.790528
253388, 624.469, 42, -1,-1,-1,57.9034,23.4627,0.025119,8.68e+08,10,125000,1,0,9.07937,-19716.7,0,-131.396,-133,0.436224
253396, 624.542, 51, -1,-1,-1,41.1184,27.7906,0.015849,8.68e+08,11,125000,1,0,36.5168,-3715.5,1,-126.902,-135,0.790528
253398, 624.67, 47, -1,-1,-1,61.5463,6.00261,0.015849,8.68e+08,12,125000,1,0,2.74164,-17181.4,0,-135.462,-137,1.58106
253400, 624.955, 30, -1,-1,-1,51.4066,20.2801,0.015849,8.68e+08,10,125000,1,0,22.6348,-18218.6,0,-129.651,-133,0.436224
253412, 625.045, 10, -1,-1,-1,28.3922,30.4743,0.025119,8.68e+08,11,125000,1,0,10.4415,12244.4,0,-130.968,-135,0.790528
253414, 625.07, 27, -1,-1,-1,51.1796,4.80986,0.015849,8.68e+08,11,125000,1,0,13.6128,-11378.4,0,-132.028,-135,0.790528
253442, 625.682, 9, -1,-1,-1,37.2508,22.8773,0.019953,8.68e+08,12,125000,1,0,44.3757,9724.93,1,-124.751,-137,1.58106
253449, 625.751, 58, -1,-1,-1,61.527,-8.14045,0.019953,8.68e+08,11,125000,1,0,-1.77466,-14525,0,-135.983,-135,0.790528
253451, 625.829, 14, -1,-1,-1,53.6396,-5.90614,0.025119,8.68e+08,11,125000,1,0,3.64657,-10344.8,0,-133.163,-135,0.790528
253458, 626.037, 11, -1,-1,-1,57.3201,37.6516,0.025119,8.68e+08,11,125000,1,0,4.85787,-19180.7,0,-132.759,-135,0.790528
253460, 626.079, 13, -1,-1,-1,56.1471,-3.21172,0.019953,8.68e+08,10,125000,1,0,3.67272,-12745.2,0,-134.153,-133,0.436224
253477, 626.477, 6, -1,-1,-1,58.7446,14.9011,0.015849,8.68e+08,11,125000,1,0,7.69971,-18575.3,0,-133.833,-135,0.790528
253484, 626.721, 19, -1,-1,-1,39.2054,-0.944952,0.015849,8.68e+08,11,125000,1,0,10.8534,4994.18,0,-132.851,-135,0.790528
253486, 626.832, 21, -1,-1,-1,42.7768,-8.93559,0.015849,8.68e+08,10,125000,1,0,3.53251,3.47391,0,-135.202,-133,0.436224
253493, 626.886, 3, -1,-1,-1,39.3525,-4.27633,0.015849,8.68e+08,12,125000,1,0,7.16805,4193.02,0,-134.008,-137,1.58106
253496, 626.909, 12, -1,-1,-1,54.913,-1.85238,0.025119,8.68e+08,10,125000,1,0,5.25502,-12319.5,1,-132.629,-133,0.436224
253498, 627.004, 40, -1,-1,-1,60.9756,22.8199,0.019953,8.68e+08,10,125000,1,0,4.84422,-19813.9,0,-133.762,-133,0.436224
253500, 627.195, 31, -1,-1,-1,53.6944,18.0178,0.019953,8.68e+08,12,125000,1,0,16.7605,-18376.3,0,-130.141,-137,1.58106
253507, 627.208, 17, -1,-1,-1,51.1746,0.474538,0.025119,8.68e+08,11,125000,1,0,9.69719,-9972.01,0,-131.206,-135,0.790528
253509, 627.24, 52, -1,-1,-1,40.5674,33.2068,0.019953,8.68e+08,12,125000,1,0,21.3335,-4518.15,0,-128.966,-137,1.58106
253516, 627.664, 16, -1,-1,-1,44.9358,4.6114,0.019953,8.68e+08,11,125000,1,0,19.2557,-3415.55,0,-129.486,-135,0.790528
253523, 627.992, 29, -1,-1,-1,52.7683,18.5141,0.019953,8.68e+08,11,125000,1,0,18.687,-18316.3,0,-129.629,-135,0.790528
253535, 629.178, 53, -1,-1,-1,63.3677,-20.5267,0.019953,8.68e+08,12,125000,1,0,-6.8891,-13785.4,0,-137.677,-137,1.58106
253537, 629.487, 55, -1,-1,-1,28.1932,-17.432,0.019953,8.68e+08,12,125000,1,0,-7.30014,8519.7,0,-137.801,-137,1.58106
253545, 629.673, 56, -1,-1,-1,35.9437,14.8854,0.015849,8.68e+08,11,125000,1,0,37.4816,14920,1,-126.744,-135,0.790528
253547, 629.82, 1, -1,-1,-1,49.3433,4.02696,0.019953,8.68e+08,11,125000,1,0,14.5519,-9519.82,0,-130.757,-135,0.790528
253559, 630.027, 43, -1,-1,-1,53.287,23.7311,0.019953,8.68e+08,10,125000,1,0,16.3808,-19309,0,-130.244,-133,0.436224
253562, 630.319, 24, -1,-1,-1,48.8042,9.34343,0.025119,8.68e+08,10,125000,1,0,21.5658,-11482.6,1,-127.907,-133,0.436224
253575, 631.26, 25, -1,-1,-1,47.35,6.57833,0.025119,8.68e+08,10,125000,1,0,19.9385,-8264.92,1,-128.31,-133,0.436224
253583, 631.313, 20, -1,-1,-1,38.6376,-10.9667,0.025119,8.68e+08,11,125000,1,0,1.06009,3263.14,1,-134.029,-135,0.790528
253586, 631.44, 15, -1,-1,-1,46.4275,5.27678,0.019953,8.68e+08,12,125000,1,0,19.0578,-6284.97,1,-129.535,-137,1.58106
253589, 631.742, 0, -1,-1,-1,50.9975,-0.836329,0.019953,8.68e+08,10,125000,1,0,8.52021,-9739.65,1,-132.575,-133,0.436224
253597, 632.564, 35, -1,-1,-1,43.0379,25.6615,0.019953,8.68e+08,10,125000,1,0,42.4013,-9468.9,1,-125.015,-133,0.436224
253620, 633.54, 37, -1,-1,-1,40.5376,22.945,0.025119,8.68e+08,10,125000,1,0,59.9169,-1562.72,1,-122.15,-133,0.436224
253627, 634.036, 28, -1,-1,-1,56.8935,12.7001,0.015849,8.68e+08,11,125000,1,0,9.25641,-17915.6,0,-133.339,-135,0.790528
253639, 634.199, 41, -1,-1,-1,58.2688,24.8952,0.025119,8.68e+08,10,125000,1,0,7.45411,-19969.2,0,-131.911,-133,0.436224
253647, 634.374, 36, -1,-1,-1,42.449,24.9,0.015849,8.68e+08,12,125000,1,0,46.8396,-8058.51,1,-125.441,-137,1.58106
253649, 634.753, 33, -1,-1,-1,48.4983,18.9946,0.019953,8.68e+08,12,125000,1,0,30.7461,-16810.8,0,-126.92,-137,1.58106
253656, 634.884, 59, -1,-1,-1,70.5782,23.1906,0.015849,8.68e+08,11,125000,1,0,-5.12036,-19750.6,0,-138.096,-135,0.790528
253658, 635.07, 44, -1,-1,-1,49.9843,31.8509,0.025119,8.68e+08,11,125000,1,0,15.9499,-17392.2,0,-129.364,-135,0.790528
253670, 635.294, 45, -1,-1,-1,50.3904,22.374,0.025119,8.68e+08,10,125000,1,0,23.0509,-18582.4,0,-127.551,-133,0.436224
253672, 635.606, 39, -1,-1,-1,45.5509,21.6869,0.015849,8.68e+08,10,125000,1,0,42.9522,-14706.5,0,-125.938,-133,0.436224
253674, 635.762, 23, -1,-1,-1,52.7669,10.7089,0.019953,8.68e+08,12,125000,1,0,14.9583,-15748.4,0,-130.639,-137,1.58106
253696, 636.231, 22, -1,-1,-1,51.4039,9.10098,0.019953,8.68e+08,10,125000,1,0,16.0428,-14245.5,0,-130.337,-133,0.436224
253714, 636.631, 4, -1,-1,-1,41.1415,14.3884,0.025119,8.68e+08,10,125000,1,0,53.8928,730.482,1,-122.674,-133,0.436224
253716, 636.678, 57, -1,-1,-1,34.4409,34.819,0.015849,8.68e+08,10,125000,1,0,13.779,2685.63,0,-131.977,-133,0.436224
253719, 636.815, 50, -1,-1,-1,39.6135,14.146,0.019953,8.68e+08,12,125000,1,0,51.1477,5812.75,1,-123.952,-137,1.58106
253731, 637.251, 58, -1,-1,-1,61.527,-8.14045,0.019953,8.68e+08,11,125000,1,0,-2.26491,-14873.6,0,-136.146,-135,0.790528
253733, 637.355, 26, -1,-1,-1,46.6423,9.83152,0.015849,8.68e+08,12,125000,1,0,25.9519,-9471.64,0,-128.899,-137,1.58106
253735, 637.387, 48, -1,-1,-1,57.3759,11.2263,0.015849,8.68e+08,10,125000,1,0,7.91027,-17748.1,0,-133.764,-133,0.436224
253737, 637.43, 7, -1,-1,-1,49.8595,17.3781,0.015849,8.68e+08,12,125000,1,0,25.0301,-17178,0,-129.1,-137,1.58106
253744, 637.636, 18, -1,-1,-1,40.1886,3.38354,0.019953,8.68e+08,10,125000,1,0,17.7689,3311.19,0,-129.872,-133,0.436224
253751, 638.002, 47, -1,-1,-1,61.5463,6.00261,0.015849,8.68e+08,12,125000,1,0,1.94693,-17510.8,0,-135.727,-137,1.58106
253753, 638.414, 13, -1,-1,-1,56.1471,-3.21172,0.019953,8.68e+08,10,125000,1,0,3.09511,-13285.2,0,-134.344,-133,0.436224
253765, 639.112, 3, -1,-1,-1,39.3525,-4.27633,0.015849,8.68e+08,12,125000,1,0,7.35988,3272.57,0,-133.945,-137,1.58106
253778, 639.587, 2, -1,-1,-1,54.1874,12.6163,0.025119,8.68e+08,10,125000,1,0,12.9044,-17316.9,1,-130.23,-133,0.436224
253790, 639.994, 46, -1,-1,-1,52.8958,29.0093,0.015849,8.68e+08,11,125000,1,0,13.3087,-19268.7,0,-132.112,-135,0.790528
253792, 640.075, 5, -1,-1,-1,50.8916,5.95756,0.015849,8.68e+08,12,125000,1,0,13.9609,-12579.7,0,-131.924,-137,1.58106
253794, 640.248, 34, -1,-1,-1,46.0916,17.4756,0.025119,8.68e+08,12,125000,1,0,39.9416,-14184,0,-124.365,-137,1.58106
253797, 640.606, 49, -1,-1,-1,46.1161,7.79982,0.019953,8.68e+08,11,125000,1,0,22.9242,-7999.7,1,-128.582,-135,0.790528
253809, 641.316, 9, -1,-1,-1,37.2508,22.8773,0.019953,8.68e+08,12,125000,1,0,48.2651,6976.64,0,-124.27,-137,1.58106
253812, 641.544, 32, -1,-1,-1,51.0548,15.679,0.015849,8.68e+08,11,125000,1,0,20.2873,-17052.8,1,-130.219,-135,0.790528
253824, 642.22, 54, -1,-1,-1,32.8604,-15.6934,0.025119,8.68e+08,12,125000,1,0,-4.10833,6127.97,0,-135.76,-137,1.58106
253836, 642.709, 8, -1,-1,-1,60.2786,11.8187,0.015849,8.68e+08,10,125000,1,0,4.07735,-18326,0,-135.014,-133,0.436224
253843, 643.28, 31, -1,-1,-1,53.6944,18.0178,0.019953,8.68e+08,12,125000,1,0,14.7579,-18627.6,0,-130.694,-137,1.58106
253846, 643.408, 19, -1,-1,-1,39.2054,-0.944952,0.015849,8.68e+08,11,125000,1,0,11.2219,3821.12,1,-132.736,-135,0.790528
253854, 643.491, 25, -1,-1,-1,47.35,6.57833,0.025119,8.68e+08,10,125000,1,0,19.0564,-9189.61,1,-128.533,-133,0.436224
253857, 643.681, 38, -1,-1,-1,46.6514,16.8355,0.025119,8.68e+08,12,125000,1,0,35.6172,-14502.3,1,-125.046,-137,1.58106
253864, 644.995, 55, -1,-1,-1,28.1932,-17.432,0.019953,8.68e+08,12,125000,1,0,-6.98483,8163.23,0,-137.699,-137,1.58106
253887, 645.97, 35, -1,-1,-1,43.0379,25.6615,0.019953,8.68e+08,10,125000,1,0,39.1721,-11119.4,1,-125.48,-133,0.436224
253894, 646.153, 45, -1,-1,-1,50.3904,22.374,0.025119,8.68e+08,10,125000,1,0,21.1528,-18717,0,-128.003,-133,0.436224
253901, 646.256, 15, -1,-1,-1,46.4275,5.27678,0.019953,8.68e+08,12,125000,1,0,18.2464,-7528.61,0,-129.744,-137,1.58106
253908, 646.316, 51, -1,-1,-1,41.1184,27.7906,0.015849,8.68e+08,11,125000,1,0,34.3508,-6931.91,0,-127.263,-135,0.790528
253910, 646.449, 24, -1,-1,-1,48.8042,9.34343,0.025119,8.68e+08,10,125000,1,0,19.8647,-12573.1,0,-128.325,-133,0.436224
253912, 646.482, 20, -1,-1,-1,38.6376,-10.9667,0.025119,8.68e+08,11,125000,1,0,1.19841,2584.19,0,-133.981,-135,0.790528
253914, 646.742, 30, -1,-1,-1,51.4066,20.2801,0.015849,8.68e+08,10,125000,1,0,19.0882,-18745.5,0,-130.522,-133,0.436224
253941, 647.549, 14, -1,-1,-1,53.6396,-5.90614,0.025119,8.68e+08,11,125000,1,0,2.80337,-11212,0,-133.441,-135,0.790528
253948, 647.72, 4, -1,-1,-1,41.1415,14.3884,0.025119,8.68e+08,10,125000,1,0,53.7461,-1346.55,0,-122.686,-133,0.436224
253950, 647.749, 21, -1,-1,-1,42.7768,-8.93559,0.015849,8.68e+08,10,125000,1,0,3.47851,-1164.39,0,-135.218,-133,0.436224
253957, 647.827, 26, -1,-1,-1,46.6423,9.83152,0.015849,8.68e+08,12,125000,1,0,24.7982,-10317.7,0,-129.151,-137,1.58106
253959, 647.957, 22, -1,-1,-1,51.4039,9.10098,0.019953,8.68e+08,10,125000,1,0,14.9223,-14683.7,0,-130.648,-133,0.436224
253961, 647.999, 27, -1,-1,-1,51.1796,4.80986,0.015849,8.68e+08,11,125000,1,0,12.0202,-12649,0,-132.493,-135,0.790528
253963, 648.074, 42, -1,-1,-1,57.9034,23.4627,0.025119,8.68e+08,10,125000,1,0,6.98326,-19872.7,0,-132.06,-133,0.436224
253976, 648.606, 56, -1,-1,-1,35.9437,14.8854,0.015849,8.68e+08,11,125000,1,0,43.5376,13164.2,1,-125.857,-135,0.790528
253983, 648.698, 40, -1,-1,-1,60.9756,22.8199,0.019953,8.68e+08,10,125000,1,0,3.2485,-19893.1,0,-134.288,-133,0.436224
253990, 649.107, 10, -1,-1,-1,28.3922,30.4743,0.025119,8.68e+08,11,125000,1,0,11.8864,10867.3,0,-130.528,-135,0.790528
254002, 649.408, 17, -1,-1,-1,51.1746,0.474538,0.025119,8.68e+08,11,125000,1,0,8.57793,-11150.3,0,-131.553,-135,0.790528
254019, 649.738, 6, -1,-1,-1,58.7446,14.9011,0.015849,8.68e+08,11,125000,1,0,5.86368,-18855.3,0,-134.424,-135,0.790528
254021, 649.762, 48, -1,-1,-1,57.3759,11.2263,0.015849,8.68e+08,10,125000,1,0,6.95377,-17866.4,0,-134.07,-133,0.436224
254038, 650.364, 11, -1,-1,-1,57.3201,37.6516,0.025119,8.68e+08,11,125000,1,0,3.12433,-19386,0,-133.332,-135,0.790528
254040, 650.396, 0, -1,-1,-1,50.9975,-0.836329,0.019953,8.68e+08,10,125000,1,0,7.66106,-10673.1,0,-132.845,-133,0.436224
254047, 650.855, 5, -1,-1,-1,50.8916,5.95756,0.015849,8.68e+08,12,125000,1,0,13.1394,-13024.5,0,-132.161,-137,1.58106
254054, 650.957, 1, -1,-1,-1,49.3433,4.02696,0.019953,8.68e+08,11,125000,1,0,13.2348,-10891.5,0,-131.134,-135,0.790528
254061, 650.997, 3, -1,-1,-1,39.3525,-4.27633,0.015849,8.68e+08,12,125000,1,0,7.50841,2605.64,0,-133.896,-137,1.58106
254183, 651.15, 52, -1,-1,-1,40.5674,33.2068,0.019953,8.68e+08,12,125000,1,0,20.1142,-6992.69,0,-129.264,-137,1.58106
254190, 651.273, 43, -1,-1,-1,53.287,23.7311,0.019953,8.68e+08,10,125000,1,0,13.7176,-19569,0,-130.991,-133,0.436224
254202, 651.438, 7, -1,-1,-1,49.8595,17.3781,0.015849,8.68e+08,12,125000,1,0,22.5421,-17605.4,0,-129.668,-137,1.58106
254209, 651.589, 12, -1,-1,-1,54.913,-1.85238,0.025119,8.68e+08,10,125000,1,0,4.049,-13242.2,0,-133.024,-133,0.436224
254216, 651.673, 29, -1,-1,-1,52.7683,18.5141,0.019953,8.68e+08,11,125000,1,0,15.5201,-18823.2,0,-130.478,-135,0.790528
254223, 652.152, 16, -1,-1,-1,44.9358,4.6114,0.019953,8.68e+08,11,125000,1,0,18.3478,-5813.88,0,-129.717,-135,0.790528
254231, 652.456, 41, -1,-1,-1,58.2688,24.8952,0.025119,8.68e+08,10,125000,1,0,5.92699,-20017.5,1,-132.403,-133,0.436224
254233, 652.576, 53, -1,-1,-1,63.3677,-20.5267,0.019953,8.68e+08,12,125000,1,0,-7.70061,-14176.1,0,-137.935,-137,1.58106
254235, 653.005, 47, -1,-1,-1,61.5463,6.00261,0.015849,8.68e+08,12,125000,1,0,1.07436,-17640.5,0,-136.018,-137,1.58106
254237, 653.08, 34, -1,-1,-1,46.0916,17.4756,0.025119,8.68e+08,12,125000,1,0,36.103,-15136,0,-124.963,-137,1.58106
254239, 653.202, 23, -1,-1,-1,52.7669,10.7089,0.019953,8.68e+08,12,125000,1,0,13.2442,-16319.5,0,-131.129,-137,1.58106
254261, 653.707, 8, -1,-1,-1,60.2786,11.8187,0.015849,8.68e+08,10,125000,1,0,3.33698,-18552.3,0,-135.258,-133,0.436224
254268, 653.835, 13, -1,-1,-1,56.1471,-3.21172,0.019953,8.68e+08,10,125000,1,0,2.37021,-13693.3,0,-134.584,-133,0.436224
254270, 653.874, 9, -1,-1,-1,37.2508,22.8773,0.019953,8.68e+08,12,125000,1,0,50.8489,4845.24,0,-123.98,-137,1.58106
254273, 654.079, 39, -1,-1,-1,45.5509,21.6869,0.015849,8.68e+08,10,125000,1,0,36.6482,-16127.5,1,-126.874,-133,0.436224
254275, 654.226, 2, -1,-1,-1,54.1874,12.6163,0.025119,8.68e+08,10,125000,1,0,11.4917,-17596.5,0,-130.649,-133,0.436224
254277, 655.104, 33, -1,-1,-1,48.4983,18.9946,0.019953,8.68e+08,12,125000,1,0,26.2035,-17692.3,0,-127.839,-137,1.58106
254295, 656.405, 37, -1,-1,-1,40.5376,22.945,0.025119,8.68e+08,10,125000,1,0,55.4383,-6365.03,1,-122.525,-133,0.436224
254297, 656.55, 59, -1,-1,-1,70.5782,23.1906,0.015849,8.68e+08,11,125000,1,0,-6.22157,-19751.7,0,-138.454,-135,0.790528
254319, 657.244, 18, -1,-1,-1,40.1886,3.38354,0.019953,8.68e+08,10,125000,1,0,18.1203,1428.78,0,-129.776,-133,0.436224
254326, 657.649, 58, -1,-1,-1,61.527,-8.14045,0.019953,8.68e+08,11,125000,1,0,-3.13104,-15232.8,0,-136.434,-135,0.790528
254328, 657.723, 55, -1,-1,-1,28.1932,-17.432,0.019953,8.68e+08,12,125000,1,0,-6.73625,7661.41,0,-137.618,-137,1.58106
254330, 657.952, 20, -1,-1,-1,38.6376,-10.9667,0.025119,8.68e+08,11,125000,1,0,1.27911,1884.45,0,-133.953,-135,0.790528
254342, 658.563, 35, -1,-1,-1,43.0379,25.6615,0.019953,8.68e+08,10,125000,1,0,36.1443,-12716.2,0,-125.956,-133,0.436224
254344, 658.746, 36, -1,-1,-1,42.449,24.9,0.015849,8.68e+08,12,125000,1,0,40.5046,-11574.8,0,-126.279,-137,1.58106
254356, 658.86, 28, -1,-1,-1,56.8935,12.7001,0.015849,8.68e+08,11,125000,1,0,7.22532,-18350.8,0,-133.98,-135,0.790528
254358, 658.983, 38, -1,-1,-1,46.6514,16.8355,0.025119,8.68e+08,12,125000,1,0,31.7287,-15838.9,0,-125.73,-137,1.58106
254375, 659.646, 32, -1,-1,-1,51.0548,15.679,0.015849,8.68e+08,11,125000,1,0,17.7669,-17837.2,0,-130.865,-135,0.790528
254377, 659.996, 44, -1,-1,-1,49.9843,31.8509,0.025119,8.68e+08,11,125000,1,0,13.1805,-18077.1,0,-130.147,-135,0.790528
254389, 660.336, 54, -1,-1,-1,32.8604,-15.6934,0.025119,8.68e+08,12,125000,1,0,-3.83324,5275.44,0,-135.667,-137,1.58106
254391, 660.596, 57, -1,-1,-1,34.4409,34.819,0.015849,8.68e+08,10,125000,1,0,14.0142,732.706,0,-131.907,-133,0.436224
254399, 660.71, 25, -1,-1,-1,47.35,6.57833,0.025119,8.68e+08,10,125000,1,0,17.7291,-10471.1,1,-128.877,-133,0.436224
254416, 661.053, 50, -1,-1,-1,39.6135,14.146,0.019953,8.68e+08,12,125000,1,0,54.5575,956.359,0,-123.607,-137,1.58106
254418, 661.165, 31, -1,-1,-1,53.6944,18.0178,0.019953,8.68e+08,12,125000,1,0,12.7273,-19101.1,0,-131.278,-137,1.58106
254421, 661.272, 4, -1,-1,-1,41.1415,14.3884,0.025119,8.68e+08,10,125000,1,0,52.2213,-3911.04,1,-122.836,-133,0.436224
254428, 661.439, 11, -1,-1,-1,57.3201,37.6516,0.025119,8.68e+08,11,125000,1,0,2.37312,-19360.7,0,-133.582,-135,0.790528
254430, 661.452, 43, -1,-1,-1,53.287,23.7311,0.019953,8.68e+08,10,125000,1,0,12.5543,-19553.7,0,-131.33,-133,0.436224
254443, 661.663, 56, -1,-1,-1,35.9437,14.8854,0.015849,8.68e+08,11,125000,1,0,48.2186,11721.5,1,-125.271,-135,0.790528
254445, 661.774, 42, -1,-1,-1,57.9034,23.4627,0.025119,8.68e+08,10,125000,1,0,5.85449,-19858.2,0,-132.425,-133,0.436224
254462, 662.406, 27, -1,-1,-1,51.1796,4.80986,0.015849,8.68e+08,11,125000,1,0,11.013,-13255.7,0,-132.794,-135,0.790528
254474, 662.972, 17, -1,-1,-1,51.1746,0.474538,0.025119,8.68e+08,11,125000,1,0,7.87072,-11708.3,0,-131.776,-135,0.790528
254476, 663.076, 49, -1,-1,-1,46.1161,7.79982,0.019953,8.68e+08,11,125000,1,0,21.0518,-9782.92,0,-129.027,-135,0.790528
254478, 663.171, 26, -1,-1,-1,46.6423,9.83152,0.015849,8.68e+08,12,125000,1,0,23.048,-11548,0,-129.548,-137,1.58106
254490, 663.321, 46, -1,-1,-1,52.8958,29.0093,0.015849,8.68e+08,11,125000,1,0,10.8284,-19355.6,0,-132.849,-135,0.790528
254497, 663.433, 10, -1,-1,-1,28.3922,30.4743,0.025119,8.68e+08,11,125000,1,0,12.7096,10020.2,0,-130.282,-135,0.790528
254499, 663.659, 21, -1,-1,-1,42.7768,-8.93559,0.015849,8.68e+08,10,125000,1,0,3.37971,-1989.2,0,-135.249,-133,0.436224
254506, 663.849, 15, -1,-1,-1,46.4275,5.27678,0.019953,8.68e+08,12,125000,1,0,17.1511,-8929.57,0,-130.032,-137,1.58106
254508, 664.065, 51, -1,-1,-1,41.1184,27.7906,0.015849,8.68e+08,11,125000,1,0,31.9799,-9163.83,0,-127.684,-135,0.790528
254510, 664.121, 19, -1,-1,-1,39.2054,-0.944952,0.015849,8.68e+08,11,125000,1,0,11.5353,2244.32,0,-132.639,-135,0.790528
254512, 664.169, 40, -1,-1,-1,60.9756,22.8199,0.019953,8.68e+08,10,125000,1,0,2.17346,-19877.9,0,-134.646,-133,0.436224
254559, 665.812, 9, -1,-1,-1,37.2508,22.8773,0.019953,8.68e+08,12,125000,1,0,52.5103,2663.8,0,-123.806,-137,1.58106
254561, 665.911, 23, -1,-1,-1,52.7669,10.7089,0.019953,8.68e+08,12,125000,1,0,12.0522,-16609.5,0,-131.479,-137,1.58106
254563, 665.978, 41, -1,-1,-1,58.2688,24.8952,0.025119,8.68e+08,10,125000,1,0,4.86112,-19989,0,-132.751,-133,0.436224
254565, 666.166, 0, -1,-1,-1,50.9975,-0.836329,0.019953,8.68e+08,10,125000,1,0,6.90632,-11355.5,0,-133.085,-133,0.436224
254572, 666.467, 3, -1,-1,-1,39.3525,-4.27633,0.015849,8.68e+08,12,125000,1,0,7.64316,1645.83,0,-133.851,-137,1.58106
254575, 666.553, 16, -1,-1,-1,44.9358,4.6114,0.019953,8.68e+08,11,125000,1,0,17.6416,-7012.01,1,-129.901,-135,0.790528
254577, 666.729, 45, -1,-1,-1,50.3904,22.374,0.025119,8.68e+08,10,125000,1,0,17.9551,-19106.5,0,-128.814,-133,0.436224
254589, 666.869, 52, -1,-1,-1,40.5674,33.2068,0.019953,8.68e+08,12,125000,1,0,19.1097,-8394.1,0,-129.517,-137,1.58106
254591, 666.895, 34, -1,-1,-1,46.0916,17.4756,0.025119,8.68e+08,12,125000,1,0,32.4002,-15972.5,0,-125.605,-137,1.58106
254598, 667.187, 12, -1,-1,-1,54.913,-1.85238,0.025119,8.68e+08,10,125000,1,0,3.28225,-13678.5,0,-133.277,-133,0.436224
254600, 667.378, 7, -1,-1,-1,49.8595,17.3781,0.015849,8.68e+08,12,125000,1,0,19.9889,-18023,0,-130.289,-137,1.58106
254602, 667.466, 48, -1,-1,-1,57.3759,11.2263,0.015849,8.68e+08,10,125000,1,0,5.64241,-18092.9,0,-134.493,-133,0.436224
254604, 667.567, 6, -1,-1,-1,58.7446,14.9011,0.015849,8.68e+08,11,125000,1,0,4.54493,-18981.5,0,-134.855,-135,0.790528
254621, 668.734, 58, -1,-1,-1,61.527,-8.14045,0.019953,8.68e+08,11,125000,1,0,-3.59952,-15309.3,0,-136.589,-135,0.790528
254628, 668.94, 22, -1,-1,-1,51.4039,9.10098,0.019953,8.68e+08,10,125000,1,0,12.9853,-15530.6,0,-131.202,-133,0.436224
254645, 669.169, 28, -1,-1,-1,56.8935,12.7001,0.015849,8.68e+08,11,125000,1,0,6.42767,-18377.5,0,-134.237,-135,0.790528
254647, 669.347, 13, -1,-1,-1,56.1471,-3.21172,0.019953,8.68e+08,10,125000,1,0,1.64024,-14065.5,0,-134.827,-133,0.436224
254649, 669.449, 24, -1,-1,-1,48.8042,9.34343,0.025119,8.68e+08,10,125000,1,0,17.4624,-13974.2,0,-128.946,-133,0.436224
254651, 669.539, 30, -1,-1,-1,51.4066,20.2801,0.015849,8.68e+08,10,125000,1,0,15.908,-19160.5,0,-131.367,-133,0.436224
254653, 669.958, 59, -1,-1,-1,70.5782,23.1906,0.015849,8.68e+08,11,125000,1,0,-6.88644,-19668.2,0,-138.669,-135,0.790528
254676, 670.883, 18, -1,-1,-1,40.1886,3.38354,0.019953,8.68e+08,10,125000,1,0,18.2003,176.66,1,-129.753,-133,0.436224
254678, 670.969, 14, -1,-1,-1,53.6396,-5.90614,0.025119,8.68e+08,11,125000,1,0,1.86199,-12070.3,0,-133.753,-135,0.790528
254685, 671.264, 32, -1,-1,-1,51.0548,15.679,0.015849,8.68e+08,11,125000,1,0,16.2777,-18023,0,-131.265,-135,0.790528
254702, 672.133, 54, -1,-1,-1,32.8604,-15.6934,0.025119,8.68e+08,12,125000,1,0,-3.67003,4944.56,0,-135.612,-137,1.58106
254709, 672.492, 1, -1,-1,-1,49.3433,4.02696,0.019953,8.68e+08,11,125000,1,0,11.831,-12112.1,0,-131.546,-135,0.790528
254711, 672.659, 31, -1,-1,-1,53.6944,18.0178,0.019953,8.68e+08,12,125000,1,0,11.5162,-19145.4,0,-131.638,-137,1.58106
254718, 672.736, 43, -1,-1,-1,53.287,23.7311,0.019953,8.68e+08,10,125000,1,0,11.3374,-19768.5,0,-131.692,-133,0.436224
254720, 672.744, 29, -1,-1,-1,52.7683,18.5141,0.019953,8.68e+08,11,125000,1,0,13.0445,-19139.5,0,-131.183,-135,0.790528
254732, 673.136, 5, -1,-1,-1,50.8916,5.95756,0.015849,8.68e+08,12,125000,1,0,11.4513,-14070.1,0,-132.659,-137,1.58106
254734, 673.145, 35, -1,-1,-1,43.0379,25.6615,0.019953,8.68e+08,10,125000,1,0,32.7783,-13980.3,0,-126.536,-133,0.436224
254741, 673.494, 2, -1,-1,-1,54.1874,12.6163,0.025119,8.68e+08,10,125000,1,0,9.74391,-17965.5,0,-131.181,-133,0.436224
254753, 673.663, 49, -1,-1,-1,46.1161,7.79982,0.019953,8.68e+08,11,125000,1,0,20.1022,-10781.7,0,-129.261,-135,0.790528
254756, 674.089, 4, -1,-1,-1,41.1415,14.3884,0.025119,8.68e+08,10,125000,1,0,49.711,-6554.52,1,-123.1,-133,0.436224
254763, 674.375, 11, -1,-1,-1,57.3201,37.6516,0.025119,8.68e+08,11,125000,1,0,1.52254,-19544.9,0,-133.865,-135,0.790528
254770, 674.628, 37, -1,-1,-1,40.5376,22.945,0.025119,8.68e+08,10,125000,1,0,49.7618,-9517.77,0,-123.095,-133,0.436224
254787, 674.876, 15, -1,-1,-1,46.4275,5.27678,0.019953,8.68e+08,12,125000,1,0,16.4101,-9899.76,0,-130.231,-137,1.58106
254794, 675.303, 46, -1,-1,-1,52.8958,29.0093,0.015849,8.68e+08,11,125000,1,0,9.65841,-19587.1,0,-133.208,-135,0.790528
254796, 675.45, 27, -1,-1,-1,51.1796,4.80986,0.015849,8.68e+08,11,125000,1,0,10.1049,-13962.9,0,-133.071,-135,0.790528
254808, 676.108, 39, -1,-1,-1,45.5509,21.6869,0.015849,8.68e+08,10,125000,1,0,30.5337,-17369.2,0,-127.953,-133,0.436224
254815, 676.261, 53, -1,-1,-1,63.3677,-20.5267,0.019953,8.68e+08,12,125000,1,0,-8.52516,-14535.8,0,-138.195,-137,1.58106
254817, 676.431, 33, -1,-1,-1,48.4983,18.9946,0.019953,8.68e+08,12,125000,1,0,22.1972,-18371.4,0,-128.746,-137,1.58106
254820, 676.503, 9, -1,-1,-1,37.2508,22.8773,0.019953,8.68e+08,12,125000,1,0,53.1156,283.29,1,-123.743,-137,1.58106
254832, 677.021, 8, -1,-1,-1,60.2786,11.8187,0.015849,8.68e+08,10,125000,1,0,1.83086,-18778.9,0,-135.76,-133,0.436224
254834, 677.141, 47, -1,-1,-1,61.5463,6.00261,0.015849,8.68e+08,12,125000,1,0,-0.284395,-17936,0,-136.473,-137,1.58106
254837, 677.375, 16, -1,-1,-1,44.9358,4.6114,0.019953,8.68e+08,11,125000,1,0,17.0436,-8059.23,1,-130.059,-135,0.790528
254844, 677.821, 26, -1,-1,-1,46.6423,9.83152,0.015849,8.68e+08,12,125000,1,0,21.3565,-12832.3,0,-129.95,-137,1.58106
254857, 679.245, 50, -1,-1,-1,39.6135,14.146,0.019953,8.68e+08,12,125000,1,0,53.971,-2743.54,1,-123.659,-137,1.58106
254865, 679.43, 57, -1,-1,-1,34.4409,34.819,0.015849,8.68e+08,10,125000,1,0,13.9838,-1119.54,1,-131.913,-133,0.436224
254868, 679.44, 19, -1,-1,-1,39.2054,-0.944952,0.015849,8.68e+08,11,125000,1,0,11.6565,862.809,1,-132.6,-135,0.790528
254886, 680.628, 56, -1,-1,-1,35.9437,14.8854,0.015849,8.68e+08,11,125000,1,0,55.4753,8416.02,1,-124.517,-135,0.790528
254889, 680.888, 34, -1,-1,-1,46.0916,17.4756,0.025119,8.68e+08,12,125000,1,0,29.0623,-16944,1,-126.241,-137,1.58106
254911, 681.892, 22, -1,-1,-1,51.4039,9.10098,0.019953,8.68e+08,10,125000,1,0,11.8375,-15883.6,0,-131.541,-133,0.436224
254918, 682.058, 55, -1,-1,-1,28.1932,-17.432,0.019953,8.68e+08,12,125000,1,0,-6.28867,7147.02,0,-137.472,-137,1.58106
254920, 682.087, 7, -1,-1,-1,49.8595,17.3781,0.015849,8.68e+08,12,125000,1,0,17.8586,-18308.7,0,-130.837,-137,1.58106
254932, 682.435, 48, -1,-1,-1,57.3759,11.2263,0.015849,8.68e+08,10,125000,1,0,4.58173,-18219.8,0,-134.841,-133,0.436224
254944, 682.584, 21, -1,-1,-1,42.7768,-8.93559,0.015849,8.68e+08,10,125000,1,0,3.19895,-2999.89,0,-135.307,-133,0.436224
254946, 682.654, 36, -1,-1,-1,42.449,24.9,0.015849,8.68e+08,12,125000,1,0,34.4208,-13785.8,0,-127.243,-137,1.58106
254948, 682.91, 41, -1,-1,-1,58.2688,24.8952,0.025119,8.68e+08,10,125000,1,0,3.59431,-19993.9,0,-133.168,-133,0.436224
254950, 682.929, 20, -1,-1,-1,38.6376,-10.9667,0.025119,8.68e+08,11,125000,1,0,1.38152,814.171,0,-133.916,-135,0.790528
254957, 682.995, 40, -1,-1,-1,60.9756,22.8199,0.019953,8.68e+08,10,125000,1,0,0.926271,-19892.3,0,-135.063,-133,0.436224
254959, 683.03, 38, -1,-1,-1,46.6514,16.8355,0.025119,8.68e+08,12,125000,1,0,26.4628,-16857.6,0,-126.779,-137,1.58106
254976, 683.381, 3, -1,-1,-1,39.3525,-4.27633,0.015849,8.68e+08,12,125000,1,0,7.712,558.823,0,-133.827,-137,1.58106
254983, 683.602, 42, -1,-1,-1,57.9034,23.4627,0.025119,8.68e+08,10,125000,1,0,4.16744,-19939.5,0,-132.977,-133,0.436224
255000, 683.762, 44, -1,-1,-1,49.9843,31.8509,0.025119,8.68e+08,11,125000,1,0,10.8044,-18368.4,0,-130.854,-135,0.790528
255002, 683.835, 35, -1,-1,-1,43.0379,25.6615,0.019953,8.68e+08,10,125000,1,0,30.4502,-14674.3,0,-126.969,-133,0.436224
255004, 683.979, 29, -1,-1,-1,52.7683,18.5141,0.019953,8.68e+08,11,125000,1,0,11.8332,-19171.1,0,-131.541,-135,0.790528
255006, 684.149, 17, -1,-1,-1,51.1746,0.474538,0.025119,8.68e+08,11,125000,1,0,6.74565,-12615.7,0,-132.134,-135,0.790528
255008, 684.474, 58, -1,-1,-1,61.527,-8.14045,0.019953,8.68e+08,11,125000,1,0,-4.26152,-15492.3,0,-136.807,-135,0.790528
255030, 684.925, 0, -1,-1,-1,50.9975,-0.836329,0.019953,8.68e+08,10,125000,1,0,5.98541,-12132.2,0,-133.382,-133,0.436224
255032, 685.005, 25, -1,-1,-1,47.35,6.57833,0.025119,8.68e+08,10,125000,1,0,15.7627,-12126.1,0,-129.407,-133,0.436224
255040, 685.278, 52, -1,-1,-1,40.5674,33.2068,0.019953,8.68e+08,12,125000,1,0,17.7918,-9904.68,1,-129.859,-137,1.58106
255042, 685.293, 54, -1,-1,-1,32.8604,-15.6934,0.025119,8.68e+08,12,125000,1,0,-3.5035,4536.52,0,-135.556,-137,1.58106
255049, 685.579, 10, -1,-1,-1,28.3922,30.4743,0.025119,8.68e+08,11,125000,1,0,13.8941,8451.56,0,-129.934,-135,0.790528
255051, 685.69, 51, -1,-1,-1,41.1184,27.7906,0.015849,8.68e+08,11,125000,1,0,28.7537,-11489.2,0,-128.304,-135,0.790528
255053, 685.893, 28, -1,-1,-1,56.8935,12.7001,0.015849,8.68e+08,11,125000,1,0,5.18496,-18530.1,0,-134.641,-135,0.790528
255055, 686.183, 32, -1,-1,-1,51.0548,15.679,0.015849,8.68e+08,11,125000,1,0,14.4951,-18278.6,0,-131.761,-135,0.790528
255073, 686.768, 43, -1,-1,-1,53.287,23.7311,0.019953,8.68e+08,10,125000,1,0,9.9179,-19798,1,-132.125,-133,0.436224
255080, 687.081, 1, -1,-1,-1,49.3433,4.02696,0.019953,8.68e+08,11,125000,1,0,10.8638,-12763.8,0,-131.836,-135,0.790528
255097, 687.527, 24, -1,-1,-1,48.8042,9.34343,0.025119,8.68e+08,10,125000,1,0,15.6352,-14825.3,0,-129.441,-133,0.436224
255099, 687.834, 27, -1,-1,-1,51.1796,4.80986,0.015849,8.68e+08,11,125000,1,0,9.2502,-14346.3,0,-133.334,-135,0.790528
255101, 687.849, 12, -1,-1,-1,54.913,-1.85238,0.025119,8.68e+08,10,125000,1,0,2.26724,-14263.3,0,-133.614,-133,0.436224
255108, 688.015, 26, -1,-1,-1,46.6423,9.83152,0.015849,8.68e+08,12,125000,1,0,20.1876,-13358.8,0,-130.237,-137,1.58106
255125, 688.302, 39, -1,-1,-1,45.5509,21.6869,0.015849,8.68e+08,10,125000,1,0,27.6684,-17756.7,0,-128.524,-133,0.436224
255133, 688.528, 37, -1,-1,-1,40.5376,22.945,0.025119,8.68e+08,10,125000,1,0,45.1883,-11406.1,1,-123.635,-133,0.436224
255135, 688.663, 45, -1,-1,-1,50.3904,22.374,0.025119,8.68e+08,10,125000,1,0,15.0077,-19428.1,0,-129.616,-133,0.436224
255137, 688.734, 23, -1,-1,-1,52.7669,10.7089,0.019953,8.68e+08,12,125000,1,0,10.028,-17211.6,0,-132.091,-137,1.58106
255149, 689.294, 8, -1,-1,-1,60.2786,11.8187,0.015849,8.68e+08,10,125000,1,0,1.0696,-18781.9,0,-136.014,-133,0.436224
255152, 689.547, 18, -1,-1,-1,40.1886,3.38354,0.019953,8.68e+08,10,125000,1,0,18.0848,-1639.9,1,-129.78,-133,0.436224
255154, 689.875, 31, -1,-1,-1,53.6944,18.0178,0.019953,8.68e+08,12,125000,1,0,9.82072,-19291.3,0,-132.154,-137,1.58106
255156, 689.904, 33, -1,-1,-1,48.4983,18.9946,0.019953,8.68e+08,12,125000,1,0,19.9836,-18608.4,0,-129.287,-137,1.58106
255183, 690.788, 59, -1,-1,-1,70.5782,23.1906,0.015849,8.68e+08,11,125000,1,0,-7.89651,-19648.7,0,-138.992,-135,0.790528
255195, 691.202, 46, -1,-1,-1,52.8958,29.0093,0.015849,8.68e+08,11,125000,1,0,8.19864,-19664,0,-133.665,-135,0.790528
255197, 691.365, 6, -1,-1,-1,58.7446,14.9011,0.015849,8.68e+08,11,125000,1,0,2.88736,-19180.3,0,-135.403,-135,0.790528
255199, 691.535, 49, -1,-1,-1,46.1161,7.79982,0.019953,8.68e+08,11,125000,1,0,18.451,-12031.6,0,-129.682,-135,0.790528
255211, 692.027, 15, -1,-1,-1,46.4275,5.27678,0.019953,8.68e+08,12,125000,1,0,15.201,-11028.3,0,-130.564,-137,1.58106
255213, 692.305, 30, -1,-1,-1,51.4066,20.2801,0.015849,8.68e+08,10,125000,1,0,13.1491,-19468,0,-132.149,-133,0.436224
255215, 692.568, 53, -1,-1,-1,63.3677,-20.5267,0.019953,8.68e+08,12,125000,1,0,-9.09391,-14690.3,0,-138.373,-137,1.58106
255222, 692.741, 55, -1,-1,-1,28.1932,-17.432,0.019953,8.68e+08,12,125000,1,0,-6.10443,6699.85,0,-137.411,-137,1.58106
255224, 692.768, 11, -1,-1,-1,57.3201,37.6516,0.025119,8.68e+08,11,125000,1,0,0.358456,-19600.2,0,-134.255,-135,0.790528
255246, 693.927, 13, -1,-1,-1,56.1471,-3.21172,0.019953,8.68e+08,10,125000,1,0,0.487007,-14710.7,0,-135.212,-133,0.436224
255248, 694.302, 7, -1,-1,-1,49.8595,17.3781,0.015849,8.68e+08,12,125000,1,0,16.2315,-18703.1,0,-131.274,-137,1.58106
255255, 694.672, 29, -1,-1,-1,52.7683,18.5141,0.019953,8.68e+08,11,125000,1,0,10.7409,-19399.8,0,-131.87,-135,0.790528
255267, 695.081, 5, -1,-1,-1,50.8916,5.95756,0.015849,8.68e+08,12,125000,1,0,9.82293,-14929.9,0,-133.155,-137,1.58106
255280, 695.336, 56, -1,-1,-1,35.9437,14.8854,0.015849,8.68e+08,11,125000,1,0,60.8428,5744.14,1,-124.068,-135,0.790528
255283, 695.359, 52, -1,-1,-1,40.5674,33.2068,0.019953,8.68e+08,12,125000,1,0,17.0258,-10768.4,1,-130.062,-137,1.58106
255290, 695.578, 14, -1,-1,-1,53.6396,-5.90614,0.025119,8.68e+08,11,125000,1,0,0.848668,-12884.3,0,-134.091,-135,0.790528
255292, 695.684, 2, -1,-1,-1,54.1874,12.6163,0.025119,8.68e+08,10,125000,1,0,7.87156,-18339.5,0,-131.768,-133,0.436224
255294, 695.747, 20, -1,-1,-1,38.6376,-10.9667,0.025119,8.68e+08,11,125000,1,0,1.39434,19.2381,0,-133.91,-135,0.790528
255296, 696.305, 19, -1,-1,-1,39.2054,-0.944952,0.015849,8.68e+08,11,125000,1,0,11.6768,-417.317,0,-132.592,-135,0.790528
255303, 696.869, 47, -1,-1,-1,61.5463,6.00261,0.015849,8.68e+08,12,125000,1,0,-1.35677,-18103.2,0,-136.832,-137,1.58106
255310, 697.256, 48, -1,-1,-1,57.3759,11.2263,0.015849,8.68e+08,10,125000,1,0,3.57129,-18534.7,0,-135.174,-133,0.436224
255332, 697.87, 40, -1,-1,-1,60.9756,22.8199,0.019953,8.68e+08,10,125000,1,0,-0.017337,-20055.9,0,-135.379,-133,0.436224
255335, 697.929, 4, -1,-1,-1,41.1415,14.3884,0.025119,8.68e+08,10,125000,1,0,43.619,-10361.3,1,-123.837,-133,0.436224
255343, 698.264, 1, -1,-1,-1,49.3433,4.02696,0.019953,8.68e+08,11,125000,1,0,10.1202,-13398.6,1,-132.063,-135,0.790528
255355, 698.428, 41, -1,-1,-1,58.2688,24.8952,0.025119,8.68e+08,10,125000,1,0,2.49156,-20173.4,0,-133.535,-133,0.436224
255357, 698.631, 28, -1,-1,-1,56.8935,12.7001,0.015849,8.68e+08,11,125000,1,0,4.27747,-18789.2,0,-134.939,-135,0.790528
255360, 698.711, 9, -1,-1,-1,37.2508,22.8773,0.019953,8.68e+08,12,125000,1,0,51.4552,-4237.41,1,-123.909,-137,1.58106
255372, 699.196, 10, -1,-1,-1,28.3922,30.4743,0.025119,8.68e+08,11,125000,1,0,14.5495,7272.58,0,-129.745,-135,0.790528
255379, 699.583, 0, -1,-1,-1,50.9975,-0.836329,0.019953,8.68e+08,10,125000,1,0,5.25461,-12860.7,0,-133.619,-133,0.436224
255386, 699.779, 16, -1,-1,-1,44.9358,4.6114,0.019953,8.68e+08,11,125000,1,0,15.6658,-9790.78,0,-130.433,-135,0.790528
255403, 699.928, 36, -1,-1,-1,42.449,24.9,0.015849,8.68e+08,12,125000,1,0,30.4446,-15358.6,0,-127.967,-137,1.58106
255405, 700.26, 22, -1,-1,-1,51.4039,9.10098,0.019953,8.68e+08,10,125000,1,0,10.2746,-16634,0,-132.013,-133,0.436224
255407, 700.486, 32, -1,-1,-1,51.0548,15.679,0.015849,8.68e+08,11,125000,1,0,12.9079,-18698.8,0,-132.219,-135,0.790528
255419, 700.946, 3, -1,-1,-1,39.3525,-4.27633,0.015849,8.68e+08,12,125000,1,0,7.69507,-826.514,0,-133.83,-137,1.58106
255552, 701.296, 51, -1,-1,-1,41.1184,27.7906,0.015849,8.68e+08,11,125000,1,0,26.377,-12796.7,1,-128.796,-135,0.790528
255554, 701.417, 34, -1,-1,-1,46.0916,17.4756,0.025119,8.68e+08,12,125000,1,0,24.8099,-17789.2,0,-127.137,-137,1.58106
255556, 701.465, 54, -1,-1,-1,32.8604,-15.6934,0.025119,8.68e+08,12,125000,1,0,-3.32223,3732.48,0,-135.494,-137,1.58106
255573, 701.762, 27, -1,-1,-1,51.1796,4.80986,0.015849,8.68e+08,11,125000,1,0,8.30127,-14756.8,0,-133.632,-135,0.790528
255575, 701.978, 44, -1,-1,-1,49.9843,31.8509,0.025119,8.68e+08,11,125000,1,0,9.1322,-18627.4,0,-131.37,-135,0.790528
255582, 702.118, 57, -1,-1,-1,34.4409,34.819,0.015849,8.68e+08,10,125000,1,0,13.6967,-2941.14,0,-131.993,-133,0.436224
255584, 702.304, 17, -1,-1,-1,51.1746,0.474538,0.025119,8.68e+08,11,125000,1,0,5.77115,-13271.7,0,-132.449,-135,0.790528
255587, 702.35, 50, -1,-1,-1,39.6135,14.146,0.019953,8.68e+08,12,125000,1,0,49.6969,-6771.54,1,-124.097,-137,1.58106
255599, 702.503, 21, -1,-1,-1,42.7768,-8.93559,0.015849,8.68e+08,10,125000,1,0,2.93768,-4049.58,0,-135.391,-133,0.436224
255601, 702.832, 12, -1,-1,-1,54.913,-1.85238,0.025119,8.68e+08,10,125000,1,0,1.53442,-14581.8,0,-133.858,-133,0.436224
255603, 703.077, 23, -1,-1,-1,52.7669,10.7089,0.019953,8.68e+08,12,125000,1,0,8.82796,-17443.6,0,-132.463,-137,1.58106
255610, 704.021, 53, -1,-1,-1,63.3677,-20.5267,0.019953,8.68e+08,12,125000,1,0,-9.49359,-14719,0,-138.497,-137,1.58106
255633, 704.587, 37, -1,-1,-1,40.5376,22.945,0.025119,8.68e+08,10,125000,1,0,40.1392,-13209.3,1,-124.324,-133,0.436224
255640, 704.856, 58, -1,-1,-1,61.527,-8.14045,0.019953,8.68e+08,11,125000,1,0,-5.11268,-15765,0,-137.086,-135,0.790528
255642, 704.875, 24, -1,-1,-1,48.8042,9.34343,0.025119,8.68e+08,10,125000,1,0,13.9512,-15499.4,0,-129.915,-133,0.436224
255644, 705.147, 35, -1,-1,-1,43.0379,25.6615,0.019953,8.68e+08,10,125000,1,0,26.2072,-16014,0,-127.831,-133,0.436224
255651, 705.331, 55, -1,-1,-1,28.1932,-17.432,0.019953,8.68e+08,12,125000,1,0,-5.89754,6399.15,0,-137.343,-137,1.58106
255653, 705.736, 42, -1,-1,-1,57.9034,23.4627,0.025119,8.68e+08,10,125000,1,0,2.57556,-20003,0,-133.506,-133,0.436224
255656, 705.744, 38, -1,-1,-1,46.6514,16.8355,0.025119,8.68e+08,12,125000,1,0,22.2917,-17738.3,1,-127.718,-137,1.58106
255683, 706.395, 25, -1,-1,-1,47.35,6.57833,0.025119,8.68e+08,10,125000,1,0,14.007,-13315.8,0,-129.9,-133,0.436224
255685, 706.674, 14, -1,-1,-1,53.6396,-5.90614,0.025119,8.68e+08,11,125000,1,0,0.386455,-13097.1,0,-134.245,-135,0.790528
255687, 706.697, 13, -1,-1,-1,56.1471,-3.21172,0.019953,8.68e+08,10,125000,1,0,-0.108803,-14906,0,-135.411,-133,0.436224
255689, 706.716, 39, -1,-1,-1,45.5509,21.6869,0.015849,8.68e+08,10,125000,1,0,23.8938,-18328.5,0,-129.344,-133,0.436224
255696, 707.811, 7, -1,-1,-1,49.8595,17.3781,0.015849,8.68e+08,12,125000,1,0,14.5625,-18851.5,0,-131.739,-137,1.58106
255698, 707.822, 11, -1,-1,-1,57.3201,37.6516,0.025119,8.68e+08,11,125000,1,0,-0.558637,-19598.6,0,-134.562,-135,0.790528
255725, 708.498, 43, -1,-1,-1,53.287,23.7311,0.019953,8.68e+08,10,125000,1,0,7.89507,-19929.3,0,-132.758,-133,0.436224
255727, 708.767, 29, -1,-1,-1,52.7683,18.5141,0.019953,8.68e+08,11,125000,1,0,9.3818,-19457.1,0,-132.288,-135,0.790528
255735, 708.855, 18, -1,-1,-1,40.1886,3.38354,0.019953,8.68e+08,10,125000,1,0,17.6997,-3488.59,1,-129.879,-133,0.436224
255737, 709.455, 31, -1,-1,-1,53.6944,18.0178,0.019953,8.68e+08,12,125000,1,0,8.04128,-19447.1,0,-132.711,-137,1.58106
255739, 709.46, 26, -1,-1,-1,46.6423,9.83152,0.015849,8.68e+08,12,125000,1,0,17.7903,-14569.7,0,-130.852,-137,1.58106
255751, 710.383, 52, -1,-1,-1,40.5674,33.2068,0.019953,8.68e+08,12,125000,1,0,15.8481,-11747,0,-130.382,-137,1.58106
255759, 710.455, 46, -1,-1,-1,52.8958,29.0093,0.015849,8.68e+08,11,125000,1,0,6.55315,-19770.5,1,-134.191,-135,0.790528
255781, 711.015, 22, -1,-1,-1,51.4039,9.10098,0.019953,8.68e+08,10,125000,1,0,9.39436,-16800,0,-132.285,-133,0.436224
255788, 711.449, 47, -1,-1,-1,61.5463,6.00261,0.015849,8.68e+08,12,125000,1,0,-2.12902,-18153.9,0,-137.09,-137,1.58106
255795, 711.83, 45, -1,-1,-1,50.3904,22.374,0.025119,8.68e+08,10,125000,1,0,12.2929,-19692,0,-130.399,-133,0.436224
255797, 711.971, 8, -1,-1,-1,60.2786,11.8187,0.015849,8.68e+08,10,125000,1,0,-0.28604,-18940.2,0,-136.468,-133,0.436224
255799, 711.974, 34, -1,-1,-1,46.0916,17.4756,0.025119,8.68e+08,12,125000,1,0,22.8766,-18000.7,0,-127.579,-137,1.58106
255801, 712.201, 54, -1,-1,-1,32.8604,-15.6934,0.025119,8.68e+08,12,125000,1,0,-3.21664,3425.59,0,-135.458,-137,1.58106
255808, 712.245, 36, -1,-1,-1,42.449,24.9,0.015849,8.68e+08,12,125000,1,0,27.858,-16005.4,0,-128.482,-137,1.58106
255815, 712.432, 33, -1,-1,-1,48.4983,18.9946,0.019953,8.68e+08,12,125000,1,0,16.7184,-19056.7,0,-130.138,-137,1.58106
255818, 712.715, 4, -1,-1,-1,41.1415,14.3884,0.025119,8.68e+08,10,125000,1,0,39.6214,-12097.4,1,-124.4,-133,0.436224
255830, 713.021, 59, -1,-1,-1,70.5782,23.1906,0.015849,8.68e+08,11,125000,1,0,-8.94699,-19635.3,0,-139.323,-135,0.790528
255842, 713.198, 41, -1,-1,-1,58.2688,24.8952,0.025119,8.68e+08,10,125000,1,0,1.4875,-20136,0,-133.87,-133,0.436224
255859, 713.831, 6, -1,-1,-1,58.7446,14.9011,0.015849,8.68e+08,11,125000,1,0,1.41549,-19320.3,0,-135.894,-135,0.790528
255861, 713.909, 30, -1,-1,-1,51.4066,20.2801,0.015849,8.68e+08,10,125000,1,0,10.8316,-19678.1,0,-132.839,-133,0.436224
255864, 713.987, 19, -1,-1,-1,39.2054,-0.944952,0.015849,8.68e+08,11,125000,1,0,11.57,-1767.68,1,-132.621,-135,0.790528
255866, 714.03, 0, -1,-1,-1,50.9975,-0.836329,0.019953,8.68e+08,10,125000,1,0,4.529,-13303.2,0,-133.856,-133,0.436224
255869, 714.58, 50, -1,-1,-1,39.6135,14.146,0.019953,8.68e+08,12,125000,1,0,46.5319,-9019.39,1,-124.463,-137,1.58106
255876, 714.886, 5, -1,-1,-1,50.8916,5.95756,0.015849,8.68e+08,12,125000,1,0,8.39566,-15563,0,-133.599,-137,1.58106
255893, 716.376, 15, -1,-1,-1,46.4275,5.27678,0.019953,8.68e+08,12,125000,1,0,13.4189,-12510.9,0,-131.069,-137,1.58106
255895, 716.378, 49, -1,-1,-1,46.1161,7.79982,0.019953,8.68e+08,11,125000,1,0,16.135,-13575.8,0,-130.299,-135,0.790528
255902, 716.902, 10, -1,-1,-1,28.3922,30.4743,0.025119,8.68e+08,11,125000,1,0,15.2929,5833.36,0,-129.533,-135,0.790528
255910, 717.39, 56, -1,-1,-1,35.9437,14.8854,0.015849,8.68e+08,11,125000,1,0,65.7398,872.19,1,-123.73,-135,0.790528
255928, 717.772, 9, -1,-1,-1,37.2508,22.8773,0.019953,8.68e+08,12,125000,1,0,47.5875,-7671.53,1,-124.336,-137,1.58106
255930, 717.91, 1, -1,-1,-1,49.3433,4.02696,0.019953,8.68e+08,11,125000,1,0,8.81966,-14178.7,0,-132.466,-135,0.790528
255932, 717.966, 40, -1,-1,-1,60.9756,22.8199,0.019953,8.68e+08,10,125000,1,0,-1.24056,-20064.3,0,-135.789,-133,0.436224
255934, 718.011, 2, -1,-1,-1,54.1874,12.6163,0.025119,8.68e+08,10,125000,1,0,6.12024,-18643.4,0,-132.33,-133,0.436224
255937, 718.012, 35, -1,-1,-1,43.0379,25.6615,0.019953,8.68e+08,10,125000,1,0,23.9004,-16800.9,1,-128.342,-133,0.436224
255954, 718.825, 28, -1,-1,-1,56.8935,12.7001,0.015849,8.68e+08,11,125000,1,0,2.901,-18954.9,0,-135.395,-135,0.790528
255956, 718.849, 17, -1,-1,-1,51.1746,0.474538,0.025119,8.68e+08,11,125000,1,0,4.88196,-14011.3,0,-132.739,-135,0.790528
255958, 718.88, 14, -1,-1,-1,53.6396,-5.90614,0.025119,8.68e+08,11,125000,1,0,-0.124457,-13557,0,-134.416,-135,0.790528
255971, 719.434, 57, -1,-1,-1,34.4409,34.819,0.015849,8.68e+08,10,125000,1,0,13.3046,-4569.03,1,-132.105,-133,0.436224
255978, 719.75, 13, -1,-1,-1,56.1471,-3.21172,0.019953,8.68e+08,10,125000,1,0,-0.714524,-15309.6,0,-135.614,-133,0.436224
255981, 720.517, 20, -1,-1,-1,38.6376,-10.9667,0.025119,8.68e+08,11,125000,1,0,1.3422,-1282.42,1,-133.925,-135,0.790528
255988, 721.302, 48, -1,-1,-1,57.3759,11.2263,0.015849,8.68e+08,10,125000,1,0,2.00749,-18573.5,0,-135.694,-133,0.436224
256020, 722.873, 29, -1,-1,-1,52.7683,18.5141,0.019953,8.68e+08,11,125000,1,0,8.10278,-19495.6,0,-132.69,-135,0.790528
256022, 722.97, 55, -1,-1,-1,28.1932,-17.432,0.019953,8.68e+08,12,125000,1,0,-5.62722,5864.92,0,-137.254,-137,1.58106
256034, 723.071, 42, -1,-1,-1,57.9034,23.4627,0.025119,8.68e+08,10,125000,1,0,1.39951,-19995.9,0,-133.898,-133,0.436224
256056, 723.592, 34, -1,-1,-1,46.0916,17.4756,0.025119,8.68e+08,12,125000,1,0,20.918,-18210.4,0,-128.048,-137,1.58106
256058, 723.685, 3, -1,-1,-1,39.3525,-4.27633,0.015849,8.68e+08,12,125000,1,0,7.54,-2125.81,0,-133.876,-137,1.58106
256061, 723.692, 18, -1,-1,-1,40.1886,3.38354,0.019953,8.68e+08,10,125000,1,0,17.235,-4792.22,1,-130.001,-133,0.436224
256064, 723.825, 51, -1,-1,-1,41.1184,27.7906,0.015849,8.68e+08,11,125000,1,0,23.051,-14418.7,1,-129.538,-135,0.790528
256071, 724.25, 32, -1,-1,-1,51.0548,15.679,0.015849,8.68e+08,11,125000,1,0,10.497,-18848.8,0,-132.94,-135,0.790528
256078, 724.35, 16, -1,-1,-1,44.9358,4.6114,0.019953,8.68e+08,11,125000,1,0,14.0123,-11204.3,0,-130.897,-135,0.790528
256085, 724.444, 54, -1,-1,-1,32.8604,-15.6934,0.025119,8.68e+08,12,125000,1,0,-3.11104,3034.82,0,-135.422,-137,1.58106
256092, 724.63, 7, -1,-1,-1,49.8595,17.3781,0.015849,8.68e+08,12,125000,1,0,12.6503,-19047.1,0,-132.291,-137,1.58106
256114, 724.889, 39, -1,-1,-1,45.5509,21.6869,0.015849,8.68e+08,10,125000,1,0,20.6924,-18745.5,0,-130.104,-133,0.436224
256121, 725.154, 31, -1,-1,-1,53.6944,18.0178,0.019953,8.68e+08,12,125000,1,0,6.71227,-19503.9,0,-133.136,-137,1.58106
256123, 725.205, 21, -1,-1,-1,42.7768,-8.93559,0.015849,8.68e+08,10,125000,1,0,2.55692,-5235.04,0,-135.516,-133,0.436224
256130, 725.455, 58, -1,-1,-1,61.527,-8.14045,0.019953,8.68e+08,11,125000,1,0,-5.96539,-16011.2,0,-137.364,-135,0.790528
256132, 725.521, 46, -1,-1,-1,52.8958,29.0093,0.015849,8.68e+08,11,125000,1,0,5.34609,-19791.9,0,-134.583,-135,0.790528
256134, 725.557, 27, -1,-1,-1,51.1796,4.80986,0.015849,8.68e+08,11,125000,1,0,6.71738,-15511.4,0,-134.136,-135,0.790528
256141, 725.58, 23, -1,-1,-1,52.7669,10.7089,0.019953,8.68e+08,12,125000,1,0,7.04716,-17861.4,0,-133.028,-137,1.58106
256153, 725.702, 24, -1,-1,-1,48.8042,9.34343,0.025119,8.68e+08,10,125000,1,0,12.0292,-16214.1,0,-130.476,-133,0.436224
256155, 725.911, 52, -1,-1,-1,40.5674,33.2068,0.019953,8.68e+08,12,125000,1,0,14.6073,-12647.2,0,-130.728,-137,1.58106
256157, 725.971, 33, -1,-1,-1,48.4983,18.9946,0.019953,8.68e+08,12,125000,1,0,14.9723,-19174.4,0,-130.62,-137,1.58106
256159, 726.03, 12, -1,-1,-1,54.913,-1.85238,0.025119,8.68e+08,10,125000,1,0,0.408916,-15132.6,0,-134.234,-133,0.436224
256166, 726.118, 25, -1,-1,-1,47.35,6.57833,0.025119,8.68e+08,10,125000,1,0,12.4068,-14222.7,0,-130.365,-133,0.436224
256168, 726.349, 44, -1,-1,-1,49.9843,31.8509,0.025119,8.68e+08,11,125000,1,0,7.06623,-18963.2,0,-132.024,-135,0.790528
256170, 726.527, 37, -1,-1,-1,40.5376,22.945,0.025119,8.68e+08,10,125000,1,0,33.989,-15154.2,0,-125.311,-133,0.436224
256187, 726.726, 53, -1,-1,-1,63.3677,-20.5267,0.019953,8.68e+08,12,125000,1,0,-10.286,-14984.9,0,-138.741,-137,1.58106
256194, 727.089, 8, -1,-1,-1,60.2786,11.8187,0.015849,8.68e+08,10,125000,1,0,-1.15641,-18959.3,0,-136.76,-133,0.436224
256201, 728.185, 38, -1,-1,-1,46.6514,16.8355,0.025119,8.68e+08,12,125000,1,0,18.7792,-18368.4,0,-128.588,-137,1.58106
256203, 728.267, 36, -1,-1,-1,42.449,24.9,0.015849,8.68e+08,12,125000,1,0,24.7929,-16752.7,0,-129.138,-137,1.58106
256215, 728.402, 47, -1,-1,-1,61.5463,6.00261,0.015849,8.68e+08,12,125000,1,0,-3.00679,-18230.6,0,-137.382,-137,1.58106
256217, 728.763, 22, -1,-1,-1,51.4039,9.10098,0.019953,8.68e+08,10,125000,1,0,7.99617,-17168.1,0,-132.723,-133,0.436224
256225, 729.139, 17, -1,-1,-1,51.1746,0.474538,0.025119,8.68e+08,11,125000,1,0,4.33041,-14216.3,1,-132.92,-135,0.790528
256232, 729.213, 26, -1,-1,-1,46.6423,9.83152,0.015849,8.68e+08,12,125000,1,0,15.6872,-15454.8,0,-131.42,-137,1.58106
256239, 729.522, 35, -1,-1,-1,43.0379,25.6615,0.019953,8.68e+08,10,125000,1,0,21.9881,-17162.8,0,-128.788,-133,0.436224
256247, 729.607, 4, -1,-1,-1,41.1415,14.3884,0.025119,8.68e+08,10,125000,1,0,35.2564,-13730.2,1,-125.091,-133,0.436224
256249, 729.668, 45, -1,-1,-1,50.3904,22.374,0.025119,8.68e+08,10,125000,1,0,10.4226,-19800.1,0,-130.962,-133,0.436224
256252, 730.364, 56, -1,-1,-1,35.9437,14.8854,0.015849,8.68e+08,11,125000,1,0,65.2704,-1933.03,1,-123.757,-135,0.790528
256264, 731.687, 6, -1,-1,-1,58.7446,14.9011,0.015849,8.68e+08,11,125000,1,0,0.301373,-19369,0,-136.267,-135,0.790528
256266, 732.161, 11, -1,-1,-1,57.3201,37.6516,0.025119,8.68e+08,11,125000,1,0,-1.98131,-19693.6,0,-135.039,-135,0.790528
256283, 733.116, 43, -1,-1,-1,53.287,23.7311,0.019953,8.68e+08,10,125000,1,0,5.81513,-20066.3,0,-133.427,-133,0.436224
256285, 733.452, 40, -1,-1,-1,60.9756,22.8199,0.019953,8.68e+08,10,125000,1,0,-2.1472,-20018.2,0,-136.092,-133,0.436224
256297, 733.668, 29, -1,-1,-1,52.7683,18.5141,0.019953,8.68e+08,11,125000,1,0,7.17263,-19677.7,0,-132.986,-135,0.790528
256319, 734.39, 59, -1,-1,-1,70.5782,23.1906,0.015849,8.68e+08,11,125000,1,0,-9.93253,-19608,0,-139.629,-135,0.790528
256321, 734.449, 16, -1,-1,-1,44.9358,4.6114,0.019953,8.68e+08,11,125000,1,0,13.3086,-11918.3,0,-131.099,-135,0.790528
256323, 734.465, 19, -1,-1,-1,39.2054,-0.944952,0.015849,8.68e+08,11,125000,1,0,11.2871,-3341.51,0,-132.704,-135,0.790528
256325, 734.738, 28, -1,-1,-1,56.8935,12.7001,0.015849,8.68e+08,11,125000,1,0,1.8647,-19019.2,0,-135.74,-135,0.790528
256338, 734.925, 10, -1,-1,-1,28.3922,30.4743,0.025119,8.68e+08,11,125000,1,0,15.8955,4262.06,1,-129.363,-135,0.790528
256340, 735.247, 41, -1,-1,-1,58.2688,24.8952,0.025119,8.68e+08,10,125000,1,0,0.06092,-20166.2,0,-134.348,-133,0.436224
256342, 735.419, 15, -1,-1,-1,46.4275,5.27678,0.019953,8.68e+08,12,125000,1,0,12.0103,-13445.7,0,-131.482,-137,1.58106
256375, 736.409, 50, -1,-1,-1,39.6135,14.146,0.019953,8.68e+08,12,125000,1,0,40.5018,-11975.3,1,-125.266,-137,1.58106
256382, 736.641, 0, -1,-1,-1,50.9975,-0.836329,0.019953,8.68e+08,10,125000,1,0,3.39013,-14039,0,-134.232,-133,0.436224
256384, 736.683, 49, -1,-1,-1,46.1161,7.79982,0.019953,8.68e+08,11,125000,1,0,14.2793,-14566.2,0,-130.817,-135,0.790528
256387, 736.75, 18, -1,-1,-1,40.1886,3.38354,0.019953,8.68e+08,10,125000,1,0,16.719,-6120.98,1,-130.138,-133,0.436224
256394, 737.009, 48, -1,-1,-1,57.3759,11.2263,0.015849,8.68e+08,10,125000,1,0,1.03144,-18851.2,0,-136.02,-133,0.436224
256401, 737.182, 33, -1,-1,-1,48.4983,18.9946,0.019953,8.68e+08,12,125000,1,0,13.6291,-19439.2,0,-131.003,-137,1.58106
256408, 737.287, 52, -1,-1,-1,40.5674,33.2068,0.019953,8.68e+08,12,125000,1,0,13.6944,-13382.7,0,-130.989,-137,1.58106
256410, 737.563, 14, -1,-1,-1,53.6396,-5.90614,0.025119,8.68e+08,11,125000,1,0,-0.909589,-13997.9,0,-134.678,-135,0.790528
256417, 737.895, 7, -1,-1,-1,49.8595,17.3781,0.015849,8.68e+08,12,125000,1,0,11.2542,-19346.8,0,-132.707,-137,1.58106
256434, 738.047, 20, -1,-1,-1,38.6376,-10.9667,0.025119,8.68e+08,11,125000,1,0,1.24458,-2128.66,0,-133.956,-135,0.790528
256446, 738.399, 39, -1,-1,-1,45.5509,21.6869,0.015849,8.68e+08,10,125000,1,0,18.5829,-19166.3,0,-130.638,-133,0.436224
256448, 738.519, 30, -1,-1,-1,51.4066,20.2801,0.015849,8.68e+08,10,125000,1,0,8.47199,-19886,0,-133.57,-133,0.436224
256450, 738.739, 25, -1,-1,-1,47.35,6.57833,0.025119,8.68e+08,10,125000,1,0,11.4024,-14879.8,0,-130.664,-133,0.436224
256453, 738.751, 9, -1,-1,-1,37.2508,22.8773,0.019953,8.68e+08,12,125000,1,0,42.1861,-10814,1,-125.026,-137,1.58106
256475, 739.295, 12, -1,-1,-1,54.913,-1.85238,0.025119,8.68e+08,10,125000,1,0,-0.228403,-15539.7,0,-134.447,-133,0.436224
256477, 739.33, 55, -1,-1,-1,28.1932,-17.432,0.019953,8.68e+08,12,125000,1,0,-5.39799,5134.32,0,-137.178,-137,1.58106
256484, 739.546, 23, -1,-1,-1,52.7669,10.7089,0.019953,8.68e+08,12,125000,1,0,5.99923,-18214.7,0,-133.366,-137,1.58106
256486, 739.551, 5, -1,-1,-1,50.8916,5.95756,0.015849,8.68e+08,12,125000,1,0,6.68288,-16273.6,0,-134.145,-137,1.58106
256498, 739.881, 37, -1,-1,-1,40.5376,22.945,0.025119,8.68e+08,10,125000,1,0,30.7033,-16225.1,0,-125.91,-133,0.436224
256500, 739.929, 32, -1,-1,-1,51.0548,15.679,0.015849,8.68e+08,11,125000,1,0,9.03854,-19196.1,0,-133.391,-135,0.790528
256507, 740.105, 21, -1,-1,-1,42.7768,-8.93559,0.015849,8.68e+08,10,125000,1,0,2.26272,-6134.1,0,-135.613,-133,0.436224
256514, 740.314, 8, -1,-1,-1,60.2786,11.8187,0.015849,8.68e+08,10,125000,1,0,-1.89798,-19149.1,0,-137.008,-133,0.436224
256516, 740.442, 38, -1,-1,-1,46.6514,16.8355,0.025119,8.68e+08,12,125000,1,0,17.0686,-18772.7,0,-129.039,-137,1.58106
256518, 740.507, 2, -1,-1,-1,54.1874,12.6163,0.025119,8.68e+08,10,125000,1,0,4.47172,-18679.1,0,-132.868,-133,0.436224
256520, 740.686, 3, -1,-1,-1,39.3525,-4.27633,0.015849,8.68e+08,12,125000,1,0,7.32901,-3433.52,0,-133.942,-137,1.58106
256528, 740.99, 1, -1,-1,-1,49.3433,4.02696,0.019953,8.68e+08,11,125000,1,0,7.3149,-14770.6,1,-132.941,-135,0.790528
256555, 741.378, 57, -1,-1,-1,34.4409,34.819,0.015849,8.68e+08,10,125000,1,0,12.6179,-6152.96,0,-132.304,-133,0.436224
256557, 741.485, 13, -1,-1,-1,56.1471,-3.21172,0.019953,8.68e+08,10,125000,1,0,-1.71445,-15497.6,0,-135.948,-133,0.436224
256559, 741.644, 42, -1,-1,-1,57.9034,23.4627,0.025119,8.68e+08,10,125000,1,0,0.198806,-19992.7,0,-134.301,-133,0.436224
256561, 741.712, 45, -1,-1,-1,50.3904,22.374,0.025119,8.68e+08,10,125000,1,0,9.24934,-19787.1,0,-131.325,-133,0.436224
256563, 742.128, 51, -1,-1,-1,41.1184,27.7906,0.015849,8.68e+08,11,125000,1,0,20.5128,-15413.5,0,-130.148,-135,0.790528
256575, 742.593, 26, -1,-1,-1,46.6423,9.83152,0.015849,8.68e+08,12,125000,1,0,14.3284,-15880.2,0,-131.801,-137,1.58106
256587, 743.345, 27, -1,-1,-1,51.1796,4.80986,0.015849,8.68e+08,11,125000,1,0,5.56807,-15936.9,0,-134.508,-135,0.790528
256589, 743.564, 35, -1,-1,-1,43.0379,25.6615,0.019953,8.68e+08,10,125000,1,0,19.8319,-17571.7,0,-129.318,-133,0.436224
256591, 743.805, 53, -1,-1,-1,63.3677,-20.5267,0.019953,8.68e+08,12,125000,1,0,-10.8817,-15108.4,0,-138.923,-137,1.58106
256608, 744.808, 36, -1,-1,-1,42.449,24.9,0.015849,8.68e+08,12,125000,1,0,21.9527,-17364.4,0,-129.794,-137,1.58106
256610, 745.063, 11, -1,-1,-1,57.3201,37.6516,0.025119,8.68e+08,11,125000,1,0,-2.70861,-19644.6,0,-135.281,-135,0.790528
256627, 746.248, 54, -1,-1,-1,32.8604,-15.6934,0.025119,8.68e+08,12,125000,1,0,-2.96322,2141.28,0,-135.371,-137,1.58106
256629, 746.268, 31, -1,-1,-1,53.6944,18.0178,0.019953,8.68e+08,12,125000,1,0,5.04143,-19625.3,0,-133.679,-137,1.58106
256631, 746.449, 58, -1,-1,-1,61.527,-8.14045,0.019953,8.68e+08,11,125000,1,0,-6.82627,-16236.6,0,-137.642,-135,0.790528
256633, 746.663, 34, -1,-1,-1,46.0916,17.4756,0.025119,8.68e+08,12,125000,1,0,17.4708,-18750.6,0,-128.93,-137,1.58106
256641, 746.997, 17, -1,-1,-1,51.1746,0.474538,0.025119,8.68e+08,11,125000,1,0,3.37882,-14689.6,1,-133.234,-135,0.790528
256648, 747.396, 22, -1,-1,-1,51.4039,9.10098,0.019953,8.68e+08,10,125000,1,0,6.59737,-17502,0,-133.171,-133,0.436224
256670, 748.242, 59, -1,-1,-1,70.5782,23.1906,0.015849,8.68e+08,11,125000,1,0,-10.56,-19510.4,0,-139.822,-135,0.790528
256673, 748.661, 24, -1,-1,-1,48.8042,9.34343,0.025119,8.68e+08,10,125000,1,0,10.0377,-16875.5,1,-131.079,-133,0.436224
256675, 748.856, 33, -1,-1,-1,48.4983,18.9946,0.019953,8.68e+08,12,125000,1,0,12.3168,-19465.7,0,-131.386,-137,1.58106
256677, 748.973, 46, -1,-1,-1,52.8958,29.0093,0.015849,8.68e+08,11,125000,1,0,3.58646,-19909.3,0,-135.163,-135,0.790528
256684, 749.086, 47, -1,-1,-1,61.5463,6.00261,0.015849,8.68e+08,12,125000,1,0,-4.05062,-18349.8,0,-137.728,-137,1.58106
256702, 749.847, 4, -1,-1,-1,41.1415,14.3884,0.025119,8.68e+08,10,125000,1,0,30.5118,-15279.6,1,-125.945,-133,0.436224
256709, 750.326, 6, -1,-1,-1,58.7446,14.9011,0.015849,8.68e+08,11,125000,1,0,-0.815417,-19412.8,0,-136.642,-135,0.790528
256711, 750.338, 28, -1,-1,-1,56.8935,12.7001,0.015849,8.68e+08,11,125000,1,0,0.885945,-19061.7,0,-136.068,-135,0.790528
256713, 750.593, 55, -1,-1,-1,28.1932,-17.432,0.019953,8.68e+08,12,125000,1,0,-5.2528,4856.65,0,-137.129,-137,1.58106
256730, 750.908, 44, -1,-1,-1,49.9843,31.8509,0.025119,8.68e+08,11,125000,1,0,5.15208,-19230.6,0,-132.645,-135,0.790528
256862, 751.124, 21, -1,-1,-1,42.7768,-8.93559,0.015849,8.68e+08,10,125000,1,0,2.02432,-6551.95,0,-135.691,-133,0.436224
256864, 751.44, 43, -1,-1,-1,53.287,23.7311,0.019953,8.68e+08,10,125000,1,0,4.38653,-20095.5,0,-133.895,-133,0.436224
256866, 751.46, 48, -1,-1,-1,57.3759,11.2263,0.015849,8.68e+08,10,125000,1,0,0.161911,-18881,0,-136.312,-133,0.436224
256883, 752.313, 5, -1,-1,-1,50.8916,5.95756,0.015849,8.68e+08,12,125000,1,0,5.82603,-16484.9,0,-134.422,-137,1.58106
256885, 752.391, 10, -1,-1,-1,28.3922,30.4743,0.025119,8.68e+08,11,125000,1,0,16.3046,2667.51,0,-129.249,-135,0.790528
256888, 752.475, 9, -1,-1,-1,37.2508,22.8773,0.019953,8.68e+08,12,125000,1,0,38.561,-12356.9,1,-125.555,-137,1.58106
256900, 752.663, 20, -1,-1,-1,38.6376,-10.9667,0.025119,8.68e+08,11,125000,1,0,1.12555,-2787.47,0,-133.995,-135,0.790528
256903, 752.946, 56, -1,-1,-1,35.9437,14.8854,0.015849,8.68e+08,11,125000,1,0,59.1286,-6803.61,1,-124.191,-135,0.790528
256905, 752.973, 30, -1,-1,-1,51.4066,20.2801,0.015849,8.68e+08,10,125000,1,0,7.1999,-19899.1,0,-133.975,-133,0.436224
256912, 753.379, 14, -1,-1,-1,53.6396,-5.90614,0.025119,8.68e+08,11,125000,1,0,-1.57536,-14302.6,0,-134.901,-135,0.790528
256919, 753.838, 12, -1,-1,-1,54.913,-1.85238,0.025119,8.68e+08,10,125000,1,0,-0.921113,-15742.9,0,-134.679,-133,0.436224
256922, 753.972, 16, -1,-1,-1,44.9358,4.6114,0.019953,8.68e+08,11,125000,1,0,11.9313,-12931.5,1,-131.503,-135,0.790528
256944, 755.556, 15, -1,-1,-1,46.4275,5.27678,0.019953,8.68e+08,12,125000,1,0,10.5335,-14305.3,0,-131.927,-137,1.58106
256946, 755.616, 39, -1,-1,-1,45.5509,21.6869,0.015849,8.68e+08,10,125000,1,0,16.1669,-19391.2,0,-131.283,-133,0.436224
256958, 756.455, 7, -1,-1,-1,49.8595,17.3781,0.015849,8.68e+08,12,125000,1,0,9.44247,-19501,0,-133.262,-137,1.58106
256965, 757.064, 50, -1,-1,-1,39.6135,14.146,0.019953,8.68e+08,12,125000,1,0,35.0658,-14050.6,0,-126.119,-137,1.58106
256973, 757.129, 19, -1,-1,-1,39.2054,-0.944952,0.015849,8.68e+08,11,125000,1,0,10.7891,-5041.22,1,-132.852,-135,0.790528
256975, 757.183, 40, -1,-1,-1,60.9756,22.8199,0.019953,8.68e+08,10,125000,1,0,-3.48339,-20044.4,0,-136.537,-133,0.436224
256997, 757.5, 13, -1,-1,-1,56.1471,-3.21172,0.019953,8.68e+08,10,125000,1,0,-2.44359,-15927.8,0,-136.191,-133,0.436224
257009, 757.977, 32, -1,-1,-1,51.0548,15.679,0.015849,8.68e+08,11,125000,1,0,7.47003,-19337.9,0,-133.887,-135,0.790528
257011, 758.03, 34, -1,-1,-1,46.0916,17.4756,0.025119,8.68e+08,12,125000,1,0,15.9538,-19078.7,0,-129.341,-137,1.58106
257013, 758.085, 41, -1,-1,-1,58.2688,24.8952,0.025119,8.68e+08,10,125000,1,0,-1.33798,-20191.7,0,-134.817,-133,0.436224
257015, 758.116, 29, -1,-1,-1,52.7683,18.5141,0.019953,8.68e+08,11,125000,1,0,5.20091,-19841.5,0,-133.625,-135,0.790528
257017, 758.14, 1, -1,-1,-1,49.3433,4.02696,0.019953,8.68e+08,11,125000,1,0,6.22021,-15466.5,0,-133.293,-135,0.790528
257019, 758.367, 17, -1,-1,-1,51.1746,0.474538,0.025119,8.68e+08,11,125000,1,0,2.77788,-15102,0,-133.433,-135,0.790528
257052, 758.832, 18, -1,-1,-1,40.1886,3.38354,0.019953,8.68e+08,10,125000,1,0,15.6567,-7960.52,1,-130.427,-133,0.436224
257054, 759.02, 45, -1,-1,-1,50.3904,22.374,0.025119,8.68e+08,10,125000,1,0,7.67118,-20051.7,0,-131.823,-133,0.436224
257056, 759.024, 53, -1,-1,-1,63.3677,-20.5267,0.019953,8.68e+08,12,125000,1,0,-11.412,-15417.1,0,-139.083,-137,1.58106
257058, 759.138, 0, -1,-1,-1,50.9975,-0.836329,0.019953,8.68e+08,10,125000,1,0,2.26085,-14676.8,0,-134.607,-133,0.436224
257075, 760.078, 36, -1,-1,-1,42.449,24.9,0.015849,8.68e+08,12,125000,1,0,19.5883,-18030.1,0,-130.377,-137,1.58106
257077, 760.101, 38, -1,-1,-1,46.6514,16.8355,0.025119,8.68e+08,12,125000,1,0,14.5773,-19093,0,-129.727,-137,1.58106
257079, 760.229, 11, -1,-1,-1,57.3201,37.6516,0.025119,8.68e+08,11,125000,1,0,-3.5421,-19806.6,0,-135.558,-135,0.790528
257096, 760.389, 52, -1,-1,-1,40.5674,33.2068,0.019953,8.68e+08,12,125000,1,0,11.8566,-14505.1,0,-131.527,-137,1.58106
257103, 760.656, 27, -1,-1,-1,51.1796,4.80986,0.015849,8.68e+08,11,125000,1,0,4.47963,-16508.3,0,-134.865,-135,0.790528
257105, 760.754, 25, -1,-1,-1,47.35,6.57833,0.025119,8.68e+08,10,125000,1,0,9.69833,-15430.7,0,-131.183,-133,0.436224
257112, 760.797, 2, -1,-1,-1,54.1874,12.6163,0.025119,8.68e+08,10,125000,1,0,3.07128,-18844.7,0,-133.332,-133,0.436224
257114, 760.825, 49, -1,-1,-1,46.1161,7.79982,0.019953,8.68e+08,11,125000,1,0,12.1564,-15333.6,0,-131.434,-135,0.790528
257117, 761.214, 37, -1,-1,-1,40.5376,22.945,0.025119,8.68e+08,10,125000,1,0,26.1101,-17033.8,1,-126.843,-133,0.436224
257124, 761.947, 23, -1,-1,-1,52.7669,10.7089,0.019953,8.68e+08,12,125000,1,0,4.40054,-18294.9,0,-133.89,-137,1.58106
257126, 762.069, 3, -1,-1,-1,39.3525,-4.27633,0.015849,8.68e+08,12,125000,1,0,6.9554,-4558.92,0,-134.06,-137,1.58106
257129, 762.134, 57, -1,-1,-1,34.4409,34.819,0.015849,8.68e+08,10,125000,1,0,11.8046,-7695.14,1,-132.544,-133,0.436224
257146, 763.044, 6, -1,-1,-1,58.7446,14.9011,0.015849,8.68e+08,11,125000,1,0,-1.55306,-19368.1,0,-136.889,-135,0.790528
257154, 763.635, 51, -1,-1,-1,41.1184,27.7906,0.015849,8.68e+08,11,125000,1,0,17.7509,-16374.6,1,-130.856,-135,0.790528
257161, 763.928, 22, -1,-1,-1,51.4039,9.10098,0.019953,8.68e+08,10,125000,1,0,5.41146,-17727,0,-133.556,-133,0.436224
257163, 763.938, 55, -1,-1,-1,28.1932,-17.432,0.019953,8.68e+08,12,125000,1,0,-5.09464,4474.02,0,-137.077,-137,1.58106
257185, 764.43, 42, -1,-1,-1,57.9034,23.4627,0.025119,8.68e+08,10,125000,1,0,-1.20185,-20022.7,0,-134.77,-133,0.436224
257197, 764.891, 8, -1,-1,-1,60.2786,11.8187,0.015849,8.68e+08,10,125000,1,0,-3.23152,-19064.9,0,-137.452,-133,0.436224
257199, 764.97, 58, -1,-1,-1,61.527,-8.14045,0.019953,8.68e+08,11,125000,1,0,-7.5788,-16386.4,0,-137.883,-135,0.790528
257201, 765.274, 47, -1,-1,-1,61.5463,6.00261,0.015849,8.68e+08,12,125000,1,0,-4.84827,-18381.5,0,-137.99,-137,1.58106
257218, 765.901, 12, -1,-1,-1,54.913,-1.85238,0.025119,8.68e+08,10,125000,1,0,-1.49065,-15856.1,0,-134.869,-133,0.436224
257220, 765.914, 35, -1,-1,-1,43.0379,25.6615,0.019953,8.68e+08,10,125000,1,0,16.752,-18201.5,0,-130.123,-133,0.436224
257222, 765.946, 31, -1,-1,-1,53.6944,18.0178,0.019953,8.68e+08,12,125000,1,0,3.58706,-19698.8,0,-134.159,-137,1.58106
257224, 765.98, 26, -1,-1,-1,46.6423,9.83152,0.015849,8.68e+08,12,125000,1,0,12.085,-16658.8,0,-132.454,-137,1.58106
257226, 766.08, 24, -1,-1,-1,48.8042,9.34343,0.025119,8.68e+08,10,125000,1,0,8.61232,-17236.7,0,-131.522,-133,0.436224
257238, 766.303, 33, -1,-1,-1,48.4983,18.9946,0.019953,8.68e+08,12,125000,1,0,10.4981,-19586.7,0,-131.934,-137,1.58106
257245, 766.931, 46, -1,-1,-1,52.8958,29.0093,0.015849,8.68e+08,11,125000,1,0,2.32333,-19934.4,0,-135.583,-135,0.790528
257253, 767.039, 56, -1,-1,-1,35.9437,14.8854,0.015849,8.68e+08,11,125000,1,0,53.789,-9222.13,1,-124.661,-135,0.790528
257255, 767.194, 39, -1,-1,-1,45.5509,21.6869,0.015849,8.68e+08,10,125000,1,0,14.6866,-19437,0,-131.695,-133,0.436224
257272, 768.312, 44, -1,-1,-1,49.9843,31.8509,0.025119,8.68e+08,11,125000,1,0,3.88211,-19329.5,0,-133.063,-135,0.790528
257275, 768.33, 16, -1,-1,-1,44.9358,4.6114,0.019953,8.68e+08,11,125000,1,0,10.9162,-13524.3,1,-131.808,-135,0.790528
257287, 768.612, 54, -1,-1,-1,32.8604,-15.6934,0.025119,8.68e+08,12,125000,1,0,-2.86676,1203.11,0,-135.337,-137,1.58106
257294, 768.709, 40, -1,-1,-1,60.9756,22.8199,0.019953,8.68e+08,10,125000,1,0,-4.11155,-19949,0,-136.745,-133,0.436224
257296, 768.851, 21, -1,-1,-1,42.7768,-8.93559,0.015849,8.68e+08,10,125000,1,0,1.60662,-7332.41,0,-135.83,-133,0.436224
257298, 769.459, 14, -1,-1,-1,53.6396,-5.90614,0.025119,8.68e+08,11,125000,1,0,-2.25192,-14586,0,-135.126,-135,0.790528
257335, 769.901, 18, -1,-1,-1,40.1886,3.38354,0.019953,8.68e+08,10,125000,1,0,15.052,-8683.12,0,-130.595,-133,0.436224
257337, 769.916, 4, -1,-1,-1,41.1415,14.3884,0.025119,8.68e+08,10,125000,1,0,26.378,-16418,0,-126.783,-133,0.436224
257344, 770.027, 9, -1,-1,-1,37.2508,22.8773,0.019953,8.68e+08,12,125000,1,0,34.1508,-14017,0,-126.276,-137,1.58106
257346, 770.07, 13, -1,-1,-1,56.1471,-3.21172,0.019953,8.68e+08,10,125000,1,0,-3.01092,-16029.3,0,-136.38,-133,0.436224
257353, 770.421, 59, -1,-1,-1,70.5782,23.1906,0.015849,8.68e+08,11,125000,1,0,-11.5474,-19480.6,0,-140.121,-135,0.790528
257356, 770.79, 10, -1,-1,-1,28.3922,30.4743,0.025119,8.68e+08,11,125000,1,0,16.5276,923.32,1,-129.186,-135,0.790528
257358, 770.83, 0, -1,-1,-1,50.9975,-0.836329,0.019953,8.68e+08,10,125000,1,0,1.67765,-14870.4,0,-134.801,-133,0.436224
257365, 771.101, 53, -1,-1,-1,63.3677,-20.5267,0.019953,8.68e+08,12,125000,1,0,-11.8325,-15418.7,0,-139.208,-137,1.58106
257372, 771.292, 38, -1,-1,-1,46.6514,16.8355,0.025119,8.68e+08,12,125000,1,0,13.2785,-19143.1,0,-130.1,-137,1.58106
257374, 771.44, 50, -1,-1,-1,39.6135,14.146,0.019953,8.68e+08,12,125000,1,0,31.6207,-15069.1,0,-126.731,-137,1.58106
257376, 771.443, 30, -1,-1,-1,51.4066,20.2801,0.015849,8.68e+08,10,125000,1,0,5.67676,-19954.9,0,-134.467,-133,0.436224
257378, 771.541, 48, -1,-1,-1,57.3759,11.2263,0.015849,8.68e+08,10,125000,1,0,-1.00522,-18983.3,0,-136.703,-133,0.436224
257410, 773.473, 3, -1,-1,-1,39.3525,-4.27633,0.015849,8.68e+08,12,125000,1,0,6.71043,-5386.52,0,-134.137,-137,1.58106
257417, 773.853, 45, -1,-1,-1,50.3904,22.374,0.025119,8.68e+08,10,125000,1,0,6.40643,-20054.4,0,-132.229,-133,0.436224
257419, 774.045, 28, -1,-1,-1,56.8935,12.7001,0.015849,8.68e+08,11,125000,1,0,-0.538775,-19207.8,0,-136.545,-135,0.790528
257437, 774.384, 19, -1,-1,-1,39.2054,-0.944952,0.015849,8.68e+08,11,125000,1,0,10.2942,-6211.29,1,-133.002,-135,0.790528
257439, 774.436, 7, -1,-1,-1,49.8595,17.3781,0.015849,8.68e+08,12,125000,1,0,7.82206,-19610.1,0,-133.772,-137,1.58106
257441, 774.511, 23, -1,-1,-1,52.7669,10.7089,0.019953,8.68e+08,12,125000,1,0,3.54408,-18557.4,0,-134.173,-137,1.58106
257443, 774.573, 43, -1,-1,-1,53.287,23.7311,0.019953,8.68e+08,10,125000,1,0,2.70323,-20165.1,0,-134.454,-133,0.436224
257445, 774.87, 20, -1,-1,-1,38.6376,-10.9667,0.025119,8.68e+08,11,125000,1,0,0.881514,-3886.3,0,-134.075,-135,0.790528
257448, 774.899, 15, -1,-1,-1,46.4275,5.27678,0.019953,8.68e+08,12,125000,1,0,9.14247,-15001.1,1,-132.356,-137,1.58106
257455, 775.805, 5, -1,-1,-1,50.8916,5.95756,0.015849,8.68e+08,12,125000,1,0,4.30073,-16985.7,0,-134.922,-137,1.58106
257472, 776.658, 27, -1,-1,-1,51.1796,4.80986,0.015849,8.68e+08,11,125000,1,0,3.49991,-16772.8,0,-135.188,-135,0.790528
257474, 776.888, 55, -1,-1,-1,28.1932,-17.432,0.019953,8.68e+08,12,125000,1,0,-4.95601,3868.11,0,-137.03,-137,1.58106
257486, 777.35, 35, -1,-1,-1,43.0379,25.6615,0.019953,8.68e+08,10,125000,1,0,15.3213,-18573.4,0,-130.516,-133,0.436224
257488, 777.424, 52, -1,-1,-1,40.5674,33.2068,0.019953,8.68e+08,12,125000,1,0,10.5308,-15154.9,0,-131.928,-137,1.58106
257500, 777.895, 34, -1,-1,-1,46.0916,17.4756,0.025119,8.68e+08,12,125000,1,0,13.538,-19345.1,0,-130.023,-137,1.58106
257507, 778.136, 32, -1,-1,-1,51.0548,15.679,0.015849,8.68e+08,11,125000,1,0,5.838,-19484.3,0,-134.413,-135,0.790528
257509, 778.329, 41, -1,-1,-1,58.2688,24.8952,0.025119,8.68e+08,10,125000,1,0,-2.52058,-20182.7,0,-135.212,-133,0.436224
257516, 778.68, 51, -1,-1,-1,41.1184,27.7906,0.015849,8.68e+08,11,125000,1,0,15.9611,-17069.9,0,-131.339,-135,0.790528
257523, 778.82, 17, -1,-1,-1,51.1746,0.474538,0.025119,8.68e+08,11,125000,1,0,1.7089,-15570.2,0,-133.789,-135,0.790528
257535, 779.592, 1, -1,-1,-1,49.3433,4.02696,0.019953,8.68e+08,11,125000,1,0,4.88422,-16022.2,0,-133.729,-135,0.790528
257542, 779.773, 6, -1,-1,-1,58.7446,14.9011,0.015849,8.68e+08,11,125000,1,0,-2.49613,-19573,0,-137.204,-135,0.790528
257549, 779.968, 2, -1,-1,-1,54.1874,12.6163,0.025119,8.68e+08,10,125000,1,0,1.81388,-19168.7,0,-133.751,-133,0.436224
257551, 780.24, 26, -1,-1,-1,46.6423,9.83152,0.015849,8.68e+08,12,125000,1,0,10.7968,-17192.9,0,-132.841,-137,1.58106
257553, 780.285, 8, -1,-1,-1,60.2786,11.8187,0.015849,8.68e+08,10,125000,1,0,-4.04009,-19261.7,0,-137.72,-133,0.436224
257555, 780.414, 29, -1,-1,-1,52.7683,18.5141,0.019953,8.68e+08,11,125000,1,0,3.5414,-19941.1,0,-134.172,-135,0.790528
257582, 782.391, 13, -1,-1,-1,56.1471,-3.21172,0.019953,8.68e+08,10,125000,1,0,-3.56273,-16110,0,-136.563,-133,0.436224
257599, 782.89, 30, -1,-1,-1,51.4066,20.2801,0.015849,8.68e+08,10,125000,1,0,4.78319,-19901.7,0,-134.76,-133,0.436224
257602, 782.977, 56, -1,-1,-1,35.9437,14.8854,0.015849,8.68e+08,11,125000,1,0,47.6942,-11516.9,1,-125.312,-135,0.790528
257604, 783.145, 11, -1,-1,-1,57.3201,37.6516,0.025119,8.68e+08,11,125000,1,0,-4.76185,-19652.7,0,-135.961,-135,0.790528
257616, 783.37, 36, -1,-1,-1,42.449,24.9,0.015849,8.68e+08,12,125000,1,0,16.3846,-18403.1,0,-131.22,-137,1.58106
257628, 783.782, 39, -1,-1,-1,45.5509,21.6869,0.015849,8.68e+08,10,125000,1,0,12.7355,-19567.7,0,-132.258,-133,0.436224
257635, 783.931, 33, -1,-1,-1,48.4983,18.9946,0.019953,8.68e+08,12,125000,1,0,8.80853,-19680.4,0,-132.457,-137,1.58106
257643, 783.981, 10, -1,-1,-1,28.3922,30.4743,0.025119,8.68e+08,11,125000,1,0,16.5489,-283.006,1,-129.179,-135,0.790528
257645, 783.988, 38, -1,-1,-1,46.6514,16.8355,0.025119,8.68e+08,12,125000,1,0,11.8952,-19208.5,0,-130.507,-137,1.58106
257647, 784.183, 9, -1,-1,-1,37.2508,22.8773,0.019953,8.68e+08,12,125000,1,0,30.8762,-15019.3,0,-126.871,-137,1.58106
257654, 784.256, 48, -1,-1,-1,57.3759,11.2263,0.015849,8.68e+08,10,125000,1,0,-1.72165,-18960.2,0,-136.943,-133,0.436224
257671, 784.54, 49, -1,-1,-1,46.1161,7.79982,0.019953,8.68e+08,11,125000,1,0,10.1778,-16136.4,0,-132.031,-135,0.790528
257678, 784.686, 12, -1,-1,-1,54.913,-1.85238,0.025119,8.68e+08,10,125000,1,0,-2.36795,-16124.6,0,-135.162,-133,0.436224
257680, 784.759, 25, -1,-1,-1,47.35,6.57833,0.025119,8.68e+08,10,125000,1,0,7.91851,-16160.6,0,-131.741,-133,0.436224
257687, 784.904, 22, -1,-1,-1,51.4039,9.10098,0.019953,8.68e+08,10,125000,1,0,3.97513,-18018.7,0,-134.028,-133,0.436224
257689, 784.971, 37, -1,-1,-1,40.5376,22.945,0.025119,8.68e+08,10,125000,1,0,21.7956,-17935.5,0,-127.826,-133,0.436224
257696, 785.182, 3, -1,-1,-1,39.3525,-4.27633,0.015849,8.68e+08,12,125000,1,0,6.42845,-5980.43,0,-134.227,-137,1.58106
257698, 785.51, 40, -1,-1,-1,60.9756,22.8199,0.019953,8.68e+08,10,125000,1,0,-5.00533,-19897.7,0,-137.04,-133,0.436224
257705, 785.545, 31, -1,-1,-1,53.6944,18.0178,0.019953,8.68e+08,12,125000,1,0,2.22242,-19751.6,0,-134.613,-137,1.58106
257707, 785.623, 58, -1,-1,-1,61.527,-8.14045,0.019953,8.68e+08,11,125000,1,0,-8.41025,-16556.9,0,-138.146,-135,0.790528
257719, 786.179, 42, -1,-1,-1,57.9034,23.4627,0.025119,8.68e+08,10,125000,1,0,-2.47452,-20031,0,-135.196,-133,0.436224
257721, 786.192, 7, -1,-1,-1,49.8595,17.3781,0.015849,8.68e+08,12,125000,1,0,6.82441,-19593.4,0,-134.091,-137,1.58106
257723, 786.329, 14, -1,-1,-1,53.6396,-5.90614,0.025119,8.68e+08,11,125000,1,0,-2.96015,-14863.8,0,-135.362,-135,0.790528
257731, 786.606, 57, -1,-1,-1,34.4409,34.819,0.015849,8.68e+08,10,125000,1,0,10.6884,-9370.85,1,-132.88,-133,0.436224
257733, 786.835, 21, -1,-1,-1,42.7768,-8.93559,0.015849,8.68e+08,10,125000,1,0,1.14382,-8085.67,0,-135.983,-133,0.436224
257740, 787.686, 27, -1,-1,-1,51.1796,4.80986,0.015849,8.68e+08,11,125000,1,0,2.83933,-16866.6,0,-135.407,-135,0.790528
257767, 788.667, 35, -1,-1,-1,43.0379,25.6615,0.019953,8.68e+08,10,125000,1,0,13.9897,-18688,0,-130.893,-133,0.436224
257774, 788.745, 46, -1,-1,-1,52.8958,29.0093,0.015849,8.68e+08,11,125000,1,0,0.872326,-19989.5,0,-136.069,-135,0.790528
257776, 788.786, 44, -1,-1,-1,49.9843,31.8509,0.025119,8.68e+08,11,125000,1,0,2.46705,-19450.7,0,-133.533,-135,0.790528
257778, 788.792, 32, -1,-1,-1,51.0548,15.679,0.015849,8.68e+08,11,125000,1,0,5.02016,-19450.3,0,-134.681,-135,0.790528
257781, 789.151, 18, -1,-1,-1,40.1886,3.38354,0.019953,8.68e+08,10,125000,1,0,13.9162,-10012.5,1,-130.916,-133,0.436224
257808, 789.939, 24, -1,-1,-1,48.8042,9.34343,0.025119,8.68e+08,10,125000,1,0,6.7704,-17718.9,0,-132.109,-133,0.436224
257815, 790.148, 47, -1,-1,-1,61.5463,6.00261,0.015849,8.68e+08,12,125000,1,0,-6.04397,-18524.1,0,-138.381,-137,1.58106
257817, 790.298, 16, -1,-1,-1,44.9358,4.6114,0.019953,8.68e+08,11,125000,1,0,9.37825,-14426.7,0,-132.28,-135,0.790528
257824, 790.788, 17, -1,-1,-1,51.1746,0.474538,0.025119,8.68e+08,11,125000,1,0,1.09131,-15726.4,0,-133.996,-135,0.790528
257832, 791.145, 54, -1,-1,-1,32.8604,-15.6934,0.025119,8.68e+08,12,125000,1,0,-2.82743,246.451,1,-135.322,-137,1.58106
257835, 791.278, 4, -1,-1,-1,41.1415,14.3884,0.025119,8.68e+08,10,125000,1,0,22.5516,-17332.1,1,-127.643,-133,0.436224
257837, 791.447, 55, -1,-1,-1,28.1932,-17.432,0.019953,8.68e+08,12,125000,1,0,-4.81824,3409.66,0,-136.984,-137,1.58106
257839, 791.481, 53, -1,-1,-1,63.3677,-20.5267,0.019953,8.68e+08,12,125000,1,0,-12.5408,-15568.8,0,-139.418,-137,1.58106
257841, 791.541, 59, -1,-1,-1,70.5782,23.1906,0.015849,8.68e+08,11,125000,1,0,-12.4698,-19436.9,0,-140.395,-135,0.790528
257869, 793.394, 56, -1,-1,-1,35.9437,14.8854,0.015849,8.68e+08,11,125000,1,0,43.9411,-12990.7,1,-125.779,-135,0.790528
257871, 793.41, 20, -1,-1,-1,38.6376,-10.9667,0.025119,8.68e+08,11,125000,1,0,0.622178,-4739.87,0,-134.16,-135,0.790528
257888, 793.81, 0, -1,-1,-1,50.9975,-0.836329,0.019953,8.68e+08,10,125000,1,0,0.541969,-15403.9,0,-135.181,-133,0.436224
257890, 794.199, 50, -1,-1,-1,39.6135,14.146,0.019953,8.68e+08,12,125000,1,0,26.7877,-16448.4,0,-127.692,-137,1.58106
257892, 794.23, 2, -1,-1,-1,54.1874,12.6163,0.025119,8.68e+08,10,125000,1,0,0.91536,-19185.5,0,-134.052,-133,0.436224
257894, 794.265, 6, -1,-1,-1,58.7446,14.9011,0.015849,8.68e+08,11,125000,1,0,-3.29017,-19537.1,0,-137.468,-135,0.790528
257901, 794.836, 52, -1,-1,-1,40.5674,33.2068,0.019953,8.68e+08,12,125000,1,0,9.21083,-15728.1,0,-132.335,-137,1.58106
257908, 795.069, 34, -1,-1,-1,46.0916,17.4756,0.025119,8.68e+08,12,125000,1,0,11.6521,-19494.6,0,-130.579,-137,1.58106
257915, 795.373, 41, -1,-1,-1,58.2688,24.8952,0.025119,8.68e+08,10,125000,1,0,-3.47978,-20137.9,0,-135.532,-133,0.436224
257942, 795.953, 11, -1,-1,-1,57.3201,37.6516,0.025119,8.68e+08,11,125000,1,0,-5.42474,-19779.5,0,-136.178,-135,0.790528
257944, 796.003, 30, -1,-1,-1,51.4066,20.2801,0.015849,8.68e+08,10,125000,1,0,3.80146,-20068.4,0,-135.084,-133,0.436224
257946, 796.088, 36, -1,-1,-1,42.449,24.9,0.015849,8.68e+08,12,125000,1,0,14.8098,-18788.6,0,-131.657,-137,1.58106
257948, 796.221, 45, -1,-1,-1,50.3904,22.374,0.025119,8.68e+08,10,125000,1,0,4.62878,-20139.7,0,-132.809,-133,0.436224
257950, 796.388, 40, -1,-1,-1,60.9756,22.8199,0.019953,8.68e+08,10,125000,1,0,-5.57126,-19995.2,0,-137.225,-133,0.436224
257953, 796.393, 19, -1,-1,-1,39.2054,-0.944952,0.015849,8.68e+08,11,125000,1,0,9.53976,-7671.52,1,-133.232,-135,0.790528
257965, 796.965, 31, -1,-1,-1,53.6944,18.0178,0.019953,8.68e+08,12,125000,1,0,1.46114,-19893.5,0,-134.868,-137,1.58106
257967, 797.133, 43, -1,-1,-1,53.287,23.7311,0.019953,8.68e+08,10,125000,1,0,1.17013,-20210,0,-134.966,-133,0.436224
257969, 797.338, 28, -1,-1,-1,56.8935,12.7001,0.015849,8.68e+08,11,125000,1,0,-1.87375,-19320.5,0,-136.992,-135,0.790528
257991, 798.793, 39, -1,-1,-1,45.5509,21.6869,0.015849,8.68e+08,10,125000,1,0,11.1166,-19851.6,0,-132.741,-133,0.436224
257998, 798.987, 23, -1,-1,-1,52.7669,10.7089,0.019953,8.68e+08,12,125000,1,0,1.94946,-18810.6,0,-134.704,-137,1.58106
258015, 799.151, 15, -1,-1,-1,46.4275,5.27678,0.019953,8.68e+08,12,125000,1,0,7.45032,-15787.8,0,-132.89,-137,1.58106
258017, 799.26, 12, -1,-1,-1,54.913,-1.85238,0.025119,8.68e+08,10,125000,1,0,-3.04035,-16478,0,-135.386,-133,0.436224
258019, 799.568, 25, -1,-1,-1,47.35,6.57833,0.025119,8.68e+08,10,125000,1,0,6.86275,-16680.3,0,-132.078,-133,0.436224
258021, 799.68, 26, -1,-1,-1,46.6423,9.83152,0.015849,8.68e+08,12,125000,1,0,9.13215,-17609.3,0,-133.354,-137,1.58106
258033, 799.777, 14, -1,-1,-1,53.6396,-5.90614,0.025119,8.68e+08,11,125000,1,0,-3.52293,-15239.3,0,-135.548,-135,0.790528
258046, 800.548, 10, -1,-1,-1,28.3922,30.4743,0.025119,8.68e+08,11,125000,1,0,16.4102,-2047.87,1,-129.215,-135,0.790528
258048, 800.623, 5, -1,-1,-1,50.8916,5.95756,0.015849,8.68e+08,12,125000,1,0,2.75981,-17436.6,0,-135.432,-137,1.58106
258060, 800.956, 46, -1,-1,-1,52.8958,29.0093,0.015849,8.68e+08,11,125000,1,0,0.095053,-19926.1,0,-136.329,-135,0.790528
258182, 801.06, 8, -1,-1,-1,60.2786,11.8187,0.015849,8.68e+08,10,125000,1,0,-5.10215,-19095.5,0,-138.07,-133,0.436224
258184, 801.356, 9, -1,-1,-1,37.2508,22.8773,0.019953,8.68e+08,12,125000,1,0,27.2738,-16303.9,0,-127.589,-137,1.58106
258186, 801.496, 33, -1,-1,-1,48.4983,18.9946,0.019953,8.68e+08,12,125000,1,0,7.24965,-19957.4,0,-132.952,-137,1.58106
258188, 802.34, 53, -1,-1,-1,63.3677,-20.5267,0.019953,8.68e+08,12,125000,1,0,-12.9176,-15529.4,0,-139.529,-137,1.58106
258210, 803.145, 29, -1,-1,-1,52.7683,18.5141,0.019953,8.68e+08,11,125000,1,0,1.96236,-19819.8,0,-134.698,-135,0.790528
258212, 803.201, 48, -1,-1,-1,57.3759,11.2263,0.015849,8.68e+08,10,125000,1,0,-2.75971,-19014.6,0,-137.289,-133,0.436224
258219, 803.408, 13, -1,-1,-1,56.1471,-3.21172,0.019953,8.68e+08,10,125000,1,0,-4.49394,-16374.1,0,-136.87,-133,0.436224
258222, 803.56, 51, -1,-1,-1,41.1184,27.7906,0.015849,8.68e+08,11,125000,1,0,13.2404,-17604.7,1,-132.109,-135,0.790528
258234, 804.106, 59, -1,-1,-1,70.5782,23.1906,0.015849,8.68e+08,11,125000,1,0,-13.011,-19316.6,0,-140.554,-135,0.790528
258236, 804.194, 21, -1,-1,-1,42.7768,-8.93559,0.015849,8.68e+08,10,125000,1,0,0.664185,-8763.56,0,-136.143,-133,0.436224
258248, 804.516, 1, -1,-1,-1,49.3433,4.02696,0.019953,8.68e+08,11,125000,1,0,3.38164,-16383.8,0,-134.224,-135,0.790528
258275, 805.126, 22, -1,-1,-1,51.4039,9.10098,0.019953,8.68e+08,10,125000,1,0,2.65603,-18244.6,0,-134.466,-133,0.436224
258278, 805.292, 16, -1,-1,-1,44.9358,4.6114,0.019953,8.68e+08,11,125000,1,0,8.34681,-14888.3,1,-132.603,-135,0.790528
258280, 805.33, 4, -1,-1,-1,41.1415,14.3884,0.025119,8.68e+08,10,125000,1,0,20.3148,-17711.3,0,-128.186,-133,0.436224
258282, 805.463, 32, -1,-1,-1,51.0548,15.679,0.015849,8.68e+08,11,125000,1,0,3.79534,-19499.9,0,-135.084,-135,0.790528
258294, 805.827, 3, -1,-1,-1,39.3525,-4.27633,0.015849,8.68e+08,12,125000,1,0,5.86324,-7150.17,0,-134.409,-137,1.58106
258296, 806.231, 30, -1,-1,-1,51.4066,20.2801,0.015849,8.68e+08,10,125000,1,0,3.06385,-19989.8,0,-135.329,-133,0.436224
258298, 806.302, 38, -1,-1,-1,46.6514,16.8355,0.025119,8.68e+08,12,125000,1,0,9.66332,-19444.3,0,-131.186,-137,1.58106
258300, 806.345, 36, -1,-1,-1,42.449,24.9,0.015849,8.68e+08,12,125000,1,0,13.6169,-18851.1,0,-131.998,-137,1.58106
258302, 806.367, 58, -1,-1,-1,61.527,-8.14045,0.019953,8.68e+08,11,125000,1,0,-9.23729,-16707.4,0,-138.405,-135,0.790528
258339, 807.963, 35, -1,-1,-1,43.0379,25.6615,0.019953,8.68e+08,10,125000,1,0,11.8889,-18976.2,0,-131.508,-133,0.436224
258341, 808.018, 49, -1,-1,-1,46.1161,7.79982,0.019953,8.68e+08,11,125000,1,0,8.32763,-16779.5,0,-132.607,-135,0.790528
258343, 808.077, 17, -1,-1,-1,51.1746,0.474538,0.025119,8.68e+08,11,125000,1,0,0.210357,-16015.4,0,-134.291,-135,0.790528
258350, 808.126, 42, -1,-1,-1,57.9034,23.4627,0.025119,8.68e+08,10,125000,1,0,-3.70419,-20031.9,0,-135.605,-133,0.436224
258352, 808.478, 31, -1,-1,-1,53.6944,18.0178,0.019953,8.68e+08,12,125000,1,0,0.716328,-19827.8,0,-135.118,-137,1.58106
258354, 808.484, 7, -1,-1,-1,49.8595,17.3781,0.015849,8.68e+08,12,125000,1,0,5.04796,-19725.3,0,-134.669,-137,1.58106
258361, 808.874, 27, -1,-1,-1,51.1796,4.80986,0.015849,8.68e+08,11,125000,1,0,1.60261,-17202.7,0,-135.82,-135,0.790528
258368, 809.184, 37, -1,-1,-1,40.5376,22.945,0.025119,8.68e+08,10,125000,1,0,18.0829,-18597,0,-128.76,-133,0.436224
258370, 809.43, 52, -1,-1,-1,40.5674,33.2068,0.019953,8.68e+08,12,125000,1,0,8.13537,-16112.9,0,-132.673,-137,1.58106
258402, 810.5, 23, -1,-1,-1,52.7669,10.7089,0.019953,8.68e+08,12,125000,1,0,1.22999,-18803.3,0,-134.944,-137,1.58106
258404, 810.521, 44, -1,-1,-1,49.9843,31.8509,0.025119,8.68e+08,11,125000,1,0,1.04595,-19562.4,0,-134.009,-135,0.790528
258407, 810.54, 56, -1,-1,-1,35.9437,14.8854,0.015849,8.68e+08,11,125000,1,0,38.3348,-14619.6,1,-126.58,-135,0.790528
258409, 810.581, 2, -1,-1,-1,54.1874,12.6163,0.025119,8.68e+08,10,125000,1,0,-0.08002,-19220.7,0,-134.386,-133,0.436224
258416, 810.969, 28, -1,-1,-1,56.8935,12.7001,0.015849,8.68e+08,11,125000,1,0,-2.62859,-19290.6,0,-137.245,-135,0.790528
258428, 811.194, 12, -1,-1,-1,54.913,-1.85238,0.025119,8.68e+08,10,125000,1,0,-3.5856,-16537.9,0,-135.567,-133,0.436224
258430, 811.248, 54, -1,-1,-1,32.8604,-15.6934,0.025119,8.68e+08,12,125000,1,0,-2.84188,-585.114,0,-135.326,-137,1.58106
258442, 811.521, 57, -1,-1,-1,34.4409,34.819,0.015849,8.68e+08,10,125000,1,0,9.42931,-10876.7,0,-133.267,-133,0.436224
258449, 811.938, 15, -1,-1,-1,46.4275,5.27678,0.019953,8.68e+08,12,125000,1,0,6.5842,-16042.5,0,-133.168,-137,1.58106
258451, 811.941, 11, -1,-1,-1,57.3201,37.6516,0.025119,8.68e+08,11,125000,1,0,-6.23507,-19735.9,0,-136.442,-135,0.790528
258459, 812.228, 24, -1,-1,-1,48.8042,9.34343,0.025119,8.68e+08,10,125000,1,0,5.15441,-18072.4,1,-132.634,-133,0.436224
258471, 812.605, 40, -1,-1,-1,60.9756,22.8199,0.019953,8.68e+08,10,125000,1,0,-6.39785,-19932.2,0,-137.494,-133,0.436224
258474, 812.699, 18, -1,-1,-1,40.1886,3.38354,0.019953,8.68e+08,10,125000,1,0,12.4294,-11490.2,1,-131.348,-133,0.436224
258476, 812.77, 39, -1,-1,-1,45.5509,21.6869,0.015849,8.68e+08,10,125000,1,0,9.7159,-19879.5,0,-133.17,-133,0.436224
258478, 812.948, 9, -1,-1,-1,37.2508,22.8773,0.019953,8.68e+08,12,125000,1,0,25.0637,-16760.7,0,-128.065,-137,1.58106
258480, 813.062, 55, -1,-1,-1,28.1932,-17.432,0.019953,8.68e+08,12,125000,1,0,-4.6502,2599.64,0,-136.927,-137,1.58106
258512, 813.964, 46, -1,-1,-1,52.8958,29.0093,0.015849,8.68e+08,11,125000,1,0,-0.708262,-20063.3,0,-136.599,-135,0.790528
258524, 814.253, 41, -1,-1,-1,58.2688,24.8952,0.025119,8.68e+08,10,125000,1,0,-4.50786,-20103.8,0,-135.872,-133,0.436224
258526, 814.462, 43, -1,-1,-1,53.287,23.7311,0.019953,8.68e+08,10,125000,1,0,0.054165,-20189.2,0,-135.341,-133,0.436224
258528, 814.713, 47, -1,-1,-1,61.5463,6.00261,0.015849,8.68e+08,12,125000,1,0,-7.19245,-18639.2,0,-138.751,-137,1.58106
258530, 814.721, 14, -1,-1,-1,53.6396,-5.90614,0.025119,8.68e+08,11,125000,1,0,-4.14583,-15418.1,0,-135.754,-135,0.790528
258533, 814.77, 50, -1,-1,-1,39.6135,14.146,0.019953,8.68e+08,12,125000,1,0,23.0231,-17332.7,1,-128.529,-137,1.58106
258535, 814.828, 53, -1,-1,-1,63.3677,-20.5267,0.019953,8.68e+08,12,125000,1,0,-13.3503,-15754.9,0,-139.655,-137,1.58106
258542, 815.762, 34, -1,-1,-1,46.0916,17.4756,0.025119,8.68e+08,12,125000,1,0,9.58443,-19672.3,0,-131.21,-137,1.58106
258554, 815.979, 6, -1,-1,-1,58.7446,14.9011,0.015849,8.68e+08,11,125000,1,0,-4.44416,-19573.6,0,-137.85,-135,0.790528
258566, 816.431, 8, -1,-1,-1,60.2786,11.8187,0.015849,8.68e+08,10,125000,1,0,-5.86825,-19276.4,0,-138.32,-133,0.436224
258568, 816.587, 20, -1,-1,-1,38.6376,-10.9667,0.025119,8.68e+08,11,125000,1,0,0.231833,-5822.92,0,-134.289,-135,0.790528
258570, 816.761, 29, -1,-1,-1,52.7683,18.5141,0.019953,8.68e+08,11,125000,1,0,1.06329,-19981.3,0,-134.999,-135,0.790528
258582, 817.563, 38, -1,-1,-1,46.6514,16.8355,0.025119,8.68e+08,12,125000,1,0,8.6201,-19649.7,0,-131.512,-137,1.58106
258589, 817.642, 19, -1,-1,-1,39.2054,-0.944952,0.015849,8.68e+08,11,125000,1,0,8.70468,-8956.8,0,-133.492,-135,0.790528
258591, 817.99, 35, -1,-1,-1,43.0379,25.6615,0.019953,8.68e+08,10,125000,1,0,10.8719,-19207.5,0,-131.814,-133,0.436224
258603, 818.426, 49, -1,-1,-1,46.1161,7.79982,0.019953,8.68e+08,11,125000,1,0,7.54124,-17122.6,0,-132.857,-135,0.790528
258605, 818.636, 0, -1,-1,-1,50.9975,-0.836329,0.019953,8.68e+08,10,125000,1,0,-0.66629,-15919.1,0,-135.585,-133,0.436224
258607, 819.031, 16, -1,-1,-1,44.9358,4.6114,0.019953,8.68e+08,11,125000,1,0,7.41854,-15467.2,0,-132.898,-135,0.790528
258620, 819.47, 25, -1,-1,-1,47.35,6.57833,0.025119,8.68e+08,10,125000,1,0,5.49409,-17088.9,1,-132.522,-133,0.436224
258642, 820.625, 45, -1,-1,-1,50.3904,22.374,0.025119,8.68e+08,10,125000,1,0,2.83792,-20025.5,0,-133.403,-133,0.436224
258654, 820.995, 33, -1,-1,-1,48.4983,18.9946,0.019953,8.68e+08,12,125000,1,0,5.64198,-20028.8,0,-133.472,-137,1.58106
258661, 821.215, 59, -1,-1,-1,70.5782,23.1906,0.015849,8.68e+08,11,125000,1,0,-13.7395,-19231,0,-140.766,-135,0.790528
258674, 821.658, 10, -1,-1,-1,28.3922,30.4743,0.025119,8.68e+08,11,125000,1,0,15.9775,-3833.13,1,-129.332,-135,0.790528
258686, 822.017, 26, -1,-1,-1,46.6423,9.83152,0.015849,8.68e+08,12,125000,1,0,7.3388,-17810.9,0,-133.921,-137,1.58106
258688, 822.148, 3, -1,-1,-1,39.3525,-4.27633,0.015849,8.68e+08,12,125000,1,0,5.36224,-7971.8,0,-134.571,-137,1.58106
258695, 822.234, 51, -1,-1,-1,41.1184,27.7906,0.015849,8.68e+08,11,125000,1,0,11.3747,-18000.1,0,-132.662,-135,0.790528
258697, 822.332, 5, -1,-1,-1,50.8916,5.95756,0.015849,8.68e+08,12,125000,1,0,1.46738,-17530.1,0,-135.864,-137,1.58106
258699, 822.364, 11, -1,-1,-1,57.3201,37.6516,0.025119,8.68e+08,11,125000,1,0,-6.75378,-19633.5,0,-136.61,-135,0.790528
258701, 822.506, 58, -1,-1,-1,61.527,-8.14045,0.019953,8.68e+08,11,125000,1,0,-9.87526,-16759.9,0,-138.603,-135,0.790528
258703, 822.716, 17, -1,-1,-1,51.1746,0.474538,0.025119,8.68e+08,11,125000,1,0,-0.52484,-16198.9,0,-134.537,-135,0.790528
258705, 822.755, 7, -1,-1,-1,49.8595,17.3781,0.015849,8.68e+08,12,125000,1,0,3.97987,-19718.6,0,-135.021,-137,1.58106
258722, 823.623, 1, -1,-1,-1,49.3433,4.02696,0.019953,8.68e+08,11,125000,1,0,2.26626,-16715,0,-134.595,-135,0.790528
258729, 823.755, 52, -1,-1,-1,40.5674,33.2068,0.019953,8.68e+08,12,125000,1,0,7.10835,-16436.5,0,-133,-137,1.58106
258736, 824.301, 13, -1,-1,-1,56.1471,-3.21172,0.019953,8.68e+08,10,125000,1,0,-5.40709,-16602.7,0,-137.169,-133,0.436224
258738, 824.778, 23, -1,-1,-1,52.7669,10.7089,0.019953,8.68e+08,12,125000,1,0,0.36235,-18831.2,0,-135.235,-137,1.58106
258740, 825.111, 31, -1,-1,-1,53.6944,18.0178,0.019953,8.68e+08,12,125000,1,0,-0.32309,-19814.8,0,-135.466,-137,1.58106
258742, 825.227, 36, -1,-1,-1,42.449,24.9,0.015849,8.68e+08,12,125000,1,0,11.5784,-19099,0,-132.599,-137,1.58106
258779, 825.747, 42, -1,-1,-1,57.9034,23.4627,0.025119,8.68e+08,10,125000,1,0,-4.65663,-19986.2,0,-135.92,-133,0.436224
258786, 825.93, 43, -1,-1,-1,53.287,23.7311,0.019953,8.68e+08,10,125000,1,0,-0.65851,-20103.9,0,-135.58,-133,0.436224
258788, 825.945, 37, -1,-1,-1,40.5376,22.945,0.025119,8.68e+08,10,125000,1,0,15.833,-18876,0,-129.366,-133,0.436224
258795, 825.997, 41, -1,-1,-1,58.2688,24.8952,0.025119,8.68e+08,10,125000,1,0,-5.13083,-20002.6,0,-136.077,-133,0.436224
258797, 826.065, 27, -1,-1,-1,51.1796,4.80986,0.015849,8.68e+08,11,125000,1,0,0.629202,-17397.4,0,-136.146,-135,0.790528
258804, 826.224, 30, -1,-1,-1,51.4066,20.2801,0.015849,8.68e+08,10,125000,1,0,1.68545,-20018.5,0,-135.789,-133,0.436224
258806, 826.78, 32, -1,-1,-1,51.0548,15.679,0.015849,8.68e+08,11,125000,1,0,2.31517,-19597.9,0,-135.577,-135,0.790528
258808, 826.853, 15, -1,-1,-1,46.4275,5.27678,0.019953,8.68e+08,12,125000,1,0,5.5975,-16335.8,0,-133.488,-137,1.58106
258825, 827.09, 9, -1,-1,-1,37.2508,22.8773,0.019953,8.68e+08,12,125000,1,0,22.5891,-17264.5,0,-128.631,-137,1.58106
258832, 827.467, 4, -1,-1,-1,41.1415,14.3884,0.025119,8.68e+08,10,125000,1,0,17.1699,-18304.6,0,-128.999,-133,0.436224
258834, 827.469, 48, -1,-1,-1,57.3759,11.2263,0.015849,8.68e+08,10,125000,1,0,-4.04297,-19122.3,0,-137.716,-133,0.436224
258841, 827.567, 22, -1,-1,-1,51.4039,9.10098,0.019953,8.68e+08,10,125000,1,0,1.25969,-18473.4,0,-134.932,-133,0.436224
258848, 827.797, 53, -1,-1,-1,63.3677,-20.5267,0.019953,8.68e+08,12,125000,1,0,-13.799,-15742.6,0,-139.784,-137,1.58106
258850, 827.988, 21, -1,-1,-1,42.7768,-8.93559,0.015849,8.68e+08,10,125000,1,0,-0.038393,-9709.01,0,-136.377,-133,0.436224
258867, 828.477, 44, -1,-1,-1,49.9843,31.8509,0.025119,8.68e+08,11,125000,1,0,-0.073142,-19602.6,0,-134.384,-135,0.790528
258869, 828.586, 50, -1,-1,-1,39.6135,14.146,0.019953,8.68e+08,12,125000,1,0,20.7731,-17710.8,0,-129.069,-137,1.58106
258871, 828.791, 57, -1,-1,-1,34.4409,34.819,0.015849,8.68e+08,10,125000,1,0,8.50942,-11745.8,0,-133.554,-133,0.436224
258873, 828.863, 2, -1,-1,-1,54.1874,12.6163,0.025119,8.68e+08,10,125000,1,0,-1.15316,-19268.6,0,-134.746,-133,0.436224
258875, 829.143, 28, -1,-1,-1,56.8935,12.7001,0.015849,8.68e+08,11,125000,1,0,-3.60781,-19308.5,0,-137.57,-135,0.790528
258882, 830.36, 6, -1,-1,-1,58.7446,14.9011,0.015849,8.68e+08,11,125000,1,0,-5.187,-19521.1,0,-138.094,-135,0.790528
258909, 831.018, 40, -1,-1,-1,60.9756,22.8199,0.019953,8.68e+08,10,125000,1,0,-7.31364,-19883.5,0,-137.789,-133,0.436224
258912, 831.162, 25, -1,-1,-1,47.35,6.57833,0.025119,8.68e+08,10,125000,1,0,4.71607,-17209.9,1,-132.777,-133,0.436224
258929, 831.728, 10, -1,-1,-1,28.3922,30.4743,0.025119,8.68e+08,11,125000,1,0,15.6778,-4846.45,0,-129.414,-135,0.790528
258937, 832.093, 56, -1,-1,-1,35.9437,14.8854,0.015849,8.68e+08,11,125000,1,0,32.3203,-16185.5,1,-127.593,-135,0.790528
258949, 832.311, 3, -1,-1,-1,39.3525,-4.27633,0.015849,8.68e+08,12,125000,1,0,5.02928,-8600.14,0,-134.679,-137,1.58106
258951, 832.4, 46, -1,-1,-1,52.8958,29.0093,0.015849,8.68e+08,11,125000,1,0,-1.80741,-20053.6,0,-136.967,-135,0.790528
258953, 832.526, 54, -1,-1,-1,32.8604,-15.6934,0.025119,8.68e+08,12,125000,1,0,-2.90802,-1475.98,0,-135.346,-137,1.58106
258955, 832.661, 19, -1,-1,-1,39.2054,-0.944952,0.015849,8.68e+08,11,125000,1,0,8.06476,-9725.89,0,-133.693,-135,0.790528
258958, 832.722, 18, -1,-1,-1,40.1886,3.38354,0.019953,8.68e+08,10,125000,1,0,11.1207,-12542.5,1,-131.738,-133,0.436224
258965, 833.034, 38, -1,-1,-1,46.6514,16.8355,0.025119,8.68e+08,12,125000,1,0,7.26472,-19698.4,0,-131.943,-137,1.58106
258967, 833.039, 14, -1,-1,-1,53.6396,-5.90614,0.025119,8.68e+08,11,125000,1,0,-4.9053,-15659.7,0,-136.004,-135,0.790528
258984, 833.298, 12, -1,-1,-1,54.913,-1.85238,0.025119,8.68e+08,10,125000,1,0,-4.58265,-16803,0,-135.896,-133,0.436224
258996, 833.938, 59, -1,-1,-1,70.5782,23.1906,0.015849,8.68e+08,11,125000,1,0,-14.2752,-19337.6,0,-140.919,-135,0.790528
259013, 834.623, 20, -1,-1,-1,38.6376,-10.9667,0.025119,8.68e+08,11,125000,1,0,-0.118747,-6580.1,0,-134.405,-135,0.790528
259015, 834.65, 24, -1,-1,-1,48.8042,9.34343,0.025119,8.68e+08,10,125000,1,0,3.61956,-18365.1,0,-133.14,-133,0.436224
259022, 834.801, 35, -1,-1,-1,43.0379,25.6615,0.019953,8.68e+08,10,125000,1,0,9.26603,-19355.3,0,-132.309,-133,0.436224
259024, 834.829, 47, -1,-1,-1,61.5463,6.00261,0.015849,8.68e+08,12,125000,1,0,-8.11132,-18679.8,0,-139.044,-137,1.58106
259026, 834.852, 55, -1,-1,-1,28.1932,-17.432,0.019953,8.68e+08,12,125000,1,0,-4.52648,1764.72,0,-136.885,-137,1.58106
259043, 835.189, 26, -1,-1,-1,46.6423,9.83152,0.015849,8.68e+08,12,125000,1,0,6.33566,-18151.6,0,-134.244,-137,1.58106
259045, 835.252, 51, -1,-1,-1,41.1184,27.7906,0.015849,8.68e+08,11,125000,1,0,10.1533,-18371.3,0,-133.034,-135,0.790528
259052, 835.522, 29, -1,-1,-1,52.7683,18.5141,0.019953,8.68e+08,11,125000,1,0,-0.125454,-19990.3,0,-135.398,-135,0.790528
259054, 835.728, 17, -1,-1,-1,51.1746,0.474538,0.025119,8.68e+08,11,125000,1,0,-1.17,-16534.2,0,-134.753,-135,0.790528
259056, 835.843, 49, -1,-1,-1,46.1161,7.79982,0.019953,8.68e+08,11,125000,1,0,6.26965,-17429.9,0,-133.266,-135,0.790528
259058, 835.918, 8, -1,-1,-1,60.2786,11.8187,0.015849,8.68e+08,10,125000,1,0,-6.81764,-19285,0,-138.627,-133,0.436224
259060, 835.923, 1, -1,-1,-1,49.3433,4.02696,0.019953,8.68e+08,11,125000,1,0,1.56475,-17040.9,0,-134.83,-135,0.790528
259067, 836.499, 39, -1,-1,-1,45.5509,21.6869,0.015849,8.68e+08,10,125000,1,0,7.5345,-20036.5,0,-133.856,-133,0.436224
259099, 838.33, 27, -1,-1,-1,51.1796,4.80986,0.015849,8.68e+08,11,125000,1,0,-0.049672,-17669.5,0,-136.374,-135,0.790528
259101, 838.34, 5, -1,-1,-1,50.8916,5.95756,0.015849,8.68e+08,12,125000,1,0,0.545079,-17881.9,0,-136.173,-137,1.58106
259103, 838.389, 45, -1,-1,-1,50.3904,22.374,0.025119,8.68e+08,10,125000,1,0,1.61571,-20221.4,0,-133.811,-133,0.436224
259105, 838.577, 58, -1,-1,-1,61.527,-8.14045,0.019953,8.68e+08,11,125000,1,0,-10.5059,-17028.4,0,-138.797,-135,0.790528
259107, 838.845, 36, -1,-1,-1,42.449,24.9,0.015849,8.68e+08,12,125000,1,0,10.2189,-19392.4,0,-133.012,-137,1.58106
259109, 838.869, 34, -1,-1,-1,46.0916,17.4756,0.025119,8.68e+08,12,125000,1,0,7.49202,-19846.2,0,-131.869,-137,1.58106
259131, 840.656, 22, -1,-1,-1,51.4039,9.10098,0.019953,8.68e+08,10,125000,1,0,0.47484,-18499.9,0,-135.196,-133,0.436224
259148, 840.93, 13, -1,-1,-1,56.1471,-3.21172,0.019953,8.68e+08,10,125000,1,0,-6.12498,-16718.6,0,-137.403,-133,0.436224
259165, 841.284, 50, -1,-1,-1,39.6135,14.146,0.019953,8.68e+08,12,125000,1,0,18.8759,-18223.4,0,-129.547,-137,1.58106
259167, 841.29, 48, -1,-1,-1,57.3759,11.2263,0.015849,8.68e+08,10,125000,1,0,-4.75281,-19083,0,-137.95,-133,0.436224
259169, 841.361, 44, -1,-1,-1,49.9843,31.8509,0.025119,8.68e+08,11,125000,1,0,-0.848874,-19567,0,-134.644,-135,0.790528
259171, 841.549, 0, -1,-1,-1,50.9975,-0.836329,0.019953,8.68e+08,10,125000,1,0,-1.76214,-16100.6,0,-135.952,-133,0.436224
259173, 841.575, 41, -1,-1,-1,58.2688,24.8952,0.025119,8.68e+08,10,125000,1,0,-5.93936,-19930.4,0,-136.341,-133,0.436224
259190, 842.346, 53, -1,-1,-1,63.3677,-20.5267,0.019953,8.68e+08,12,125000,1,0,-14.3014,-15749.8,0,-139.928,-137,1.58106
259192, 842.38, 9, -1,-1,-1,37.2508,22.8773,0.019953,8.68e+08,12,125000,1,0,20.1597,-17717,0,-129.221,-137,1.58106
259194, 842.438, 16, -1,-1,-1,44.9358,4.6114,0.019953,8.68e+08,11,125000,1,0,5.87856,-15906.9,0,-133.394,-135,0.790528
259206, 842.629, 54, -1,-1,-1,32.8604,-15.6934,0.025119,8.68e+08,12,125000,1,0,-2.95756,-1777.25,0,-135.362,-137,1.58106
259218, 843.025, 32, -1,-1,-1,51.0548,15.679,0.015849,8.68e+08,11,125000,1,0,1.24379,-19607.8,0,-135.935,-135,0.790528
259225, 843.503, 14, -1,-1,-1,53.6396,-5.90614,0.025119,8.68e+08,11,125000,1,0,-5.33694,-15691.1,0,-136.145,-135,0.790528
259232, 843.626, 52, -1,-1,-1,40.5674,33.2068,0.019953,8.68e+08,12,125000,1,0,5.73107,-16887.7,0,-133.446,-137,1.58106
259234, 843.629, 46, -1,-1,-1,52.8958,29.0093,0.015849,8.68e+08,11,125000,1,0,-2.45639,-19966,0,-137.184,-135,0.790528
259252, 844.107, 19, -1,-1,-1,39.2054,-0.944952,0.015849,8.68e+08,11,125000,1,0,7.55516,-10218.2,1,-133.854,-135,0.790528
259254, 844.119, 33, -1,-1,-1,48.4983,18.9946,0.019953,8.68e+08,12,125000,1,0,3.87556,-19922.5,0,-134.053,-137,1.58106
259256, 844.184, 31, -1,-1,-1,53.6944,18.0178,0.019953,8.68e+08,12,125000,1,0,-1.46734,-19819.5,0,-135.85,-137,1.58106
259258, 844.2, 43, -1,-1,-1,53.287,23.7311,0.019953,8.68e+08,10,125000,1,0,-1.75585,-20079.4,0,-135.948,-133,0.436224
259260, 844.501, 11, -1,-1,-1,57.3201,37.6516,0.025119,8.68e+08,11,125000,1,0,-7.83256,-19634.7,0,-136.956,-135,0.790528
259272, 845.103, 23, -1,-1,-1,52.7669,10.7089,0.019953,8.68e+08,12,125000,1,0,-0.829741,-18938.9,0,-135.635,-137,1.58106
259274, 845.17, 24, -1,-1,-1,48.8042,9.34343,0.025119,8.68e+08,10,125000,1,0,2.92775,-18372.1,0,-133.37,-133,0.436224
259281, 845.588, 38, -1,-1,-1,46.6514,16.8355,0.025119,8.68e+08,12,125000,1,0,6.22382,-19685.3,0,-132.279,-137,1.58106
259293, 846.096, 6, -1,-1,-1,58.7446,14.9011,0.015849,8.68e+08,11,125000,1,0,-5.98209,-19476.5,0,-138.354,-135,0.790528
259295, 846.136, 2, -1,-1,-1,54.1874,12.6163,0.025119,8.68e+08,10,125000,1,0,-2.13243,-19289,0,-135.074,-133,0.436224
259297, 846.515, 51, -1,-1,-1,41.1184,27.7906,0.015849,8.68e+08,11,125000,1,0,9.14446,-18463.2,0,-133.347,-135,0.790528
259304, 846.667, 7, -1,-1,-1,49.8595,17.3781,0.015849,8.68e+08,12,125000,1,0,2.29281,-19825.8,0,-135.582,-137,1.58106
259311, 846.957, 30, -1,-1,-1,51.4066,20.2801,0.015849,8.68e+08,10,125000,1,0,0.333732,-20042.1,0,-136.242,-133,0.436224
259333, 847.781, 42, -1,-1,-1,57.9034,23.4627,0.025119,8.68e+08,10,125000,1,0,-5.80925,-19973.7,0,-136.297,-133,0.436224
259335, 847.942, 21, -1,-1,-1,42.7768,-8.93559,0.015849,8.68e+08,10,125000,1,0,-0.66141,-10405.9,0,-136.585,-133,0.436224
259342, 848.122, 25, -1,-1,-1,47.35,6.57833,0.025119,8.68e+08,10,125000,1,0,3.62001,-17447.9,0,-133.139,-133,0.436224
259350, 848.317, 10, -1,-1,-1,28.3922,30.4743,0.025119,8.68e+08,11,125000,1,0,15.0681,-6245.92,1,-129.583,-135,0.790528
259352, 848.465, 15, -1,-1,-1,46.4275,5.27678,0.019953,8.68e+08,12,125000,1,0,4.21299,-16790.4,0,-133.942,-137,1.58106
259359, 848.54, 37, -1,-1,-1,40.5376,22.945,0.025119,8.68e+08,10,125000,1,0,13.1301,-19232.6,0,-130.134,-133,0.436224
259361, 848.567, 12, -1,-1,-1,54.913,-1.85238,0.025119,8.68e+08,10,125000,1,0,-5.2619,-16898.9,0,-136.119,-133,0.436224
259378, 849.583, 8, -1,-1,-1,60.2786,11.8187,0.015849,8.68e+08,10,125000,1,0,-7.46999,-19221.8,0,-138.837,-133,0.436224
259380, 849.623, 29, -1,-1,-1,52.7683,18.5141,0.019953,8.68e+08,11,125000,1,0,-0.984762,-19940,0,-135.687,-135,0.790528
259392, 849.824, 59, -1,-1,-1,70.5782,23.1906,0.015849,8.68e+08,11,125000,1,0,-14.9375,-19238.2,0,-141.107,-135,0.790528
259394, 850.06, 34, -1,-1,-1,46.0916,17.4756,0.025119,8.68e+08,12,125000,1,0,6.54767,-19808.7,0,-132.173,-137,1.58106
259396, 850.063, 35, -1,-1,-1,43.0379,25.6615,0.019953,8.68e+08,10,125000,1,0,7.9035,-19442.3,0,-132.738,-133,0.436224
259528, 851.297, 26, -1,-1,-1,46.6423,9.83152,0.015849,8.68e+08,12,125000,1,0,5.15876,-18317.8,0,-134.628,-137,1.58106
259530, 851.447, 4, -1,-1,-1,41.1415,14.3884,0.025119,8.68e+08,10,125000,1,0,14.1944,-18802.6,0,-129.824,-133,0.436224
259532, 851.708, 57, -1,-1,-1,34.4409,34.819,0.015849,8.68e+08,10,125000,1,0,7.25475,-12820.9,0,-133.953,-133,0.436224
259549, 852.531, 1, -1,-1,-1,49.3433,4.02696,0.019953,8.68e+08,11,125000,1,0,0.637424,-17238.8,0,-135.14,-135,0.790528
259556, 852.794, 20, -1,-1,-1,38.6376,-10.9667,0.025119,8.68e+08,11,125000,1,0,-0.509621,-7310.55,0,-134.535,-135,0.790528
259564, 852.997, 18, -1,-1,-1,40.1886,3.38354,0.019953,8.68e+08,10,125000,1,0,9.78267,-13468.7,1,-132.147,-133,0.436224
259571, 853.304, 16, -1,-1,-1,44.9358,4.6114,0.019953,8.68e+08,11,125000,1,0,5.18254,-16279.1,0,-133.621,-135,0.790528
259578, 853.74, 49, -1,-1,-1,46.1161,7.79982,0.019953,8.68e+08,11,125000,1,0,5.01764,-17701.2,0,-133.674,-135,0.790528
259585, 854.042, 28, -1,-1,-1,56.8935,12.7001,0.015849,8.68e+08,11,125000,1,0,-4.90402,-19392.8,0,-137.998,-135,0.790528
259597, 854.808, 56, -1,-1,-1,35.9437,14.8854,0.015849,8.68e+08,11,125000,1,0,27.0703,-17355.4,0,-128.624,-135,0.790528
259615, 855.065, 3, -1,-1,-1,39.3525,-4.27633,0.015849,8.68e+08,12,125000,1,0,4.23428,-9704.35,1,-134.94,-137,1.58106
259617, 855.262, 39, -1,-1,-1,45.5509,21.6869,0.015849,8.68e+08,10,125000,1,0,5.95587,-20091.5,0,-134.366,-133,0.436224
259619, 855.434, 48, -1,-1,-1,57.3759,11.2263,0.015849,8.68e+08,10,125000,1,0,-5.46493,-19252.8,0,-138.183,-133,0.436224
259621, 855.462, 40, -1,-1,-1,60.9756,22.8199,0.019953,8.68e+08,10,125000,1,0,-8.49596,-19880.3,0,-138.165,-133,0.436224
259633, 855.813, 55, -1,-1,-1,28.1932,-17.432,0.019953,8.68e+08,12,125000,1,0,-4.452,958.945,0,-136.859,-137,1.58106
259640, 856.238, 5, -1,-1,-1,50.8916,5.95756,0.015849,8.68e+08,12,125000,1,0,-0.457288,-18035.8,0,-136.509,-137,1.58106
259647, 856.548, 44, -1,-1,-1,49.9843,31.8509,0.025119,8.68e+08,11,125000,1,0,-1.73694,-19745.3,0,-134.942,-135,0.790528
259649, 856.577, 17, -1,-1,-1,51.1746,0.474538,0.025119,8.68e+08,11,125000,1,0,-2.18733,-16821.1,0,-135.093,-135,0.790528
259656, 856.697, 43, -1,-1,-1,53.287,23.7311,0.019953,8.68e+08,10,125000,1,0,-2.48209,-20195.5,0,-136.191,-133,0.436224
259668, 857.426, 47, -1,-1,-1,61.5463,6.00261,0.015849,8.68e+08,12,125000,1,0,-9.12246,-18738.1,0,-139.363,-137,1.58106
259685, 858.197, 51, -1,-1,-1,41.1184,27.7906,0.015849,8.68e+08,11,125000,1,0,8.14099,-18743.5,0,-133.663,-135,0.790528
259692, 858.25, 33, -1,-1,-1,48.4983,18.9946,0.019953,8.68e+08,12,125000,1,0,2.85975,-20094.6,0,-134.391,-137,1.58106
259704, 858.601, 37, -1,-1,-1,40.5376,22.945,0.025119,8.68e+08,10,125000,1,0,12.0291,-19456.2,0,-130.459,-133,0.436224
259706, 858.61, 52, -1,-1,-1,40.5674,33.2068,0.019953,8.68e+08,12,125000,1,0,4.72821,-17321.6,0,-133.774,-137,1.58106
259708, 858.787, 24, -1,-1,-1,48.8042,9.34343,0.025119,8.68e+08,10,125000,1,0,2.05693,-18637.9,0,-133.66,-133,0.436224
259715, 858.888, 27, -1,-1,-1,51.1796,4.80986,0.015849,8.68e+08,11,125000,1,0,-1.16009,-17883.8,0,-136.746,-135,0.790528
259732, 859.241, 12, -1,-1,-1,54.913,-1.85238,0.025119,8.68e+08,10,125000,1,0,-5.73216,-17107.8,0,-136.272,-133,0.436224
259734, 859.28, 14, -1,-1,-1,53.6396,-5.90614,0.025119,8.68e+08,11,125000,1,0,-5.98439,-16054,0,-136.356,-135,0.790528
259741, 859.525, 50, -1,-1,-1,39.6135,14.146,0.019953,8.68e+08,12,125000,1,0,16.3984,-18607.7,0,-130.205,-137,1.58106
259763, 859.783, 23, -1,-1,-1,52.7669,10.7089,0.019953,8.68e+08,12,125000,1,0,-1.66219,-19152.3,0,-135.914,-137,1.58106
259765, 860.088, 45, -1,-1,-1,50.3904,22.374,0.025119,8.68e+08,10,125000,1,0,0.201354,-20247.3,0,-134.286,-133,0.436224
259767, 860.141, 41, -1,-1,-1,58.2688,24.8952,0.025119,8.68e+08,10,125000,1,0,-6.87878,-20086,0,-136.645,-133,0.436224
259769, 860.349, 29, -1,-1,-1,52.7683,18.5141,0.019953,8.68e+08,11,125000,1,0,-1.62072,-20050.9,0,-135.9,-135,0.790528
259776, 860.484, 53, -1,-1,-1,63.3677,-20.5267,0.019953,8.68e+08,12,125000,1,0,-14.9264,-16052,0,-140.105,-137,1.58106
259778, 860.531, 7, -1,-1,-1,49.8595,17.3781,0.015849,8.68e+08,12,125000,1,0,1.36604,-19992.9,0,-135.892,-137,1.58106
259781, 860.532, 10, -1,-1,-1,28.3922,30.4743,0.025119,8.68e+08,11,125000,1,0,14.5385,-7367.04,1,-129.732,-135,0.790528
259783, 860.776, 54, -1,-1,-1,32.8604,-15.6934,0.025119,8.68e+08,12,125000,1,0,-3.07539,-2718.83,0,-135.4,-137,1.58106
259790, 861.039, 36, -1,-1,-1,42.449,24.9,0.015849,8.68e+08,12,125000,1,0,8.17116,-19610,0,-133.652,-137,1.58106
259792, 861.164, 6, -1,-1,-1,58.7446,14.9011,0.015849,8.68e+08,11,125000,1,0,-6.72742,-19418.8,0,-138.595,-135,0.790528
259799, 861.695, 58, -1,-1,-1,61.527,-8.14045,0.019953,8.68e+08,11,125000,1,0,-11.4051,-16940.3,0,-139.069,-135,0.790528
259806, 861.804, 8, -1,-1,-1,60.2786,11.8187,0.015849,8.68e+08,10,125000,1,0,-8.04474,-19137.3,0,-139.02,-133,0.436224
259818, 862.569, 46, -1,-1,-1,52.8958,29.0093,0.015849,8.68e+08,11,125000,1,0,-3.51939,-19947,0,-137.538,-135,0.790528
259820, 862.8, 42, -1,-1,-1,57.9034,23.4627,0.025119,8.68e+08,10,125000,1,0,-6.57297,-19894.9,0,-136.545,-133,0.436224
259822, 862.825, 35, -1,-1,-1,43.0379,25.6615,0.019953,8.68e+08,10,125000,1,0,6.82513,-19464.2,0,-133.084,-133,0.436224
259850, 863.78, 18, -1,-1,-1,40.1886,3.38354,0.019953,8.68e+08,10,125000,1,0,9.07281,-13800.8,1,-132.367,-133,0.436224
259857, 864.032, 22, -1,-1,-1,51.4039,9.10098,0.019953,8.68e+08,10,125000,1,0,-0.878016,-18684.6,0,-135.649,-133,0.436224
259874, 864.366, 2, -1,-1,-1,54.1874,12.6163,0.025119,8.68e+08,10,125000,1,0,-3.13312,-19309.5,0,-135.408,-133,0.436224
259876, 864.41, 11, -1,-1,-1,57.3201,37.6516,0.025119,8.68e+08,11,125000,1,0,-8.77845,-19607.6,0,-137.255,-135,0.790528
259888, 864.592, 30, -1,-1,-1,51.4066,20.2801,0.015849,8.68e+08,10,125000,1,0,-0.762208,-20022.5,0,-136.61,-133,0.436224
259890, 864.694, 0, -1,-1,-1,50.9975,-0.836329,0.019953,8.68e+08,10,125000,1,0,-2.84943,-16451.9,0,-136.315,-133,0.436224
259897, 864.839, 9, -1,-1,-1,37.2508,22.8773,0.019953,8.68e+08,12,125000,1,0,16.9879,-18327.7,0,-130.046,-137,1.58106
259899, 864.865, 26, -1,-1,-1,46.6423,9.83152,0.015849,8.68e+08,12,125000,1,0,4.20649,-18400.9,0,-134.941,-137,1.58106
259901, 864.911, 57, -1,-1,-1,34.4409,34.819,0.015849,8.68e+08,10,125000,1,0,6.52278,-13294.6,0,-134.188,-133,0.436224
259908, 864.993, 32, -1,-1,-1,51.0548,15.679,0.015849,8.68e+08,11,125000,1,0,-0.137655,-19676.5,0,-136.399,-135,0.790528
259925, 865.383, 13, -1,-1,-1,56.1471,-3.21172,0.019953,8.68e+08,10,125000,1,0,-7.16663,-16963.2,0,-137.739,-133,0.436224
259927, 866.045, 59, -1,-1,-1,70.5782,23.1906,0.015849,8.68e+08,11,125000,1,0,-15.6067,-19137.9,0,-141.294,-135,0.790528
259929, 866.157, 31, -1,-1,-1,53.6944,18.0178,0.019953,8.68e+08,12,125000,1,0,-2.7302,-19844.2,0,-136.272,-137,1.58106
259931, 866.306, 15, -1,-1,-1,46.4275,5.27678,0.019953,8.68e+08,12,125000,1,0,3.10937,-17074,0,-134.308,-137,1.58106
259933, 866.845, 38, -1,-1,-1,46.6514,16.8355,0.025119,8.68e+08,12,125000,1,0,4.56533,-19786.5,0,-132.822,-137,1.58106
259935, 866.954, 34, -1,-1,-1,46.0916,17.4756,0.025119,8.68e+08,12,125000,1,0,5.19492,-19843.8,0,-132.614,-137,1.58106
259943, 867.609, 4, -1,-1,-1,41.1415,14.3884,0.025119,8.68e+08,10,125000,1,0,12.3954,-18992.4,1,-130.347,-133,0.436224
259960, 868.245, 48, -1,-1,-1,57.3759,11.2263,0.015849,8.68e+08,10,125000,1,0,-6.09823,-19191,0,-138.39,-133,0.436224
259972, 868.841, 28, -1,-1,-1,56.8935,12.7001,0.015849,8.68e+08,11,125000,1,0,-5.65219,-19349.8,0,-138.243,-135,0.790528
259974, 868.91, 25, -1,-1,-1,47.35,6.57833,0.025119,8.68e+08,10,125000,1,0,2.32627,-17738.7,0,-133.569,-133,0.436224
259977, 868.989, 19, -1,-1,-1,39.2054,-0.944952,0.015849,8.68e+08,11,125000,1,0,6.39825,-11443.8,1,-134.225,-135,0.790528
259989, 870.395, 52, -1,-1,-1,40.5674,33.2068,0.019953,8.68e+08,12,125000,1,0,3.96025,-17450,0,-134.028,-137,1.58106
259996, 870.573, 5, -1,-1,-1,50.8916,5.95756,0.015849,8.68e+08,12,125000,1,0,-1.23966,-18099.2,0,-136.771,-137,1.58106
260003, 870.847, 37, -1,-1,-1,40.5376,22.945,0.025119,8.68e+08,10,125000,1,0,10.762,-19496.8,0,-130.841,-133,0.436224
260025, 871.515, 21, -1,-1,-1,42.7768,-8.93559,0.015849,8.68e+08,10,125000,1,0,-1.42965,-11200.7,0,-136.841,-133,0.436224
260032, 871.861, 44, -1,-1,-1,49.9843,31.8509,0.025119,8.68e+08,11,125000,1,0,-2.60594,-19723.8,0,-135.233,-135,0.790528
260039, 871.955, 7, -1,-1,-1,49.8595,17.3781,0.015849,8.68e+08,12,125000,1,0,0.627418,-19924,0,-136.14,-137,1.58106
260041, 872.175, 33, -1,-1,-1,48.4983,18.9946,0.019953,8.68e+08,12,125000,1,0,1.89986,-20054.6,0,-134.712,-137,1.58106
260043, 872.3, 58, -1,-1,-1,61.527,-8.14045,0.019953,8.68e+08,11,125000,1,0,-11.8146,-17104.8,0,-139.192,-135,0.790528
260060, 872.714, 14, -1,-1,-1,53.6396,-5.90614,0.025119,8.68e+08,11,125000,1,0,-6.53244,-16130.6,0,-136.533,-135,0.790528
260067, 872.992, 39, -1,-1,-1,45.5509,21.6869,0.015849,8.68e+08,10,125000,1,0,4.56257,-20115.9,0,-134.822,-133,0.436224
260074, 873.031, 35, -1,-1,-1,43.0379,25.6615,0.019953,8.68e+08,10,125000,1,0,5.99859,-19631.9,0,-133.351,-133,0.436224
260076, 873.059, 50, -1,-1,-1,39.6135,14.146,0.019953,8.68e+08,12,125000,1,0,14.7231,-18776.3,0,-130.67,-137,1.58106
260083, 873.323, 53, -1,-1,-1,63.3677,-20.5267,0.019953,8.68e+08,12,125000,1,0,-15.3678,-16017.5,0,-140.228,-137,1.58106
260090, 873.366, 56, -1,-1,-1,35.9437,14.8854,0.015849,8.68e+08,11,125000,1,0,23.4517,-17999.5,0,-129.421,-135,0.790528
260092, 873.55, 43, -1,-1,-1,53.287,23.7311,0.019953,8.68e+08,10,125000,1,0,-3.43328,-20148.3,0,-136.508,-133,0.436224
260094, 873.812, 16, -1,-1,-1,44.9358,4.6114,0.019953,8.68e+08,11,125000,1,0,3.90184,-16704.9,0,-134.043,-135,0.790528
260111, 874.429, 24, -1,-1,-1,48.8042,9.34343,0.025119,8.68e+08,10,125000,1,0,1.0884,-18715.6,0,-133.985,-133,0.436224
260113, 874.49, 3, -1,-1,-1,39.3525,-4.27633,0.015849,8.68e+08,12,125000,1,0,3.51101,-10534.6,0,-135.178,-137,1.58106
260115, 874.862, 30, -1,-1,-1,51.4066,20.2801,0.015849,8.68e+08,10,125000,1,0,-1.3802,-20124.8,0,-136.818,-133,0.436224
260117, 874.924, 23, -1,-1,-1,52.7669,10.7089,0.019953,8.68e+08,12,125000,1,0,-2.49805,-19155.5,0,-136.194,-137,1.58106
260119, 875.157, 32, -1,-1,-1,51.0548,15.679,0.015849,8.68e+08,11,125000,1,0,-0.753357,-19796.4,0,-136.606,-135,0.790528
260131, 876.021, 20, -1,-1,-1,38.6376,-10.9667,0.025119,8.68e+08,11,125000,1,0,-1.05862,-8253.06,0,-134.718,-135,0.790528
260133, 876.044, 1, -1,-1,-1,49.3433,4.02696,0.019953,8.68e+08,11,125000,1,0,-0.63813,-17558.7,0,-135.568,-135,0.790528
260155, 877.123, 49, -1,-1,-1,46.1161,7.79982,0.019953,8.68e+08,11,125000,1,0,3.4588,-18055.7,0,-134.189,-135,0.790528
260157, 877.372, 51, -1,-1,-1,41.1184,27.7906,0.015849,8.68e+08,11,125000,1,0,6.57975,-18962.8,0,-134.163,-135,0.790528
260160, 877.428, 18, -1,-1,-1,40.1886,3.38354,0.019953,8.68e+08,10,125000,1,0,8.18044,-14461.9,1,-132.648,-133,0.436224
260162, 877.429, 40, -1,-1,-1,60.9756,22.8199,0.019953,8.68e+08,10,125000,1,0,-9.52947,-19850.7,0,-138.488,-133,0.436224
260184, 877.879, 22, -1,-1,-1,51.4039,9.10098,0.019953,8.68e+08,10,125000,1,0,-1.65252,-18901,0,-135.909,-133,0.436224
260196, 878.354, 57, -1,-1,-1,34.4409,34.819,0.015849,8.68e+08,10,125000,1,0,5.77546,-13918.7,0,-134.43,-133,0.436224
260209, 878.47, 10, -1,-1,-1,28.3922,30.4743,0.025119,8.68e+08,11,125000,1,0,13.6591,-8710.71,1,-129.983,-135,0.790528
260221, 879.119, 19, -1,-1,-1,39.2054,-0.944952,0.015849,8.68e+08,11,125000,1,0,5.91306,-11988.9,0,-134.382,-135,0.790528
260223, 879.171, 36, -1,-1,-1,42.449,24.9,0.015849,8.68e+08,12,125000,1,0,6.62962,-19715.3,0,-134.145,-137,1.58106
260225, 879.425, 47, -1,-1,-1,61.5463,6.00261,0.015849,8.68e+08,12,125000,1,0,-10.0873,-18776.5,0,-139.662,-137,1.58106
260227, 879.489, 13, -1,-1,-1,56.1471,-3.21172,0.019953,8.68e+08,10,125000,1,0,-7.76021,-17215.8,0,-137.929,-133,0.436224
260234, 879.522, 45, -1,-1,-1,50.3904,22.374,0.025119,8.68e+08,10,125000,1,0,-1.0021,-20240.3,0,-134.69,-133,0.436224
260251, 879.989, 55, -1,-1,-1,28.1932,-17.432,0.019953,8.68e+08,12,125000,1,0,-4.42138,-13.3968,0,-136.847,-137,1.58106
260253, 879.991, 31, -1,-1,-1,53.6944,18.0178,0.019953,8.68e+08,12,125000,1,0,-3.49825,-19981.6,0,-136.528,-137,1.58106
260260, 880.262, 12, -1,-1,-1,54.913,-1.85238,0.025119,8.68e+08,10,125000,1,0,-6.64778,-17284,0,-136.569,-133,0.436224
260267, 880.311, 17, -1,-1,-1,51.1746,0.474538,0.025119,8.68e+08,11,125000,1,0,-3.3213,-17130.7,0,-135.471,-135,0.790528
260269, 880.501, 6, -1,-1,-1,58.7446,14.9011,0.015849,8.68e+08,11,125000,1,0,-7.66298,-19610.6,0,-138.896,-135,0.790528
260271, 880.728, 41, -1,-1,-1,58.2688,24.8952,0.025119,8.68e+08,10,125000,1,0,-7.89273,-19840.5,0,-136.97,-133,0.436224
260273, 880.734, 46, -1,-1,-1,52.8958,29.0093,0.015849,8.68e+08,11,125000,1,0,-4.50514,-20112.3,0,-137.865,-135,0.790528
260275, 880.793, 11, -1,-1,-1,57.3201,37.6516,0.025119,8.68e+08,11,125000,1,0,-9.54126,-19542.8,0,-137.493,-135,0.790528
260297, 881.813, 0, -1,-1,-1,50.9975,-0.836329,0.019953,8.68e+08,10,125000,1,0,-3.64088,-16625.2,0,-136.578,-133,0.436224
260299, 881.976, 8, -1,-1,-1,60.2786,11.8187,0.015849,8.68e+08,10,125000,1,0,-8.97675,-19131.3,0,-139.314,-133,0.436224
260301, 882.007, 4, -1,-1,-1,41.1415,14.3884,0.025119,8.68e+08,10,125000,1,0,10.9099,-19102,0,-130.793,-133,0.436224
260323, 883.027, 54, -1,-1,-1,32.8604,-15.6934,0.025119,8.68e+08,12,125000,1,0,-3.26925,-3406.12,0,-135.463,-137,1.58106
260330, 883.375, 27, -1,-1,-1,51.1796,4.80986,0.015849,8.68e+08,11,125000,1,0,-2.44085,-17926.9,0,-137.174,-135,0.790528
260332, 883.627, 59, -1,-1,-1,70.5782,23.1906,0.015849,8.68e+08,11,125000,1,0,-16.3243,-19045.4,0,-141.492,-135,0.790528
260344, 883.981, 15, -1,-1,-1,46.4275,5.27678,0.019953,8.68e+08,12,125000,1,0,2.04953,-17312.2,0,-134.661,-137,1.58106
260346, 884.013, 28, -1,-1,-1,56.8935,12.7001,0.015849,8.68e+08,11,125000,1,0,-6.4035,-19304.2,0,-138.488,-135,0.790528
260348, 884.205, 38, -1,-1,-1,46.6514,16.8355,0.025119,8.68e+08,12,125000,1,0,3.29515,-19812.8,0,-133.242,-137,1.58106
260360, 885.066, 29, -1,-1,-1,52.7683,18.5141,0.019953,8.68e+08,11,125000,1,0,-3.03404,-19894.2,0,-136.372,-135,0.790528
260362, 885.176, 2, -1,-1,-1,54.1874,12.6163,0.025119,8.68e+08,10,125000,1,0,-4.23854,-19348.7,0,-135.774,-133,0.436224
260364, 885.341, 26, -1,-1,-1,46.6423,9.83152,0.015849,8.68e+08,12,125000,1,0,2.83077,-18600,0,-135.398,-137,1.58106
260366, 885.556, 9, -1,-1,-1,37.2508,22.8773,0.019953,8.68e+08,12,125000,1,0,14.4102,-18737.3,0,-130.76,-137,1.58106
260378, 886.849, 1, -1,-1,-1,49.3433,4.02696,0.019953,8.68e+08,11,125000,1,0,-1.21039,-17575.4,0,-135.76,-135,0.790528
260390, 887.338, 7, -1,-1,-1,49.8595,17.3781,0.015849,8.68e+08,12,125000,1,0,-0.334813,-19893.5,0,-136.463,-137,1.58106
260397, 887.64, 42, -1,-1,-1,57.9034,23.4627,0.025119,8.68e+08,10,125000,1,0,-7.80154,-19894.7,0,-136.94,-133,0.436224
260414, 888.301, 58, -1,-1,-1,61.527,-8.14045,0.019953,8.68e+08,11,125000,1,0,-12.4289,-17114.4,0,-139.375,-135,0.790528
260416, 888.409, 37, -1,-1,-1,40.5376,22.945,0.025119,8.68e+08,10,125000,1,0,9.06794,-19616.3,0,-131.364,-133,0.436224
260423, 888.457, 18, -1,-1,-1,40.1886,3.38354,0.019953,8.68e+08,10,125000,1,0,7.46637,-14734.2,0,-132.875,-133,0.436224
260435, 888.828, 52, -1,-1,-1,40.5674,33.2068,0.019953,8.68e+08,12,125000,1,0,2.79428,-17716.6,0,-134.415,-137,1.58106
260437, 888.914, 48, -1,-1,-1,57.3759,11.2263,0.015849,8.68e+08,10,125000,1,0,-7.09847,-19210.9,0,-138.713,-133,0.436224
260449, 889.387, 56, -1,-1,-1,35.9437,14.8854,0.015849,8.68e+08,11,125000,1,0,20.7172,-18389.5,0,-130.075,-135,0.790528
260456, 889.556, 34, -1,-1,-1,46.0916,17.4756,0.025119,8.68e+08,12,125000,1,0,3.50406,-19937.1,0,-133.172,-137,1.58106
260458, 889.781, 13, -1,-1,-1,56.1471,-3.21172,0.019953,8.68e+08,10,125000,1,0,-8.19001,-17175,0,-138.065,-133,0.436224
260460, 890.026, 55, -1,-1,-1,28.1932,-17.432,0.019953,8.68e+08,12,125000,1,0,-4.42619,-285.81,0,-136.848,-137,1.58106
260472, 890.515, 3, -1,-1,-1,39.3525,-4.27633,0.015849,8.68e+08,12,125000,1,0,2.8902,-11127.3,0,-135.384,-137,1.58106
260484, 890.855, 14, -1,-1,-1,53.6396,-5.90614,0.025119,8.68e+08,11,125000,1,0,-7.26763,-16291.5,0,-136.77,-135,0.790528
260486, 891.045, 53, -1,-1,-1,63.3677,-20.5267,0.019953,8.68e+08,12,125000,1,0,-15.9757,-16052.9,0,-140.396,-137,1.58106
260493, 891.148, 32, -1,-1,-1,51.0548,15.679,0.015849,8.68e+08,11,125000,1,0,-1.69512,-19774.6,0,-136.922,-135,0.790528
260495, 891.213, 21, -1,-1,-1,42.7768,-8.93559,0.015849,8.68e+08,10,125000,1,0,-2.09318,-11774,0,-137.063,-133,0.436224
260502, 891.222, 35, -1,-1,-1,43.0379,25.6615,0.019953,8.68e+08,10,125000,1,0,4.59593,-19711.2,0,-133.811,-133,0.436224
260504, 891.879, 49, -1,-1,-1,46.1161,7.79982,0.019953,8.68e+08,11,125000,1,0,2.5161,-18169.9,0,-134.503,-135,0.790528
260516, 892.61, 39, -1,-1,-1,45.5509,21.6869,0.015849,8.68e+08,10,125000,1,0,3.11553,-20148.5,0,-135.302,-133,0.436224
260523, 892.795, 5, -1,-1,-1,50.8916,5.95756,0.015849,8.68e+08,12,125000,1,0,-2.4193,-18284.6,0,-137.166,-137,1.58106
260525, 893.05, 25, -1,-1,-1,47.35,6.57833,0.025119,8.68e+08,10,125000,1,0,0.886982,-18052.2,0,-134.051,-133,0.436224
260537, 893.401, 17, -1,-1,-1,51.1746,0.474538,0.025119,8.68e+08,11,125000,1,0,-3.93606,-17188.4,0,-135.675,-135,0.790528
260544, 893.779, 22, -1,-1,-1,51.4039,9.10098,0.019953,8.68e+08,10,125000,1,0,-2.51936,-18929.8,0,-136.199,-133,0.436224
260576, 894.314, 19, -1,-1,-1,39.2054,-0.944952,0.015849,8.68e+08,11,125000,1,0,5.17502,-12538.1,0,-134.622,-135,0.790528
260583, 894.396, 24, -1,-1,-1,48.8042,9.34343,0.025119,8.68e+08,10,125000,1,0,-0.102875,-18846.6,0,-134.385,-133,0.436224
260605, 894.732, 33, -1,-1,-1,48.4983,18.9946,0.019953,8.68e+08,12,125000,1,0,0.420886,-20100.6,0,-135.208,-137,1.58106
260612, 895.013, 30, -1,-1,-1,51.4066,20.2801,0.015849,8.68e+08,10,125000,1,0,-2.55398,-20117.9,0,-137.21,-133,0.436224
260614, 895.014, 16, -1,-1,-1,44.9358,4.6114,0.019953,8.68e+08,11,125000,1,0,2.62244,-17085.5,0,-134.468,-135,0.790528
260616, 895.021, 10, -1,-1,-1,28.3922,30.4743,0.025119,8.68e+08,11,125000,1,0,12.7637,-9825.25,0,-130.243,-135,0.790528
260618, 895.06, 51, -1,-1,-1,41.1184,27.7906,0.015849,8.68e+08,11,125000,1,0,5.22405,-19111.8,0,-134.604,-135,0.790528
260620, 895.139, 20, -1,-1,-1,38.6376,-10.9667,0.025119,8.68e+08,11,125000,1,0,-1.54729,-8943.45,0,-134.881,-135,0.790528
260627, 895.537, 44, -1,-1,-1,49.9843,31.8509,0.025119,8.68e+08,11,125000,1,0,-3.90282,-19781,0,-135.664,-135,0.790528
260629, 895.67, 47, -1,-1,-1,61.5463,6.00261,0.015849,8.68e+08,12,125000,1,0,-10.7885,-18740.3,0,-139.877,-137,1.58106
260636, 895.834, 9, -1,-1,-1,37.2508,22.8773,0.019953,8.68e+08,12,125000,1,0,13.2354,-19011.1,0,-131.098,-137,1.58106
260638, 895.848, 57, -1,-1,-1,34.4409,34.819,0.015849,8.68e+08,10,125000,1,0,4.80464,-14482.1,0,-134.748,-133,0.436224
260640, 896.002, 54, -1,-1,-1,32.8604,-15.6934,0.025119,8.68e+08,12,125000,1,0,-3.40658,-4059.06,0,-135.508,-137,1.58106
260642, 896.23, 50, -1,-1,-1,39.6135,14.146,0.019953,8.68e+08,12,125000,1,0,12.124,-19145.1,0,-131.425,-137,1.58106
260644, 896.251, 23, -1,-1,-1,52.7669,10.7089,0.019953,8.68e+08,12,125000,1,0,-3.63982,-19227.7,0,-136.574,-137,1.58106
260646, 896.509, 28, -1,-1,-1,56.8935,12.7001,0.015849,8.68e+08,11,125000,1,0,-7.01131,-19436.9,0,-138.684,-135,0.790528
260653, 897.235, 2, -1,-1,-1,54.1874,12.6163,0.025119,8.68e+08,10,125000,1,0,-4.86277,-19485.8,0,-135.98,-133,0.436224
260665, 897.819, 41, -1,-1,-1,58.2688,24.8952,0.025119,8.68e+08,10,125000,1,0,-8.71452,-19979.5,0,-137.23,-133,0.436224
260672, 898.303, 6, -1,-1,-1,58.7446,14.9011,0.015849,8.68e+08,11,125000,1,0,-8.50529,-19570.6,0,-139.163,-135,0.790528
260679, 898.361, 43, -1,-1,-1,53.287,23.7311,0.019953,8.68e+08,10,125000,1,0,-4.78121,-20164.1,0,-136.954,-133,0.436224
260701, 899.006, 0, -1,-1,-1,50.9975,-0.836329,0.019953,8.68e+08,10,125000,1,0,-4.42489,-16991.8,0,-136.837,-133,0.436224
260703, 899.045, 40, -1,-1,-1,60.9756,22.8199,0.019953,8.68e+08,10,125000,1,0,-10.5226,-19813.3,0,-138.795,-133,0.436224
260705, 899.075, 37, -1,-1,-1,40.5376,22.945,0.025119,8.68e+08,10,125000,1,0,8.1011,-19797.2,0,-131.669,-133,0.436224
260712, 899.515, 45, -1,-1,-1,50.3904,22.374,0.025119,8.68e+08,10,125000,1,0,-2.18623,-20230.2,0,-135.087,-133,0.436224
260719, 899.917, 31, -1,-1,-1,53.6944,18.0178,0.019953,8.68e+08,12,125000,1,0,-4.57198,-19970,0,-136.884,-137,1.58106
260721, 900.415, 52, -1,-1,-1,40.5674,33.2068,0.019953,8.68e+08,12,125000,1,0,2.08223,-17979.4,0,-134.653,-137,1.58106
260723, 900.481, 1, -1,-1,-1,49.3433,4.02696,0.019953,8.68e+08,11,125000,1,0,-1.92047,-17847.8,0,-135.998,-135,0.790528
260865, 901.07, 12, -1,-1,-1,54.913,-1.85238,0.025119,8.68e+08,10,125000,1,0,-7.54071,-17214.5,0,-136.856,-133,0.436224
260867, 901.443, 13, -1,-1,-1,56.1471,-3.21172,0.019953,8.68e+08,10,125000,1,0,-8.67379,-17150,0,-138.218,-133,0.436224
260884, 902.337, 38, -1,-1,-1,46.6514,16.8355,0.025119,8.68e+08,12,125000,1,0,2.03777,-19835,0,-133.662,-137,1.58106
260886, 902.389, 49, -1,-1,-1,46.1161,7.79982,0.019953,8.68e+08,11,125000,1,0,1.8626,-18177.3,0,-134.721,-135,0.790528
260893, 902.522, 55, -1,-1,-1,28.1932,-17.432,0.019953,8.68e+08,12,125000,1,0,-4.44658,-680.908,0,-136.854,-137,1.58106
260895, 903.223, 36, -1,-1,-1,42.449,24.9,0.015849,8.68e+08,12,125000,1,0,4.73627,-19682.5,0,-134.763,-137,1.58106
260897, 903.256, 46, -1,-1,-1,52.8958,29.0093,0.015849,8.68e+08,11,125000,1,0,-5.68691,-19911.9,0,-138.253,-135,0.790528
260905, 903.706, 4, -1,-1,-1,41.1415,14.3884,0.025119,8.68e+08,10,125000,1,0,8.84811,-19330,1,-131.43,-133,0.436224
260907, 903.893, 15, -1,-1,-1,46.4275,5.27678,0.019953,8.68e+08,12,125000,1,0,0.893375,-17565.3,0,-135.048,-137,1.58106
260934, 905.259, 11, -1,-1,-1,57.3201,37.6516,0.025119,8.68e+08,11,125000,1,0,-10.6567,-19542.8,0,-137.837,-135,0.790528
260936, 905.372, 8, -1,-1,-1,60.2786,11.8187,0.015849,8.68e+08,10,125000,1,0,-10.0341,-19149.8,0,-139.643,-133,0.436224
260943, 905.441, 27, -1,-1,-1,51.1796,4.80986,0.015849,8.68e+08,11,125000,1,0,-3.55932,-18101.2,0,-137.547,-135,0.790528
260950, 905.583, 5, -1,-1,-1,50.8916,5.95756,0.015849,8.68e+08,12,125000,1,0,-3.08109,-18288.1,0,-137.387,-137,1.58106
260957, 905.867, 39, -1,-1,-1,45.5509,21.6869,0.015849,8.68e+08,10,125000,1,0,2.18661,-20098,0,-135.612,-133,0.436224
260964, 906.304, 59, -1,-1,-1,70.5782,23.1906,0.015849,8.68e+08,11,125000,1,0,-17.239,-18991.8,0,-141.739,-135,0.790528
260966, 906.418, 42, -1,-1,-1,57.9034,23.4627,0.025119,8.68e+08,10,125000,1,0,-8.70461,-19838.4,0,-137.226,-133,0.436224
260969, 906.481, 20, -1,-1,-1,38.6376,-10.9667,0.025119,8.68e+08,11,125000,1,0,-1.85111,-9243.66,1,-134.982,-135,0.790528
260986, 906.838, 50, -1,-1,-1,39.6135,14.146,0.019953,8.68e+08,12,125000,1,0,11.0312,-19163.5,0,-131.753,-137,1.58106
260993, 907.264, 48, -1,-1,-1,57.3759,11.2263,0.015849,8.68e+08,10,125000,1,0,-7.96608,-19195.8,0,-138.99,-133,0.436224
260995, 907.277, 56, -1,-1,-1,35.9437,14.8854,0.015849,8.68e+08,11,125000,1,0,18.0112,-18750.8,0,-130.765,-135,0.790528
261022, 908.195, 19, -1,-1,-1,39.2054,-0.944952,0.015849,8.68e+08,11,125000,1,0,4.49348,-12976.7,0,-134.846,-135,0.790528
261034, 908.279, 34, -1,-1,-1,46.0916,17.4756,0.025119,8.68e+08,12,125000,1,0,2.19102,-19961.9,0,-133.61,-137,1.58106
261046, 908.617, 23, -1,-1,-1,52.7669,10.7089,0.019953,8.68e+08,12,125000,1,0,-4.28436,-19174.7,0,-136.787,-137,1.58106
261048, 908.646, 25, -1,-1,-1,47.35,6.57833,0.025119,8.68e+08,10,125000,1,0,-0.009867,-18152.6,0,-134.352,-133,0.436224
261050, 908.898, 28, -1,-1,-1,56.8935,12.7001,0.015849,8.68e+08,11,125000,1,0,-7.60475,-19353.9,0,-138.874,-135,0.790528
261052, 908.92, 51, -1,-1,-1,41.1184,27.7906,0.015849,8.68e+08,11,125000,1,0,4.2118,-19165.3,0,-134.938,-135,0.790528
261054, 908.954, 29, -1,-1,-1,52.7683,18.5141,0.019953,8.68e+08,11,125000,1,0,-4.33905,-19919.1,0,-136.805,-135,0.790528
261061, 909.213, 14, -1,-1,-1,53.6396,-5.90614,0.025119,8.68e+08,11,125000,1,0,-8.00578,-16436.6,0,-137.005,-135,0.790528
261063, 909.36, 53, -1,-1,-1,63.3677,-20.5267,0.019953,8.68e+08,12,125000,1,0,-16.6022,-16088,0,-140.567,-137,1.58106
261065, 909.621, 35, -1,-1,-1,43.0379,25.6615,0.019953,8.68e+08,10,125000,1,0,3.25837,-19772.2,0,-134.254,-133,0.436224
261072, 909.849, 26, -1,-1,-1,46.6423,9.83152,0.015849,8.68e+08,12,125000,1,0,1.27036,-18832.4,0,-135.92,-137,1.58106
261089, 910.187, 7, -1,-1,-1,49.8595,17.3781,0.015849,8.68e+08,12,125000,1,0,-1.70305,-19934,0,-136.923,-137,1.58106
261091, 910.304, 24, -1,-1,-1,48.8042,9.34343,0.025119,8.68e+08,10,125000,1,0,-1.01922,-18891.3,0,-134.692,-133,0.436224
261098, 910.448, 21, -1,-1,-1,42.7768,-8.93559,0.015849,8.68e+08,10,125000,1,0,-2.75612,-12283.1,0,-137.283,-133,0.436224
261115, 910.965, 2, -1,-1,-1,54.1874,12.6163,0.025119,8.68e+08,10,125000,1,0,-5.56011,-19429.9,0,-136.209,-133,0.436224
261117, 911.11, 44, -1,-1,-1,49.9843,31.8509,0.025119,8.68e+08,11,125000,1,0,-4.72816,-19743.5,0,-135.937,-135,0.790528
261119, 911.242, 57, -1,-1,-1,34.4409,34.819,0.015849,8.68e+08,10,125000,1,0,3.95564,-14900.6,0,-135.028,-133,0.436224
261126, 911.321, 52, -1,-1,-1,40.5674,33.2068,0.019953,8.68e+08,12,125000,1,0,1.42601,-18027.1,0,-134.873,-137,1.58106
261128, 911.636, 1, -1,-1,-1,49.3433,4.02696,0.019953,8.68e+08,11,125000,1,0,-2.49209,-17851.7,0,-136.189,-135,0.790528
261130, 911.694, 54, -1,-1,-1,32.8604,-15.6934,0.025119,8.68e+08,12,125000,1,0,-3.59569,-4612.9,0,-135.57,-137,1.58106
261132, 911.699, 22, -1,-1,-1,51.4039,9.10098,0.019953,8.68e+08,10,125000,1,0,-3.46996,-18974.2,0,-136.516,-133,0.436224
261149, 912.156, 18, -1,-1,-1,40.1886,3.38354,0.019953,8.68e+08,10,125000,1,0,5.95986,-15477.9,0,-133.36,-133,0.436224
261156, 912.736, 58, -1,-1,-1,61.527,-8.14045,0.019953,8.68e+08,11,125000,1,0,-13.3593,-17236,0,-139.647,-135,0.790528
261163, 913.121, 45, -1,-1,-1,50.3904,22.374,0.025119,8.68e+08,10,125000,1,0,-2.96444,-20156,0,-135.347,-133,0.436224
261170, 913.4, 41, -1,-1,-1,58.2688,24.8952,0.025119,8.68e+08,10,125000,1,0,-9.44935,-19894.2,0,-137.46,-133,0.436224
261173, 913.515, 3, -1,-1,-1,39.3525,-4.27633,0.015849,8.68e+08,12,125000,1,0,1.97032,-11992.2,1,-135.69,-137,1.58106
261185, 914.09, 6, -1,-1,-1,58.7446,14.9011,0.015849,8.68e+08,11,125000,1,0,-9.23827,-19506.1,0,-139.393,-135,0.790528
261197, 914.684, 4, -1,-1,-1,41.1415,14.3884,0.025119,8.68e+08,10,125000,1,0,7.87526,-19532.7,0,-131.738,-133,0.436224
261199, 914.71, 16, -1,-1,-1,44.9358,4.6114,0.019953,8.68e+08,11,125000,1,0,1.47308,-17372.3,0,-134.852,-135,0.790528
261212, 914.985, 10, -1,-1,-1,28.3922,30.4743,0.025119,8.68e+08,11,125000,1,0,11.6082,-11069.2,1,-130.586,-135,0.790528
261219, 915.497, 33, -1,-1,-1,48.4983,18.9946,0.019953,8.68e+08,12,125000,1,0,-0.868632,-20114.3,0,-135.641,-137,1.58106
261231, 915.772, 32, -1,-1,-1,51.0548,15.679,0.015849,8.68e+08,11,125000,1,0,-3.08773,-19836.1,0,-137.387,-135,0.790528
261233, 915.837, 40, -1,-1,-1,60.9756,22.8199,0.019953,8.68e+08,10,125000,1,0,-11.2794,-19733.2,0,-139.025,-133,0.436224
261235, 916.014, 12, -1,-1,-1,54.913,-1.85238,0.025119,8.68e+08,10,125000,1,0,-8.17422,-17465.9,0,-137.057,-133,0.436224
261242, 916.465, 15, -1,-1,-1,46.4275,5.27678,0.019953,8.68e+08,12,125000,1,0,0.182769,-17837.4,0,-135.287,-137,1.58106
261254, 917.351, 13, -1,-1,-1,56.1471,-3.21172,0.019953,8.68e+08,10,125000,1,0,-9.32822,-17409.7,0,-138.423,-133,0.436224
261256, 917.352, 36, -1,-1,-1,42.449,24.9,0.015849,8.68e+08,12,125000,1,0,3.69294,-19878.4,0,-135.108,-137,1.58106
261268, 917.908, 9, -1,-1,-1,37.2508,22.8773,0.019953,8.68e+08,12,125000,1,0,10.9086,-19313.9,0,-131.792,-137,1.58106
261270, 917.955, 17, -1,-1,-1,51.1746,0.474538,0.025119,8.68e+08,11,125000,1,0,-5.06965,-17450,0,-136.048,-135,0.790528
261272, 918.081, 0, -1,-1,-1,50.9975,-0.836329,0.019953,8.68e+08,10,125000,1,0,-5.28231,-17160.4,0,-137.119,-133,0.436224
261294, 919.264, 48, -1,-1,-1,57.3759,11.2263,0.015849,8.68e+08,10,125000,1,0,-8.52392,-19321.6,0,-139.167,-133,0.436224
261306, 919.348, 14, -1,-1,-1,53.6396,-5.90614,0.025119,8.68e+08,11,125000,1,0,-8.41076,-16630.2,0,-137.133,-135,0.790528
261308, 919.424, 5, -1,-1,-1,50.8916,5.95756,0.015849,8.68e+08,12,125000,1,0,-3.78434,-18508.7,0,-137.62,-137,1.58106
261315, 919.563, 59, -1,-1,-1,70.5782,23.1906,0.015849,8.68e+08,11,125000,1,0,-17.7686,-19100.1,0,-141.88,-135,0.790528
261317, 919.746, 8, -1,-1,-1,60.2786,11.8187,0.015849,8.68e+08,10,125000,1,0,-10.6721,-19291,0,-139.838,-133,0.436224
261319, 919.961, 30, -1,-1,-1,51.4066,20.2801,0.015849,8.68e+08,10,125000,1,0,-3.94428,-20145.9,0,-137.673,-133,0.436224
261326, 920.095, 49, -1,-1,-1,46.1161,7.79982,0.019953,8.68e+08,11,125000,1,0,0.792826,-18520.5,0,-135.08,-135,0.790528
261338, 920.547, 47, -1,-1,-1,61.5463,6.00261,0.015849,8.68e+08,12,125000,1,0,-11.8452,-18790.8,0,-140.196,-137,1.58106
261340, 920.568, 43, -1,-1,-1,53.287,23.7311,0.019953,8.68e+08,10,125000,1,0,-5.94133,-19946,0,-137.334,-133,0.436224
261347, 920.711, 21, -1,-1,-1,42.7768,-8.93559,0.015849,8.68e+08,10,125000,1,0,-3.11484,-12435,0,-137.402,-133,0.436224
261349, 921.077, 42, -1,-1,-1,57.9034,23.4627,0.025119,8.68e+08,10,125000,1,0,-9.39579,-19744.1,0,-137.442,-133,0.436224
261361, 921.659, 53, -1,-1,-1,63.3677,-20.5267,0.019953,8.68e+08,12,125000,1,0,-17.022,-16023.8,0,-140.681,-137,1.58106
261368, 921.716, 35, -1,-1,-1,43.0379,25.6615,0.019953,8.68e+08,10,125000,1,0,2.41822,-19734.5,0,-134.534,-133,0.436224
261375, 922.463, 19, -1,-1,-1,39.2054,-0.944952,0.015849,8.68e+08,11,125000,1,0,3.78897,-13392.3,0,-135.078,-135,0.790528
261382, 923.109, 58, -1,-1,-1,61.527,-8.14045,0.019953,8.68e+08,11,125000,1,0,-13.7515,-17146.8,0,-139.761,-135,0.790528
261389, 923.159, 38, -1,-1,-1,46.6514,16.8355,0.025119,8.68e+08,12,125000,1,0,0.669401,-19875.5,0,-134.121,-137,1.58106
261391, 923.44, 37, -1,-1,-1,40.5376,22.945,0.025119,8.68e+08,10,125000,1,0,6.04242,-19771,0,-132.331,-133,0.436224
261398, 924.24, 11, -1,-1,-1,57.3201,37.6516,0.025119,8.68e+08,11,125000,1,0,-11.5042,-19489.3,0,-138.094,-135,0.790528
261410, 924.728, 31, -1,-1,-1,53.6944,18.0178,0.019953,8.68e+08,12,125000,1,0,-5.86123,-19789.7,0,-137.307,-137,1.58106
261422, 925.206, 46, -1,-1,-1,52.8958,29.0093,0.015849,8.68e+08,11,125000,1,0,-6.80057,-19897.7,0,-138.614,-135,0.790528
261439, 925.991, 54, -1,-1,-1,32.8604,-15.6934,0.025119,8.68e+08,12,125000,1,0,-3.78909,-5085.63,0,-135.633,-137,1.58106
261446, 926.051, 2, -1,-1,-1,54.1874,12.6163,0.025119,8.68e+08,10,125000,1,0,-6.31114,-19382.5,0,-136.453,-133,0.436224
261463, 926.432, 55, -1,-1,-1,28.1932,-17.432,0.019953,8.68e+08,12,125000,1,0,-4.52985,-1638.65,0,-136.88,-137,1.58106
261465, 926.503, 51, -1,-1,-1,41.1184,27.7906,0.015849,8.68e+08,11,125000,1,0,2.98422,-19261.7,0,-135.345,-135,0.790528
261467, 926.513, 23, -1,-1,-1,52.7669,10.7089,0.019953,8.68e+08,12,125000,1,0,-5.19662,-19181.4,0,-137.088,-137,1.58106
261469, 926.516, 24, -1,-1,-1,48.8042,9.34343,0.025119,8.68e+08,10,125000,1,0,-1.92586,-18926.4,0,-134.996,-133,0.436224
261476, 926.662, 45, -1,-1,-1,50.3904,22.374,0.025119,8.68e+08,10,125000,1,0,-3.71893,-20076.5,0,-135.598,-133,0.436224
261488, 927.148, 40, -1,-1,-1,60.9756,22.8199,0.019953,8.68e+08,10,125000,1,0,-11.7825,-19605.3,0,-139.176,-133,0.436224
261490, 927.155, 50, -1,-1,-1,39.6135,14.146,0.019953,8.68e+08,12,125000,1,0,9.08164,-19362.8,0,-132.355,-137,1.58106
261497, 927.373, 29, -1,-1,-1,52.7683,18.5141,0.019953,8.68e+08,11,125000,1,0,-5.30979,-19884.1,0,-137.125,-135,0.790528
261499, 927.61, 28, -1,-1,-1,56.8935,12.7001,0.015849,8.68e+08,11,125000,1,0,-8.485,-19329.9,0,-139.154,-135,0.790528
261501, 927.622, 7, -1,-1,-1,49.8595,17.3781,0.015849,8.68e+08,12,125000,1,0,-2.70385,-19907.9,0,-137.257,-137,1.58106
261503, 927.891, 34, -1,-1,-1,46.0916,17.4756,0.025119,8.68e+08,12,125000,1,0,0.888178,-19983.9,0,-134.047,-137,1.58106
261510, 928.009, 56, -1,-1,-1,35.9437,14.8854,0.015849,8.68e+08,11,125000,1,0,15.2474,-19102.8,0,-131.516,-135,0.790528
261527, 928.508, 57, -1,-1,-1,34.4409,34.819,0.015849,8.68e+08,10,125000,1,0,3.01257,-15336.5,0,-135.341,-133,0.436224
261534, 928.839, 16, -1,-1,-1,44.9358,4.6114,0.019953,8.68e+08,11,125000,1,0,0.670638,-17492.4,0,-135.121,-135,0.790528
261566, 929.418, 39, -1,-1,-1,45.5509,21.6869,0.015849,8.68e+08,10,125000,1,0,0.619918,-20149.5,0,-136.138,-133,0.436224
261568, 929.452, 20, -1,-1,-1,38.6376,-10.9667,0.025119,8.68e+08,11,125000,1,0,-2.4944,-10032.2,0,-135.196,-135,0.790528
261570, 929.506, 26, -1,-1,-1,46.6423,9.83152,0.015849,8.68e+08,12,125000,1,0,0.078501,-18946.6,0,-136.32,-137,1.58106
261577, 929.867, 52, -1,-1,-1,40.5674,33.2068,0.019953,8.68e+08,12,125000,1,0,0.33951,-18210.6,0,-135.237,-137,1.58106
261580, 929.916, 10, -1,-1,-1,28.3922,30.4743,0.025119,8.68e+08,11,125000,1,0,10.7084,-11852,1,-130.859,-135,0.790528
261587, 929.96, 6, -1,-1,-1,58.7446,14.9011,0.015849,8.68e+08,11,125000,1,0,-9.96299,-19437.4,0,-139.618,-135,0.790528
261589, 930.002, 32, -1,-1,-1,51.0548,15.679,0.015849,8.68e+08,11,125000,1,0,-3.86413,-19778.8,0,-137.645,-135,0.790528
261601, 930.431, 27, -1,-1,-1,51.1796,4.80986,0.015849,8.68e+08,11,125000,1,0,-4.78894,-18293.5,0,-137.953,-135,0.790528
261603, 930.439, 4, -1,-1,-1,41.1415,14.3884,0.025119,8.68e+08,10,125000,1,0,6.5503,-19591,0,-132.163,-133,0.436224
261615, 930.801, 15, -1,-1,-1,46.4275,5.27678,0.019953,8.68e+08,12,125000,1,0,-0.61024,-17920.9,0,-135.553,-137,1.58106
261622, 930.853, 33, -1,-1,-1,48.4983,18.9946,0.019953,8.68e+08,12,125000,1,0,-1.78369,-20065.7,0,-135.948,-137,1.58106
261624, 931.023, 59, -1,-1,-1,70.5782,23.1906,0.015849,8.68e+08,11,125000,1,0,-18.2233,-18951.5,0,-142,-135,0.790528
261631, 931.279, 25, -1,-1,-1,47.35,6.57833,0.025119,8.68e+08,10,125000,1,0,-1.26947,-18359.4,0,-134.775,-133,0.436224
261633, 931.418, 44, -1,-1,-1,49.9843,31.8509,0.025119,8.68e+08,11,125000,1,0,-5.77501,-19744.6,0,-136.28,-135,0.790528
261635, 931.527, 5, -1,-1,-1,50.8916,5.95756,0.015849,8.68e+08,12,125000,1,0,-4.38881,-18484.9,0,-137.82,-137,1.58106
261642, 931.815, 17, -1,-1,-1,51.1746,0.474538,0.025119,8.68e+08,11,125000,1,0,-5.69872,-17488.9,0,-136.254,-135,0.790528
261644, 932.079, 3, -1,-1,-1,39.3525,-4.27633,0.015849,8.68e+08,12,125000,1,0,1.20978,-12581.8,0,-135.944,-137,1.58106
261651, 932.38, 1, -1,-1,-1,49.3433,4.02696,0.019953,8.68e+08,11,125000,1,0,-3.53373,-18015.8,0,-136.536,-135,0.790528
261653, 932.728, 18, -1,-1,-1,40.1886,3.38354,0.019953,8.68e+08,10,125000,1,0,4.68765,-15998.7,0,-133.777,-133,0.436224
261665, 933.345, 42, -1,-1,-1,57.9034,23.4627,0.025119,8.68e+08,10,125000,1,0,-9.96558,-19843.4,0,-137.619,-133,0.436224
261672, 933.584, 41, -1,-1,-1,58.2688,24.8952,0.025119,8.68e+08,10,125000,1,0,-10.3828,-19841.5,0,-137.748,-133,0.436224
261684, 933.99, 43, -1,-1,-1,53.287,23.7311,0.019953,8.68e+08,10,125000,1,0,-6.62373,-20058.6,0,-137.555,-133,0.436224
261686, 934.051, 22, -1,-1,-1,51.4039,9.10098,0.019953,8.68e+08,10,125000,1,0,-4.62014,-19062.3,0,-136.896,-133,0.436224
261698, 934.409, 19, -1,-1,-1,39.2054,-0.944952,0.015849,8.68e+08,11,125000,1,0,3.19793,-13891.9,0,-135.274,-135,0.790528
261700, 935.171, 11, -1,-1,-1,57.3201,37.6516,0.025119,8.68e+08,11,125000,1,0,-11.9859,-19580.6,0,-138.238,-135,0.790528
261722, 935.928, 9, -1,-1,-1,37.2508,22.8773,0.019953,8.68e+08,12,125000,1,0,9.1791,-19471.4,0,-132.325,-137,1.58106
261724, 935.938, 12, -1,-1,-1,54.913,-1.85238,0.025119,8.68e+08,10,125000,1,0,-9.00908,-17566.3,0,-137.32,-133,0.436224
261726, 936.343, 58, -1,-1,-1,61.527,-8.14045,0.019953,8.68e+08,11,125000,1,0,-14.2496,-17329.7,0,-139.904,-135,0.790528
261738, 936.795, 21, -1,-1,-1,42.7768,-8.93559,0.015849,8.68e+08,10,125000,1,0,-3.68271,-12991.8,0,-137.591,-133,0.436224
261755, 937.135, 36, -1,-1,-1,42.449,24.9,0.015849,8.68e+08,12,125000,1,0,2.30532,-19937.3,0,-135.571,-137,1.58106
261757, 937.244, 31, -1,-1,-1,53.6944,18.0178,0.019953,8.68e+08,12,125000,1,0,-6.49365,-19903.2,0,-137.512,-137,1.58106
261759, 937.367, 35, -1,-1,-1,43.0379,25.6615,0.019953,8.68e+08,10,125000,1,0,1.37196,-19929.1,0,-134.885,-133,0.436224
261761, 937.466, 13, -1,-1,-1,56.1471,-3.21172,0.019953,8.68e+08,10,125000,1,0,-10.1471,-17501.8,0,-138.676,-133,0.436224
261763, 937.508, 46, -1,-1,-1,52.8958,29.0093,0.015849,8.68e+08,11,125000,1,0,-7.40997,-20001,0,-138.81,-135,0.790528
261775, 938.352, 48, -1,-1,-1,57.3759,11.2263,0.015849,8.68e+08,10,125000,1,0,-9.39689,-19303,0,-139.441,-133,0.436224
261777, 938.526, 50, -1,-1,-1,39.6135,14.146,0.019953,8.68e+08,12,125000,1,0,8.06273,-19572.9,0,-132.676,-137,1.58106
261814, 939.472, 30, -1,-1,-1,51.4066,20.2801,0.015849,8.68e+08,10,125000,1,0,-4.98933,-20117.3,0,-138.018,-133,0.436224
261816, 939.723, 8, -1,-1,-1,60.2786,11.8187,0.015849,8.68e+08,10,125000,1,0,-11.5455,-19263.8,0,-140.103,-133,0.436224
261818, 939.749, 47, -1,-1,-1,61.5463,6.00261,0.015849,8.68e+08,12,125000,1,0,-12.6478,-18771.2,0,-140.434,-137,1.58106
261820, 940.245, 28, -1,-1,-1,56.8935,12.7001,0.015849,8.68e+08,11,125000,1,0,-9.0692,-19454.2,0,-139.338,-135,0.790528
261822, 940.264, 7, -1,-1,-1,49.8595,17.3781,0.015849,8.68e+08,12,125000,1,0,-3.40872,-20031.1,0,-137.492,-137,1.58106
261824, 940.339, 54, -1,-1,-1,32.8604,-15.6934,0.025119,8.68e+08,12,125000,1,0,-4.00255,-5769.87,0,-135.703,-137,1.58106
261836, 941.008, 38, -1,-1,-1,46.6514,16.8355,0.025119,8.68e+08,12,125000,1,0,-0.447762,-20071.1,0,-134.496,-137,1.58106
261838, 941.047, 53, -1,-1,-1,63.3677,-20.5267,0.019953,8.68e+08,12,125000,1,0,-17.6821,-16309.5,0,-140.857,-137,1.58106
261855, 941.405, 0, -1,-1,-1,50.9975,-0.836329,0.019953,8.68e+08,10,125000,1,0,-6.31371,-17168,0,-137.455,-133,0.436224
261867, 941.534, 49, -1,-1,-1,46.1161,7.79982,0.019953,8.68e+08,11,125000,1,0,-0.454259,-18488.2,0,-135.499,-135,0.790528
261869, 941.538, 39, -1,-1,-1,45.5509,21.6869,0.015849,8.68e+08,10,125000,1,0,-0.149524,-20072.7,0,-136.396,-133,0.436224
261876, 941.935, 14, -1,-1,-1,53.6396,-5.90614,0.025119,8.68e+08,11,125000,1,0,-9.30689,-16601.1,0,-137.414,-135,0.790528
261878, 942.006, 27, -1,-1,-1,51.1796,4.80986,0.015849,8.68e+08,11,125000,1,0,-5.34621,-18257.8,0,-138.136,-135,0.790528
261885, 942.209, 59, -1,-1,-1,70.5782,23.1906,0.015849,8.68e+08,11,125000,1,0,-18.6647,-18796.4,0,-142.115,-135,0.790528
261887, 942.24, 29, -1,-1,-1,52.7683,18.5141,0.019953,8.68e+08,11,125000,1,0,-6.07326,-19811,0,-137.374,-135,0.790528
261889, 942.469, 37, -1,-1,-1,40.5376,22.945,0.025119,8.68e+08,10,125000,1,0,4.5583,-19837,0,-132.818,-133,0.436224
261906, 943.321, 6, -1,-1,-1,58.7446,14.9011,0.015849,8.68e+08,11,125000,1,0,-10.5644,-19340.9,0,-139.803,-135,0.790528
261908, 943.418, 26, -1,-1,-1,46.6423,9.83152,0.015849,8.68e+08,12,125000,1,0,-0.736394,-18952.7,0,-136.594,-137,1.58106
261925, 943.765, 17, -1,-1,-1,51.1746,0.474538,0.025119,8.68e+08,11,125000,1,0,-6.23512,-17483.2,0,-136.428,-135,0.790528
261927, 944.254, 52, -1,-1,-1,40.5674,33.2068,0.019953,8.68e+08,12,125000,1,0,-0.479473,-18288.6,0,-135.513,-137,1.58106
261929, 944.327, 56, -1,-1,-1,35.9437,14.8854,0.015849,8.68e+08,11,125000,1,0,13.3007,-19270.1,0,-132.073,-135,0.790528
261931, 944.53, 44, -1,-1,-1,49.9843,31.8509,0.025119,8.68e+08,11,125000,1,0,-6.43478,-19669,0,-136.495,-135,0.790528
261943, 945.047, 33, -1,-1,-1,48.4983,18.9946,0.019953,8.68e+08,12,125000,1,0,-2.60363,-20000.2,0,-136.222,-137,1.58106
261960, 945.43, 18, -1,-1,-1,40.1886,3.38354,0.019953,8.68e+08,10,125000,1,0,3.91981,-16200.1,0,-134.03,-133,0.436224
261962, 945.544, 32, -1,-1,-1,51.0548,15.679,0.015849,8.68e+08,11,125000,1,0,-4.69093,-19729,0,-137.919,-135,0.790528
261969, 945.866, 51, -1,-1,-1,41.1184,27.7906,0.015849,8.68e+08,11,125000,1,0,1.6973,-19361.8,0,-135.776,-135,0.790528
261972, 946.449, 10, -1,-1,-1,28.3922,30.4743,0.025119,8.68e+08,11,125000,1,0,9.69195,-12647.7,1,-131.171,-135,0.790528
261984, 946.846, 55, -1,-1,-1,28.1932,-17.432,0.019953,8.68e+08,12,125000,1,0,-4.64634,-2415.32,0,-136.918,-137,1.58106
261991, 946.92, 12, -1,-1,-1,54.913,-1.85238,0.025119,8.68e+08,10,125000,1,0,-9.46469,-17515.6,0,-137.462,-133,0.436224
261993, 946.951, 34, -1,-1,-1,46.0916,17.4756,0.025119,8.68e+08,12,125000,1,0,-0.316503,-19988,0,-134.452,-137,1.58106
262000, 947.299, 22, -1,-1,-1,51.4039,9.10098,0.019953,8.68e+08,10,125000,1,0,-5.28492,-19020.9,0,-137.115,-133,0.436224
262002, 947.35, 20, -1,-1,-1,38.6376,-10.9667,0.025119,8.68e+08,11,125000,1,0,-3.01836,-10556.5,0,-135.37,-135,0.790528
262029, 948.536, 57, -1,-1,-1,34.4409,34.819,0.015849,8.68e+08,10,125000,1,0,1.93399,-15805.8,0,-135.702,-133,0.436224
262031, 948.574, 45, -1,-1,-1,50.3904,22.374,0.025119,8.68e+08,10,125000,1,0,-4.90171,-20065.7,0,-135.989,-133,0.436224
262038, 948.825, 4, -1,-1,-1,41.1415,14.3884,0.025119,8.68e+08,10,125000,1,0,5.09756,-19670.7,0,-132.637,-133,0.436224
262040, 948.849, 23, -1,-1,-1,52.7669,10.7089,0.019953,8.68e+08,12,125000,1,0,-6.30397,-19228.7,0,-137.449,-137,1.58106
262052, 949.548, 21, -1,-1,-1,42.7768,-8.93559,0.015849,8.68e+08,10,125000,1,0,-4.13714,-13196.4,0,-137.741,-133,0.436224
262059, 949.565, 25, -1,-1,-1,47.35,6.57833,0.025119,8.68e+08,10,125000,1,0,-2.25398,-18461.5,0,-135.105,-133,0.436224
262071, 949.711, 9, -1,-1,-1,37.2508,22.8773,0.019953,8.68e+08,12,125000,1,0,7.94344,-19519.7,0,-132.715,-137,1.58106
262073, 949.985, 2, -1,-1,-1,54.1874,12.6163,0.025119,8.68e+08,10,125000,1,0,-7.47276,-19420,0,-136.828,-133,0.436224
262075, 949.988, 31, -1,-1,-1,53.6944,18.0178,0.019953,8.68e+08,12,125000,1,0,-7.12634,-19809.1,0,-137.716,-137,1.58106
262092, 950.373, 15, -1,-1,-1,46.4275,5.27678,0.019953,8.68e+08,12,125000,1,0,-1.66494,-18084.9,0,-135.907,-137,1.58106
262094, 950.393, 28, -1,-1,-1,56.8935,12.7001,0.015849,8.68e+08,11,125000,1,0,-9.53291,-19338.6,0,-139.482,-135,0.790528
262096, 950.523, 40, -1,-1,-1,60.9756,22.8199,0.019953,8.68e+08,10,125000,1,0,-12.8065,-19570.7,0,-139.48,-133,0.436224
262098, 950.576, 24, -1,-1,-1,48.8042,9.34343,0.025119,8.68e+08,10,125000,1,0,-3.22591,-19055.8,0,-135.43,-133,0.436224
262230, 951.139, 58, -1,-1,-1,61.527,-8.14045,0.019953,8.68e+08,11,125000,1,0,-14.8036,-17293.1,0,-140.061,-135,0.790528
262232, 951.215, 7, -1,-1,-1,49.8595,17.3781,0.015849,8.68e+08,12,125000,1,0,-4.00637,-19933.8,0,-137.691,-137,1.58106
262234, 951.319, 13, -1,-1,-1,56.1471,-3.21172,0.019953,8.68e+08,10,125000,1,0,-10.7057,-17487,0,-138.847,-133,0.436224
262236, 951.411, 11, -1,-1,-1,57.3201,37.6516,0.025119,8.68e+08,11,125000,1,0,-12.6933,-19498.7,0,-138.448,-135,0.790528
262273, 952.876, 19, -1,-1,-1,39.2054,-0.944952,0.015849,8.68e+08,11,125000,1,0,2.28529,-14395.6,0,-135.578,-135,0.790528
262275, 952.899, 16, -1,-1,-1,44.9358,4.6114,0.019953,8.68e+08,11,125000,1,0,-0.655984,-17800,0,-135.567,-135,0.790528
262277, 953.056, 5, -1,-1,-1,50.8916,5.95756,0.015849,8.68e+08,12,125000,1,0,-5.4416,-18588.3,0,-138.167,-137,1.58106
262279, 953.204, 1, -1,-1,-1,49.3433,4.02696,0.019953,8.68e+08,11,125000,1,0,-4.5533,-18155.7,0,-136.873,-135,0.790528
262281, 953.267, 47, -1,-1,-1,61.5463,6.00261,0.015849,8.68e+08,12,125000,1,0,-13.2065,-18686,0,-140.598,-137,1.58106
262303, 954.21, 0, -1,-1,-1,50.9975,-0.836329,0.019953,8.68e+08,10,125000,1,0,-6.87223,-17396.1,0,-137.635,-133,0.436224
262305, 954.22, 3, -1,-1,-1,39.3525,-4.27633,0.015849,8.68e+08,12,125000,1,0,0.288819,-13254.2,0,-136.252,-137,1.58106
262307, 954.306, 50, -1,-1,-1,39.6135,14.146,0.019953,8.68e+08,12,125000,1,0,6.72311,-19632.1,0,-133.105,-137,1.58106
262309, 954.62, 49, -1,-1,-1,46.1161,7.79982,0.019953,8.68e+08,11,125000,1,0,-1.19175,-18706.8,0,-135.747,-135,0.790528
262311, 954.726, 46, -1,-1,-1,52.8958,29.0093,0.015849,8.68e+08,11,125000,1,0,-8.24671,-19939.1,0,-139.077,-135,0.790528
262313, 954.9, 38, -1,-1,-1,46.6514,16.8355,0.025119,8.68e+08,12,125000,1,0,-1.28584,-20016.7,0,-134.778,-137,1.58106
262335, 955.783, 41, -1,-1,-1,58.2688,24.8952,0.025119,8.68e+08,10,125000,1,0,-11.3874,-19800.4,0,-138.054,-133,0.436224
262342, 956.136, 37, -1,-1,-1,40.5376,22.945,0.025119,8.68e+08,10,125000,1,0,3.54923,-20014.5,0,-133.152,-133,0.436224
262349, 956.281, 14, -1,-1,-1,53.6396,-5.90614,0.025119,8.68e+08,11,125000,1,0,-9.87151,-16853,0,-137.59,-135,0.790528
262356, 956.573, 36, -1,-1,-1,42.449,24.9,0.015849,8.68e+08,12,125000,1,0,1.01462,-19974.8,0,-136.003,-137,1.58106
262358, 956.865, 6, -1,-1,-1,58.7446,14.9011,0.015849,8.68e+08,11,125000,1,0,-11.1663,-19463.3,0,-139.986,-135,0.790528
262365, 957.213, 27, -1,-1,-1,51.1796,4.80986,0.015849,8.68e+08,11,125000,1,0,-6.06739,-18481.2,0,-138.372,-135,0.790528
262377, 957.725, 29, -1,-1,-1,52.7683,18.5141,0.019953,8.68e+08,11,125000,1,0,-6.85111,-19948,0,-137.626,-135,0.790528
262379, 957.745, 26, -1,-1,-1,46.6423,9.83152,0.015849,8.68e+08,12,125000,1,0,-1.55307,-19161,0,-136.868,-137,1.58106
262391, 957.898, 48, -1,-1,-1,57.3759,11.2263,0.015849,8.68e+08,10,125000,1,0,-10.2739,-19281.8,0,-139.712,-133,0.436224
262393, 957.952, 43, -1,-1,-1,53.287,23.7311,0.019953,8.68e+08,10,125000,1,0,-7.81064,-20048.5,0,-137.936,-133,0.436224
262395, 958.33, 42, -1,-1,-1,57.9034,23.4627,0.025119,8.68e+08,10,125000,1,0,-11.1039,-19827.1,0,-137.968,-133,0.436224
262397, 959.411, 53, -1,-1,-1,63.3677,-20.5267,0.019953,8.68e+08,12,125000,1,0,-18.3056,-16322.8,0,-141.021,-137,1.58106
262409, 961.047, 17, -1,-1,-1,51.1746,0.474538,0.025119,8.68e+08,11,125000,1,0,-7.00144,-17557.5,0,-136.676,-135,0.790528
262411, 961.067, 28, -1,-1,-1,56.8935,12.7001,0.015849,8.68e+08,11,125000,1,0,-10.0155,-19223.2,0,-139.632,-135,0.790528
262428, 962.106, 8, -1,-1,-1,60.2786,11.8187,0.015849,8.68e+08,10,125000,1,0,-12.5072,-19028.5,0,-140.39,-133,0.436224
262430, 962.379, 22, -1,-1,-1,51.4039,9.10098,0.019953,8.68e+08,10,125000,1,0,-6.02748,-18994.5,0,-137.358,-133,0.436224
262448, 962.796, 55, -1,-1,-1,28.1932,-17.432,0.019953,8.68e+08,12,125000,1,0,-4.76582,-2965.62,1,-136.956,-137,1.58106
262465, 963.069, 30, -1,-1,-1,51.4066,20.2801,0.015849,8.68e+08,10,125000,1,0,-6.21017,-19912.7,0,-138.417,-133,0.436224
262467, 963.077, 18, -1,-1,-1,40.1886,3.38354,0.019953,8.68e+08,10,125000,1,0,2.87602,-16521.3,0,-134.377,-133,0.436224
262469, 963.2, 20, -1,-1,-1,38.6376,-10.9667,0.025119,8.68e+08,11,125000,1,0,-3.49659,-10966.1,0,-135.528,-135,0.790528
262486, 963.834, 2, -1,-1,-1,54.1874,12.6163,0.025119,8.68e+08,10,125000,1,0,-8.12969,-19346.3,0,-137.037,-133,0.436224
262498, 964.272, 24, -1,-1,-1,48.8042,9.34343,0.025119,8.68e+08,10,125000,1,0,-3.94387,-19029,0,-135.669,-133,0.436224
262500, 964.289, 39, -1,-1,-1,45.5509,21.6869,0.015849,8.68e+08,10,125000,1,0,-1.53537,-20095.1,0,-136.862,-133,0.436224
262502, 964.481, 54, -1,-1,-1,32.8604,-15.6934,0.025119,8.68e+08,12,125000,1,0,-4.40303,-6446.56,0,-135.834,-137,1.58106
262504, 964.481, 50, -1,-1,-1,39.6135,14.146,0.019953,8.68e+08,12,125000,1,0,5.9004,-19586,0,-133.372,-137,1.58106
262506, 964.512, 9, -1,-1,-1,37.2508,22.8773,0.019953,8.68e+08,12,125000,1,0,6.68972,-19567.2,0,-133.118,-137,1.58106
262508, 964.6, 16, -1,-1,-1,44.9358,4.6114,0.019953,8.68e+08,11,125000,1,0,-1.2841,-17824.5,0,-135.778,-135,0.790528
262520, 965.095, 4, -1,-1,-1,41.1415,14.3884,0.025119,8.68e+08,10,125000,1,0,3.88495,-19699.8,0,-133.038,-133,0.436224
262527, 965.35, 47, -1,-1,-1,61.5463,6.00261,0.015849,8.68e+08,12,125000,1,0,-13.7018,-18581,0,-140.742,-137,1.58106
262539, 965.896, 44, -1,-1,-1,49.9843,31.8509,0.025119,8.68e+08,11,125000,1,0,-7.48535,-19664.6,0,-136.833,-135,0.790528
262546, 966.204, 40, -1,-1,-1,60.9756,22.8199,0.019953,8.68e+08,10,125000,1,0,-13.4823,-19470.8,0,-139.678,-133,0.436224
262553, 966.242, 13, -1,-1,-1,56.1471,-3.21172,0.019953,8.68e+08,10,125000,1,0,-11.3028,-17479.7,0,-139.028,-133,0.436224
262555, 966.248, 15, -1,-1,-1,46.4275,5.27678,0.019953,8.68e+08,12,125000,1,0,-2.49839,-18158.7,0,-136.186,-137,1.58106
262572, 966.997, 59, -1,-1,-1,70.5782,23.1906,0.015849,8.68e+08,11,125000,1,0,-19.6343,-18750.6,0,-142.364,-135,0.790528
262574, 967.045, 56, -1,-1,-1,35.9437,14.8854,0.015849,8.68e+08,11,125000,1,0,10.8609,-19526.2,0,-132.8,-135,0.790528
262591, 967.741, 33, -1,-1,-1,48.4983,18.9946,0.019953,8.68e+08,12,125000,1,0,-3.86842,-20008.7,0,-136.644,-137,1.58106
262603, 967.96, 52, -1,-1,-1,40.5674,33.2068,0.019953,8.68e+08,12,125000,1,0,-1.78701,-18506.2,0,-135.951,-137,1.58106
262605, 968.005, 23, -1,-1,-1,52.7669,10.7089,0.019953,8.68e+08,12,125000,1,0,-7.22878,-19228.6,0,-137.748,-137,1.58106
262607, 968.035, 14, -1,-1,-1,53.6396,-5.90614,0.025119,8.68e+08,11,125000,1,0,-10.3315,-16829.3,0,-137.731,-135,0.790528
262620, 968.257, 10, -1,-1,-1,28.3922,30.4743,0.025119,8.68e+08,11,125000,1,0,8.33846,-13622.9,1,-131.595,-135,0.790528
262622, 968.504, 49, -1,-1,-1,46.1161,7.79982,0.019953,8.68e+08,11,125000,1,0,-1.95621,-18720.3,0,-136.003,-135,0.790528
262629, 968.645, 45, -1,-1,-1,50.3904,22.374,0.025119,8.68e+08,10,125000,1,0,-5.94831,-20032.5,0,-136.332,-133,0.436224
262631, 968.717, 1, -1,-1,-1,49.3433,4.02696,0.019953,8.68e+08,11,125000,1,0,-5.2971,-18191.3,0,-137.118,-135,0.790528
262643, 969.007, 46, -1,-1,-1,52.8958,29.0093,0.015849,8.68e+08,11,125000,1,0,-8.92751,-19848.7,0,-139.292,-135,0.790528
262655, 969.416, 5, -1,-1,-1,50.8916,5.95756,0.015849,8.68e+08,12,125000,1,0,-6.22377,-18603.3,0,-138.422,-137,1.58106
262667, 969.652, 6, -1,-1,-1,58.7446,14.9011,0.015849,8.68e+08,11,125000,1,0,-11.7279,-19357.3,0,-140.156,-135,0.790528
262669, 969.69, 32, -1,-1,-1,51.0548,15.679,0.015849,8.68e+08,11,125000,1,0,-5.93589,-19756.1,0,-138.327,-135,0.790528
262676, 969.881, 29, -1,-1,-1,52.7683,18.5141,0.019953,8.68e+08,11,125000,1,0,-7.4503,-19846.1,0,-137.819,-135,0.790528
262688, 970.124, 3, -1,-1,-1,39.3525,-4.27633,0.015849,8.68e+08,12,125000,1,0,-0.378506,-13632,0,-136.476,-137,1.58106
262690, 970.412, 51, -1,-1,-1,41.1184,27.7906,0.015849,8.68e+08,11,125000,1,0,0.151235,-19508.4,0,-136.295,-135,0.790528
262692, 970.475, 57, -1,-1,-1,34.4409,34.819,0.015849,8.68e+08,10,125000,1,0,0.774138,-16266.5,0,-136.091,-133,0.436224
262699, 970.56, 25, -1,-1,-1,47.35,6.57833,0.025119,8.68e+08,10,125000,1,0,-3.35121,-18585.8,0,-135.471,-133,0.436224
262706, 970.644, 34, -1,-1,-1,46.0916,17.4756,0.025119,8.68e+08,12,125000,1,0,-1.7412,-20028.7,0,-134.93,-137,1.58106
262708, 970.934, 12, -1,-1,-1,54.913,-1.85238,0.025119,8.68e+08,10,125000,1,0,-10.4503,-17650.7,0,-137.767,-133,0.436224
262715, 971.068, 26, -1,-1,-1,46.6423,9.83152,0.015849,8.68e+08,12,125000,1,0,-2.29356,-19140.6,0,-137.116,-137,1.58106
262722, 971.284, 36, -1,-1,-1,42.449,24.9,0.015849,8.68e+08,12,125000,1,0,0.079609,-19946.4,0,-136.318,-137,1.58106
262724, 971.484, 21, -1,-1,-1,42.7768,-8.93559,0.015849,8.68e+08,10,125000,1,0,-4.92533,-13666,0,-138,-133,0.436224
262726, 971.525, 37, -1,-1,-1,40.5376,22.945,0.025119,8.68e+08,10,125000,1,0,2.46284,-20005.9,0,-133.514,-133,0.436224
262738, 972.155, 7, -1,-1,-1,49.8595,17.3781,0.015849,8.68e+08,12,125000,1,0,-5.11857,-19925,0,-138.058,-137,1.58106
262750, 972.757, 28, -1,-1,-1,56.8935,12.7001,0.015849,8.68e+08,11,125000,1,0,-10.5385,-19335,0,-139.793,-135,0.790528
262752, 972.951, 8, -1,-1,-1,60.2786,11.8187,0.015849,8.68e+08,10,125000,1,0,-12.9672,-19130.2,0,-140.525,-133,0.436224
262754, 973.017, 42, -1,-1,-1,57.9034,23.4627,0.025119,8.68e+08,10,125000,1,0,-11.7602,-19726.1,0,-138.166,-133,0.436224
262756, 973.187, 31, -1,-1,-1,53.6944,18.0178,0.019953,8.68e+08,12,125000,1,0,-8.25145,-19802,0,-138.076,-137,1.58106
262768, 973.994, 11, -1,-1,-1,57.3201,37.6516,0.025119,8.68e+08,11,125000,1,0,-13.6621,-19464.1,0,-138.731,-135,0.790528
262785, 974.998, 48, -1,-1,-1,57.3759,11.2263,0.015849,8.68e+08,10,125000,1,0,-11.0284,-19230.5,0,-139.943,-133,0.436224
262792, 975.095, 19, -1,-1,-1,39.2054,-0.944952,0.015849,8.68e+08,11,125000,1,0,1.19343,-14970.2,0,-135.944,-135,0.790528
262794, 975.37, 58, -1,-1,-1,61.527,-8.14045,0.019953,8.68e+08,11,125000,1,0,-15.7044,-17372.3,0,-140.313,-135,0.790528
262796, 975.445, 43, -1,-1,-1,53.287,23.7311,0.019953,8.68e+08,10,125000,1,0,-8.6542,-19981.7,0,-138.204,-133,0.436224
262799, 975.489, 54, -1,-1,-1,32.8604,-15.6934,0.025119,8.68e+08,12,125000,1,0,-4.60185,-6942.39,1,-135.899,-137,1.58106
262811, 977.167, 0, -1,-1,-1,50.9975,-0.836329,0.019953,8.68e+08,10,125000,1,0,-7.8606,-17568,0,-137.952,-133,0.436224
262819, 977.728, 38, -1,-1,-1,46.6514,16.8355,0.025119,8.68e+08,12,125000,1,0,-2.61021,-20044.8,1,-135.222,-137,1.58106
262826, 978.181, 2, -1,-1,-1,54.1874,12.6163,0.025119,8.68e+08,10,125000,1,0,-8.79946,-19487.4,0,-137.249,-133,0.436224
262833, 978.963, 15, -1,-1,-1,46.4275,5.27678,0.019953,8.68e+08,12,125000,1,0,-3.15263,-18373.2,0,-136.404,-137,1.58106
262870, 979.535, 13, -1,-1,-1,56.1471,-3.21172,0.019953,8.68e+08,10,125000,1,0,-11.8307,-17668,0,-139.187,-133,0.436224
262872, 979.627, 39, -1,-1,-1,45.5509,21.6869,0.015849,8.68e+08,10,125000,1,0,-2.43141,-20237.3,0,-137.162,-133,0.436224
262879, 979.923, 41, -1,-1,-1,58.2688,24.8952,0.025119,8.68e+08,10,125000,1,0,-12.4565,-19770.2,0,-138.374,-133,0.436224
262881, 980.263, 1, -1,-1,-1,49.3433,4.02696,0.019953,8.68e+08,11,125000,1,0,-5.84246,-18366.7,0,-137.296,-135,0.790528
262883, 980.316, 9, -1,-1,-1,37.2508,22.8773,0.019953,8.68e+08,12,125000,1,0,5.42479,-19812.1,0,-133.529,-137,1.58106
262895, 980.729, 50, -1,-1,-1,39.6135,14.146,0.019953,8.68e+08,12,125000,1,0,4.64608,-19828.9,0,-133.784,-137,1.58106
262907, 981.016, 47, -1,-1,-1,61.5463,6.00261,0.015849,8.68e+08,12,125000,1,0,-14.3384,-18740.5,0,-140.924,-137,1.58106
262919, 981.094, 53, -1,-1,-1,63.3677,-20.5267,0.019953,8.68e+08,12,125000,1,0,-19.0396,-16373.7,0,-141.211,-137,1.58106
262921, 981.365, 14, -1,-1,-1,53.6396,-5.90614,0.025119,8.68e+08,11,125000,1,0,-10.8504,-16823.8,0,-137.89,-135,0.790528
262923, 981.382, 36, -1,-1,-1,42.449,24.9,0.015849,8.68e+08,12,125000,1,0,-0.543394,-20055.3,0,-136.527,-137,1.58106
262925, 981.454, 24, -1,-1,-1,48.8042,9.34343,0.025119,8.68e+08,10,125000,1,0,-4.82417,-19038,0,-135.96,-133,0.436224
262927, 981.646, 27, -1,-1,-1,51.1796,4.80986,0.015849,8.68e+08,11,125000,1,0,-7.20177,-18395.4,0,-138.738,-135,0.790528
262929, 981.815, 49, -1,-1,-1,46.1161,7.79982,0.019953,8.68e+08,11,125000,1,0,-2.67283,-18714,0,-136.243,-135,0.790528
262941, 982.098, 55, -1,-1,-1,28.1932,-17.432,0.019953,8.68e+08,12,125000,1,0,-4.94287,-3666.44,0,-137.014,-137,1.58106
262958, 982.301, 22, -1,-1,-1,51.4039,9.10098,0.019953,8.68e+08,10,125000,1,0,-6.98733,-19017.2,0,-137.668,-133,0.436224
262975, 982.527, 7, -1,-1,-1,49.8595,17.3781,0.015849,8.68e+08,12,125000,1,0,-5.65586,-19813.1,0,-138.234,-137,1.58106
262977, 982.712, 18, -1,-1,-1,40.1886,3.38354,0.019953,8.68e+08,10,125000,1,0,1.74569,-16851.4,0,-134.755,-133,0.436224
262979, 982.905, 51, -1,-1,-1,41.1184,27.7906,0.015849,8.68e+08,11,125000,1,0,-0.603372,-19475.4,0,-136.549,-135,0.790528
262982, 983.064, 10, -1,-1,-1,28.3922,30.4743,0.025119,8.68e+08,11,125000,1,0,7.42093,-14141.7,1,-131.887,-135,0.790528
262984, 983.153, 59, -1,-1,-1,70.5782,23.1906,0.015849,8.68e+08,11,125000,1,0,-20.2605,-18630.3,0,-142.521,-135,0.790528
262986, 983.226, 46, -1,-1,-1,52.8958,29.0093,0.015849,8.68e+08,11,125000,1,0,-9.59438,-19753.4,0,-139.5,-135,0.790528
262988, 983.259, 32, -1,-1,-1,51.0548,15.679,0.015849,8.68e+08,11,125000,1,0,-6.6165,-19675,0,-138.548,-135,0.790528
262990, 983.401, 34, -1,-1,-1,46.0916,17.4756,0.025119,8.68e+08,12,125000,1,0,-2.47897,-19951.3,0,-135.177,-137,1.58106
262997, 984.737, 16, -1,-1,-1,44.9358,4.6114,0.019953,8.68e+08,11,125000,1,0,-2.34068,-17993.5,0,-136.132,-135,0.790528
263009, 985.693, 17, -1,-1,-1,51.1746,0.474538,0.025119,8.68e+08,11,125000,1,0,-8.07609,-17732.4,0,-137.02,-135,0.790528
263026, 985.967, 56, -1,-1,-1,35.9437,14.8854,0.015849,8.68e+08,11,125000,1,0,9.02594,-19656.3,0,-133.367,-135,0.790528
263038, 986.502, 58, -1,-1,-1,61.527,-8.14045,0.019953,8.68e+08,11,125000,1,0,-16.1157,-17274.1,0,-140.426,-135,0.790528
263040, 986.569, 30, -1,-1,-1,51.4066,20.2801,0.015849,8.68e+08,10,125000,1,0,-7.3849,-19904.1,0,-138.797,-133,0.436224
263042, 986.646, 44, -1,-1,-1,49.9843,31.8509,0.025119,8.68e+08,11,125000,1,0,-8.47929,-19646.5,0,-137.149,-135,0.790528
263059, 987.254, 20, -1,-1,-1,38.6376,-10.9667,0.025119,8.68e+08,11,125000,1,0,-4.24406,-11649.4,0,-135.775,-135,0.790528
263071, 987.493, 33, -1,-1,-1,48.4983,18.9946,0.019953,8.68e+08,12,125000,1,0,-4.92838,-19982.4,0,-136.994,-137,1.58106
263073, 987.507, 4, -1,-1,-1,41.1415,14.3884,0.025119,8.68e+08,10,125000,1,0,2.31084,-19794.8,0,-133.562,-133,0.436224
263080, 987.848, 21, -1,-1,-1,42.7768,-8.93559,0.015849,8.68e+08,10,125000,1,0,-5.51739,-13931.8,0,-138.194,-133,0.436224
263082, 988.285, 3, -1,-1,-1,39.3525,-4.27633,0.015849,8.68e+08,12,125000,1,0,-1.14358,-14051.4,0,-136.733,-137,1.58106
263084, 988.814, 23, -1,-1,-1,52.7669,10.7089,0.019953,8.68e+08,12,125000,1,0,-8.21002,-19237.1,0,-138.061,-137,1.58106
263086, 988.926, 38, -1,-1,-1,46.6514,16.8355,0.025119,8.68e+08,12,125000,1,0,-3.23832,-19951.9,0,-135.431,-137,1.58106
263093, 989.196, 5, -1,-1,-1,50.8916,5.95756,0.015849,8.68e+08,12,125000,1,0,-7.15061,-18652.4,0,-138.721,-137,1.58106
263095, 989.458, 25, -1,-1,-1,47.35,6.57833,0.025119,8.68e+08,10,125000,1,0,-4.31126,-18657.9,0,-135.789,-133,0.436224
263112, 990.266, 2, -1,-1,-1,54.1874,12.6163,0.025119,8.68e+08,10,125000,1,0,-9.35566,-19390.6,0,-137.423,-133,0.436224
263119, 990.463, 41, -1,-1,-1,58.2688,24.8952,0.025119,8.68e+08,10,125000,1,0,-12.9164,-19631.9,0,-138.509,-133,0.436224
263126, 990.883, 40, -1,-1,-1,60.9756,22.8199,0.019953,8.68e+08,10,125000,1,0,-14.5299,-19439.1,0,-139.978,-133,0.436224
263128, 990.958, 57, -1,-1,-1,34.4409,34.819,0.015849,8.68e+08,10,125000,1,0,-0.286902,-16625.7,0,-136.447,-133,0.436224
263145, 991.672, 8, -1,-1,-1,60.2786,11.8187,0.015849,8.68e+08,10,125000,1,0,-13.7527,-19075.6,0,-140.754,-133,0.436224
263152, 991.756, 19, -1,-1,-1,39.2054,-0.944952,0.015849,8.68e+08,11,125000,1,0,0.381798,-15300.3,0,-136.216,-135,0.790528
263154, 991.763, 26, -1,-1,-1,46.6423,9.83152,0.015849,8.68e+08,12,125000,1,0,-3.41075,-19207.1,0,-137.489,-137,1.58106
263166, 992.543, 6, -1,-1,-1,58.7446,14.9011,0.015849,8.68e+08,11,125000,1,0,-12.7185,-19336.1,0,-140.45,-135,0.790528
263168, 992.756, 45, -1,-1,-1,50.3904,22.374,0.025119,8.68e+08,10,125000,1,0,-7.16471,-20027.1,0,-136.725,-133,0.436224
263170, 992.802, 52, -1,-1,-1,40.5674,33.2068,0.019953,8.68e+08,12,125000,1,0,-3.10642,-18703.6,0,-136.393,-137,1.58106
263182, 993.374, 55, -1,-1,-1,28.1932,-17.432,0.019953,8.68e+08,12,125000,1,0,-5.06228,-4197.56,0,-137.052,-137,1.58106
263199, 993.713, 32, -1,-1,-1,51.0548,15.679,0.015849,8.68e+08,11,125000,1,0,-7.13231,-19771.9,0,-138.714,-135,0.790528
263201, 993.782, 0, -1,-1,-1,50.9975,-0.836329,0.019953,8.68e+08,10,125000,1,0,-8.56602,-17617.8,0,-138.175,-133,0.436224
263208, 994.102, 37, -1,-1,-1,40.5376,22.945,0.025119,8.68e+08,10,125000,1,0,0.95259,-20067.7,0,-134.021,-133,0.436224
263215, 994.31, 27, -1,-1,-1,51.1796,4.80986,0.015849,8.68e+08,11,125000,1,0,-7.77882,-18564.5,0,-138.923,-135,0.790528
263217, 994.365, 29, -1,-1,-1,52.7683,18.5141,0.019953,8.68e+08,11,125000,1,0,-8.62932,-19845,0,-138.194,-135,0.790528
263234, 994.759, 59, -1,-1,-1,70.5782,23.1906,0.015849,8.68e+08,11,125000,1,0,-20.7076,-18726,0,-142.632,-135,0.790528
263236, 994.845, 42, -1,-1,-1,57.9034,23.4627,0.025119,8.68e+08,10,125000,1,0,-12.72,-19677.3,0,-138.451,-133,0.436224
263238, 994.884, 12, -1,-1,-1,54.913,-1.85238,0.025119,8.68e+08,10,125000,1,0,-11.4194,-17765.6,0,-138.061,-133,0.436224
263245, 995.782, 50, -1,-1,-1,39.6135,14.146,0.019953,8.68e+08,12,125000,1,0,3.54208,-19834.9,0,-134.15,-137,1.58106
263247, 995.999, 54, -1,-1,-1,32.8604,-15.6934,0.025119,8.68e+08,12,125000,1,0,-4.99735,-7620.84,0,-136.028,-137,1.58106
263264, 996.608, 31, -1,-1,-1,53.6944,18.0178,0.019953,8.68e+08,12,125000,1,0,-9.35599,-19790.1,0,-138.423,-137,1.58106
263266, 996.754, 48, -1,-1,-1,57.3759,11.2263,0.015849,8.68e+08,10,125000,1,0,-11.9724,-19217.7,0,-140.227,-133,0.436224
263268, 996.829, 11, -1,-1,-1,57.3201,37.6516,0.025119,8.68e+08,11,125000,1,0,-14.6254,-19426.6,0,-139.007,-135,0.790528
263270, 996.907, 17, -1,-1,-1,51.1746,0.474538,0.025119,8.68e+08,11,125000,1,0,-8.55838,-17902,0,-137.172,-135,0.790528
263297, 998.927, 43, -1,-1,-1,53.287,23.7311,0.019953,8.68e+08,10,125000,1,0,-9.75953,-19957.6,0,-138.55,-133,0.436224
263299, 999.068, 33, -1,-1,-1,48.4983,18.9946,0.019953,8.68e+08,12,125000,1,0,-5.53369,-20083.3,0,-137.193,-137,1.58106
263301, 999.426, 16, -1,-1,-1,44.9358,4.6114,0.019953,8.68e+08,11,125000,1,0,-3.09314,-18250.7,0,-136.383,-135,0.790528
263303, 999.691, 53, -1,-1,-1,63.3677,-20.5267,0.019953,8.68e+08,12,125000,1,0,-19.6672,-16373.5,0,-141.371,-137,1.58106
263315, 1000.18, 5, -1,-1,-1,50.8916,5.95756,0.015849,8.68e+08,12,125000,1,0,-7.65682,-18791.7,0,-138.883,-137,1.58106
263323, 1000.82, 10, -1,-1,-1,28.3922,30.4743,0.025119,8.68e+08,11,125000,1,0,6.3301,-14725.7,1,-132.239,-135,0.790528
263330, 1000.94, 1, -1,-1,-1,49.3433,4.02696,0.019953,8.68e+08,11,125000,1,0,-6.80293,-18244.5,0,-137.608,-135,0.790528
263457, 1001.26, 49, -1,-1,-1,46.1161,7.79982,0.019953,8.68e+08,11,125000,1,0,-3.69331,-18785.6,0,-136.583,-135,0.790528
263464, 1001.69, 44, -1,-1,-1,49.9843,31.8509,0.025119,8.68e+08,11,125000,1,0,-9.18533,-19571,0,-137.371,-135,0.790528
263476, 1001.8, 21, -1,-1,-1,42.7768,-8.93559,0.015849,8.68e+08,10,125000,1,0,-6.02422,-14107.5,0,-138.359,-133,0.436224
263478, 1001.85, 51, -1,-1,-1,41.1184,27.7906,0.015849,8.68e+08,11,125000,1,0,-1.7111,-19512.8,0,-136.921,-135,0.790528
263495, 1002.32, 2, -1,-1,-1,54.1874,12.6163,0.025119,8.68e+08,10,125000,1,0,-9.90357,-19288.6,0,-137.594,-133,0.436224
263497, 1002.35, 39, -1,-1,-1,45.5509,21.6869,0.015849,8.68e+08,10,125000,1,0,-3.70928,-20042.6,0,-137.588,-133,0.436224
263519, 1002.88, 6, -1,-1,-1,58.7446,14.9011,0.015849,8.68e+08,11,125000,1,0,-13.16,-19200.2,0,-140.58,-135,0.790528
263526, 1003.23, 46, -1,-1,-1,52.8958,29.0093,0.015849,8.68e+08,11,125000,1,0,-10.5157,-19701.1,0,-139.784,-135,0.790528
263528, 1003.29, 58, -1,-1,-1,61.527,-8.14045,0.019953,8.68e+08,11,125000,1,0,-16.7331,-17242.1,0,-140.595,-135,0.790528
263530, 1003.35, 47, -1,-1,-1,61.5463,6.00261,0.015849,8.68e+08,12,125000,1,0,-15.2359,-18497.6,0,-141.178,-137,1.58106
263532, 1003.36, 19, -1,-1,-1,39.2054,-0.944952,0.015849,8.68e+08,11,125000,1,0,-0.179043,-15444.1,0,-136.404,-135,0.790528
263534, 1003.36, 23, -1,-1,-1,52.7669,10.7089,0.019953,8.68e+08,12,125000,1,0,-8.88271,-19172.4,0,-138.273,-137,1.58106
263536, 1003.93, 34, -1,-1,-1,46.0916,17.4756,0.025119,8.68e+08,12,125000,1,0,-3.62818,-19943.6,0,-135.561,-137,1.58106
263563, 1004.5, 36, -1,-1,-1,42.449,24.9,0.015849,8.68e+08,12,125000,1,0,-1.9183,-19905,0,-136.989,-137,1.58106
263565, 1004.63, 30, -1,-1,-1,51.4066,20.2801,0.015849,8.68e+08,10,125000,1,0,-8.2632,-19844.2,0,-139.077,-133,0.436224
263567, 1004.66, 18, -1,-1,-1,40.1886,3.38354,0.019953,8.68e+08,10,125000,1,0,0.520002,-17189.5,0,-135.166,-133,0.436224
263574, 1004.71, 4, -1,-1,-1,41.1415,14.3884,0.025119,8.68e+08,10,125000,1,0,1.16789,-19805,0,-133.946,-133,0.436224
263576, 1004.72, 24, -1,-1,-1,48.8042,9.34343,0.025119,8.68e+08,10,125000,1,0,-5.98301,-19109.4,0,-136.339,-133,0.436224
263578, 1005.1, 22, -1,-1,-1,51.4039,9.10098,0.019953,8.68e+08,10,125000,1,0,-8.05897,-19061.2,0,-138.011,-133,0.436224
263580, 1005.13, 56, -1,-1,-1,35.9437,14.8854,0.015849,8.68e+08,11,125000,1,0,7.3173,-19758.3,0,-133.91,-135,0.790528
263607, 1006.28, 14, -1,-1,-1,53.6396,-5.90614,0.025119,8.68e+08,11,125000,1,0,-11.8124,-16992.6,0,-138.18,-135,0.790528
263614, 1006.57, 37, -1,-1,-1,40.5376,22.945,0.025119,8.68e+08,10,125000,1,0,0.155919,-20006.5,0,-134.289,-133,0.436224
263621, 1006.76, 45, -1,-1,-1,50.3904,22.374,0.025119,8.68e+08,10,125000,1,0,-7.85274,-19933.9,0,-136.946,-133,0.436224
263628, 1006.89, 27, -1,-1,-1,51.1796,4.80986,0.015849,8.68e+08,11,125000,1,0,-8.34514,-18512.5,0,-139.103,-135,0.790528
263630, 1006.9, 3, -1,-1,-1,39.3525,-4.27633,0.015849,8.68e+08,12,125000,1,0,-1.92888,-14443.4,0,-136.996,-137,1.58106
263632, 1006.95, 52, -1,-1,-1,40.5674,33.2068,0.019953,8.68e+08,12,125000,1,0,-3.83659,-18716.9,0,-136.635,-137,1.58106
263634, 1007.16, 40, -1,-1,-1,60.9756,22.8199,0.019953,8.68e+08,10,125000,1,0,-15.2106,-19337.2,0,-140.171,-133,0.436224
263636, 1007.6, 17, -1,-1,-1,51.1746,0.474538,0.025119,8.68e+08,11,125000,1,0,-9.01469,-17842.4,0,-137.316,-135,0.790528
263643, 1008.65, 20, -1,-1,-1,38.6376,-10.9667,0.025119,8.68e+08,11,125000,1,0,-4.92708,-12182.9,0,-136,-135,0.790528
263655, 1009.6, 12, -1,-1,-1,54.913,-1.85238,0.025119,8.68e+08,10,125000,1,0,-12.0085,-17740.8,0,-138.238,-133,0.436224
263657, 1009.64, 57, -1,-1,-1,34.4409,34.819,0.015849,8.68e+08,10,125000,1,0,-1.23575,-16893.7,0,-136.766,-133,0.436224
263684, 1010.98, 48, -1,-1,-1,57.3759,11.2263,0.015849,8.68e+08,10,125000,1,0,-12.5806,-19128.6,0,-140.408,-133,0.436224
263691, 1011.38, 55, -1,-1,-1,28.1932,-17.432,0.019953,8.68e+08,12,125000,1,0,-5.27651,-4812.17,0,-137.122,-137,1.58106
263698, 1011.47, 0, -1,-1,-1,50.9975,-0.836329,0.019953,8.68e+08,10,125000,1,0,-9.30813,-17671.7,0,-138.408,-133,0.436224
263710, 1011.82, 50, -1,-1,-1,39.6135,14.146,0.019953,8.68e+08,12,125000,1,0,2.42035,-19842,0,-134.524,-137,1.58106
263712, 1011.94, 42, -1,-1,-1,57.9034,23.4627,0.025119,8.68e+08,10,125000,1,0,-13.4595,-19588.2,0,-138.667,-133,0.436224
263714, 1012.02, 38, -1,-1,-1,46.6514,16.8355,0.025119,8.68e+08,12,125000,1,0,-4.49405,-19966.3,0,-135.848,-137,1.58106
263721, 1012.19, 59, -1,-1,-1,70.5782,23.1906,0.015849,8.68e+08,11,125000,1,0,-21.3753,-18613.7,0,-142.796,-135,0.790528
263723, 1012.32, 53, -1,-1,-1,63.3677,-20.5267,0.019953,8.68e+08,12,125000,1,0,-20.0925,-16286.9,0,-141.478,-137,1.58106
263730, 1012.44, 16, -1,-1,-1,44.9358,4.6114,0.019953,8.68e+08,11,125000,1,0,-3.74764,-18261.1,0,-136.6,-135,0.790528
263732, 1012.52, 41, -1,-1,-1,58.2688,24.8952,0.025119,8.68e+08,10,125000,1,0,-13.8662,-19579,0,-138.786,-133,0.436224
263749, 1013.39, 8, -1,-1,-1,60.2786,11.8187,0.015849,8.68e+08,10,125000,1,0,-14.6514,-19043.1,0,-141.011,-133,0.436224
263751, 1013.67, 25, -1,-1,-1,47.35,6.57833,0.025119,8.68e+08,10,125000,1,0,-5.50655,-18786,0,-136.183,-133,0.436224
263753, 1013.95, 29, -1,-1,-1,52.7683,18.5141,0.019953,8.68e+08,11,125000,1,0,-9.54829,-19797,0,-138.482,-135,0.790528
263755, 1013.99, 34, -1,-1,-1,46.0916,17.4756,0.025119,8.68e+08,12,125000,1,0,-4.17606,-20036.8,0,-135.742,-137,1.58106
263772, 1016.09, 49, -1,-1,-1,46.1161,7.79982,0.019953,8.68e+08,11,125000,1,0,-4.45241,-18988,0,-136.834,-135,0.790528
263774, 1016.49, 21, -1,-1,-1,42.7768,-8.93559,0.015849,8.68e+08,10,125000,1,0,-6.55896,-14503.6,0,-138.532,-133,0.436224
263776, 1016.61, 46, -1,-1,-1,52.8958,29.0093,0.015849,8.68e+08,11,125000,1,0,-11.1215,-19807.5,0,-139.969,-135,0.790528
263793, 1017.47, 32, -1,-1,-1,51.0548,15.679,0.015849,8.68e+08,11,125000,1,0,-8.27942,-19776.4,0,-139.081,-135,0.790528
263801, 1017.9, 10, -1,-1,-1,28.3922,30.4743,0.025119,8.68e+08,11,125000,1,0,5.29465,-15401.6,1,-132.577,-135,0.790528
263803, 1017.91, 51, -1,-1,-1,41.1184,27.7906,0.015849,8.68e+08,11,125000,1,0,-2.618,-19699.5,0,-137.225,-135,0.790528
263820, 1018.76, 17, -1,-1,-1,51.1746,0.474538,0.025119,8.68e+08,11,125000,1,0,-9.48697,-18002.4,0,-137.463,-135,0.790528
263822, 1018.84, 43, -1,-1,-1,53.287,23.7311,0.019953,8.68e+08,10,125000,1,0,-10.675,-19901.5,0,-138.832,-133,0.436224
263834, 1019.35, 37, -1,-1,-1,40.5376,22.945,0.025119,8.68e+08,10,125000,1,0,-0.635481,-20139.3,0,-134.555,-133,0.436224
263836, 1019.46, 52, -1,-1,-1,40.5674,33.2068,0.019953,8.68e+08,12,125000,1,0,-4.47085,-18891.9,0,-136.845,-137,1.58106
263848, 1019.64, 20, -1,-1,-1,38.6376,-10.9667,0.025119,8.68e+08,11,125000,1,0,-5.2835,-12549.9,0,-136.117,-135,0.790528
263850, 1019.99, 33, -1,-1,-1,48.4983,18.9946,0.019953,8.68e+08,12,125000,1,0,-6.60121,-20058.2,0,-137.54,-137,1.58106
263872, 1021.08, 47, -1,-1,-1,61.5463,6.00261,0.015849,8.68e+08,12,125000,1,0,-15.9403,-18672.3,0,-141.374,-137,1.58106
263874, 1021.19, 31, -1,-1,-1,53.6944,18.0178,0.019953,8.68e+08,12,125000,1,0,-10.4855,-19781.6,0,-138.773,-137,1.58106
263876, 1021.35, 11, -1,-1,-1,57.3201,37.6516,0.025119,8.68e+08,11,125000,1,0,-15.6435,-19168.6,0,-139.293,-135,0.790528
263878, 1021.38, 56, -1,-1,-1,35.9437,14.8854,0.015849,8.68e+08,11,125000,1,0,5.96708,-19792.5,0,-134.347,-135,0.790528
263885, 1021.65, 44, -1,-1,-1,49.9843,31.8509,0.025119,8.68e+08,11,125000,1,0,-10.1046,-19533.5,0,-137.657,-135,0.790528
263892, 1022.28, 23, -1,-1,-1,52.7669,10.7089,0.019953,8.68e+08,12,125000,1,0,-9.74272,-19146.4,0,-138.542,-137,1.58106
263894, 1022.64, 14, -1,-1,-1,53.6396,-5.90614,0.025119,8.68e+08,11,125000,1,0,-12.4391,-17012.7,0,-138.367,-135,0.790528
263906, 1023.03, 53, -1,-1,-1,63.3677,-20.5267,0.019953,8.68e+08,12,125000,1,0,-20.4525,-16169.5,0,-141.568,-137,1.58106
263913, 1023.18, 24, -1,-1,-1,48.8042,9.34343,0.025119,8.68e+08,10,125000,1,0,-6.87833,-19110.9,0,-136.63,-133,0.436224
263915, 1023.75, 59, -1,-1,-1,70.5782,23.1906,0.015849,8.68e+08,11,125000,1,0,-21.8155,-18449.6,0,-142.903,-135,0.790528
263917, 1023.96, 19, -1,-1,-1,39.2054,-0.944952,0.015849,8.68e+08,11,125000,1,0,-1.16454,-15822.8,0,-136.735,-135,0.790528
263929, 1025.75, 4, -1,-1,-1,41.1415,14.3884,0.025119,8.68e+08,10,125000,1,0,-0.162711,-19847.7,0,-134.393,-133,0.436224
263941, 1026.43, 22, -1,-1,-1,51.4039,9.10098,0.019953,8.68e+08,10,125000,1,0,-9.03766,-19077.2,0,-138.32,-133,0.436224
263953, 1026.95, 40, -1,-1,-1,60.9756,22.8199,0.019953,8.68e+08,10,125000,1,0,-16.0287,-19259.9,0,-140.398,-133,0.436224
263960, 1027.24, 3, -1,-1,-1,39.3525,-4.27633,0.015849,8.68e+08,12,125000,1,0,-2.78554,-14845.2,0,-137.282,-137,1.58106
263967, 1027.41, 50, -1,-1,-1,39.6135,14.146,0.019953,8.68e+08,12,125000,1,0,1.37692,-19832.7,0,-134.874,-137,1.58106
263974, 1027.58, 45, -1,-1,-1,50.3904,22.374,0.025119,8.68e+08,10,125000,1,0,-8.8541,-19892,0,-137.263,-133,0.436224
263976, 1027.97, 30, -1,-1,-1,51.4066,20.2801,0.015849,8.68e+08,10,125000,1,0,-9.36959,-19823,0,-139.425,-133,0.436224
263978, 1028.46, 36, -1,-1,-1,42.449,24.9,0.015849,8.68e+08,12,125000,1,0,-3.27651,-19944.4,0,-137.443,-137,1.58106
263985, 1028.87, 38, -1,-1,-1,46.6514,16.8355,0.025119,8.68e+08,12,125000,1,0,-5.38004,-19915.7,0,-136.14,-137,1.58106
263997, 1029.86, 27, -1,-1,-1,51.1796,4.80986,0.015849,8.68e+08,11,125000,1,0,-9.36274,-18582.6,0,-139.423,-135,0.790528
263999, 1030.19, 55, -1,-1,-1,28.1932,-17.432,0.019953,8.68e+08,12,125000,1,0,-5.53013,-5446.25,0,-137.204,-137,1.58106
264001, 1030.25, 8, -1,-1,-1,60.2786,11.8187,0.015849,8.68e+08,10,125000,1,0,-15.3406,-18962.2,0,-141.205,-133,0.436224
264013, 1031.97, 29, -1,-1,-1,52.7683,18.5141,0.019953,8.68e+08,11,125000,1,0,-10.3769,-19731.7,0,-138.738,-135,0.790528
264015, 1032.17, 34, -1,-1,-1,46.0916,17.4756,0.025119,8.68e+08,12,125000,1,0,-5.14179,-19997.4,0,-136.061,-137,1.58106
264037, 1032.64, 12, -1,-1,-1,54.913,-1.85238,0.025119,8.68e+08,10,125000,1,0,-12.9215,-17817,0,-138.508,-133,0.436224
264039, 1032.69, 21, -1,-1,-1,42.7768,-8.93559,0.015849,8.68e+08,10,125000,1,0,-7.14959,-14704.2,0,-138.722,-133,0.436224
264041, 1032.69, 0, -1,-1,-1,50.9975,-0.836329,0.019953,8.68e+08,10,125000,1,0,-10.1875,-17764.1,0,-138.681,-133,0.436224
264058, 1033.15, 41, -1,-1,-1,58.2688,24.8952,0.025119,8.68e+08,10,125000,1,0,-14.7402,-19511.7,0,-139.035,-133,0.436224
264060, 1033.32, 25, -1,-1,-1,47.35,6.57833,0.025119,8.68e+08,10,125000,1,0,-6.45145,-18834.5,0,-136.491,-133,0.436224
264072, 1033.84, 44, -1,-1,-1,49.9843,31.8509,0.025119,8.68e+08,11,125000,1,0,-10.6568,-19638.1,0,-137.827,-135,0.790528
264079, 1034.01, 52, -1,-1,-1,40.5674,33.2068,0.019953,8.68e+08,12,125000,1,0,-5.19541,-18892.9,0,-137.084,-137,1.58106
264081, 1034.03, 48, -1,-1,-1,57.3759,11.2263,0.015849,8.68e+08,10,125000,1,0,-13.5528,-19116.3,0,-140.692,-133,0.436224
264083, 1034.39, 43, -1,-1,-1,53.287,23.7311,0.019953,8.68e+08,10,125000,1,0,-11.3775,-19808.2,0,-139.045,-133,0.436224
264090, 1034.96, 31, -1,-1,-1,53.6944,18.0178,0.019953,8.68e+08,12,125000,1,0,-11.106,-19680,0,-138.962,-137,1.58106
264097, 1035.29, 37, -1,-1,-1,40.5376,22.945,0.025119,8.68e+08,10,125000,1,0,-1.59176,-20104.1,0,-134.877,-133,0.436224
264099, 1035.61, 42, -1,-1,-1,57.9034,23.4627,0.025119,8.68e+08,10,125000,1,0,-14.4671,-19546.6,0,-138.957,-133,0.436224
264116, 1036.9, 49, -1,-1,-1,46.1161,7.79982,0.019953,8.68e+08,11,125000,1,0,-5.49148,-19050,0,-137.176,-135,0.790528
264119, 1037.11, 10, -1,-1,-1,28.3922,30.4743,0.025119,8.68e+08,11,125000,1,0,4.15198,-15895.9,1,-132.954,-135,0.790528
264126, 1038.11, 33, -1,-1,-1,48.4983,18.9946,0.019953,8.68e+08,12,125000,1,0,-7.50021,-20004.5,0,-137.83,-137,1.58106
264128, 1038.65, 20, -1,-1,-1,38.6376,-10.9667,0.025119,8.68e+08,11,125000,1,0,-5.90757,-12943.2,0,-136.32,-135,0.790528
264150, 1041.13, 27, -1,-1,-1,51.1796,4.80986,0.015849,8.68e+08,11,125000,1,0,-9.8545,-18499.7,0,-139.576,-135,0.790528
264162, 1041.47, 24, -1,-1,-1,48.8042,9.34343,0.025119,8.68e+08,10,125000,1,0,-7.74596,-19101.3,0,-136.908,-133,0.436224
264164, 1041.63, 30, -1,-1,-1,51.4066,20.2801,0.015849,8.68e+08,10,125000,1,0,-10.0042,-19718.6,0,-139.622,-133,0.436224
264166, 1042.16, 51, -1,-1,-1,41.1184,27.7906,0.015849,8.68e+08,11,125000,1,0,-3.93952,-19573.2,0,-137.665,-135,0.790528
264168, 1042.37, 3, -1,-1,-1,39.3525,-4.27633,0.015849,8.68e+08,12,125000,1,0,-3.42117,-15061.3,0,-137.493,-137,1.58106
264170, 1042.66, 55, -1,-1,-1,28.1932,-17.432,0.019953,8.68e+08,12,125000,1,0,-5.71425,-5781.74,0,-137.264,-137,1.58106
264187, 1044.14, 45, -1,-1,-1,50.3904,22.374,0.025119,8.68e+08,10,125000,1,0,-9.63251,-19811.5,0,-137.507,-133,0.436224
264189, 1044.28, 21, -1,-1,-1,42.7768,-8.93559,0.015849,8.68e+08,10,125000,1,0,-7.57277,-14773.7,0,-138.858,-133,0.436224
264201, 1044.78, 23, -1,-1,-1,52.7669,10.7089,0.019953,8.68e+08,12,125000,1,0,-10.7452,-19148.8,0,-138.851,-137,1.58106
264203, 1045.1, 19, -1,-1,-1,39.2054,-0.944952,0.015849,8.68e+08,11,125000,1,0,-2.16159,-16168.3,0,-137.069,-135,0.790528
264205, 1045.11, 4, -1,-1,-1,41.1415,14.3884,0.025119,8.68e+08,10,125000,1,0,-1.33137,-19858.3,0,-134.786,-133,0.436224
264232, 1045.89, 37, -1,-1,-1,40.5376,22.945,0.025119,8.68e+08,10,125000,1,0,-2.20944,-20010.4,0,-135.084,-133,0.436224
264234, 1046.31, 11, -1,-1,-1,57.3201,37.6516,0.025119,8.68e+08,11,125000,1,0,-16.6639,-19136.7,0,-139.573,-135,0.790528
264241, 1046.58, 29, -1,-1,-1,52.7683,18.5141,0.019953,8.68e+08,11,125000,1,0,-11.0374,-19634.4,0,-138.94,-135,0.790528
264248, 1046.9, 25, -1,-1,-1,47.35,6.57833,0.025119,8.68e+08,10,125000,1,0,-7.09173,-18795,0,-136.698,-133,0.436224
264250, 1047.13, 38, -1,-1,-1,46.6514,16.8355,0.025119,8.68e+08,12,125000,1,0,-6.31443,-19872.2,0,-136.445,-137,1.58106
264252, 1047.28, 43, -1,-1,-1,53.287,23.7311,0.019953,8.68e+08,10,125000,1,0,-11.9515,-19690.4,0,-139.218,-133,0.436224
264254, 1047.29, 34, -1,-1,-1,46.0916,17.4756,0.025119,8.68e+08,12,125000,1,0,-5.92461,-19925.7,0,-136.317,-137,1.58106
264271, 1048.71, 12, -1,-1,-1,54.913,-1.85238,0.025119,8.68e+08,10,125000,1,0,-13.5521,-17792.8,0,-138.692,-133,0.436224
264273, 1048.93, 48, -1,-1,-1,57.3759,11.2263,0.015849,8.68e+08,10,125000,1,0,-14.1728,-19024.2,0,-140.871,-133,0.436224
264275, 1049.01, 22, -1,-1,-1,51.4039,9.10098,0.019953,8.68e+08,10,125000,1,0,-10.052,-19096.7,0,-138.636,-133,0.436224
264287, 1050.13, 41, -1,-1,-1,58.2688,24.8952,0.025119,8.68e+08,10,125000,1,0,-15.4502,-19413.1,0,-139.235,-133,0.436224
264294, 1050.79, 33, -1,-1,-1,48.4983,18.9946,0.019953,8.68e+08,12,125000,1,0,-8.1168,-19901.7,0,-138.027,-137,1.58106
264416, 1051.21, 27, -1,-1,-1,51.1796,4.80986,0.015849,8.68e+08,11,125000,1,0,-10.2907,-18619.5,0,-139.71,-135,0.790528
264428, 1054.77, 31, -1,-1,-1,53.6944,18.0178,0.019953,8.68e+08,12,125000,1,0,-11.9848,-19623.7,0,-139.227,-137,1.58106
264430, 1055.24, 44, -1,-1,-1,49.9843,31.8509,0.025119,8.68e+08,11,125000,1,0,-11.6111,-19605.1,0,-138.116,-135,0.790528
264442, 1056.91, 49, -1,-1,-1,46.1161,7.79982,0.019953,8.68e+08,11,125000,1,0,-6.46441,-19087.7,0,-137.493,-135,0.790528
264444, 1057.04, 0, -1,-1,-1,50.9975,-0.836329,0.019953,8.68e+08,10,125000,1,0,-11.1827,-17883.9,0,-138.985,-133,0.436224
264456, 1057.6, 42, -1,-1,-1,57.9034,23.4627,0.025119,8.68e+08,10,125000,1,0,-15.3885,-19488.6,0,-139.217,-133,0.436224
264458, 1057.9, 29, -1,-1,-1,52.7683,18.5141,0.019953,8.68e+08,11,125000,1,0,-11.5431,-19726.1,0,-139.093,-135,0.790528
264480, 1059.61, 37, -1,-1,-1,40.5376,22.945,0.025119,8.68e+08,10,125000,1,0,-2.99004,-20140.5,0,-135.345,-133,0.436224
264482, 1059.7, 43, -1,-1,-1,53.287,23.7311,0.019953,8.68e+08,10,125000,1,0,-12.4987,-19785.9,0,-139.38,-133,0.436224
264484, 1059.93, 4, -1,-1,-1,41.1415,14.3884,0.025119,8.68e+08,10,125000,1,0,-2.19358,-20012.7,0,-135.076,-133,0.436224
264496, 1061, 23, -1,-1,-1,52.7669,10.7089,0.019953,8.68e+08,12,125000,1,0,-11.4556,-19303.8,0,-139.066,-137,1.58106
264498, 1061.19, 25, -1,-1,-1,47.35,6.57833,0.025119,8.68e+08,10,125000,1,0,-7.75541,-18756.9,0,-136.91,-133,0.436224
264500, 1061.34, 11, -1,-1,-1,57.3201,37.6516,0.025119,8.68e+08,11,125000,1,0,-17.2711,-19020.4,0,-139.737,-135,0.790528
264512, 1065.08, 33, -1,-1,-1,48.4983,18.9946,0.019953,8.68e+08,12,125000,1,0,-8.80056,-19808.2,0,-138.243,-137,1.58106
264514, 1066.25, 3, -1,-1,-1,39.3525,-4.27633,0.015849,8.68e+08,12,125000,1,0,-4.41862,-15480.1,0,-137.824,-137,1.58106
264521, 1069.3, 12, -1,-1,-1,54.913,-1.85238,0.025119,8.68e+08,10,125000,1,0,-14.3527,-17816.8,0,-138.922,-133,0.436224
264528, 1074.99, 23, -1,-1,-1,52.7669,10.7089,0.019953,8.68e+08,12,125000,1,0,-12.0606,-19215.9,0,-139.248,-137,1.58106
264535, 1075.7, 42, -1,-1,-1,57.9034,23.4627,0.025119,8.68e+08,10,125000,1,0,-16.1367,-19397.6,0,-139.424,-133,0.436224
264547, 1077.47, 43, -1,-1,-1,53.287,23.7311,0.019953,8.68e+08,10,125000,1,0,-13.2717,-19702.6,0,-139.608,-133,0.436224
264549, 1077.96, 29, -1,-1,-1,52.7683,18.5141,0.019953,8.68e+08,11,125000,1,0,-12.4264,-19668.7,0,-139.357,-135,0.790528
264556, 1080.22, 25, -1,-1,-1,47.35,6.57833,0.025119,8.68e+08,10,125000,1,0,-8.62438,-18981.4,0,-137.186,-133,0.436224
264563, 1083.92, 11, -1,-1,-1,57.3201,37.6516,0.025119,8.68e+08,11,125000,1,0,-18.1744,-18961.7,0,-139.977,-135,0.790528
264570, 1089.5, 42, -1,-1,-1,57.9034,23.4627,0.025119,8.68e+08,10,125000,1,0,-16.7013,-19270.1,0,-139.579,-133,0.436224
264697, 1114.27, 42, -1,-1,-1,57.9034,23.4627,0.025119,8.68e+08,10,125000,1,0,-17.7039,-19224.6,0,-139.848,-133,0.436224
