run,type,module,name,attrname,attrvalue,vectime,vecvalue
General-201-20260718-15:25:01-5193,runattr,,,configname,General,,
General-201-20260718-15:25:01-5193,runattr,,,datetime,20260718-15:25:01,,
General-201-20260718-15:25:01-5193,runattr,,,datetimef,20260718-152501,,
General-201-20260718-15:25:01-5193,runattr,,,experiment,General,,
General-201-20260718-15:25:01-5193,runattr,,,inifile,Test_MLModel_1.ini,,
General-201-20260718-15:25:01-5193,runattr,,,iterationvars,"$myraan=185, $threshold=0.10, $0=84242",,
General-201-20260718-15:25:01-5193,runattr,,,iterationvarsd,myraan=185/threshold=0.10/84242,,
General-201-20260718-15:25:01-5193,runattr,,,iterationvarsf,"myraan=185,threshold=0.10,84242-",,
General-201-20260718-15:25:01-5193,runattr,,,measurement,"$myraan=185, $threshold=0.10, $0=84242",,
General-201-20260718-15:25:01-5193,runattr,,,network,Florasat.Test_Individual.Florasat_Individual_Sats,,
General-201-20260718-15:25:01-5193,runattr,,,processid,5193,,
General-201-20260718-15:25:01-5193,runattr,,,repetition,1,,
General-201-20260718-15:25:01-5193,runattr,,,replication,#1,,
General-201-20260718-15:25:01-5193,runattr,,,resultdir,results,,
General-201-20260718-15:25:01-5193,runattr,,,runnumber,201,,
General-201-20260718-15:25:01-5193,runattr,,,seedset,201,,
General-201-20260718-15:25:01-5193,itervar,,,myraan,185,,
General-201-20260718-15:25:01-5193,itervar,,,threshold,0.10,,
General-201-20260718-15:25:01-5193,config,,,*.stats_altitude,670,,
General-201-20260718-15:25:01-5193,config,,,*.stats_raan,185,,
General-201-20260718-15:25:01-5193,config,,,image-path,../../images:../../../../samples/inet4.5_2/images,,
General-201-20260718-15:25:01-5193,config,,,network,Florasat.Test_Individual.Florasat_Individual_Sats,,
General-201-20260718-15:25:01-5193,config,,,rng-class,cMersenneTwister,,
General-201-20260718-15:25:01-5193,config,,,*.**.result-recording-modes,-,,
General-201-20260718-15:25:01-5193,config,,,**.result-recording-modes,-,,
General-201-20260718-15:25:01-5193,config,,,**.statistic-recording,true,,
General-201-20260718-15:25:01-5193,config,,,**.scalar-recording,true,,
General-201-20260718-15:25:01-5193,config,,,**.vector-recording,true,,
General-201-20260718-15:25:01-5193,config,,,**.vector-record-eventnumbers,true,,
General-201-20260718-15:25:01-5193,config,,,repeat,10,,
General-201-20260718-15:25:01-5193,config,,,seed-0-mt,84242,,
General-201-20260718-15:25:01-5193,config,,,sim-time-limit,749s,,
General-201-20260718-15:25:01-5193,config,,,simtime-resolution,-11,,
General-201-20260718-15:25:01-5193,config,,,**.stats_altitude,670,,
General-201-20260718-15:25:01-5193,config,,,**.stats_raan,185,,
General-201-20260718-15:25:01-5193,config,,,*.radioMedium.backgroundNoise.power,-110dBm,,
General-201-20260718-15:25:01-5193,config,,,*.radioMedium.mediumLimitCache.centerFrequency,868MHz,,
General-201-20260718-15:25:01-5193,config,,,*.radioMedium.mediumLimitCache.maxTransmissionDuration,4s,,
General-201-20260718-15:25:01-5193,config,,,*.radioMedium.mediumLimitCache.minInterferenceTime,0s,,
General-201-20260718-15:25:01-5193,config,,,**.numSatellites,1,,
General-201-20260718-15:25:01-5193,config,,,*.satellite[*].mobilityType,"""Sat_Mob_SatelliteMobility_Standalone""",,
General-201-20260718-15:25:01-5193,config,,,*.satellite[*].noradModuleType,"""Sat_Mob_NoradA""",,
General-201-20260718-15:25:01-5193,config,,,**.satellite[*].**.initFromDisplayString,false,,
General-201-20260718-15:25:01-5193,config,,,*.satellite[*].mobility.faceForward,true,,
General-201-20260718-15:25:01-5193,config,,,*.satellite[*].mobility.updateInterval,20s,,
General-201-20260718-15:25:01-5193,config,,,*.satellite[*].NoradModule.satName,"""FLoRaSat""",,
General-201-20260718-15:25:01-5193,config,,,*.satellite[*].NoradModule.satIndex,-1,,
General-201-20260718-15:25:01-5193,config,,,*.satellite[*].NoradModule.baseYear,20,,
General-201-20260718-15:25:01-5193,config,,,*.satellite[*].NoradModule.baseDay,1.5,,
General-201-20260718-15:25:01-5193,config,,,*.satellite[*].NoradModule.planes,1,,
General-201-20260718-15:25:01-5193,config,,,*.satellite[*].NoradModule.satPerPlane,1,,
General-201-20260718-15:25:01-5193,config,,,*.satellite[*].NoradModule.eccentricity,0.000001,,
General-201-20260718-15:25:01-5193,config,,,*.satellite[*].NoradModule.inclination,98,,
General-201-20260718-15:25:01-5193,config,,,*.satellite[*].NoradModule.altitude,670,,
General-201-20260718-15:25:01-5193,config,,,*.satellite[0].NoradModule.raan,185,,
General-201-20260718-15:25:01-5193,config,,,*.satellite[0].NoradModule.meanAnomaly,195,,
General-201-20260718-15:25:01-5193,config,,,*.satellite[*].phyDSL.radio.receiver.enableCollisionOverlap,true,,
General-201-20260718-15:25:01-5193,config,,,*.satellite[*].phyDSL.radio.receiver.minCollisionOverlap,0s,,
General-201-20260718-15:25:01-5193,config,,,*.satellite[*].phyDSL.radio.antenna.typename,ConstantGainAntenna,,
General-201-20260718-15:25:01-5193,config,,,*.satellite[*].phyDSL.radio.antenna.mobilityModule,"""^.^.^.mobility""",,
General-201-20260718-15:25:01-5193,config,,,*.satellite[*].phyISL.radio.antenna.mobilityModule,"""^.^.^.mobility""",,
General-201-20260718-15:25:01-5193,config,,,*.satellite[*].phyGSL.radio.antenna.mobilityModule,"""^.^.^.mobility""",,
General-201-20260718-15:25:01-5193,config,,,*.satellite[*].phyDSL.radio.antenna.gain,12dB,,
General-201-20260718-15:25:01-5193,config,,,*.satellite[*].net.routingType,"""Null_Routing""",,
General-201-20260718-15:25:01-5193,config,,,*.terminal[*].net.routingType,"""Ter_Null_Routing""",,
General-201-20260718-15:25:01-5193,config,,,*.**.numGroundLinks,40,,
General-201-20260718-15:25:01-5193,config,,,*.satellite[*].**.interfaceTableModule,"""""",,
General-201-20260718-15:25:01-5193,config,,,**.radioMedium.typename,LoRaMedium,,
General-201-20260718-15:25:01-5193,config,,,**.radioMedium.analogModel.typename,LoRaAnalogModel,,
General-201-20260718-15:25:01-5193,config,,,**.intraPlaneIslDisabled,false,,
General-201-20260718-15:25:01-5193,config,,,**.interPlaneIslDisabled,false,,
General-201-20260718-15:25:01-5193,config,,,**.numTerminals,60,,
General-201-20260718-15:25:01-5193,config,,,*.terminal[*].phy.radio.antenna.mobilityModule,"""^.^.^.mob""",,
General-201-20260718-15:25:01-5193,config,,,*.terminal[*].dlk.mac.interfaceTableModule,"""""",,
General-201-20260718-15:25:01-5193,config,,,*.terminal[*].dlk.energySourceModule,"""""",,
General-201-20260718-15:25:01-5193,config,,,*.terminal[*].dlk.mac.LoRaTP,"intuniform(12, 14)",,
General-201-20260718-15:25:01-5193,config,,,*.terminal[*].dlk.mac.LoRaSF,"intuniform(10, 12)",,
General-201-20260718-15:25:01-5193,config,,,*.terminal[*].dlk.mac.useMLBox,true,,
General-201-20260718-15:25:01-5193,config,,,*.terminal[*].dlk.mac.mlBox.modelPath,"""/home/ylnner/Documents/omnet++/omnetpp-6.3.0/projects/florasat_v4_ult_routing/simulations/Test_Individual/mlmodels/transformer_scripted.pt""",,
General-201-20260718-15:25:01-5193,config,,,*.terminal[*].dlk.mac.mlBox.threshold,0.10,,
General-201-20260718-15:25:01-5193,config,,,**.numberOfPacketsToSend,0,,
General-201-20260718-15:25:01-5193,config,,,**.timeToFirstPacket,1s,,
General-201-20260718-15:25:01-5193,config,,,**.timeToNextPacket,115s,,
General-201-20260718-15:25:01-5193,config,,,*.terminal[0].mob.radius,0.0,,
General-201-20260718-15:25:01-5193,config,,,*.terminal[0].mob.centerLatitude,54.978,,
General-201-20260718-15:25:01-5193,config,,,*.terminal[0].mob.centerLongitude,-1.617,,
General-201-20260718-15:25:01-5193,config,,,*.terminal[1].mob.radius,0.0,,
General-201-20260718-15:25:01-5193,config,,,*.terminal[1].mob.centerLatitude,52.630,,
General-201-20260718-15:25:01-5193,config,,,*.terminal[1].mob.centerLongitude,-1.139,,
General-201-20260718-15:25:01-5193,config,,,*.terminal[2].mob.radius,0.0,,
General-201-20260718-15:25:01-5193,config,,,*.terminal[2].mob.centerLatitude,52.612,,
General-201-20260718-15:25:01-5193,config,,,*.terminal[2].mob.centerLongitude,-6.295,,
General-201-20260718-15:25:01-5193,config,,,*.terminal[3].mob.radius,0.0,,
General-201-20260718-15:25:01-5193,config,,,*.terminal[3].mob.centerLatitude,47.243,,
General-201-20260718-15:25:01-5193,config,,,*.terminal[3].mob.centerLongitude,6.024,,
General-201-20260718-15:25:01-5193,config,,,*.terminal[4].mob.radius,0.0,,
General-201-20260718-15:25:01-5193,config,,,*.terminal[4].mob.centerLatitude,43.610,,
General-201-20260718-15:25:01-5193,config,,,*.terminal[4].mob.centerLongitude,3.876,,
General-201-20260718-15:25:01-5193,config,,,*.terminal[5].mob.radius,0.0,,
General-201-20260718-15:25:01-5193,config,,,*.terminal[5].mob.centerLatitude,49.443,,
General-201-20260718-15:25:01-5193,config,,,*.terminal[5].mob.centerLongitude,1.099,,
General-201-20260718-15:25:01-5193,config,,,*.terminal[6].mob.radius,0.0,,
General-201-20260718-15:25:01-5193,config,,,*.terminal[6].mob.centerLatitude,37.992,,
General-201-20260718-15:25:01-5193,config,,,*.terminal[6].mob.centerLongitude,-1.130,,
General-201-20260718-15:25:01-5193,config,,,*.terminal[7].mob.radius,0.0,,
General-201-20260718-15:25:01-5193,config,,,*.terminal[7].mob.centerLatitude,40.965,,
General-201-20260718-15:25:01-5193,config,,,*.terminal[7].mob.centerLongitude,-5.664,,
General-201-20260718-15:25:01-5193,config,,,*.terminal[8].mob.radius,0.0,,
General-201-20260718-15:25:01-5193,config,,,*.terminal[8].mob.centerLatitude,40.657,,
General-201-20260718-15:25:01-5193,config,,,*.terminal[8].mob.centerLongitude,-7.914,,
General-201-20260718-15:25:01-5193,config,,,*.terminal[9].mob.radius,0.0,,
General-201-20260718-15:25:01-5193,config,,,*.terminal[9].mob.centerLatitude,51.340,,
General-201-20260718-15:25:01-5193,config,,,*.terminal[9].mob.centerLongitude,12.373,,
General-201-20260718-15:25:01-5193,config,,,*.terminal[10].mob.radius,0.0,,
General-201-20260718-15:25:01-5193,config,,,*.terminal[10].mob.centerLatitude,51.455,,
General-201-20260718-15:25:01-5193,config,,,*.terminal[10].mob.centerLongitude,7.011,,
General-201-20260718-15:25:01-5193,config,,,*.terminal[11].mob.radius,0.0,,
General-201-20260718-15:25:01-5193,config,,,*.terminal[11].mob.centerLatitude,49.452,,
General-201-20260718-15:25:01-5193,config,,,*.terminal[11].mob.centerLongitude,11.076,,
General-201-20260718-15:25:01-5193,config,,,*.terminal[12].mob.radius,0.0,,
General-201-20260718-15:25:01-5193,config,,,*.terminal[12].mob.centerLatitude,43.769,,
General-201-20260718-15:25:01-5193,config,,,*.terminal[12].mob.centerLongitude,11.255,,
General-201-20260718-15:25:01-5193,config,,,*.terminal[13].mob.radius,0.0,,
General-201-20260718-15:25:01-5193,config,,,*.terminal[13].mob.centerLatitude,41.117,,
General-201-20260718-15:25:01-5193,config,,,*.terminal[13].mob.centerLongitude,16.871,,
General-201-20260718-15:25:01-5193,config,,,*.terminal[14].mob.radius,0.0,,
General-201-20260718-15:25:01-5193,config,,,*.terminal[14].mob.centerLatitude,52.132,,
General-201-20260718-15:25:01-5193,config,,,*.terminal[14].mob.centerLongitude,5.291,,
General-201-20260718-15:25:01-5193,config,,,*.terminal[15].mob.radius,0.0,,
General-201-20260718-15:25:01-5193,config,,,*.terminal[15].mob.centerLatitude,50.411,,
General-201-20260718-15:25:01-5193,config,,,*.terminal[15].mob.centerLongitude,4.444,,
General-201-20260718-15:25:01-5193,config,,,*.terminal[16].mob.radius,0.0,,
General-201-20260718-15:25:01-5193,config,,,*.terminal[16].mob.centerLatitude,47.559,,
General-201-20260718-15:25:01-5193,config,,,*.terminal[16].mob.centerLongitude,7.588,,
General-201-20260718-15:25:01-5193,config,,,*.terminal[17].mob.radius,0.0,,
General-201-20260718-15:25:01-5193,config,,,*.terminal[17].mob.centerLatitude,55.403,,
General-201-20260718-15:25:01-5193,config,,,*.terminal[17].mob.centerLongitude,10.402,,
General-201-20260718-15:25:01-5193,config,,,*.terminal[18].mob.radius,0.0,,
General-201-20260718-15:25:01-5193,config,,,*.terminal[18].mob.centerLatitude,59.858,,
General-201-20260718-15:25:01-5193,config,,,*.terminal[18].mob.centerLongitude,17.638,,
General-201-20260718-15:25:01-5193,config,,,*.terminal[19].mob.radius,0.0,,
General-201-20260718-15:25:01-5193,config,,,*.terminal[19].mob.centerLatitude,60.451,,
General-201-20260718-15:25:01-5193,config,,,*.terminal[19].mob.centerLongitude,22.266,,
General-201-20260718-15:25:01-5193,config,,,*.terminal[20].mob.radius,0.0,,
General-201-20260718-15:25:01-5193,config,,,*.terminal[20].mob.centerLatitude,56.325,,
General-201-20260718-15:25:01-5193,config,,,*.terminal[20].mob.centerLongitude,22.349,,
General-201-20260718-15:25:01-5193,config,,,*.terminal[21].mob.radius,0.0,,
General-201-20260718-15:25:01-5193,config,,,*.terminal[21].mob.centerLatitude,49.883,,
General-201-20260718-15:25:01-5193,config,,,*.terminal[21].mob.centerLongitude,18.568,,
General-201-20260718-15:25:01-5193,config,,,*.terminal[22].mob.radius,0.0,,
General-201-20260718-15:25:01-5193,config,,,*.terminal[22].mob.centerLatitude,47.531,,
General-201-20260718-15:25:01-5193,config,,,*.terminal[22].mob.centerLongitude,21.627,,
General-201-20260718-15:25:01-5193,config,,,*.terminal[23].mob.radius,0.0,,
General-201-20260718-15:25:01-5193,config,,,*.terminal[23].mob.centerLatitude,44.179,,
General-201-20260718-15:25:01-5193,config,,,*.terminal[23].mob.centerLongitude,28.649,,
General-201-20260718-15:25:01-5193,config,,,*.terminal[24].mob.radius,0.0,,
General-201-20260718-15:25:01-5193,config,,,*.terminal[24].mob.centerLatitude,45.327,,
General-201-20260718-15:25:01-5193,config,,,*.terminal[24].mob.centerLongitude,14.442,,
General-201-20260718-15:25:01-5193,config,,,*.terminal[25].mob.radius,0.0,,
General-201-20260718-15:25:01-5193,config,,,*.terminal[25].mob.centerLatitude,40.694,,
General-201-20260718-15:25:01-5193,config,,,*.terminal[25].mob.centerLongitude,30.400,,
General-201-20260718-15:25:01-5193,config,,,*.terminal[26].mob.radius,0.0,,
General-201-20260718-15:25:01-5193,config,,,*.terminal[26].mob.centerLatitude,37.066,,
General-201-20260718-15:25:01-5193,config,,,*.terminal[26].mob.centerLongitude,37.383,,
General-201-20260718-15:25:01-5193,config,,,*.terminal[27].mob.radius,0.0,,
General-201-20260718-15:25:01-5193,config,,,*.terminal[27].mob.centerLatitude,64.836,,
General-201-20260718-15:25:01-5193,config,,,*.terminal[27].mob.centerLongitude,-23.708,,
General-201-20260718-15:25:01-5193,config,,,*.terminal[28].mob.radius,0.0,,
General-201-20260718-15:25:01-5193,config,,,*.terminal[28].mob.centerLatitude,28.099,,
General-201-20260718-15:25:01-5193,config,,,*.terminal[28].mob.centerLongitude,-17.113,,
General-201-20260718-15:25:01-5193,config,,,*.terminal[29].mob.radius,0.0,,
General-201-20260718-15:25:01-5193,config,,,*.terminal[29].mob.centerLatitude,34.921,,
General-201-20260718-15:25:01-5193,config,,,*.terminal[29].mob.centerLongitude,33.623,,
General-201-20260718-15:25:01-5193,config,,,*.terminal[30].mob.radius,0.0,,
General-201-20260718-15:25:01-5193,config,,,*.terminal[30].mob.centerLatitude,55.953,,
General-201-20260718-15:25:01-5193,config,,,*.terminal[30].mob.centerLongitude,-3.188,,
General-201-20260718-15:25:01-5193,config,,,*.terminal[31].mob.radius,0.0,,
General-201-20260718-15:25:01-5193,config,,,*.terminal[31].mob.centerLatitude,51.481,,
General-201-20260718-15:25:01-5193,config,,,*.terminal[31].mob.centerLongitude,-3.179,,
General-201-20260718-15:25:01-5193,config,,,*.terminal[32].mob.radius,0.0,,
General-201-20260718-15:25:01-5193,config,,,*.terminal[32].mob.centerLatitude,53.349,,
General-201-20260718-15:25:01-5193,config,,,*.terminal[32].mob.centerLongitude,-6.260,,
General-201-20260718-15:25:01-5193,config,,,*.terminal[33].mob.radius,0.0,,
General-201-20260718-15:25:01-5193,config,,,*.terminal[33].mob.centerLatitude,45.764,,
General-201-20260718-15:25:01-5193,config,,,*.terminal[33].mob.centerLongitude,4.835,,
General-201-20260718-15:25:01-5193,config,,,*.terminal[34].mob.radius,0.0,,
General-201-20260718-15:25:01-5193,config,,,*.terminal[34].mob.centerLatitude,48.573,,
General-201-20260718-15:25:01-5193,config,,,*.terminal[34].mob.centerLongitude,7.752,,
General-201-20260718-15:25:01-5193,config,,,*.terminal[35].mob.radius,0.0,,
General-201-20260718-15:25:01-5193,config,,,*.terminal[35].mob.centerLatitude,44.837,,
General-201-20260718-15:25:01-5193,config,,,*.terminal[35].mob.centerLongitude,-0.579,,
General-201-20260718-15:25:01-5193,config,,,*.terminal[36].mob.radius,0.0,,
General-201-20260718-15:25:01-5193,config,,,*.terminal[36].mob.centerLatitude,41.385,,
General-201-20260718-15:25:01-5193,config,,,*.terminal[36].mob.centerLongitude,2.173,,
General-201-20260718-15:25:01-5193,config,,,*.terminal[37].mob.radius,0.0,,
General-201-20260718-15:25:01-5193,config,,,*.terminal[37].mob.centerLatitude,41.157,,
General-201-20260718-15:25:01-5193,config,,,*.terminal[37].mob.centerLongitude,-8.629,,
General-201-20260718-15:25:01-5193,config,,,*.terminal[38].mob.radius,0.0,,
General-201-20260718-15:25:01-5193,config,,,*.terminal[38].mob.centerLatitude,37.389,,
General-201-20260718-15:25:01-5193,config,,,*.terminal[38].mob.centerLongitude,-5.984,,
General-201-20260718-15:25:01-5193,config,,,*.terminal[39].mob.radius,0.0,,
General-201-20260718-15:25:01-5193,config,,,*.terminal[39].mob.centerLatitude,53.551,,
General-201-20260718-15:25:01-5193,config,,,*.terminal[39].mob.centerLongitude,9.993,,
General-201-20260718-15:25:01-5193,config,,,*.terminal[40].mob.radius,0.0,,
General-201-20260718-15:25:01-5193,config,,,*.terminal[40].mob.centerLatitude,48.135,,
General-201-20260718-15:25:01-5193,config,,,*.terminal[40].mob.centerLongitude,11.582,,
General-201-20260718-15:25:01-5193,config,,,*.terminal[41].mob.radius,0.0,,
General-201-20260718-15:25:01-5193,config,,,*.terminal[41].mob.centerLatitude,50.110,,
General-201-20260718-15:25:01-5193,config,,,*.terminal[41].mob.centerLongitude,8.682,,
General-201-20260718-15:25:01-5193,config,,,*.terminal[42].mob.radius,0.0,,
General-201-20260718-15:25:01-5193,config,,,*.terminal[42].mob.centerLatitude,45.464,,
General-201-20260718-15:25:01-5193,config,,,*.terminal[42].mob.centerLongitude,9.190,,
General-201-20260718-15:25:01-5193,config,,,*.terminal[43].mob.radius,0.0,,
General-201-20260718-15:25:01-5193,config,,,*.terminal[43].mob.centerLatitude,40.851,,
General-201-20260718-15:25:01-5193,config,,,*.terminal[43].mob.centerLongitude,14.268,,
General-201-20260718-15:25:01-5193,config,,,*.terminal[44].mob.radius,0.0,,
General-201-20260718-15:25:01-5193,config,,,*.terminal[44].mob.centerLatitude,51.209,,
General-201-20260718-15:25:01-5193,config,,,*.terminal[44].mob.centerLongitude,3.224,,
General-201-20260718-15:25:01-5193,config,,,*.terminal[45].mob.radius,0.0,,
General-201-20260718-15:25:01-5193,config,,,*.terminal[45].mob.centerLatitude,48.208,,
General-201-20260718-15:25:01-5193,config,,,*.terminal[45].mob.centerLongitude,16.373,,
General-201-20260718-15:25:01-5193,config,,,*.terminal[46].mob.radius,0.0,,
General-201-20260718-15:25:01-5193,config,,,*.terminal[46].mob.centerLatitude,52.229,,
General-201-20260718-15:25:01-5193,config,,,*.terminal[46].mob.centerLongitude,21.012,,
General-201-20260718-15:25:01-5193,config,,,*.terminal[47].mob.radius,0.0,,
General-201-20260718-15:25:01-5193,config,,,*.terminal[47].mob.centerLatitude,59.913,,
General-201-20260718-15:25:01-5193,config,,,*.terminal[47].mob.centerLongitude,10.752,,
General-201-20260718-15:25:01-5193,config,,,*.terminal[48].mob.radius,0.0,,
General-201-20260718-15:25:01-5193,config,,,*.terminal[48].mob.centerLatitude,56.949,,
General-201-20260718-15:25:01-5193,config,,,*.terminal[48].mob.centerLongitude,24.105,,
General-201-20260718-15:25:01-5193,config,,,*.terminal[49].mob.radius,0.0,,
General-201-20260718-15:25:01-5193,config,,,*.terminal[49].mob.centerLatitude,59.437,,
General-201-20260718-15:25:01-5193,config,,,*.terminal[49].mob.centerLongitude,24.753,,
General-201-20260718-15:25:01-5193,config,,,*.terminal[50].mob.radius,0.0,,
General-201-20260718-15:25:01-5193,config,,,*.terminal[50].mob.centerLatitude,50.075,,
General-201-20260718-15:25:01-5193,config,,,*.terminal[50].mob.centerLongitude,14.437,,
General-201-20260718-15:25:01-5193,config,,,*.terminal[51].mob.radius,0.0,,
General-201-20260718-15:25:01-5193,config,,,*.terminal[51].mob.centerLatitude,42.697,,
General-201-20260718-15:25:01-5193,config,,,*.terminal[51].mob.centerLongitude,23.321,,
General-201-20260718-15:25:01-5193,config,,,*.terminal[52].mob.radius,0.0,,
General-201-20260718-15:25:01-5193,config,,,*.terminal[52].mob.centerLatitude,45.815,,
General-201-20260718-15:25:01-5193,config,,,*.terminal[52].mob.centerLongitude,15.981,,
General-201-20260718-15:25:01-5193,config,,,*.terminal[53].mob.radius,0.0,,
General-201-20260718-15:25:01-5193,config,,,*.terminal[53].mob.centerLatitude,40.640,,
General-201-20260718-15:25:01-5193,config,,,*.terminal[53].mob.centerLongitude,22.944,,
General-201-20260718-15:25:01-5193,config,,,*.terminal[54].mob.radius,0.0,,
General-201-20260718-15:25:01-5193,config,,,*.terminal[54].mob.centerLatitude,39.933,,
General-201-20260718-15:25:01-5193,config,,,*.terminal[54].mob.centerLongitude,32.859,,
General-201-20260718-15:25:01-5193,config,,,*.terminal[55].mob.radius,0.0,,
General-201-20260718-15:25:01-5193,config,,,*.terminal[55].mob.centerLatitude,38.419,,
General-201-20260718-15:25:01-5193,config,,,*.terminal[55].mob.centerLongitude,27.128,,
General-201-20260718-15:25:01-5193,config,,,*.terminal[56].mob.radius,0.0,,
General-201-20260718-15:25:01-5193,config,,,*.terminal[56].mob.centerLatitude,35.898,,
General-201-20260718-15:25:01-5193,config,,,*.terminal[56].mob.centerLongitude,14.514,,
General-201-20260718-15:25:01-5193,config,,,*.terminal[57].mob.radius,0.0,,
General-201-20260718-15:25:01-5193,config,,,*.terminal[57].mob.centerLatitude,65.683,,
General-201-20260718-15:25:01-5193,config,,,*.terminal[57].mob.centerLongitude,-18.087,,
General-201-20260718-15:25:01-5193,config,,,*.terminal[58].mob.radius,0.0,,
General-201-20260718-15:25:01-5193,config,,,*.terminal[58].mob.centerLatitude,28.463,,
General-201-20260718-15:25:01-5193,config,,,*.terminal[58].mob.centerLongitude,-16.251,,
General-201-20260718-15:25:01-5193,config,,,*.terminal[59].mob.radius,0.0,,
General-201-20260718-15:25:01-5193,config,,,*.terminal[59].mob.centerLatitude,35.185,,
General-201-20260718-15:25:01-5193,config,,,*.terminal[59].mob.centerLongitude,33.382,,
General-201-20260718-15:25:01-5193,config,,,**.numStations,3,,
General-201-20260718-15:25:01-5193,config,,,**.numStations,3,,
General-201-20260718-15:25:01-5193,config,,,*.station[0].mobility.latitude,55.752,,
General-201-20260718-15:25:01-5193,config,,,*.station[0].mobility.longitude,37.616,,
General-201-20260718-15:25:01-5193,config,,,*.station[0].cityName,"""Moscow""",,
General-201-20260718-15:25:01-5193,config,,,*.station[0].groundStationId,7,,
General-201-20260718-15:25:01-5193,config,,,*.station[0].routerAddr,"""10.0.0.29""",,
General-201-20260718-15:25:01-5193,config,,,*.station[0].serving,"""10.0.0.29""",,
General-201-20260718-15:25:01-5193,config,,,*.station[1].mobility.latitude,28.652,,
General-201-20260718-15:25:01-5193,config,,,*.station[1].mobility.longitude,77.231,,
General-201-20260718-15:25:01-5193,config,,,*.station[1].cityName,"""Delhi""",,
General-201-20260718-15:25:01-5193,config,,,*.station[1].groundStationId,11,,
General-201-20260718-15:25:01-5193,config,,,*.station[1].routerAddr,"""10.0.0.45""",,
General-201-20260718-15:25:01-5193,config,,,*.station[1].serving,"""10.0.0.45""",,
General-201-20260718-15:25:01-5193,config,,,*.station[2].mobility.latitude,25.35,,
General-201-20260718-15:25:01-5193,config,,,*.station[2].mobility.longitude,51.24,,
General-201-20260718-15:25:01-5193,config,,,*.station[2].cityName,"""Katar""",,
General-201-20260718-15:25:01-5193,config,,,*.station[2].groundStationId,19,,
General-201-20260718-15:25:01-5193,config,,,*.station[2].routerAddr,"""10.0.0.77""",,
General-201-20260718-15:25:01-5193,config,,,*.station[2].serving,"""10.0.0.77""",,
General-201-20260718-15:25:01-5193,config,,,*.visualizer.canvasVisualizer.mediumVisualizer.typename,,,
General-201-20260718-15:25:01-5193,config,,,*.visualizer.*.radioVisualizer.displayAntennaLobes,true,,
General-201-20260718-15:25:01-5193,config,,,*.visualizer.*.dataLinkVisualizer.displayLinks,true,,
General-201-20260718-15:25:01-5193,config,,,*.visualizer.*.mobilityVisualizer.displayMovementTrails,true,,
General-201-20260718-15:25:01-5193,config,,,*.visualizer.*.mobilityVisualizer.movementTrailLineWidth,1,,
General-201-20260718-15:25:01-5193,config,,,*.visualizer.*.mobilityVisualizer.trailLength,3000,,
General-201-20260718-15:25:01-5193,config,,,**.ttxStart_max,1s,,
General-201-20260718-15:25:01-5193,config,,,**.ttxIdle_min,10s,,
General-201-20260718-15:25:01-5193,config,,,**.ttxIdle_max,15s,,
General-201-20260718-15:25:01-5193,config,,,**.Ntw,1,,
General-201-20260718-15:25:01-5193,config,,,**.Ntx,5,,
General-201-20260718-15:25:01-5193,config,,,**.ttwDuration,100s,,
General-201-20260718-15:25:01-5193,config,,,output-scalar-file,results/results_florasat_ml_trf/transformer-raan-185-th-0.10-General-1.sca,,
General-201-20260718-15:25:01-5193,config,,,output-vector-file,results/results_florasat_ml_trf/transformer-raan-185-th-0.10-General-1.vec,,
General-201-20260718-15:25:01-5193,vector,Florasat_Individual_Sats.terminal[20].dlk.mac,vector_preds_Transformer,,,"1.00428617862 14.65783991804 24.81195268291 39.00569262518 53.64239343628 116.31798720127 131.1597360312 143.87807251909 156.50192749943 170.07507325872 231.01417746674 243.99443631107 255.0671695387 269.9740761267 282.96282755839 346.38707419089 360.71909128386 371.6163827274 384.65452294261 395.88174959109 461.81925129727 473.83370610303 485.97132323775 499.15908769588 511.06318121427 576.79780749255 588.38766761124 601.73469280358 611.82168974075 625.82824576296 691.51586860046 702.65354452282 714.19287755131 724.91786452802 737.49205570528","8444001.1 8444002.1 8444003.1 8444004.1 8444005.1 8450001.1 8450002.1 8450003.1 8450004.1 8450005.1 8456001.1 8456002.1 8456003.1 8456004.1 8456005.1 8462001.1 8462002.1 8462003.1 8462004.1 8462005.1 8468001.1 8468002 8468003 8468004 8468005 8474001 8474002 8474003 8474004 8474005 8480001 8480002 8480003 8480004 8480005"
General-201-20260718-15:25:01-5193,vector,Florasat_Individual_Sats.terminal[48].dlk.mac,vector_preds_Transformer,,,"1.0509078789 14.58992168563 25.77900097845 37.90714432043 51.22863325896 116.63733927952 130.76536428486 144.05019242968 157.55825338955 168.13099167263 231.06625130447 244.20359424595 257.40164239705 272.12489542598 282.70643501822 346.39533049776 357.68802338163 372.0459078683 386.23303049709 397.02315461472 461.94572449964 472.42118747858 484.69061322813 497.57487258478 509.47556517273 576.54606758547 590.51459161728 601.86224788241 612.52850271575 626.25384456757 691.44163150433 703.93788659456 718.41501725931 731.62338257628 741.85160252126","8446801.1 8446802.1 8446803.1 8446804.1 8446805.1 8452801.1 8452802.1 8452803.1 8452804.1 8452805.1 8458801.1 8458802.1 8458803.1 8458804.1 8458805.1 8464801.1 8464802.1 8464803.1 8464804.1 8464805.1 8470801.1 8470802.1 8470803.1 8470804 8470805 8476801 8476802 8476803 8476804 8476805 8482801 8482802 8482803 8482804 8482805"
General-201-20260718-15:25:01-5193,vector,Florasat_Individual_Sats.terminal[40].dlk.mac,vector_preds_Transformer,,,"1.05926151341 15.93732073158 30.09788325126 44.97200664552 58.26833018521 116.02006814256 130.73129505082 141.76858758833 155.29524065251 168.9126729248 231.50764322095 245.5123048632 259.76760689938 272.95205124491 284.15384732606 346.2363677586 360.06169745559 371.97854134697 384.24191712495 395.29616891383 461.41568532353 472.7053026089 483.70696074586 494.76626981656 507.18642111193 576.49506348534 586.79362756898 598.02457587211 610.94475706108 624.56471718149 691.73753125337 705.31096912199 718.23414880527 730.62745127339 744.15198159615","8446001.1 8446002.1 8446003.1 8446004.1 8446005.1 8452001.1 8452002.1 8452003.1 8452004.1 8452005.1 8458001.1 8458002.1 8458003.1 8458004.1 8458005.1 8464001.1 8464002.1 8464003.1 8464004.1 8464005.1 8470001.1 8470002.1 8470003.1 8470004.1 8470005.1 8476001.1 8476002.1 8476003.1 8476004.1 8476005.1 8482001.1 8482002 8482003 8482004 8482005"
General-201-20260718-15:25:01-5193,vector,Florasat_Individual_Sats.terminal[29].dlk.mac,vector_preds_Transformer,,,"1.06426295708 14.07529514632 26.92794063943 40.65173414535 55.53805800736 116.01844567619 127.8619119646 142.25282293558 155.36614249158 170.11537170201 231.12165797851 242.06842219341 254.45604158566 265.82244226128 278.77125132714 346.34240454901 359.00383787137 372.57869028743 385.88288061927 399.55298782816 461.35446382244 475.15596922627 487.89272736898 502.10283346149 514.78358401475 576.2933864384 590.97024380789 604.16032476561 614.74997193297 629.10472544353 691.28266288969 702.74171851063 714.46502910182 724.57232263824 737.93240484735","8444901.1 8444902.1 8444903.1 8444904.1 8444905.1 8450901.1 8450902.1 8450903 8450904 8450905 8456901 8456902 8456903 8456904 8456905 8462901 8462902 8462903 8462904 8462905 8468901 8468902 8468903 8468904 8468905 8474901 8474902 8474903 8474904 8474905 8480901 8480902 8480903 8480904 8480905"
General-201-20260718-15:25:01-5193,vector,Florasat_Individual_Sats.terminal[36].dlk.mac,vector_preds_Transformer,,,"1.07711089938 14.5896805746 25.61027567647 39.87202192819 53.503784277 116.75120800664 129.94400473708 141.18922756101 152.25464831503 164.06479279558 231.30777344573 243.62957690027 253.9894407289 266.80580756393 278.25412369332 346.49560287222 361.09967479924 371.67708502709 382.66124121239 393.34547230368 461.90964822494 475.9705684341 486.53821263415 496.73157674562 508.67348075564 576.36810348625 587.23282335698 598.94821554794 612.10452519612 623.96807348494 691.47683625133 705.5535797393 719.86887941394 733.97583330074 743.9998510168","8445601.1 8445602.1 8445603.1 8445604.1 8445605.1 8451601.1 8451602.1 8451603 8451604 8451605 8457601 8457602 8457603 8457604 8457605 8463601.1 8463602.1 8463603.1 8463604.1 8463605.1 8469601.1 8469602.1 8469603.1 8469604.1 8469605.1 8475601.1 8475602.1 8475603.1 8475604.1 8475605.1 8481601.1 8481602.1 8481603.1 8481604.1 8481605.1"
General-201-20260718-15:25:01-5193,vector,Florasat_Individual_Sats.terminal[55].dlk.mac,vector_preds_Transformer,,,"1.08846944058 14.74494934431 29.43061259575 43.97622581804 55.13352337642 116.62230825517 130.7922560675 142.59051867644 152.97932643327 166.20589241618 231.05533875641 244.29364791372 256.26687988056 267.36508543835 281.68051842017 346.63652656809 359.49625456216 370.33959810016 382.67181951645 394.2573475358 461.66075345594 474.56781040062 486.96957449778 497.56577501423 508.5316864599 576.52807239653 591.39731392474 604.41633647517 615.12530456739 626.0142587996 691.30235652323 703.66206791368 718.02970789373 729.60307575064 742.51073158579","8447501.1 8447502.1 8447503.1 8447504.1 8447505.1 8453501.1 8453502.1 8453503 8453504 8453505 8459501 8459502 8459503 8459504.1 8459505.1 8465501.1 8465502.1 8465503.1 8465504.1 8465505.1 8471501.1 8471502.1 8471503.1 8471504.1 8471505.1 8477501.1 8477502.1 8477503.1 8477504.1 8477505.1 8483501.1 8483502 8483503 8483504 8483505"
General-201-20260718-15:25:01-5193,vector,Florasat_Individual_Sats.terminal[23].dlk.mac,vector_preds_Transformer,,,"1.10493653454 11.11961221788 25.34046925488 40.05857873708 54.28834924824 116.71550686471 128.1844833761 139.71253316035 151.70914359391 164.51700707549 231.26751437108 241.74100651895 252.7998598225 266.64948829706 276.93273993931 346.25113898609 358.03856012481 368.38306924631 381.2816968509 391.34480574471 461.92368158116 476.74184184265 491.03337459708 504.42340273037 518.65644403477 576.52016756102 589.98839709885 600.68998074602 613.92593394244 624.73529236136 691.58710252913 703.97479336313 715.63620460872 729.055194902 743.48919074121","8444301.1 8444302.1 8444303.1 8444304.1 8444305.1 8450301.1 8450302.1 8450303.1 8450304.1 8450305.1 8456301.1 8456302.1 8456303.1 8456304.1 8456305.1 8462301.1 8462302.1 8462303.1 8462304.1 8462305.1 8468301.1 8468302.1 8468303.1 8468304.1 8468305.1 8474301.1 8474302.1 8474303.1 8474304.1 8474305.1 8480301.1 8480302 8480303 8480304 8480305"
General-201-20260718-15:25:01-5193,vector,Florasat_Individual_Sats.terminal[57].dlk.mac,vector_preds_Transformer,,,"1.10905072163 11.63563852292 24.08022454684 35.48808177561 45.8811322155 116.96547240368 130.11523098452 144.24313997501 155.72409856017 165.87276724749 231.66900172574 243.03562985478 257.66767319037 272.5010926833 287.01023706795 346.82874789834 358.47307064827 369.74435316422 383.43794175796 396.00467782607 461.26163416216 473.69837712985 486.76887952396 500.62348538799 514.80290952044 576.35584380641 587.45813877718 601.52522785287 612.83370672656 623.04762654752 691.49727168889 702.61436978635 717.20443661023 730.96622464877 742.64755911707","8447701.1 8447702.1 8447703.1 8447704.1 8447705.1 8453701.1 8453702.1 8453703.1 8453704.1 8453705.1 8459701.1 8459702.1 8459703.1 8459704.1 8459705.1 8465701.1 8465702.1 8465703.1 8465704.1 8465705 8471701 8471702 8471703 8471704 8471705 8477701 8477702 8477703 8477704 8477705 8483701 8483702 8483703 8483704 8483705"
General-201-20260718-15:25:01-5193,vector,Florasat_Individual_Sats.terminal[51].dlk.mac,vector_preds_Transformer,,,"1.11431006738 12.02320305444 24.10834740544 35.63165043527 48.62871909793 116.84869686957 128.94037491759 142.75544594392 154.25890140935 165.16639241484 231.86422848701 243.80257009505 254.42546963785 266.2559682536 279.64926925582 346.69508744171 358.52212611493 371.67208569031 384.64106684807 394.66860923125 461.56518745422 472.10072612227 486.56769351987 497.01871694019 511.17634059698 576.05598830595 590.02277290775 601.07755075419 615.58253653092 627.11503900914 691.9313338194 705.04054272826 719.76424527517 730.73106759041 745.52553815231","8447101.1 8447102.1 8447103.1 8447104.1 8447105.1 8453101.1 8453102.1 8453103.1 8453104.1 8453105.1 8459101.1 8459102.1 8459103.1 8459104.1 8459105.1 8465101.1 8465102.1 8465103.1 8465104.1 8465105.1 8471101.1 8471102.1 8471103.1 8471104.1 8471105.1 8477101.1 8477102.1 8477103.1 8477104.1 8477105.1 8483101.1 8483102.1 8483103.1 8483104 8483105"
General-201-20260718-15:25:01-5193,vector,Florasat_Individual_Sats.terminal[14].dlk.mac,vector_preds_Transformer,,,"1.12378312834 11.91614884627 25.08924310771 35.99146131287 48.00282011252 116.79376381682 128.12331431429 139.57764175721 154.1041540762 168.47049891367 231.94098460558 246.17534224247 260.60803023936 273.78811630957 284.4677081688 346.86781153083 358.55452344404 372.96067098738 383.50409180159 396.94532988011 461.43089970527 473.57485202909 486.90021063969 501.57853268738 515.94067406211 576.17267932883 587.16886244389 600.72379112035 612.14134135424 624.73390379246 691.93775814702 706.32464059955 718.62243254181 729.49004955335 741.34826448026","8443401.1 8443402.1 8443403.1 8443404.1 8443405.1 8449401.1 8449402.1 8449403.1 8449404.1 8449405.1 8455401.1 8455402.1 8455403.1 8455404.1 8455405.1 8461401.1 8461402.1 8461403.1 8461404.1 8461405.1 8467401.1 8467402.1 8467403.1 8467404.1 8467405.1 8473401.1 8473402.1 8473403.1 8473404.1 8473405 8479401 8479402 8479403 8479404 8479405"
General-201-20260718-15:25:01-5193,vector,Florasat_Individual_Sats.terminal[35].dlk.mac,vector_preds_Transformer,,,"1.12578297709 14.1111445541 28.81749738916 40.56132137403 55.25789764687 116.05659727775 129.95059149176 142.29572468041 154.11682332237 166.27684400487 231.02865376347 241.71024749358 256.29026478692 270.76139435824 282.67841491336 346.72451051185 357.49541717582 370.84081636044 382.51609811793 393.61230746378 461.09633589722 474.87978128576 489.85611150367 500.36196158593 515.17047318955 576.68035721965 586.75054828962 599.80656311824 611.37544802483 622.54301090352 691.97779863095 706.35576346144 721.03223827155 732.35585423605 745.023149546","8445501.1 8445502.1 8445503.1 8445504.1 8445505.1 8451501.1 8451502.1 8451503 8451504 8451505 8457501 8457502 8457503.1 8457504.1 8457505.1 8463501.1 8463502.1 8463503.1 8463504.1 8463505.1 8469501.1 8469502.1 8469503.1 8469504.1 8469505.1 8475501.1 8475502.1 8475503.1 8475504.1 8475505.1 8481501.1 8481502.1 8481503.1 8481504.1 8481505.1"
General-201-20260718-15:25:01-5193,vector,Florasat_Individual_Sats.terminal[12].dlk.mac,vector_preds_Transformer,,,"1.12661282253 14.54209943954 24.82587821502 35.68800334539 47.51929300674 116.05421067332 128.13135920093 139.70201239922 150.42873083731 161.68214823237 231.23189297155 242.4023461109 253.6125560943 263.76306629274 275.34462467069 346.02325679688 357.11558416439 370.54411021131 384.79832284455 399.26321122399 461.41124297678 474.26779712131 488.68515411089 501.86709942692 512.52128380165 576.83392117359 590.44875196391 601.43645748706 613.04207997607 623.85122160754 691.86200149707 702.46738781105 713.62998011406 727.05529295491 741.66859385093","8443201.1 8443202.1 8443203.1 8443204.1 8443205.1 8449201.1 8449202.1 8449203 8449204 8449205.1 8455201.1 8455202.1 8455203.1 8455204.1 8455205.1 8461201.1 8461202.1 8461203.1 8461204.1 8461205.1 8467201.1 8467202.1 8467203.1 8467204.1 8467205.1 8473201.1 8473202.1 8473203.1 8473204.1 8473205.1 8479201.1 8479202.1 8479203.1 8479204.1 8479205.1"
General-201-20260718-15:25:01-5193,vector,Florasat_Individual_Sats.terminal[41].dlk.mac,vector_preds_Transformer,,,"1.13846722641 15.38618442952 28.69060360245 40.74965015054 53.19044865784 116.68485167739 128.99336313433 141.4411045711 153.29570506769 166.65672439802 231.95860499144 244.59467636864 256.78449787991 268.57966026268 278.79390689521 346.41826571105 361.06118125049 372.41949688317 386.59256177861 397.68020412209 461.90551847033 473.33496045135 484.76774313767 496.23587989295 508.41822637757 576.94501239946 588.14801326161 599.52504715556 611.11235814425 626.02360316343 691.62891988037 703.40224496065 717.28417879761 730.93065605591 744.45239669852","8446101.1 8446102.1 8446103.1 8446104.1 8446105.1 8452101.1 8452102.1 8452103.1 8452104.1 8452105.1 8458101.1 8458102.1 8458103.1 8458104.1 8458105.1 8464101.1 8464102.1 8464103.1 8464104.1 8464105.1 8470101.1 8470102.1 8470103.1 8470104.1 8470105.1 8476101.1 8476102.1 8476103.1 8476104.1 8476105.1 8482101.1 8482102 8482103 8482104 8482105"
General-201-20260718-15:25:01-5193,vector,Florasat_Individual_Sats.terminal[25].dlk.mac,vector_preds_Transformer,,,"1.16060372954 12.22672766354 26.41990689142 36.6904836793 48.32758592954 116.89262647112 131.49611801072 142.2695371164 156.38463780447 169.25102891913 231.13869766286 242.25605840143 254.33750711545 269.08107239334 280.26324547874 346.6735596878 357.27336084982 371.89723775885 386.16398239904 400.37263988098 461.9745128369 476.4326323988 490.54735041806 503.47890500562 517.2538809164 576.09620721452 588.67229727237 598.80291447067 613.56485967897 627.60755151301 691.37897375762 703.08038926591 713.12259851164 725.13951880881 736.66264352296","8444501.1 8444502.1 8444503.1 8444504.1 8444505.1 8450501.1 8450502.1 8450503 8450504 8450505 8456501.1 8456502.1 8456503.1 8456504.1 8456505.1 8462501.1 8462502.1 8462503.1 8462504.1 8462505.1 8468501.1 8468502.1 8468503.1 8468504.1 8468505.1 8474501.1 8474502.1 8474503.1 8474504.1 8474505.1 8480501.1 8480502 8480503 8480504 8480505"
General-201-20260718-15:25:01-5193,vector,Florasat_Individual_Sats.terminal[58].dlk.mac,vector_preds_Transformer,,,"1.1656343292 11.78614353016 23.56775728939 38.14059111942 52.5155376778 116.21423794096 126.61522698961 139.75499516842 150.26933278912 164.22452899884 231.76571126492 242.11031060945 252.97505051177 264.91343534598 275.2414248155 346.10241103615 359.9023643327 372.02877204447 385.88169375133 396.33041591198 461.37780798739 471.9865380323 484.9056454983 499.74425351037 512.24681648332 576.79615531676 591.4585864076 602.74446093222 615.701306029 626.93896670338 691.79543680558 706.04990425101 716.49360889267 730.0443948356 744.62104658876","8447801.1 8447802.1 8447803.1 8447804.1 8447805.1 8453801.1 8453802.1 8453803 8453804 8453805 8459801 8459802 8459803 8459804 8459805 8465801 8465802 8465803 8465804 8465805 8471801 8471802 8471803 8471804 8471805.1 8477801.1 8477802.1 8477803.1 8477804.1 8477805.1 8483801.1 8483802.1 8483803.1 8483804.1 8483805.1"
General-201-20260718-15:25:01-5193,vector,Florasat_Individual_Sats.terminal[4].dlk.mac,vector_preds_Transformer,,,"1.17788062943 15.23707262752 27.48383893328 40.12944528646 50.50640402291 116.04360788339 129.17910261988 140.67508621002 153.64485864854 168.12520024227 231.02499472629 243.2298322611 254.06375115574 267.40949270618 282.34741309262 346.67991950084 358.54219730618 370.81333620265 385.18324529427 396.72674424039 461.40743546281 474.03608897561 485.10137954121 495.14622064167 509.24823633953 576.24815610168 588.28943153657 601.17061851826 615.27585181455 627.42399047642 691.64704435761 703.09308601101 714.97603540798 729.41543522314 743.44532026467","8442401.1 8442402.1 8442403.1 8442404.1 8442405.1 8448401.1 8448402.1 8448403 8448404 8448405 8454401.1 8454402.1 8454403.1 8454404.1 8454405.1 8460401.1 8460402.1 8460403.1 8460404.1 8460405.1 8466401.1 8466402.1 8466403.1 8466404.1 8466405.1 8472401.1 8472402.1 8472403.1 8472404.1 8472405.1 8478401.1 8478402.1 8478403.1 8478404.1 8478405.1"
General-201-20260718-15:25:01-5193,vector,Florasat_Individual_Sats.terminal[11].dlk.mac,vector_preds_Transformer,,,"1.21123406012 13.47098137974 25.51880843262 37.5570179827 51.67477744771 116.84940472501 127.33674758952 139.6972337577 150.28679007687 160.31341624469 231.23607465508 245.28160205087 256.56084027467 268.53909772332 281.31730573462 346.47730423091 356.96862478927 367.28977610311 382.09411012079 396.97597668926 461.93075201451 476.32543505961 486.37728660344 499.6324472418 512.73128527193 576.49998084782 586.96900137724 601.85334350938 615.89884497366 627.98451613776 691.74685746967 704.24395202845 717.51457851915 732.08098932471 742.92241331608","8443101.1 8443102.1 8443103.1 8443104.1 8443105.1 8449101.1 8449102.1 8449103.1 8449104.1 8449105.1 8455101.1 8455102.1 8455103.1 8455104.1 8455105.1 8461101.1 8461102.1 8461103.1 8461104.1 8461105.1 8467101.1 8467102.1 8467103.1 8467104.1 8467105.1 8473101.1 8473102.1 8473103.1 8473104.1 8473105.1 8479101 8479102 8479103 8479104 8479105"
General-201-20260718-15:25:01-5193,vector,Florasat_Individual_Sats.terminal[52].dlk.mac,vector_preds_Transformer,,,"1.21761508123 11.45885815914 22.74615986226 36.7987359392 47.78299526498 116.69711547834 129.52748995205 143.75019011368 154.25196678542 166.64885894443 231.1497640179 245.63603440882 257.55411350518 271.97949780268 282.19406039454 346.06727363472 356.48837125208 368.24978471314 378.2754788855 392.49195366561 461.01002542838 474.39353421983 485.78756488814 495.92720514234 506.39871522506 576.08133888221 590.01745846937 600.35340035101 613.2041352475 625.98970300168 691.20362660405 701.75358765316 712.64582705707 724.92950362991 736.70268823183","8447201.1 8447202.1 8447203.1 8447204.1 8447205.1 8453201.1 8453202.1 8453203.1 8453204.1 8453205.1 8459201.1 8459202.1 8459203.1 8459204.1 8459205.1 8465201.1 8465202.1 8465203.1 8465204.1 8465205.1 8471201.1 8471202.1 8471203.1 8471204.1 8471205.1 8477201.1 8477202.1 8477203.1 8477204.1 8477205.1 8483201.1 8483202.1 8483203.1 8483204.1 8483205"
General-201-20260718-15:25:01-5193,vector,Florasat_Individual_Sats.terminal[18].dlk.mac,vector_preds_Transformer,,,"1.22354786401 13.8932470351 28.81828372739 42.04511974263 54.14821400214 116.19302954734 129.07242947002 140.51971265324 155.05928927892 167.55488722212 231.0953792918 242.69190054154 253.03311998956 266.24425353948 278.65276608383 346.14322805777 359.97371571371 371.10581382527 385.66041337675 396.61232340382 461.51489724289 472.52042986569 484.24469393096 495.48879368464 510.34446514328 576.93051844626 589.57838870026 603.63630831847 616.38559901062 627.42553182668 691.28274005488 705.99300951464 717.78904150473 730.11627595406 740.78947434551","8443801.1 8443802.1 8443803.1 8443804.1 8443805.1 8449801.1 8449802.1 8449803.1 8449804.1 8449805.1 8455801.1 8455802.1 8455803.1 8455804.1 8455805.1 8461801.1 8461802.1 8461803.1 8461804.1 8461805.1 8467801 8467802 8467803 8467804 8467805 8473801 8473802 8473803 8473804 8473805 8479801 8479802 8479803 8479804 8479805"
General-201-20260718-15:25:01-5193,vector,Florasat_Individual_Sats.terminal[3].dlk.mac,vector_preds_Transformer,,,"1.22371829557 15.33165423409 29.85312656476 42.68560334784 53.80885410914 116.57929750625 130.31445513596 142.63591268799 155.50842591911 166.01244537626 231.75519556599 243.01689476567 255.9321396621 266.54486040678 277.77850408899 346.93801697763 357.99150706805 368.05490920158 381.23119302863 395.204232472 461.74763770355 472.35769385286 484.10932777147 497.8462620154 511.54627342755 576.97416619165 591.14432167728 603.71346624336 616.20919274865 629.25766873872 691.14319279464 705.60825756309 716.39791587508 727.62392429775 739.62336304854","8442301.1 8442302.1 8442303.1 8442304.1 8442305.1 8448301.1 8448302.1 8448303.1 8448304.1 8448305.1 8454301.1 8454302.1 8454303.1 8454304.1 8454305.1 8460301.1 8460302.1 8460303.1 8460304.1 8460305.1 8466301.1 8466302.1 8466303.1 8466304.1 8466305.1 8472301.1 8472302.1 8472303.1 8472304.1 8472305.1 8478301.1 8478302.1 8478303.1 8478304.1 8478305.1"
General-201-20260718-15:25:01-5193,vector,Florasat_Individual_Sats.terminal[30].dlk.mac,vector_preds_Transformer,,,"1.2295931452 15.82958887704 26.38565642317 37.31444672938 47.56545363367 116.189653059 129.9585193959 140.53662637295 154.81791435438 168.39841079246 231.33148123603 246.21174711943 256.58814025903 269.61998792924 282.40277372859 346.97073016479 359.99298600061 373.95288234973 385.21332462947 397.51538871718 461.61807254353 471.73675018992 483.40273369966 498.28321724945 509.36808404095 576.7093130555 587.16302470001 600.88895352836 611.79221584624 625.0176961515 691.49603979476 702.48154948745 713.48844406824 725.72523042257 736.83168153907","8445001.1 8445002.1 8445003.1 8445004.1 8445005.1 8451001.1 8451002.1 8451003.1 8451004.1 8451005.1 8457001.1 8457002.1 8457003.1 8457004.1 8457005.1 8463001.1 8463002.1 8463003.1 8463004.1 8463005.1 8469001.1 8469002.1 8469003.1 8469004.1 8469005.1 8475001 8475002 8475003 8475004 8475005 8481001 8481002 8481003 8481004 8481005"
General-201-20260718-15:25:01-5193,vector,Florasat_Individual_Sats.terminal[27].dlk.mac,vector_preds_Transformer,,,"1.23516123579 12.23149559414 22.92454503081 33.70756324451 48.62827377581 116.99283865141 130.68027205626 143.71572536743 158.35436770553 169.96098274575 231.59893407347 242.08329317486 257.01817729371 270.95776929963 283.81744232239 346.15472019184 360.99893833627 372.68050823594 383.978444807 395.12880877475 461.73719084286 473.51150688296 485.10476764571 498.11855534138 512.73412479949 576.74567301618 588.87594710314 599.49650289235 613.8332343984 627.66068912321 691.93586825533 703.41866921773 717.37790775392 732.36855539866 746.76501310803","8444701.1 8444702.1 8444703.1 8444704.1 8444705.1 8450701.1 8450702.1 8450703.1 8450704.1 8450705.1 8456701.1 8456702.1 8456703.1 8456704.1 8456705.1 8462701.1 8462702.1 8462703 8462704 8462705 8468701 8468702 8468703 8468704 8468705 8474701 8474702 8474703 8474704 8474705 8480701 8480702 8480703 8480704 8480705"
General-201-20260718-15:25:01-5193,vector,Florasat_Individual_Sats.terminal[53].dlk.mac,vector_preds_Transformer,,,"1.26782228472 15.80072600278 29.243431543 44.05468830606 57.39289254881 116.5867555812 131.32212435896 142.17618734412 156.05927808745 166.95955268875 231.17487850017 244.20428696438 257.85378013389 268.99131547544 281.05660304195 346.87604489503 361.58134301775 374.76304358686 389.64818301727 404.11227887263 461.19570675306 476.17355406168 486.31520656752 499.3553874758 509.46727077592 576.53590567643 586.88305508346 597.01848856756 610.24901640951 624.28766857484 691.38522427925 704.50670128735 716.09802962095 728.60541667953 743.5560563712","8447301.1 8447302.1 8447303.1 8447304.1 8447305.1 8453301.1 8453302.1 8453303 8453304.1 8453305.1 8459301.1 8459302.1 8459303.1 8459304.1 8459305.1 8465301.1 8465302.1 8465303.1 8465304.1 8465305.1 8471301.1 8471302.1 8471303.1 8471304.1 8471305.1 8477301.1 8477302.1 8477303.1 8477304.1 8477305.1 8483301.1 8483302.1 8483303.1 8483304.1 8483305.1"
General-201-20260718-15:25:01-5193,vector,Florasat_Individual_Sats.terminal[32].dlk.mac,vector_preds_Transformer,,,"1.28374470328 11.8093621165 22.93783970223 35.16798118874 49.24393498618 116.15090180491 128.38904342335 139.56547474908 149.76554897451 162.0466444986 231.50140543352 242.9623311339 255.44256406488 265.85789492238 279.41040946753 346.05793002574 357.58863533428 368.29540138762 382.652555899 397.28212175239 461.10620363802 471.73578303028 481.98866465781 493.68408380612 504.69590945007 576.70998706901 587.07552779652 599.75766495173 614.37651000638 628.35095845233 691.23417557753 703.33618255984 718.32026257599 732.00014906307 746.8647828647","8445201.1 8445202.1 8445203.1 8445204.1 8445205.1 8451201.1 8451202.1 8451203.1 8451204.1 8451205.1 8457201.1 8457202.1 8457203.1 8457204.1 8457205.1 8463201.1 8463202.1 8463203.1 8463204.1 8463205.1 8469201.1 8469202.1 8469203.1 8469204.1 8469205.1 8475201.1 8475202 8475203 8475204 8475205 8481201 8481202 8481203 8481204 8481205"
General-201-20260718-15:25:01-5193,vector,Florasat_Individual_Sats.terminal[56].dlk.mac,vector_preds_Transformer,,,"1.29362204415 13.79287431203 26.45640316722 38.96486644237 49.99095492134 116.56115760771 127.46406682511 142.30720869359 156.04419063754 170.2733042927 231.71849989262 245.93814686685 258.6228129703 273.55438696965 288.41697091865 346.86570292059 360.16610408155 371.86802970781 383.37260969635 396.58577989042 461.62102730153 475.86103557167 486.5899512826 497.04370270739 510.49773293803 576.15891136928 590.77330234577 604.10049215192 616.0527652665 629.87430843757 691.56736679119 702.13301617745 717.0297885125 730.63440622505 742.77264188369","8447601.1 8447602.1 8447603.1 8447604.1 8447605.1 8453601.1 8453602.1 8453603 8453604 8453605 8459601 8459602 8459603 8459604 8459605 8465601 8465602.1 8465603.1 8465604.1 8465605.1 8471601.1 8471602.1 8471603.1 8471604.1 8471605.1 8477601.1 8477602.1 8477603.1 8477604.1 8477605.1 8483601.1 8483602.1 8483603.1 8483604.1 8483605.1"
General-201-20260718-15:25:01-5193,vector,Florasat_Individual_Sats.terminal[24].dlk.mac,vector_preds_Transformer,,,"1.29856085428 15.39293636708 25.41611105111 36.41821022984 49.46614446841 116.92826600512 129.59463712992 141.19220456108 155.47856690245 166.50566318072 231.21435507294 243.79803840397 256.86910155672 268.00787322666 282.00411371398 346.01787094632 357.33903560228 371.53809243836 383.79585605836 393.82732149353 461.9802577009 473.28330406058 488.0767033815 500.77939556051 513.99840678276 576.48859105003 591.27814627299 603.17689006962 616.85716031282 630.34564385935 691.72418475151 705.88781563914 719.36315000755 730.99546876037 745.91217767447","8444401.1 8444402.1 8444403.1 8444404.1 8444405.1 8450401.1 8450402.1 8450403.1 8450404.1 8450405.1 8456401.1 8456402.1 8456403.1 8456404.1 8456405.1 8462401.1 8462402.1 8462403.1 8462404.1 8462405.1 8468401.1 8468402.1 8468403.1 8468404.1 8468405.1 8474401.1 8474402.1 8474403.1 8474404.1 8474405.1 8480401.1 8480402.1 8480403 8480404 8480405"
General-201-20260718-15:25:01-5193,vector,Florasat_Individual_Sats.terminal[49].dlk.mac,vector_preds_Transformer,,,"1.31921500666 13.87549382285 27.58548141224 41.22798081487 55.13408844359 116.80727099441 131.68164980039 144.52458124282 158.80695429421 171.85798137356 231.98215632397 246.05916172662 259.31597845094 272.5400271446 283.73999476596 346.68987078359 358.61539691803 368.80910479696 383.49764696089 396.65248285746 461.48135624151 474.07106253109 486.32670056331 498.88564564427 509.20515509578 576.15519382269 590.27434268477 603.82655285974 615.74281922984 630.051318791 691.72463618545 704.8114544244 719.11184945004 731.28014226071 744.0166626193","8446901.1 8446902.1 8446903.1 8446904.1 8446905.1 8452901.1 8452902.1 8452903.1 8452904.1 8452905.1 8458901.1 8458902.1 8458903.1 8458904.1 8458905.1 8464901.1 8464902.1 8464903.1 8464904.1 8464905.1 8470901 8470902 8470903 8470904 8470905 8476901 8476902 8476903 8476904 8476905 8482901 8482902 8482903 8482904 8482905"
General-201-20260718-15:25:01-5193,vector,Florasat_Individual_Sats.terminal[45].dlk.mac,vector_preds_Transformer,,,"1.39769512159 16.21739402344 27.48749579816 38.84497455369 52.59837321752 116.23610632727 126.94266018923 139.68987372121 154.28701999946 166.647416302 231.63012352563 245.21353632119 260.0266675246 273.98200322432 286.00037414372 346.93922556122 360.8822993259 371.92397590611 385.1355686877 396.44817283029 461.17804474593 474.52793437452 485.60881278408 498.93516545813 510.32719985629 576.8613471631 591.42502353108 602.49799222732 613.21040711529 626.17464412167 691.47820556466 703.46876723738 716.59314854 727.97444627317 739.1244257735","8446501.1 8446502.1 8446503.1 8446504.1 8446505.1 8452501.1 8452502.1 8452503.1 8452504.1 8452505.1 8458501.1 8458502.1 8458503.1 8458504.1 8458505.1 8464501.1 8464502.1 8464503.1 8464504.1 8464505.1 8470501.1 8470502.1 8470503.1 8470504.1 8470505.1 8476501.1 8476502.1 8476503.1 8476504.1 8476505.1 8482501.1 8482502 8482503 8482504 8482505"
General-201-20260718-15:25:01-5193,vector,Florasat_Individual_Sats.terminal[47].dlk.mac,vector_preds_Transformer,,,"1.40466705151 14.93964104401 27.21389257885 38.98818891449 49.02893893025 116.60026246239 129.10989428311 142.62370081641 157.22608159552 168.8935641644 231.53396785026 241.54681916697 251.90755895687 266.61013116128 278.70908219367 346.26864567795 356.79660269222 367.4008143302 382.28097302652 394.26709208217 461.11379781086 471.74478410324 482.39493558579 495.47757656011 509.24406104419 576.95886408584 590.28135696566 601.56993012084 613.26832598448 626.14106372139 691.23163258005 701.94960061973 715.68748511071 730.51903129252 744.40039820899","8446701.1 8446702.1 8446703.1 8446704.1 8446705.1 8452701.1 8452702.1 8452703.1 8452704.1 8452705.1 8458701.1 8458702.1 8458703.1 8458704.1 8458705.1 8464701.1 8464702.1 8464703.1 8464704.1 8464705.1 8470701 8470702 8470703 8470704 8470705 8476701 8476702 8476703 8476704 8476705 8482701 8482702 8482703 8482704 8482705"
General-201-20260718-15:25:01-5193,vector,Florasat_Individual_Sats.terminal[28].dlk.mac,vector_preds_Transformer,,,"1.40813468792 12.3668460031 23.28437570552 37.12186160334 50.17595410067 116.91083953343 128.84460199251 139.45661463984 151.35809975653 161.65453048982 231.22938923049 246.03909862787 261.00637117145 275.96292059962 286.87251802511 346.97419989412 357.2014478643 368.94043497066 378.96917217318 388.97138046473 461.54481515056 475.80317847431 486.55292135547 500.95375782228 512.04103688593 576.46081197145 587.43166695069 602.3268195854 614.45649968413 626.27361125848 691.10474233003 702.65739951469 714.66756468243 725.49412621022 736.15564373042","8444801.1 8444802.1 8444803.1 8444804.1 8444805.1 8450801.1 8450802.1 8450803 8450804 8450805 8456801 8456802 8456803 8456804 8456805 8462801 8462802 8462803 8462804 8462805 8468801 8468802 8468803 8468804 8468805 8474801.1 8474802.1 8474803.1 8474804.1 8474805.1 8480801.1 8480802.1 8480803.1 8480804.1 8480805.1"
General-201-20260718-15:25:01-5193,vector,Florasat_Individual_Sats.terminal[19].dlk.mac,vector_preds_Transformer,,,"1.42310697027 12.23255379382 24.55924886768 35.5828361495 50.1157605371 116.01520203031 130.27222477459 142.94570274163 157.28695893172 167.9061140339 231.50010849792 242.47857431393 255.26971147722 268.47492181557 280.02966125822 346.23014856898 357.20084672281 369.98043085285 384.25517035136 395.01354001882 461.8071076069 475.03575472207 489.63293339172 502.26413108804 513.59523630165 576.97301661596 591.8064058933 604.9281055946 615.42888702709 629.65566516855 691.50613669795 703.99555916106 714.99086968973 729.9489555615 740.90066692582","8443901.1 8443902.1 8443903.1 8443904.1 8443905.1 8449901.1 8449902.1 8449903.1 8449904.1 8449905.1 8455901.1 8455902.1 8455903.1 8455904.1 8455905.1 8461901.1 8461902.1 8461903.1 8461904.1 8461905.1 8467901 8467902 8467903 8467904 8467905 8473901 8473902 8473903 8473904 8473905 8479901 8479902 8479903 8479904 8479905"
General-201-20260718-15:25:01-5193,vector,Florasat_Individual_Sats.terminal[38].dlk.mac,vector_preds_Transformer,,,"1.47035063291 14.91945916368 25.04486764362 39.35249561141 52.53526499541 116.56682133884 127.91146781389 139.65476037446 150.31864819443 161.3763793218 231.78535392508 241.80333610042 254.88246088615 268.82506808616 279.07093929011 346.09726967523 360.41563314037 372.93476256542 384.61687360425 399.06046865741 461.88794711139 476.81835390511 489.89860692993 500.4032074404 515.30018510763 576.91353585711 588.70770529402 599.60103961314 614.20482076147 626.50155447215 691.58516248106 702.00264212792 714.40133302123 729.17032942292 739.72807982121","8445801.1 8445802.1 8445803.1 8445804.1 8445805.1 8451801.1 8451802.1 8451803 8451804 8451805 8457801 8457802 8457803 8457804 8457805 8463801 8463802 8463803 8463804 8463805 8469801.1 8469802.1 8469803.1 8469804.1 8469805.1 8475801.1 8475802.1 8475803.1 8475804.1 8475805.1 8481801.1 8481802.1 8481803.1 8481804.1 8481805.1"
General-201-20260718-15:25:01-5193,vector,Florasat_Individual_Sats.terminal[34].dlk.mac,vector_preds_Transformer,,,"1.48094757786 14.99164774641 29.54412037017 43.65716218109 56.94151331297 116.14421571279 128.13769351132 139.70635312167 153.99449760816 165.12722941255 231.02445706236 242.16985715646 256.92627529241 267.82937685354 282.12355410424 346.82987867855 359.0236615215 373.64396131947 386.64225468878 398.52274184116 461.10997333867 474.81281923107 488.77153293789 503.15889339406 513.18732886669 576.21466757427 588.54116720194 601.15168232168 614.93936768314 628.27947938047 691.5933614606 705.88016817788 720.51493975659 734.17109793144 745.18081701103","8445401.1 8445402.1 8445403.1 8445404.1 8445405.1 8451401.1 8451402.1 8451403.1 8451404.1 8451405.1 8457401.1 8457402.1 8457403.1 8457404.1 8457405.1 8463401.1 8463402.1 8463403.1 8463404.1 8463405.1 8469401.1 8469402.1 8469403.1 8469404.1 8469405.1 8475401.1 8475402.1 8475403.1 8475404.1 8475405.1 8481401 8481402 8481403 8481404 8481405"
General-201-20260718-15:25:01-5193,vector,Florasat_Individual_Sats.terminal[0].dlk.mac,vector_preds_Transformer,,,"1.49103214266 15.56581217796 29.10772905685 40.28305313666 50.55463650263 116.48882082803 128.14984109509 141.03396732849 155.33562749647 168.83979625906 231.29017304443 243.69087874238 257.36307819537 269.37775326823 280.26322378125 346.90520619578 360.36761946813 373.47510996577 383.61763466452 398.25608918047 461.78882261412 474.48965842393 486.47815675381 497.91303464234 511.9610051813 576.45952598075 586.6031913564 597.15608145692 609.50838955701 622.03586934833 691.57524579973 703.50951014389 717.61054949788 732.56941481679 744.44942803773","8442001.1 8442002.1 8442003.1 8442004.1 8442005.1 8448001.1 8448002.1 8448003.1 8448004.1 8448005.1 8454001.1 8454002.1 8454003.1 8454004.1 8454005.1 8460001.1 8460002.1 8460003.1 8460004.1 8460005.1 8466001.1 8466002.1 8466003.1 8466004.1 8466005.1 8472001 8472002 8472003 8472004 8472005 8478001 8478002 8478003 8478004 8478005"
General-201-20260718-15:25:01-5193,vector,Florasat_Individual_Sats.terminal[22].dlk.mac,vector_preds_Transformer,,,"1.50037950138 14.74719566643 25.47889669077 35.68923571613 46.79288231884 116.46992693865 126.76357223047 140.54779426521 151.81361710979 166.54572008155 231.248413275 241.87211710797 254.22597365291 268.04957377212 278.99877299624 346.7319852137 360.81750949146 372.46626599808 385.72369355475 398.91587905352 461.52370070131 474.67149470025 488.22510611173 499.48329978995 512.83240431012 576.61801268323 587.7488358817 600.94973842822 612.79494968335 624.50758743658 691.46538335457 701.79454484232 716.37200053175 727.53075646445 738.75926073965","8444201.1 8444202.1 8444203.1 8444204.1 8444205.1 8450201.1 8450202.1 8450203.1 8450204.1 8450205.1 8456201.1 8456202.1 8456203.1 8456204.1 8456205.1 8462201.1 8462202.1 8462203.1 8462204.1 8462205.1 8468201.1 8468202.1 8468203.1 8468204.1 8468205.1 8474201.1 8474202.1 8474203.1 8474204.1 8474205.1 8480201 8480202 8480203 8480204 8480205"
General-201-20260718-15:25:01-5193,vector,Florasat_Individual_Sats.terminal[43].dlk.mac,vector_preds_Transformer,,,"1.53459768277 11.70805524919 24.11145150779 35.16410428683 47.97530256097 116.1764335772 130.90583593934 144.59052071674 157.45519974735 171.54506911175 231.88658410124 245.85361361992 258.85707361646 269.81985631305 283.02529991045 346.94945620419 361.16191006079 372.68140963092 387.1609812281 401.42380772321 461.47575486382 474.7331681992 486.4392689108 500.31421504031 513.7303531617 576.72361492598 587.91610116791 600.7855872002 613.51018573461 626.97360115662 691.38361740974 702.71495442023 714.86845599604 727.7427620173 742.37950725132","8446301.1 8446302.1 8446303.1 8446304.1 8446305.1 8452301.1 8452302.1 8452303 8452304 8452305 8458301.1 8458302.1 8458303.1 8458304.1 8458305.1 8464301.1 8464302.1 8464303.1 8464304.1 8464305.1 8470301.1 8470302.1 8470303.1 8470304.1 8470305.1 8476301.1 8476302.1 8476303.1 8476304.1 8476305.1 8482301.1 8482302.1 8482303.1 8482304.1 8482305.1"
General-201-20260718-15:25:01-5193,vector,Florasat_Individual_Sats.terminal[44].dlk.mac,vector_preds_Transformer,,,"1.55839363532 12.73675137618 23.08544208249 33.48854358261 46.57872026623 116.5136183484 128.06126880576 139.61694576545 152.28299802402 165.46625641058 231.58297771867 246.24374134279 259.34553736285 271.12703161477 283.39109916752 346.17909089848 360.91729000164 375.83859219868 390.79372401769 405.06617166755 461.3294269524 472.80048787663 487.10521687357 500.82551145995 512.15146918501 576.57512770384 589.32509140578 599.97132625664 610.05059334101 625.02108839341 691.29613086744 704.32295694412 717.24513529497 730.05240498856 744.17162851594","8446401.1 8446402.1 8446403.1 8446404.1 8446405.1 8452401.1 8452402.1 8452403.1 8452404.1 8452405.1 8458401.1 8458402.1 8458403.1 8458404.1 8458405.1 8464401.1 8464402.1 8464403.1 8464404.1 8464405.1 8470401.1 8470402.1 8470403.1 8470404.1 8470405.1 8476401.1 8476402.1 8476403.1 8476404.1 8476405.1 8482401 8482402 8482403 8482404 8482405"
General-201-20260718-15:25:01-5193,vector,Florasat_Individual_Sats.terminal[15].dlk.mac,vector_preds_Transformer,,,"1.56751209078 12.10728572355 24.58907196554 39.36235271417 51.36689310451 116.7005656315 128.20557647198 140.36214234819 152.37905063014 163.27236145432 231.29004529328 245.60708761332 259.38094732003 270.82134604571 284.32969632559 346.46301372349 357.66343320161 369.50289180176 380.55619366024 393.75182591052 461.32788797398 473.31338563724 487.96753971977 498.49533006688 512.14740604883 576.65870478726 588.28497670009 598.30378900049 611.62850326043 626.53619398944 691.64524609572 704.30990173015 718.41080495971 730.77944782097 744.52357632457","8443501.1 8443502.1 8443503.1 8443504.1 8443505.1 8449501.1 8449502.1 8449503.1 8449504.1 8449505.1 8455501.1 8455502.1 8455503.1 8455504.1 8455505.1 8461501.1 8461502.1 8461503.1 8461504.1 8461505.1 8467501.1 8467502.1 8467503.1 8467504.1 8467505.1 8473501.1 8473502.1 8473503.1 8473504.1 8473505.1 8479501 8479502 8479503 8479504 8479505"
General-201-20260718-15:25:01-5193,vector,Florasat_Individual_Sats.terminal[10].dlk.mac,vector_preds_Transformer,,,"1.57318676752 11.92556204204 25.64725502324 37.05947442725 49.89717605454 116.23827286111 128.8886577955 140.90885900008 151.38330720063 164.39166699933 231.14933532826 241.72226961516 256.70795772155 267.26114156004 277.74331037584 346.99114893517 357.96646518121 368.66481546499 381.38636619621 391.51544815814 461.21478041424 474.07710542809 486.95924887224 500.42975899088 513.17389871832 576.33658768423 589.13155756006 601.4202984788 612.61225581216 622.80687495182 691.78560293396 705.41660855641 718.2409197453 733.03556967993 747.96304762713","8443001.1 8443002.1 8443003.1 8443004.1 8443005.1 8449001.1 8449002.1 8449003.1 8449004.1 8449005.1 8455001.1 8455002.1 8455003.1 8455004.1 8455005.1 8461001.1 8461002.1 8461003.1 8461004.1 8461005.1 8467001.1 8467002.1 8467003.1 8467004.1 8467005.1 8473001.1 8473002.1 8473003.1 8473004.1 8473005.1 8479001 8479002 8479003 8479004 8479005"
General-201-20260718-15:25:01-5193,vector,Florasat_Individual_Sats.terminal[2].dlk.mac,vector_preds_Transformer,,,"1.60005876888 13.8604648572 25.54055938242 38.59515843774 52.97919327953 116.74163755402 130.46973255253 144.54623217135 157.47354620043 169.97276990581 231.7133719807 242.76992799318 256.89808493317 271.37113030604 282.18380927527 346.32644337323 360.79871574254 375.16647789814 389.07217700687 402.05224092422 461.3618986134 474.9573787069 487.03095384874 500.62976519345 511.5749887412 576.28311508428 589.79604890546 602.89082159497 614.32074868911 625.74817641498 691.21607690188 704.12797277048 717.08949319389 729.35690879076 740.49165607965","8442201.1 8442202.1 8442203.1 8442204.1 8442205.1 8448201.1 8448202.1 8448203.1 8448204.1 8448205.1 8454201.1 8454202.1 8454203.1 8454204.1 8454205.1 8460201.1 8460202.1 8460203.1 8460204.1 8460205.1 8466201.1 8466202.1 8466203.1 8466204.1 8466205.1 8472201.1 8472202.1 8472203.1 8472204.1 8472205 8478201 8478202 8478203 8478204 8478205"
General-201-20260718-15:25:01-5193,vector,Florasat_Individual_Sats.terminal[8].dlk.mac,vector_preds_Transformer,,,"1.62792298035 15.82764511719 28.07575159963 42.77063483862 56.2857009275 116.93312034663 130.26160233142 142.39514901256 155.80073134694 170.09766480024 231.965473708 244.39704820095 254.7392787498 268.9445104769 280.72756491183 346.69422156108 361.66334174388 375.87524043793 387.68776051282 402.2826019039 461.25528457225 476.07170511968 489.57729400368 504.01359135867 518.23136181803 576.41548916651 587.37359777046 597.74265053169 607.82923447154 622.64019026956 691.52723493706 702.00506054633 713.19582515 724.54500540811 738.2413786936","8442801.1 8442802.1 8442803.1 8442804.1 8442805.1 8448801.1 8448802.1 8448803 8448804 8448805 8454801 8454802 8454803 8454804 8454805 8460801 8460802 8460803.1 8460804.1 8460805.1 8466801.1 8466802.1 8466803.1 8466804.1 8466805.1 8472801.1 8472802.1 8472803.1 8472804.1 8472805.1 8478801.1 8478802.1 8478803.1 8478804.1 8478805.1"
General-201-20260718-15:25:01-5193,vector,Florasat_Individual_Sats.terminal[37].dlk.mac,vector_preds_Transformer,,,"1.64871014049 16.35584712587 28.49078061734 40.17271566181 52.45539302332 116.16986571928 127.6511519414 141.45803228837 151.52714328609 164.20705317521 231.66784658888 245.33155690971 256.21306510152 270.00039795622 280.88057206454 346.78650676366 361.09082096117 375.70825627516 389.01712546567 402.11047383933 461.64048688696 472.75944481697 486.96932506491 499.17636356176 513.24601835081 576.96599945333 591.89630636736 602.40074007213 614.88912024326 626.03287105821 691.03591280011 705.23646869184 719.43186733126 729.52181791141 742.33806904358","8445701.1 8445702.1 8445703.1 8445704.1 8445705.1 8451701.1 8451702.1 8451703 8451704 8451705 8457701 8457702 8457703 8457704 8457705 8463701 8463702 8463703.1 8463704.1 8463705.1 8469701.1 8469702.1 8469703.1 8469704.1 8469705.1 8475701.1 8475702.1 8475703.1 8475704.1 8475705.1 8481701.1 8481702.1 8481703.1 8481704.1 8481705.1"
General-201-20260718-15:25:01-5193,vector,Florasat_Individual_Sats.terminal[17].dlk.mac,vector_preds_Transformer,,,"1.68369474029 15.7763680818 25.96088779415 39.78741802997 50.6143481473 116.35973324045 129.79562357278 143.44501632243 155.9289229333 169.87565118448 231.24754823535 243.23201180226 254.36587338475 265.63770494214 276.92993625672 346.19441914908 356.81623943919 371.45004586154 384.4486086974 398.66845243798 461.30205746251 476.06336644827 488.06007051351 500.04609336005 513.84215900301 576.11544203432 588.33188633038 601.82819646154 615.48902608989 628.28216072707 691.32962025446 701.52318226732 712.48144868505 724.54565972998 736.23362510675","8443701.1 8443702.1 8443703.1 8443704.1 8443705.1 8449701.1 8449702.1 8449703.1 8449704.1 8449705.1 8455701.1 8455702.1 8455703.1 8455704.1 8455705.1 8461701.1 8461702.1 8461703.1 8461704.1 8461705.1 8467701.1 8467702.1 8467703.1 8467704.1 8467705.1 8473701 8473702 8473703 8473704 8473705 8479701 8479702 8479703 8479704 8479705"
General-201-20260718-15:25:01-5193,vector,Florasat_Individual_Sats.terminal[26].dlk.mac,vector_preds_Transformer,,,"1.69198607793 16.15105796489 30.49502020818 40.57149987202 55.00862598186 116.35323611833 126.42552300636 136.49670732254 147.74698614422 160.98671477916 231.28082401678 241.97305644606 253.78162913816 264.92171333032 279.21382091916 346.19079004438 356.88145883312 367.09687772138 380.57277684613 393.15113924142 461.04714889335 474.28472913359 488.81667777453 502.10948558314 512.31463341763 576.63615180459 588.53974727495 599.68008706277 613.45363495337 626.20080464334 691.67914422159 702.24653549422 714.63256351114 728.37129393522 740.46134362858","8444601.1 8444602.1 8444603.1 8444604.1 8444605.1 8450601.1 8450602.1 8450603 8450604 8450605 8456601 8456602 8456603 8456604 8456605 8462601 8462602 8462603 8462604 8462605 8468601 8468602 8468603 8468604 8468605 8474601 8474602 8474603 8474604 8474605 8480601 8480602 8480603 8480604 8480605"
General-201-20260718-15:25:01-5193,vector,Florasat_Individual_Sats.terminal[5].dlk.mac,vector_preds_Transformer,,,"1.73040492996 16.38578604744 31.241109089 43.92506405665 57.74764238578 116.09615528816 131.02735980507 142.84641553159 153.85127746244 167.93052509171 231.70192245347 242.32558389846 257.17723230552 267.65285246959 277.77003381704 346.42888113484 358.35131541104 368.68885021983 380.02431725827 393.03436645167 461.97230142145 473.66368804546 486.45428952482 498.1876338094 510.63407730381 576.22515322338 587.05013171118 600.69832575089 613.03571408895 623.93095755648 691.76791149448 706.6384253758 719.85416630772 733.45349230594 746.47802235582","8442501.1 8442502.1 8442503.1 8442504.1 8442505.1 8448501.1 8448502.1 8448503.1 8448504.1 8448505.1 8454501.1 8454502.1 8454503.1 8454504.1 8454505.1 8460501.1 8460502.1 8460503.1 8460504.1 8460505.1 8466501.1 8466502.1 8466503.1 8466504.1 8466505.1 8472501.1 8472502.1 8472503.1 8472504.1 8472505.1 8478501 8478502 8478503 8478504 8478505"
General-201-20260718-15:25:01-5193,vector,Florasat_Individual_Sats.terminal[33].dlk.mac,vector_preds_Transformer,,,"1.7449231029 12.27715025563 23.39316554507 38.14315417688 49.29039942822 116.44621953159 130.81058527017 144.65857096273 155.69268125948 165.92071032757 231.2375618373 244.82403421262 258.53693048423 272.948046559 284.58901066752 346.73993771174 358.65895434842 368.80753952405 381.33226398705 393.04626031756 461.34477102477 472.58402429684 484.69884742098 495.27112142928 506.50434617698 576.02223791415 590.36729409476 602.40737791755 616.86679688166 628.31361210672 691.92489461554 702.35081312177 713.11920880038 724.85682752962 739.22288182122","8445301.1 8445302.1 8445303.1 8445304.1 8445305.1 8451301.1 8451302.1 8451303.1 8451304.1 8451305.1 8457301.1 8457302.1 8457303.1 8457304.1 8457305.1 8463301.1 8463302.1 8463303.1 8463304.1 8463305.1 8469301.1 8469302.1 8469303.1 8469304.1 8469305.1 8475301.1 8475302.1 8475303.1 8475304.1 8475305.1 8481301.1 8481302.1 8481303.1 8481304.1 8481305.1"
General-201-20260718-15:25:01-5193,vector,Florasat_Individual_Sats.terminal[7].dlk.mac,vector_preds_Transformer,,,"1.77044119639 15.88966698688 29.4658158028 39.86601072549 50.84807744202 116.78552998556 128.75161751965 143.73354141228 157.74277146068 171.53124236595 231.16452122759 245.77143197018 258.9149799624 273.74596026563 287.67350407154 346.98442172282 357.84641981264 372.1890144681 384.52668772916 399.00040557863 461.29707490187 471.35277783591 483.62474169442 497.39743038872 509.22583579994 576.46893080859 590.1964614815 602.39640881144 614.90374518511 626.10515750781 691.43639987637 706.32696483703 719.65060409577 729.7879430647 743.8402302477","8442701.1 8442702.1 8442703.1 8442704.1 8442705.1 8448701.1 8448702.1 8448703 8448704 8448705 8454701 8454702 8454703 8454704 8454705 8460701 8460702 8460703.1 8460704.1 8460705.1 8466701.1 8466702.1 8466703.1 8466704.1 8466705.1 8472701.1 8472702.1 8472703.1 8472704.1 8472705.1 8478701.1 8478702.1 8478703.1 8478704.1 8478705.1"
General-201-20260718-15:25:01-5193,vector,Florasat_Individual_Sats.terminal[21].dlk.mac,vector_preds_Transformer,,,"1.80705421278 16.66996141104 30.19813394197 43.70224098931 57.22241714504 116.275292987 126.38666309113 140.17456869524 153.72720938105 164.45721569051 231.51534939348 245.65528260241 259.12751060026 269.3351235094 279.90807798738 346.59816980571 356.95998374582 368.73781128763 383.65561984572 398.22635437571 461.74224345386 476.5939008214 488.392591862 499.85531655628 511.1258848782 576.44135652459 590.05490325624 602.3754998669 615.96590482979 626.00613193237 691.00030224118 703.10738808405 717.46362448367 730.79086396191 744.18798672082","8444101.1 8444102.1 8444103.1 8444104.1 8444105.1 8450101.1 8450102.1 8450103.1 8450104.1 8450105.1 8456101.1 8456102.1 8456103.1 8456104.1 8456105.1 8462101.1 8462102.1 8462103.1 8462104.1 8462105.1 8468101.1 8468102.1 8468103.1 8468104.1 8468105.1 8474101.1 8474102.1 8474103.1 8474104.1 8474105.1 8480101 8480102 8480103 8480104 8480105"
General-201-20260718-15:25:01-5193,vector,Florasat_Individual_Sats.terminal[9].dlk.mac,vector_preds_Transformer,,,"1.83254916011 15.48489412898 29.68186320644 39.96434569731 54.57799878693 116.02889145957 130.54688748438 141.48494774825 156.38209880679 169.16288693086 231.3196753026 244.36453253753 256.7924275985 270.47935049771 284.47764224396 346.37482767785 356.70605375641 371.36661944655 385.28616366885 399.40759066469 461.70383712486 476.04249273403 488.73145408555 502.6552065832 515.0603019339 576.65593560133 590.56846217764 603.72663472942 616.4793448667 629.52782130497 691.71078528999 705.38946313224 718.86950514185 732.95280203595 745.11371552617","8442901.1 8442902.1 8442903.1 8442904.1 8442905.1 8448901.1 8448902.1 8448903.1 8448904.1 8448905.1 8454901.1 8454902.1 8454903.1 8454904.1 8454905.1 8460901.1 8460902.1 8460903.1 8460904.1 8460905.1 8466901.1 8466902.1 8466903.1 8466904.1 8466905.1 8472901.1 8472902.1 8472903.1 8472904.1 8472905 8478901 8478902 8478903 8478904 8478905"
General-201-20260718-15:25:01-5193,vector,Florasat_Individual_Sats.terminal[46].dlk.mac,vector_preds_Transformer,,,"1.83337979042 13.80878774589 27.83674133266 39.39212144026 51.74102350044 116.61389281065 127.85878374497 137.89037495059 148.18032415257 161.17334026633 231.31417434453 246.14614671934 256.72998679592 269.29046523547 281.34624908119 346.05196609348 356.86875498225 366.89070016099 380.20597073436 391.86572766118 461.22069101734 473.19372711424 483.41631032597 498.1186658186 511.60504751211 576.1519866793 588.36772268359 601.11219861266 613.3484762332 623.49942234182 691.90780944237 703.42185030039 716.88303260179 727.72911483235 739.93011705041","8446601.1 8446602.1 8446603.1 8446604.1 8446605.1 8452601.1 8452602.1 8452603.1 8452604.1 8452605.1 8458601.1 8458602.1 8458603.1 8458604.1 8458605.1 8464601.1 8464602.1 8464603.1 8464604.1 8464605.1 8470601.1 8470602.1 8470603.1 8470604.1 8470605.1 8476601.1 8476602.1 8476603.1 8476604 8476605 8482601 8482602 8482603 8482604 8482605"
General-201-20260718-15:25:01-5193,vector,Florasat_Individual_Sats.terminal[50].dlk.mac,vector_preds_Transformer,,,"1.87260902929 13.80139065534 28.52767131268 39.65062548849 51.45708492003 116.23988469667 130.94055004604 141.67873104173 153.31052091392 167.3277235853 231.48353409208 244.82602887391 257.02134175994 268.68656209507 283.60932694236 346.40825678199 359.28879409517 369.51097993833 382.5174210705 393.12220522274 461.94464475778 472.0689600315 484.40511671873 495.20136336843 507.16682444374 576.48742383998 590.35973674571 601.47714942763 613.12123534339 625.09910506149 691.94806792936 706.50763014611 717.35295481444 731.53966369154 744.62288561091","8447001.1 8447002.1 8447003.1 8447004.1 8447005.1 8453001.1 8453002.1 8453003.1 8453004.1 8453005.1 8459001.1 8459002.1 8459003.1 8459004.1 8459005.1 8465001.1 8465002.1 8465003.1 8465004.1 8465005.1 8471001.1 8471002.1 8471003.1 8471004.1 8471005.1 8477001.1 8477002.1 8477003.1 8477004.1 8477005.1 8483001 8483002 8483003 8483004 8483005"
General-201-20260718-15:25:01-5193,vector,Florasat_Individual_Sats.terminal[54].dlk.mac,vector_preds_Transformer,,,"1.87940012314 12.64054053696 24.26331515308 38.30238783267 50.29457941652 116.52630645968 129.70242014225 143.10659503285 154.16740926635 166.51011034102 231.17234380473 245.58086081314 259.50686426972 270.47259566396 284.70681851519 346.63075430808 358.31885200367 369.06702514762 383.24418177503 394.22240573588 461.95699059428 473.53497516737 488.19161645277 498.49996212079 513.14016141487 576.94670346752 591.27549480833 604.70369874453 616.61977053108 629.78315474652 691.43761537131 704.07480939152 716.47939954396 729.63126856113 740.941841729","8447401.1 8447402.1 8447403.1 8447404.1 8447405.1 8453401.1 8453402.1 8453403 8453404 8453405 8459401 8459402 8459403 8459404 8459405 8465401 8465402 8465403 8465404 8465405 8471401.1 8471402.1 8471403.1 8471404.1 8471405.1 8477401 8477402 8477403 8477404 8477405 8483401 8483402 8483403 8483404 8483405"
General-201-20260718-15:25:01-5193,vector,Florasat_Individual_Sats.terminal[6].dlk.mac,vector_preds_Transformer,,,"1.88651835127 15.90902463347 30.56485473342 43.98281712947 54.46453110246 116.26191045367 127.60600220854 141.34105504118 153.87953823875 167.68953651167 231.97662453004 242.39740027767 254.70135402936 268.08360793349 280.21248492832 346.21914688242 360.77884313627 371.08172757062 384.39236654178 399.38724388927 461.51468586456 476.05230253586 490.65100206924 501.88676331938 515.27413619147 576.5827467537 589.30990100838 602.20420405851 614.00606091949 624.4072734972 691.0611198938 702.27891499899 716.34284962109 730.1457687202 745.09917397193","8442601.1 8442602.1 8442603.1 8442604.1 8442605.1 8448601.1 8448602.1 8448603 8448604 8448605 8454601 8454602 8454603 8454604 8454605 8460601 8460602 8460603 8460604 8460605.1 8466601.1 8466602.1 8466603.1 8466604.1 8466605.1 8472601.1 8472602.1 8472603.1 8472604.1 8472605.1 8478601.1 8478602.1 8478603.1 8478604.1 8478605.1"
General-201-20260718-15:25:01-5193,vector,Florasat_Individual_Sats.terminal[13].dlk.mac,vector_preds_Transformer,,,"1.8936911372 16.1490003888 26.51090544718 36.92612903029 49.94740554666 116.55440338072 127.2167653928 138.68862662697 153.21785639273 167.78058817727 231.35916180327 245.21257825429 257.5377484283 271.32973662927 285.23423507577 346.56840594322 358.76927961083 371.44788287184 385.0360666234 398.73698897846 461.81012961664 473.18612181116 487.85917116446 498.71251899051 509.8898468935 576.76016567531 588.9087286361 598.97911296016 613.63958548312 626.2412420453 691.55358026386 704.76166686043 717.23465395975 730.24670213694 744.18350039399","8443301.1 8443302.1 8443303.1 8443304.1 8443305.1 8449301.1 8449302.1 8449303.1 8449304.1 8449305.1 8455301.1 8455302.1 8455303.1 8455304.1 8455305.1 8461301.1 8461302.1 8461303.1 8461304.1 8461305.1 8467301.1 8467302.1 8467303.1 8467304.1 8467305.1 8473301.1 8473302.1 8473303.1 8473304.1 8473305.1 8479301.1 8479302.1 8479303.1 8479304.1 8479305.1"
General-201-20260718-15:25:01-5193,vector,Florasat_Individual_Sats.terminal[1].dlk.mac,vector_preds_Transformer,,,"1.91905195359 16.88635112019 29.98765154974 41.4311698568 52.43967529502 116.2151349762 129.83266073698 142.36082050088 155.18981018756 169.00679489668 231.71046380675 242.09678903594 252.75619952613 266.20442901761 278.45484943269 346.66586248158 356.6855975166 371.34378503147 385.22239303985 398.42197557167 461.45876960107 476.26705189794 488.06538388808 503.05201209243 515.08027750044 576.78971031867 589.73311680323 602.05191955041 613.27534876485 626.26324164286 691.45984376781 702.93467767653 715.42061930522 726.48495721048 739.90339239593","8442101.1 8442102.1 8442103.1 8442104.1 8442105.1 8448101.1 8448102.1 8448103.1 8448104.1 8448105.1 8454101.1 8454102.1 8454103.1 8454104.1 8454105.1 8460101.1 8460102.1 8460103.1 8460104.1 8460105.1 8466101.1 8466102.1 8466103.1 8466104.1 8466105.1 8472101.1 8472102.1 8472103.1 8472104 8472105 8478101 8478102 8478103 8478104 8478105"
General-201-20260718-15:25:01-5193,vector,Florasat_Individual_Sats.terminal[39].dlk.mac,vector_preds_Transformer,,,"1.93093014974 15.78401853773 27.89651445323 41.76549445582 54.0900020951 116.2562069851 126.40798256221 137.43253918086 149.39195804252 160.51886635088 231.90356127359 246.6156775204 259.71245426359 270.90036299685 283.13879979914 346.01312994305 359.04945003032 373.6368870833 385.0600723729 399.83518710174 461.73486580187 472.5474940699 485.36466186446 496.36708097461 507.69321056361 576.11838474195 587.95007168572 599.02669628291 611.92275895994 624.1642674422 691.61786052189 705.63383567287 718.46211806196 729.59272856731 741.40433859103","8445901.1 8445902.1 8445903.1 8445904.1 8445905.1 8451901.1 8451902.1 8451903.1 8451904.1 8451905.1 8457901.1 8457902.1 8457903.1 8457904.1 8457905.1 8463901.1 8463902.1 8463903.1 8463904.1 8463905.1 8469901.1 8469902.1 8469903.1 8469904.1 8469905.1 8475901.1 8475902.1 8475903 8475904 8475905 8481901 8481902 8481903 8481904 8481905"
General-201-20260718-15:25:01-5193,vector,Florasat_Individual_Sats.terminal[16].dlk.mac,vector_preds_Transformer,,,"1.939542362 12.0983651022 26.7126898279 37.73878799496 51.98563584453 116.91506865621 128.82894503372 140.5228985399 152.12175500067 162.8748479085 231.96329663484 241.97271749936 253.52607732965 265.54220696423 279.44517108706 346.87507099076 360.29095655377 374.59604215878 387.08435878809 401.88099789153 461.87974049104 472.78004036145 485.39364285744 499.76400946593 511.62643319904 576.89584066113 591.8295042247 604.59596083336 617.736484827 631.39529988704 691.16379951616 702.34251136333 714.2860585698 727.25946897199 739.27304085251","8443601.1 8443602.1 8443603.1 8443604.1 8443605.1 8449601.1 8449602.1 8449603.1 8449604.1 8449605.1 8455601.1 8455602.1 8455603.1 8455604.1 8455605.1 8461601.1 8461602.1 8461603.1 8461604.1 8461605.1 8467601.1 8467602.1 8467603.1 8467604.1 8467605.1 8473601.1 8473602.1 8473603.1 8473604.1 8473605.1 8479601.1 8479602.1 8479603 8479604 8479605"
General-201-20260718-15:25:01-5193,vector,Florasat_Individual_Sats.terminal[59].dlk.mac,vector_preds_Transformer,,,"1.95841613482 15.20927019208 28.34429412755 43.11991256453 56.06463635248 116.61010183091 129.1536987368 139.47640543734 154.17979001231 164.62736420962 231.70337545872 246.55720902211 261.4956164239 273.47822756227 288.3951635235 346.13580364222 357.10218247911 371.48885477055 382.03644997161 393.49229928991 461.69126138487 474.73326061899 487.22917594412 499.74246467394 514.27828105213 576.69916502805 587.32332204724 600.53017061226 611.67775773698 621.94944820039 691.33902747487 702.87272505183 717.68966957298 731.54742755531 746.42794427997","8447901.1 8447902.1 8447903.1 8447904.1 8447905.1 8453901.1 8453902.1 8453903 8453904 8453905 8459901 8459902 8459903 8459904 8459905 8465901 8465902 8465903 8465904 8465905 8471901 8471902 8471903.1 8471904.1 8471905.1 8477901.1 8477902.1 8477903.1 8477904.1 8477905.1 8483901 8483902 8483903 8483904 8483905"
General-201-20260718-15:25:01-5193,vector,Florasat_Individual_Sats.terminal[42].dlk.mac,vector_preds_Transformer,,,"1.96355430339 13.25875535188 23.95254561957 37.47314004041 52.01494170399 116.54971789708 131.37833592854 145.33277239557 158.0999483997 171.34782749717 231.69700961397 243.0938884716 255.58438895224 265.82693782123 278.07239206345 346.08715592558 356.1781974535 367.07677837718 381.70541781025 394.37719333708 461.16777212103 475.89411319443 486.73619106389 499.30960103614 514.10409290903 576.04596521612 586.70633223513 601.14526521787 613.72462850669 627.31073803641 691.3324929513 704.3832107489 716.88307956397 731.56845734409 741.95365599893","8446201.1 8446202.1 8446203.1 8446204.1 8446205.1 8452201.1 8452202.1 8452203 8452204.1 8452205.1 8458201.1 8458202.1 8458203.1 8458204.1 8458205.1 8464201.1 8464202.1 8464203.1 8464204.1 8464205.1 8470201.1 8470202.1 8470203.1 8470204.1 8470205.1 8476201.1 8476202.1 8476203.1 8476204.1 8476205.1 8482201.1 8482202.1 8482203.1 8482204.1 8482205.1"
General-201-20260718-15:25:01-5193,vector,Florasat_Individual_Sats.terminal[31].dlk.mac,vector_preds_Transformer,,,"1.99690382602 14.96292933962 27.11802807195 38.05117630075 48.22759558471 116.51189293177 129.22780532553 143.13119632239 154.14946644032 168.34840402753 231.98725605826 243.7693404695 256.58855701424 269.95223099459 282.41309434152 346.84413408884 358.22189274966 368.51730211894 379.00797376782 389.07912101387 461.37559019285 473.19306843355 485.46959421155 498.80646226136 509.18120964337 576.44095527753 587.54600133095 600.28049940639 612.57642931584 623.03786927415 691.54092190927 705.9326148862 717.75341322436 727.90471534268 738.95166649739","8445101.1 8445102.1 8445103.1 8445104.1 8445105.1 8451101.1 8451102.1 8451103.1 8451104.1 8451105.1 8457101.1 8457102.1 8457103.1 8457104.1 8457105.1 8463101.1 8463102.1 8463103.1 8463104.1 8463105.1 8469101.1 8469102.1 8469103.1 8469104.1 8469105.1 8475101.1 8475102.1 8475103.1 8475104.1 8475105 8481101 8481102 8481103 8481104 8481105"
General-201-20260718-15:25:01-5193,vector,Florasat_Individual_Sats.satellite[0].dlkDSL.mac,VectorTransmitMethod_ReceptionResult,,,"13.81255159414 17.67687912019 29.89825705685 35.28861924451 42.20171845582 46.3173562155 48.00167763367 117.24349499441 130.70844877459 132.11787380039 137.86876318086 138.68090295059 139.47915462697 142.10076865324 144.23554432243 144.96080524282 148.97085215257 149.82818204252 151.07731807687 155.25413835438 156.64034527892 156.93815149943 158.5361723997 159.05460220043 159.24317829421 160.95509035088 161.10394424469 161.96386826633 162.8371724986 163.70858545432 166.98194408155 168.3423380339 169.13594322212 169.3488969248 169.6840921644 170.51129725872 171.55382590581 171.78405149717 172.29420537356 231.45040146674 242.91479831393 244.27295654154 244.43066031107 246.61156624247 252.69808695687 253.54672752613 253.96230132965 254.61417598956 254.66219765291 255.15640138475 255.5033935387 257.83786639705 258.29000413389 261.04425423936 261.6077235246 265.34412229274 265.97843096423 266.42823294214 266.6921922536 267.82530953948 269.7713475094 270.08099323547 270.4103001267 271.26987849771 272.77002580268 274.22434030957 275.56305922432 277.72046425672 279.88139508706 280.34430198738 281.05375178125 281.49282704195 283.57502379914 287.58143014372 348.52028156122 356.6144214535 357.75915278927 358.69664016439 358.99074744404 361.49740525049 367.51300237718 368.08030410311 370.41665485285 372.85572088317 373.50503190611 374.0731110833 374.43448931947 375.03226615878 376.27481619868 376.74753389814 379.0660068855 380.46054125827 380.99649873436 382.02172102863 382.88463812079 384.67814112495 387.52058278809 388.47828851282 389.45334946567 390.08440701727 390.66017701387 391.22994801769 391.95167215814 393.48248431756 394.81341733708 395.73239291383 395.8384035358 395.994760472 396.31797359109 397.38155388011 398.11642812209 399.31326984116 400.80886388098 401.86003172321 402.31722189153 403.63329692422 404.54850287263 405.50239566755 471.78900183591 473.97664981116 475.84885312131 476.33033719443 482.77919265781 485.89190754121 488.64969916446 490.26621011089 490.98357441806 491.82390259708 492.23205806924 494.47461180612 495.20249381656 495.70734542928 495.93674864167 496.67210389295 496.71773314234 498.62475870739 498.6367900154 499.50304699051 499.74582503614 502.01475668738 503.44815542692 503.91512900562 506.94057017698 507.18924322506 508.85445037757 510.1127424599 512.07878893803 514.10233980165 514.1665771617 516.37689806211 516.85519219147 517.6901049164 588.02335135698 597.45471256756 598.53317853169 599.23913847067 599.73874354794 599.96127115556 603.78526005851 604.50399424336 605.03218483336 605.68154815192 608.61976247154 610.68524040951 612.06472726043 612.57756535424 612.89505319612 617.6338212665 618.172708827 623.33353890352 624.72389257484 624.75860148494 625.9883294972 627.29208247215 630.04819673872 630.78186785935 631.45536443757 631.83152388704 705.67269269184 706.3441077393 706.76318883703 707.63096025101 720.65940741394 721.82276627155 731.03723013694 733.14638223605 734.76636130074 739.0319066936 740.51860782121 744.2764542477 745.813677546 746.68022997193","8444702 8442102 8442003 8444704 8445904 8447705 8445005 8452901 8449902 8452902 8451903 8452603 8449303 8449803 8449703 8452903 8452604 8451904 8449104 8451004 8449804 8450004 8452204 8448204 8452904 8451905 8449105 8452605 8451205 8449505 8450205 8449905 8449805 8452005 8452705 8450005 8448205 8452205 8452905 8456001 8455902 8455802 8456002 8455402 8458703 8454103 8455603 8455803 8456203 8455703 8456003 8458803 8459303 8455403 8458503 8455204 8455604 8455704 8459104 8455804 8456104 8458604 8456004 8454904 8459204 8455404 8458504 8455705 8455605 8456105 8454005 8459305 8457905 8458505 8464501 8464202 8461102 8461202 8461402 8464102 8464203 8461103 8461903 8464103 8464503 8463903 8463403 8461603 8464403 8460203 8465204 8460504 8464604 8460304 8461104 8464004 8461604 8460804 8463704 8465304 8463105 8464404 8461005 8463305 8464205 8464005 8465505 8460305 8462005 8461405 8464105 8463405 8462505 8464305 8461605 8460205 8465305 8464405 8466702 8467302 8467202 8470202 8469203 8466403 8467303 8467203 8468503 8468303 8466603 8469204 8470004 8469304 8466404 8470104 8471204 8471604 8466304 8467304 8470204 8467404 8467204 8468504 8469305 8471205 8470105 8471505 8471605 8467205 8470305 8467405 8466605 8468505 8475602 8477303 8472803 8474503 8475603 8476103 8472603 8472303 8473603 8477603 8472804 8477304 8473504 8473404 8475604 8477604 8473604 8475505 8477305 8475605 8472605 8475805 8472305 8474405 8477605 8473605 8481702 8481602 8478702 8483802 8481603 8481503 8479304 8481504 8481604 8478805 8481805 8478705 8481505 8478605"
General-201-20260718-15:25:01-5193,vector,Florasat_Individual_Sats.satellite[0].dlkDSL.mac,Satellite Position when Repetition Received,,,"13.81255159414 17.67687912019 29.89825705685 35.28861924451 42.20171845582 46.3173562155 48.00167763367 117.24349499441 130.70844877459 132.11787380039 137.86876318086 138.68090295059 139.47915462697 142.10076865324 144.23554432243 144.96080524282 148.97085215257 149.82818204252 151.07731807687 155.25413835438 156.64034527892 156.93815149943 158.5361723997 159.05460220043 159.24317829421 160.95509035088 161.10394424469 161.96386826633 162.8371724986 163.70858545432 166.98194408155 168.3423380339 169.13594322212 169.3488969248 169.6840921644 170.51129725872 171.55382590581 171.78405149717 172.29420537356 231.45040146674 242.91479831393 244.27295654154 244.43066031107 246.61156624247 252.69808695687 253.54672752613 253.96230132965 254.61417598956 254.66219765291 255.15640138475 255.5033935387 257.83786639705 258.29000413389 261.04425423936 261.6077235246 265.34412229274 265.97843096423 266.42823294214 266.6921922536 267.82530953948 269.7713475094 270.08099323547 270.4103001267 271.26987849771 272.77002580268 274.22434030957 275.56305922432 277.72046425672 279.88139508706 280.34430198738 281.05375178125 281.49282704195 283.57502379914 287.58143014372 348.52028156122 356.6144214535 357.75915278927 358.69664016439 358.99074744404 361.49740525049 367.51300237718 368.08030410311 370.41665485285 372.85572088317 373.50503190611 374.0731110833 374.43448931947 375.03226615878 376.27481619868 376.74753389814 379.0660068855 380.46054125827 380.99649873436 382.02172102863 382.88463812079 384.67814112495 387.52058278809 388.47828851282 389.45334946567 390.08440701727 390.66017701387 391.22994801769 391.95167215814 393.48248431756 394.81341733708 395.73239291383 395.8384035358 395.994760472 396.31797359109 397.38155388011 398.11642812209 399.31326984116 400.80886388098 401.86003172321 402.31722189153 403.63329692422 404.54850287263 405.50239566755 471.78900183591 473.97664981116 475.84885312131 476.33033719443 482.77919265781 485.89190754121 488.64969916446 490.26621011089 490.98357441806 491.82390259708 492.23205806924 494.47461180612 495.20249381656 495.70734542928 495.93674864167 496.67210389295 496.71773314234 498.62475870739 498.6367900154 499.50304699051 499.74582503614 502.01475668738 503.44815542692 503.91512900562 506.94057017698 507.18924322506 508.85445037757 510.1127424599 512.07878893803 514.10233980165 514.1665771617 516.37689806211 516.85519219147 517.6901049164 588.02335135698 597.45471256756 598.53317853169 599.23913847067 599.73874354794 599.96127115556 603.78526005851 604.50399424336 605.03218483336 605.68154815192 608.61976247154 610.68524040951 612.06472726043 612.57756535424 612.89505319612 617.6338212665 618.172708827 623.33353890352 624.72389257484 624.75860148494 625.9883294972 627.29208247215 630.04819673872 630.78186785935 631.45536443757 631.83152388704 705.67269269184 706.3441077393 706.76318883703 707.63096025101 720.65940741394 721.82276627155 731.03723013694 733.14638223605 734.76636130074 739.0319066936 740.51860782121 744.2764542477 745.813677546 746.68022997193","180 180 180 180 180 180 180 180 180 180 180 180 180 180 180 180 180 180 180 180 180 180 180 180 180 180 180 180 180 180 180 180 180 180 180 180 180 180 180 180 180 180 180 180 180 180 180 180 180 180 180 180 180 180 180 180 180 180 180 180 180 180 180 180 180 180 180 180 180 180 180 180 180 180 180 180 180 180 180 180 180 180 180 180 180 180 180 180 180 180 180 180 180 180 180 180 180 180 180 180 180 180 180 180 180 180 180 180 180 180 180 180 180 180 180 180 180 180 180 180 180 180 180 180 180 180 180 180 180 180 180 180 180 180 180 180 180 180 180 180 180 180 180 180 180 180 180 180 180 180 180 180 180 180 180 180 180 180 180 180 180 180 180 180 180 180 180 180 180 180 180 180 180 180 180 180 180 180 180 180 180 180 180 180 180 180 180 180 180 180 180 180"
General-201-20260718-15:25:01-5193,vector,Florasat_Individual_Sats.satellite[0].dlkDSL.mac,Repetition Position for Node 493 at Satellite,,,"13.81255159414 35.28861924451","180 180"
General-201-20260718-15:25:01-5193,vector,Florasat_Individual_Sats.satellite[0].dlkDSL.mac,All Nodes Repetition Generation Delay at Satellite,,,"13.81255159414 17.67687912019 29.89825705685 35.28861924451 42.20171845582 46.3173562155 48.00167763367 117.24349499441 130.70844877459 132.11787380039 137.86876318086 138.68090295059 139.47915462697 142.10076865324 144.23554432243 144.96080524282 148.97085215257 149.82818204252 151.07731807687 155.25413835438 156.64034527892 156.93815149943 158.5361723997 159.05460220043 159.24317829421 160.95509035088 161.10394424469 161.96386826633 162.8371724986 163.70858545432 166.98194408155 168.3423380339 169.13594322212 169.3488969248 169.6840921644 170.51129725872 171.55382590581 171.78405149717 172.29420537356 231.45040146674 242.91479831393 244.27295654154 244.43066031107 246.61156624247 252.69808695687 253.54672752613 253.96230132965 254.61417598956 254.66219765291 255.15640138475 255.5033935387 257.83786639705 258.29000413389 261.04425423936 261.6077235246 265.34412229274 265.97843096423 266.42823294214 266.6921922536 267.82530953948 269.7713475094 270.08099323547 270.4103001267 271.26987849771 272.77002580268 274.22434030957 275.56305922432 277.72046425672 279.88139508706 280.34430198738 281.05375178125 281.49282704195 283.57502379914 287.58143014372 348.52028156122 356.6144214535 357.75915278927 358.69664016439 358.99074744404 361.49740525049 367.51300237718 368.08030410311 370.41665485285 372.85572088317 373.50503190611 374.0731110833 374.43448931947 375.03226615878 376.27481619868 376.74753389814 379.0660068855 380.46054125827 380.99649873436 382.02172102863 382.88463812079 384.67814112495 387.52058278809 388.47828851282 389.45334946567 390.08440701727 390.66017701387 391.22994801769 391.95167215814 393.48248431756 394.81341733708 395.73239291383 395.8384035358 395.994760472 396.31797359109 397.38155388011 398.11642812209 399.31326984116 400.80886388098 401.86003172321 402.31722189153 403.63329692422 404.54850287263 405.50239566755 471.78900183591 473.97664981116 475.84885312131 476.33033719443 482.77919265781 485.89190754121 488.64969916446 490.26621011089 490.98357441806 491.82390259708 492.23205806924 494.47461180612 495.20249381656 495.70734542928 495.93674864167 496.67210389295 496.71773314234 498.62475870739 498.6367900154 499.50304699051 499.74582503614 502.01475668738 503.44815542692 503.91512900562 506.94057017698 507.18924322506 508.85445037757 510.1127424599 512.07878893803 514.10233980165 514.1665771617 516.37689806211 516.85519219147 517.6901049164 588.02335135698 597.45471256756 598.53317853169 599.23913847067 599.73874354794 599.96127115556 603.78526005851 604.50399424336 605.03218483336 605.68154815192 608.61976247154 610.68524040951 612.06472726043 612.57756535424 612.89505319612 617.6338212665 618.172708827 623.33353890352 624.72389257484 624.75860148494 625.9883294972 627.29208247215 630.04819673872 630.78186785935 631.45536443757 631.83152388704 705.67269269184 706.3441077393 706.76318883703 707.63096025101 720.65940741394 721.82276627155 731.03723013694 733.14638223605 734.76636130074 739.0319066936 740.51860782121 744.2764542477 745.813677546 746.68022997193","12.81255159414 16.67687912019 28.89825705685 34.28861924451 41.20171845582 45.3173562155 47.00167763367 1.24349499441 14.70844877459 16.11787380039 21.86876318086 22.68090295059 23.47915462697 26.10076865324 28.23554432243 28.96080524282 32.97085215257 33.82818204252 35.07731807687 39.25413835438 40.64034527892 40.93815149943 42.5361723997 43.05460220043 43.24317829421 44.95509035088 45.10394424469 45.96386826633 46.8371724986 47.70858545432 50.98194408155 52.3423380339 53.13594322212 53.3488969248 53.6840921644 54.51129725872 55.55382590581 55.78405149717 56.29420537356 0.45040146673998 11.91479831393 13.27295654154 13.43066031107 15.61156624247 21.69808695687 22.54672752613 22.96230132965 23.61417598956 23.66219765291 24.15640138475 24.5033935387 26.83786639705 27.29000413389 30.04425423936 30.6077235246 34.34412229274 34.97843096423 35.42823294214 35.6921922536 36.82530953948 38.7713475094 39.08099323547 39.4103001267 40.26987849771 41.77002580268 43.22434030957 44.56305922432 46.72046425672 48.88139508706 49.34430198738 50.05375178125 50.49282704195 52.57502379914 56.58143014372 2.52028156122 10.6144214535 11.75915278927 12.69664016439 12.99074744404 15.49740525049 21.51300237718 22.08030410311 24.41665485285 26.85572088317 27.50503190611 28.0731110833 28.43448931947 29.03226615878 30.27481619868 30.74753389814 33.0660068855 34.46054125827 34.99649873436 36.02172102863 36.88463812079 38.67814112495 41.52058278809 42.47828851282 43.45334946567 44.08440701727 44.66017701387 45.22994801769 45.95167215814 47.48248431756 48.81341733708 49.73239291383 49.8384035358 49.994760472 50.31797359109 51.38155388011 52.11642812209 53.31326984116 54.80886388098 55.86003172321 56.31722189153 57.63329692422 58.54850287263 59.50239566755 10.78900183591 12.97664981116 14.84885312131 15.33033719443 21.77919265781 24.89190754121 27.64969916446 29.26621011089 29.98357441806 30.82390259708 31.23205806924 33.47461180612 34.20249381656 34.70734542928 34.93674864167 35.67210389295 35.71773314234 37.62475870739 37.6367900154 38.50304699051 38.74582503614 41.01475668738 42.44815542692 42.91512900562 45.94057017698 46.18924322506 47.85445037757 49.1127424599 51.07878893803 53.10233980165 53.1665771617 55.37689806211 55.85519219147 56.6901049164 12.02335135698 21.45471256756 22.53317853169 23.23913847067 23.73874354794 23.96127115556 27.78526005851 28.50399424336 29.03218483336 29.68154815192 32.61976247154 34.68524040951 36.06472726043 36.57756535424 36.89505319612 41.6338212665 42.172708827 47.33353890352 48.72389257484 48.75860148494 49.9883294972 51.29208247215 54.04819673872 54.78186785935 55.45536443757 55.83152388704 14.67269269184 15.3441077393 15.76318883703 16.63096025101 29.65940741394 30.82276627155 40.03723013694 42.14638223605 43.76636130074 48.0319066936 49.51860782121 53.2764542477 54.813677546 55.68022997193"
General-201-20260718-15:25:01-5193,vector,Florasat_Individual_Sats.satellite[0].dlkDSL.mac,Repetition Generation Delay for Node 493 at Satellite,,,"13.81255159414 35.28861924451","12.81255159414 34.28861924451"
General-201-20260718-15:25:01-5193,vector,Florasat_Individual_Sats.satellite[0].dlkDSL.mac,Successful Repetition Number counted for MAC protocol,,,"13.81255159414 17.67687912019 29.89825705685 42.20171845582 46.3173562155 48.00167763367 117.24349499441 130.70844877459 137.86876318086 138.68090295059 139.47915462697 142.10076865324 144.23554432243 151.07731807687 155.25413835438 156.93815149943 158.5361723997 159.05460220043 162.8371724986 163.70858545432 166.98194408155 169.3488969248 169.6840921644 231.45040146674 242.91479831393 244.27295654154 246.61156624247 252.69808695687 253.54672752613 253.96230132965 254.66219765291 255.15640138475 257.83786639705 258.29000413389 261.6077235246 265.34412229274 266.6921922536 269.7713475094 270.08099323547 271.26987849771 272.77002580268 281.05375178125 283.57502379914 348.52028156122 356.6144214535 357.75915278927 358.69664016439 358.99074744404 361.49740525049 370.41665485285 374.0731110833 374.43448931947 375.03226615878 376.27481619868 376.74753389814 379.0660068855 380.46054125827 380.99649873436 382.02172102863 384.67814112495 388.47828851282 389.45334946567 390.08440701727 390.66017701387 391.95167215814 393.48248431756 395.8384035358 396.31797359109 400.80886388098 401.86003172321 471.78900183591 473.97664981116 475.84885312131 476.33033719443 482.77919265781 485.89190754121 490.98357441806 491.82390259708 492.23205806924 495.20249381656 495.70734542928 496.67210389295 496.71773314234 498.62475870739 498.6367900154 502.01475668738 510.1127424599 514.1665771617 588.02335135698 597.45471256756 598.53317853169 599.23913847067 599.96127115556 603.78526005851 604.50399424336 605.03218483336 605.68154815192 612.06472726043 612.57756535424 623.33353890352 627.29208247215 630.78186785935 705.67269269184 706.3441077393 706.76318883703 707.63096025101 721.82276627155 731.03723013694 739.0319066936 740.51860782121 746.68022997193","2 2 3 4 5 5 1 2 3 3 3 3 3 4 4 4 4 4 5 5 5 5 5 1 2 2 2 3 3 3 3 3 3 3 3 4 4 4 4 4 4 5 5 1 2 2 2 2 2 3 3 3 3 3 3 4 4 4 4 4 4 4 4 5 5 5 5 5 5 5 2 2 2 2 3 3 3 3 3 4 4 4 4 4 4 4 5 5 2 3 3 3 3 3 3 3 3 4 4 5 5 5 2 2 2 2 3 4 5 5 5"
General-201-20260718-15:25:01-5193,vector,Florasat_Individual_Sats.satellite[0].dlkDSL.mac,Successful Repetition Number counted for the Model,,,"13.81255159414 17.67687912019 29.89825705685 42.20171845582 46.3173562155 48.00167763367 117.24349499441 130.70844877459 137.86876318086 138.68090295059 139.47915462697 142.10076865324 144.23554432243 151.07731807687 155.25413835438 156.93815149943 158.5361723997 159.05460220043 162.8371724986 163.70858545432 166.98194408155 169.3488969248 169.6840921644 231.45040146674 242.91479831393 244.27295654154 246.61156624247 252.69808695687 253.54672752613 253.96230132965 254.66219765291 255.15640138475 257.83786639705 258.29000413389 261.6077235246 265.34412229274 266.6921922536 269.7713475094 270.08099323547 271.26987849771 272.77002580268 281.05375178125 283.57502379914 348.52028156122 356.6144214535 357.75915278927 358.69664016439 358.99074744404 361.49740525049 370.41665485285 374.0731110833 374.43448931947 375.03226615878 376.27481619868 376.74753389814 379.0660068855 380.46054125827 380.99649873436 382.02172102863 384.67814112495 388.47828851282 389.45334946567 390.08440701727 390.66017701387 391.95167215814 393.48248431756 395.8384035358 396.31797359109 400.80886388098 401.86003172321 471.78900183591 473.97664981116 475.84885312131 476.33033719443 482.77919265781 485.89190754121 490.98357441806 491.82390259708 492.23205806924 495.20249381656 495.70734542928 496.67210389295 496.71773314234 498.62475870739 498.6367900154 502.01475668738 510.1127424599 514.1665771617 588.02335135698 597.45471256756 598.53317853169 599.23913847067 599.96127115556 603.78526005851 604.50399424336 605.03218483336 605.68154815192 612.06472726043 612.57756535424 623.33353890352 627.29208247215 630.78186785935 705.67269269184 706.3441077393 706.76318883703 707.63096025101 721.82276627155 731.03723013694 739.0319066936 740.51860782121 746.68022997193","2 2 3 4 5 5 1 2 3 3 3 3 3 4 4 4 3 4 5 5 5 5 5 1 2 2 2 3 3 3 3 3 3 3 3 4 4 4 4 4 4 5 5 1 2 2 2 2 2 3 3 3 3 3 3 4 4 4 4 4 2 2 4 5 5 5 5 5 5 5 2 2 2 2 3 3 3 3 3 4 4 4 4 4 4 4 5 5 2 3 3 3 3 3 3 3 3 4 4 5 5 5 2 2 2 2 3 4 5 5 5"
General-201-20260718-15:25:01-5193,vector,Florasat_Individual_Sats.satellite[0].dlkDSL.mac,All Nodes Message Generation Delay at Satellite,,,"13.81255159414 17.67687912019 29.89825705685 42.20171845582 46.3173562155 48.00167763367 117.24349499441 130.70844877459 137.86876318086 138.68090295059 139.47915462697 142.10076865324 144.23554432243 151.07731807687 155.25413835438 156.93815149943 158.5361723997 159.05460220043 162.8371724986 163.70858545432 166.98194408155 169.3488969248 169.6840921644 231.45040146674 242.91479831393 244.27295654154 246.61156624247 252.69808695687 253.54672752613 253.96230132965 254.66219765291 255.15640138475 257.83786639705 258.29000413389 261.6077235246 265.34412229274 266.6921922536 269.7713475094 270.08099323547 271.26987849771 272.77002580268 281.05375178125 283.57502379914 348.52028156122 356.6144214535 357.75915278927 358.69664016439 358.99074744404 361.49740525049 370.41665485285 374.0731110833 374.43448931947 375.03226615878 376.27481619868 376.74753389814 379.0660068855 380.46054125827 380.99649873436 382.02172102863 384.67814112495 388.47828851282 389.45334946567 390.08440701727 390.66017701387 391.95167215814 393.48248431756 395.8384035358 396.31797359109 400.80886388098 401.86003172321 471.78900183591 473.97664981116 475.84885312131 476.33033719443 482.77919265781 485.89190754121 490.98357441806 491.82390259708 492.23205806924 495.20249381656 495.70734542928 496.67210389295 496.71773314234 498.62475870739 498.6367900154 502.01475668738 510.1127424599 514.1665771617 588.02335135698 597.45471256756 598.53317853169 599.23913847067 599.96127115556 603.78526005851 604.50399424336 605.03218483336 605.68154815192 612.06472726043 612.57756535424 623.33353890352 627.29208247215 630.78186785935 705.67269269184 706.3441077393 706.76318883703 707.63096025101 721.82276627155 731.03723013694 739.0319066936 740.51860782121 746.68022997193","12.81255159414 16.67687912019 28.89825705685 41.20171845582 45.3173562155 47.00167763367 1.24349499441 14.70844877459 21.86876318086 22.68090295059 23.47915462697 26.10076865324 28.23554432243 35.07731807687 39.25413835438 40.93815149943 42.5361723997 43.05460220043 46.8371724986 47.70858545432 50.98194408155 53.3488969248 53.6840921644 0.45040146673998 11.91479831393 13.27295654154 15.61156624247 21.69808695687 22.54672752613 22.96230132965 23.66219765291 24.15640138475 26.83786639705 27.29000413389 30.6077235246 34.34412229274 35.6921922536 38.7713475094 39.08099323547 40.26987849771 41.77002580268 50.05375178125 52.57502379914 2.52028156122 10.6144214535 11.75915278927 12.69664016439 12.99074744404 15.49740525049 24.41665485285 28.0731110833 28.43448931947 29.03226615878 30.27481619868 30.74753389814 33.0660068855 34.46054125827 34.99649873436 36.02172102863 38.67814112495 42.47828851282 43.45334946567 44.08440701727 44.66017701387 45.95167215814 47.48248431756 49.8384035358 50.31797359109 54.80886388098 55.86003172321 10.78900183591 12.97664981116 14.84885312131 15.33033719443 21.77919265781 24.89190754121 29.98357441806 30.82390259708 31.23205806924 34.20249381656 34.70734542928 35.67210389295 35.71773314234 37.62475870739 37.6367900154 41.01475668738 49.1127424599 53.1665771617 12.02335135698 21.45471256756 22.53317853169 23.23913847067 23.96127115556 27.78526005851 28.50399424336 29.03218483336 29.68154815192 36.06472726043 36.57756535424 47.33353890352 51.29208247215 54.78186785935 14.67269269184 15.3441077393 15.76318883703 16.63096025101 30.82276627155 40.03723013694 48.0319066936 49.51860782121 55.68022997193"
General-201-20260718-15:25:01-5193,vector,Florasat_Individual_Sats.satellite[0].dlkDSL.mac,Message Generation Delay for Node 493 at Satellite,,,"13.81255159414","12.81255159414"
General-201-20260718-15:25:01-5193,vector,Florasat_Individual_Sats.satellite[0].net.packetHandler,packets received,,,"13.81255159414 17.67687912019 29.89825705685 35.28861924451 42.20171845582 46.3173562155 48.00167763367 117.24349499441 130.70844877459 132.11787380039 137.86876318086 138.68090295059 139.47915462697 142.10076865324 144.23554432243 144.96080524282 148.97085215257 149.82818204252 151.07731807687 155.25413835438 156.64034527892 156.93815149943 158.5361723997 159.05460220043 159.24317829421 160.95509035088 161.10394424469 161.96386826633 162.8371724986 163.70858545432 166.98194408155 168.3423380339 169.13594322212 169.3488969248 169.6840921644 170.51129725872 171.55382590581 171.78405149717 172.29420537356 231.45040146674 242.91479831393 244.27295654154 244.43066031107 246.61156624247 252.69808695687 253.54672752613 253.96230132965 254.61417598956 254.66219765291 255.15640138475 255.5033935387 257.83786639705 258.29000413389 261.04425423936 261.6077235246 265.34412229274 265.97843096423 266.42823294214 266.6921922536 267.82530953948 269.7713475094 270.08099323547 270.4103001267 271.26987849771 272.77002580268 274.22434030957 275.56305922432 277.72046425672 279.88139508706 280.34430198738 281.05375178125 281.49282704195 283.57502379914 287.58143014372 348.52028156122 356.6144214535 357.75915278927 358.69664016439 358.99074744404 361.49740525049 367.51300237718 368.08030410311 370.41665485285 372.85572088317 373.50503190611 374.0731110833 374.43448931947 375.03226615878 376.27481619868 376.74753389814 379.0660068855 380.46054125827 380.99649873436 382.02172102863 382.88463812079 384.67814112495 387.52058278809 388.47828851282 389.45334946567 390.08440701727 390.66017701387 391.22994801769 391.95167215814 393.48248431756 394.81341733708 395.73239291383 395.8384035358 395.994760472 396.31797359109 397.38155388011 398.11642812209 399.31326984116 400.80886388098 401.86003172321 402.31722189153 403.63329692422 404.54850287263 405.50239566755 471.78900183591 473.97664981116 475.84885312131 476.33033719443 482.77919265781 485.89190754121 488.64969916446 490.26621011089 490.98357441806 491.82390259708 492.23205806924 494.47461180612 495.20249381656 495.70734542928 495.93674864167 496.67210389295 496.71773314234 498.62475870739 498.6367900154 499.50304699051 499.74582503614 502.01475668738 503.44815542692 503.91512900562 506.94057017698 507.18924322506 508.85445037757 510.1127424599 512.07878893803 514.10233980165 514.1665771617 516.37689806211 516.85519219147 517.6901049164 588.02335135698 597.45471256756 598.53317853169 599.23913847067 599.73874354794 599.96127115556 603.78526005851 604.50399424336 605.03218483336 605.68154815192 608.61976247154 610.68524040951 612.06472726043 612.57756535424 612.89505319612 617.6338212665 618.172708827 623.33353890352 624.72389257484 624.75860148494 625.9883294972 627.29208247215 630.04819673872 630.78186785935 631.45536443757 631.83152388704 705.67269269184 706.3441077393 706.76318883703 707.63096025101 720.65940741394 721.82276627155 731.03723013694 733.14638223605 734.76636130074 739.0319066936 740.51860782121 744.2764542477 745.813677546 746.68022997193","1 2 3 4 5 6 7 8 9 10 11 12 13 14 15 16 17 18 19 20 21 22 23 24 25 26 27 28 29 30 31 32 33 34 35 36 37 38 39 40 41 42 43 44 45 46 47 48 49 50 51 52 53 54 55 56 57 58 59 60 61 62 63 64 65 66 67 68 69 70 71 72 73 74 75 76 77 78 79 80 81 82 83 84 85 86 87 88 89 90 91 92 93 94 95 96 97 98 99 100 101 102 103 104 105 106 107 108 109 110 111 112 113 114 115 116 117 118 119 120 121 122 123 124 125 126 127 128 129 130 131 132 133 134 135 136 137 138 139 140 141 142 143 144 145 146 147 148 149 150 151 152 153 154 155 156 157 158 159 160 161 162 163 164 165 166 167 168 169 170 171 172 173 174 175 176 177 178 179 180 181 182 183 184 185 186 187 188 189 190 191 192"
General-201-20260718-15:25:01-5193,vector,Florasat_Individual_Sats.satellite[0].net.packetHandler,dropped unroutable,,,"13.81255159414 17.67687912019 29.89825705685 35.28861924451 42.20171845582 46.3173562155 48.00167763367 117.24349499441 130.70844877459 132.11787380039 137.86876318086 138.68090295059 139.47915462697 142.10076865324 144.23554432243 144.96080524282 148.97085215257 149.82818204252 151.07731807687 155.25413835438 156.64034527892 156.93815149943 158.5361723997 159.05460220043 159.24317829421 160.95509035088 161.10394424469 161.96386826633 162.8371724986 163.70858545432 166.98194408155 168.3423380339 169.13594322212 169.3488969248 169.6840921644 170.51129725872 171.55382590581 171.78405149717 172.29420537356 231.45040146674 242.91479831393 244.27295654154 244.43066031107 246.61156624247 252.69808695687 253.54672752613 253.96230132965 254.61417598956 254.66219765291 255.15640138475 255.5033935387 257.83786639705 258.29000413389 261.04425423936 261.6077235246 265.34412229274 265.97843096423 266.42823294214 266.6921922536 267.82530953948 269.7713475094 270.08099323547 270.4103001267 271.26987849771 272.77002580268 274.22434030957 275.56305922432 277.72046425672 279.88139508706 280.34430198738 281.05375178125 281.49282704195 283.57502379914 287.58143014372 348.52028156122 356.6144214535 357.75915278927 358.69664016439 358.99074744404 361.49740525049 367.51300237718 368.08030410311 370.41665485285 372.85572088317 373.50503190611 374.0731110833 374.43448931947 375.03226615878 376.27481619868 376.74753389814 379.0660068855 380.46054125827 380.99649873436 382.02172102863 382.88463812079 384.67814112495 387.52058278809 388.47828851282 389.45334946567 390.08440701727 390.66017701387 391.22994801769 391.95167215814 393.48248431756 394.81341733708 395.73239291383 395.8384035358 395.994760472 396.31797359109 397.38155388011 398.11642812209 399.31326984116 400.80886388098 401.86003172321 402.31722189153 403.63329692422 404.54850287263 405.50239566755 471.78900183591 473.97664981116 475.84885312131 476.33033719443 482.77919265781 485.89190754121 488.64969916446 490.26621011089 490.98357441806 491.82390259708 492.23205806924 494.47461180612 495.20249381656 495.70734542928 495.93674864167 496.67210389295 496.71773314234 498.62475870739 498.6367900154 499.50304699051 499.74582503614 502.01475668738 503.44815542692 503.91512900562 506.94057017698 507.18924322506 508.85445037757 510.1127424599 512.07878893803 514.10233980165 514.1665771617 516.37689806211 516.85519219147 517.6901049164 588.02335135698 597.45471256756 598.53317853169 599.23913847067 599.73874354794 599.96127115556 603.78526005851 604.50399424336 605.03218483336 605.68154815192 608.61976247154 610.68524040951 612.06472726043 612.57756535424 612.89505319612 617.6338212665 618.172708827 623.33353890352 624.72389257484 624.75860148494 625.9883294972 627.29208247215 630.04819673872 630.78186785935 631.45536443757 631.83152388704 705.67269269184 706.3441077393 706.76318883703 707.63096025101 720.65940741394 721.82276627155 731.03723013694 733.14638223605 734.76636130074 739.0319066936 740.51860782121 744.2764542477 745.813677546 746.68022997193","1 2 3 4 5 6 7 8 9 10 11 12 13 14 15 16 17 18 19 20 21 22 23 24 25 26 27 28 29 30 31 32 33 34 35 36 37 38 39 40 41 42 43 44 45 46 47 48 49 50 51 52 53 54 55 56 57 58 59 60 61 62 63 64 65 66 67 68 69 70 71 72 73 74 75 76 77 78 79 80 81 82 83 84 85 86 87 88 89 90 91 92 93 94 95 96 97 98 99 100 101 102 103 104 105 106 107 108 109 110 111 112 113 114 115 116 117 118 119 120 121 122 123 124 125 126 127 128 129 130 131 132 133 134 135 136 137 138 139 140 141 142 143 144 145 146 147 148 149 150 151 152 153 154 155 156 157 158 159 160 161 162 163 164 165 166 167 168 169 170 171 172 173 174 175 176 177 178 179 180 181 182 183 184 185 186 187 188 189 190 191 192"
General-201-20260718-15:25:01-5193,vector,Florasat_Individual_Sats.satellite[0].net.packetHandler,packets dropped,,,"13.81255159414 17.67687912019 29.89825705685 35.28861924451 42.20171845582 46.3173562155 48.00167763367 117.24349499441 130.70844877459 132.11787380039 137.86876318086 138.68090295059 139.47915462697 142.10076865324 144.23554432243 144.96080524282 148.97085215257 149.82818204252 151.07731807687 155.25413835438 156.64034527892 156.93815149943 158.5361723997 159.05460220043 159.24317829421 160.95509035088 161.10394424469 161.96386826633 162.8371724986 163.70858545432 166.98194408155 168.3423380339 169.13594322212 169.3488969248 169.6840921644 170.51129725872 171.55382590581 171.78405149717 172.29420537356 231.45040146674 242.91479831393 244.27295654154 244.43066031107 246.61156624247 252.69808695687 253.54672752613 253.96230132965 254.61417598956 254.66219765291 255.15640138475 255.5033935387 257.83786639705 258.29000413389 261.04425423936 261.6077235246 265.34412229274 265.97843096423 266.42823294214 266.6921922536 267.82530953948 269.7713475094 270.08099323547 270.4103001267 271.26987849771 272.77002580268 274.22434030957 275.56305922432 277.72046425672 279.88139508706 280.34430198738 281.05375178125 281.49282704195 283.57502379914 287.58143014372 348.52028156122 356.6144214535 357.75915278927 358.69664016439 358.99074744404 361.49740525049 367.51300237718 368.08030410311 370.41665485285 372.85572088317 373.50503190611 374.0731110833 374.43448931947 375.03226615878 376.27481619868 376.74753389814 379.0660068855 380.46054125827 380.99649873436 382.02172102863 382.88463812079 384.67814112495 387.52058278809 388.47828851282 389.45334946567 390.08440701727 390.66017701387 391.22994801769 391.95167215814 393.48248431756 394.81341733708 395.73239291383 395.8384035358 395.994760472 396.31797359109 397.38155388011 398.11642812209 399.31326984116 400.80886388098 401.86003172321 402.31722189153 403.63329692422 404.54850287263 405.50239566755 471.78900183591 473.97664981116 475.84885312131 476.33033719443 482.77919265781 485.89190754121 488.64969916446 490.26621011089 490.98357441806 491.82390259708 492.23205806924 494.47461180612 495.20249381656 495.70734542928 495.93674864167 496.67210389295 496.71773314234 498.62475870739 498.6367900154 499.50304699051 499.74582503614 502.01475668738 503.44815542692 503.91512900562 506.94057017698 507.18924322506 508.85445037757 510.1127424599 512.07878893803 514.10233980165 514.1665771617 516.37689806211 516.85519219147 517.6901049164 588.02335135698 597.45471256756 598.53317853169 599.23913847067 599.73874354794 599.96127115556 603.78526005851 604.50399424336 605.03218483336 605.68154815192 608.61976247154 610.68524040951 612.06472726043 612.57756535424 612.89505319612 617.6338212665 618.172708827 623.33353890352 624.72389257484 624.75860148494 625.9883294972 627.29208247215 630.04819673872 630.78186785935 631.45536443757 631.83152388704 705.67269269184 706.3441077393 706.76318883703 707.63096025101 720.65940741394 721.82276627155 731.03723013694 733.14638223605 734.76636130074 739.0319066936 740.51860782121 744.2764542477 745.813677546 746.68022997193","1 2 3 4 5 6 7 8 9 10 11 12 13 14 15 16 17 18 19 20 21 22 23 24 25 26 27 28 29 30 31 32 33 34 35 36 37 38 39 40 41 42 43 44 45 46 47 48 49 50 51 52 53 54 55 56 57 58 59 60 61 62 63 64 65 66 67 68 69 70 71 72 73 74 75 76 77 78 79 80 81 82 83 84 85 86 87 88 89 90 91 92 93 94 95 96 97 98 99 100 101 102 103 104 105 106 107 108 109 110 111 112 113 114 115 116 117 118 119 120 121 122 123 124 125 126 127 128 129 130 131 132 133 134 135 136 137 138 139 140 141 142 143 144 145 146 147 148 149 150 151 152 153 154 155 156 157 158 159 160 161 162 163 164 165 166 167 168 169 170 171 172 173 174 175 176 177 178 179 180 181 182 183 184 185 186 187 188 189 190 191 192"
General-201-20260718-15:25:01-5193,vector,Florasat_Individual_Sats.satellite[0].dlkDSL.mac,Repetition Position for Node 103 at Satellite,,,"17.67687912019 253.54672752613","180 180"
General-201-20260718-15:25:01-5193,vector,Florasat_Individual_Sats.satellite[0].dlkDSL.mac,Repetition Generation Delay for Node 103 at Satellite,,,"17.67687912019 253.54672752613","16.67687912019 22.54672752613"
General-201-20260718-15:25:01-5193,vector,Florasat_Individual_Sats.satellite[0].dlkDSL.mac,Message Generation Delay for Node 103 at Satellite,,,"17.67687912019 253.54672752613","16.67687912019 22.54672752613"
General-201-20260718-15:25:01-5193,vector,Florasat_Individual_Sats.satellite[0].dlkDSL.mac,Repetition Position for Node 88 at Satellite,,,"29.89825705685 281.05375178125","180 180"
General-201-20260718-15:25:01-5193,vector,Florasat_Individual_Sats.satellite[0].dlkDSL.mac,Repetition Generation Delay for Node 88 at Satellite,,,"29.89825705685 281.05375178125","28.89825705685 50.05375178125"
General-201-20260718-15:25:01-5193,vector,Florasat_Individual_Sats.satellite[0].dlkDSL.mac,Message Generation Delay for Node 88 at Satellite,,,"29.89825705685 281.05375178125","28.89825705685 50.05375178125"
General-201-20260718-15:25:01-5193,vector,Florasat_Individual_Sats.satellite[0].dlkDSL.mac,Repetition Position for Node 673 at Satellite,,,"42.20171845582 137.86876318086 149.82818204252 160.95509035088 283.57502379914 374.0731110833","180 180 180 180 180 180"
General-201-20260718-15:25:01-5193,vector,Florasat_Individual_Sats.satellite[0].dlkDSL.mac,Repetition Generation Delay for Node 673 at Satellite,,,"42.20171845582 137.86876318086 149.82818204252 160.95509035088 283.57502379914 374.0731110833","41.20171845582 21.86876318086 33.82818204252 44.95509035088 52.57502379914 28.0731110833"
General-201-20260718-15:25:01-5193,vector,Florasat_Individual_Sats.satellite[0].dlkDSL.mac,Message Generation Delay for Node 673 at Satellite,,,"42.20171845582 137.86876318086 283.57502379914 374.0731110833","41.20171845582 21.86876318086 52.57502379914 28.0731110833"
General-201-20260718-15:25:01-5193,vector,Florasat_Individual_Sats.satellite[0].dlkDSL.mac,Repetition Position for Node 943 at Satellite,,,"46.3173562155","180"
General-201-20260718-15:25:01-5193,vector,Florasat_Individual_Sats.satellite[0].dlkDSL.mac,Repetition Generation Delay for Node 943 at Satellite,,,"46.3173562155","45.3173562155"
General-201-20260718-15:25:01-5193,vector,Florasat_Individual_Sats.satellite[0].dlkDSL.mac,Message Generation Delay for Node 943 at Satellite,,,"46.3173562155","45.3173562155"
General-201-20260718-15:25:01-5193,vector,Florasat_Individual_Sats.satellite[0].dlkDSL.mac,Repetition Position for Node 538 at Satellite,,,"48.00167763367 155.25413835438","180 180"
General-201-20260718-15:25:01-5193,vector,Florasat_Individual_Sats.satellite[0].dlkDSL.mac,Repetition Generation Delay for Node 538 at Satellite,,,"48.00167763367 155.25413835438","47.00167763367 39.25413835438"
General-201-20260718-15:25:01-5193,vector,Florasat_Individual_Sats.satellite[0].dlkDSL.mac,Message Generation Delay for Node 538 at Satellite,,,"48.00167763367 155.25413835438","47.00167763367 39.25413835438"
General-201-20260718-15:25:01-5193,vector,Florasat_Individual_Sats.satellite[0].dlkDSL.mac,Repetition Position for Node 823 at Satellite,,,"117.24349499441 132.11787380039 144.96080524282 159.24317829421 172.29420537356","180 180 180 180 180"
General-201-20260718-15:25:01-5193,vector,Florasat_Individual_Sats.satellite[0].dlkDSL.mac,Repetition Generation Delay for Node 823 at Satellite,,,"117.24349499441 132.11787380039 144.96080524282 159.24317829421 172.29420537356","1.24349499441 16.11787380039 28.96080524282 43.24317829421 56.29420537356"
General-201-20260718-15:25:01-5193,vector,Florasat_Individual_Sats.satellite[0].dlkDSL.mac,Message Generation Delay for Node 823 at Satellite,,,"117.24349499441","1.24349499441"
General-201-20260718-15:25:01-5193,vector,Florasat_Individual_Sats.satellite[0].dlkDSL.mac,Repetition Position for Node 373 at Satellite,,,"130.70844877459 168.3423380339 242.91479831393 370.41665485285","180 180 180 180"
General-201-20260718-15:25:01-5193,vector,Florasat_Individual_Sats.satellite[0].dlkDSL.mac,Repetition Generation Delay for Node 373 at Satellite,,,"130.70844877459 168.3423380339 242.91479831393 370.41665485285","14.70844877459 52.3423380339 11.91479831393 24.41665485285"
General-201-20260718-15:25:01-5193,vector,Florasat_Individual_Sats.satellite[0].dlkDSL.mac,Message Generation Delay for Node 373 at Satellite,,,"130.70844877459 242.91479831393 370.41665485285","14.70844877459 11.91479831393 24.41665485285"
General-201-20260718-15:25:01-5193,vector,Florasat_Individual_Sats.satellite[0].dlkDSL.mac,Repetition Position for Node 778 at Satellite,,,"138.68090295059 148.97085215257 161.96386826633 270.08099323547 380.99649873436","180 180 180 180 180"
General-201-20260718-15:25:01-5193,vector,Florasat_Individual_Sats.satellite[0].dlkDSL.mac,Repetition Generation Delay for Node 778 at Satellite,,,"138.68090295059 148.97085215257 161.96386826633 270.08099323547 380.99649873436","22.68090295059 32.97085215257 45.96386826633 39.08099323547 34.99649873436"
General-201-20260718-15:25:01-5193,vector,Florasat_Individual_Sats.satellite[0].dlkDSL.mac,Message Generation Delay for Node 778 at Satellite,,,"138.68090295059 270.08099323547 380.99649873436","22.68090295059 39.08099323547 34.99649873436"
General-201-20260718-15:25:01-5193,vector,Florasat_Individual_Sats.satellite[0].dlkDSL.mac,Repetition Position for Node 283 at Satellite,,,"139.47915462697 473.97664981116 488.64969916446 499.50304699051 731.03723013694","180 180 180 180 180"
General-201-20260718-15:25:01-5193,vector,Florasat_Individual_Sats.satellite[0].dlkDSL.mac,Repetition Generation Delay for Node 283 at Satellite,,,"139.47915462697 473.97664981116 488.64969916446 499.50304699051 731.03723013694","23.47915462697 12.97664981116 27.64969916446 38.50304699051 40.03723013694"
General-201-20260718-15:25:01-5193,vector,Florasat_Individual_Sats.satellite[0].dlkDSL.mac,Message Generation Delay for Node 283 at Satellite,,,"139.47915462697 473.97664981116 731.03723013694","23.47915462697 12.97664981116 40.03723013694"
General-201-20260718-15:25:01-5193,vector,Florasat_Individual_Sats.satellite[0].dlkDSL.mac,Repetition Position for Node 358 at Satellite,,,"142.10076865324 156.64034527892 169.13594322212 244.27295654154 254.61417598956 267.82530953948","180 180 180 180 180 180"
General-201-20260718-15:25:01-5193,vector,Florasat_Individual_Sats.satellite[0].dlkDSL.mac,Repetition Generation Delay for Node 358 at Satellite,,,"142.10076865324 156.64034527892 169.13594322212 244.27295654154 254.61417598956 267.82530953948","26.10076865324 40.64034527892 53.13594322212 13.27295654154 23.61417598956 36.82530953948"
General-201-20260718-15:25:01-5193,vector,Florasat_Individual_Sats.satellite[0].dlkDSL.mac,Message Generation Delay for Node 358 at Satellite,,,"142.10076865324 244.27295654154","26.10076865324 13.27295654154"
General-201-20260718-15:25:01-5193,vector,Florasat_Individual_Sats.satellite[0].dlkDSL.mac,Repetition Position for Node 343 at Satellite,,,"144.23554432243 255.15640138475 266.42823294214 277.72046425672","180 180 180 180"
General-201-20260718-15:25:01-5193,vector,Florasat_Individual_Sats.satellite[0].dlkDSL.mac,Repetition Generation Delay for Node 343 at Satellite,,,"144.23554432243 255.15640138475 266.42823294214 277.72046425672","28.23554432243 24.15640138475 35.42823294214 46.72046425672"
General-201-20260718-15:25:01-5193,vector,Florasat_Individual_Sats.satellite[0].dlkDSL.mac,Message Generation Delay for Node 343 at Satellite,,,"144.23554432243 255.15640138475","28.23554432243 24.15640138475"
General-201-20260718-15:25:01-5193,vector,Florasat_Individual_Sats.satellite[0].dlkDSL.mac,Repetition Position for Node 253 at Satellite,,,"151.07731807687 161.10394424469 357.75915278927 368.08030410311 382.88463812079","180 180 180 180 180"
General-201-20260718-15:25:01-5193,vector,Florasat_Individual_Sats.satellite[0].dlkDSL.mac,Repetition Generation Delay for Node 253 at Satellite,,,"151.07731807687 161.10394424469 357.75915278927 368.08030410311 382.88463812079","35.07731807687 45.10394424469 11.75915278927 22.08030410311 36.88463812079"
General-201-20260718-15:25:01-5193,vector,Florasat_Individual_Sats.satellite[0].dlkDSL.mac,Message Generation Delay for Node 253 at Satellite,,,"151.07731807687 357.75915278927","35.07731807687 11.75915278927"
General-201-20260718-15:25:01-5193,vector,Florasat_Individual_Sats.satellite[0].dlkDSL.mac,Repetition Position for Node 388 at Satellite,,,"156.93815149943 170.51129725872 231.45040146674 244.43066031107 255.5033935387 270.4103001267 396.31797359109","180 180 180 180 180 180 180"
General-201-20260718-15:25:01-5193,vector,Florasat_Individual_Sats.satellite[0].dlkDSL.mac,Repetition Generation Delay for Node 388 at Satellite,,,"156.93815149943 170.51129725872 231.45040146674 244.43066031107 255.5033935387 270.4103001267 396.31797359109","40.93815149943 54.51129725872 0.45040146673998 13.43066031107 24.5033935387 39.4103001267 50.31797359109"
General-201-20260718-15:25:01-5193,vector,Florasat_Individual_Sats.satellite[0].dlkDSL.mac,Message Generation Delay for Node 388 at Satellite,,,"156.93815149943 231.45040146674 396.31797359109","40.93815149943 0.45040146673998 50.31797359109"
General-201-20260718-15:25:01-5193,vector,Florasat_Individual_Sats.satellite[0].dlkDSL.mac,Repetition Position for Node 718 at Satellite,,,"158.5361723997 171.78405149717 356.6144214535 367.51300237718 394.81341733708 476.33033719443 499.74582503614","180 180 180 180 180 180 180"
General-201-20260718-15:25:01-5193,vector,Florasat_Individual_Sats.satellite[0].dlkDSL.mac,Repetition Generation Delay for Node 718 at Satellite,,,"158.5361723997 171.78405149717 356.6144214535 367.51300237718 394.81341733708 476.33033719443 499.74582503614","42.5361723997 55.78405149717 10.6144214535 21.51300237718 48.81341733708 15.33033719443 38.74582503614"
General-201-20260718-15:25:01-5193,vector,Florasat_Individual_Sats.satellite[0].dlkDSL.mac,Message Generation Delay for Node 718 at Satellite,,,"158.5361723997 356.6144214535 476.33033719443","42.5361723997 10.6144214535 15.33033719443"
General-201-20260718-15:25:01-5193,vector,Florasat_Individual_Sats.satellite[0].dlkDSL.mac,Repetition Position for Node 118 at Satellite,,,"159.05460220043 171.55382590581 376.74753389814 403.63329692422","180 180 180 180"
General-201-20260718-15:25:01-5193,vector,Florasat_Individual_Sats.satellite[0].dlkDSL.mac,Repetition Generation Delay for Node 118 at Satellite,,,"159.05460220043 171.55382590581 376.74753389814 403.63329692422","43.05460220043 55.55382590581 30.74753389814 57.63329692422"
General-201-20260718-15:25:01-5193,vector,Florasat_Individual_Sats.satellite[0].dlkDSL.mac,Message Generation Delay for Node 118 at Satellite,,,"159.05460220043 376.74753389814","43.05460220043 30.74753389814"
General-201-20260718-15:25:01-5193,vector,Florasat_Individual_Sats.satellite[0].dlkDSL.mac,Repetition Position for Node 568 at Satellite,,,"162.8371724986 482.77919265781 494.47461180612","180 180 180"
General-201-20260718-15:25:01-5193,vector,Florasat_Individual_Sats.satellite[0].dlkDSL.mac,Repetition Generation Delay for Node 568 at Satellite,,,"162.8371724986 482.77919265781 494.47461180612","46.8371724986 21.77919265781 33.47461180612"
General-201-20260718-15:25:01-5193,vector,Florasat_Individual_Sats.satellite[0].dlkDSL.mac,Message Generation Delay for Node 568 at Satellite,,,"162.8371724986 482.77919265781","46.8371724986 21.77919265781"
General-201-20260718-15:25:01-5193,vector,Florasat_Individual_Sats.satellite[0].dlkDSL.mac,Repetition Position for Node 313 at Satellite,,,"163.70858545432 612.06472726043","180 180"
General-201-20260718-15:25:01-5193,vector,Florasat_Individual_Sats.satellite[0].dlkDSL.mac,Repetition Generation Delay for Node 313 at Satellite,,,"163.70858545432 612.06472726043","47.70858545432 36.06472726043"
General-201-20260718-15:25:01-5193,vector,Florasat_Individual_Sats.satellite[0].dlkDSL.mac,Message Generation Delay for Node 313 at Satellite,,,"163.70858545432 612.06472726043","47.70858545432 36.06472726043"
General-201-20260718-15:25:01-5193,vector,Florasat_Individual_Sats.satellite[0].dlkDSL.mac,Repetition Position for Node 418 at Satellite,,,"166.98194408155 254.66219765291","180 180"
General-201-20260718-15:25:01-5193,vector,Florasat_Individual_Sats.satellite[0].dlkDSL.mac,Repetition Generation Delay for Node 418 at Satellite,,,"166.98194408155 254.66219765291","50.98194408155 23.66219765291"
General-201-20260718-15:25:01-5193,vector,Florasat_Individual_Sats.satellite[0].dlkDSL.mac,Message Generation Delay for Node 418 at Satellite,,,"166.98194408155 254.66219765291","50.98194408155 23.66219765291"
General-201-20260718-15:25:01-5193,vector,Florasat_Individual_Sats.satellite[0].dlkDSL.mac,Repetition Position for Node 688 at Satellite,,,"169.3488969248 384.67814112495 395.73239291383 495.20249381656","180 180 180 180"
General-201-20260718-15:25:01-5193,vector,Florasat_Individual_Sats.satellite[0].dlkDSL.mac,Repetition Generation Delay for Node 688 at Satellite,,,"169.3488969248 384.67814112495 395.73239291383 495.20249381656","53.3488969248 38.67814112495 49.73239291383 34.20249381656"
General-201-20260718-15:25:01-5193,vector,Florasat_Individual_Sats.satellite[0].dlkDSL.mac,Message Generation Delay for Node 688 at Satellite,,,"169.3488969248 384.67814112495 495.20249381656","53.3488969248 38.67814112495 34.20249381656"
General-201-20260718-15:25:01-5193,vector,Florasat_Individual_Sats.satellite[0].dlkDSL.mac,Repetition Position for Node 793 at Satellite,,,"169.6840921644 252.69808695687","180 180"
General-201-20260718-15:25:01-5193,vector,Florasat_Individual_Sats.satellite[0].dlkDSL.mac,Repetition Generation Delay for Node 793 at Satellite,,,"169.6840921644 252.69808695687","53.6840921644 21.69808695687"
General-201-20260718-15:25:01-5193,vector,Florasat_Individual_Sats.satellite[0].dlkDSL.mac,Message Generation Delay for Node 793 at Satellite,,,"169.6840921644 252.69808695687","53.6840921644 21.69808695687"
General-201-20260718-15:25:01-5193,vector,Florasat_Individual_Sats.satellite[0].dlkDSL.mac,Repetition Position for Node 298 at Satellite,,,"246.61156624247 261.04425423936 274.22434030957 358.99074744404 397.38155388011 502.01475668738 516.37689806211 612.57756535424","180 180 180 180 180 180 180 180"
General-201-20260718-15:25:01-5193,vector,Florasat_Individual_Sats.satellite[0].dlkDSL.mac,Repetition Generation Delay for Node 298 at Satellite,,,"246.61156624247 261.04425423936 274.22434030957 358.99074744404 397.38155388011 502.01475668738 516.37689806211 612.57756535424","15.61156624247 30.04425423936 43.22434030957 12.99074744404 51.38155388011 41.01475668738 55.37689806211 36.57756535424"
General-201-20260718-15:25:01-5193,vector,Florasat_Individual_Sats.satellite[0].dlkDSL.mac,Message Generation Delay for Node 298 at Satellite,,,"246.61156624247 358.99074744404 502.01475668738 612.57756535424","15.61156624247 12.99074744404 41.01475668738 36.57756535424"
General-201-20260718-15:25:01-5193,vector,Florasat_Individual_Sats.satellite[0].dlkDSL.mac,Repetition Position for Node 328 at Satellite,,,"253.96230132965 265.97843096423 279.88139508706 375.03226615878 387.52058278809 402.31722189153 605.03218483336 618.172708827 631.83152388704","180 180 180 180 180 180 180 180 180"
General-201-20260718-15:25:01-5193,vector,Florasat_Individual_Sats.satellite[0].dlkDSL.mac,Repetition Generation Delay for Node 328 at Satellite,,,"253.96230132965 265.97843096423 279.88139508706 375.03226615878 387.52058278809 402.31722189153 605.03218483336 618.172708827 631.83152388704","22.96230132965 34.97843096423 48.88139508706 29.03226615878 41.52058278809 56.31722189153 29.03218483336 42.172708827 55.83152388704"
General-201-20260718-15:25:01-5193,vector,Florasat_Individual_Sats.satellite[0].dlkDSL.mac,Message Generation Delay for Node 328 at Satellite,,,"253.96230132965 375.03226615878 605.03218483336","22.96230132965 29.03226615878 29.03218483336"
General-201-20260718-15:25:01-5193,vector,Florasat_Individual_Sats.satellite[0].dlkDSL.mac,Repetition Position for Node 808 at Satellite,,,"257.83786639705","180"
General-201-20260718-15:25:01-5193,vector,Florasat_Individual_Sats.satellite[0].dlkDSL.mac,Repetition Generation Delay for Node 808 at Satellite,,,"257.83786639705","26.83786639705"
General-201-20260718-15:25:01-5193,vector,Florasat_Individual_Sats.satellite[0].dlkDSL.mac,Message Generation Delay for Node 808 at Satellite,,,"257.83786639705","26.83786639705"
General-201-20260718-15:25:01-5193,vector,Florasat_Individual_Sats.satellite[0].dlkDSL.mac,Repetition Position for Node 883 at Satellite,,,"258.29000413389 281.49282704195 390.08440701727 404.54850287263 597.45471256756 610.68524040951 624.72389257484","180 180 180 180 180 180 180"
General-201-20260718-15:25:01-5193,vector,Florasat_Individual_Sats.satellite[0].dlkDSL.mac,Repetition Generation Delay for Node 883 at Satellite,,,"258.29000413389 281.49282704195 390.08440701727 404.54850287263 597.45471256756 610.68524040951 624.72389257484","27.29000413389 50.49282704195 44.08440701727 58.54850287263 21.45471256756 34.68524040951 48.72389257484"
General-201-20260718-15:25:01-5193,vector,Florasat_Individual_Sats.satellite[0].dlkDSL.mac,Message Generation Delay for Node 883 at Satellite,,,"258.29000413389 390.08440701727 597.45471256756","27.29000413389 44.08440701727 21.45471256756"
General-201-20260718-15:25:01-5193,vector,Florasat_Individual_Sats.satellite[0].dlkDSL.mac,Repetition Position for Node 763 at Satellite,,,"261.6077235246 275.56305922432 287.58143014372 348.52028156122 373.50503190611","180 180 180 180 180"
General-201-20260718-15:25:01-5193,vector,Florasat_Individual_Sats.satellite[0].dlkDSL.mac,Repetition Generation Delay for Node 763 at Satellite,,,"261.6077235246 275.56305922432 287.58143014372 348.52028156122 373.50503190611","30.6077235246 44.56305922432 56.58143014372 2.52028156122 27.50503190611"
General-201-20260718-15:25:01-5193,vector,Florasat_Individual_Sats.satellite[0].dlkDSL.mac,Message Generation Delay for Node 763 at Satellite,,,"261.6077235246 348.52028156122","30.6077235246 2.52028156122"
General-201-20260718-15:25:01-5193,vector,Florasat_Individual_Sats.satellite[0].dlkDSL.mac,Repetition Position for Node 268 at Satellite,,,"265.34412229274 358.69664016439 475.84885312131 490.26621011089 503.44815542692 514.10233980165","180 180 180 180 180 180"
General-201-20260718-15:25:01-5193,vector,Florasat_Individual_Sats.satellite[0].dlkDSL.mac,Repetition Generation Delay for Node 268 at Satellite,,,"265.34412229274 358.69664016439 475.84885312131 490.26621011089 503.44815542692 514.10233980165","34.34412229274 12.69664016439 14.84885312131 29.26621011089 42.44815542692 53.10233980165"
General-201-20260718-15:25:01-5193,vector,Florasat_Individual_Sats.satellite[0].dlkDSL.mac,Message Generation Delay for Node 268 at Satellite,,,"265.34412229274 358.69664016439 475.84885312131","34.34412229274 12.69664016439 14.84885312131"
General-201-20260718-15:25:01-5193,vector,Florasat_Individual_Sats.satellite[0].dlkDSL.mac,Repetition Position for Node 853 at Satellite,,,"266.6921922536","180"
General-201-20260718-15:25:01-5193,vector,Florasat_Individual_Sats.satellite[0].dlkDSL.mac,Repetition Generation Delay for Node 853 at Satellite,,,"266.6921922536","35.6921922536"
General-201-20260718-15:25:01-5193,vector,Florasat_Individual_Sats.satellite[0].dlkDSL.mac,Message Generation Delay for Node 853 at Satellite,,,"266.6921922536","35.6921922536"
General-201-20260718-15:25:01-5193,vector,Florasat_Individual_Sats.satellite[0].dlkDSL.mac,Repetition Position for Node 403 at Satellite,,,"269.7713475094 280.34430198738","180 180"
General-201-20260718-15:25:01-5193,vector,Florasat_Individual_Sats.satellite[0].dlkDSL.mac,Repetition Generation Delay for Node 403 at Satellite,,,"269.7713475094 280.34430198738","38.7713475094 49.34430198738"
General-201-20260718-15:25:01-5193,vector,Florasat_Individual_Sats.satellite[0].dlkDSL.mac,Message Generation Delay for Node 403 at Satellite,,,"269.7713475094","38.7713475094"
General-201-20260718-15:25:01-5193,vector,Florasat_Individual_Sats.satellite[0].dlkDSL.mac,Repetition Position for Node 223 at Satellite,,,"271.26987849771","180"
General-201-20260718-15:25:01-5193,vector,Florasat_Individual_Sats.satellite[0].dlkDSL.mac,Repetition Generation Delay for Node 223 at Satellite,,,"271.26987849771","40.26987849771"
General-201-20260718-15:25:01-5193,vector,Florasat_Individual_Sats.satellite[0].dlkDSL.mac,Message Generation Delay for Node 223 at Satellite,,,"271.26987849771","40.26987849771"
General-201-20260718-15:25:01-5193,vector,Florasat_Individual_Sats.satellite[0].dlkDSL.mac,Repetition Position for Node 868 at Satellite,,,"272.77002580268 379.0660068855 496.71773314234 507.18924322506","180 180 180 180"
General-201-20260718-15:25:01-5193,vector,Florasat_Individual_Sats.satellite[0].dlkDSL.mac,Repetition Generation Delay for Node 868 at Satellite,,,"272.77002580268 379.0660068855 496.71773314234 507.18924322506","41.77002580268 33.0660068855 35.71773314234 46.18924322506"
General-201-20260718-15:25:01-5193,vector,Florasat_Individual_Sats.satellite[0].dlkDSL.mac,Message Generation Delay for Node 868 at Satellite,,,"272.77002580268 379.0660068855 496.71773314234","41.77002580268 33.0660068855 35.71773314234"
General-201-20260718-15:25:01-5193,vector,Florasat_Individual_Sats.satellite[0].dlkDSL.mac,Repetition Position for Node 703 at Satellite,,,"361.49740525049 372.85572088317 398.11642812209 496.67210389295 508.85445037757 599.96127115556","180 180 180 180 180 180"
General-201-20260718-15:25:01-5193,vector,Florasat_Individual_Sats.satellite[0].dlkDSL.mac,Repetition Generation Delay for Node 703 at Satellite,,,"361.49740525049 372.85572088317 398.11642812209 496.67210389295 508.85445037757 599.96127115556","15.49740525049 26.85572088317 52.11642812209 35.67210389295 47.85445037757 23.96127115556"
General-201-20260718-15:25:01-5193,vector,Florasat_Individual_Sats.satellite[0].dlkDSL.mac,Message Generation Delay for Node 703 at Satellite,,,"361.49740525049 496.67210389295 599.96127115556","15.49740525049 35.67210389295 23.96127115556"
General-201-20260718-15:25:01-5193,vector,Florasat_Individual_Sats.satellite[0].dlkDSL.mac,Repetition Position for Node 598 at Satellite,,,"374.43448931947 399.31326984116","180 180"
General-201-20260718-15:25:01-5193,vector,Florasat_Individual_Sats.satellite[0].dlkDSL.mac,Repetition Generation Delay for Node 598 at Satellite,,,"374.43448931947 399.31326984116","28.43448931947 53.31326984116"
General-201-20260718-15:25:01-5193,vector,Florasat_Individual_Sats.satellite[0].dlkDSL.mac,Message Generation Delay for Node 598 at Satellite,,,"374.43448931947","28.43448931947"
General-201-20260718-15:25:01-5193,vector,Florasat_Individual_Sats.satellite[0].dlkDSL.mac,Repetition Position for Node 748 at Satellite,,,"376.27481619868 391.22994801769 405.50239566755","180 180 180"
General-201-20260718-15:25:01-5193,vector,Florasat_Individual_Sats.satellite[0].dlkDSL.mac,Repetition Generation Delay for Node 748 at Satellite,,,"376.27481619868 391.22994801769 405.50239566755","30.27481619868 45.22994801769 59.50239566755"
General-201-20260718-15:25:01-5193,vector,Florasat_Individual_Sats.satellite[0].dlkDSL.mac,Message Generation Delay for Node 748 at Satellite,,,"376.27481619868","30.27481619868"
General-201-20260718-15:25:01-5193,vector,Florasat_Individual_Sats.satellite[0].dlkDSL.mac,Repetition Position for Node 163 at Satellite,,,"380.46054125827","180"
General-201-20260718-15:25:01-5193,vector,Florasat_Individual_Sats.satellite[0].dlkDSL.mac,Repetition Generation Delay for Node 163 at Satellite,,,"380.46054125827","34.46054125827"
General-201-20260718-15:25:01-5193,vector,Florasat_Individual_Sats.satellite[0].dlkDSL.mac,Message Generation Delay for Node 163 at Satellite,,,"380.46054125827","34.46054125827"
General-201-20260718-15:25:01-5193,vector,Florasat_Individual_Sats.satellite[0].dlkDSL.mac,Repetition Position for Node 133 at Satellite,,,"382.02172102863 395.994760472 498.6367900154 604.50399424336 630.04819673872","180 180 180 180 180"
General-201-20260718-15:25:01-5193,vector,Florasat_Individual_Sats.satellite[0].dlkDSL.mac,Repetition Generation Delay for Node 133 at Satellite,,,"382.02172102863 395.994760472 498.6367900154 604.50399424336 630.04819673872","36.02172102863 49.994760472 37.6367900154 28.50399424336 54.04819673872"
General-201-20260718-15:25:01-5193,vector,Florasat_Individual_Sats.satellite[0].dlkDSL.mac,Message Generation Delay for Node 133 at Satellite,,,"382.02172102863 498.6367900154 604.50399424336","36.02172102863 37.6367900154 28.50399424336"
General-201-20260718-15:25:01-5193,vector,Florasat_Individual_Sats.satellite[0].dlkDSL.mac,Repetition Position for Node 208 at Satellite,,,"388.47828851282 598.53317853169 608.61976247154 739.0319066936","180 180 180 180"
General-201-20260718-15:25:01-5193,vector,Florasat_Individual_Sats.satellite[0].dlkDSL.mac,Repetition Generation Delay for Node 208 at Satellite,,,"388.47828851282 598.53317853169 608.61976247154 739.0319066936","42.47828851282 22.53317853169 32.61976247154 48.0319066936"
General-201-20260718-15:25:01-5193,vector,Florasat_Individual_Sats.satellite[0].dlkDSL.mac,Message Generation Delay for Node 208 at Satellite,,,"388.47828851282 598.53317853169 739.0319066936","42.47828851282 22.53317853169 48.0319066936"
General-201-20260718-15:25:01-5193,vector,Florasat_Individual_Sats.satellite[0].dlkDSL.mac,Repetition Position for Node 643 at Satellite,,,"389.45334946567 705.67269269184","180 180"
General-201-20260718-15:25:01-5193,vector,Florasat_Individual_Sats.satellite[0].dlkDSL.mac,Repetition Generation Delay for Node 643 at Satellite,,,"389.45334946567 705.67269269184","43.45334946567 14.67269269184"
General-201-20260718-15:25:01-5193,vector,Florasat_Individual_Sats.satellite[0].dlkDSL.mac,Message Generation Delay for Node 643 at Satellite,,,"389.45334946567 705.67269269184","43.45334946567 14.67269269184"
General-201-20260718-15:25:01-5193,vector,Florasat_Individual_Sats.satellite[0].dlkDSL.mac,Repetition Position for Node 553 at Satellite,,,"390.66017701387","180"
General-201-20260718-15:25:01-5193,vector,Florasat_Individual_Sats.satellite[0].dlkDSL.mac,Repetition Generation Delay for Node 553 at Satellite,,,"390.66017701387","44.66017701387"
General-201-20260718-15:25:01-5193,vector,Florasat_Individual_Sats.satellite[0].dlkDSL.mac,Message Generation Delay for Node 553 at Satellite,,,"390.66017701387","44.66017701387"
General-201-20260718-15:25:01-5193,vector,Florasat_Individual_Sats.satellite[0].dlkDSL.mac,Repetition Position for Node 238 at Satellite,,,"391.95167215814","180"
General-201-20260718-15:25:01-5193,vector,Florasat_Individual_Sats.satellite[0].dlkDSL.mac,Repetition Generation Delay for Node 238 at Satellite,,,"391.95167215814","45.95167215814"
General-201-20260718-15:25:01-5193,vector,Florasat_Individual_Sats.satellite[0].dlkDSL.mac,Message Generation Delay for Node 238 at Satellite,,,"391.95167215814","45.95167215814"
General-201-20260718-15:25:01-5193,vector,Florasat_Individual_Sats.satellite[0].dlkDSL.mac,Repetition Position for Node 583 at Satellite,,,"393.48248431756 495.70734542928 506.94057017698","180 180 180"
General-201-20260718-15:25:01-5193,vector,Florasat_Individual_Sats.satellite[0].dlkDSL.mac,Repetition Generation Delay for Node 583 at Satellite,,,"393.48248431756 495.70734542928 506.94057017698","47.48248431756 34.70734542928 45.94057017698"
General-201-20260718-15:25:01-5193,vector,Florasat_Individual_Sats.satellite[0].dlkDSL.mac,Message Generation Delay for Node 583 at Satellite,,,"393.48248431756 495.70734542928","47.48248431756 34.70734542928"
General-201-20260718-15:25:01-5193,vector,Florasat_Individual_Sats.satellite[0].dlkDSL.mac,Repetition Position for Node 913 at Satellite,,,"395.8384035358 510.1127424599","180 180"
General-201-20260718-15:25:01-5193,vector,Florasat_Individual_Sats.satellite[0].dlkDSL.mac,Repetition Generation Delay for Node 913 at Satellite,,,"395.8384035358 510.1127424599","49.8384035358 49.1127424599"
General-201-20260718-15:25:01-5193,vector,Florasat_Individual_Sats.satellite[0].dlkDSL.mac,Message Generation Delay for Node 913 at Satellite,,,"395.8384035358 510.1127424599","49.8384035358 49.1127424599"
General-201-20260718-15:25:01-5193,vector,Florasat_Individual_Sats.satellite[0].dlkDSL.mac,Repetition Position for Node 463 at Satellite,,,"400.80886388098 490.98357441806 503.91512900562 517.6901049164 599.23913847067","180 180 180 180 180"
General-201-20260718-15:25:01-5193,vector,Florasat_Individual_Sats.satellite[0].dlkDSL.mac,Repetition Generation Delay for Node 463 at Satellite,,,"400.80886388098 490.98357441806 503.91512900562 517.6901049164 599.23913847067","54.80886388098 29.98357441806 42.91512900562 56.6901049164 23.23913847067"
General-201-20260718-15:25:01-5193,vector,Florasat_Individual_Sats.satellite[0].dlkDSL.mac,Message Generation Delay for Node 463 at Satellite,,,"400.80886388098 490.98357441806 599.23913847067","54.80886388098 29.98357441806 23.23913847067"
General-201-20260718-15:25:01-5193,vector,Florasat_Individual_Sats.satellite[0].dlkDSL.mac,Repetition Position for Node 733 at Satellite,,,"401.86003172321 514.1665771617","180 180"
General-201-20260718-15:25:01-5193,vector,Florasat_Individual_Sats.satellite[0].dlkDSL.mac,Repetition Generation Delay for Node 733 at Satellite,,,"401.86003172321 514.1665771617","55.86003172321 53.1665771617"
General-201-20260718-15:25:01-5193,vector,Florasat_Individual_Sats.satellite[0].dlkDSL.mac,Message Generation Delay for Node 733 at Satellite,,,"401.86003172321 514.1665771617","55.86003172321 53.1665771617"
General-201-20260718-15:25:01-5193,vector,Florasat_Individual_Sats.satellite[0].dlkDSL.mac,Repetition Position for Node 193 at Satellite,,,"471.78900183591 706.76318883703 744.2764542477","180 180 180"
General-201-20260718-15:25:01-5193,vector,Florasat_Individual_Sats.satellite[0].dlkDSL.mac,Repetition Generation Delay for Node 193 at Satellite,,,"471.78900183591 706.76318883703 744.2764542477","10.78900183591 15.76318883703 53.2764542477"
General-201-20260718-15:25:01-5193,vector,Florasat_Individual_Sats.satellite[0].dlkDSL.mac,Message Generation Delay for Node 193 at Satellite,,,"471.78900183591 706.76318883703","10.78900183591 15.76318883703"
General-201-20260718-15:25:01-5193,vector,Florasat_Individual_Sats.satellite[0].dlkDSL.mac,Repetition Position for Node 148 at Satellite,,,"485.89190754121 495.93674864167","180 180"
General-201-20260718-15:25:01-5193,vector,Florasat_Individual_Sats.satellite[0].dlkDSL.mac,Repetition Generation Delay for Node 148 at Satellite,,,"485.89190754121 495.93674864167","24.89190754121 34.93674864167"
General-201-20260718-15:25:01-5193,vector,Florasat_Individual_Sats.satellite[0].dlkDSL.mac,Message Generation Delay for Node 148 at Satellite,,,"485.89190754121","24.89190754121"
General-201-20260718-15:25:01-5193,vector,Florasat_Individual_Sats.satellite[0].dlkDSL.mac,Repetition Position for Node 433 at Satellite,,,"491.82390259708","180"
General-201-20260718-15:25:01-5193,vector,Florasat_Individual_Sats.satellite[0].dlkDSL.mac,Repetition Generation Delay for Node 433 at Satellite,,,"491.82390259708","30.82390259708"
General-201-20260718-15:25:01-5193,vector,Florasat_Individual_Sats.satellite[0].dlkDSL.mac,Message Generation Delay for Node 433 at Satellite,,,"491.82390259708","30.82390259708"
General-201-20260718-15:25:01-5193,vector,Florasat_Individual_Sats.satellite[0].dlkDSL.mac,Repetition Position for Node 178 at Satellite,,,"492.23205806924 516.85519219147 603.78526005851 625.9883294972 746.68022997193","180 180 180 180 180"
General-201-20260718-15:25:01-5193,vector,Florasat_Individual_Sats.satellite[0].dlkDSL.mac,Repetition Generation Delay for Node 178 at Satellite,,,"492.23205806924 516.85519219147 603.78526005851 625.9883294972 746.68022997193","31.23205806924 55.85519219147 27.78526005851 49.9883294972 55.68022997193"
General-201-20260718-15:25:01-5193,vector,Florasat_Individual_Sats.satellite[0].dlkDSL.mac,Message Generation Delay for Node 178 at Satellite,,,"492.23205806924 603.78526005851 746.68022997193","31.23205806924 27.78526005851 55.68022997193"
General-201-20260718-15:25:01-5193,vector,Florasat_Individual_Sats.satellite[0].dlkDSL.mac,Repetition Position for Node 928 at Satellite,,,"498.62475870739 512.07878893803 605.68154815192 617.6338212665 631.45536443757","180 180 180 180 180"
General-201-20260718-15:25:01-5193,vector,Florasat_Individual_Sats.satellite[0].dlkDSL.mac,Repetition Generation Delay for Node 928 at Satellite,,,"498.62475870739 512.07878893803 605.68154815192 617.6338212665 631.45536443757","37.62475870739 51.07878893803 29.68154815192 41.6338212665 55.45536443757"
General-201-20260718-15:25:01-5193,vector,Florasat_Individual_Sats.satellite[0].dlkDSL.mac,Message Generation Delay for Node 928 at Satellite,,,"498.62475870739 605.68154815192","37.62475870739 29.68154815192"
General-201-20260718-15:25:01-5193,vector,Florasat_Individual_Sats.satellite[0].dlkDSL.mac,Repetition Position for Node 628 at Satellite,,,"588.02335135698 599.73874354794 612.89505319612 624.75860148494 706.3441077393 720.65940741394 734.76636130074","180 180 180 180 180 180 180"
General-201-20260718-15:25:01-5193,vector,Florasat_Individual_Sats.satellite[0].dlkDSL.mac,Repetition Generation Delay for Node 628 at Satellite,,,"588.02335135698 599.73874354794 612.89505319612 624.75860148494 706.3441077393 720.65940741394 734.76636130074","12.02335135698 23.73874354794 36.89505319612 48.75860148494 15.3441077393 29.65940741394 43.76636130074"
General-201-20260718-15:25:01-5193,vector,Florasat_Individual_Sats.satellite[0].dlkDSL.mac,Message Generation Delay for Node 628 at Satellite,,,"588.02335135698 706.3441077393","12.02335135698 15.3441077393"
General-201-20260718-15:25:01-5193,vector,Florasat_Individual_Sats.satellite[0].dlkDSL.mac,Repetition Position for Node 613 at Satellite,,,"623.33353890352 721.82276627155 733.14638223605 745.813677546","180 180 180 180"
General-201-20260718-15:25:01-5193,vector,Florasat_Individual_Sats.satellite[0].dlkDSL.mac,Repetition Generation Delay for Node 613 at Satellite,,,"623.33353890352 721.82276627155 733.14638223605 745.813677546","47.33353890352 30.82276627155 42.14638223605 54.813677546"
General-201-20260718-15:25:01-5193,vector,Florasat_Individual_Sats.satellite[0].dlkDSL.mac,Message Generation Delay for Node 613 at Satellite,,,"623.33353890352 721.82276627155","47.33353890352 30.82276627155"
General-201-20260718-15:25:01-5193,vector,Florasat_Individual_Sats.satellite[0].dlkDSL.mac,Repetition Position for Node 658 at Satellite,,,"627.29208247215 740.51860782121","180 180"
General-201-20260718-15:25:01-5193,vector,Florasat_Individual_Sats.satellite[0].dlkDSL.mac,Repetition Generation Delay for Node 658 at Satellite,,,"627.29208247215 740.51860782121","51.29208247215 49.51860782121"
General-201-20260718-15:25:01-5193,vector,Florasat_Individual_Sats.satellite[0].dlkDSL.mac,Message Generation Delay for Node 658 at Satellite,,,"627.29208247215 740.51860782121","51.29208247215 49.51860782121"
General-201-20260718-15:25:01-5193,vector,Florasat_Individual_Sats.satellite[0].dlkDSL.mac,Repetition Position for Node 448 at Satellite,,,"630.78186785935","180"
General-201-20260718-15:25:01-5193,vector,Florasat_Individual_Sats.satellite[0].dlkDSL.mac,Repetition Generation Delay for Node 448 at Satellite,,,"630.78186785935","54.78186785935"
General-201-20260718-15:25:01-5193,vector,Florasat_Individual_Sats.satellite[0].dlkDSL.mac,Message Generation Delay for Node 448 at Satellite,,,"630.78186785935","54.78186785935"
General-201-20260718-15:25:01-5193,vector,Florasat_Individual_Sats.satellite[0].dlkDSL.mac,Repetition Position for Node 958 at Satellite,,,"707.63096025101","180"
General-201-20260718-15:25:01-5193,vector,Florasat_Individual_Sats.satellite[0].dlkDSL.mac,Repetition Generation Delay for Node 958 at Satellite,,,"707.63096025101","16.63096025101"
General-201-20260718-15:25:01-5193,vector,Florasat_Individual_Sats.satellite[0].dlkDSL.mac,Message Generation Delay for Node 958 at Satellite,,,"707.63096025101","16.63096025101"
