run,type,module,name,attrname,attrvalue,vectime,vecvalue
General-225-20260718-15:29:47-5193,runattr,,,configname,General,,
General-225-20260718-15:29:47-5193,runattr,,,datetime,20260718-15:29:47,,
General-225-20260718-15:29:47-5193,runattr,,,datetimef,20260718-152947,,
General-225-20260718-15:29:47-5193,runattr,,,experiment,General,,
General-225-20260718-15:29:47-5193,runattr,,,inifile,Test_MLModel_1.ini,,
General-225-20260718-15:29:47-5193,runattr,,,iterationvars,"$myraan=185, $threshold=0.30, $0=88143",,
General-225-20260718-15:29:47-5193,runattr,,,iterationvarsd,myraan=185/threshold=0.30/88143,,
General-225-20260718-15:29:47-5193,runattr,,,iterationvarsf,"myraan=185,threshold=0.30,88143-",,
General-225-20260718-15:29:47-5193,runattr,,,measurement,"$myraan=185, $threshold=0.30, $0=88143",,
General-225-20260718-15:29:47-5193,runattr,,,network,Florasat.Test_Individual.Florasat_Individual_Sats,,
General-225-20260718-15:29:47-5193,runattr,,,processid,5193,,
General-225-20260718-15:29:47-5193,runattr,,,repetition,5,,
General-225-20260718-15:29:47-5193,runattr,,,replication,#5,,
General-225-20260718-15:29:47-5193,runattr,,,resultdir,results,,
General-225-20260718-15:29:47-5193,runattr,,,runnumber,225,,
General-225-20260718-15:29:47-5193,runattr,,,seedset,225,,
General-225-20260718-15:29:47-5193,itervar,,,myraan,185,,
General-225-20260718-15:29:47-5193,itervar,,,threshold,0.30,,
General-225-20260718-15:29:47-5193,config,,,*.stats_altitude,670,,
General-225-20260718-15:29:47-5193,config,,,*.stats_raan,185,,
General-225-20260718-15:29:47-5193,config,,,image-path,../../images:../../../../samples/inet4.5_2/images,,
General-225-20260718-15:29:47-5193,config,,,network,Florasat.Test_Individual.Florasat_Individual_Sats,,
General-225-20260718-15:29:47-5193,config,,,rng-class,cMersenneTwister,,
General-225-20260718-15:29:47-5193,config,,,*.**.result-recording-modes,-,,
General-225-20260718-15:29:47-5193,config,,,**.result-recording-modes,-,,
General-225-20260718-15:29:47-5193,config,,,**.statistic-recording,true,,
General-225-20260718-15:29:47-5193,config,,,**.scalar-recording,true,,
General-225-20260718-15:29:47-5193,config,,,**.vector-recording,true,,
General-225-20260718-15:29:47-5193,config,,,**.vector-record-eventnumbers,true,,
General-225-20260718-15:29:47-5193,config,,,repeat,10,,
General-225-20260718-15:29:47-5193,config,,,seed-0-mt,88143,,
General-225-20260718-15:29:47-5193,config,,,sim-time-limit,749s,,
General-225-20260718-15:29:47-5193,config,,,simtime-resolution,-11,,
General-225-20260718-15:29:47-5193,config,,,**.stats_altitude,670,,
General-225-20260718-15:29:47-5193,config,,,**.stats_raan,185,,
General-225-20260718-15:29:47-5193,config,,,*.radioMedium.backgroundNoise.power,-110dBm,,
General-225-20260718-15:29:47-5193,config,,,*.radioMedium.mediumLimitCache.centerFrequency,868MHz,,
General-225-20260718-15:29:47-5193,config,,,*.radioMedium.mediumLimitCache.maxTransmissionDuration,4s,,
General-225-20260718-15:29:47-5193,config,,,*.radioMedium.mediumLimitCache.minInterferenceTime,0s,,
General-225-20260718-15:29:47-5193,config,,,**.numSatellites,1,,
General-225-20260718-15:29:47-5193,config,,,*.satellite[*].mobilityType,"""Sat_Mob_SatelliteMobility_Standalone""",,
General-225-20260718-15:29:47-5193,config,,,*.satellite[*].noradModuleType,"""Sat_Mob_NoradA""",,
General-225-20260718-15:29:47-5193,config,,,**.satellite[*].**.initFromDisplayString,false,,
General-225-20260718-15:29:47-5193,config,,,*.satellite[*].mobility.faceForward,true,,
General-225-20260718-15:29:47-5193,config,,,*.satellite[*].mobility.updateInterval,20s,,
General-225-20260718-15:29:47-5193,config,,,*.satellite[*].NoradModule.satName,"""FLoRaSat""",,
General-225-20260718-15:29:47-5193,config,,,*.satellite[*].NoradModule.satIndex,-1,,
General-225-20260718-15:29:47-5193,config,,,*.satellite[*].NoradModule.baseYear,20,,
General-225-20260718-15:29:47-5193,config,,,*.satellite[*].NoradModule.baseDay,1.5,,
General-225-20260718-15:29:47-5193,config,,,*.satellite[*].NoradModule.planes,1,,
General-225-20260718-15:29:47-5193,config,,,*.satellite[*].NoradModule.satPerPlane,1,,
General-225-20260718-15:29:47-5193,config,,,*.satellite[*].NoradModule.eccentricity,0.000001,,
General-225-20260718-15:29:47-5193,config,,,*.satellite[*].NoradModule.inclination,98,,
General-225-20260718-15:29:47-5193,config,,,*.satellite[*].NoradModule.altitude,670,,
General-225-20260718-15:29:47-5193,config,,,*.satellite[0].NoradModule.raan,185,,
General-225-20260718-15:29:47-5193,config,,,*.satellite[0].NoradModule.meanAnomaly,195,,
General-225-20260718-15:29:47-5193,config,,,*.satellite[*].phyDSL.radio.receiver.enableCollisionOverlap,true,,
General-225-20260718-15:29:47-5193,config,,,*.satellite[*].phyDSL.radio.receiver.minCollisionOverlap,0s,,
General-225-20260718-15:29:47-5193,config,,,*.satellite[*].phyDSL.radio.antenna.typename,ConstantGainAntenna,,
General-225-20260718-15:29:47-5193,config,,,*.satellite[*].phyDSL.radio.antenna.mobilityModule,"""^.^.^.mobility""",,
General-225-20260718-15:29:47-5193,config,,,*.satellite[*].phyISL.radio.antenna.mobilityModule,"""^.^.^.mobility""",,
General-225-20260718-15:29:47-5193,config,,,*.satellite[*].phyGSL.radio.antenna.mobilityModule,"""^.^.^.mobility""",,
General-225-20260718-15:29:47-5193,config,,,*.satellite[*].phyDSL.radio.antenna.gain,12dB,,
General-225-20260718-15:29:47-5193,config,,,*.satellite[*].net.routingType,"""Null_Routing""",,
General-225-20260718-15:29:47-5193,config,,,*.terminal[*].net.routingType,"""Ter_Null_Routing""",,
General-225-20260718-15:29:47-5193,config,,,*.**.numGroundLinks,40,,
General-225-20260718-15:29:47-5193,config,,,*.satellite[*].**.interfaceTableModule,"""""",,
General-225-20260718-15:29:47-5193,config,,,**.radioMedium.typename,LoRaMedium,,
General-225-20260718-15:29:47-5193,config,,,**.radioMedium.analogModel.typename,LoRaAnalogModel,,
General-225-20260718-15:29:47-5193,config,,,**.intraPlaneIslDisabled,false,,
General-225-20260718-15:29:47-5193,config,,,**.interPlaneIslDisabled,false,,
General-225-20260718-15:29:47-5193,config,,,**.numTerminals,60,,
General-225-20260718-15:29:47-5193,config,,,*.terminal[*].phy.radio.antenna.mobilityModule,"""^.^.^.mob""",,
General-225-20260718-15:29:47-5193,config,,,*.terminal[*].dlk.mac.interfaceTableModule,"""""",,
General-225-20260718-15:29:47-5193,config,,,*.terminal[*].dlk.energySourceModule,"""""",,
General-225-20260718-15:29:47-5193,config,,,*.terminal[*].dlk.mac.LoRaTP,"intuniform(12, 14)",,
General-225-20260718-15:29:47-5193,config,,,*.terminal[*].dlk.mac.LoRaSF,"intuniform(10, 12)",,
General-225-20260718-15:29:47-5193,config,,,*.terminal[*].dlk.mac.useMLBox,true,,
General-225-20260718-15:29:47-5193,config,,,*.terminal[*].dlk.mac.mlBox.modelPath,"""/home/ylnner/Documents/omnet++/omnetpp-6.3.0/projects/florasat_v4_ult_routing/simulations/Test_Individual/mlmodels/transformer_scripted.pt""",,
General-225-20260718-15:29:47-5193,config,,,*.terminal[*].dlk.mac.mlBox.threshold,0.30,,
General-225-20260718-15:29:47-5193,config,,,**.numberOfPacketsToSend,0,,
General-225-20260718-15:29:47-5193,config,,,**.timeToFirstPacket,1s,,
General-225-20260718-15:29:47-5193,config,,,**.timeToNextPacket,115s,,
General-225-20260718-15:29:47-5193,config,,,*.terminal[0].mob.radius,0.0,,
General-225-20260718-15:29:47-5193,config,,,*.terminal[0].mob.centerLatitude,54.978,,
General-225-20260718-15:29:47-5193,config,,,*.terminal[0].mob.centerLongitude,-1.617,,
General-225-20260718-15:29:47-5193,config,,,*.terminal[1].mob.radius,0.0,,
General-225-20260718-15:29:47-5193,config,,,*.terminal[1].mob.centerLatitude,52.630,,
General-225-20260718-15:29:47-5193,config,,,*.terminal[1].mob.centerLongitude,-1.139,,
General-225-20260718-15:29:47-5193,config,,,*.terminal[2].mob.radius,0.0,,
General-225-20260718-15:29:47-5193,config,,,*.terminal[2].mob.centerLatitude,52.612,,
General-225-20260718-15:29:47-5193,config,,,*.terminal[2].mob.centerLongitude,-6.295,,
General-225-20260718-15:29:47-5193,config,,,*.terminal[3].mob.radius,0.0,,
General-225-20260718-15:29:47-5193,config,,,*.terminal[3].mob.centerLatitude,47.243,,
General-225-20260718-15:29:47-5193,config,,,*.terminal[3].mob.centerLongitude,6.024,,
General-225-20260718-15:29:47-5193,config,,,*.terminal[4].mob.radius,0.0,,
General-225-20260718-15:29:47-5193,config,,,*.terminal[4].mob.centerLatitude,43.610,,
General-225-20260718-15:29:47-5193,config,,,*.terminal[4].mob.centerLongitude,3.876,,
General-225-20260718-15:29:47-5193,config,,,*.terminal[5].mob.radius,0.0,,
General-225-20260718-15:29:47-5193,config,,,*.terminal[5].mob.centerLatitude,49.443,,
General-225-20260718-15:29:47-5193,config,,,*.terminal[5].mob.centerLongitude,1.099,,
General-225-20260718-15:29:47-5193,config,,,*.terminal[6].mob.radius,0.0,,
General-225-20260718-15:29:47-5193,config,,,*.terminal[6].mob.centerLatitude,37.992,,
General-225-20260718-15:29:47-5193,config,,,*.terminal[6].mob.centerLongitude,-1.130,,
General-225-20260718-15:29:47-5193,config,,,*.terminal[7].mob.radius,0.0,,
General-225-20260718-15:29:47-5193,config,,,*.terminal[7].mob.centerLatitude,40.965,,
General-225-20260718-15:29:47-5193,config,,,*.terminal[7].mob.centerLongitude,-5.664,,
General-225-20260718-15:29:47-5193,config,,,*.terminal[8].mob.radius,0.0,,
General-225-20260718-15:29:47-5193,config,,,*.terminal[8].mob.centerLatitude,40.657,,
General-225-20260718-15:29:47-5193,config,,,*.terminal[8].mob.centerLongitude,-7.914,,
General-225-20260718-15:29:47-5193,config,,,*.terminal[9].mob.radius,0.0,,
General-225-20260718-15:29:47-5193,config,,,*.terminal[9].mob.centerLatitude,51.340,,
General-225-20260718-15:29:47-5193,config,,,*.terminal[9].mob.centerLongitude,12.373,,
General-225-20260718-15:29:47-5193,config,,,*.terminal[10].mob.radius,0.0,,
General-225-20260718-15:29:47-5193,config,,,*.terminal[10].mob.centerLatitude,51.455,,
General-225-20260718-15:29:47-5193,config,,,*.terminal[10].mob.centerLongitude,7.011,,
General-225-20260718-15:29:47-5193,config,,,*.terminal[11].mob.radius,0.0,,
General-225-20260718-15:29:47-5193,config,,,*.terminal[11].mob.centerLatitude,49.452,,
General-225-20260718-15:29:47-5193,config,,,*.terminal[11].mob.centerLongitude,11.076,,
General-225-20260718-15:29:47-5193,config,,,*.terminal[12].mob.radius,0.0,,
General-225-20260718-15:29:47-5193,config,,,*.terminal[12].mob.centerLatitude,43.769,,
General-225-20260718-15:29:47-5193,config,,,*.terminal[12].mob.centerLongitude,11.255,,
General-225-20260718-15:29:47-5193,config,,,*.terminal[13].mob.radius,0.0,,
General-225-20260718-15:29:47-5193,config,,,*.terminal[13].mob.centerLatitude,41.117,,
General-225-20260718-15:29:47-5193,config,,,*.terminal[13].mob.centerLongitude,16.871,,
General-225-20260718-15:29:47-5193,config,,,*.terminal[14].mob.radius,0.0,,
General-225-20260718-15:29:47-5193,config,,,*.terminal[14].mob.centerLatitude,52.132,,
General-225-20260718-15:29:47-5193,config,,,*.terminal[14].mob.centerLongitude,5.291,,
General-225-20260718-15:29:47-5193,config,,,*.terminal[15].mob.radius,0.0,,
General-225-20260718-15:29:47-5193,config,,,*.terminal[15].mob.centerLatitude,50.411,,
General-225-20260718-15:29:47-5193,config,,,*.terminal[15].mob.centerLongitude,4.444,,
General-225-20260718-15:29:47-5193,config,,,*.terminal[16].mob.radius,0.0,,
General-225-20260718-15:29:47-5193,config,,,*.terminal[16].mob.centerLatitude,47.559,,
General-225-20260718-15:29:47-5193,config,,,*.terminal[16].mob.centerLongitude,7.588,,
General-225-20260718-15:29:47-5193,config,,,*.terminal[17].mob.radius,0.0,,
General-225-20260718-15:29:47-5193,config,,,*.terminal[17].mob.centerLatitude,55.403,,
General-225-20260718-15:29:47-5193,config,,,*.terminal[17].mob.centerLongitude,10.402,,
General-225-20260718-15:29:47-5193,config,,,*.terminal[18].mob.radius,0.0,,
General-225-20260718-15:29:47-5193,config,,,*.terminal[18].mob.centerLatitude,59.858,,
General-225-20260718-15:29:47-5193,config,,,*.terminal[18].mob.centerLongitude,17.638,,
General-225-20260718-15:29:47-5193,config,,,*.terminal[19].mob.radius,0.0,,
General-225-20260718-15:29:47-5193,config,,,*.terminal[19].mob.centerLatitude,60.451,,
General-225-20260718-15:29:47-5193,config,,,*.terminal[19].mob.centerLongitude,22.266,,
General-225-20260718-15:29:47-5193,config,,,*.terminal[20].mob.radius,0.0,,
General-225-20260718-15:29:47-5193,config,,,*.terminal[20].mob.centerLatitude,56.325,,
General-225-20260718-15:29:47-5193,config,,,*.terminal[20].mob.centerLongitude,22.349,,
General-225-20260718-15:29:47-5193,config,,,*.terminal[21].mob.radius,0.0,,
General-225-20260718-15:29:47-5193,config,,,*.terminal[21].mob.centerLatitude,49.883,,
General-225-20260718-15:29:47-5193,config,,,*.terminal[21].mob.centerLongitude,18.568,,
General-225-20260718-15:29:47-5193,config,,,*.terminal[22].mob.radius,0.0,,
General-225-20260718-15:29:47-5193,config,,,*.terminal[22].mob.centerLatitude,47.531,,
General-225-20260718-15:29:47-5193,config,,,*.terminal[22].mob.centerLongitude,21.627,,
General-225-20260718-15:29:47-5193,config,,,*.terminal[23].mob.radius,0.0,,
General-225-20260718-15:29:47-5193,config,,,*.terminal[23].mob.centerLatitude,44.179,,
General-225-20260718-15:29:47-5193,config,,,*.terminal[23].mob.centerLongitude,28.649,,
General-225-20260718-15:29:47-5193,config,,,*.terminal[24].mob.radius,0.0,,
General-225-20260718-15:29:47-5193,config,,,*.terminal[24].mob.centerLatitude,45.327,,
General-225-20260718-15:29:47-5193,config,,,*.terminal[24].mob.centerLongitude,14.442,,
General-225-20260718-15:29:47-5193,config,,,*.terminal[25].mob.radius,0.0,,
General-225-20260718-15:29:47-5193,config,,,*.terminal[25].mob.centerLatitude,40.694,,
General-225-20260718-15:29:47-5193,config,,,*.terminal[25].mob.centerLongitude,30.400,,
General-225-20260718-15:29:47-5193,config,,,*.terminal[26].mob.radius,0.0,,
General-225-20260718-15:29:47-5193,config,,,*.terminal[26].mob.centerLatitude,37.066,,
General-225-20260718-15:29:47-5193,config,,,*.terminal[26].mob.centerLongitude,37.383,,
General-225-20260718-15:29:47-5193,config,,,*.terminal[27].mob.radius,0.0,,
General-225-20260718-15:29:47-5193,config,,,*.terminal[27].mob.centerLatitude,64.836,,
General-225-20260718-15:29:47-5193,config,,,*.terminal[27].mob.centerLongitude,-23.708,,
General-225-20260718-15:29:47-5193,config,,,*.terminal[28].mob.radius,0.0,,
General-225-20260718-15:29:47-5193,config,,,*.terminal[28].mob.centerLatitude,28.099,,
General-225-20260718-15:29:47-5193,config,,,*.terminal[28].mob.centerLongitude,-17.113,,
General-225-20260718-15:29:47-5193,config,,,*.terminal[29].mob.radius,0.0,,
General-225-20260718-15:29:47-5193,config,,,*.terminal[29].mob.centerLatitude,34.921,,
General-225-20260718-15:29:47-5193,config,,,*.terminal[29].mob.centerLongitude,33.623,,
General-225-20260718-15:29:47-5193,config,,,*.terminal[30].mob.radius,0.0,,
General-225-20260718-15:29:47-5193,config,,,*.terminal[30].mob.centerLatitude,55.953,,
General-225-20260718-15:29:47-5193,config,,,*.terminal[30].mob.centerLongitude,-3.188,,
General-225-20260718-15:29:47-5193,config,,,*.terminal[31].mob.radius,0.0,,
General-225-20260718-15:29:47-5193,config,,,*.terminal[31].mob.centerLatitude,51.481,,
General-225-20260718-15:29:47-5193,config,,,*.terminal[31].mob.centerLongitude,-3.179,,
General-225-20260718-15:29:47-5193,config,,,*.terminal[32].mob.radius,0.0,,
General-225-20260718-15:29:47-5193,config,,,*.terminal[32].mob.centerLatitude,53.349,,
General-225-20260718-15:29:47-5193,config,,,*.terminal[32].mob.centerLongitude,-6.260,,
General-225-20260718-15:29:47-5193,config,,,*.terminal[33].mob.radius,0.0,,
General-225-20260718-15:29:47-5193,config,,,*.terminal[33].mob.centerLatitude,45.764,,
General-225-20260718-15:29:47-5193,config,,,*.terminal[33].mob.centerLongitude,4.835,,
General-225-20260718-15:29:47-5193,config,,,*.terminal[34].mob.radius,0.0,,
General-225-20260718-15:29:47-5193,config,,,*.terminal[34].mob.centerLatitude,48.573,,
General-225-20260718-15:29:47-5193,config,,,*.terminal[34].mob.centerLongitude,7.752,,
General-225-20260718-15:29:47-5193,config,,,*.terminal[35].mob.radius,0.0,,
General-225-20260718-15:29:47-5193,config,,,*.terminal[35].mob.centerLatitude,44.837,,
General-225-20260718-15:29:47-5193,config,,,*.terminal[35].mob.centerLongitude,-0.579,,
General-225-20260718-15:29:47-5193,config,,,*.terminal[36].mob.radius,0.0,,
General-225-20260718-15:29:47-5193,config,,,*.terminal[36].mob.centerLatitude,41.385,,
General-225-20260718-15:29:47-5193,config,,,*.terminal[36].mob.centerLongitude,2.173,,
General-225-20260718-15:29:47-5193,config,,,*.terminal[37].mob.radius,0.0,,
General-225-20260718-15:29:47-5193,config,,,*.terminal[37].mob.centerLatitude,41.157,,
General-225-20260718-15:29:47-5193,config,,,*.terminal[37].mob.centerLongitude,-8.629,,
General-225-20260718-15:29:47-5193,config,,,*.terminal[38].mob.radius,0.0,,
General-225-20260718-15:29:47-5193,config,,,*.terminal[38].mob.centerLatitude,37.389,,
General-225-20260718-15:29:47-5193,config,,,*.terminal[38].mob.centerLongitude,-5.984,,
General-225-20260718-15:29:47-5193,config,,,*.terminal[39].mob.radius,0.0,,
General-225-20260718-15:29:47-5193,config,,,*.terminal[39].mob.centerLatitude,53.551,,
General-225-20260718-15:29:47-5193,config,,,*.terminal[39].mob.centerLongitude,9.993,,
General-225-20260718-15:29:47-5193,config,,,*.terminal[40].mob.radius,0.0,,
General-225-20260718-15:29:47-5193,config,,,*.terminal[40].mob.centerLatitude,48.135,,
General-225-20260718-15:29:47-5193,config,,,*.terminal[40].mob.centerLongitude,11.582,,
General-225-20260718-15:29:47-5193,config,,,*.terminal[41].mob.radius,0.0,,
General-225-20260718-15:29:47-5193,config,,,*.terminal[41].mob.centerLatitude,50.110,,
General-225-20260718-15:29:47-5193,config,,,*.terminal[41].mob.centerLongitude,8.682,,
General-225-20260718-15:29:47-5193,config,,,*.terminal[42].mob.radius,0.0,,
General-225-20260718-15:29:47-5193,config,,,*.terminal[42].mob.centerLatitude,45.464,,
General-225-20260718-15:29:47-5193,config,,,*.terminal[42].mob.centerLongitude,9.190,,
General-225-20260718-15:29:47-5193,config,,,*.terminal[43].mob.radius,0.0,,
General-225-20260718-15:29:47-5193,config,,,*.terminal[43].mob.centerLatitude,40.851,,
General-225-20260718-15:29:47-5193,config,,,*.terminal[43].mob.centerLongitude,14.268,,
General-225-20260718-15:29:47-5193,config,,,*.terminal[44].mob.radius,0.0,,
General-225-20260718-15:29:47-5193,config,,,*.terminal[44].mob.centerLatitude,51.209,,
General-225-20260718-15:29:47-5193,config,,,*.terminal[44].mob.centerLongitude,3.224,,
General-225-20260718-15:29:47-5193,config,,,*.terminal[45].mob.radius,0.0,,
General-225-20260718-15:29:47-5193,config,,,*.terminal[45].mob.centerLatitude,48.208,,
General-225-20260718-15:29:47-5193,config,,,*.terminal[45].mob.centerLongitude,16.373,,
General-225-20260718-15:29:47-5193,config,,,*.terminal[46].mob.radius,0.0,,
General-225-20260718-15:29:47-5193,config,,,*.terminal[46].mob.centerLatitude,52.229,,
General-225-20260718-15:29:47-5193,config,,,*.terminal[46].mob.centerLongitude,21.012,,
General-225-20260718-15:29:47-5193,config,,,*.terminal[47].mob.radius,0.0,,
General-225-20260718-15:29:47-5193,config,,,*.terminal[47].mob.centerLatitude,59.913,,
General-225-20260718-15:29:47-5193,config,,,*.terminal[47].mob.centerLongitude,10.752,,
General-225-20260718-15:29:47-5193,config,,,*.terminal[48].mob.radius,0.0,,
General-225-20260718-15:29:47-5193,config,,,*.terminal[48].mob.centerLatitude,56.949,,
General-225-20260718-15:29:47-5193,config,,,*.terminal[48].mob.centerLongitude,24.105,,
General-225-20260718-15:29:47-5193,config,,,*.terminal[49].mob.radius,0.0,,
General-225-20260718-15:29:47-5193,config,,,*.terminal[49].mob.centerLatitude,59.437,,
General-225-20260718-15:29:47-5193,config,,,*.terminal[49].mob.centerLongitude,24.753,,
General-225-20260718-15:29:47-5193,config,,,*.terminal[50].mob.radius,0.0,,
General-225-20260718-15:29:47-5193,config,,,*.terminal[50].mob.centerLatitude,50.075,,
General-225-20260718-15:29:47-5193,config,,,*.terminal[50].mob.centerLongitude,14.437,,
General-225-20260718-15:29:47-5193,config,,,*.terminal[51].mob.radius,0.0,,
General-225-20260718-15:29:47-5193,config,,,*.terminal[51].mob.centerLatitude,42.697,,
General-225-20260718-15:29:47-5193,config,,,*.terminal[51].mob.centerLongitude,23.321,,
General-225-20260718-15:29:47-5193,config,,,*.terminal[52].mob.radius,0.0,,
General-225-20260718-15:29:47-5193,config,,,*.terminal[52].mob.centerLatitude,45.815,,
General-225-20260718-15:29:47-5193,config,,,*.terminal[52].mob.centerLongitude,15.981,,
General-225-20260718-15:29:47-5193,config,,,*.terminal[53].mob.radius,0.0,,
General-225-20260718-15:29:47-5193,config,,,*.terminal[53].mob.centerLatitude,40.640,,
General-225-20260718-15:29:47-5193,config,,,*.terminal[53].mob.centerLongitude,22.944,,
General-225-20260718-15:29:47-5193,config,,,*.terminal[54].mob.radius,0.0,,
General-225-20260718-15:29:47-5193,config,,,*.terminal[54].mob.centerLatitude,39.933,,
General-225-20260718-15:29:47-5193,config,,,*.terminal[54].mob.centerLongitude,32.859,,
General-225-20260718-15:29:47-5193,config,,,*.terminal[55].mob.radius,0.0,,
General-225-20260718-15:29:47-5193,config,,,*.terminal[55].mob.centerLatitude,38.419,,
General-225-20260718-15:29:47-5193,config,,,*.terminal[55].mob.centerLongitude,27.128,,
General-225-20260718-15:29:47-5193,config,,,*.terminal[56].mob.radius,0.0,,
General-225-20260718-15:29:47-5193,config,,,*.terminal[56].mob.centerLatitude,35.898,,
General-225-20260718-15:29:47-5193,config,,,*.terminal[56].mob.centerLongitude,14.514,,
General-225-20260718-15:29:47-5193,config,,,*.terminal[57].mob.radius,0.0,,
General-225-20260718-15:29:47-5193,config,,,*.terminal[57].mob.centerLatitude,65.683,,
General-225-20260718-15:29:47-5193,config,,,*.terminal[57].mob.centerLongitude,-18.087,,
General-225-20260718-15:29:47-5193,config,,,*.terminal[58].mob.radius,0.0,,
General-225-20260718-15:29:47-5193,config,,,*.terminal[58].mob.centerLatitude,28.463,,
General-225-20260718-15:29:47-5193,config,,,*.terminal[58].mob.centerLongitude,-16.251,,
General-225-20260718-15:29:47-5193,config,,,*.terminal[59].mob.radius,0.0,,
General-225-20260718-15:29:47-5193,config,,,*.terminal[59].mob.centerLatitude,35.185,,
General-225-20260718-15:29:47-5193,config,,,*.terminal[59].mob.centerLongitude,33.382,,
General-225-20260718-15:29:47-5193,config,,,**.numStations,3,,
General-225-20260718-15:29:47-5193,config,,,**.numStations,3,,
General-225-20260718-15:29:47-5193,config,,,*.station[0].mobility.latitude,55.752,,
General-225-20260718-15:29:47-5193,config,,,*.station[0].mobility.longitude,37.616,,
General-225-20260718-15:29:47-5193,config,,,*.station[0].cityName,"""Moscow""",,
General-225-20260718-15:29:47-5193,config,,,*.station[0].groundStationId,7,,
General-225-20260718-15:29:47-5193,config,,,*.station[0].routerAddr,"""10.0.0.29""",,
General-225-20260718-15:29:47-5193,config,,,*.station[0].serving,"""10.0.0.29""",,
General-225-20260718-15:29:47-5193,config,,,*.station[1].mobility.latitude,28.652,,
General-225-20260718-15:29:47-5193,config,,,*.station[1].mobility.longitude,77.231,,
General-225-20260718-15:29:47-5193,config,,,*.station[1].cityName,"""Delhi""",,
General-225-20260718-15:29:47-5193,config,,,*.station[1].groundStationId,11,,
General-225-20260718-15:29:47-5193,config,,,*.station[1].routerAddr,"""10.0.0.45""",,
General-225-20260718-15:29:47-5193,config,,,*.station[1].serving,"""10.0.0.45""",,
General-225-20260718-15:29:47-5193,config,,,*.station[2].mobility.latitude,25.35,,
General-225-20260718-15:29:47-5193,config,,,*.station[2].mobility.longitude,51.24,,
General-225-20260718-15:29:47-5193,config,,,*.station[2].cityName,"""Katar""",,
General-225-20260718-15:29:47-5193,config,,,*.station[2].groundStationId,19,,
General-225-20260718-15:29:47-5193,config,,,*.station[2].routerAddr,"""10.0.0.77""",,
General-225-20260718-15:29:47-5193,config,,,*.station[2].serving,"""10.0.0.77""",,
General-225-20260718-15:29:47-5193,config,,,*.visualizer.canvasVisualizer.mediumVisualizer.typename,,,
General-225-20260718-15:29:47-5193,config,,,*.visualizer.*.radioVisualizer.displayAntennaLobes,true,,
General-225-20260718-15:29:47-5193,config,,,*.visualizer.*.dataLinkVisualizer.displayLinks,true,,
General-225-20260718-15:29:47-5193,config,,,*.visualizer.*.mobilityVisualizer.displayMovementTrails,true,,
General-225-20260718-15:29:47-5193,config,,,*.visualizer.*.mobilityVisualizer.movementTrailLineWidth,1,,
General-225-20260718-15:29:47-5193,config,,,*.visualizer.*.mobilityVisualizer.trailLength,3000,,
General-225-20260718-15:29:47-5193,config,,,**.ttxStart_max,1s,,
General-225-20260718-15:29:47-5193,config,,,**.ttxIdle_min,10s,,
General-225-20260718-15:29:47-5193,config,,,**.ttxIdle_max,15s,,
General-225-20260718-15:29:47-5193,config,,,**.Ntw,1,,
General-225-20260718-15:29:47-5193,config,,,**.Ntx,5,,
General-225-20260718-15:29:47-5193,config,,,**.ttwDuration,100s,,
General-225-20260718-15:29:47-5193,config,,,output-scalar-file,results/results_florasat_ml_trf/transformer-raan-185-th-0.30-General-5.sca,,
General-225-20260718-15:29:47-5193,config,,,output-vector-file,results/results_florasat_ml_trf/transformer-raan-185-th-0.30-General-5.vec,,
General-225-20260718-15:29:47-5193,vector,Florasat_Individual_Sats.terminal[31].dlk.mac,vector_preds_Transformer,,,"1.00968420738 14.32886499329 25.76204495853 37.40175444283 51.5244014177 116.10720789409 127.43214222137 139.50523280422 150.83954002126 162.87673394428 231.38767882669 244.05684368987 256.63744667498 268.40138292126 279.80186178069 346.92855210695 360.35936854616 373.42840934707 384.96394108934 399.2040128198 461.75115474453 472.32186788064 483.93657112913 494.43194154254 508.01003225683 576.42742441245 590.38252569828 603.28761886433 614.19651509938 624.59414482908 691.15387112019 704.81842583977 719.11954316078 730.73934379616 744.15450473316","9453101.1 9453102.1 9453103.1 9453104.1 9453105.1 9459101.1 9459102.1 9459103 9459104 9459105 9465101.1 9465102.1 9465103.1 9465104.1 9465105.1 9471101.1 9471102.1 9471103.1 9471104.1 9471105.1 9477101.1 9477102.1 9477103.1 9477104.1 9477105.1 9483101 9483102 9483103 9483104 9483105 9489101 9489102 9489103 9489104 9489105"
General-225-20260718-15:29:47-5193,vector,Florasat_Individual_Sats.terminal[2].dlk.mac,vector_preds_Transformer,,,"1.02292192797 11.88794811535 23.22427590889 37.56391492252 49.69267171271 116.6592237174 131.24137889314 143.90308445273 154.71364501468 168.88765159482 231.37935416237 244.1635129 256.68380710808 269.47723090345 282.98331592743 346.02597157913 359.11800986132 371.24901427398 383.34337357641 396.44575588265 461.12850030093 474.9053538174 489.65380603705 499.72655889021 513.08397068318 576.43385607935 590.57203076966 605.3000691901 618.81706042868 629.81786456146 691.16822168417 705.75559220812 716.34757272154 728.71717491839 740.76130127953","9450201.1 9450202.1 9450203.1 9450204.1 9450205.1 9456201.1 9456202.1 9456203 9456204 9456205 9462201 9462202 9462203 9462204 9462205 9468201.1 9468202.1 9468203.1 9468204.1 9468205.1 9474201 9474202 9474203 9474204 9474205 9480201 9480202 9480203 9480204 9480205 9486201 9486202 9486203 9486204 9486205"
General-225-20260718-15:29:47-5193,vector,Florasat_Individual_Sats.terminal[59].dlk.mac,vector_preds_Transformer,,,"1.09469425026 14.67694898927 25.00153148174 35.45762625732 45.51989251608 116.68876851443 127.82985764206 140.85751931881 154.36478760559 164.52678517322 231.38395648752 244.9622161088 258.21256203297 268.21296645747 280.78912461944 346.23345620045 356.63116148603 370.5159246414 383.88912863727 397.89735686779 461.37925748876 476.34084941866 490.09996887809 500.98740246659 514.57314124028 576.47515410883 587.26032989309 602.06090542232 614.16437164741 628.87620683387 691.58941463241 704.5534358141 719.54416462476 734.08336961199 747.49619637522","9455901.1 9455902.1 9455903.1 9455904.1 9455905.1 9461901.1 9461902.1 9461903 9461904 9461905 9467901 9467902 9467903 9467904 9467905 9473901 9473902 9473903 9473904 9473905 9479901 9479902 9479903 9479904 9479905 9485901 9485902 9485903 9485904 9485905 9491901 9491902 9491903 9491904 9491905"
General-225-20260718-15:29:47-5193,vector,Florasat_Individual_Sats.terminal[13].dlk.mac,vector_preds_Transformer,,,"1.09597876272 12.03545979759 23.19771776976 36.05818550404 50.01798043213 116.84533344884 128.80612071906 139.92777000367 152.28894590819 164.8632377882 231.26262381463 244.08909684536 254.33817441249 264.6052484496 278.86830468569 346.76070758794 360.4543187779 373.43643476326 387.38791099005 399.67793945992 461.2415853967 474.83162490977 488.55896684085 501.57008533692 514.89618055034 576.62273382791 587.66936359717 600.2411398061 612.09142175293 626.27478526346 691.49708749144 704.92846543435 719.18664669967 733.36368307122 745.71991946548","9451301.1 9451302.1 9451303.1 9451304.1 9451305.1 9457301.1 9457302.1 9457303 9457304 9457305 9463301 9463302 9463303 9463304 9463305 9469301.1 9469302.1 9469303.1 9469304.1 9469305.1 9475301.1 9475302.1 9475303.1 9475304.1 9475305.1 9481301.1 9481302.1 9481303.1 9481304.1 9481305.1 9487301 9487302 9487303 9487304 9487305"
General-225-20260718-15:29:47-5193,vector,Florasat_Individual_Sats.terminal[32].dlk.mac,vector_preds_Transformer,,,"1.10021691397 11.28342725546 25.93035586039 40.38825184899 53.78737378144 116.38373600808 127.06411085581 140.38795625 151.30086918385 164.14676342532 231.09656732134 243.36750021042 254.56285848004 268.15611112701 280.18878823101 346.455099446 361.26249436825 372.40766732558 386.17145124078 397.20614647679 461.16550856992 472.79407470278 483.95873651514 495.10266249092 507.90777571873 576.65594634716 588.10455785133 601.74914506264 613.96036266349 624.64665689622 691.56603169441 701.84864712809 712.32529884483 723.97811216581 737.01620565657","9453201.1 9453202.1 9453203.1 9453204.1 9453205.1 9459201.1 9459202.1 9459203.1 9459204.1 9459205.1 9465201.1 9465202.1 9465203.1 9465204.1 9465205.1 9471201.1 9471202.1 9471203.1 9471204.1 9471205.1 9477201 9477202 9477203 9477204 9477205 9483201 9483202 9483203 9483204 9483205 9489201 9489202 9489203 9489204 9489205"
General-225-20260718-15:29:47-5193,vector,Florasat_Individual_Sats.terminal[1].dlk.mac,vector_preds_Transformer,,,"1.11537396628 11.96688297391 23.95307104872 38.64707978513 52.8597741942 116.15511613269 127.16857262142 140.35518411151 153.66390147316 166.86394073837 231.08673247462 244.53962237993 257.35995524632 272.35212851618 286.82251904928 346.27880391153 358.7372388884 368.93570408994 382.45032930817 396.1244217034 461.00427550031 471.45352898166 483.65600723774 496.83657298913 511.08621751425 576.13392944424 590.9099577167 600.921423421 613.91809749276 626.39481179275 691.60486502876 702.05801891699 716.34397342639 729.41513031093 743.99495015224","9450101.1 9450102.1 9450103.1 9450104.1 9450105.1 9456101.1 9456102.1 9456103.1 9456104.1 9456105.1 9462101.1 9462102.1 9462103.1 9462104.1 9462105.1 9468101.1 9468102.1 9468103.1 9468104.1 9468105.1 9474101.1 9474102.1 9474103.1 9474104.1 9474105 9480101 9480102 9480103 9480104 9480105 9486101 9486102 9486103 9486104 9486105"
General-225-20260718-15:29:47-5193,vector,Florasat_Individual_Sats.terminal[14].dlk.mac,vector_preds_Transformer,,,"1.12134470697 14.45678662136 27.62994525931 38.68929571449 49.40789373219 116.20128165116 130.33883016208 145.23153622868 160.12828130159 173.51861715783 231.24308625818 243.68735741009 257.81603603624 272.52609884832 285.77663136763 346.44645752176 361.3717528726 375.78498720913 387.78921664599 401.6362148025 461.2629185929 472.91062117182 484.58101627394 497.05081034312 508.30116116418 576.83856431814 589.70921777841 601.14108318184 611.97609200329 622.08986553085 691.87380467285 703.4023065234 715.67074461933 727.89242357923 739.26434741448","9451401.1 9451402.1 9451403.1 9451404.1 9451405.1 9457401.1 9457402.1 9457403.1 9457404.1 9457405.1 9463401.1 9463402.1 9463403.1 9463404.1 9463405.1 9469401.1 9469402.1 9469403.1 9469404.1 9469405.1 9475401.1 9475402.1 9475403.1 9475404.1 9475405.1 9481401 9481402 9481403 9481404 9481405 9487401 9487402 9487403 9487404 9487405"
General-225-20260718-15:29:47-5193,vector,Florasat_Individual_Sats.terminal[6].dlk.mac,vector_preds_Transformer,,,"1.14409481408 14.80723291053 28.80949745304 41.42851851299 55.81541694468 116.34240291943 130.66728441324 144.81746726949 158.32931636065 171.00948613301 231.91733662272 243.10791791417 257.86684968393 269.05208939571 279.19757591329 346.24125218531 359.42731553968 372.75775611214 383.75689201685 398.21012867777 461.92406856734 472.07794306264 484.55128917284 495.61623147269 506.14441628614 576.63056710875 587.68299104087 600.42658485961 614.55572161614 625.37463236391 691.83379621617 704.99203900713 718.44054884533 728.98550864099 739.41800861875","9450601.1 9450602.1 9450603.1 9450604.1 9450605.1 9456601.1 9456602.1 9456603 9456604 9456605 9462601 9462602 9462603 9462604 9462605 9468601 9468602 9468603 9468604 9468605 9474601 9474602 9474603.1 9474604.1 9474605.1 9480601.1 9480602.1 9480603.1 9480604.1 9480605.1 9486601.1 9486602.1 9486603.1 9486604.1 9486605.1"
General-225-20260718-15:29:47-5193,vector,Florasat_Individual_Sats.terminal[15].dlk.mac,vector_preds_Transformer,,,"1.15430202591 14.64858118933 27.4852329262 37.58273545792 50.68093322706 116.18524668948 128.58383037127 140.86163011357 151.39809300169 165.32204094786 231.56017275387 242.48016133764 253.97557080466 264.13236824189 275.68861143639 346.07064122614 359.56423781394 373.8345882767 386.39206306358 399.24750503666 461.38656465453 475.0125477626 485.30475895153 499.40872320206 510.41316927293 576.59575094003 588.11693746713 599.25426490721 610.4321199446 623.6563889531 691.7588539389 706.59006793192 717.15526223556 728.55106033525 741.15561671346","9451501.1 9451502.1 9451503.1 9451504.1 9451505.1 9457501.1 9457502.1 9457503.1 9457504.1 9457505.1 9463501.1 9463502.1 9463503.1 9463504.1 9463505.1 9469501.1 9469502.1 9469503.1 9469504.1 9469505.1 9475501.1 9475502.1 9475503.1 9475504.1 9475505.1 9481501 9481502 9481503 9481504 9481505 9487501 9487502 9487503 9487504 9487505"
General-225-20260718-15:29:47-5193,vector,Florasat_Individual_Sats.terminal[7].dlk.mac,vector_preds_Transformer,,,"1.15835158993 13.59632235044 26.69025160047 39.28675281606 50.18398309034 116.9756876016 130.3802492856 144.88458718778 157.93596616038 168.88416876341 231.76482902979 242.1745506979 252.67748141568 263.40094116307 276.86815800867 346.38516726578 357.6169045819 368.47058194247 382.2531013356 392.44630603492 461.9564097689 476.72496144427 488.06295474526 500.84553296911 515.09821392713 576.49221812119 590.53821439133 605.11050119158 615.66511922609 627.7556855951 691.43779632612 702.83214213769 712.86070070323 724.52143410664 738.31808749913","9450701.1 9450702.1 9450703.1 9450704.1 9450705.1 9456701.1 9456702.1 9456703 9456704 9456705 9462701 9462702 9462703 9462704 9462705 9468701 9468702 9468703 9468704 9468705 9474701 9474702.1 9474703.1 9474704.1 9474705.1 9480701.1 9480702.1 9480703.1 9480704.1 9480705.1 9486701.1 9486702.1 9486703.1 9486704.1 9486705.1"
General-225-20260718-15:29:47-5193,vector,Florasat_Individual_Sats.terminal[27].dlk.mac,vector_preds_Transformer,,,"1.16534225852 13.71866797772 27.36712176213 42.12723225448 55.36653603171 116.77799646487 131.43714377517 141.87713817903 153.51612055535 163.92056234857 231.17626341968 246.01555375126 258.13914318895 269.64301447943 282.77053663251 346.36748458492 358.06121433271 371.5189694753 386.26623017831 397.18055928593 461.30548680644 473.2888271052 486.33818948852 500.73658037792 515.49395871559 576.90836191387 589.44371250202 603.32018978056 615.40348241083 625.82387797512 691.3310696939 703.95404725545 718.70751298475 730.09157746308 744.38738907082","9452701.1 9452702.1 9452703.1 9452704.1 9452705.1 9458701.1 9458702.1 9458703.1 9458704.1 9458705.1 9464701.1 9464702 9464703 9464704 9464705 9470701 9470702 9470703 9470704 9470705 9476701 9476702 9476703 9476704 9476705 9482701 9482702 9482703 9482704 9482705 9488701 9488702 9488703 9488704 9488705"
General-225-20260718-15:29:47-5193,vector,Florasat_Individual_Sats.terminal[34].dlk.mac,vector_preds_Transformer,,,"1.17768083047 11.97592223342 22.62852274975 36.40775683731 50.65968258701 116.77296485892 127.26379505499 138.22435478238 149.54362924933 162.96947621299 231.54208702012 244.02891718876 256.44741463103 267.22174428148 277.77634415404 346.85242051375 361.63773192675 376.2043139711 390.33787738182 401.34677874622 461.20257688034 476.10381515161 488.718761808 500.74576347065 511.04368882999 576.32234681491 591.05779946409 604.58210644871 618.66875759768 633.43109999178 691.09970565583 704.64751977171 716.93568817969 729.82294157078 740.01838257001","9453401.1 9453402.1 9453403.1 9453404.1 9453405.1 9459401.1 9459402.1 9459403.1 9459404.1 9459405.1 9465401.1 9465402.1 9465403.1 9465404.1 9465405.1 9471401.1 9471402.1 9471403.1 9471404.1 9471405.1 9477401.1 9477402.1 9477403.1 9477404.1 9477405.1 9483401.1 9483402.1 9483403 9483404 9483405 9489401 9489402 9489403 9489404 9489405"
General-225-20260718-15:29:47-5193,vector,Florasat_Individual_Sats.terminal[17].dlk.mac,vector_preds_Transformer,,,"1.21755503723 15.28319977945 28.49394395039 40.09299561753 51.88700071558 116.4826153426 130.72150368337 144.70515649743 155.34800767527 167.07480236516 231.85895410087 243.08963723434 256.07427046471 270.21638076589 281.60125341918 346.3399520868 360.90566371242 375.44819333614 386.44339871034 399.30047954922 461.02632657089 473.67733320384 485.49773806869 499.91182387154 510.01287955488 576.24520334997 587.57607489708 599.3389537232 609.47502895375 621.47666822304 691.64276230475 703.46856131428 713.51836295892 727.85636477732 742.07257762063","9451701.1 9451702.1 9451703.1 9451704.1 9451705.1 9457701.1 9457702.1 9457703.1 9457704.1 9457705.1 9463701.1 9463702.1 9463703.1 9463704.1 9463705.1 9469701.1 9469702.1 9469703.1 9469704.1 9469705.1 9475701.1 9475702.1 9475703 9475704 9475705 9481701 9481702 9481703 9481704 9481705 9487701 9487702 9487703 9487704 9487705"
General-225-20260718-15:29:47-5193,vector,Florasat_Individual_Sats.terminal[48].dlk.mac,vector_preds_Transformer,,,"1.23775876034 14.05463248747 26.266590385 40.25350076985 54.76153560472 116.34515966848 128.82719359338 140.75556976232 152.41693389346 163.49008549098 231.16958088451 241.8982084326 256.41344935377 269.8367031021 279.98543988191 346.96078231442 358.85401663254 371.68529234477 381.68642871198 393.65623386926 461.82646228187 476.44092187705 487.03585849563 499.98450665106 514.95717538823 576.37373458408 589.24552188418 602.48634300009 616.56473891507 628.22481017257 691.84840023611 702.08240868151 716.30966105126 729.74088000111 743.65380471899","9454801.1 9454802.1 9454803.1 9454804.1 9454805.1 9460801.1 9460802.1 9460803.1 9460804.1 9460805.1 9466801.1 9466802.1 9466803.1 9466804.1 9466805.1 9472801.1 9472802.1 9472803.1 9472804.1 9472805 9478801 9478802 9478803 9478804 9478805 9484801 9484802 9484803 9484804 9484805 9490801 9490802 9490803 9490804 9490805"
General-225-20260718-15:29:47-5193,vector,Florasat_Individual_Sats.terminal[33].dlk.mac,vector_preds_Transformer,,,"1.24194465531 15.42132215062 26.98562331335 39.82719634148 54.63060592372 116.0806506977 127.68411677797 142.59017653415 156.05053261273 166.20644161712 231.69596542581 246.63106003054 259.58717676322 272.59051730949 282.65939405048 346.22200562502 356.86547671677 369.63720227242 383.25901873176 397.6002862316 461.87302008038 473.38306213962 484.44539042306 495.12785337865 509.94791252189 576.02014694968 589.85308590485 600.97323730961 611.50351304352 623.13737335406 691.02221630444 702.65014866763 716.93865211262 731.42001807155 744.34331783141","9453301.1 9453302.1 9453303.1 9453304.1 9453305.1 9459301.1 9459302.1 9459303 9459304 9459305 9465301 9465302 9465303 9465304 9465305 9471301.1 9471302.1 9471303.1 9471304.1 9471305.1 9477301.1 9477302.1 9477303.1 9477304.1 9477305.1 9483301.1 9483302.1 9483303.1 9483304.1 9483305.1 9489301 9489302 9489303 9489304 9489305"
General-225-20260718-15:29:47-5193,vector,Florasat_Individual_Sats.terminal[38].dlk.mac,vector_preds_Transformer,,,"1.25357247028 12.89625156275 24.94587136037 37.46361897397 47.50912886998 116.04338557972 130.30660697772 140.42660843978 151.63873883128 165.26312327991 231.67216002243 245.77908527339 258.10051258886 272.32589108404 287.30212749215 346.81729030237 357.38894406031 370.3837055529 381.98073817673 396.66966627375 461.2890850862 475.04209206602 487.64089932944 501.42588219884 516.3166444858 576.36176610342 588.77943212259 600.04769777855 611.28281352086 624.05760473082 691.90910120076 705.19744690089 717.83184167161 730.03604543209 742.58877070784","9453801.1 9453802.1 9453803.1 9453804.1 9453805.1 9459801.1 9459802.1 9459803 9459804 9459805 9465801 9465802 9465803 9465804 9465805 9471801 9471802 9471803 9471804 9471805 9477801 9477802 9477803.1 9477804.1 9477805.1 9483801.1 9483802.1 9483803.1 9483804.1 9483805.1 9489801.1 9489802.1 9489803.1 9489804.1 9489805.1"
General-225-20260718-15:29:47-5193,vector,Florasat_Individual_Sats.terminal[12].dlk.mac,vector_preds_Transformer,,,"1.30379277002 12.92552070413 26.61212365097 37.05897072517 51.45803559758 116.17477198481 129.23405391863 142.99068222871 156.13459926216 167.67106255168 231.04420874128 242.75748082297 252.93218078651 263.31118360139 274.93797815266 346.27512939274 356.67207179824 371.29990825779 381.47629151703 394.47581871878 461.55373479472 473.36323343217 485.43924303259 495.46929421252 506.16435438045 576.93625923758 589.04611919121 602.44957046629 617.38976046372 630.55122392996 691.34093829058 703.61168579291 718.19079432962 731.54741773824 744.11357106152","9451201.1 9451202.1 9451203.1 9451204.1 9451205.1 9457201.1 9457202.1 9457203 9457204 9457205 9463201 9463202.1 9463203 9463204.1 9463205.1 9469201.1 9469202.1 9469203.1 9469204.1 9469205.1 9475201.1 9475202.1 9475203.1 9475204.1 9475205.1 9481201.1 9481202.1 9481203.1 9481204.1 9481205.1 9487201 9487202 9487203 9487204 9487205"
General-225-20260718-15:29:47-5193,vector,Florasat_Individual_Sats.terminal[35].dlk.mac,vector_preds_Transformer,,,"1.30450498383 15.78761449154 27.56392331631 38.34908703412 50.08548900555 116.70725784311 129.64778655721 141.70508659491 154.22092345124 165.9374253375 231.04625701881 243.48915581917 254.86079266388 268.35090741375 280.83476485544 346.35389199411 356.35666697915 370.80191299366 384.19742396497 397.0852246827 461.65699803666 473.09161829343 486.16726574884 500.27700744732 510.91893457737 576.49087890121 589.82235450833 601.82327205036 616.54266622453 628.60095416498 691.88463858934 704.28091564006 715.89580261754 727.22867941274 737.63484781515","9453501.1 9453502.1 9453503.1 9453504.1 9453505.1 9459501.1 9459502.1 9459503 9459504 9459505 9465501 9465502 9465503 9465504 9465505 9471501 9471502 9471503.1 9471504.1 9471505.1 9477501.1 9477502.1 9477503.1 9477504.1 9477505.1 9483501.1 9483502.1 9483503.1 9483504.1 9483505.1 9489501.1 9489502.1 9489503.1 9489504.1 9489505.1"
General-225-20260718-15:29:47-5193,vector,Florasat_Individual_Sats.terminal[45].dlk.mac,vector_preds_Transformer,,,"1.32161109592 15.6783471047 25.75285330881 38.86337623699 51.19902811828 116.96535332943 127.09948013653 140.20884935628 150.534245905 160.68673805217 231.69285386917 244.15310339653 257.36448079464 268.58761994983 283.58584995498 346.57935294672 356.93743390264 367.3878556164 377.45508460212 392.17672997388 461.25144463079 472.41057325667 484.81427686685 496.409901771 508.20569731342 576.04754524003 586.25149946125 599.96694915626 613.39550738154 624.06326988643 691.63910222426 704.14119450096 714.45322667318 724.49273463175 738.64870467758","9454501.1 9454502.1 9454503.1 9454504.1 9454505.1 9460501.1 9460502.1 9460503.1 9460504.1 9460505.1 9466501.1 9466502.1 9466503.1 9466504.1 9466505.1 9472501.1 9472502.1 9472503.1 9472504.1 9472505.1 9478501.1 9478502.1 9478503.1 9478504.1 9478505.1 9484501 9484502 9484503 9484504 9484505 9490501 9490502 9490503 9490504 9490505"
General-225-20260718-15:29:47-5193,vector,Florasat_Individual_Sats.terminal[54].dlk.mac,vector_preds_Transformer,,,"1.33250680962 13.28348893184 25.43448737101 35.43511671224 50.22173341923 116.31424000324 130.87659373251 141.75982543221 154.68350640452 167.82109124889 231.0047927564 242.19612532132 256.6932803865 269.36643936741 282.45139181451 346.51387643768 359.74292709493 371.77600804484 384.36070535332 396.62872682791 461.34337673942 473.79582818062 485.70591601706 495.93886775128 507.23220115691 576.74439929705 588.74871775671 601.2523954378 612.9764979675 624.72595420364 691.42286201473 705.24348022067 717.93346843915 731.9571564137 744.15731205372","9455401.1 9455402.1 9455403.1 9455404.1 9455405.1 9461401.1 9461402.1 9461403 9461404 9461405 9467401 9467402 9467403 9467404 9467405 9473401 9473402 9473403 9473404 9473405 9479401 9479402 9479403 9479404 9479405 9485401 9485402 9485403 9485404 9485405 9491401 9491402 9491403 9491404 9491405"
General-225-20260718-15:29:47-5193,vector,Florasat_Individual_Sats.terminal[23].dlk.mac,vector_preds_Transformer,,,"1.35536264931 12.72194539616 25.74734698935 37.64542348637 52.5810197387 116.07967677922 128.05805929983 139.88337644073 153.79153627832 167.19293253193 231.34046770446 242.12297232519 255.8972478942 269.74763096822 281.22827493865 346.56554060103 359.59107365389 372.50174843287 382.99389050156 395.22829088895 461.56973973196 471.81865061913 482.036979086 493.48128630128 507.35089072306 576.83646471566 591.80900471146 606.10478526192 616.24979979336 629.91680058628 691.39310143841 705.35270820441 716.75949810957 728.58300395845 739.456573545","9452301.1 9452302.1 9452303.1 9452304.1 9452305.1 9458301.1 9458302.1 9458303 9458304 9458305 9464301 9464302 9464303 9464304 9464305 9470301 9470302 9470303 9470304.1 9470305.1 9476301 9476302 9476303 9476304 9476305 9482301 9482302 9482303 9482304 9482305 9488301 9488302 9488303 9488304 9488305"
General-225-20260718-15:29:47-5193,vector,Florasat_Individual_Sats.terminal[56].dlk.mac,vector_preds_Transformer,,,"1.40242773248 14.31785642775 24.77849779441 36.91803269112 51.8583441889 116.92595735355 128.25750920502 138.29632318392 149.51896328758 163.77172334864 231.85235488135 245.26443452481 259.85769367218 271.17644215841 284.04792856798 346.03605122818 357.35608601175 372.08180571022 383.89405111596 398.32263578591 461.05278974748 472.21233351622 485.54471009528 499.43309001392 513.68289102102 576.36881563882 588.51587443915 600.81761077465 613.84784472943 628.48126243287 691.61647088546 703.53929432877 717.28275093552 727.33637353475 740.57511956151","9455601.1 9455602.1 9455603.1 9455604.1 9455605.1 9461601.1 9461602.1 9461603 9461604 9461605 9467601 9467602 9467603 9467604 9467605 9473601 9473602 9473603 9473604.1 9473605.1 9479601.1 9479602.1 9479603.1 9479604.1 9479605.1 9485601.1 9485602.1 9485603.1 9485604.1 9485605.1 9491601.1 9491602.1 9491603.1 9491604.1 9491605.1"
General-225-20260718-15:29:47-5193,vector,Florasat_Individual_Sats.terminal[43].dlk.mac,vector_preds_Transformer,,,"1.40511978185 13.96037128405 27.8433485399 42.16691192007 56.16648214404 116.52283263579 128.35478886799 140.82216363936 154.74834549311 168.92652644264 231.04229616793 244.38935384131 257.9941565122 268.34404580039 281.02680348069 346.47690577758 359.15961593366 374.04858998698 384.4876209842 399.13636538293 461.29862831929 473.41625919705 485.29170257994 495.70236244379 507.64207147318 576.78315175115 589.93468208471 601.21086098486 611.75207500811 626.54373439145 691.01308312337 701.06454440812 715.23194412422 729.28811988514 740.03801868251","9454301.1 9454302.1 9454303.1 9454304.1 9454305.1 9460301.1 9460302.1 9460303 9460304 9460305 9466301 9466302 9466303 9466304 9466305 9472301.1 9472302.1 9472303.1 9472304.1 9472305.1 9478301.1 9478302.1 9478303.1 9478304.1 9478305.1 9484301.1 9484302.1 9484303.1 9484304.1 9484305.1 9490301.1 9490302.1 9490303.1 9490304.1 9490305.1"
General-225-20260718-15:29:47-5193,vector,Florasat_Individual_Sats.terminal[16].dlk.mac,vector_preds_Transformer,,,"1.41078554629 12.81122651719 25.01741967699 35.97921759658 47.57106824149 116.04951545526 129.77825673576 141.46543730096 153.86700009856 168.86139142372 231.76611633366 242.38363506482 255.1252123327 265.26405450516 277.04674965912 346.39423035365 356.59536777693 370.78526739893 383.49060564349 394.18963010354 461.38010714599 472.62115701032 486.29379598471 496.72252153908 507.01255211304 576.78657393344 590.73104164237 602.66286636609 613.95956814312 628.18361638952 691.93719979422 705.96683965577 717.35094600637 727.79163555173 739.99244021765","9451601.1 9451602.1 9451603.1 9451604.1 9451605.1 9457601.1 9457602.1 9457603 9457604 9457605 9463601.1 9463602.1 9463603.1 9463604.1 9463605.1 9469601.1 9469602.1 9469603.1 9469604.1 9469605.1 9475601.1 9475602.1 9475603.1 9475604.1 9475605.1 9481601.1 9481602.1 9481603.1 9481604 9481605 9487601 9487602 9487603 9487604 9487605"
General-225-20260718-15:29:47-5193,vector,Florasat_Individual_Sats.terminal[26].dlk.mac,vector_preds_Transformer,,,"1.4481233703 14.77344253939 26.85853813799 39.21724034381 53.55312533468 116.5231045289 126.5414529224 137.65511762352 150.95942799003 163.37898892002 231.48082371568 242.92739340453 255.98198758903 268.39012085808 282.59875848888 346.5382109466 356.75466356683 367.25094001391 378.32703646389 390.86739755585 461.73265770893 473.95058985218 485.78244060511 499.43694305374 510.81805114635 576.60605346481 590.93997253035 604.12809629389 617.64617959084 628.57937287353 691.50082366122 703.48095063516 714.04782607965 728.31064970046 743.26241274294","9452601.1 9452602.1 9452603.1 9452604.1 9452605.1 9458601.1 9458602.1 9458603 9458604 9458605 9464601 9464602 9464603 9464604 9464605 9470601 9470602 9470603 9470604 9470605 9476601 9476602 9476603 9476604 9476605 9482601 9482602 9482603 9482604 9482605 9488601 9488602 9488603 9488604 9488605"
General-225-20260718-15:29:47-5193,vector,Florasat_Individual_Sats.terminal[0].dlk.mac,vector_preds_Transformer,,,"1.47842194512 14.87276524165 24.88498034747 34.97953633289 48.6954045468 116.19234543177 128.75501454575 141.55450331629 154.6892247512 164.83406002284 231.92261852068 244.86832153844 257.10042533675 269.416314482 284.25673000958 346.93285359838 360.99476411892 374.35170270223 386.6181983049 397.21580294729 461.40115915309 474.71365180658 487.60260972753 499.47832633019 513.03658206923 576.47491439269 591.12937491294 603.4091969477 614.01082687802 624.33298434038 691.66817430849 705.8271422293 717.83220559102 729.03550264635 740.7508680094","9450001.1 9450002.1 9450003.1 9450004.1 9450005.1 9456001.1 9456002.1 9456003.1 9456004.1 9456005.1 9462001.1 9462002.1 9462003.1 9462004.1 9462005.1 9468001.1 9468002.1 9468003.1 9468004.1 9468005.1 9474001.1 9474002.1 9474003 9474004 9474005 9480001 9480002 9480003 9480004 9480005 9486001 9486002 9486003 9486004 9486005"
General-225-20260718-15:29:47-5193,vector,Florasat_Individual_Sats.terminal[42].dlk.mac,vector_preds_Transformer,,,"1.50895159272 12.00293241464 22.76647970126 36.89557271706 47.39573152316 116.35485255579 130.38604678889 140.52061577398 152.85882651294 166.65460436675 231.88189569931 245.12995981682 258.88465967682 271.84446127108 284.00188417012 346.2560965647 358.47246366926 370.55293883104 383.18105663196 394.94006060436 461.6264828525 472.49361498491 485.39783110586 497.29712270061 510.49201148889 576.12818573485 587.52455748501 599.77374335169 609.96694886359 621.38867103262 691.21838266449 701.83463376434 712.62694234796 726.93384078866 737.95568339712","9454201.1 9454202.1 9454203.1 9454204.1 9454205.1 9460201.1 9460202.1 9460203 9460204 9460205 9466201 9466202.1 9466203.1 9466204.1 9466205.1 9472201.1 9472202.1 9472203.1 9472204.1 9472205.1 9478201.1 9478202.1 9478203.1 9478204.1 9478205.1 9484201.1 9484202.1 9484203.1 9484204.1 9484205.1 9490201 9490202 9490203 9490204 9490205"
General-225-20260718-15:29:47-5193,vector,Florasat_Individual_Sats.terminal[29].dlk.mac,vector_preds_Transformer,,,"1.53395113442 13.65212157741 27.48275114596 38.21656327951 53.07401759224 116.37024901505 128.18095013663 142.9282708692 154.12604049129 167.83365889268 231.17386508989 242.79844242637 256.41046267259 270.30095174932 281.71728874231 346.79942570161 360.32976822229 370.40076769655 383.88185482821 395.4922840977 461.41986342939 474.841921377 489.37626591395 499.65403494053 509.93000341207 576.24691072176 586.85304284584 599.62231103353 613.84617314114 624.19828138103 691.26169598289 703.95999230072 718.34920860804 728.56060595811 738.80369464611","9452901.1 9452902.1 9452903.1 9452904.1 9452905.1 9458901.1 9458902.1 9458903 9458904 9458905 9464901 9464902 9464903 9464904 9464905 9470901 9470902 9470903 9470904 9470905 9476901 9476902 9476903 9476904 9476905 9482901 9482902 9482903 9482904 9482905 9488901 9488902 9488903 9488904 9488905"
General-225-20260718-15:29:47-5193,vector,Florasat_Individual_Sats.terminal[50].dlk.mac,vector_preds_Transformer,,,"1.54716728395 16.47917885939 28.13893051027 41.56265754277 54.47644600087 116.92980229808 131.8911202224 146.62811030471 160.32920604758 171.07039205334 231.09642064851 241.124488818 255.9445133335 267.99662799412 281.61516268575 346.6170333277 357.74774402357 368.77345418535 382.70129109012 394.15347290902 461.31942360406 472.45458643977 486.71163175698 501.4453221215 512.26077221079 576.27269703848 587.69174743979 600.87081072223 614.45782749867 628.26418178109 691.17013587244 705.34654901689 715.7325950833 730.27254454768 742.07001548586","9455001.1 9455002.1 9455003.1 9455004.1 9455005.1 9461001.1 9461002.1 9461003.1 9461004.1 9461005.1 9467001.1 9467002.1 9467003.1 9467004.1 9467005.1 9473001.1 9473002.1 9473003.1 9473004.1 9473005.1 9479001.1 9479002.1 9479003.1 9479004.1 9479005.1 9485001 9485002 9485003 9485004 9485005 9491001 9491002 9491003 9491004 9491005"
General-225-20260718-15:29:47-5193,vector,Florasat_Individual_Sats.terminal[46].dlk.mac,vector_preds_Transformer,,,"1.57789282058 12.19478707085 22.93092947942 35.90524376626 49.94567240612 116.52720778296 128.02373173344 138.05547390413 149.26048844168 161.09140165197 231.14200715348 245.19671997893 256.91965351486 271.51637297496 281.97658253624 346.63958330196 361.1689151139 373.56225385587 385.12009686698 397.6838738008 461.23653333611 474.88991898694 488.94970535743 500.84053849895 512.36902536103 576.58267557248 591.25013023591 601.53580465912 614.31401954474 625.18009295197 691.6158028543 701.89334394317 713.29468896286 723.8627348307 734.16903040744","9454601.1 9454602.1 9454603.1 9454604.1 9454605.1 9460601.1 9460602.1 9460603.1 9460604.1 9460605.1 9466601.1 9466602.1 9466603.1 9466604.1 9466605.1 9472601.1 9472602.1 9472603.1 9472604.1 9472605.1 9478601.1 9478602.1 9478603 9478604 9478605 9484601 9484602 9484603 9484604 9484605 9490601 9490602 9490603 9490604 9490605"
General-225-20260718-15:29:47-5193,vector,Florasat_Individual_Sats.terminal[8].dlk.mac,vector_preds_Transformer,,,"1.58734670514 11.71707818308 26.41191726807 38.05686380505 49.9845600538 116.44709881302 128.29672271758 141.69927439675 152.94241278455 165.86173255601 231.58616669709 244.78589425562 258.20929456386 269.47464880301 280.49505564501 346.6336713701 358.27449387568 368.78462820128 382.07043053396 396.52610920416 461.13145512016 473.94568967935 488.03683045157 500.03122271923 513.28467454714 576.83718590182 587.96995034325 599.12970584352 609.46194719174 623.1945150753 691.94951374363 702.35416724742 714.43425598135 727.84748029709 741.44614217384","9450801.1 9450802.1 9450803.1 9450804.1 9450805.1 9456801.1 9456802.1 9456803 9456804 9456805 9462801 9462802 9462803 9462804 9462805 9468801 9468802 9468803 9468804 9468805 9474801 9474802.1 9474803.1 9474804.1 9474805.1 9480801.1 9480802.1 9480803.1 9480804.1 9480805.1 9486801.1 9486802.1 9486803.1 9486804.1 9486805.1"
General-225-20260718-15:29:47-5193,vector,Florasat_Individual_Sats.terminal[53].dlk.mac,vector_preds_Transformer,,,"1.63384036883 13.02722792747 23.52276626998 33.68197235535 46.13171586441 116.60744054569 127.64970532246 141.71072446951 154.25052026264 168.82909419574 231.13740380784 245.01704007201 255.15269897576 270.07854732033 280.90545786591 346.76891554659 360.48324406426 374.11207877961 384.33942614053 395.66160155274 461.25813663169 475.01086890744 486.3382850755 499.11189557682 511.18538509053 576.00770175201 586.08045853069 597.28142273356 610.41417240607 624.22599021671 691.48054427537 705.82468111487 720.797596585 733.02453299588 747.78608026402","9455301.1 9455302.1 9455303.1 9455304.1 9455305.1 9461301.1 9461302.1 9461303 9461304 9461305 9467301 9467302 9467303 9467304 9467305 9473301 9473302 9473303 9473304 9473305.1 9479301.1 9479302.1 9479303.1 9479304.1 9479305.1 9485301.1 9485302.1 9485303.1 9485304.1 9485305.1 9491301 9491302 9491303 9491304 9491305"
General-225-20260718-15:29:47-5193,vector,Florasat_Individual_Sats.terminal[19].dlk.mac,vector_preds_Transformer,,,"1.63601889764 12.15692996536 22.78379144868 36.17528946976 47.06351155205 116.48878961476 130.94879601989 143.95391734224 158.82700276119 170.27044596174 231.09241514374 245.72600894282 257.95856362232 270.41904678009 285.19343124027 346.23369963514 360.5957250346 374.60693077557 385.99888141407 400.49492331944 461.71299920464 474.28876689798 484.59714309359 498.69858046691 513.24465517234 576.31390226469 588.3958085922 601.80864901677 615.27705948147 628.80135737638 691.87968092668 706.54124103184 719.52686783904 733.31199212046 743.7408284638","9451901.1 9451902.1 9451903.1 9451904.1 9451905.1 9457901.1 9457902.1 9457903.1 9457904.1 9457905.1 9463901.1 9463902.1 9463903.1 9463904.1 9463905.1 9469901.1 9469902.1 9469903 9469904 9469905 9475901 9475902 9475903 9475904 9475905 9481901 9481902 9481903 9481904 9481905 9487901 9487902 9487903 9487904 9487905"
General-225-20260718-15:29:47-5193,vector,Florasat_Individual_Sats.terminal[40].dlk.mac,vector_preds_Transformer,,,"1.63825985626 13.60474933171 26.92087673465 40.82431840477 52.30593360727 116.69811892579 130.78103064117 143.67803185736 156.84164603031 167.4810198592 231.39259761828 242.7508048194 253.11848347238 266.1249883105 280.98125083651 346.68226612662 359.09434091696 370.64341486828 385.31826778246 395.92376861769 461.90522051929 474.79373769998 488.71807817999 498.81100309594 508.89304607339 576.78122939402 591.04091906547 604.77752426033 616.63875348143 628.62182599584 691.21393699781 701.60917988978 713.29962898162 726.91534094279 739.28386723855","9454001.1 9454002.1 9454003.1 9454004.1 9454005.1 9460001.1 9460002.1 9460003.1 9460004.1 9460005.1 9466001.1 9466002.1 9466003.1 9466004.1 9466005.1 9472001.1 9472002.1 9472003.1 9472004.1 9472005.1 9478001.1 9478002.1 9478003.1 9478004.1 9478005.1 9484001 9484002 9484003 9484004 9484005 9490001 9490002 9490003 9490004 9490005"
General-225-20260718-15:29:47-5193,vector,Florasat_Individual_Sats.terminal[30].dlk.mac,vector_preds_Transformer,,,"1.64616506989 14.24790596915 25.75710057024 36.5764709385 47.98142922436 116.9516041493 127.51780770858 141.54075677995 152.59221165114 166.76812715269 231.93983899313 245.10841750656 257.95976825757 268.06515160133 278.47876412677 346.33604780282 359.74340876541 374.26352054905 388.9070260115 403.17176581803 461.04509091657 471.55681461748 483.92855923693 496.66550080711 511.51870465325 576.56030410086 590.14046606142 601.74722762778 615.95198404858 628.306430761 691.40107853198 701.66766045126 714.94914295594 726.23428729572 741.20396676683","9453001.1 9453002.1 9453003.1 9453004.1 9453005.1 9459001.1 9459002.1 9459003.1 9459004.1 9459005.1 9465001.1 9465002.1 9465003.1 9465004.1 9465005.1 9471001.1 9471002.1 9471003.1 9471004.1 9471005.1 9477001.1 9477002 9477003 9477004 9477005 9483001 9483002 9483003 9483004 9483005 9489001 9489002 9489003 9489004 9489005"
General-225-20260718-15:29:47-5193,vector,Florasat_Individual_Sats.terminal[25].dlk.mac,vector_preds_Transformer,,,"1.65658734343 15.90099998703 30.70149166346 40.87293768604 51.5169912735 116.36307756277 127.01133837435 139.65947755939 153.01460980182 167.00027230406 231.9988300174 243.26021575951 253.32614737446 267.5289068243 279.49423299986 346.19726844248 357.00129398028 367.15493672411 377.67251484329 391.14009225508 461.22497905348 475.88470834144 490.79710426228 501.38005278492 511.90144798089 576.13351230626 588.15738603706 599.69058891177 611.80670518895 623.97514218931 691.74719858961 704.22619190812 718.88664602465 730.27329252497 743.14041931228","9452501.1 9452502.1 9452503.1 9452504.1 9452505.1 9458501.1 9458502.1 9458503 9458504 9458505 9464501 9464502 9464503 9464504 9464505 9470501 9470502 9470503 9470504 9470505 9476501 9476502 9476503 9476504 9476505 9482501 9482502 9482503 9482504 9482505 9488501 9488502 9488503 9488504 9488505"
General-225-20260718-15:29:47-5193,vector,Florasat_Individual_Sats.terminal[4].dlk.mac,vector_preds_Transformer,,,"1.6752557687 14.48687437666 26.50981310616 37.69059659076 52.04409816164 116.70962801087 130.73485569214 142.54737365526 156.48023304414 170.54861001555 231.03223731695 241.93630689942 253.86843605387 266.9946982998 280.09842964775 346.33067839965 360.30128079187 375.02891367604 385.54981591366 397.69733699923 461.51022034674 472.07682444691 485.25436582137 499.61681260821 512.4850521246 576.35870492272 587.17119358783 601.43396768673 614.65519378149 624.97489593295 691.86875601579 703.79229822243 717.74410008151 730.19749084186 740.22274018546","9450401.1 9450402.1 9450403.1 9450404.1 9450405.1 9456401.1 9456402.1 9456403 9456404 9456405 9462401 9462402 9462403 9462404 9462405 9468401.1 9468402.1 9468403.1 9468404.1 9468405.1 9474401.1 9474402.1 9474403.1 9474404.1 9474405.1 9480401.1 9480402.1 9480403.1 9480404.1 9480405.1 9486401.1 9486402.1 9486403 9486404 9486405"
General-225-20260718-15:29:47-5193,vector,Florasat_Individual_Sats.terminal[24].dlk.mac,vector_preds_Transformer,,,"1.67914893641 12.09920715238 25.51104680565 39.7941834589 52.83837185986 116.24368842482 126.96261268598 137.04347421089 150.88176807528 163.21618077717 231.50346161169 243.78394255252 256.58771688189 269.10015214654 281.52332002134 346.1172223615 360.1374094584 371.22576173162 383.38609578553 397.61803913745 461.73716139863 474.38829353777 488.36811925633 498.49573722341 513.36718631674 576.82726974227 591.37261592062 603.70518916846 617.299913815 631.90922311718 691.83864941495 704.20264856448 714.86022233987 725.00523312856 735.69648286002","9452401.1 9452402.1 9452403.1 9452404.1 9452405.1 9458401.1 9458402.1 9458403.1 9458404.1 9458405.1 9464401.1 9464402.1 9464403.1 9464404.1 9464405.1 9470401.1 9470402.1 9470403.1 9470404.1 9470405.1 9476401.1 9476402.1 9476403.1 9476404.1 9476405.1 9482401.1 9482402.1 9482403 9482404 9482405 9488401 9488402 9488403 9488404 9488405"
General-225-20260718-15:29:47-5193,vector,Florasat_Individual_Sats.terminal[18].dlk.mac,vector_preds_Transformer,,,"1.6967524495 13.58863411588 26.63662007777 37.98565936624 51.89805813716 116.90315386956 127.90325736953 138.30924648535 151.67296911333 165.61401718039 231.71263546357 241.91353485244 254.10241205501 265.00724007398 279.7532300339 346.68644382129 361.53509753849 373.45976790855 384.4315754061 399.39278493029 461.55716353306 474.20356516587 488.98105978594 500.7051285971 513.31997897919 576.06424340373 590.98283100501 601.25101215183 613.70585947158 627.26214761357 691.31878599292 704.72578700632 716.81348324637 727.4891433632 738.05121104699","9451801.1 9451802.1 9451803.1 9451804.1 9451805.1 9457801.1 9457802.1 9457803.1 9457804.1 9457805.1 9463801.1 9463802.1 9463803.1 9463804.1 9463805.1 9469801.1 9469802.1 9469803.1 9469804.1 9469805 9475801 9475802 9475803 9475804 9475805 9481801 9481802 9481803 9481804 9481805 9487801 9487802 9487803 9487804 9487805"
General-225-20260718-15:29:47-5193,vector,Florasat_Individual_Sats.terminal[39].dlk.mac,vector_preds_Transformer,,,"1.70054902602 14.08678113064 24.43678345694 35.10470788856 48.04237777297 116.86738311686 127.63392429823 141.5564820685 154.09793042019 166.14919308363 231.07531959051 242.55964595102 255.0674510966 266.18642461579 279.03555118688 346.85248700925 357.33081930806 369.21035504807 379.95491385833 390.91678918247 461.33738976251 473.57828970579 487.21531217265 500.41117794974 515.0080018239 576.75884414674 590.76226295531 603.19598082314 616.2103712929 631.15171175427 691.50768061052 703.95282342331 718.56835733517 731.50396631565 746.47448267904","9453901.1 9453902.1 9453903.1 9453904.1 9453905.1 9459901.1 9459902.1 9459903.1 9459904.1 9459905.1 9465901.1 9465902.1 9465903.1 9465904.1 9465905.1 9471901.1 9471902.1 9471903.1 9471904.1 9471905.1 9477901.1 9477902.1 9477903 9477904 9477905 9483901 9483902 9483903 9483904 9483905 9489901 9489902 9489903 9489904 9489905"
General-225-20260718-15:29:47-5193,vector,Florasat_Individual_Sats.terminal[20].dlk.mac,vector_preds_Transformer,,,"1.70807113964 15.75383453839 26.17406597221 36.97513377387 48.96988309198 116.15147277364 126.64939143695 140.54046106408 155.27864659903 165.33845907892 231.09424607223 245.93754054024 257.09026730131 268.95044436423 281.56854177803 346.24505927204 360.43280595797 375.33699077438 388.20493836422 401.50684529683 461.58084189729 474.60773117934 486.64500732883 497.04093958112 507.57300882577 576.97176883533 589.8496317009 601.25614442467 615.73742200691 630.41452060524 691.31183473673 705.51480110665 718.09000867582 728.32449982455 741.6238657576","9452001.1 9452002.1 9452003.1 9452004.1 9452005.1 9458001.1 9458002.1 9458003.1 9458004.1 9458005.1 9464001.1 9464002.1 9464003.1 9464004.1 9464005.1 9470001.1 9470002.1 9470003.1 9470004.1 9470005.1 9476001 9476002 9476003 9476004 9476005 9482001 9482002 9482003 9482004 9482005 9488001 9488002 9488003 9488004 9488005"
General-225-20260718-15:29:47-5193,vector,Florasat_Individual_Sats.terminal[28].dlk.mac,vector_preds_Transformer,,,"1.71127801551 11.83468149183 25.91052695666 38.38105006748 49.18461139686 116.46112875268 129.35416526348 142.68933717465 154.19656302851 166.6216347362 231.50365491793 244.43542632902 258.20897182379 271.36291323275 283.06185193638 346.24082909059 356.60568865692 368.94755949942 379.48796653515 390.28371266998 461.21077529737 472.49156145146 482.60595956817 497.3529308394 510.12130960007 576.74260927713 591.64799744146 605.15605027554 618.78955988795 632.79552182648 691.78686986631 704.51057009935 714.92331980682 727.06058200869 738.95206446714","9452801.1 9452802.1 9452803.1 9452804.1 9452805.1 9458801.1 9458802.1 9458803 9458804 9458805 9464801 9464802 9464803 9464804 9464805 9470801 9470802 9470803 9470804 9470805 9476801 9476802 9476803 9476804 9476805 9482801 9482802 9482803.1 9482804.1 9482805.1 9488801.1 9488802.1 9488803.1 9488804.1 9488805.1"
General-225-20260718-15:29:47-5193,vector,Florasat_Individual_Sats.terminal[5].dlk.mac,vector_preds_Transformer,,,"1.71925389371 16.71196840285 30.30570798717 42.29246425606 53.2458904041 116.45108555001 128.8461412678 140.58575377241 154.36807877757 165.6695230389 231.12010098249 245.30391265592 257.49639969739 270.15793243377 280.32592449524 346.89399098931 357.73334201612 371.87319132802 386.08981686132 397.3030924222 461.23094667122 473.45723696426 484.36532499292 499.0573501566 509.81401646533 576.60891998932 590.17685924447 603.48081115074 614.55122446664 627.89657539361 691.65974130132 705.12460384611 717.17338648951 728.25774133648 742.4112492099","9450501.1 9450502.1 9450503.1 9450504.1 9450505.1 9456501.1 9456502.1 9456503 9456504 9456505 9462501.1 9462502.1 9462503.1 9462504.1 9462505.1 9468501.1 9468502.1 9468503.1 9468504.1 9468505.1 9474501.1 9474502.1 9474503.1 9474504.1 9474505.1 9480501.1 9480502 9480503 9480504 9480505 9486501 9486502 9486503 9486504 9486505"
General-225-20260718-15:29:47-5193,vector,Florasat_Individual_Sats.terminal[3].dlk.mac,vector_preds_Transformer,,,"1.72619112465 13.59861522029 25.66252924084 39.29507453857 49.64193860699 116.61436582101 131.23874412734 144.71771407524 155.09936815129 165.97184199259 231.64331062464 245.22145215189 256.88595273765 270.56199344224 281.04254941572 346.72812656662 360.98381569888 372.42525856755 385.1244967156 396.90753802121 461.92157078651 472.58784385864 485.77665322577 500.60636475333 514.33302566991 576.57882552571 590.91357881297 602.30391966622 613.55458424753 625.19587263442 691.01042653457 704.66729699424 716.74688111664 730.06118012731 740.06951168435","9450301.1 9450302.1 9450303.1 9450304.1 9450305.1 9456301.1 9456302.1 9456303 9456304.1 9456305.1 9462301.1 9462302.1 9462303.1 9462304.1 9462305.1 9468301.1 9468302.1 9468303.1 9468304.1 9468305.1 9474301.1 9474302.1 9474303.1 9474304.1 9474305.1 9480301.1 9480302.1 9480303 9480304 9480305 9486301 9486302 9486303 9486304 9486305"
General-225-20260718-15:29:47-5193,vector,Florasat_Individual_Sats.terminal[57].dlk.mac,vector_preds_Transformer,,,"1.74982235464 15.92187518766 30.41523303767 43.03772366536 53.41396000167 116.64172585402 130.08463167516 140.5840627004 152.25613364182 163.71909349389 231.71775271022 246.67092537578 257.56524587819 271.07397922502 286.00093104365 346.41193132126 358.2185525992 371.68720984809 384.04150829395 394.66359510879 461.51392412884 474.72501166561 486.60489370395 497.05758996471 511.400352675 576.94240586227 591.17914079665 602.92183454009 614.67182355561 628.97132179328 691.35619119764 704.94843013026 716.98198654712 730.83103599865 743.08439852227","9455701.1 9455702.1 9455703.1 9455704.1 9455705.1 9461701.1 9461702.1 9461703.1 9461704.1 9461705.1 9467701.1 9467702.1 9467703.1 9467704.1 9467705.1 9473701 9473702 9473703 9473704 9473705 9479701 9479702 9479703 9479704 9479705 9485701 9485702 9485703 9485704 9485705 9491701 9491702 9491703 9491704 9491705"
General-225-20260718-15:29:47-5193,vector,Florasat_Individual_Sats.terminal[37].dlk.mac,vector_preds_Transformer,,,"1.7619640755 14.17183591775 26.59045062168 41.00926643378 51.5211204372 116.40986971976 130.00840189121 141.48345887963 152.6652483358 164.27808172488 231.72021215293 243.36283119605 254.69569158019 269.27526532882 283.94708798011 346.2497641074 357.38703697198 370.95416398928 381.81698353122 396.51516518066 461.32127017574 473.52179143438 484.7767649088 499.40168324601 513.41400033188 576.8287207277 587.46141580608 600.20826307218 615.18051292607 628.30515983956 691.39555078419 703.23482478806 715.8353822208 727.40964364796 740.51503207372","9453701.1 9453702.1 9453703.1 9453704.1 9453705.1 9459701.1 9459702.1 9459703 9459704 9459705 9465701 9465702 9465703 9465704 9465705 9471701 9471702 9471703 9471704 9471705 9477701 9477702 9477703.1 9477704.1 9477705.1 9483701.1 9483702.1 9483703.1 9483704.1 9483705.1 9489701.1 9489702.1 9489703.1 9489704.1 9489705.1"
General-225-20260718-15:29:47-5193,vector,Florasat_Individual_Sats.terminal[55].dlk.mac,vector_preds_Transformer,,,"1.76798380539 13.71941838856 27.26250395854 39.57533621904 52.54745380347 116.9943596602 129.6688870485 140.11119526276 152.22319357494 166.39647668275 231.67737444211 243.64711471298 254.31748317601 268.33373647928 279.81457066885 346.04511122429 359.05066712387 371.2104313958 385.98632813176 396.91070230422 461.73323447676 475.30491358693 488.82751364121 500.99333808385 515.60497903009 576.88864698587 591.558272972 604.71793665038 618.00493794912 629.5353458852 691.61223927839 705.37904514093 716.78930268833 729.82012164989 743.98697857256","9455501.1 9455502.1 9455503.1 9455504.1 9455505.1 9461501.1 9461502.1 9461503 9461504 9461505 9467501 9467502 9467503 9467504 9467505 9473501 9473502 9473503 9473504 9473505 9479501 9479502 9479503 9479504 9479505.1 9485501 9485502 9485503.1 9485504.1 9485505 9491501 9491502 9491503 9491504 9491505"
General-225-20260718-15:29:47-5193,vector,Florasat_Individual_Sats.terminal[22].dlk.mac,vector_preds_Transformer,,,"1.76811131882 12.07088564872 24.85430284054 38.27822659747 50.4017095652 116.0272109434 127.59696607431 142.03589288587 152.15150521904 162.80783764737 231.01180623006 242.76236845832 255.38782267435 270.21054972731 285.03274860163 346.67409937526 357.11320331599 369.54909627605 381.00006679352 391.0998529084 461.67327750125 472.28384796763 484.58478654036 495.29247474973 508.45040439279 576.0868113304 587.34606510168 601.24296635529 615.82549089007 629.41786438832 691.09054477909 705.97440459207 718.06568330759 730.63226872729 745.08596417168","9452201.1 9452202.1 9452203.1 9452204.1 9452205.1 9458201.1 9458202.1 9458203.1 9458204.1 9458205.1 9464201.1 9464202.1 9464203.1 9464204.1 9464205.1 9470201.1 9470202.1 9470203.1 9470204.1 9470205.1 9476201.1 9476202.1 9476203.1 9476204.1 9476205.1 9482201 9482202 9482203 9482204 9482205 9488201 9488202 9488203 9488204 9488205"
General-225-20260718-15:29:47-5193,vector,Florasat_Individual_Sats.terminal[51].dlk.mac,vector_preds_Transformer,,,"1.82236142526 16.0673215934 29.60267432103 40.14517941232 52.53987179905 116.15317967115 127.12562528881 138.20104136807 151.19992685132 164.60076462105 231.57365457434 243.96041872958 256.38807078055 268.8405687972 281.62366673397 346.77345416159 357.99103044322 371.46694912807 382.3053459241 394.14689022698 461.93567279144 474.54581765225 488.88807055657 502.88973023999 513.84913605405 576.81009027408 587.95938985073 599.71664346405 614.12842903053 624.3605627981 691.00902545033 704.99606881407 715.46116332873 730.45766304829 742.30844652047","9455101.1 9455102.1 9455103.1 9455104.1 9455105.1 9461101.1 9461102.1 9461103 9461104 9461105 9467101.1 9467102.1 9467103.1 9467104.1 9467105.1 9473101.1 9473102.1 9473103.1 9473104.1 9473105.1 9479101.1 9479102.1 9479103.1 9479104.1 9479105.1 9485101.1 9485102 9485103 9485104 9485105 9491101 9491102 9491103 9491104 9491105"
General-225-20260718-15:29:47-5193,vector,Florasat_Individual_Sats.terminal[49].dlk.mac,vector_preds_Transformer,,,"1.8275363862 15.58427438163 28.99004829023 42.99517001514 56.94765765825 116.49296342093 130.37185729528 142.58624102152 153.10567973927 163.62418749067 231.54182199575 244.01725343033 254.5596000792 268.98324454739 281.34405615693 346.57317839307 358.92499333574 371.24015563378 383.34318256682 396.89199612105 461.07833058434 471.44584456552 486.12251453777 497.87206633692 510.33345757728 576.2113101671 587.21420277911 601.50495416438 612.00853606406 625.47591762104 691.4611060929 704.40361765097 718.50388884195 732.76092052576 745.27649877709","9454901.1 9454902.1 9454903.1 9454904.1 9454905.1 9460901.1 9460902.1 9460903.1 9460904.1 9460905.1 9466901.1 9466902.1 9466903.1 9466904.1 9466905.1 9472901.1 9472902.1 9472903.1 9472904 9472905 9478901 9478902 9478903 9478904 9478905 9484901 9484902 9484903 9484904 9484905 9490901 9490902 9490903 9490904 9490905"
General-225-20260718-15:29:47-5193,vector,Florasat_Individual_Sats.terminal[41].dlk.mac,vector_preds_Transformer,,,"1.83618716523 14.48477674718 26.33661796898 41.18791421387 55.25729204273 116.75632155268 127.87940247916 142.55939705414 156.46901928121 171.42623020918 231.20088259247 242.18279813439 255.60927441017 268.81969492556 280.99942164868 346.16910502315 359.76319084061 372.15837842553 384.7364005563 397.57243459347 461.18548958446 475.96679952112 486.93319928599 501.6740947403 511.92971715005 576.94965334819 590.15709606209 604.94357834314 619.24100172799 633.36980325961 691.39960927027 705.02383624622 715.44649664033 726.08643038035 737.95178368874","9454101.1 9454102.1 9454103.1 9454104.1 9454105.1 9460101.1 9460102.1 9460103.1 9460104.1 9460105.1 9466101.1 9466102.1 9466103.1 9466104.1 9466105.1 9472101.1 9472102.1 9472103.1 9472104.1 9472105.1 9478101.1 9478102.1 9478103.1 9478104.1 9478105.1 9484101.1 9484102 9484103 9484104 9484105 9490101 9490102 9490103 9490104 9490105"
General-225-20260718-15:29:47-5193,vector,Florasat_Individual_Sats.terminal[58].dlk.mac,vector_preds_Transformer,,,"1.87143162009 12.09833498578 25.23979129153 37.95092098647 51.09128486364 116.39491170784 130.43653865484 144.57215458527 157.03556095855 171.50782446866 231.8924426483 245.0065682279 256.18495744514 270.95127788583 283.40292539658 346.08025894617 360.18358883914 371.38099345612 383.90345525579 394.80283386074 461.66375768394 472.6127153195 483.39372257144 496.05261612591 506.11188280886 576.98645644751 587.15586275607 600.40999390464 613.45454004872 625.12753097154 691.65821352345 702.67270258348 716.08794193551 727.51735703507 740.76272355811","9455801.1 9455802.1 9455803.1 9455804.1 9455805.1 9461801.1 9461802.1 9461803 9461804 9461805 9467801 9467802 9467803 9467804 9467805 9473801 9473802 9473803 9473804 9473805 9479801 9479802 9479803 9479804 9479805 9485801 9485802 9485803.1 9485804.1 9485805.1 9491801.1 9491802.1 9491803.1 9491804.1 9491805.1"
General-225-20260718-15:29:47-5193,vector,Florasat_Individual_Sats.terminal[21].dlk.mac,vector_preds_Transformer,,,"1.87785040447 14.90563088539 28.38229853869 41.16293564415 52.44420473673 116.80939122033 127.31801226432 140.93907246762 155.71220073313 166.55288282712 231.65746797109 241.86171052512 255.3845063434 270.34986430546 284.54373627435 346.74197512236 356.9407287871 370.16452196077 382.6339531634 395.29600343225 461.75365963741 475.9730020843 488.2629290924 502.85221637949 513.78244923801 576.58098450489 590.7166801833 601.30332023696 615.24716503428 627.12537769786 691.47010818473 702.64448076603 715.30683709076 725.32500745613 738.95821033512","9452101.1 9452102.1 9452103.1 9452104.1 9452105.1 9458101.1 9458102.1 9458103.1 9458104.1 9458105.1 9464101.1 9464102.1 9464103.1 9464104.1 9464105.1 9470101.1 9470102.1 9470103.1 9470104.1 9470105.1 9476101.1 9476102.1 9476103.1 9476104.1 9476105.1 9482101 9482102 9482103 9482104 9482105 9488101 9488102 9488103 9488104 9488105"
General-225-20260718-15:29:47-5193,vector,Florasat_Individual_Sats.terminal[36].dlk.mac,vector_preds_Transformer,,,"1.90201933007 16.43988454109 27.87044990435 42.03343801526 54.28153850697 116.84041090985 129.16971879755 143.24598391983 155.5763791278 167.47122034989 231.5558531729 244.40567863988 255.25316842132 266.61654807393 280.6442638696 346.00060260552 360.22075036587 371.95735421777 382.91553213657 394.92986812885 461.25395060983 471.95973955794 483.56438211166 496.35538398871 510.65225756961 576.01392215886 587.81824247632 601.91122503788 613.19283352769 624.19411864085 691.182723362 701.57437146176 712.69147084095 725.90408933 740.04850842175","9453601.1 9453602.1 9453603.1 9453604.1 9453605.1 9459601.1 9459602.1 9459603 9459604 9459605 9465601 9465602 9465603 9465604 9465605 9471601 9471602 9471603 9471604 9471605 9477601.1 9477602.1 9477603.1 9477604.1 9477605.1 9483601.1 9483602.1 9483603.1 9483604.1 9483605.1 9489601.1 9489602.1 9489603.1 9489604.1 9489605.1"
General-225-20260718-15:29:47-5193,vector,Florasat_Individual_Sats.terminal[10].dlk.mac,vector_preds_Transformer,,,"1.90911120945 13.49185793288 24.16531651607 35.39551046072 48.00686491514 116.33038653084 128.58413518546 143.10426618229 156.82103965339 170.41068975721 231.05419940781 244.76659980021 257.00823573629 270.23217492272 284.45160974866 346.90150686027 359.65176294045 372.00309840566 382.80977145954 393.83793797879 461.69790828926 476.27665612939 488.7652175289 500.80405389749 510.93944311001 576.02311752294 588.85467900801 603.80255779624 616.08610841003 629.53426110465 691.18237539427 703.78933505853 715.05395586951 725.65939701627 739.36761807882","9451001.1 9451002.1 9451003.1 9451004.1 9451005.1 9457001.1 9457002.1 9457003.1 9457004.1 9457005.1 9463001.1 9463002.1 9463003.1 9463004.1 9463005.1 9469001.1 9469002.1 9469003.1 9469004.1 9469005.1 9475001.1 9475002.1 9475003.1 9475004.1 9475005.1 9481001 9481002 9481003 9481004 9481005 9487001 9487002 9487003 9487004 9487005"
General-225-20260718-15:29:47-5193,vector,Florasat_Individual_Sats.terminal[9].dlk.mac,vector_preds_Transformer,,,"1.92291628569 13.50119500537 26.92134939832 38.04680641624 51.57389245811 116.45530556678 131.39754979871 142.80322174192 157.76961975963 169.17428326443 231.84974306892 243.35044384864 253.96632012492 268.21169801685 279.85546083003 346.52417497919 360.95320854546 371.29017816601 383.26560821944 397.64803499427 461.2364869148 476.18217155826 488.08582471707 500.04597615474 514.97822121624 576.34809362981 588.84774347464 603.02754155173 616.59232543827 630.9409092511 691.64245446213 705.10638581706 718.34381954512 729.46762743057 743.04181961343","9450901.1 9450902.1 9450903.1 9450904.1 9450905.1 9456901.1 9456902.1 9456903.1 9456904.1 9456905.1 9462901.1 9462902.1 9462903.1 9462904.1 9462905.1 9468901.1 9468902.1 9468903.1 9468904.1 9468905.1 9474901.1 9474902.1 9474903.1 9474904.1 9474905.1 9480901 9480902 9480903 9480904 9480905 9486901 9486902 9486903 9486904 9486905"
General-225-20260718-15:29:47-5193,vector,Florasat_Individual_Sats.terminal[11].dlk.mac,vector_preds_Transformer,,,"1.98249987676 16.87830324634 28.36370243225 40.87243385496 53.87519255164 116.78561199526 131.51748929708 145.97728689154 158.80061155371 169.12037194077 231.60256942688 243.3488701582 258.29920586502 272.16018969962 283.17109252629 346.06307613384 356.90536305495 367.60613638047 381.30322067138 395.58643125767 461.36905520735 474.6457163447 487.14886836987 499.96716005774 512.74761910247 576.13244502991 587.38879527966 600.27486354764 613.8709468611 626.38078190921 691.86146255676 703.87998317927 714.17692474299 727.81432618131 740.88546478632","9451101.1 9451102.1 9451103.1 9451104.1 9451105.1 9457101.1 9457102.1 9457103.1 9457104.1 9457105.1 9463101.1 9463102.1 9463103.1 9463104.1 9463105.1 9469101.1 9469102.1 9469103.1 9469104.1 9469105.1 9475101.1 9475102.1 9475103.1 9475104.1 9475105.1 9481101 9481102 9481103 9481104 9481105 9487101 9487102 9487103 9487104 9487105"
General-225-20260718-15:29:47-5193,vector,Florasat_Individual_Sats.terminal[47].dlk.mac,vector_preds_Transformer,,,"1.9841867846 15.85888430104 26.28930549231 36.87459098967 49.71061436553 116.09154629172 126.50779375923 137.35049164738 148.0836130539 158.21676374414 231.81221546885 246.75634094095 259.97873588279 274.19428027049 285.85110277683 346.53355336306 356.66956960014 368.63247817755 381.68129031803 394.09687998845 461.84309754497 473.56534018623 486.39101424231 501.17680629808 513.70098856836 576.10927478387 590.43951636157 602.865359216 616.19178718166 626.2450497665 691.06175777689 701.23450342636 715.9051742598 727.59072255181 741.18089637208","9454701.1 9454702.1 9454703.1 9454704.1 9454705.1 9460701.1 9460702.1 9460703.1 9460704.1 9460705.1 9466701.1 9466702.1 9466703.1 9466704.1 9466705.1 9472701.1 9472702.1 9472703.1 9472704.1 9472705 9478701 9478702 9478703 9478704 9478705 9484701 9484702 9484703 9484704 9484705 9490701 9490702 9490703 9490704 9490705"
General-225-20260718-15:29:47-5193,vector,Florasat_Individual_Sats.terminal[52].dlk.mac,vector_preds_Transformer,,,"1.98609021259 13.74576804228 28.02987215691 39.50827223132 50.37424370413 116.88834518101 128.74273655144 141.02078786492 153.036249683 164.64280052133 231.67116359225 242.15470433468 254.9074166792 266.6295045102 278.47273894586 346.96243815776 358.40368763031 371.47853098181 385.37647563801 399.66067924932 461.2419324019 475.29104003217 487.59070974891 498.64081290434 512.46004567947 576.17529018433 586.92359692301 600.01767378999 614.68319832813 628.53250606451 691.2470964049 705.44251708174 716.51316551817 728.1021274426 739.37905289558","9455201.1 9455202.1 9455203.1 9455204.1 9455205.1 9461201.1 9461202.1 9461203 9461204 9461205 9467201.1 9467202.1 9467203.1 9467204.1 9467205.1 9473201.1 9473202.1 9473203.1 9473204.1 9473205.1 9479201.1 9479202.1 9479203.1 9479204.1 9479205.1 9485201.1 9485202.1 9485203.1 9485204.1 9485205.1 9491201 9491202 9491203 9491204 9491205"
General-225-20260718-15:29:47-5193,vector,Florasat_Individual_Sats.terminal[44].dlk.mac,vector_preds_Transformer,,,"1.9943925736 16.44363820995 28.73259539343 42.03224540082 54.91675285598 116.18627243396 127.26979891607 141.23306251434 151.29321093974 162.49351453223 231.40847490774 243.77192388661 258.73774140747 272.54492112226 287.45186198875 346.78100910131 358.79603163665 370.40185424359 382.03713503293 394.63055107951 461.65976493689 472.09399221884 482.2392665823 494.25312956981 505.8911020793 576.95995665947 588.51950174291 599.40785347461 610.39893802931 622.20219500806 691.94195110025 705.74369082018 720.08971673111 730.41703450052 744.62546256628","9454401.1 9454402.1 9454403.1 9454404.1 9454405.1 9460401.1 9460402.1 9460403.1 9460404.1 9460405.1 9466401.1 9466402.1 9466403.1 9466404.1 9466405.1 9472401.1 9472402.1 9472403.1 9472404.1 9472405.1 9478401.1 9478402.1 9478403.1 9478404.1 9478405.1 9484401 9484402 9484403 9484404 9484405 9490401 9490402 9490403 9490404 9490405"
General-225-20260718-15:29:47-5193,vector,Florasat_Individual_Sats.satellite[0].dlkDSL.mac,VectorTransmitMethod_ReceptionResult,,,"29.78057629023 35.41576033289 43.78569801514 48.41765322436 48.64456755205 55.19775960472 57.73818565825 118.06984561476 128.08884975923 128.69378536953 129.26341759338 131.16238529528 132.52985201989 138.93154764738 139.09977448535 141.19179376232 143.37676902152 145.14138049743 145.53497334224 149.6646690539 150.05101644168 153.89620773927 154.10012547316 155.1254487512 155.88989615129 160.40805876119 161.88192965197 162.92973853223 163.92630949098 164.41471549067 164.58298742532 165.27028402284 165.77468307892 166.40454518039 171.85150196174 175.09967315783 231.53047007223 242.3344324326 242.70406285244 244.14070195102 244.80778143033 244.97584637993 246.37376454024 255.3436406792 256.51049446471 256.6485070966 257.52649130131 258.39599225757 259.08973386502 261.55979188279 264.10171160139 264.92289624189 265.79776807398 267.0657285102 267.76748061579 268.50137560133 269.38666836423 270.65260476589 272.30690097496 275.77533627049 280.42166388191 280.5437580339 280.61660718688 282.03747741918 282.40569068575 283.96162052629 284.02207395498 284.69295400958 285.82327660163 287.25874304928 287.88808598875 357.37365790264 358.53827202357 360.17963276541 360.55371884061 367.8240796164 368.39666438047 369.37192808994 369.56398218535 370.33962427605 370.83807824359 373.87265876326 377.7853699711 377.89130860212 381.53596985833 382.26681951703 383.77959757641 385.81269963801 386.87962271034 386.89932378246 387.82413499005 388.64116236422 389.3432500115 389.37027264599 391.8903809084 391.91893338182 392.61295397388 395.26634671878 396.5606457034 397.65202694729 398.13356099923 400.09690324932 401.94306929683 402.92783474622 471.88975298166 475.26784890977 475.72726403217 477.16118544427 482.6754905823 484.00060611166 485.69058982137 487.72372728599 488.99519084085 494.68935356981 495.22246954254 496.70890937865 496.79160798871 500.05303660821 502.00630933692 506.3273260793 506.95488238045 508.43259947318 508.59360811304 511.08848156961 515.26394702102 515.33240455034 517.1071724858 576.45014615886 588.25446647632 588.47351904087 590.97443839133 598.86247873356 602.34744903788 602.39866677465 605.50846465038 605.54672519158 613.62905752769 615.34624961614 615.42890072943 617.33319422453 618.18028846372 619.58008788795 622.96972703262 624.71842935406 624.84813273082 625.41111993295 626.16516036391 628.1919095951 628.96873006451 629.39148216498 630.06231843287 631.34175192996 633.58604982648 691.80361112337 701.85507240812 702.01059546176 704.22852222243 713.12769484095 718.86380693552 726.34031333 730.82657343209 738.42537581515 740.20853661875 740.48473242175 742.15617556151","9454903 9450004 9454904 9453005 9451905 9454805 9454905 9457901 9460702 9457802 9460802 9460902 9457902 9460703 9457803 9460803 9460903 9457703 9457903 9460704 9460604 9460904 9456104 9456004 9456304 9457904 9460605 9460405 9460805 9460905 9459205 9456005 9458005 9457805 9457905 9457405 9464001 9466802 9463802 9465902 9466902 9462102 9464002 9467203 9463703 9465903 9464003 9465003 9463103 9466703 9463204 9463504 9463804 9467204 9465904 9465004 9464004 9463704 9466604 9466704 9466805 9463805 9465905 9463705 9467005 9463105 9466505 9462005 9464205 9462105 9466405 9472502 9473002 9471002 9472102 9472503 9469103 9468103 9473003 9470203 9472403 9469303 9471403 9472504 9471904 9469204 9468204 9473204 9469704 9472004 9469304 9470004 9471004 9469404 9470205 9471404 9472505 9469205 9468105 9468005 9468405 9473205 9470005 9471405 9474102 9475302 9479202 9474702 9478403 9477603 9474403 9478103 9475303 9478404 9477104 9477304 9477604 9474404 9475304 9478405 9475205 9478305 9475605 9477605 9479605 9475305 9477805 9483601 9483602 9480602 9480702 9485303 9483603 9485603 9485503 9480703 9483604 9480604 9485604 9483504 9481204 9482804 9484205 9483305 9483805 9480405 9480605 9480705 9485205 9483505 9485605 9481205 9482805 9490301 9490302 9489602 9486402 9489603 9491603 9489604 9489804 9489505 9486605 9489605 9491605"
General-225-20260718-15:29:47-5193,vector,Florasat_Individual_Sats.satellite[0].dlkDSL.mac,Satellite Position when Repetition Received,,,"29.78057629023 35.41576033289 43.78569801514 48.41765322436 48.64456755205 55.19775960472 57.73818565825 118.06984561476 128.08884975923 128.69378536953 129.26341759338 131.16238529528 132.52985201989 138.93154764738 139.09977448535 141.19179376232 143.37676902152 145.14138049743 145.53497334224 149.6646690539 150.05101644168 153.89620773927 154.10012547316 155.1254487512 155.88989615129 160.40805876119 161.88192965197 162.92973853223 163.92630949098 164.41471549067 164.58298742532 165.27028402284 165.77468307892 166.40454518039 171.85150196174 175.09967315783 231.53047007223 242.3344324326 242.70406285244 244.14070195102 244.80778143033 244.97584637993 246.37376454024 255.3436406792 256.51049446471 256.6485070966 257.52649130131 258.39599225757 259.08973386502 261.55979188279 264.10171160139 264.92289624189 265.79776807398 267.0657285102 267.76748061579 268.50137560133 269.38666836423 270.65260476589 272.30690097496 275.77533627049 280.42166388191 280.5437580339 280.61660718688 282.03747741918 282.40569068575 283.96162052629 284.02207395498 284.69295400958 285.82327660163 287.25874304928 287.88808598875 357.37365790264 358.53827202357 360.17963276541 360.55371884061 367.8240796164 368.39666438047 369.37192808994 369.56398218535 370.33962427605 370.83807824359 373.87265876326 377.7853699711 377.89130860212 381.53596985833 382.26681951703 383.77959757641 385.81269963801 386.87962271034 386.89932378246 387.82413499005 388.64116236422 389.3432500115 389.37027264599 391.8903809084 391.91893338182 392.61295397388 395.26634671878 396.5606457034 397.65202694729 398.13356099923 400.09690324932 401.94306929683 402.92783474622 471.88975298166 475.26784890977 475.72726403217 477.16118544427 482.6754905823 484.00060611166 485.69058982137 487.72372728599 488.99519084085 494.68935356981 495.22246954254 496.70890937865 496.79160798871 500.05303660821 502.00630933692 506.3273260793 506.95488238045 508.43259947318 508.59360811304 511.08848156961 515.26394702102 515.33240455034 517.1071724858 576.45014615886 588.25446647632 588.47351904087 590.97443839133 598.86247873356 602.34744903788 602.39866677465 605.50846465038 605.54672519158 613.62905752769 615.34624961614 615.42890072943 617.33319422453 618.18028846372 619.58008788795 622.96972703262 624.71842935406 624.84813273082 625.41111993295 626.16516036391 628.1919095951 628.96873006451 629.39148216498 630.06231843287 631.34175192996 633.58604982648 691.80361112337 701.85507240812 702.01059546176 704.22852222243 713.12769484095 718.86380693552 726.34031333 730.82657343209 738.42537581515 740.20853661875 740.48473242175 742.15617556151","180 180 180 180 180 180 180 180 180 180 180 180 180 180 180 180 180 180 180 180 180 180 180 180 180 180 180 180 180 180 180 180 180 180 180 180 180 180 180 180 180 180 180 180 180 180 180 180 180 180 180 180 180 180 180 180 180 180 180 180 180 180 180 180 180 180 180 180 180 180 180 180 180 180 180 180 180 180 180 180 180 180 180 180 180 180 180 180 180 180 180 180 180 180 180 180 180 180 180 180 180 180 180 180 180 180 180 180 180 180 180 180 180 180 180 180 180 180 180 180 180 180 180 180 180 180 180 180 180 180 180 180 180 180 180 180 180 180 180 180 180 180 180 180 180 180 180 180 180 180 180 180 180 180 180 180 180 180 180 180 180 180 180 180 180"
General-225-20260718-15:29:47-5193,vector,Florasat_Individual_Sats.satellite[0].dlkDSL.mac,Repetition Position for Node 823 at Satellite,,,"29.78057629023 43.78569801514 57.73818565825 131.16238529528 143.37676902152 153.89620773927 164.41471549067 244.80778143033","180 180 180 180 180 180 180 180"
General-225-20260718-15:29:47-5193,vector,Florasat_Individual_Sats.satellite[0].dlkDSL.mac,All Nodes Repetition Generation Delay at Satellite,,,"29.78057629023 35.41576033289 43.78569801514 48.41765322436 48.64456755205 55.19775960472 57.73818565825 118.06984561476 128.08884975923 128.69378536953 129.26341759338 131.16238529528 132.52985201989 138.93154764738 139.09977448535 141.19179376232 143.37676902152 145.14138049743 145.53497334224 149.6646690539 150.05101644168 153.89620773927 154.10012547316 155.1254487512 155.88989615129 160.40805876119 161.88192965197 162.92973853223 163.92630949098 164.41471549067 164.58298742532 165.27028402284 165.77468307892 166.40454518039 171.85150196174 175.09967315783 231.53047007223 242.3344324326 242.70406285244 244.14070195102 244.80778143033 244.97584637993 246.37376454024 255.3436406792 256.51049446471 256.6485070966 257.52649130131 258.39599225757 259.08973386502 261.55979188279 264.10171160139 264.92289624189 265.79776807398 267.0657285102 267.76748061579 268.50137560133 269.38666836423 270.65260476589 272.30690097496 275.77533627049 280.42166388191 280.5437580339 280.61660718688 282.03747741918 282.40569068575 283.96162052629 284.02207395498 284.69295400958 285.82327660163 287.25874304928 287.88808598875 357.37365790264 358.53827202357 360.17963276541 360.55371884061 367.8240796164 368.39666438047 369.37192808994 369.56398218535 370.33962427605 370.83807824359 373.87265876326 377.7853699711 377.89130860212 381.53596985833 382.26681951703 383.77959757641 385.81269963801 386.87962271034 386.89932378246 387.82413499005 388.64116236422 389.3432500115 389.37027264599 391.8903809084 391.91893338182 392.61295397388 395.26634671878 396.5606457034 397.65202694729 398.13356099923 400.09690324932 401.94306929683 402.92783474622 471.88975298166 475.26784890977 475.72726403217 477.16118544427 482.6754905823 484.00060611166 485.69058982137 487.72372728599 488.99519084085 494.68935356981 495.22246954254 496.70890937865 496.79160798871 500.05303660821 502.00630933692 506.3273260793 506.95488238045 508.43259947318 508.59360811304 511.08848156961 515.26394702102 515.33240455034 517.1071724858 576.45014615886 588.25446647632 588.47351904087 590.97443839133 598.86247873356 602.34744903788 602.39866677465 605.50846465038 605.54672519158 613.62905752769 615.34624961614 615.42890072943 617.33319422453 618.18028846372 619.58008788795 622.96972703262 624.71842935406 624.84813273082 625.41111993295 626.16516036391 628.1919095951 628.96873006451 629.39148216498 630.06231843287 631.34175192996 633.58604982648 691.80361112337 701.85507240812 702.01059546176 704.22852222243 713.12769484095 718.86380693552 726.34031333 730.82657343209 738.42537581515 740.20853661875 740.48473242175 742.15617556151","28.78057629023 34.41576033289 42.78569801514 47.41765322436 47.64456755205 54.19775960472 56.73818565825 2.06984561476 12.08884975923 12.69378536953 13.26341759338 15.16238529528 16.52985201989 22.93154764738 23.09977448535 25.19179376232 27.37676902152 29.14138049743 29.53497334224 33.6646690539 34.05101644168 37.89620773927 38.10012547316 39.1254487512 39.88989615129 44.40805876119 45.88192965197 46.92973853223 47.92630949098 48.41471549067 48.58298742532 49.27028402284 49.77468307892 50.40454518039 55.85150196174 59.09967315783 0.53047007222997 11.3344324326 11.70406285244 13.14070195102 13.80778143033 13.97584637993 15.37376454024 24.3436406792 25.51049446471 25.6485070966 26.52649130131 27.39599225757 28.08973386502 30.55979188279 33.10171160139 33.92289624189 34.79776807398 36.0657285102 36.76748061579 37.50137560133 38.38666836423 39.65260476589 41.30690097496 44.77533627049 49.42166388191 49.5437580339 49.61660718688 51.03747741918 51.40569068575 52.96162052629 53.02207395498 53.69295400958 54.82327660163 56.25874304928 56.88808598875 11.37365790264 12.53827202357 14.17963276541 14.55371884061 21.8240796164 22.39666438047 23.37192808994 23.56398218535 24.33962427605 24.83807824359 27.87265876326 31.7853699711 31.89130860212 35.53596985833 36.26681951703 37.77959757641 39.81269963801 40.87962271034 40.89932378246 41.82413499005 42.64116236422 43.3432500115 43.37027264599 45.8903809084 45.91893338182 46.61295397388 49.26634671878 50.5606457034 51.65202694729 52.13356099923 54.09690324932 55.94306929683 56.92783474622 10.88975298166 14.26784890977 14.72726403217 16.16118544427 21.6754905823 23.00060611166 24.69058982137 26.72372728599 27.99519084085 33.68935356981 34.22246954254 35.70890937865 35.79160798871 39.05303660821 41.00630933692 45.3273260793 45.95488238045 47.43259947318 47.59360811304 50.08848156961 54.26394702102 54.33240455034 56.1071724858 0.45014615885998 12.25446647632 12.47351904087 14.97443839133 22.86247873356 26.34744903788 26.39866677465 29.50846465038 29.54672519158 37.62905752769 39.34624961614 39.42890072943 41.33319422453 42.18028846372 43.58008788795 46.96972703262 48.71842935406 48.84813273082 49.41111993295 50.16516036391 52.1919095951 52.96873006451 53.39148216498 54.06231843287 55.34175192996 57.58604982648 0.80361112336993 10.85507240812 11.01059546176 13.22852222243 22.12769484095 27.86380693552 35.34031333 39.82657343209 47.42537581515 49.20853661875 49.48473242175 51.15617556151"
General-225-20260718-15:29:47-5193,vector,Florasat_Individual_Sats.satellite[0].dlkDSL.mac,Repetition Generation Delay for Node 823 at Satellite,,,"29.78057629023 43.78569801514 57.73818565825 131.16238529528 143.37676902152 153.89620773927 164.41471549067 244.80778143033","28.78057629023 42.78569801514 56.73818565825 15.16238529528 27.37676902152 37.89620773927 48.41471549067 13.80778143033"
General-225-20260718-15:29:47-5193,vector,Florasat_Individual_Sats.satellite[0].dlkDSL.mac,Successful Repetition Number counted for MAC protocol,,,"29.78057629023 35.41576033289 48.41765322436 48.64456755205 55.19775960472 118.06984561476 128.08884975923 128.69378536953 129.26341759338 131.16238529528 145.14138049743 150.05101644168 154.10012547316 155.1254487512 155.88989615129 162.92973853223 164.58298742532 165.77468307892 175.09967315783 231.53047007223 242.3344324326 242.70406285244 244.14070195102 244.80778143033 244.97584637993 255.3436406792 256.51049446471 258.39599225757 259.08973386502 261.55979188279 264.10171160139 264.92289624189 272.30690097496 282.40569068575 284.02207395498 284.69295400958 285.82327660163 287.88808598875 357.37365790264 358.53827202357 360.17963276541 360.55371884061 368.39666438047 369.37192808994 370.33962427605 370.83807824359 373.87265876326 377.7853699711 381.53596985833 382.26681951703 383.77959757641 385.81269963801 386.87962271034 386.89932378246 388.64116236422 389.37027264599 397.65202694729 398.13356099923 471.88975298166 475.26784890977 475.72726403217 477.16118544427 482.6754905823 484.00060611166 485.69058982137 487.72372728599 495.22246954254 496.70890937865 506.95488238045 508.43259947318 508.59360811304 515.26394702102 517.1071724858 576.45014615886 588.47351904087 590.97443839133 598.86247873356 602.39866677465 605.50846465038 617.33319422453 618.18028846372 619.58008788795 622.96972703262 624.71842935406 624.84813273082 625.41111993295 628.96873006451 691.80361112337 702.01059546176 704.22852222243 718.86380693552 730.82657343209 738.42537581515 740.20853661875","3 4 5 5 5 1 2 2 2 2 3 4 4 4 4 5 5 5 5 1 2 2 2 2 2 3 3 3 3 3 4 4 4 5 5 5 5 5 2 2 2 2 3 3 3 3 3 3 4 4 4 4 4 4 4 4 5 5 2 2 2 2 3 3 3 3 4 4 5 5 5 5 5 1 2 2 3 3 3 4 4 4 5 5 5 5 5 1 2 2 3 4 5 5"
General-225-20260718-15:29:47-5193,vector,Florasat_Individual_Sats.satellite[0].dlkDSL.mac,Successful Repetition Number counted for the Model,,,"29.78057629023 35.41576033289 48.41765322436 48.64456755205 55.19775960472 118.06984561476 128.08884975923 128.69378536953 129.26341759338 131.16238529528 145.14138049743 150.05101644168 154.10012547316 155.1254487512 155.88989615129 162.92973853223 164.58298742532 165.77468307892 175.09967315783 231.53047007223 242.3344324326 242.70406285244 244.14070195102 244.80778143033 244.97584637993 255.3436406792 256.51049446471 258.39599225757 259.08973386502 261.55979188279 264.10171160139 264.92289624189 272.30690097496 282.40569068575 284.02207395498 284.69295400958 285.82327660163 287.88808598875 357.37365790264 358.53827202357 360.17963276541 360.55371884061 368.39666438047 369.37192808994 370.33962427605 370.83807824359 373.87265876326 377.7853699711 381.53596985833 382.26681951703 383.77959757641 385.81269963801 386.87962271034 386.89932378246 388.64116236422 389.37027264599 397.65202694729 398.13356099923 471.88975298166 475.26784890977 475.72726403217 477.16118544427 482.6754905823 484.00060611166 485.69058982137 487.72372728599 495.22246954254 496.70890937865 506.95488238045 508.43259947318 508.59360811304 515.26394702102 517.1071724858 576.45014615886 588.47351904087 590.97443839133 598.86247873356 602.39866677465 605.50846465038 617.33319422453 618.18028846372 619.58008788795 622.96972703262 624.71842935406 624.84813273082 625.41111993295 628.96873006451 691.80361112337 702.01059546176 704.22852222243 718.86380693552 730.82657343209 738.42537581515 740.20853661875","3 4 5 5 5 1 2 2 2 2 3 4 4 4 3 5 5 5 5 1 2 2 2 2 2 3 3 3 3 3 2 4 4 5 5 5 5 5 2 2 2 2 3 3 3 3 3 3 4 4 4 4 4 4 4 4 5 5 2 2 2 1 3 3 3 3 4 4 5 5 5 5 3 1 2 2 3 3 1 4 4 2 5 5 5 5 5 1 2 2 3 4 5 5"
General-225-20260718-15:29:47-5193,vector,Florasat_Individual_Sats.satellite[0].dlkDSL.mac,All Nodes Message Generation Delay at Satellite,,,"29.78057629023 35.41576033289 48.41765322436 48.64456755205 55.19775960472 118.06984561476 128.08884975923 128.69378536953 129.26341759338 131.16238529528 145.14138049743 150.05101644168 154.10012547316 155.1254487512 155.88989615129 162.92973853223 164.58298742532 165.77468307892 175.09967315783 231.53047007223 242.3344324326 242.70406285244 244.14070195102 244.80778143033 244.97584637993 255.3436406792 256.51049446471 258.39599225757 259.08973386502 261.55979188279 264.10171160139 264.92289624189 272.30690097496 282.40569068575 284.02207395498 284.69295400958 285.82327660163 287.88808598875 357.37365790264 358.53827202357 360.17963276541 360.55371884061 368.39666438047 369.37192808994 370.33962427605 370.83807824359 373.87265876326 377.7853699711 381.53596985833 382.26681951703 383.77959757641 385.81269963801 386.87962271034 386.89932378246 388.64116236422 389.37027264599 397.65202694729 398.13356099923 471.88975298166 475.26784890977 475.72726403217 477.16118544427 482.6754905823 484.00060611166 485.69058982137 487.72372728599 495.22246954254 496.70890937865 506.95488238045 508.43259947318 508.59360811304 515.26394702102 517.1071724858 576.45014615886 588.47351904087 590.97443839133 598.86247873356 602.39866677465 605.50846465038 617.33319422453 618.18028846372 619.58008788795 622.96972703262 624.71842935406 624.84813273082 625.41111993295 628.96873006451 691.80361112337 702.01059546176 704.22852222243 718.86380693552 730.82657343209 738.42537581515 740.20853661875","28.78057629023 34.41576033289 47.41765322436 47.64456755205 54.19775960472 2.06984561476 12.08884975923 12.69378536953 13.26341759338 15.16238529528 29.14138049743 34.05101644168 38.10012547316 39.1254487512 39.88989615129 46.92973853223 48.58298742532 49.77468307892 59.09967315783 0.53047007222997 11.3344324326 11.70406285244 13.14070195102 13.80778143033 13.97584637993 24.3436406792 25.51049446471 27.39599225757 28.08973386502 30.55979188279 33.10171160139 33.92289624189 41.30690097496 51.40569068575 53.02207395498 53.69295400958 54.82327660163 56.88808598875 11.37365790264 12.53827202357 14.17963276541 14.55371884061 22.39666438047 23.37192808994 24.33962427605 24.83807824359 27.87265876326 31.7853699711 35.53596985833 36.26681951703 37.77959757641 39.81269963801 40.87962271034 40.89932378246 42.64116236422 43.37027264599 51.65202694729 52.13356099923 10.88975298166 14.26784890977 14.72726403217 16.16118544427 21.6754905823 23.00060611166 24.69058982137 26.72372728599 34.22246954254 35.70890937865 45.95488238045 47.43259947318 47.59360811304 54.26394702102 56.1071724858 0.45014615885998 12.47351904087 14.97443839133 22.86247873356 26.39866677465 29.50846465038 41.33319422453 42.18028846372 43.58008788795 46.96972703262 48.71842935406 48.84813273082 49.41111993295 52.96873006451 0.80361112336993 11.01059546176 13.22852222243 27.86380693552 39.82657343209 47.42537581515 49.20853661875"
General-225-20260718-15:29:47-5193,vector,Florasat_Individual_Sats.satellite[0].dlkDSL.mac,Message Generation Delay for Node 823 at Satellite,,,"29.78057629023 131.16238529528 244.80778143033","28.78057629023 15.16238529528 13.80778143033"
General-225-20260718-15:29:47-5193,vector,Florasat_Individual_Sats.satellite[0].net.packetHandler,packets received,,,"29.78057629023 35.41576033289 43.78569801514 48.41765322436 48.64456755205 55.19775960472 57.73818565825 118.06984561476 128.08884975923 128.69378536953 129.26341759338 131.16238529528 132.52985201989 138.93154764738 139.09977448535 141.19179376232 143.37676902152 145.14138049743 145.53497334224 149.6646690539 150.05101644168 153.89620773927 154.10012547316 155.1254487512 155.88989615129 160.40805876119 161.88192965197 162.92973853223 163.92630949098 164.41471549067 164.58298742532 165.27028402284 165.77468307892 166.40454518039 171.85150196174 175.09967315783 231.53047007223 242.3344324326 242.70406285244 244.14070195102 244.80778143033 244.97584637993 246.37376454024 255.3436406792 256.51049446471 256.6485070966 257.52649130131 258.39599225757 259.08973386502 261.55979188279 264.10171160139 264.92289624189 265.79776807398 267.0657285102 267.76748061579 268.50137560133 269.38666836423 270.65260476589 272.30690097496 275.77533627049 280.42166388191 280.5437580339 280.61660718688 282.03747741918 282.40569068575 283.96162052629 284.02207395498 284.69295400958 285.82327660163 287.25874304928 287.88808598875 357.37365790264 358.53827202357 360.17963276541 360.55371884061 367.8240796164 368.39666438047 369.37192808994 369.56398218535 370.33962427605 370.83807824359 373.87265876326 377.7853699711 377.89130860212 381.53596985833 382.26681951703 383.77959757641 385.81269963801 386.87962271034 386.89932378246 387.82413499005 388.64116236422 389.3432500115 389.37027264599 391.8903809084 391.91893338182 392.61295397388 395.26634671878 396.5606457034 397.65202694729 398.13356099923 400.09690324932 401.94306929683 402.92783474622 471.88975298166 475.26784890977 475.72726403217 477.16118544427 482.6754905823 484.00060611166 485.69058982137 487.72372728599 488.99519084085 494.68935356981 495.22246954254 496.70890937865 496.79160798871 500.05303660821 502.00630933692 506.3273260793 506.95488238045 508.43259947318 508.59360811304 511.08848156961 515.26394702102 515.33240455034 517.1071724858 576.45014615886 588.25446647632 588.47351904087 590.97443839133 598.86247873356 602.34744903788 602.39866677465 605.50846465038 605.54672519158 613.62905752769 615.34624961614 615.42890072943 617.33319422453 618.18028846372 619.58008788795 622.96972703262 624.71842935406 624.84813273082 625.41111993295 626.16516036391 628.1919095951 628.96873006451 629.39148216498 630.06231843287 631.34175192996 633.58604982648 691.80361112337 701.85507240812 702.01059546176 704.22852222243 713.12769484095 718.86380693552 726.34031333 730.82657343209 738.42537581515 740.20853661875 740.48473242175 742.15617556151","1 2 3 4 5 6 7 8 9 10 11 12 13 14 15 16 17 18 19 20 21 22 23 24 25 26 27 28 29 30 31 32 33 34 35 36 37 38 39 40 41 42 43 44 45 46 47 48 49 50 51 52 53 54 55 56 57 58 59 60 61 62 63 64 65 66 67 68 69 70 71 72 73 74 75 76 77 78 79 80 81 82 83 84 85 86 87 88 89 90 91 92 93 94 95 96 97 98 99 100 101 102 103 104 105 106 107 108 109 110 111 112 113 114 115 116 117 118 119 120 121 122 123 124 125 126 127 128 129 130 131 132 133 134 135 136 137 138 139 140 141 142 143 144 145 146 147 148 149 150 151 152 153 154 155 156 157 158 159 160 161 162 163 164 165"
General-225-20260718-15:29:47-5193,vector,Florasat_Individual_Sats.satellite[0].net.packetHandler,dropped unroutable,,,"29.78057629023 35.41576033289 43.78569801514 48.41765322436 48.64456755205 55.19775960472 57.73818565825 118.06984561476 128.08884975923 128.69378536953 129.26341759338 131.16238529528 132.52985201989 138.93154764738 139.09977448535 141.19179376232 143.37676902152 145.14138049743 145.53497334224 149.6646690539 150.05101644168 153.89620773927 154.10012547316 155.1254487512 155.88989615129 160.40805876119 161.88192965197 162.92973853223 163.92630949098 164.41471549067 164.58298742532 165.27028402284 165.77468307892 166.40454518039 171.85150196174 175.09967315783 231.53047007223 242.3344324326 242.70406285244 244.14070195102 244.80778143033 244.97584637993 246.37376454024 255.3436406792 256.51049446471 256.6485070966 257.52649130131 258.39599225757 259.08973386502 261.55979188279 264.10171160139 264.92289624189 265.79776807398 267.0657285102 267.76748061579 268.50137560133 269.38666836423 270.65260476589 272.30690097496 275.77533627049 280.42166388191 280.5437580339 280.61660718688 282.03747741918 282.40569068575 283.96162052629 284.02207395498 284.69295400958 285.82327660163 287.25874304928 287.88808598875 357.37365790264 358.53827202357 360.17963276541 360.55371884061 367.8240796164 368.39666438047 369.37192808994 369.56398218535 370.33962427605 370.83807824359 373.87265876326 377.7853699711 377.89130860212 381.53596985833 382.26681951703 383.77959757641 385.81269963801 386.87962271034 386.89932378246 387.82413499005 388.64116236422 389.3432500115 389.37027264599 391.8903809084 391.91893338182 392.61295397388 395.26634671878 396.5606457034 397.65202694729 398.13356099923 400.09690324932 401.94306929683 402.92783474622 471.88975298166 475.26784890977 475.72726403217 477.16118544427 482.6754905823 484.00060611166 485.69058982137 487.72372728599 488.99519084085 494.68935356981 495.22246954254 496.70890937865 496.79160798871 500.05303660821 502.00630933692 506.3273260793 506.95488238045 508.43259947318 508.59360811304 511.08848156961 515.26394702102 515.33240455034 517.1071724858 576.45014615886 588.25446647632 588.47351904087 590.97443839133 598.86247873356 602.34744903788 602.39866677465 605.50846465038 605.54672519158 613.62905752769 615.34624961614 615.42890072943 617.33319422453 618.18028846372 619.58008788795 622.96972703262 624.71842935406 624.84813273082 625.41111993295 626.16516036391 628.1919095951 628.96873006451 629.39148216498 630.06231843287 631.34175192996 633.58604982648 691.80361112337 701.85507240812 702.01059546176 704.22852222243 713.12769484095 718.86380693552 726.34031333 730.82657343209 738.42537581515 740.20853661875 740.48473242175 742.15617556151","1 2 3 4 5 6 7 8 9 10 11 12 13 14 15 16 17 18 19 20 21 22 23 24 25 26 27 28 29 30 31 32 33 34 35 36 37 38 39 40 41 42 43 44 45 46 47 48 49 50 51 52 53 54 55 56 57 58 59 60 61 62 63 64 65 66 67 68 69 70 71 72 73 74 75 76 77 78 79 80 81 82 83 84 85 86 87 88 89 90 91 92 93 94 95 96 97 98 99 100 101 102 103 104 105 106 107 108 109 110 111 112 113 114 115 116 117 118 119 120 121 122 123 124 125 126 127 128 129 130 131 132 133 134 135 136 137 138 139 140 141 142 143 144 145 146 147 148 149 150 151 152 153 154 155 156 157 158 159 160 161 162 163 164 165"
General-225-20260718-15:29:47-5193,vector,Florasat_Individual_Sats.satellite[0].net.packetHandler,packets dropped,,,"29.78057629023 35.41576033289 43.78569801514 48.41765322436 48.64456755205 55.19775960472 57.73818565825 118.06984561476 128.08884975923 128.69378536953 129.26341759338 131.16238529528 132.52985201989 138.93154764738 139.09977448535 141.19179376232 143.37676902152 145.14138049743 145.53497334224 149.6646690539 150.05101644168 153.89620773927 154.10012547316 155.1254487512 155.88989615129 160.40805876119 161.88192965197 162.92973853223 163.92630949098 164.41471549067 164.58298742532 165.27028402284 165.77468307892 166.40454518039 171.85150196174 175.09967315783 231.53047007223 242.3344324326 242.70406285244 244.14070195102 244.80778143033 244.97584637993 246.37376454024 255.3436406792 256.51049446471 256.6485070966 257.52649130131 258.39599225757 259.08973386502 261.55979188279 264.10171160139 264.92289624189 265.79776807398 267.0657285102 267.76748061579 268.50137560133 269.38666836423 270.65260476589 272.30690097496 275.77533627049 280.42166388191 280.5437580339 280.61660718688 282.03747741918 282.40569068575 283.96162052629 284.02207395498 284.69295400958 285.82327660163 287.25874304928 287.88808598875 357.37365790264 358.53827202357 360.17963276541 360.55371884061 367.8240796164 368.39666438047 369.37192808994 369.56398218535 370.33962427605 370.83807824359 373.87265876326 377.7853699711 377.89130860212 381.53596985833 382.26681951703 383.77959757641 385.81269963801 386.87962271034 386.89932378246 387.82413499005 388.64116236422 389.3432500115 389.37027264599 391.8903809084 391.91893338182 392.61295397388 395.26634671878 396.5606457034 397.65202694729 398.13356099923 400.09690324932 401.94306929683 402.92783474622 471.88975298166 475.26784890977 475.72726403217 477.16118544427 482.6754905823 484.00060611166 485.69058982137 487.72372728599 488.99519084085 494.68935356981 495.22246954254 496.70890937865 496.79160798871 500.05303660821 502.00630933692 506.3273260793 506.95488238045 508.43259947318 508.59360811304 511.08848156961 515.26394702102 515.33240455034 517.1071724858 576.45014615886 588.25446647632 588.47351904087 590.97443839133 598.86247873356 602.34744903788 602.39866677465 605.50846465038 605.54672519158 613.62905752769 615.34624961614 615.42890072943 617.33319422453 618.18028846372 619.58008788795 622.96972703262 624.71842935406 624.84813273082 625.41111993295 626.16516036391 628.1919095951 628.96873006451 629.39148216498 630.06231843287 631.34175192996 633.58604982648 691.80361112337 701.85507240812 702.01059546176 704.22852222243 713.12769484095 718.86380693552 726.34031333 730.82657343209 738.42537581515 740.20853661875 740.48473242175 742.15617556151","1 2 3 4 5 6 7 8 9 10 11 12 13 14 15 16 17 18 19 20 21 22 23 24 25 26 27 28 29 30 31 32 33 34 35 36 37 38 39 40 41 42 43 44 45 46 47 48 49 50 51 52 53 54 55 56 57 58 59 60 61 62 63 64 65 66 67 68 69 70 71 72 73 74 75 76 77 78 79 80 81 82 83 84 85 86 87 88 89 90 91 92 93 94 95 96 97 98 99 100 101 102 103 104 105 106 107 108 109 110 111 112 113 114 115 116 117 118 119 120 121 122 123 124 125 126 127 128 129 130 131 132 133 134 135 136 137 138 139 140 141 142 143 144 145 146 147 148 149 150 151 152 153 154 155 156 157 158 159 160 161 162 163 164 165"
General-225-20260718-15:29:47-5193,vector,Florasat_Individual_Sats.satellite[0].dlkDSL.mac,Repetition Position for Node 88 at Satellite,,,"35.41576033289 155.1254487512 165.27028402284 284.69295400958 397.65202694729","180 180 180 180 180"
General-225-20260718-15:29:47-5193,vector,Florasat_Individual_Sats.satellite[0].dlkDSL.mac,Repetition Generation Delay for Node 88 at Satellite,,,"35.41576033289 155.1254487512 165.27028402284 284.69295400958 397.65202694729","34.41576033289 39.1254487512 49.27028402284 53.69295400958 51.65202694729"
General-225-20260718-15:29:47-5193,vector,Florasat_Individual_Sats.satellite[0].dlkDSL.mac,Message Generation Delay for Node 88 at Satellite,,,"35.41576033289 155.1254487512 284.69295400958 397.65202694729","34.41576033289 39.1254487512 53.69295400958 51.65202694729"
General-225-20260718-15:29:47-5193,vector,Florasat_Individual_Sats.satellite[0].dlkDSL.mac,Repetition Position for Node 538 at Satellite,,,"48.41765322436 258.39599225757 268.50137560133 360.17963276541 389.3432500115","180 180 180 180 180"
General-225-20260718-15:29:47-5193,vector,Florasat_Individual_Sats.satellite[0].dlkDSL.mac,Repetition Generation Delay for Node 538 at Satellite,,,"48.41765322436 258.39599225757 268.50137560133 360.17963276541 389.3432500115","47.41765322436 27.39599225757 37.50137560133 14.17963276541 43.3432500115"
General-225-20260718-15:29:47-5193,vector,Florasat_Individual_Sats.satellite[0].dlkDSL.mac,Message Generation Delay for Node 538 at Satellite,,,"48.41765322436 258.39599225757 360.17963276541","47.41765322436 27.39599225757 14.17963276541"
General-225-20260718-15:29:47-5193,vector,Florasat_Individual_Sats.satellite[0].dlkDSL.mac,Repetition Position for Node 373 at Satellite,,,"48.64456755205 118.06984561476 132.52985201989 145.53497334224 160.40805876119 171.85150196174","180 180 180 180 180 180"
General-225-20260718-15:29:47-5193,vector,Florasat_Individual_Sats.satellite[0].dlkDSL.mac,Repetition Generation Delay for Node 373 at Satellite,,,"48.64456755205 118.06984561476 132.52985201989 145.53497334224 160.40805876119 171.85150196174","47.64456755205 2.06984561476 16.52985201989 29.53497334224 44.40805876119 55.85150196174"
General-225-20260718-15:29:47-5193,vector,Florasat_Individual_Sats.satellite[0].dlkDSL.mac,Message Generation Delay for Node 373 at Satellite,,,"48.64456755205 118.06984561476","47.64456755205 2.06984561476"
General-225-20260718-15:29:47-5193,vector,Florasat_Individual_Sats.satellite[0].dlkDSL.mac,Repetition Position for Node 808 at Satellite,,,"55.19775960472 129.26341759338 141.19179376232 163.92630949098 242.3344324326 280.42166388191","180 180 180 180 180 180"
General-225-20260718-15:29:47-5193,vector,Florasat_Individual_Sats.satellite[0].dlkDSL.mac,Repetition Generation Delay for Node 808 at Satellite,,,"55.19775960472 129.26341759338 141.19179376232 163.92630949098 242.3344324326 280.42166388191","54.19775960472 13.26341759338 25.19179376232 47.92630949098 11.3344324326 49.42166388191"
General-225-20260718-15:29:47-5193,vector,Florasat_Individual_Sats.satellite[0].dlkDSL.mac,Message Generation Delay for Node 808 at Satellite,,,"55.19775960472 129.26341759338 242.3344324326","54.19775960472 13.26341759338 11.3344324326"
General-225-20260718-15:29:47-5193,vector,Florasat_Individual_Sats.satellite[0].dlkDSL.mac,Repetition Position for Node 793 at Satellite,,,"128.08884975923 138.93154764738 149.6646690539 261.55979188279 275.77533627049","180 180 180 180 180"
General-225-20260718-15:29:47-5193,vector,Florasat_Individual_Sats.satellite[0].dlkDSL.mac,Repetition Generation Delay for Node 793 at Satellite,,,"128.08884975923 138.93154764738 149.6646690539 261.55979188279 275.77533627049","12.08884975923 22.93154764738 33.6646690539 30.55979188279 44.77533627049"
General-225-20260718-15:29:47-5193,vector,Florasat_Individual_Sats.satellite[0].dlkDSL.mac,Message Generation Delay for Node 793 at Satellite,,,"128.08884975923 261.55979188279","12.08884975923 30.55979188279"
General-225-20260718-15:29:47-5193,vector,Florasat_Individual_Sats.satellite[0].dlkDSL.mac,Repetition Position for Node 358 at Satellite,,,"128.69378536953 139.09977448535 166.40454518039 242.70406285244 265.79776807398 280.5437580339","180 180 180 180 180 180"
General-225-20260718-15:29:47-5193,vector,Florasat_Individual_Sats.satellite[0].dlkDSL.mac,Repetition Generation Delay for Node 358 at Satellite,,,"128.69378536953 139.09977448535 166.40454518039 242.70406285244 265.79776807398 280.5437580339","12.69378536953 23.09977448535 50.40454518039 11.70406285244 34.79776807398 49.5437580339"
General-225-20260718-15:29:47-5193,vector,Florasat_Individual_Sats.satellite[0].dlkDSL.mac,Message Generation Delay for Node 358 at Satellite,,,"128.69378536953 242.70406285244","12.69378536953 11.70406285244"
General-225-20260718-15:29:47-5193,vector,Florasat_Individual_Sats.satellite[0].dlkDSL.mac,Repetition Position for Node 343 at Satellite,,,"145.14138049743 256.51049446471 270.65260476589 282.03747741918 386.87962271034","180 180 180 180 180"
General-225-20260718-15:29:47-5193,vector,Florasat_Individual_Sats.satellite[0].dlkDSL.mac,Repetition Generation Delay for Node 343 at Satellite,,,"145.14138049743 256.51049446471 270.65260476589 282.03747741918 386.87962271034","29.14138049743 25.51049446471 39.65260476589 51.03747741918 40.87962271034"
General-225-20260718-15:29:47-5193,vector,Florasat_Individual_Sats.satellite[0].dlkDSL.mac,Message Generation Delay for Node 343 at Satellite,,,"145.14138049743 256.51049446471 386.87962271034","29.14138049743 25.51049446471 40.87962271034"
General-225-20260718-15:29:47-5193,vector,Florasat_Individual_Sats.satellite[0].dlkDSL.mac,Repetition Position for Node 778 at Satellite,,,"150.05101644168 161.88192965197 272.30690097496","180 180 180"
General-225-20260718-15:29:47-5193,vector,Florasat_Individual_Sats.satellite[0].dlkDSL.mac,Repetition Generation Delay for Node 778 at Satellite,,,"150.05101644168 161.88192965197 272.30690097496","34.05101644168 45.88192965197 41.30690097496"
General-225-20260718-15:29:47-5193,vector,Florasat_Individual_Sats.satellite[0].dlkDSL.mac,Message Generation Delay for Node 778 at Satellite,,,"150.05101644168 272.30690097496","34.05101644168 41.30690097496"
General-225-20260718-15:29:47-5193,vector,Florasat_Individual_Sats.satellite[0].dlkDSL.mac,Repetition Position for Node 103 at Satellite,,,"154.10012547316 244.97584637993 287.25874304928 369.37192808994 396.5606457034 471.88975298166","180 180 180 180 180 180"
General-225-20260718-15:29:47-5193,vector,Florasat_Individual_Sats.satellite[0].dlkDSL.mac,Repetition Generation Delay for Node 103 at Satellite,,,"154.10012547316 244.97584637993 287.25874304928 369.37192808994 396.5606457034 471.88975298166","38.10012547316 13.97584637993 56.25874304928 23.37192808994 50.5606457034 10.88975298166"
General-225-20260718-15:29:47-5193,vector,Florasat_Individual_Sats.satellite[0].dlkDSL.mac,Message Generation Delay for Node 103 at Satellite,,,"154.10012547316 244.97584637993 369.37192808994 471.88975298166","38.10012547316 13.97584637993 23.37192808994 10.88975298166"
General-225-20260718-15:29:47-5193,vector,Florasat_Individual_Sats.satellite[0].dlkDSL.mac,Repetition Position for Node 133 at Satellite,,,"155.88989615129","180"
General-225-20260718-15:29:47-5193,vector,Florasat_Individual_Sats.satellite[0].dlkDSL.mac,Repetition Generation Delay for Node 133 at Satellite,,,"155.88989615129","39.88989615129"
General-225-20260718-15:29:47-5193,vector,Florasat_Individual_Sats.satellite[0].dlkDSL.mac,Message Generation Delay for Node 133 at Satellite,,,"155.88989615129","39.88989615129"
General-225-20260718-15:29:47-5193,vector,Florasat_Individual_Sats.satellite[0].dlkDSL.mac,Repetition Position for Node 748 at Satellite,,,"162.92973853223 287.88808598875 370.83807824359 482.6754905823 494.68935356981 506.3273260793","180 180 180 180 180 180"
General-225-20260718-15:29:47-5193,vector,Florasat_Individual_Sats.satellite[0].dlkDSL.mac,Repetition Generation Delay for Node 748 at Satellite,,,"162.92973853223 287.88808598875 370.83807824359 482.6754905823 494.68935356981 506.3273260793","46.92973853223 56.88808598875 24.83807824359 21.6754905823 33.68935356981 45.3273260793"
General-225-20260718-15:29:47-5193,vector,Florasat_Individual_Sats.satellite[0].dlkDSL.mac,Message Generation Delay for Node 748 at Satellite,,,"162.92973853223 287.88808598875 370.83807824359 482.6754905823","46.92973853223 56.88808598875 24.83807824359 21.6754905823"
General-225-20260718-15:29:47-5193,vector,Florasat_Individual_Sats.satellite[0].dlkDSL.mac,Repetition Position for Node 568 at Satellite,,,"164.58298742532","180"
General-225-20260718-15:29:47-5193,vector,Florasat_Individual_Sats.satellite[0].dlkDSL.mac,Repetition Generation Delay for Node 568 at Satellite,,,"164.58298742532","48.58298742532"
General-225-20260718-15:29:47-5193,vector,Florasat_Individual_Sats.satellite[0].dlkDSL.mac,Message Generation Delay for Node 568 at Satellite,,,"164.58298742532","48.58298742532"
General-225-20260718-15:29:47-5193,vector,Florasat_Individual_Sats.satellite[0].dlkDSL.mac,Repetition Position for Node 388 at Satellite,,,"165.77468307892 231.53047007223 246.37376454024 257.52649130131 269.38666836423 388.64116236422 401.94306929683","180 180 180 180 180 180 180"
General-225-20260718-15:29:47-5193,vector,Florasat_Individual_Sats.satellite[0].dlkDSL.mac,Repetition Generation Delay for Node 388 at Satellite,,,"165.77468307892 231.53047007223 246.37376454024 257.52649130131 269.38666836423 388.64116236422 401.94306929683","49.77468307892 0.53047007222997 15.37376454024 26.52649130131 38.38666836423 42.64116236422 55.94306929683"
General-225-20260718-15:29:47-5193,vector,Florasat_Individual_Sats.satellite[0].dlkDSL.mac,Message Generation Delay for Node 388 at Satellite,,,"165.77468307892 231.53047007223 388.64116236422","49.77468307892 0.53047007222997 42.64116236422"
General-225-20260718-15:29:47-5193,vector,Florasat_Individual_Sats.satellite[0].dlkDSL.mac,Repetition Position for Node 298 at Satellite,,,"175.09967315783 389.37027264599","180 180"
General-225-20260718-15:29:47-5193,vector,Florasat_Individual_Sats.satellite[0].dlkDSL.mac,Repetition Generation Delay for Node 298 at Satellite,,,"175.09967315783 389.37027264599","59.09967315783 43.37027264599"
General-225-20260718-15:29:47-5193,vector,Florasat_Individual_Sats.satellite[0].dlkDSL.mac,Message Generation Delay for Node 298 at Satellite,,,"175.09967315783 389.37027264599","59.09967315783 43.37027264599"
General-225-20260718-15:29:47-5193,vector,Florasat_Individual_Sats.satellite[0].dlkDSL.mac,Repetition Position for Node 673 at Satellite,,,"244.14070195102 256.6485070966 267.76748061579 280.61660718688 381.53596985833","180 180 180 180 180"
General-225-20260718-15:29:47-5193,vector,Florasat_Individual_Sats.satellite[0].dlkDSL.mac,Repetition Generation Delay for Node 673 at Satellite,,,"244.14070195102 256.6485070966 267.76748061579 280.61660718688 381.53596985833","13.14070195102 25.6485070966 36.76748061579 49.61660718688 35.53596985833"
General-225-20260718-15:29:47-5193,vector,Florasat_Individual_Sats.satellite[0].dlkDSL.mac,Message Generation Delay for Node 673 at Satellite,,,"244.14070195102 381.53596985833","13.14070195102 35.53596985833"
General-225-20260718-15:29:47-5193,vector,Florasat_Individual_Sats.satellite[0].dlkDSL.mac,Repetition Position for Node 868 at Satellite,,,"255.3436406792 267.0657285102 385.81269963801 400.09690324932 475.72726403217 628.96873006451","180 180 180 180 180 180"
General-225-20260718-15:29:47-5193,vector,Florasat_Individual_Sats.satellite[0].dlkDSL.mac,Repetition Generation Delay for Node 868 at Satellite,,,"255.3436406792 267.0657285102 385.81269963801 400.09690324932 475.72726403217 628.96873006451","24.3436406792 36.0657285102 39.81269963801 54.09690324932 14.72726403217 52.96873006451"
General-225-20260718-15:29:47-5193,vector,Florasat_Individual_Sats.satellite[0].dlkDSL.mac,Message Generation Delay for Node 868 at Satellite,,,"255.3436406792 385.81269963801 475.72726403217 628.96873006451","24.3436406792 39.81269963801 14.72726403217 52.96873006451"
General-225-20260718-15:29:47-5193,vector,Florasat_Individual_Sats.satellite[0].dlkDSL.mac,Repetition Position for Node 253 at Satellite,,,"259.08973386502 283.96162052629 368.39666438047","180 180 180"
General-225-20260718-15:29:47-5193,vector,Florasat_Individual_Sats.satellite[0].dlkDSL.mac,Repetition Generation Delay for Node 253 at Satellite,,,"259.08973386502 283.96162052629 368.39666438047","28.08973386502 52.96162052629 22.39666438047"
General-225-20260718-15:29:47-5193,vector,Florasat_Individual_Sats.satellite[0].dlkDSL.mac,Message Generation Delay for Node 253 at Satellite,,,"259.08973386502 368.39666438047","28.08973386502 22.39666438047"
General-225-20260718-15:29:47-5193,vector,Florasat_Individual_Sats.satellite[0].dlkDSL.mac,Repetition Position for Node 268 at Satellite,,,"264.10171160139 382.26681951703 395.26634671878 506.95488238045 618.18028846372 631.34175192996","180 180 180 180 180 180"
General-225-20260718-15:29:47-5193,vector,Florasat_Individual_Sats.satellite[0].dlkDSL.mac,Repetition Generation Delay for Node 268 at Satellite,,,"264.10171160139 382.26681951703 395.26634671878 506.95488238045 618.18028846372 631.34175192996","33.10171160139 36.26681951703 49.26634671878 45.95488238045 42.18028846372 55.34175192996"
General-225-20260718-15:29:47-5193,vector,Florasat_Individual_Sats.satellite[0].dlkDSL.mac,Message Generation Delay for Node 268 at Satellite,,,"264.10171160139 382.26681951703 506.95488238045 618.18028846372","33.10171160139 36.26681951703 45.95488238045 42.18028846372"
General-225-20260718-15:29:47-5193,vector,Florasat_Individual_Sats.satellite[0].dlkDSL.mac,Repetition Position for Node 313 at Satellite,,,"264.92289624189","180"
General-225-20260718-15:29:47-5193,vector,Florasat_Individual_Sats.satellite[0].dlkDSL.mac,Repetition Generation Delay for Node 313 at Satellite,,,"264.92289624189","33.92289624189"
General-225-20260718-15:29:47-5193,vector,Florasat_Individual_Sats.satellite[0].dlkDSL.mac,Message Generation Delay for Node 313 at Satellite,,,"264.92289624189","33.92289624189"
General-225-20260718-15:29:47-5193,vector,Florasat_Individual_Sats.satellite[0].dlkDSL.mac,Repetition Position for Node 838 at Satellite,,,"282.40569068575 358.53827202357 369.56398218535","180 180 180"
General-225-20260718-15:29:47-5193,vector,Florasat_Individual_Sats.satellite[0].dlkDSL.mac,Repetition Generation Delay for Node 838 at Satellite,,,"282.40569068575 358.53827202357 369.56398218535","51.40569068575 12.53827202357 23.56398218535"
General-225-20260718-15:29:47-5193,vector,Florasat_Individual_Sats.satellite[0].dlkDSL.mac,Message Generation Delay for Node 838 at Satellite,,,"282.40569068575 358.53827202357","51.40569068575 12.53827202357"
General-225-20260718-15:29:47-5193,vector,Florasat_Individual_Sats.satellite[0].dlkDSL.mac,Repetition Position for Node 763 at Satellite,,,"284.02207395498 357.37365790264 367.8240796164 377.89130860212 392.61295397388","180 180 180 180 180"
General-225-20260718-15:29:47-5193,vector,Florasat_Individual_Sats.satellite[0].dlkDSL.mac,Repetition Generation Delay for Node 763 at Satellite,,,"284.02207395498 357.37365790264 367.8240796164 377.89130860212 392.61295397388","53.02207395498 11.37365790264 21.8240796164 31.89130860212 46.61295397388"
General-225-20260718-15:29:47-5193,vector,Florasat_Individual_Sats.satellite[0].dlkDSL.mac,Message Generation Delay for Node 763 at Satellite,,,"284.02207395498 357.37365790264","53.02207395498 11.37365790264"
General-225-20260718-15:29:47-5193,vector,Florasat_Individual_Sats.satellite[0].dlkDSL.mac,Repetition Position for Node 418 at Satellite,,,"285.82327660163 370.33962427605 391.8903809084","180 180 180"
General-225-20260718-15:29:47-5193,vector,Florasat_Individual_Sats.satellite[0].dlkDSL.mac,Repetition Generation Delay for Node 418 at Satellite,,,"285.82327660163 370.33962427605 391.8903809084","54.82327660163 24.33962427605 45.8903809084"
General-225-20260718-15:29:47-5193,vector,Florasat_Individual_Sats.satellite[0].dlkDSL.mac,Message Generation Delay for Node 418 at Satellite,,,"285.82327660163 370.33962427605","54.82327660163 24.33962427605"
General-225-20260718-15:29:47-5193,vector,Florasat_Individual_Sats.satellite[0].dlkDSL.mac,Repetition Position for Node 703 at Satellite,,,"360.55371884061 487.72372728599","180 180"
General-225-20260718-15:29:47-5193,vector,Florasat_Individual_Sats.satellite[0].dlkDSL.mac,Repetition Generation Delay for Node 703 at Satellite,,,"360.55371884061 487.72372728599","14.55371884061 26.72372728599"
General-225-20260718-15:29:47-5193,vector,Florasat_Individual_Sats.satellite[0].dlkDSL.mac,Message Generation Delay for Node 703 at Satellite,,,"360.55371884061 487.72372728599","14.55371884061 26.72372728599"
General-225-20260718-15:29:47-5193,vector,Florasat_Individual_Sats.satellite[0].dlkDSL.mac,Repetition Position for Node 283 at Satellite,,,"373.87265876326 387.82413499005 475.26784890977 488.99519084085 502.00630933692 515.33240455034","180 180 180 180 180 180"
General-225-20260718-15:29:47-5193,vector,Florasat_Individual_Sats.satellite[0].dlkDSL.mac,Repetition Generation Delay for Node 283 at Satellite,,,"373.87265876326 387.82413499005 475.26784890977 488.99519084085 502.00630933692 515.33240455034","27.87265876326 41.82413499005 14.26784890977 27.99519084085 41.00630933692 54.33240455034"
General-225-20260718-15:29:47-5193,vector,Florasat_Individual_Sats.satellite[0].dlkDSL.mac,Message Generation Delay for Node 283 at Satellite,,,"373.87265876326 475.26784890977","27.87265876326 14.26784890977"
General-225-20260718-15:29:47-5193,vector,Florasat_Individual_Sats.satellite[0].dlkDSL.mac,Repetition Position for Node 598 at Satellite,,,"377.7853699711 391.91893338182 402.92783474622","180 180 180"
General-225-20260718-15:29:47-5193,vector,Florasat_Individual_Sats.satellite[0].dlkDSL.mac,Repetition Generation Delay for Node 598 at Satellite,,,"377.7853699711 391.91893338182 402.92783474622","31.7853699711 45.91893338182 56.92783474622"
General-225-20260718-15:29:47-5193,vector,Florasat_Individual_Sats.satellite[0].dlkDSL.mac,Message Generation Delay for Node 598 at Satellite,,,"377.7853699711","31.7853699711"
General-225-20260718-15:29:47-5193,vector,Florasat_Individual_Sats.satellite[0].dlkDSL.mac,Repetition Position for Node 118 at Satellite,,,"383.77959757641","180"
General-225-20260718-15:29:47-5193,vector,Florasat_Individual_Sats.satellite[0].dlkDSL.mac,Repetition Generation Delay for Node 118 at Satellite,,,"383.77959757641","37.77959757641"
General-225-20260718-15:29:47-5193,vector,Florasat_Individual_Sats.satellite[0].dlkDSL.mac,Message Generation Delay for Node 118 at Satellite,,,"383.77959757641","37.77959757641"
General-225-20260718-15:29:47-5193,vector,Florasat_Individual_Sats.satellite[0].dlkDSL.mac,Repetition Position for Node 688 at Satellite,,,"386.89932378246","180"
General-225-20260718-15:29:47-5193,vector,Florasat_Individual_Sats.satellite[0].dlkDSL.mac,Repetition Generation Delay for Node 688 at Satellite,,,"386.89932378246","40.89932378246"
General-225-20260718-15:29:47-5193,vector,Florasat_Individual_Sats.satellite[0].dlkDSL.mac,Message Generation Delay for Node 688 at Satellite,,,"386.89932378246","40.89932378246"
General-225-20260718-15:29:47-5193,vector,Florasat_Individual_Sats.satellite[0].dlkDSL.mac,Repetition Position for Node 148 at Satellite,,,"398.13356099923 485.69058982137 500.05303660821 625.41111993295 704.22852222243","180 180 180 180 180"
General-225-20260718-15:29:47-5193,vector,Florasat_Individual_Sats.satellite[0].dlkDSL.mac,Repetition Generation Delay for Node 148 at Satellite,,,"398.13356099923 485.69058982137 500.05303660821 625.41111993295 704.22852222243","52.13356099923 24.69058982137 39.05303660821 49.41111993295 13.22852222243"
General-225-20260718-15:29:47-5193,vector,Florasat_Individual_Sats.satellite[0].dlkDSL.mac,Message Generation Delay for Node 148 at Satellite,,,"398.13356099923 485.69058982137 625.41111993295 704.22852222243","52.13356099923 24.69058982137 49.41111993295 13.22852222243"
General-225-20260718-15:29:47-5193,vector,Florasat_Individual_Sats.satellite[0].dlkDSL.mac,Repetition Position for Node 193 at Satellite,,,"477.16118544427 590.97443839133 605.54672519158 628.1919095951","180 180 180 180"
General-225-20260718-15:29:47-5193,vector,Florasat_Individual_Sats.satellite[0].dlkDSL.mac,Repetition Generation Delay for Node 193 at Satellite,,,"477.16118544427 590.97443839133 605.54672519158 628.1919095951","16.16118544427 14.97443839133 29.54672519158 52.1919095951"
General-225-20260718-15:29:47-5193,vector,Florasat_Individual_Sats.satellite[0].dlkDSL.mac,Message Generation Delay for Node 193 at Satellite,,,"477.16118544427 590.97443839133","16.16118544427 14.97443839133"
General-225-20260718-15:29:47-5193,vector,Florasat_Individual_Sats.satellite[0].dlkDSL.mac,Repetition Position for Node 628 at Satellite,,,"484.00060611166 496.79160798871 511.08848156961 576.45014615886 588.25446647632 602.34744903788 613.62905752769 702.01059546176 713.12769484095 726.34031333 740.48473242175","180 180 180 180 180 180 180 180 180 180 180"
General-225-20260718-15:29:47-5193,vector,Florasat_Individual_Sats.satellite[0].dlkDSL.mac,Repetition Generation Delay for Node 628 at Satellite,,,"484.00060611166 496.79160798871 511.08848156961 576.45014615886 588.25446647632 602.34744903788 613.62905752769 702.01059546176 713.12769484095 726.34031333 740.48473242175","23.00060611166 35.79160798871 50.08848156961 0.45014615885998 12.25446647632 26.34744903788 37.62905752769 11.01059546176 22.12769484095 35.34031333 49.48473242175"
General-225-20260718-15:29:47-5193,vector,Florasat_Individual_Sats.satellite[0].dlkDSL.mac,Message Generation Delay for Node 628 at Satellite,,,"484.00060611166 576.45014615886 702.01059546176","23.00060611166 0.45014615885998 11.01059546176"
General-225-20260718-15:29:47-5193,vector,Florasat_Individual_Sats.satellite[0].dlkDSL.mac,Repetition Position for Node 553 at Satellite,,,"495.22246954254","180"
General-225-20260718-15:29:47-5193,vector,Florasat_Individual_Sats.satellite[0].dlkDSL.mac,Repetition Generation Delay for Node 553 at Satellite,,,"495.22246954254","34.22246954254"
General-225-20260718-15:29:47-5193,vector,Florasat_Individual_Sats.satellite[0].dlkDSL.mac,Message Generation Delay for Node 553 at Satellite,,,"495.22246954254","34.22246954254"
General-225-20260718-15:29:47-5193,vector,Florasat_Individual_Sats.satellite[0].dlkDSL.mac,Repetition Position for Node 583 at Satellite,,,"496.70890937865 624.71842935406","180 180"
General-225-20260718-15:29:47-5193,vector,Florasat_Individual_Sats.satellite[0].dlkDSL.mac,Repetition Generation Delay for Node 583 at Satellite,,,"496.70890937865 624.71842935406","35.70890937865 48.71842935406"
General-225-20260718-15:29:47-5193,vector,Florasat_Individual_Sats.satellite[0].dlkDSL.mac,Message Generation Delay for Node 583 at Satellite,,,"496.70890937865 624.71842935406","35.70890937865 48.71842935406"
General-225-20260718-15:29:47-5193,vector,Florasat_Individual_Sats.satellite[0].dlkDSL.mac,Repetition Position for Node 733 at Satellite,,,"508.43259947318 691.80361112337 701.85507240812","180 180 180"
General-225-20260718-15:29:47-5193,vector,Florasat_Individual_Sats.satellite[0].dlkDSL.mac,Repetition Generation Delay for Node 733 at Satellite,,,"508.43259947318 691.80361112337 701.85507240812","47.43259947318 0.80361112336993 10.85507240812"
General-225-20260718-15:29:47-5193,vector,Florasat_Individual_Sats.satellite[0].dlkDSL.mac,Message Generation Delay for Node 733 at Satellite,,,"508.43259947318 691.80361112337","47.43259947318 0.80361112336993"
General-225-20260718-15:29:47-5193,vector,Florasat_Individual_Sats.satellite[0].dlkDSL.mac,Repetition Position for Node 328 at Satellite,,,"508.59360811304","180"
General-225-20260718-15:29:47-5193,vector,Florasat_Individual_Sats.satellite[0].dlkDSL.mac,Repetition Generation Delay for Node 328 at Satellite,,,"508.59360811304","47.59360811304"
General-225-20260718-15:29:47-5193,vector,Florasat_Individual_Sats.satellite[0].dlkDSL.mac,Message Generation Delay for Node 328 at Satellite,,,"508.59360811304","47.59360811304"
General-225-20260718-15:29:47-5193,vector,Florasat_Individual_Sats.satellite[0].dlkDSL.mac,Repetition Position for Node 928 at Satellite,,,"515.26394702102 602.39866677465 615.42890072943 630.06231843287 718.86380693552 742.15617556151","180 180 180 180 180 180"
General-225-20260718-15:29:47-5193,vector,Florasat_Individual_Sats.satellite[0].dlkDSL.mac,Repetition Generation Delay for Node 928 at Satellite,,,"515.26394702102 602.39866677465 615.42890072943 630.06231843287 718.86380693552 742.15617556151","54.26394702102 26.39866677465 39.42890072943 54.06231843287 27.86380693552 51.15617556151"
General-225-20260718-15:29:47-5193,vector,Florasat_Individual_Sats.satellite[0].dlkDSL.mac,Message Generation Delay for Node 928 at Satellite,,,"515.26394702102 602.39866677465 718.86380693552","54.26394702102 26.39866677465 27.86380693552"
General-225-20260718-15:29:47-5193,vector,Florasat_Individual_Sats.satellite[0].dlkDSL.mac,Repetition Position for Node 658 at Satellite,,,"517.1071724858 624.84813273082 730.82657343209","180 180 180"
General-225-20260718-15:29:47-5193,vector,Florasat_Individual_Sats.satellite[0].dlkDSL.mac,Repetition Generation Delay for Node 658 at Satellite,,,"517.1071724858 624.84813273082 730.82657343209","56.1071724858 48.84813273082 39.82657343209"
General-225-20260718-15:29:47-5193,vector,Florasat_Individual_Sats.satellite[0].dlkDSL.mac,Message Generation Delay for Node 658 at Satellite,,,"517.1071724858 624.84813273082 730.82657343209","56.1071724858 48.84813273082 39.82657343209"
General-225-20260718-15:29:47-5193,vector,Florasat_Individual_Sats.satellite[0].dlkDSL.mac,Repetition Position for Node 178 at Satellite,,,"588.47351904087 615.34624961614 626.16516036391 740.20853661875","180 180 180 180"
General-225-20260718-15:29:47-5193,vector,Florasat_Individual_Sats.satellite[0].dlkDSL.mac,Repetition Generation Delay for Node 178 at Satellite,,,"588.47351904087 615.34624961614 626.16516036391 740.20853661875","12.47351904087 39.34624961614 50.16516036391 49.20853661875"
General-225-20260718-15:29:47-5193,vector,Florasat_Individual_Sats.satellite[0].dlkDSL.mac,Message Generation Delay for Node 178 at Satellite,,,"588.47351904087 740.20853661875","12.47351904087 49.20853661875"
General-225-20260718-15:29:47-5193,vector,Florasat_Individual_Sats.satellite[0].dlkDSL.mac,Repetition Position for Node 883 at Satellite,,,"598.86247873356","180"
General-225-20260718-15:29:47-5193,vector,Florasat_Individual_Sats.satellite[0].dlkDSL.mac,Repetition Generation Delay for Node 883 at Satellite,,,"598.86247873356","22.86247873356"
General-225-20260718-15:29:47-5193,vector,Florasat_Individual_Sats.satellite[0].dlkDSL.mac,Message Generation Delay for Node 883 at Satellite,,,"598.86247873356","22.86247873356"
General-225-20260718-15:29:47-5193,vector,Florasat_Individual_Sats.satellite[0].dlkDSL.mac,Repetition Position for Node 913 at Satellite,,,"605.50846465038","180"
General-225-20260718-15:29:47-5193,vector,Florasat_Individual_Sats.satellite[0].dlkDSL.mac,Repetition Generation Delay for Node 913 at Satellite,,,"605.50846465038","29.50846465038"
General-225-20260718-15:29:47-5193,vector,Florasat_Individual_Sats.satellite[0].dlkDSL.mac,Message Generation Delay for Node 913 at Satellite,,,"605.50846465038","29.50846465038"
General-225-20260718-15:29:47-5193,vector,Florasat_Individual_Sats.satellite[0].dlkDSL.mac,Repetition Position for Node 613 at Satellite,,,"617.33319422453 629.39148216498 738.42537581515","180 180 180"
General-225-20260718-15:29:47-5193,vector,Florasat_Individual_Sats.satellite[0].dlkDSL.mac,Repetition Generation Delay for Node 613 at Satellite,,,"617.33319422453 629.39148216498 738.42537581515","41.33319422453 53.39148216498 47.42537581515"
General-225-20260718-15:29:47-5193,vector,Florasat_Individual_Sats.satellite[0].dlkDSL.mac,Message Generation Delay for Node 613 at Satellite,,,"617.33319422453 738.42537581515","41.33319422453 47.42537581515"
General-225-20260718-15:29:47-5193,vector,Florasat_Individual_Sats.satellite[0].dlkDSL.mac,Repetition Position for Node 508 at Satellite,,,"619.58008788795 633.58604982648","180 180"
General-225-20260718-15:29:47-5193,vector,Florasat_Individual_Sats.satellite[0].dlkDSL.mac,Repetition Generation Delay for Node 508 at Satellite,,,"619.58008788795 633.58604982648","43.58008788795 57.58604982648"
General-225-20260718-15:29:47-5193,vector,Florasat_Individual_Sats.satellite[0].dlkDSL.mac,Message Generation Delay for Node 508 at Satellite,,,"619.58008788795","43.58008788795"
General-225-20260718-15:29:47-5193,vector,Florasat_Individual_Sats.satellite[0].dlkDSL.mac,Repetition Position for Node 718 at Satellite,,,"622.96972703262","180"
General-225-20260718-15:29:47-5193,vector,Florasat_Individual_Sats.satellite[0].dlkDSL.mac,Repetition Generation Delay for Node 718 at Satellite,,,"622.96972703262","46.96972703262"
General-225-20260718-15:29:47-5193,vector,Florasat_Individual_Sats.satellite[0].dlkDSL.mac,Message Generation Delay for Node 718 at Satellite,,,"622.96972703262","46.96972703262"
