pid,time,srcId,dstId,srcSat,dstSat,latDev,longDev,loraTP,loraCF,loraSF,loraBW,loraCR,satId,elevSat,doppler,rcvOk,minPowerdBm,sensitivitydBm,duration
30372, 1.44908, 20, -1,-1,-1,39.7553,-9.35268,0.019953,8.68e+08,10,125000,1,0,-12.0526,19574.8,0,-139.307,-133,0.436224
30389, 1.58895, 48, -1,-1,-1,56.6076,12.8569,0.015849,8.68e+08,10,125000,1,0,3.67971,15910.6,0,-135.214,-133,0.436224
30391, 1.61401, 40, -1,-1,-1,59.1236,25.6898,0.015849,8.68e+08,10,125000,1,0,6.28251,10454.4,0,-134.362,-133,0.436224
30423, 1.76338, 57, -1,-1,-1,36.1272,33.7657,0.019953,8.68e+08,10,125000,1,0,-14.2829,8671.15,0,-139.953,-133,0.436224
30425, 1.77915, 51, -1,-1,-1,42.2294,28.194,0.015849,8.68e+08,10,125000,1,0,-9.68354,10579.6,0,-139.59,-133,0.436224
30432, 1.80757, 14, -1,-1,-1,53.9616,-4.16799,0.025119,8.68e+08,10,125000,1,0,-0.107885,19764.7,0,-134.476,-133,0.436224
30439, 1.85163, 41, -1,-1,-1,57.7942,23.9073,0.019953,8.68e+08,10,125000,1,0,4.76969,11432.3,0,-133.855,-133,0.436224
30451, 1.91803, 25, -1,-1,-1,47.4666,6.98245,0.025119,8.68e+08,10,125000,1,0,-5.29331,17412.7,0,-136.194,-133,0.436224
30458, 1.98332, 29, -1,-1,-1,51.2316,20.2503,0.019953,8.68e+08,11,125000,1,0,-1.97591,13344.3,0,-136.099,-135,0.790528
30460, 2.02186, 36, -1,-1,-1,42.8721,21.2682,0.025119,8.68e+08,11,125000,1,0,-8.94172,13064.6,0,-137.359,-135,0.790528
30462, 2.10534, 23, -1,-1,-1,52.3551,9.17867,0.015849,8.68e+08,11,125000,1,0,-0.869624,17003.4,0,-136.73,-135,0.790528
30464, 2.125, 30, -1,-1,-1,50.4166,22.3874,0.025119,8.68e+08,10,125000,1,0,-2.7789,12537.1,0,-135.366,-133,0.436224
30466, 2.16788, 35, -1,-1,-1,44.8964,23.9506,0.019953,8.68e+08,11,125000,1,0,-7.46843,12095.4,0,-137.895,-135,0.790528
30483, 2.23969, 53, -1,-1,-1,65.3284,-19.1561,0.025119,8.68e+08,10,125000,1,0,10.8482,19194.5,0,-130.929,-133,0.436224
30490, 2.32417, 4, -1,-1,-1,42.7292,12.7851,0.025119,8.68e+08,11,125000,1,0,-8.94659,15711,0,-137.36,-135,0.790528
30492, 2.33191, 24, -1,-1,-1,49.1334,13.5818,0.015849,8.68e+08,10,125000,1,0,-3.74613,15623.1,0,-137.686,-133,0.436224
30494, 2.39387, 49, -1,-1,-1,45.6929,9.55674,0.015849,8.68e+08,10,125000,1,0,-6.66103,16684.3,0,-138.637,-133,0.436224
30501, 2.42423, 11, -1,-1,-1,55.1052,36.446,0.025119,8.68e+08,11,125000,1,0,0.578881,5990.3,0,-134.247,-135,0.790528
30508, 2.44337, 52, -1,-1,-1,38.853,34.58,0.019953,8.68e+08,11,125000,1,0,-12.4637,8262.48,0,-139.428,-135,0.790528
30510, 2.46168, 3, -1,-1,-1,38.8081,-3.66631,0.019953,8.68e+08,11,125000,1,0,-12.315,18909.3,0,-139.384,-135,0.790528
30527, 2.64176, 32, -1,-1,-1,50.6742,17.0701,0.019953,8.68e+08,11,125000,1,0,-2.39165,14482.4,0,-136.238,-135,0.790528
30529, 2.66063, 28, -1,-1,-1,54.4004,13.1066,0.019953,8.68e+08,10,125000,1,0,1.29906,15806.3,0,-135.005,-133,0.436224
30541, 2.70554, 19, -1,-1,-1,38.0115,0.007687,0.015849,8.68e+08,10,125000,1,0,-12.66,18309.4,0,-140.485,-133,0.436224
30553, 2.84646, 55, -1,-1,-1,29.3409,-14.2582,0.025119,8.68e+08,12,125000,1,0,-19.2517,19159.1,0,-140.291,-137,1.58106
30560, 2.93736, 22, -1,-1,-1,51.0484,10.8218,0.025119,8.68e+08,10,125000,1,0,-2.01668,16476.4,0,-135.113,-133,0.436224
30567, 2.96089, 12, -1,-1,-1,53.1839,-3.87715,0.019953,8.68e+08,12,125000,1,0,-0.834332,19700.3,0,-135.719,-137,1.58106
30569, 3.00453, 47, -1,-1,-1,60.7806,1.83536,0.015849,8.68e+08,11,125000,1,0,8.56242,18932.8,0,-133.635,-135,0.790528
30571, 3.04002, 43, -1,-1,-1,55.2559,26.0605,0.025119,8.68e+08,10,125000,1,0,1.77869,10677.7,0,-133.846,-133,0.436224
30583, 3.07796, 58, -1,-1,-1,62.6808,-4.27248,0.015849,8.68e+08,12,125000,1,0,10.4499,19836.1,0,-133.05,-137,1.58106
30585, 3.1114, 44, -1,-1,-1,48.915,29.8997,0.015849,8.68e+08,10,125000,1,0,-4.4782,9554.48,0,-137.928,-133,0.436224
30587, 3.13876, 15, -1,-1,-1,46.2746,7.09545,0.019953,8.68e+08,10,125000,1,0,-6.21596,17314.6,0,-137.493,-133,0.436224
30589, 3.15578, 10, -1,-1,-1,29.0987,31.7557,0.015849,8.68e+08,10,125000,1,0,-18.7264,9453.35,0,-142.155,-133,0.436224
30596, 3.20158, 38, -1,-1,-1,46.6172,18.1503,0.019953,8.68e+08,11,125000,1,0,-5.89399,14100.8,0,-137.389,-135,0.790528
30598, 3.23337, 34, -1,-1,-1,47.8921,18.1051,0.019953,8.68e+08,11,125000,1,0,-4.83161,14116.4,0,-137.043,-135,0.790528
30605, 3.2517, 18, -1,-1,-1,41.6718,4.40735,0.025119,8.68e+08,12,125000,1,0,-9.89306,17715.2,0,-137.654,-137,1.58106
30607, 3.26362, 0, -1,-1,-1,51.6007,-2.3004,0.025119,8.68e+08,11,125000,1,0,-2.12225,19407,0,-135.149,-135,0.790528
30609, 3.28654, 27, -1,-1,-1,50.9263,3.96498,0.019953,8.68e+08,12,125000,1,0,-2.38601,18244.5,0,-136.236,-137,1.58106
30616, 3.38235, 37, -1,-1,-1,40.6397,25.2461,0.019953,8.68e+08,10,125000,1,0,-10.675,11636.6,0,-138.893,-133,0.436224
30623, 3.46192, 56, -1,-1,-1,34.5758,13.0619,0.019953,8.68e+08,12,125000,1,0,-14.7198,15316.4,0,-140.075,-137,1.58106
30640, 3.62744, 5, -1,-1,-1,53.0128,4.81756,0.019953,8.68e+08,10,125000,1,0,-0.288685,18101.2,0,-135.536,-133,0.436224
30652, 3.67099, 33, -1,-1,-1,48.5351,16.7675,0.019953,8.68e+08,10,125000,1,0,-4.23167,14549,0,-136.846,-133,0.436224
30654, 3.6743, 8, -1,-1,-1,60.9564,9.93245,0.015849,8.68e+08,11,125000,1,0,9.48249,16746.9,0,-133.347,-135,0.790528
30661, 3.74755, 7, -1,-1,-1,48.8156,14.5218,0.025119,8.68e+08,10,125000,1,0,-3.96608,15285.9,0,-135.759,-133,0.436224
30668, 3.77414, 45, -1,-1,-1,49.1516,25.5874,0.025119,8.68e+08,12,125000,1,0,-4.02639,11314.6,0,-135.779,-137,1.58106
30680, 3.84161, 17, -1,-1,-1,49.9949,1.85453,0.025119,8.68e+08,11,125000,1,0,-3.2636,18618.3,0,-135.527,-135,0.790528
30682, 3.85739, 21, -1,-1,-1,40.7647,-7.46535,0.025119,8.68e+08,10,125000,1,0,-11.0997,19449.7,0,-138.022,-133,0.436224
30684, 3.86649, 26, -1,-1,-1,48.2338,8.18102,0.015849,8.68e+08,11,125000,1,0,-4.54341,17111.2,0,-137.949,-135,0.790528
30701, 4.22901, 39, -1,-1,-1,44.7388,20.1372,0.015849,8.68e+08,10,125000,1,0,-7.39616,13382.3,0,-138.872,-133,0.436224
30703, 4.25485, 16, -1,-1,-1,42.7786,6.94506,0.019953,8.68e+08,10,125000,1,0,-8.90631,17177.4,0,-138.348,-133,0.436224
30705, 4.28817, 9, -1,-1,-1,38.2779,25.7475,0.015849,8.68e+08,11,125000,1,0,-12.3612,11461.8,0,-140.397,-135,0.790528
30707, 4.29067, 46, -1,-1,-1,54.0139,24.7077,0.019953,8.68e+08,11,125000,1,0,0.608129,11331.3,0,-135.236,-135,0.790528
30709, 4.31147, 59, -1,-1,-1,70.3446,16.3551,0.019953,8.68e+08,10,125000,1,0,33.3172,11688.1,0,-126.544,-133,0.436224
30711, 4.32689, 42, -1,-1,-1,55.9659,22.2357,0.019953,8.68e+08,10,125000,1,0,2.85124,12213.5,0,-134.488,-133,0.436224
30713, 4.38123, 2, -1,-1,-1,52.1594,14.5236,0.019953,8.68e+08,12,125000,1,0,-0.930328,15319.3,0,-135.75,-137,1.58106
30715, 4.40836, 50, -1,-1,-1,39.8689,16.152,0.019953,8.68e+08,11,125000,1,0,-10.9922,14604.2,0,-138.988,-135,0.790528
30717, 4.42873, 54, -1,-1,-1,31.4019,-15.4743,0.015849,8.68e+08,11,125000,1,0,-17.9532,19339.6,0,-141.956,-135,0.790528
30719, 4.4716, 13, -1,-1,-1,57.1683,-5.07194,0.015849,8.68e+08,11,125000,1,0,3.30689,19925.3,0,-135.338,-135,0.790528
30721, 4.54768, 1, -1,-1,-1,49.3743,3.30528,0.015849,8.68e+08,11,125000,1,0,-3.70041,18286.8,0,-137.671,-135,0.790528
30723, 5.24061, 6, -1,-1,-1,57.9389,19.5301,0.019953,8.68e+08,12,125000,1,0,5.30516,13216.1,0,-133.68,-137,1.58106
30725, 5.57177, 31, -1,-1,-1,55.2698,20.8384,0.019953,8.68e+08,12,125000,1,0,2.15869,12840.8,0,-134.719,-137,1.58106
30732, 12.1494, 23, -1,-1,-1,52.3551,9.17867,0.015849,8.68e+08,11,125000,1,0,-0.363423,16762.8,0,-136.56,-135,0.790528
30749, 13.1671, 52, -1,-1,-1,38.853,34.58,0.019953,8.68e+08,11,125000,1,0,-12.276,7918.77,0,-139.372,-135,0.790528
30751, 13.3431, 57, -1,-1,-1,36.1272,33.7657,0.019953,8.68e+08,10,125000,1,0,-14.0752,8327.2,0,-139.894,-133,0.436224
30763, 13.5604, 43, -1,-1,-1,55.2559,26.0605,0.025119,8.68e+08,10,125000,1,0,2.13915,10162.4,0,-133.725,-133,0.436224
30780, 14.1847, 14, -1,-1,-1,53.9616,-4.16799,0.025119,8.68e+08,10,125000,1,0,0.645516,19610.1,0,-134.223,-133,0.436224
30782, 14.2129, 10, -1,-1,-1,29.0987,31.7557,0.015849,8.68e+08,10,125000,1,0,-18.5179,9177.23,0,-142.101,-133,0.436224
30784, 14.2186, 32, -1,-1,-1,50.6742,17.0701,0.019953,8.68e+08,11,125000,1,0,-1.92455,14119.5,0,-136.081,-135,0.790528
30796, 14.5058, 51, -1,-1,-1,42.2294,28.194,0.015849,8.68e+08,10,125000,1,0,-9.38078,10174,0,-139.495,-133,0.436224
30813, 14.7313, 16, -1,-1,-1,42.7786,6.94506,0.019953,8.68e+08,10,125000,1,0,-8.48549,16998.5,0,-138.215,-133,0.436224
30815, 14.7581, 15, -1,-1,-1,46.2746,7.09545,0.019953,8.68e+08,10,125000,1,0,-5.71335,17099.7,0,-137.33,-133,0.436224
30822, 14.9395, 58, -1,-1,-1,62.6808,-4.27248,0.015849,8.68e+08,12,125000,1,0,11.6434,19617.1,0,-132.688,-137,1.58106
30829, 15.1164, 25, -1,-1,-1,47.4666,6.98245,0.025119,8.68e+08,10,125000,1,0,-4.704,17163.2,0,-136.001,-133,0.436224
30831, 15.1339, 19, -1,-1,-1,38.0115,0.007687,0.015849,8.68e+08,10,125000,1,0,-12.1632,18160.4,0,-140.338,-133,0.436224
30833, 15.2677, 33, -1,-1,-1,48.5351,16.7675,0.019953,8.68e+08,10,125000,1,0,-3.7885,14213.1,0,-136.7,-133,0.436224
30835, 15.5368, 28, -1,-1,-1,54.4004,13.1066,0.019953,8.68e+08,10,125000,1,0,1.95456,15403,0,-134.786,-133,0.436224
30847, 16.2755, 27, -1,-1,-1,50.9263,3.96498,0.019953,8.68e+08,12,125000,1,0,-1.71764,18012.4,0,-136.012,-137,1.58106
30849, 16.6465, 44, -1,-1,-1,48.915,29.8997,0.015849,8.68e+08,10,125000,1,0,-4.14956,9002.67,0,-137.819,-133,0.436224
30851, 16.7122, 54, -1,-1,-1,31.4019,-15.4743,0.015849,8.68e+08,11,125000,1,0,-17.4648,19246,0,-141.826,-135,0.790528
30858, 18.2125, 42, -1,-1,-1,55.9659,22.2357,0.019953,8.68e+08,10,125000,1,0,3.42443,11563.2,0,-134.297,-133,0.436224
30866, 19.2035, 11, -1,-1,-1,55.1052,36.446,0.025119,8.68e+08,11,125000,1,0,0.864664,5047.4,1,-134.151,-135,0.790528
30898, 20.0627, 49, -1,-1,-1,45.6929,9.55674,0.015849,8.68e+08,10,125000,1,0,-5.93388,16323,0,-138.401,-133,0.436224
30900, 20.1947, 50, -1,-1,-1,39.8689,16.152,0.019953,8.68e+08,11,125000,1,0,-10.4786,14248.3,0,-138.831,-135,0.790528
30902, 20.2169, 46, -1,-1,-1,54.0139,24.7077,0.019953,8.68e+08,11,125000,1,0,1.15972,10606.2,0,-135.051,-135,0.790528
30914, 20.9597, 56, -1,-1,-1,34.5758,13.0619,0.019953,8.68e+08,12,125000,1,0,-14.155,14994.4,0,-139.914,-137,1.58106
30916, 21.0164, 29, -1,-1,-1,51.2316,20.2503,0.019953,8.68e+08,11,125000,1,0,-1.26381,12660.6,0,-135.861,-135,0.790528
30918, 21.124, 35, -1,-1,-1,44.8964,23.9506,0.019953,8.68e+08,11,125000,1,0,-6.92555,11492.2,0,-137.721,-135,0.790528
30920, 21.1625, 2, -1,-1,-1,52.1594,14.5236,0.019953,8.68e+08,12,125000,1,0,-0.172846,14804,0,-135.496,-137,1.58106
30922, 21.2608, 18, -1,-1,-1,41.6718,4.40735,0.025119,8.68e+08,12,125000,1,0,-9.16118,17442.3,0,-137.426,-137,1.58106
30944, 22.206, 48, -1,-1,-1,56.6076,12.8569,0.015849,8.68e+08,10,125000,1,0,4.8545,15192.7,0,-134.826,-133,0.436224
30956, 22.4097, 20, -1,-1,-1,39.7553,-9.35268,0.019953,8.68e+08,10,125000,1,0,-11.1438,19393.6,0,-139.034,-133,0.436224
30958, 22.5596, 36, -1,-1,-1,42.8721,21.2682,0.025119,8.68e+08,11,125000,1,0,-8.32489,12486.8,0,-137.165,-135,0.790528
30960, 22.6778, 22, -1,-1,-1,51.0484,10.8218,0.025119,8.68e+08,10,125000,1,0,-1.09019,15973.9,0,-134.802,-133,0.436224
30982, 23.2074, 12, -1,-1,-1,53.1839,-3.87715,0.019953,8.68e+08,12,125000,1,0,0.369611,19442.9,0,-135.315,-137,1.58106
30984, 23.5489, 38, -1,-1,-1,46.6172,18.1503,0.019953,8.68e+08,11,125000,1,0,-5.1791,13513.4,0,-137.155,-135,0.790528
30986, 23.6095, 47, -1,-1,-1,60.7806,1.83536,0.015849,8.68e+08,11,125000,1,0,10.3788,18437.8,0,-133.07,-135,0.790528
30998, 23.7655, 34, -1,-1,-1,47.8921,18.1051,0.019953,8.68e+08,11,125000,1,0,-4.08717,13499.2,0,-136.797,-135,0.790528
31000, 23.8159, 55, -1,-1,-1,29.3409,-14.2582,0.025119,8.68e+08,12,125000,1,0,-18.4331,18994.5,0,-140.079,-137,1.58106
31008, 24.064, 59, -1,-1,-1,70.3446,16.3551,0.019953,8.68e+08,10,125000,1,0,36.8644,9096.39,1,-125.941,-133,0.436224
31025, 24.4698, 31, -1,-1,-1,55.2698,20.8384,0.019953,8.68e+08,12,125000,1,0,2.95564,12007.9,0,-134.452,-137,1.58106
31027, 24.5017, 4, -1,-1,-1,42.7292,12.7851,0.025119,8.68e+08,11,125000,1,0,-8.13626,15230.5,0,-137.105,-135,0.790528
31029, 24.5948, 41, -1,-1,-1,57.7942,23.9073,0.019953,8.68e+08,10,125000,1,0,5.7094,10199.2,0,-133.547,-133,0.436224
31031, 24.615, 24, -1,-1,-1,49.1334,13.5818,0.015849,8.68e+08,10,125000,1,0,-2.81475,15026,0,-137.377,-133,0.436224
31038, 24.7855, 3, -1,-1,-1,38.8081,-3.66631,0.019953,8.68e+08,11,125000,1,0,-11.3848,18673.1,0,-139.105,-135,0.790528
31040, 25.2452, 9, -1,-1,-1,38.2779,25.7475,0.015849,8.68e+08,11,125000,1,0,-11.8463,10878.8,0,-140.243,-135,0.790528
31062, 25.488, 0, -1,-1,-1,51.6007,-2.3004,0.025119,8.68e+08,11,125000,1,0,-0.880215,19108.5,0,-134.732,-135,0.790528
31079, 25.7883, 39, -1,-1,-1,44.7388,20.1372,0.015849,8.68e+08,10,125000,1,0,-6.70704,12755.4,0,-138.65,-133,0.436224
31086, 25.8384, 53, -1,-1,-1,65.3284,-19.1561,0.025119,8.68e+08,10,125000,1,0,13.2485,18608.1,0,-130.214,-133,0.436224
31088, 25.925, 30, -1,-1,-1,50.4166,22.3874,0.025119,8.68e+08,10,125000,1,0,-1.97139,11648.4,0,-135.096,-133,0.436224
31090, 26.1052, 7, -1,-1,-1,48.8156,14.5218,0.025119,8.68e+08,10,125000,1,0,-3.05905,14667.9,0,-135.458,-133,0.436224
31092, 26.1196, 17, -1,-1,-1,49.9949,1.85453,0.025119,8.68e+08,11,125000,1,0,-2.11945,18259,0,-135.146,-135,0.790528
31099, 26.2482, 40, -1,-1,-1,59.1236,25.6898,0.015849,8.68e+08,10,125000,1,0,7.26396,8954.02,0,-134.045,-133,0.436224
31101, 26.2735, 8, -1,-1,-1,60.9564,9.93245,0.015849,8.68e+08,11,125000,1,0,11.3052,15857.4,0,-132.788,-135,0.790528
31128, 27.029, 52, -1,-1,-1,38.853,34.58,0.019953,8.68e+08,11,125000,1,0,-12.0417,7465.39,0,-139.302,-135,0.790528
31141, 27.2375, 13, -1,-1,-1,57.1683,-5.07194,0.015849,8.68e+08,11,125000,1,0,4.94983,19609.5,1,-134.794,-135,0.790528
31143, 27.2437, 26, -1,-1,-1,48.2338,8.18102,0.015849,8.68e+08,11,125000,1,0,-3.49125,16620.6,0,-137.6,-135,0.790528
31150, 27.3081, 6, -1,-1,-1,57.9389,19.5301,0.019953,8.68e+08,12,125000,1,0,6.40851,12135.3,0,-133.32,-137,1.58106
31152, 27.5038, 37, -1,-1,-1,40.6397,25.2461,0.019953,8.68e+08,10,125000,1,0,-10.057,10929.3,0,-138.703,-133,0.436224
31154, 27.5936, 5, -1,-1,-1,53.0128,4.81756,0.019953,8.68e+08,10,125000,1,0,1.04443,17605.6,0,-135.089,-133,0.436224
31156, 27.604, 32, -1,-1,-1,50.6742,17.0701,0.019953,8.68e+08,11,125000,1,0,-1.3869,13676.5,0,-135.901,-135,0.790528
31158, 27.6926, 44, -1,-1,-1,48.915,29.8997,0.015849,8.68e+08,10,125000,1,0,-3.89143,8537.75,0,-137.734,-133,0.436224
31175, 28.2332, 45, -1,-1,-1,49.1516,25.5874,0.025119,8.68e+08,12,125000,1,0,-3.31375,10373.1,0,-135.542,-137,1.58106
31177, 28.2894, 28, -1,-1,-1,54.4004,13.1066,0.019953,8.68e+08,10,125000,1,0,2.60809,14974.5,0,-134.567,-133,0.436224
31179, 28.3547, 27, -1,-1,-1,50.9263,3.96498,0.019953,8.68e+08,12,125000,1,0,-1.08619,17782.1,0,-135.801,-137,1.58106
31181, 28.4461, 21, -1,-1,-1,40.7647,-7.46535,0.025119,8.68e+08,10,125000,1,0,-10.0196,19219.6,0,-137.691,-133,0.436224
31183, 28.6157, 33, -1,-1,-1,48.5351,16.7675,0.019953,8.68e+08,10,125000,1,0,-3.28075,13806.4,0,-136.531,-133,0.436224
31195, 29.4496, 1, -1,-1,-1,49.3743,3.30528,0.015849,8.68e+08,11,125000,1,0,-2.46189,17856.7,0,-137.259,-135,0.790528
31208, 30.2843, 58, -1,-1,-1,62.6808,-4.27248,0.015849,8.68e+08,12,125000,1,0,13.2947,19296.3,1,-132.199,-137,1.58106
31210, 30.2939, 42, -1,-1,-1,55.9659,22.2357,0.019953,8.68e+08,10,125000,1,0,3.91186,10963.4,0,-134.135,-133,0.436224
31222, 30.6769, 57, -1,-1,-1,36.1272,33.7657,0.019953,8.68e+08,10,125000,1,0,-13.775,7800.2,0,-139.807,-133,0.436224
31224, 30.7613, 51, -1,-1,-1,42.2294,28.194,0.015849,8.68e+08,10,125000,1,0,-9.00497,9637.88,0,-139.378,-133,0.436224
31226, 30.7706, 43, -1,-1,-1,55.2559,26.0605,0.025119,8.68e+08,10,125000,1,0,2.70526,9274.54,0,-133.535,-133,0.436224
31233, 31.5805, 54, -1,-1,-1,31.4019,-15.4743,0.015849,8.68e+08,11,125000,1,0,-16.8694,19129.7,0,-141.666,-135,0.790528
31245, 32.114, 19, -1,-1,-1,38.0115,0.007687,0.015849,8.68e+08,10,125000,1,0,-11.4796,17947.4,0,-140.133,-133,0.436224
31247, 32.2034, 15, -1,-1,-1,46.2746,7.09545,0.019953,8.68e+08,10,125000,1,0,-4.95245,16756.6,0,-137.08,-133,0.436224
31259, 32.8721, 20, -1,-1,-1,39.7553,-9.35268,0.019953,8.68e+08,10,125000,1,0,-10.6843,19299,0,-138.894,-133,0.436224
31271, 33.704, 14, -1,-1,-1,53.9616,-4.16799,0.025119,8.68e+08,10,125000,1,0,1.87726,19343.1,0,-133.811,-133,0.436224
31273, 33.9251, 38, -1,-1,-1,46.6172,18.1503,0.019953,8.68e+08,11,125000,1,0,-4.81799,13196.6,0,-137.037,-135,0.790528
31280, 34.0587, 12, -1,-1,-1,53.1839,-3.87715,0.019953,8.68e+08,12,125000,1,0,1.03645,19292.7,0,-135.091,-137,1.58106
31302, 34.6846, 24, -1,-1,-1,49.1334,13.5818,0.015849,8.68e+08,10,125000,1,0,-2.39346,14736.4,0,-137.236,-133,0.436224
31304, 34.8119, 23, -1,-1,-1,52.3551,9.17867,0.015849,8.68e+08,11,125000,1,0,0.795693,16170.2,0,-136.171,-135,0.790528
31311, 34.8729, 22, -1,-1,-1,51.0484,10.8218,0.025119,8.68e+08,10,125000,1,0,-0.512766,15638,0,-134.609,-133,0.436224
31324, 35.347, 11, -1,-1,-1,55.1052,36.446,0.025119,8.68e+08,11,125000,1,0,1.09965,4113.1,1,-134.071,-135,0.790528
31326, 35.378, 10, -1,-1,-1,29.0987,31.7557,0.015849,8.68e+08,10,125000,1,0,-18.129,8635.84,0,-141.999,-133,0.436224
31328, 35.6214, 36, -1,-1,-1,42.8721,21.2682,0.025119,8.68e+08,11,125000,1,0,-7.93912,12100.6,0,-137.042,-135,0.790528
31330, 35.7732, 48, -1,-1,-1,56.6076,12.8569,0.015849,8.68e+08,10,125000,1,0,5.6375,14668.7,0,-134.569,-133,0.436224
31337, 36.2027, 2, -1,-1,-1,52.1594,14.5236,0.019953,8.68e+08,12,125000,1,0,0.506893,14305.1,0,-135.268,-137,1.58106
31340, 36.6732, 17, -1,-1,-1,49.9949,1.85453,0.025119,8.68e+08,11,125000,1,0,-1.56555,18074.3,1,-134.96,-135,0.790528
31362, 37.5932, 30, -1,-1,-1,50.4166,22.3874,0.025119,8.68e+08,10,125000,1,0,-1.58584,11183.7,0,-134.967,-133,0.436224
31364, 37.6959, 25, -1,-1,-1,47.4666,6.98245,0.025119,8.68e+08,10,125000,1,0,-3.68372,16701.1,0,-135.663,-133,0.436224
31366, 38.1147, 52, -1,-1,-1,38.853,34.58,0.019953,8.68e+08,11,125000,1,0,-11.8614,7095.61,0,-139.248,-135,0.790528
31373, 38.5743, 16, -1,-1,-1,42.7786,6.94506,0.019953,8.68e+08,10,125000,1,0,-7.52154,16564.2,0,-137.909,-133,0.436224
31380, 38.9503, 56, -1,-1,-1,34.5758,13.0619,0.019953,8.68e+08,12,125000,1,0,-13.5767,14647.1,0,-139.748,-137,1.58106
31392, 39.5744, 29, -1,-1,-1,51.2316,20.2503,0.019953,8.68e+08,11,125000,1,0,-0.582905,11941.6,0,-135.632,-135,0.790528
31404, 39.6554, 21, -1,-1,-1,40.7647,-7.46535,0.025119,8.68e+08,10,125000,1,0,-9.51956,19108.6,0,-137.536,-133,0.436224
31406, 40.0416, 44, -1,-1,-1,48.915,29.8997,0.015849,8.68e+08,10,125000,1,0,-3.61431,8002.68,0,-137.642,-133,0.436224
31413, 40.4322, 47, -1,-1,-1,60.7806,1.83536,0.015849,8.68e+08,11,125000,1,0,11.9704,17963.6,0,-132.588,-135,0.790528
31425, 40.9351, 31, -1,-1,-1,55.2698,20.8384,0.019953,8.68e+08,12,125000,1,0,3.63291,11221.5,0,-134.227,-137,1.58106
31427, 41.054, 26, -1,-1,-1,48.2338,8.18102,0.015849,8.68e+08,11,125000,1,0,-2.86254,16472.4,0,-137.391,-135,0.790528
31429, 41.1927, 49, -1,-1,-1,45.6929,9.55674,0.015849,8.68e+08,10,125000,1,0,-5.05882,16023.7,0,-138.115,-133,0.436224
31431, 41.242, 4, -1,-1,-1,42.7292,12.7851,0.025119,8.68e+08,11,125000,1,0,-7.52564,15011.7,0,-136.91,-135,0.790528
31443, 42.1258, 39, -1,-1,-1,44.7388,20.1372,0.015849,8.68e+08,10,125000,1,0,-6.19386,12410.3,0,-138.484,-133,0.436224
31450, 42.3008, 46, -1,-1,-1,54.0139,24.7077,0.019953,8.68e+08,11,125000,1,0,1.88947,9675.98,0,-134.806,-135,0.790528
31453, 43.0178, 8, -1,-1,-1,60.9564,9.93245,0.015849,8.68e+08,11,125000,1,0,12.714,15272.6,1,-132.368,-135,0.790528
31466, 43.4691, 59, -1,-1,-1,70.3446,16.3551,0.019953,8.68e+08,10,125000,1,0,39.9126,6349.39,1,-125.468,-133,0.436224
31478, 43.9285, 43, -1,-1,-1,55.2559,26.0605,0.025119,8.68e+08,10,125000,1,0,3.11545,8707.82,0,-133.398,-133,0.436224
31485, 44.3735, 50, -1,-1,-1,39.8689,16.152,0.019953,8.68e+08,11,125000,1,0,-9.69871,13841.8,0,-138.591,-135,0.790528
31502, 44.508, 41, -1,-1,-1,57.7942,23.9073,0.019953,8.68e+08,10,125000,1,0,6.48165,9170.04,0,-133.295,-133,0.436224
31509, 44.638, 45, -1,-1,-1,49.1516,25.5874,0.025119,8.68e+08,12,125000,1,0,-2.85671,9851.5,0,-135.39,-137,1.58106
31521, 44.9005, 57, -1,-1,-1,36.1272,33.7657,0.019953,8.68e+08,10,125000,1,0,-13.5386,7530.29,0,-139.739,-133,0.436224
31523, 44.9798, 28, -1,-1,-1,54.4004,13.1066,0.019953,8.68e+08,10,125000,1,0,3.46835,14529.1,0,-134.281,-133,0.436224
31535, 45.1847, 19, -1,-1,-1,38.0115,0.007687,0.015849,8.68e+08,10,125000,1,0,-10.9493,17969.3,0,-139.972,-133,0.436224
31537, 45.243, 35, -1,-1,-1,44.8964,23.9506,0.019953,8.68e+08,11,125000,1,0,-6.2568,10832.8,0,-137.504,-135,0.790528
31544, 45.3312, 51, -1,-1,-1,42.2294,28.194,0.015849,8.68e+08,10,125000,1,0,-8.67923,9300.88,0,-139.275,-133,0.436224
31546, 45.5039, 22, -1,-1,-1,51.0484,10.8218,0.025119,8.68e+08,10,125000,1,0,-0.006578,15492.2,0,-134.438,-133,0.436224
31558, 46.0359, 18, -1,-1,-1,41.6718,4.40735,0.025119,8.68e+08,12,125000,1,0,-8.14405,17218,0,-137.106,-137,1.58106
31560, 46.1137, 0, -1,-1,-1,51.6007,-2.3004,0.025119,8.68e+08,11,125000,1,0,0.318258,18980.3,0,-134.33,-135,0.790528
31562, 46.1665, 53, -1,-1,-1,65.3284,-19.1561,0.025119,8.68e+08,10,125000,1,0,15.5453,18241,0,-129.559,-133,0.436224
31579, 46.4106, 14, -1,-1,-1,53.9616,-4.16799,0.025119,8.68e+08,10,125000,1,0,2.7107,19338.8,0,-133.532,-133,0.436224
31586, 46.6451, 12, -1,-1,-1,53.1839,-3.87715,0.019953,8.68e+08,12,125000,1,0,1.83057,19291.5,0,-134.825,-137,1.58106
31588, 46.8077, 37, -1,-1,-1,40.6397,25.2461,0.019953,8.68e+08,10,125000,1,0,-9.57858,10497.8,0,-138.554,-133,0.436224
31590, 46.8337, 7, -1,-1,-1,48.8156,14.5218,0.025119,8.68e+08,10,125000,1,0,-2.22021,14201.2,0,-135.177,-133,0.436224
31607, 47.4229, 34, -1,-1,-1,47.8921,18.1051,0.019953,8.68e+08,11,125000,1,0,-3.24177,12884.5,0,-136.517,-135,0.790528
31614, 47.6909, 24, -1,-1,-1,49.1334,13.5818,0.015849,8.68e+08,10,125000,1,0,-1.84952,14505.1,0,-137.054,-133,0.436224
31616, 47.8361, 9, -1,-1,-1,38.2779,25.7475,0.015849,8.68e+08,11,125000,1,0,-11.3086,10389.3,0,-140.081,-135,0.790528
31618, 47.8729, 55, -1,-1,-1,29.3409,-14.2582,0.025119,8.68e+08,12,125000,1,0,-17.4841,19030.5,0,-139.828,-137,1.58106
31625, 48.1886, 32, -1,-1,-1,50.6742,17.0701,0.019953,8.68e+08,11,125000,1,0,-0.567438,13101.4,0,-135.626,-135,0.790528
31632, 48.3499, 3, -1,-1,-1,38.8081,-3.66631,0.019953,8.68e+08,11,125000,1,0,-10.3879,18603.2,0,-138.802,-135,0.790528
31634, 48.5077, 25, -1,-1,-1,47.4666,6.98245,0.025119,8.68e+08,10,125000,1,0,-3.18977,16634,0,-135.499,-133,0.436224
31641, 48.7299, 40, -1,-1,-1,59.1236,25.6898,0.015849,8.68e+08,10,125000,1,0,8.06971,7604.87,0,-133.787,-133,0.436224
31658, 49.6146, 10, -1,-1,-1,29.0987,31.7557,0.015849,8.68e+08,10,125000,1,0,-17.8754,8455.28,0,-141.932,-133,0.436224
31670, 49.7513, 5, -1,-1,-1,53.0128,4.81756,0.019953,8.68e+08,10,125000,1,0,2.32034,17256.7,0,-134.661,-133,0.436224
31677, 50.1282, 33, -1,-1,-1,48.5351,16.7675,0.019953,8.68e+08,10,125000,1,0,-2.46963,13263.6,0,-136.26,-133,0.436224
31679, 50.1959, 56, -1,-1,-1,34.5758,13.0619,0.019953,8.68e+08,12,125000,1,0,-13.2166,14609.8,0,-139.643,-137,1.58106
31682, 50.2694, 13, -1,-1,-1,57.1683,-5.07194,0.015849,8.68e+08,11,125000,1,0,6.73744,19433,1,-134.212,-135,0.790528
31684, 50.3796, 30, -1,-1,-1,50.4166,22.3874,0.025119,8.68e+08,10,125000,1,0,-1.17255,10805.4,0,-134.828,-133,0.436224
31696, 50.8556, 42, -1,-1,-1,55.9659,22.2357,0.019953,8.68e+08,10,125000,1,0,4.71089,10023.4,0,-133.871,-133,0.436224
31823, 51.2756, 6, -1,-1,-1,57.9389,19.5301,0.019953,8.68e+08,12,125000,1,0,7.57086,10972.8,0,-132.945,-137,1.58106
31831, 51.4616, 11, -1,-1,-1,55.1052,36.446,0.025119,8.68e+08,11,125000,1,0,1.29271,3301.51,1,-134.006,-135,0.790528
31833, 51.6526, 16, -1,-1,-1,42.7786,6.94506,0.019953,8.68e+08,10,125000,1,0,-6.98921,16487.2,0,-137.738,-133,0.436224
31845, 52.1577, 48, -1,-1,-1,56.6076,12.8569,0.015849,8.68e+08,10,125000,1,0,6.59067,14144.6,0,-134.259,-133,0.436224
31852, 52.4549, 21, -1,-1,-1,40.7647,-7.46535,0.025119,8.68e+08,10,125000,1,0,-8.9423,19177.9,0,-137.356,-133,0.436224
31864, 52.9207, 27, -1,-1,-1,50.9263,3.96498,0.019953,8.68e+08,12,125000,1,0,0.229018,17441.1,0,-135.359,-137,1.58106
31866, 53.6977, 54, -1,-1,-1,31.4019,-15.4743,0.015849,8.68e+08,11,125000,1,0,-15.9747,19182,0,-141.421,-135,0.790528
31868, 53.6995, 1, -1,-1,-1,49.3743,3.30528,0.015849,8.68e+08,11,125000,1,0,-1.22089,17560.7,0,-136.844,-135,0.790528
31880, 54.0028, 58, -1,-1,-1,62.6808,-4.27248,0.015849,8.68e+08,12,125000,1,0,16.1305,18925.3,0,-131.396,-137,1.58106
31883, 54.5046, 47, -1,-1,-1,60.7806,1.83536,0.015849,8.68e+08,11,125000,1,0,13.3861,17714.1,1,-132.17,-135,0.790528
31905, 55.3665, 2, -1,-1,-1,52.1594,14.5236,0.019953,8.68e+08,12,125000,1,0,1.37166,13776.9,0,-134.977,-137,1.58106
31907, 55.4533, 20, -1,-1,-1,39.7553,-9.35268,0.019953,8.68e+08,10,125000,1,0,-9.67812,19290.7,0,-138.584,-133,0.436224
31914, 55.6401, 52, -1,-1,-1,38.853,34.58,0.019953,8.68e+08,11,125000,1,0,-11.5896,6665.53,0,-139.167,-135,0.790528
31921, 55.9082, 4, -1,-1,-1,42.7292,12.7851,0.025119,8.68e+08,11,125000,1,0,-6.99194,14655.4,0,-136.739,-135,0.790528
31928, 56.0322, 19, -1,-1,-1,38.0115,0.007687,0.015849,8.68e+08,10,125000,1,0,-10.5064,17824.1,0,-139.837,-133,0.436224
31940, 56.1011, 57, -1,-1,-1,36.1272,33.7657,0.019953,8.68e+08,10,125000,1,0,-13.3591,7175.79,0,-139.686,-133,0.436224
31942, 56.258, 31, -1,-1,-1,55.2698,20.8384,0.019953,8.68e+08,12,125000,1,0,4.24434,10593.6,0,-134.024,-137,1.58106
31944, 56.396, 53, -1,-1,-1,65.3284,-19.1561,0.025119,8.68e+08,10,125000,1,0,16.7949,17889.6,0,-129.216,-133,0.436224
31951, 56.5233, 15, -1,-1,-1,46.2746,7.09545,0.019953,8.68e+08,10,125000,1,0,-3.87922,16408.1,0,-136.726,-133,0.436224
31954, 56.838, 59, -1,-1,-1,70.3446,16.3551,0.019953,8.68e+08,10,125000,1,0,41.491,4000.27,1,-125.238,-133,0.436224
31956, 56.848, 38, -1,-1,-1,46.6172,18.1503,0.019953,8.68e+08,11,125000,1,0,-4.0306,12615.5,0,-136.777,-135,0.790528
31983, 57.9784, 44, -1,-1,-1,48.915,29.8997,0.015849,8.68e+08,10,125000,1,0,-3.23502,7347.86,0,-137.515,-133,0.436224
31985, 58.034, 41, -1,-1,-1,57.7942,23.9073,0.019953,8.68e+08,10,125000,1,0,6.97185,8312.43,0,-133.137,-133,0.436224
31988, 58.0636, 8, -1,-1,-1,60.9564,9.93245,0.015849,8.68e+08,11,125000,1,0,14.0182,14492.4,1,-131.988,-135,0.790528
31990, 58.1528, 17, -1,-1,-1,49.9949,1.85453,0.025119,8.68e+08,11,125000,1,0,-0.412897,17846.2,0,-134.573,-135,0.790528
31997, 58.4066, 36, -1,-1,-1,42.8721,21.2682,0.025119,8.68e+08,11,125000,1,0,-7.28012,11555.8,0,-136.831,-135,0.790528
32009, 58.87, 24, -1,-1,-1,49.1334,13.5818,0.015849,8.68e+08,10,125000,1,0,-1.38269,14151.4,0,-136.897,-133,0.436224
32011, 58.9663, 23, -1,-1,-1,52.3551,9.17867,0.015849,8.68e+08,11,125000,1,0,2.05585,15624.3,0,-135.749,-135,0.790528
32013, 59.16, 43, -1,-1,-1,55.2559,26.0605,0.025119,8.68e+08,10,125000,1,0,3.56208,7841.33,0,-133.249,-133,0.436224
32030, 60.7457, 29, -1,-1,-1,51.2316,20.2503,0.019953,8.68e+08,11,125000,1,0,0.172824,11211.8,0,-135.378,-135,0.790528
32032, 60.8152, 45, -1,-1,-1,49.1516,25.5874,0.025119,8.68e+08,12,125000,1,0,-2.42493,9158.19,0,-135.246,-137,1.58106
32034, 60.9756, 12, -1,-1,-1,53.1839,-3.87715,0.019953,8.68e+08,12,125000,1,0,2.76398,19068.8,0,-134.513,-137,1.58106
32051, 61.6087, 42, -1,-1,-1,55.9659,22.2357,0.019953,8.68e+08,10,125000,1,0,5.1101,9567.93,0,-133.74,-133,0.436224
32053, 61.9815, 26, -1,-1,-1,48.2338,8.18102,0.015849,8.68e+08,11,125000,1,0,-1.90013,16126.1,0,-137.069,-135,0.790528
32055, 62.0408, 40, -1,-1,-1,59.1236,25.6898,0.015849,8.68e+08,10,125000,1,0,8.49608,6812.58,0,-133.652,-133,0.436224
32072, 62.7996, 49, -1,-1,-1,45.6929,9.55674,0.015849,8.68e+08,10,125000,1,0,-4.15869,15673.8,0,-137.818,-133,0.436224
32074, 62.9841, 21, -1,-1,-1,40.7647,-7.46535,0.025119,8.68e+08,10,125000,1,0,-8.46213,19263.9,0,-137.205,-133,0.436224
32076, 63.2222, 13, -1,-1,-1,57.1683,-5.07194,0.015849,8.68e+08,11,125000,1,0,7.80743,19397.1,0,-133.869,-135,0.790528
32093, 63.8286, 51, -1,-1,-1,42.2294,28.194,0.015849,8.68e+08,10,125000,1,0,-8.28201,8806.84,0,-139.15,-133,0.436224
32095, 64.0015, 25, -1,-1,-1,47.4666,6.98245,0.025119,8.68e+08,10,125000,1,0,-2.47589,16443.8,0,-135.261,-133,0.436224
32097, 64.0541, 50, -1,-1,-1,39.8689,16.152,0.019953,8.68e+08,11,125000,1,0,-9.07122,13512,0,-138.395,-135,0.790528
32114, 64.6626, 5, -1,-1,-1,53.0128,4.81756,0.019953,8.68e+08,10,125000,1,0,3.20369,17041.6,0,-134.366,-133,0.436224
32136, 65.7624, 52, -1,-1,-1,38.853,34.58,0.019953,8.68e+08,11,125000,1,0,-11.4403,6479.53,0,-139.121,-135,0.790528
32143, 65.8565, 34, -1,-1,-1,47.8921,18.1051,0.019953,8.68e+08,11,125000,1,0,-2.5952,12393,0,-136.301,-135,0.790528
32145, 65.9248, 55, -1,-1,-1,29.3409,-14.2582,0.025119,8.68e+08,12,125000,1,0,-16.7646,19110.7,0,-139.635,-137,1.58106
32152, 66.0782, 37, -1,-1,-1,40.6397,25.2461,0.019953,8.68e+08,10,125000,1,0,-9.11679,10040,0,-138.41,-133,0.436224
32159, 66.23, 56, -1,-1,-1,34.5758,13.0619,0.019953,8.68e+08,12,125000,1,0,-12.7053,14463.8,0,-139.493,-137,1.58106
32166, 66.3854, 46, -1,-1,-1,54.0139,24.7077,0.019953,8.68e+08,11,125000,1,0,2.62796,8553.16,0,-134.559,-135,0.790528
32168, 66.4526, 39, -1,-1,-1,44.7388,20.1372,0.015849,8.68e+08,10,125000,1,0,-5.44707,11771.2,0,-138.24,-133,0.436224
32175, 66.626, 0, -1,-1,-1,51.6007,-2.3004,0.025119,8.68e+08,11,125000,1,0,1.55927,18825.1,0,-133.914,-135,0.790528
32177, 66.6645, 14, -1,-1,-1,53.9616,-4.16799,0.025119,8.68e+08,10,125000,1,0,4.09703,19199.1,0,-133.071,-133,0.436224
32184, 67.1394, 54, -1,-1,-1,31.4019,-15.4743,0.015849,8.68e+08,11,125000,1,0,-15.4253,19299.5,0,-141.269,-135,0.790528
32186, 67.3189, 28, -1,-1,-1,54.4004,13.1066,0.019953,8.68e+08,10,125000,1,0,4.62383,13793.3,0,-133.898,-133,0.436224
32188, 67.3411, 3, -1,-1,-1,38.8081,-3.66631,0.019953,8.68e+08,11,125000,1,0,-9.57241,18572.3,0,-138.55,-135,0.790528
32230, 68.7584, 10, -1,-1,-1,29.0987,31.7557,0.015849,8.68e+08,10,125000,1,0,-17.5449,8134.09,0,-141.844,-133,0.436224
32252, 69.1093, 44, -1,-1,-1,48.915,29.8997,0.015849,8.68e+08,10,125000,1,0,-3.01448,6981.33,0,-137.441,-133,0.436224
32254, 69.192, 33, -1,-1,-1,48.5351,16.7675,0.019953,8.68e+08,10,125000,1,0,-1.76098,12751.1,0,-136.023,-133,0.436224
32256, 69.2213, 36, -1,-1,-1,42.8721,21.2682,0.025119,8.68e+08,11,125000,1,0,-6.97425,11365.7,0,-136.733,-135,0.790528
32263, 69.3288, 38, -1,-1,-1,46.6172,18.1503,0.019953,8.68e+08,11,125000,1,0,-3.60905,12345.7,0,-136.637,-135,0.790528
32265, 69.3363, 31, -1,-1,-1,55.2698,20.8384,0.019953,8.68e+08,12,125000,1,0,4.74829,10040,0,-133.857,-137,1.58106
32267, 69.4695, 15, -1,-1,-1,46.2746,7.09545,0.019953,8.68e+08,10,125000,1,0,-3.30213,16280.4,0,-136.534,-133,0.436224
32269, 69.5418, 30, -1,-1,-1,50.4166,22.3874,0.025119,8.68e+08,10,125000,1,0,-0.57395,10118.7,0,-134.627,-133,0.436224
32271, 69.6727, 18, -1,-1,-1,41.6718,4.40735,0.025119,8.68e+08,12,125000,1,0,-7.16231,16981,0,-136.792,-137,1.58106
32273, 69.6761, 1, -1,-1,-1,49.3743,3.30528,0.015849,8.68e+08,11,125000,1,0,-0.383257,17395.3,0,-136.562,-135,0.790528
32275, 69.6768, 35, -1,-1,-1,44.8964,23.9506,0.019953,8.68e+08,11,125000,1,0,-5.60853,10107.1,0,-137.293,-135,0.790528
32282, 69.7887, 6, -1,-1,-1,57.9389,19.5301,0.019953,8.68e+08,12,125000,1,0,8.42724,10002.8,0,-132.673,-137,1.58106
32284, 70.064, 9, -1,-1,-1,38.2779,25.7475,0.015849,8.68e+08,11,125000,1,0,-10.799,9878.84,0,-139.926,-135,0.790528
32286, 70.1263, 22, -1,-1,-1,51.0484,10.8218,0.025119,8.68e+08,10,125000,1,0,1.17406,14879.4,0,-134.042,-133,0.436224
32303, 71.5958, 7, -1,-1,-1,48.8156,14.5218,0.025119,8.68e+08,10,125000,1,0,-1.22489,13541.8,0,-134.844,-133,0.436224
32315, 71.7873, 32, -1,-1,-1,50.6742,17.0701,0.019953,8.68e+08,11,125000,1,0,0.355824,12341.6,0,-135.316,-135,0.790528
32317, 71.8153, 53, -1,-1,-1,65.3284,-19.1561,0.025119,8.68e+08,10,125000,1,0,18.8143,17553.4,0,-128.681,-133,0.436224
32319, 72.0458, 19, -1,-1,-1,38.0115,0.007687,0.015849,8.68e+08,10,125000,1,0,-9.84789,17792.6,0,-139.634,-133,0.436224
32321, 72.1221, 48, -1,-1,-1,56.6076,12.8569,0.015849,8.68e+08,10,125000,1,0,7.75721,13378.1,0,-133.884,-133,0.436224
32333, 73.1478, 57, -1,-1,-1,36.1272,33.7657,0.019953,8.68e+08,10,125000,1,0,-13.0974,6797.6,0,-139.61,-133,0.436224
32340, 73.7712, 29, -1,-1,-1,51.2316,20.2503,0.019953,8.68e+08,11,125000,1,0,0.623945,10786.5,0,-135.226,-135,0.790528
32342, 74.0059, 16, -1,-1,-1,42.7786,6.94506,0.019953,8.68e+08,10,125000,1,0,-6.07374,16202.3,0,-137.442,-133,0.436224
32365, 74.882, 41, -1,-1,-1,57.7942,23.9073,0.019953,8.68e+08,10,125000,1,0,7.53534,7339.37,1,-132.955,-133,0.436224
32378, 75.087, 11, -1,-1,-1,55.1052,36.446,0.025119,8.68e+08,11,125000,1,0,1.49665,2013.78,1,-133.937,-135,0.790528
32380, 75.4106, 40, -1,-1,-1,59.1236,25.6898,0.015849,8.68e+08,10,125000,1,0,8.87991,5820.31,0,-133.53,-133,0.436224
32382, 75.4565, 4, -1,-1,-1,42.7292,12.7851,0.025119,8.68e+08,11,125000,1,0,-6.28332,14320.8,0,-136.51,-135,0.790528
32389, 75.6612, 27, -1,-1,-1,50.9263,3.96498,0.019953,8.68e+08,12,125000,1,0,1.48552,17081.3,0,-134.937,-137,1.58106
32396, 76.1078, 5, -1,-1,-1,53.0128,4.81756,0.019953,8.68e+08,10,125000,1,0,3.89559,16724.5,0,-134.137,-133,0.436224
32408, 76.6267, 2, -1,-1,-1,52.1594,14.5236,0.019953,8.68e+08,12,125000,1,0,2.32475,13100.1,0,-134.658,-137,1.58106
32420, 77.1277, 58, -1,-1,-1,62.6808,-4.27248,0.015849,8.68e+08,12,125000,1,0,19.308,18444.6,0,-130.553,-137,1.58106
32422, 77.2802, 0, -1,-1,-1,51.6007,-2.3004,0.025119,8.68e+08,11,125000,1,0,2.22513,18638.4,0,-133.691,-135,0.790528
32439, 77.4734, 25, -1,-1,-1,47.4666,6.98245,0.025119,8.68e+08,10,125000,1,0,-1.84957,16114.3,0,-135.051,-133,0.436224
32446, 77.6567, 47, -1,-1,-1,60.7806,1.83536,0.015849,8.68e+08,11,125000,1,0,15.9027,17053.1,0,-131.457,-135,0.790528
32449, 77.7333, 59, -1,-1,-1,70.3446,16.3551,0.019953,8.68e+08,10,125000,1,0,42.6547,380.339,1,-125.074,-133,0.436224
32451, 77.7523, 28, -1,-1,-1,54.4004,13.1066,0.019953,8.68e+08,10,125000,1,0,5.1628,13337.5,0,-133.72,-133,0.436224
32453, 77.895, 39, -1,-1,-1,44.7388,20.1372,0.015849,8.68e+08,10,125000,1,0,-5.10411,11376.1,0,-138.127,-133,0.436224
32455, 78.1376, 45, -1,-1,-1,49.1516,25.5874,0.025119,8.68e+08,12,125000,1,0,-1.98596,8531.29,0,-135.098,-137,1.58106
32462, 78.2908, 26, -1,-1,-1,48.2338,8.18102,0.015849,8.68e+08,11,125000,1,0,-1.14255,15695.4,0,-136.815,-135,0.790528
32469, 78.5822, 42, -1,-1,-1,55.9659,22.2357,0.019953,8.68e+08,10,125000,1,0,5.70848,8557.26,0,-133.543,-133,0.436224
32481, 79.0835, 34, -1,-1,-1,47.8921,18.1051,0.019953,8.68e+08,11,125000,1,0,-2.13946,11902.7,0,-136.148,-135,0.790528
32488, 79.3634, 20, -1,-1,-1,39.7553,-9.35268,0.019953,8.68e+08,10,125000,1,0,-8.58932,19259.5,0,-138.243,-133,0.436224
32490, 79.9048, 35, -1,-1,-1,44.8964,23.9506,0.019953,8.68e+08,11,125000,1,0,-5.34704,9721.43,0,-137.207,-135,0.790528
32503, 80.5932, 14, -1,-1,-1,53.9616,-4.16799,0.025119,8.68e+08,10,125000,1,0,5.09629,19140.2,1,-132.742,-133,0.436224
32505, 80.6019, 6, -1,-1,-1,57.9389,19.5301,0.019953,8.68e+08,12,125000,1,0,8.90444,9296.86,0,-132.522,-137,1.58106
32508, 80.8421, 17, -1,-1,-1,49.9949,1.85453,0.025119,8.68e+08,11,125000,1,0,0.84405,17721.3,1,-134.151,-135,0.790528
32540, 81.9045, 8, -1,-1,-1,60.9564,9.93245,0.015849,8.68e+08,11,125000,1,0,16.1416,13437,0,-131.391,-135,0.790528
32542, 82.0564, 13, -1,-1,-1,57.1683,-5.07194,0.015849,8.68e+08,11,125000,1,0,9.45962,19227.2,0,-133.348,-135,0.790528
32544, 82.1814, 24, -1,-1,-1,49.1334,13.5818,0.015849,8.68e+08,10,125000,1,0,-0.413723,13677.1,0,-136.572,-133,0.436224
32561, 82.5716, 1, -1,-1,-1,49.3743,3.30528,0.015849,8.68e+08,11,125000,1,0,0.30494,17274.5,0,-136.331,-135,0.790528
32563, 82.6939, 12, -1,-1,-1,53.1839,-3.87715,0.019953,8.68e+08,12,125000,1,0,4.24457,19067.4,0,-134.021,-137,1.58106
32565, 82.8372, 21, -1,-1,-1,40.7647,-7.46535,0.025119,8.68e+08,10,125000,1,0,-7.54288,19246,0,-136.912,-133,0.436224
32572, 82.9104, 31, -1,-1,-1,55.2698,20.8384,0.019953,8.68e+08,12,125000,1,0,5.25033,9419.73,0,-133.692,-137,1.58106
32579, 83.056, 23, -1,-1,-1,52.3551,9.17867,0.015849,8.68e+08,11,125000,1,0,3.33503,15151.8,0,-135.321,-135,0.790528
32581, 83.0947, 52, -1,-1,-1,38.853,34.58,0.019953,8.68e+08,11,125000,1,0,-11.1983,6032.04,0,-139.048,-135,0.790528
32588, 83.3448, 49, -1,-1,-1,45.6929,9.55674,0.015849,8.68e+08,10,125000,1,0,-3.299,15307.1,0,-137.532,-133,0.436224
32595, 83.4244, 57, -1,-1,-1,36.1272,33.7657,0.019953,8.68e+08,10,125000,1,0,-12.9465,6630.47,0,-139.566,-133,0.436224
32597, 83.6712, 30, -1,-1,-1,50.4166,22.3874,0.025119,8.68e+08,10,125000,1,0,-0.150945,9617.32,0,-134.485,-133,0.436224
32604, 83.819, 43, -1,-1,-1,55.2559,26.0605,0.025119,8.68e+08,10,125000,1,0,4.21075,6651.14,0,-133.034,-133,0.436224
32616, 84.2393, 15, -1,-1,-1,46.2746,7.09545,0.019953,8.68e+08,10,125000,1,0,-2.63911,16089.6,0,-136.313,-133,0.436224
32633, 84.588, 33, -1,-1,-1,48.5351,16.7675,0.019953,8.68e+08,10,125000,1,0,-1.19789,12330.4,0,-135.834,-133,0.436224
32635, 84.6146, 50, -1,-1,-1,39.8689,16.152,0.019953,8.68e+08,11,125000,1,0,-8.42413,13128.6,0,-138.191,-135,0.790528
32637, 84.7677, 37, -1,-1,-1,40.6397,25.2461,0.019953,8.68e+08,10,125000,1,0,-8.68556,9574.23,0,-138.275,-133,0.436224
32644, 85.2963, 51, -1,-1,-1,42.2294,28.194,0.015849,8.68e+08,10,125000,1,0,-7.84581,8176.45,0,-139.011,-133,0.436224
32656, 85.9394, 55, -1,-1,-1,29.3409,-14.2582,0.025119,8.68e+08,12,125000,1,0,-15.9587,19170.7,0,-139.414,-137,1.58106
32658, 86.119, 56, -1,-1,-1,34.5758,13.0619,0.019953,8.68e+08,12,125000,1,0,-12.075,14218.6,0,-139.306,-137,1.58106
32660, 86.3055, 4, -1,-1,-1,42.7292,12.7851,0.025119,8.68e+08,11,125000,1,0,-5.89186,14193.2,0,-136.382,-135,0.790528
32677, 86.616, 29, -1,-1,-1,51.2316,20.2503,0.019953,8.68e+08,11,125000,1,0,1.05649,10341.1,0,-135.081,-135,0.790528
32699, 87.0453, 41, -1,-1,-1,57.7942,23.9073,0.019953,8.68e+08,10,125000,1,0,7.90468,6640.37,0,-132.837,-133,0.436224
32701, 87.0745, 10, -1,-1,-1,29.0987,31.7557,0.015849,8.68e+08,10,125000,1,0,-17.2405,7822.23,0,-141.762,-133,0.436224
32703, 87.1129, 9, -1,-1,-1,38.2779,25.7475,0.015849,8.68e+08,11,125000,1,0,-10.4224,9504.15,0,-139.811,-135,0.790528
32705, 87.1139, 53, -1,-1,-1,65.3284,-19.1561,0.025119,8.68e+08,10,125000,1,0,20.9987,17139.6,0,-128.13,-133,0.436224
32707, 87.51, 46, -1,-1,-1,54.0139,24.7077,0.019953,8.68e+08,11,125000,1,0,3.21538,7505.51,0,-134.362,-135,0.790528
32709, 87.5812, 0, -1,-1,-1,51.6007,-2.3004,0.025119,8.68e+08,11,125000,1,0,2.88385,18627.6,0,-133.471,-135,0.790528
32716, 87.9247, 27, -1,-1,-1,50.9263,3.96498,0.019953,8.68e+08,12,125000,1,0,2.17936,16939,0,-134.705,-137,1.58106
32723, 88.9224, 54, -1,-1,-1,31.4019,-15.4743,0.015849,8.68e+08,11,125000,1,0,-14.5252,19346.4,0,-141.015,-135,0.790528
32730, 89.1747, 2, -1,-1,-1,52.1594,14.5236,0.019953,8.68e+08,12,125000,1,0,2.88151,12725.7,0,-134.472,-137,1.58106
32742, 89.8373, 38, -1,-1,-1,46.6172,18.1503,0.019953,8.68e+08,11,125000,1,0,-2.92978,11760.6,0,-136.41,-135,0.790528
32744, 89.9509, 5, -1,-1,-1,53.0128,4.81756,0.019953,8.68e+08,10,125000,1,0,4.74879,16482.8,0,-133.854,-133,0.436224
32746, 90.1199, 25, -1,-1,-1,47.4666,6.98245,0.025119,8.68e+08,10,125000,1,0,-1.2571,15953.3,0,-134.853,-133,0.436224
32773, 90.8589, 22, -1,-1,-1,51.0484,10.8218,0.025119,8.68e+08,10,125000,1,0,2.17387,14314.9,0,-133.707,-133,0.436224
32780, 91.1278, 36, -1,-1,-1,42.8721,21.2682,0.025119,8.68e+08,11,125000,1,0,-6.37021,10782.5,0,-136.538,-135,0.790528
32787, 91.2939, 28, -1,-1,-1,54.4004,13.1066,0.019953,8.68e+08,10,125000,1,0,5.85909,12869.8,0,-133.492,-133,0.436224
32789, 91.3379, 3, -1,-1,-1,38.8081,-3.66631,0.019953,8.68e+08,11,125000,1,0,-8.52519,18466.3,0,-138.222,-135,0.790528
32791, 91.6843, 16, -1,-1,-1,42.7786,6.94506,0.019953,8.68e+08,10,125000,1,0,-5.34507,15985.6,0,-137.204,-133,0.436224
32794, 91.7803, 11, -1,-1,-1,55.1052,36.446,0.025119,8.68e+08,11,125000,1,0,1.58172,1130.23,1,-133.908,-135,0.790528
32801, 92.4138, 18, -1,-1,-1,41.6718,4.40735,0.025119,8.68e+08,12,125000,1,0,-6.20722,16726.8,0,-136.483,-137,1.58106
32808, 92.8353, 44, -1,-1,-1,48.915,29.8997,0.015849,8.68e+08,10,125000,1,0,-2.58549,5993.97,0,-137.298,-133,0.436224
32810, 92.9617, 20, -1,-1,-1,39.7553,-9.35268,0.019953,8.68e+08,10,125000,1,0,-7.95829,19321.4,0,-138.043,-133,0.436224
32832, 94.9852, 7, -1,-1,-1,48.8156,14.5218,0.025119,8.68e+08,10,125000,1,0,-0.296913,12849.4,0,-134.532,-133,0.436224
32850, 95.4375, 59, -1,-1,-1,70.3446,16.3551,0.019953,8.68e+08,10,125000,1,0,42.1768,-2684.05,1,-125.138,-133,0.436224
32853, 95.63, 58, -1,-1,-1,62.6808,-4.27248,0.015849,8.68e+08,12,125000,1,0,22.2217,17986.3,1,-129.833,-137,1.58106
32855, 95.7113, 32, -1,-1,-1,50.6742,17.0701,0.019953,8.68e+08,11,125000,1,0,1.26596,11477.3,0,-135.01,-135,0.790528
32857, 95.7847, 48, -1,-1,-1,56.6076,12.8569,0.015849,8.68e+08,10,125000,1,0,9.13233,12292.8,0,-133.449,-133,0.436224
32860, 95.9025, 47, -1,-1,-1,60.7806,1.83536,0.015849,8.68e+08,11,125000,1,0,18.0678,16443.2,1,-130.872,-135,0.790528
32867, 96.124, 31, -1,-1,-1,55.2698,20.8384,0.019953,8.68e+08,12,125000,1,0,5.7149,8628.94,0,-133.54,-137,1.58106
32874, 96.4993, 51, -1,-1,-1,42.2294,28.194,0.015849,8.68e+08,10,125000,1,0,-7.62954,7752.74,0,-138.942,-133,0.436224
32891, 96.6787, 40, -1,-1,-1,59.1236,25.6898,0.015849,8.68e+08,10,125000,1,0,9.38616,4323.78,0,-133.371,-133,0.436224
32898, 96.9384, 19, -1,-1,-1,38.0115,0.007687,0.015849,8.68e+08,10,125000,1,0,-8.81253,17617,0,-139.311,-133,0.436224
32915, 97.1033, 39, -1,-1,-1,44.7388,20.1372,0.015849,8.68e+08,10,125000,1,0,-4.54218,10839.5,0,-137.942,-133,0.436224
32917, 97.2947, 26, -1,-1,-1,48.2338,8.18102,0.015849,8.68e+08,11,125000,1,0,-0.252476,15316.9,0,-136.516,-135,0.790528
32920, 97.448, 53, -1,-1,-1,65.3284,-19.1561,0.025119,8.68e+08,10,125000,1,0,22.5876,16612.3,1,-127.746,-133,0.436224
32922, 97.5006, 41, -1,-1,-1,57.7942,23.9073,0.019953,8.68e+08,10,125000,1,0,8.1939,5881.04,0,-132.744,-133,0.436224
32935, 97.798, 0, -1,-1,-1,51.6007,-2.3004,0.025119,8.68e+08,11,125000,1,0,3.55255,18428.8,1,-133.248,-135,0.790528
32947, 98.1423, 42, -1,-1,-1,55.9659,22.2357,0.019953,8.68e+08,10,125000,1,0,6.3407,7468.14,0,-133.337,-133,0.436224
32949, 98.4103, 45, -1,-1,-1,49.1516,25.5874,0.025119,8.68e+08,12,125000,1,0,-1.50671,7726.55,0,-134.937,-137,1.58106
32952, 98.4877, 14, -1,-1,-1,53.9616,-4.16799,0.025119,8.68e+08,10,125000,1,0,6.44189,18800.1,1,-132.303,-133,0.436224
32954, 98.5864, 23, -1,-1,-1,52.3551,9.17867,0.015849,8.68e+08,11,125000,1,0,4.16905,14580.8,0,-135.044,-135,0.790528
32961, 98.7357, 29, -1,-1,-1,51.2316,20.2503,0.019953,8.68e+08,11,125000,1,0,1.45178,9753.73,0,-134.948,-135,0.790528
32968, 99.0319, 33, -1,-1,-1,48.5351,16.7675,0.019953,8.68e+08,10,125000,1,0,-0.678964,11760.5,0,-135.66,-133,0.436224
32985, 99.6434, 17, -1,-1,-1,49.9949,1.85453,0.025119,8.68e+08,11,125000,1,0,1.91842,17292.5,0,-133.791,-135,0.790528
32987, 99.6559, 57, -1,-1,-1,36.1272,33.7657,0.019953,8.68e+08,10,125000,1,0,-12.7194,6089.48,0,-139.499,-133,0.436224
32999, 100.22, 15, -1,-1,-1,46.2746,7.09545,0.019953,8.68e+08,10,125000,1,0,-1.91654,15678.6,0,-136.072,-133,0.436224
33001, 100.322, 8, -1,-1,-1,60.9564,9.93245,0.015849,8.68e+08,11,125000,1,0,17.8029,12130.2,0,-130.942,-135,0.790528
33003, 100.362, 35, -1,-1,-1,44.8964,23.9506,0.019953,8.68e+08,11,125000,1,0,-4.84365,9074.59,0,-137.041,-135,0.790528
33025, 100.718, 38, -1,-1,-1,46.6172,18.1503,0.019953,8.68e+08,11,125000,1,0,-2.57728,11346.8,0,-136.293,-135,0.790528
33152, 101.107, 10, -1,-1,-1,29.0987,31.7557,0.015849,8.68e+08,10,125000,1,0,-17.0155,7618.37,0,-141.702,-133,0.436224
33154, 101.193, 34, -1,-1,-1,47.8921,18.1051,0.019953,8.68e+08,11,125000,1,0,-1.39649,11338.9,0,-135.899,-135,0.790528
33156, 101.329, 50, -1,-1,-1,39.8689,16.152,0.019953,8.68e+08,11,125000,1,0,-7.90556,12822.4,0,-138.027,-135,0.790528
33158, 101.333, 24, -1,-1,-1,49.1334,13.5818,0.015849,8.68e+08,10,125000,1,0,0.374381,13124.8,0,-136.307,-133,0.436224
33165, 102.029, 12, -1,-1,-1,53.1839,-3.87715,0.019953,8.68e+08,12,125000,1,0,5.63811,18887.2,0,-133.563,-137,1.58106
33172, 102.751, 49, -1,-1,-1,45.6929,9.55674,0.015849,8.68e+08,10,125000,1,0,-2.48499,14928,0,-137.261,-133,0.436224
33185, 103.332, 6, -1,-1,-1,57.9389,19.5301,0.019953,8.68e+08,12,125000,1,0,9.83532,8026.79,1,-132.231,-137,1.58106
33192, 104.003, 28, -1,-1,-1,54.4004,13.1066,0.019953,8.68e+08,10,125000,1,0,6.50661,12399.1,0,-133.282,-133,0.436224
33199, 104.401, 18, -1,-1,-1,41.6718,4.40735,0.025119,8.68e+08,12,125000,1,0,-5.69966,16659.4,0,-136.318,-137,1.58106
33211, 104.757, 56, -1,-1,-1,34.5758,13.0619,0.019953,8.68e+08,12,125000,1,0,-11.489,13978.8,0,-139.13,-137,1.58106
33218, 104.934, 5, -1,-1,-1,53.0128,4.81756,0.019953,8.68e+08,10,125000,1,0,5.69234,16167.9,0,-133.545,-133,0.436224
33230, 105.064, 9, -1,-1,-1,38.2779,25.7475,0.015849,8.68e+08,11,125000,1,0,-10.0406,9079.77,0,-139.693,-135,0.790528
33232, 105.343, 1, -1,-1,-1,49.3743,3.30528,0.015849,8.68e+08,11,125000,1,0,1.54742,16886.2,0,-135.914,-135,0.790528
33234, 105.353, 30, -1,-1,-1,50.4166,22.3874,0.025119,8.68e+08,10,125000,1,0,0.462702,8711.83,0,-134.278,-133,0.436224
33246, 105.771, 36, -1,-1,-1,42.8721,21.2682,0.025119,8.68e+08,11,125000,1,0,-5.97931,10419.5,0,-136.41,-135,0.790528
33248, 105.814, 11, -1,-1,-1,55.1052,36.446,0.025119,8.68e+08,11,125000,1,0,1.61447,404.76,0,-133.896,-135,0.790528
33260, 106.391, 21, -1,-1,-1,40.7647,-7.46535,0.025119,8.68e+08,10,125000,1,0,-6.42669,19175.2,0,-136.553,-133,0.436224
33267, 106.538, 13, -1,-1,-1,57.1683,-5.07194,0.015849,8.68e+08,11,125000,1,0,11.8072,18877.6,0,-132.63,-135,0.790528
33269, 107.158, 4, -1,-1,-1,42.7292,12.7851,0.025119,8.68e+08,11,125000,1,0,-5.14429,13764.1,0,-136.137,-135,0.790528
33271, 107.228, 52, -1,-1,-1,38.853,34.58,0.019953,8.68e+08,11,125000,1,0,-10.8911,5322.76,0,-138.955,-135,0.790528
33273, 107.246, 55, -1,-1,-1,29.3409,-14.2582,0.025119,8.68e+08,12,125000,1,0,-15.0907,19215.4,0,-139.172,-137,1.58106
33290, 108.268, 25, -1,-1,-1,47.4666,6.98245,0.025119,8.68e+08,10,125000,1,0,-0.399822,15615.8,0,-134.564,-133,0.436224
33307, 108.613, 43, -1,-1,-1,55.2559,26.0605,0.025119,8.68e+08,10,125000,1,0,4.75451,5206.77,0,-132.853,-133,0.436224
33310, 108.91, 53, -1,-1,-1,65.3284,-19.1561,0.025119,8.68e+08,10,125000,1,0,24.4663,16243.4,1,-127.312,-133,0.436224
33312, 108.956, 37, -1,-1,-1,40.6397,25.2461,0.019953,8.68e+08,10,125000,1,0,-8.15428,8885.72,0,-138.106,-133,0.436224
33314, 109.482, 2, -1,-1,-1,52.1594,14.5236,0.019953,8.68e+08,12,125000,1,0,3.76819,11956.4,0,-134.176,-137,1.58106
33321, 109.859, 31, -1,-1,-1,55.2698,20.8384,0.019953,8.68e+08,12,125000,1,0,6.16847,7919.62,0,-133.391,-137,1.58106
33338, 110.3, 48, -1,-1,-1,56.6076,12.8569,0.015849,8.68e+08,10,125000,1,0,9.96144,11606,0,-133.19,-133,0.436224
33340, 110.387, 22, -1,-1,-1,51.0484,10.8218,0.025119,8.68e+08,10,125000,1,0,3.11598,13723,0,-133.392,-133,0.436224
33352, 110.491, 20, -1,-1,-1,39.7553,-9.35268,0.019953,8.68e+08,10,125000,1,0,-7.13111,19336.2,0,-137.779,-133,0.436224
33354, 110.575, 35, -1,-1,-1,44.8964,23.9506,0.019953,8.68e+08,11,125000,1,0,-4.6029,8812.55,0,-136.962,-135,0.790528
33361, 110.906, 51, -1,-1,-1,42.2294,28.194,0.015849,8.68e+08,10,125000,1,0,-7.36363,7350.76,0,-138.856,-133,0.436224
33363, 111.092, 39, -1,-1,-1,44.7388,20.1372,0.015849,8.68e+08,10,125000,1,0,-4.14517,10465.3,0,-137.811,-133,0.436224
33385, 112.015, 54, -1,-1,-1,31.4019,-15.4743,0.015849,8.68e+08,11,125000,1,0,-13.5567,19378,0,-140.737,-135,0.790528
33387, 112.027, 27, -1,-1,-1,50.9263,3.96498,0.019953,8.68e+08,12,125000,1,0,3.57685,16434.1,0,-134.239,-137,1.58106
33390, 112.035, 46, -1,-1,-1,54.0139,24.7077,0.019953,8.68e+08,11,125000,1,0,3.8125,6174.8,1,-134.163,-135,0.790528
33393, 112.363, 59, -1,-1,-1,70.3446,16.3551,0.019953,8.68e+08,10,125000,1,0,40.5536,-5450.85,1,-125.367,-133,0.436224
33415, 112.846, 49, -1,-1,-1,45.6929,9.55674,0.015849,8.68e+08,10,125000,1,0,-2.06139,14630.1,0,-137.119,-133,0.436224
33417, 112.89, 16, -1,-1,-1,42.7786,6.94506,0.019953,8.68e+08,10,125000,1,0,-4.46632,15656.4,0,-136.914,-133,0.436224
33419, 113.193, 26, -1,-1,-1,48.2338,8.18102,0.015849,8.68e+08,11,125000,1,0,0.497058,14989.2,0,-136.264,-135,0.790528
33421, 113.261, 58, -1,-1,-1,62.6808,-4.27248,0.015849,8.68e+08,12,125000,1,0,25.3793,17427.2,0,-129.108,-137,1.58106
33429, 113.396, 8, -1,-1,-1,60.9564,9.93245,0.015849,8.68e+08,11,125000,1,0,18.972,11285.8,1,-130.635,-135,0.790528
33446, 113.944, 42, -1,-1,-1,55.9659,22.2357,0.019953,8.68e+08,10,125000,1,0,6.79831,6559.74,0,-133.188,-133,0.436224
33448, 114.073, 0, -1,-1,-1,51.6007,-2.3004,0.025119,8.68e+08,11,125000,1,0,4.65154,18268.6,0,-132.884,-135,0.790528
33450, 114.328, 23, -1,-1,-1,52.3551,9.17867,0.015849,8.68e+08,11,125000,1,0,5.01922,14115.4,0,-134.764,-135,0.790528
33453, 114.394, 47, -1,-1,-1,60.7806,1.83536,0.015849,8.68e+08,11,125000,1,0,20.4385,15670.1,1,-130.264,-135,0.790528
33465, 115.824, 3, -1,-1,-1,38.8081,-3.66631,0.019953,8.68e+08,11,125000,1,0,-7.43565,18332.7,0,-137.875,-135,0.790528
33477, 116.444, 12, -1,-1,-1,53.1839,-3.87715,0.019953,8.68e+08,12,125000,1,0,6.7293,18589.1,0,-133.208,-137,1.58106
33479, 116.517, 19, -1,-1,-1,38.0115,0.007687,0.015849,8.68e+08,10,125000,1,0,-7.98769,17498.7,0,-139.05,-133,0.436224
33487, 116.735, 29, -1,-1,-1,51.2316,20.2503,0.019953,8.68e+08,11,125000,1,0,2.01234,8986.87,1,-134.759,-135,0.790528
33489, 117.041, 44, -1,-1,-1,48.915,29.8997,0.015849,8.68e+08,10,125000,1,0,-2.21048,4933.19,0,-137.172,-133,0.436224
33506, 117.495, 7, -1,-1,-1,48.8156,14.5218,0.025119,8.68e+08,10,125000,1,0,0.578512,12110.2,0,-134.237,-133,0.436224
33513, 117.863, 40, -1,-1,-1,59.1236,25.6898,0.015849,8.68e+08,10,125000,1,0,9.7468,2760,0,-133.258,-133,0.436224
33525, 118.095, 32, -1,-1,-1,50.6742,17.0701,0.019953,8.68e+08,11,125000,1,0,2.08458,10589.1,0,-134.735,-135,0.790528
33542, 118.41, 50, -1,-1,-1,39.8689,16.152,0.019953,8.68e+08,11,125000,1,0,-7.38366,12318.4,0,-137.86,-135,0.790528
33545, 118.473, 14, -1,-1,-1,53.9616,-4.16799,0.025119,8.68e+08,10,125000,1,0,8.03736,18560.2,1,-131.79,-133,0.436224
33547, 118.481, 33, -1,-1,-1,48.5351,16.7675,0.019953,8.68e+08,10,125000,1,0,0.002191,11098.3,0,-135.43,-133,0.436224
33559, 118.67, 28, -1,-1,-1,54.4004,13.1066,0.019953,8.68e+08,10,125000,1,0,7.24263,11617.8,0,-133.044,-133,0.436224
33561, 118.994, 4, -1,-1,-1,42.7292,12.7851,0.025119,8.68e+08,11,125000,1,0,-4.72351,13409.5,0,-135.999,-135,0.790528
33583, 119.427, 9, -1,-1,-1,38.2779,25.7475,0.015849,8.68e+08,11,125000,1,0,-9.74657,8594.42,0,-139.602,-135,0.790528
33585, 119.434, 34, -1,-1,-1,47.8921,18.1051,0.019953,8.68e+08,11,125000,1,0,-0.804915,10570.7,0,-135.7,-135,0.790528
33597, 119.639, 15, -1,-1,-1,46.2746,7.09545,0.019953,8.68e+08,10,125000,1,0,-1.03211,15305.6,0,-135.775,-133,0.436224
33599, 119.646, 5, -1,-1,-1,53.0128,4.81756,0.019953,8.68e+08,10,125000,1,0,6.63866,15647.1,0,-133.237,-133,0.436224
33601, 119.878, 53, -1,-1,-1,65.3284,-19.1561,0.025119,8.68e+08,10,125000,1,0,26.3857,15529.9,0,-126.89,-133,0.436224
33608, 119.987, 56, -1,-1,-1,34.5758,13.0619,0.019953,8.68e+08,12,125000,1,0,-11.014,13622.7,0,-138.986,-137,1.58106
33610, 120.049, 1, -1,-1,-1,49.3743,3.30528,0.015849,8.68e+08,11,125000,1,0,2.36865,16490.6,0,-135.639,-135,0.790528
33612, 120.355, 36, -1,-1,-1,42.8721,21.2682,0.025119,8.68e+08,11,125000,1,0,-5.60141,9882.14,0,-136.287,-135,0.790528
33619, 120.706, 17, -1,-1,-1,49.9949,1.85453,0.025119,8.68e+08,11,125000,1,0,3.15935,16930.7,0,-133.376,-135,0.790528
33621, 120.775, 55, -1,-1,-1,29.3409,-14.2582,0.025119,8.68e+08,12,125000,1,0,-14.5338,19102,0,-139.014,-137,1.58106
33628, 121.02, 57, -1,-1,-1,36.1272,33.7657,0.019953,8.68e+08,10,125000,1,0,-12.4418,5698.6,0,-139.416,-133,0.436224
33641, 121.311, 41, -1,-1,-1,57.7942,23.9073,0.019953,8.68e+08,10,125000,1,0,8.7428,4384.94,1,-132.57,-133,0.436224
33648, 121.473, 21, -1,-1,-1,40.7647,-7.46535,0.025119,8.68e+08,10,125000,1,0,-5.69601,19187,0,-136.315,-133,0.436224
33655, 122.071, 38, -1,-1,-1,46.6172,18.1503,0.019953,8.68e+08,11,125000,1,0,-1.90438,10798.5,0,-136.067,-135,0.790528
33663, 122.284, 11, -1,-1,-1,55.1052,36.446,0.025119,8.68e+08,11,125000,1,0,1.60733,-472.915,1,-133.897,-135,0.790528
33675, 122.538, 24, -1,-1,-1,49.1334,13.5818,0.015849,8.68e+08,10,125000,1,0,1.23339,12428,0,-136.018,-133,0.436224
33677, 122.954, 43, -1,-1,-1,55.2559,26.0605,0.025119,8.68e+08,10,125000,1,0,5.01257,4394.24,0,-132.768,-133,0.436224
33690, 123.033, 45, -1,-1,-1,49.1516,25.5874,0.025119,8.68e+08,12,125000,1,0,-0.981206,6800.01,1,-134.76,-137,1.58106
33697, 123.289, 52, -1,-1,-1,38.853,34.58,0.019953,8.68e+08,11,125000,1,0,-10.7067,4891.26,0,-138.898,-135,0.790528
33699, 123.444, 37, -1,-1,-1,40.6397,25.2461,0.019953,8.68e+08,10,125000,1,0,-7.85187,8515.42,0,-138.01,-133,0.436224
33706, 123.77, 46, -1,-1,-1,54.0139,24.7077,0.019953,8.68e+08,11,125000,1,0,4.06149,5583,0,-134.08,-135,0.790528
33708, 124.006, 30, -1,-1,-1,50.4166,22.3874,0.025119,8.68e+08,10,125000,1,0,0.950966,7898.89,0,-134.114,-133,0.436224
33720, 124.753, 6, -1,-1,-1,57.9389,19.5301,0.019953,8.68e+08,12,125000,1,0,10.5987,6556.48,0,-131.995,-137,1.58106
33722, 124.828, 39, -1,-1,-1,44.7388,20.1372,0.015849,8.68e+08,10,125000,1,0,-3.76659,10078.5,0,-137.685,-133,0.436224
33724, 125.18, 22, -1,-1,-1,51.0484,10.8218,0.025119,8.68e+08,10,125000,1,0,3.82663,13263.7,0,-133.155,-133,0.436224
33741, 125.636, 10, -1,-1,-1,29.0987,31.7557,0.015849,8.68e+08,10,125000,1,0,-16.6398,7105.85,0,-141.6,-133,0.436224
33748, 126.21, 8, -1,-1,-1,60.9564,9.93245,0.015849,8.68e+08,11,125000,1,0,20.0906,10365.4,0,-130.35,-135,0.790528
33755, 126.826, 2, -1,-1,-1,52.1594,14.5236,0.019953,8.68e+08,12,125000,1,0,4.50554,11253.3,0,-133.932,-137,1.58106
33757, 127.055, 42, -1,-1,-1,55.9659,22.2357,0.019953,8.68e+08,10,125000,1,0,7.13672,5795,0,-133.078,-133,0.436224
33759, 127.574, 18, -1,-1,-1,41.6718,4.40735,0.025119,8.68e+08,12,125000,1,0,-4.71063,16337.5,0,-135.993,-137,1.58106
33781, 128.491, 51, -1,-1,-1,42.2294,28.194,0.015849,8.68e+08,10,125000,1,0,-7.05872,6805.42,0,-138.758,-133,0.436224
33784, 128.764, 59, -1,-1,-1,70.3446,16.3551,0.019953,8.68e+08,10,125000,1,0,38.1815,-7859.54,1,-125.722,-133,0.436224
33792, 128.949, 29, -1,-1,-1,51.2316,20.2503,0.019953,8.68e+08,11,125000,1,0,2.3722,8483.42,1,-134.639,-135,0.790528
33799, 129.051, 54, -1,-1,-1,31.4019,-15.4743,0.015849,8.68e+08,11,125000,1,0,-12.832,19453.9,0,-140.525,-135,0.790528
33826, 129.713, 25, -1,-1,-1,47.4666,6.98245,0.025119,8.68e+08,10,125000,1,0,0.622412,15131,0,-134.221,-133,0.436224
33833, 129.788, 47, -1,-1,-1,60.7806,1.83536,0.015849,8.68e+08,11,125000,1,0,22.5497,14920.4,0,-129.751,-135,0.790528
33835, 129.81, 49, -1,-1,-1,45.6929,9.55674,0.015849,8.68e+08,10,125000,1,0,-1.35032,14261.3,0,-136.88,-133,0.436224
33837, 129.864, 4, -1,-1,-1,42.7292,12.7851,0.025119,8.68e+08,11,125000,1,0,-4.33984,13232.4,0,-135.872,-135,0.790528
33839, 130.034, 34, -1,-1,-1,47.8921,18.1051,0.019953,8.68e+08,11,125000,1,0,-0.471669,10254.4,0,-135.588,-135,0.790528
33841, 130.057, 7, -1,-1,-1,48.8156,14.5218,0.025119,8.68e+08,10,125000,1,0,1.05675,11730.2,0,-134.076,-133,0.436224
33843, 130.183, 40, -1,-1,-1,59.1236,25.6898,0.015849,8.68e+08,10,125000,1,0,9.88461,1892.03,0,-133.214,-133,0.436224
33851, 130.4, 31, -1,-1,-1,55.2698,20.8384,0.019953,8.68e+08,12,125000,1,0,6.78157,6708.78,1,-133.192,-137,1.58106
33863, 130.703, 20, -1,-1,-1,39.7553,-9.35268,0.019953,8.68e+08,10,125000,1,0,-6.15637,19313,0,-137.463,-133,0.436224
33875, 131.213, 26, -1,-1,-1,48.2338,8.18102,0.015849,8.68e+08,11,125000,1,0,1.35028,14549.8,0,-135.977,-135,0.790528
33882, 131.484, 13, -1,-1,-1,57.1683,-5.07194,0.015849,8.68e+08,11,125000,1,0,14.482,18405.7,0,-131.848,-135,0.790528
33894, 131.638, 5, -1,-1,-1,53.0128,4.81756,0.019953,8.68e+08,10,125000,1,0,7.42381,15358.7,0,-132.984,-133,0.436224
33896, 131.647, 53, -1,-1,-1,65.3284,-19.1561,0.025119,8.68e+08,10,125000,1,0,28.5828,14967.8,0,-126.431,-133,0.436224
33908, 131.974, 19, -1,-1,-1,38.0115,0.007687,0.015849,8.68e+08,10,125000,1,0,-7.32965,17429.2,0,-138.84,-133,0.436224
33910, 132.224, 14, -1,-1,-1,53.9616,-4.16799,0.025119,8.68e+08,10,125000,1,0,9.19907,18422.4,0,-131.424,-133,0.436224
33912, 132.285, 35, -1,-1,-1,44.8964,23.9506,0.019953,8.68e+08,11,125000,1,0,-4.11696,8049.1,0,-136.801,-135,0.790528
33929, 132.535, 36, -1,-1,-1,42.8721,21.2682,0.025119,8.68e+08,11,125000,1,0,-5.29532,9573.76,0,-136.186,-135,0.790528
33931, 132.854, 41, -1,-1,-1,57.7942,23.9073,0.019953,8.68e+08,10,125000,1,0,8.94839,3475.55,0,-132.504,-133,0.436224
33933, 132.968, 48, -1,-1,-1,56.6076,12.8569,0.015849,8.68e+08,10,125000,1,0,11.2124,10297.4,0,-132.807,-133,0.436224
33935, 132.975, 27, -1,-1,-1,50.9263,3.96498,0.019953,8.68e+08,12,125000,1,0,4.82773,15940.3,0,-133.824,-137,1.58106
33938, 133.179, 0, -1,-1,-1,51.6007,-2.3004,0.025119,8.68e+08,11,125000,1,0,5.99918,18007,1,-132.442,-135,0.790528
33960, 134.183, 23, -1,-1,-1,52.3551,9.17867,0.015849,8.68e+08,11,125000,1,0,6.09337,13406,0,-134.412,-135,0.790528
33962, 134.359, 33, -1,-1,-1,48.5351,16.7675,0.019953,8.68e+08,10,125000,1,0,0.54011,10542,0,-135.249,-133,0.436224
33979, 135.119, 16, -1,-1,-1,42.7786,6.94506,0.019953,8.68e+08,10,125000,1,0,-3.5408,15257.7,0,-136.608,-133,0.436224
33981, 135.193, 46, -1,-1,-1,54.0139,24.7077,0.019953,8.68e+08,11,125000,1,0,4.27884,4845.26,0,-134.007,-135,0.790528
33983, 135.196, 44, -1,-1,-1,48.915,29.8997,0.015849,8.68e+08,10,125000,1,0,-1.97424,4144.24,0,-137.092,-133,0.436224
33990, 135.645, 58, -1,-1,-1,62.6808,-4.27248,0.015849,8.68e+08,12,125000,1,0,30.0489,16380.4,0,-128.139,-137,1.58106
33992, 135.692, 56, -1,-1,-1,34.5758,13.0619,0.019953,8.68e+08,12,125000,1,0,-10.5283,13417.5,0,-138.838,-137,1.58106
33994, 135.844, 10, -1,-1,-1,29.0987,31.7557,0.015849,8.68e+08,10,125000,1,0,-16.4904,6809.58,0,-141.559,-133,0.436224
34031, 136.878, 3, -1,-1,-1,38.8081,-3.66631,0.019953,8.68e+08,11,125000,1,0,-6.48038,18224,0,-137.567,-135,0.790528
34033, 136.939, 50, -1,-1,-1,39.8689,16.152,0.019953,8.68e+08,11,125000,1,0,-6.82814,11907,0,-137.681,-135,0.790528
34035, 137.009, 57, -1,-1,-1,36.1272,33.7657,0.019953,8.68e+08,10,125000,1,0,-12.2505,5143.09,0,-139.359,-133,0.436224
34038, 137.08, 11, -1,-1,-1,55.1052,36.446,0.025119,8.68e+08,11,125000,1,0,1.559,-1387.68,1,-133.913,-135,0.790528
34040, 137.086, 52, -1,-1,-1,38.853,34.58,0.019953,8.68e+08,11,125000,1,0,-10.5616,4374.06,0,-138.853,-135,0.790528
34052, 137.637, 15, -1,-1,-1,46.2746,7.09545,0.019953,8.68e+08,10,125000,1,0,-0.20748,14928.8,0,-135.497,-133,0.436224
34054, 137.949, 6, -1,-1,-1,57.9389,19.5301,0.019953,8.68e+08,12,125000,1,0,11.0013,5491.41,0,-131.871,-137,1.58106
34056, 137.988, 12, -1,-1,-1,53.1839,-3.87715,0.019953,8.68e+08,12,125000,1,0,8.45386,18274.2,0,-132.657,-137,1.58106
34058, 138.122, 38, -1,-1,-1,46.6172,18.1503,0.019953,8.68e+08,11,125000,1,0,-1.41766,10117.6,0,-135.904,-135,0.790528
34066, 139.959, 32, -1,-1,-1,50.6742,17.0701,0.019953,8.68e+08,11,125000,1,0,2.84329,9637.66,1,-134.481,-135,0.790528
34083, 140.744, 22, -1,-1,-1,51.0484,10.8218,0.025119,8.68e+08,10,125000,1,0,4.56803,12722.2,0,-132.909,-133,0.436224
34085, 141.03, 4, -1,-1,-1,42.7292,12.7851,0.025119,8.68e+08,11,125000,1,0,-3.9489,13030.4,0,-135.743,-135,0.790528
34088, 141.105, 8, -1,-1,-1,60.9564,9.93245,0.015849,8.68e+08,11,125000,1,0,21.3284,9136.57,1,-130.043,-135,0.790528
34105, 141.864, 43, -1,-1,-1,55.2559,26.0605,0.025119,8.68e+08,10,125000,1,0,5.28327,3239.46,0,-132.678,-133,0.436224
34112, 142.131, 21, -1,-1,-1,40.7647,-7.46535,0.025119,8.68e+08,10,125000,1,0,-4.67294,19121.2,0,-135.979,-133,0.436224
34114, 142.257, 28, -1,-1,-1,54.4004,13.1066,0.019953,8.68e+08,10,125000,1,0,8.38687,10560,0,-132.678,-133,0.436224
34116, 142.443, 39, -1,-1,-1,44.7388,20.1372,0.015849,8.68e+08,10,125000,1,0,-3.29924,9507.87,0,-137.529,-133,0.436224
34148, 143.072, 7, -1,-1,-1,48.8156,14.5218,0.025119,8.68e+08,10,125000,1,0,1.54238,11301.3,0,-133.913,-133,0.436224
34160, 143.537, 9, -1,-1,-1,38.2779,25.7475,0.015849,8.68e+08,11,125000,1,0,-9.27788,8074.74,0,-139.456,-135,0.790528
34162, 143.57, 17, -1,-1,-1,49.9949,1.85453,0.025119,8.68e+08,11,125000,1,0,4.5529,16620.7,0,-132.913,-135,0.790528
34169, 143.84, 1, -1,-1,-1,49.3743,3.30528,0.015849,8.68e+08,11,125000,1,0,3.72841,16119.1,0,-135.185,-135,0.790528
34176, 143.886, 20, -1,-1,-1,39.7553,-9.35268,0.019953,8.68e+08,10,125000,1,0,-5.50753,19356.3,0,-137.252,-133,0.436224
34178, 144.268, 26, -1,-1,-1,48.2338,8.18102,0.015849,8.68e+08,11,125000,1,0,1.96941,14242.1,0,-135.77,-135,0.790528
34180, 144.321, 49, -1,-1,-1,45.6929,9.55674,0.015849,8.68e+08,10,125000,1,0,-0.74403,13937.7,0,-136.676,-133,0.436224
34182, 144.355, 55, -1,-1,-1,29.3409,-14.2582,0.025119,8.68e+08,12,125000,1,0,-13.5514,19335.4,0,-138.732,-137,1.58106
34184, 144.48, 27, -1,-1,-1,50.9263,3.96498,0.019953,8.68e+08,12,125000,1,0,5.52854,15709.7,0,-133.594,-137,1.58106
34186, 144.514, 54, -1,-1,-1,31.4019,-15.4743,0.015849,8.68e+08,11,125000,1,0,-12.166,19538.1,0,-140.328,-135,0.790528
34203, 145.276, 44, -1,-1,-1,48.915,29.8997,0.015849,8.68e+08,10,125000,1,0,-1.86066,3760.86,0,-137.054,-133,0.436224
34205, 145.382, 24, -1,-1,-1,49.1334,13.5818,0.015849,8.68e+08,10,125000,1,0,2.13516,11578.3,0,-135.715,-133,0.436224
34218, 146.07, 48, -1,-1,-1,56.6076,12.8569,0.015849,8.68e+08,10,125000,1,0,11.8987,9530.84,1,-132.6,-133,0.436224
34225, 146.349, 37, -1,-1,-1,40.6397,25.2461,0.019953,8.68e+08,10,125000,1,0,-7.40021,7806.71,0,-137.865,-133,0.436224
34237, 146.652, 45, -1,-1,-1,49.1516,25.5874,0.025119,8.68e+08,12,125000,1,0,-0.542999,5714.78,0,-134.612,-137,1.58106
34239, 146.865, 30, -1,-1,-1,50.4166,22.3874,0.025119,8.68e+08,10,125000,1,0,1.49128,6802.79,0,-133.931,-133,0.436224
34241, 146.978, 36, -1,-1,-1,42.8721,21.2682,0.025119,8.68e+08,11,125000,1,0,-4.94456,9159.32,0,-136.071,-135,0.790528
34263, 147.829, 50, -1,-1,-1,39.8689,16.152,0.019953,8.68e+08,11,125000,1,0,-6.50745,11716.6,0,-137.577,-135,0.790528
34265, 147.831, 51, -1,-1,-1,42.2294,28.194,0.015849,8.68e+08,10,125000,1,0,-6.74989,6165.79,0,-138.658,-133,0.436224
34277, 148.154, 18, -1,-1,-1,41.6718,4.40735,0.025119,8.68e+08,12,125000,1,0,-3.82407,16032.1,0,-135.7,-137,1.58106
34284, 148.33, 25, -1,-1,-1,47.4666,6.98245,0.025119,8.68e+08,10,125000,1,0,1.51575,14676.1,0,-133.92,-133,0.436224
34291, 148.705, 42, -1,-1,-1,55.9659,22.2357,0.019953,8.68e+08,10,125000,1,0,7.60292,4367.1,0,-132.928,-133,0.436224
34298, 148.887, 31, -1,-1,-1,55.2698,20.8384,0.019953,8.68e+08,12,125000,1,0,7.25554,5563.45,0,-133.038,-137,1.58106
34301, 148.936, 13, -1,-1,-1,57.1683,-5.07194,0.015849,8.68e+08,11,125000,1,0,16.5585,18050.5,1,-131.269,-135,0.790528
34303, 149.017, 10, -1,-1,-1,29.0987,31.7557,0.015849,8.68e+08,10,125000,1,0,-16.3038,6606.82,0,-141.508,-133,0.436224
34305, 149.072, 56, -1,-1,-1,34.5758,13.0619,0.019953,8.68e+08,12,125000,1,0,-10.1183,13254.2,0,-138.712,-137,1.58106
34312, 149.269, 57, -1,-1,-1,36.1272,33.7657,0.019953,8.68e+08,10,125000,1,0,-12.1139,4878.05,0,-139.318,-133,0.436224
34335, 149.975, 59, -1,-1,-1,70.3446,16.3551,0.019953,8.68e+08,10,125000,1,0,34.4821,-10578.6,1,-126.326,-133,0.436224
34338, 150.005, 47, -1,-1,-1,60.7806,1.83536,0.015849,8.68e+08,11,125000,1,0,25.4953,13618,1,-129.078,-135,0.790528
34340, 150.157, 35, -1,-1,-1,44.8964,23.9506,0.019953,8.68e+08,11,125000,1,0,-3.74568,7412.91,0,-136.677,-135,0.790528
34347, 150.638, 3, -1,-1,-1,38.8081,-3.66631,0.019953,8.68e+08,11,125000,1,0,-5.84617,18204.8,0,-137.361,-135,0.790528
34484, 151.295, 29, -1,-1,-1,51.2316,20.2503,0.019953,8.68e+08,11,125000,1,0,2.98063,7374.56,0,-134.435,-135,0.790528
34487, 151.448, 41, -1,-1,-1,57.7942,23.9073,0.019953,8.68e+08,10,125000,1,0,9.18877,2131.59,1,-132.428,-133,0.436224
34490, 151.517, 2, -1,-1,-1,52.1594,14.5236,0.019953,8.68e+08,12,125000,1,0,5.50986,10071.3,1,-133.601,-137,1.58106
34503, 151.961, 0, -1,-1,-1,51.6007,-2.3004,0.025119,8.68e+08,11,125000,1,0,7.39027,17700.4,1,-131.992,-135,0.790528
34505, 152.036, 46, -1,-1,-1,54.0139,24.7077,0.019953,8.68e+08,11,125000,1,0,4.5511,3875.93,0,-133.917,-135,0.790528
34512, 152.484, 23, -1,-1,-1,52.3551,9.17867,0.015849,8.68e+08,11,125000,1,0,7.07829,12678.6,0,-134.093,-135,0.790528
34514, 152.498, 19, -1,-1,-1,38.0115,0.007687,0.015849,8.68e+08,10,125000,1,0,-6.44629,17255.8,0,-138.554,-133,0.436224
34521, 152.639, 32, -1,-1,-1,50.6742,17.0701,0.019953,8.68e+08,11,125000,1,0,3.26045,9109.35,0,-134.341,-135,0.790528
34538, 153.068, 15, -1,-1,-1,46.2746,7.09545,0.019953,8.68e+08,10,125000,1,0,0.501916,14592.4,0,-135.259,-133,0.436224
34540, 153.207, 40, -1,-1,-1,59.1236,25.6898,0.015849,8.68e+08,10,125000,1,0,9.99222,106.301,0,-133.179,-133,0.436224
34553, 153.674, 53, -1,-1,-1,65.3284,-19.1561,0.025119,8.68e+08,10,125000,1,0,33.0707,13305,1,-125.573,-133,0.436224
34555, 153.842, 34, -1,-1,-1,47.8921,18.1051,0.019953,8.68e+08,11,125000,1,0,0.243606,9294.25,0,-135.347,-135,0.790528
34562, 154.079, 33, -1,-1,-1,48.5351,16.7675,0.019953,8.68e+08,10,125000,1,0,1.18045,9757.42,0,-135.033,-133,0.436224
34569, 154.447, 28, -1,-1,-1,54.4004,13.1066,0.019953,8.68e+08,10,125000,1,0,8.95121,9783.25,0,-132.5,-133,0.436224
34571, 154.624, 58, -1,-1,-1,62.6808,-4.27248,0.015849,8.68e+08,12,125000,1,0,34.7068,15207.5,0,-127.286,-137,1.58106
34589, 155.071, 14, -1,-1,-1,53.9616,-4.16799,0.025119,8.68e+08,10,125000,1,0,11.2604,17994.5,1,-130.789,-133,0.436224
34596, 155.126, 52, -1,-1,-1,38.853,34.58,0.019953,8.68e+08,11,125000,1,0,-10.391,3848.97,0,-138.801,-135,0.790528
34598, 155.228, 20, -1,-1,-1,39.7553,-9.35268,0.019953,8.68e+08,10,125000,1,0,-4.94032,19227.9,0,-137.065,-133,0.436224
34606, 155.553, 5, -1,-1,-1,53.0128,4.81756,0.019953,8.68e+08,10,125000,1,0,9.0221,14502.1,1,-132.477,-133,0.436224
34609, 156.106, 11, -1,-1,-1,55.1052,36.446,0.025119,8.68e+08,11,125000,1,0,1.43937,-2410.32,1,-133.952,-135,0.790528
34616, 156.373, 6, -1,-1,-1,57.9389,19.5301,0.019953,8.68e+08,12,125000,1,0,11.4627,4102.2,0,-131.73,-137,1.58106
34633, 156.935, 9, -1,-1,-1,38.2779,25.7475,0.015849,8.68e+08,11,125000,1,0,-9.0318,7590.57,0,-139.379,-135,0.790528
34635, 156.985, 16, -1,-1,-1,42.7786,6.94506,0.019953,8.68e+08,10,125000,1,0,-2.62792,14817.8,0,-136.303,-133,0.436224
34637, 157.237, 54, -1,-1,-1,31.4019,-15.4743,0.015849,8.68e+08,11,125000,1,0,-11.6118,19432.4,0,-140.162,-135,0.790528
34639, 157.671, 38, -1,-1,-1,46.6172,18.1503,0.019953,8.68e+08,11,125000,1,0,-0.850887,9392.88,0,-135.713,-135,0.790528
34656, 158.513, 50, -1,-1,-1,39.8689,16.152,0.019953,8.68e+08,11,125000,1,0,-6.19742,11361.1,0,-137.476,-135,0.790528
34664, 159.333, 31, -1,-1,-1,55.2698,20.8384,0.019953,8.68e+08,12,125000,1,0,7.48654,4802.43,1,-132.964,-137,1.58106
34671, 159.666, 18, -1,-1,-1,41.6718,4.40735,0.025119,8.68e+08,12,125000,1,0,-3.32508,15750.3,0,-135.534,-137,1.58106
34678, 159.946, 30, -1,-1,-1,50.4166,22.3874,0.025119,8.68e+08,10,125000,1,0,1.7682,6059.83,0,-133.838,-133,0.436224
34680, 160.05, 17, -1,-1,-1,49.9949,1.85453,0.025119,8.68e+08,11,125000,1,0,5.5877,16095,0,-132.573,-135,0.790528
34702, 160.71, 4, -1,-1,-1,42.7292,12.7851,0.025119,8.68e+08,11,125000,1,0,-3.26929,12361.6,0,-135.516,-135,0.790528
34709, 160.868, 1, -1,-1,-1,49.3743,3.30528,0.015849,8.68e+08,11,125000,1,0,4.72441,15720.5,0,-134.855,-135,0.790528
34717, 161.188, 8, -1,-1,-1,60.9564,9.93245,0.015849,8.68e+08,11,125000,1,0,22.8222,7191.09,1,-129.684,-135,0.790528
34724, 161.402, 49, -1,-1,-1,45.6929,9.55674,0.015849,8.68e+08,10,125000,1,0,-0.034471,13489.2,0,-136.438,-133,0.436224
34726, 161.459, 26, -1,-1,-1,48.2338,8.18102,0.015849,8.68e+08,11,125000,1,0,2.78366,13740.2,0,-135.497,-135,0.790528
34728, 161.637, 13, -1,-1,-1,57.1683,-5.07194,0.015849,8.68e+08,11,125000,1,0,18.1937,17794.8,0,-130.831,-135,0.790528
34735, 162.014, 35, -1,-1,-1,44.8964,23.9506,0.019953,8.68e+08,11,125000,1,0,-3.51491,7023.93,0,-136.6,-135,0.790528
34737, 162.184, 12, -1,-1,-1,53.1839,-3.87715,0.019953,8.68e+08,12,125000,1,0,10.5432,17995.7,0,-132.006,-137,1.58106
34744, 162.869, 24, -1,-1,-1,49.1334,13.5818,0.015849,8.68e+08,10,125000,1,0,2.80262,10898.6,0,-135.491,-133,0.436224
34751, 163.235, 2, -1,-1,-1,52.1594,14.5236,0.019953,8.68e+08,12,125000,1,0,5.96214,9542.77,0,-133.453,-137,1.58106
34758, 163.582, 40, -1,-1,-1,59.1236,25.6898,0.015849,8.68e+08,10,125000,1,0,9.9756,-614.36,0,-133.183,-133,0.436224
34760, 163.915, 43, -1,-1,-1,55.2559,26.0605,0.025119,8.68e+08,10,125000,1,0,5.49209,1828.44,0,-132.608,-133,0.436224
34782, 164.432, 22, -1,-1,-1,51.0484,10.8218,0.025119,8.68e+08,10,125000,1,0,5.6746,11711.2,0,-132.545,-133,0.436224
34784, 164.502, 7, -1,-1,-1,48.8156,14.5218,0.025119,8.68e+08,10,125000,1,0,2.31518,10431.3,0,-133.654,-133,0.436224
34786, 164.681, 39, -1,-1,-1,44.7388,20.1372,0.015849,8.68e+08,10,125000,1,0,-2.74212,8697.93,0,-137.343,-133,0.436224
34788, 165.008, 47, -1,-1,-1,60.7806,1.83536,0.015849,8.68e+08,11,125000,1,0,27.7749,12498.1,0,-128.591,-135,0.790528
34800, 165.572, 21, -1,-1,-1,40.7647,-7.46535,0.025119,8.68e+08,10,125000,1,0,-3.47777,19001.1,0,-135.583,-133,0.436224
34822, 166.018, 44, -1,-1,-1,48.915,29.8997,0.015849,8.68e+08,10,125000,1,0,-1.6682,2800.21,0,-136.988,-133,0.436224
34829, 166.142, 53, -1,-1,-1,65.3284,-19.1561,0.025119,8.68e+08,10,125000,1,0,35.7942,12275.9,0,-125.101,-133,0.436224
34857, 166.781, 0, -1,-1,-1,51.6007,-2.3004,0.025119,8.68e+08,11,125000,1,0,8.53834,17453.6,1,-131.627,-135,0.790528
34859, 166.837, 23, -1,-1,-1,52.3551,9.17867,0.015849,8.68e+08,11,125000,1,0,7.84121,12080.5,0,-133.848,-135,0.790528
34861, 166.861, 37, -1,-1,-1,40.6397,25.2461,0.019953,8.68e+08,10,125000,1,0,-7.02546,7155.74,0,-137.744,-133,0.436224
34863, 166.922, 48, -1,-1,-1,56.6076,12.8569,0.015849,8.68e+08,10,125000,1,0,12.9099,8084.57,0,-132.299,-133,0.436224
34865, 167.047, 42, -1,-1,-1,55.9659,22.2357,0.019953,8.68e+08,10,125000,1,0,7.89789,3127.32,0,-132.832,-133,0.436224
34868, 167.077, 27, -1,-1,-1,50.9263,3.96498,0.019953,8.68e+08,12,125000,1,0,6.93073,15012.8,1,-133.138,-137,1.58106
34880, 167.366, 52, -1,-1,-1,38.853,34.58,0.019953,8.68e+08,11,125000,1,0,-10.2878,3538.09,0,-138.769,-135,0.790528
34882, 167.454, 55, -1,-1,-1,29.3409,-14.2582,0.025119,8.68e+08,12,125000,1,0,-12.5735,19349,0,-138.445,-137,1.58106
34884, 167.616, 10, -1,-1,-1,29.0987,31.7557,0.015849,8.68e+08,10,125000,1,0,-16.0526,6234.18,0,-141.439,-133,0.436224
34896, 168.103, 45, -1,-1,-1,49.1516,25.5874,0.025119,8.68e+08,12,125000,1,0,-0.207195,4695.17,0,-134.499,-137,1.58106
34898, 168.136, 3, -1,-1,-1,38.8081,-3.66631,0.019953,8.68e+08,11,125000,1,0,-5.02771,18115.2,0,-137.092,-135,0.790528
34910, 168.416, 16, -1,-1,-1,42.7786,6.94506,0.019953,8.68e+08,10,125000,1,0,-2.15049,14643.6,0,-136.143,-133,0.436224
34913, 168.612, 14, -1,-1,-1,53.9616,-4.16799,0.025119,8.68e+08,10,125000,1,0,12.5685,17769.2,1,-130.397,-133,0.436224
34915, 168.725, 50, -1,-1,-1,39.8689,16.152,0.019953,8.68e+08,11,125000,1,0,-5.90569,11171.1,0,-137.381,-135,0.790528
34923, 169.242, 28, -1,-1,-1,54.4004,13.1066,0.019953,8.68e+08,10,125000,1,0,9.60307,8943.96,1,-132.295,-133,0.436224
34941, 169.851, 6, -1,-1,-1,57.9389,19.5301,0.019953,8.68e+08,12,125000,1,0,11.7178,3090.26,1,-131.652,-137,1.58106
34943, 169.988, 57, -1,-1,-1,36.1272,33.7657,0.019953,8.68e+08,10,125000,1,0,-11.9031,4302.74,0,-139.255,-133,0.436224
34970, 170.456, 11, -1,-1,-1,55.1052,36.446,0.025119,8.68e+08,11,125000,1,0,1.30738,-3134.2,0,-133.995,-135,0.790528
34977, 170.616, 20, -1,-1,-1,39.7553,-9.35268,0.019953,8.68e+08,10,125000,1,0,-4.1567,19233.9,0,-136.807,-133,0.436224
34979, 170.721, 51, -1,-1,-1,42.2294,28.194,0.015849,8.68e+08,10,125000,1,0,-6.42268,5349.73,0,-138.551,-133,0.436224
34986, 170.912, 56, -1,-1,-1,34.5758,13.0619,0.019953,8.68e+08,12,125000,1,0,-9.45737,12850.3,0,-138.506,-137,1.58106
34988, 170.95, 54, -1,-1,-1,31.4019,-15.4743,0.015849,8.68e+08,11,125000,1,0,-11.0077,19526.3,0,-139.979,-135,0.790528
34990, 171.018, 25, -1,-1,-1,47.4666,6.98245,0.025119,8.68e+08,10,125000,1,0,2.60752,14008.7,0,-133.554,-133,0.436224
34992, 171.189, 46, -1,-1,-1,54.0139,24.7077,0.019953,8.68e+08,11,125000,1,0,4.78616,2718.24,0,-133.838,-135,0.790528
34995, 171.192, 41, -1,-1,-1,57.7942,23.9073,0.019953,8.68e+08,10,125000,1,0,9.3145,664.432,1,-132.387,-133,0.436224
34997, 171.226, 36, -1,-1,-1,42.8721,21.2682,0.025119,8.68e+08,11,125000,1,0,-4.38842,8313.63,0,-135.887,-135,0.790528
35020, 172.244, 59, -1,-1,-1,70.3446,16.3551,0.019953,8.68e+08,10,125000,1,0,30.3955,-12849.2,1,-127.069,-133,0.436224
35032, 172.66, 29, -1,-1,-1,51.2316,20.2503,0.019953,8.68e+08,11,125000,1,0,3.49291,6247.01,0,-134.263,-135,0.790528
35044, 172.791, 4, -1,-1,-1,42.7292,12.7851,0.025119,8.68e+08,11,125000,1,0,-2.85913,12086.3,0,-135.379,-135,0.790528
35051, 173.161, 30, -1,-1,-1,50.4166,22.3874,0.025119,8.68e+08,10,125000,1,0,2.02178,5434.92,0,-133.752,-133,0.436224
35053, 173.199, 19, -1,-1,-1,38.0115,0.007687,0.015849,8.68e+08,10,125000,1,0,-5.54392,17052.4,0,-138.26,-133,0.436224
35055, 173.236, 24, -1,-1,-1,49.1334,13.5818,0.015849,8.68e+08,10,125000,1,0,3.18652,10377.4,0,-135.363,-133,0.436224
35062, 173.284, 26, -1,-1,-1,48.2338,8.18102,0.015849,8.68e+08,11,125000,1,0,3.34138,13253.6,0,-135.311,-135,0.790528
35064, 173.296, 32, -1,-1,-1,50.6742,17.0701,0.019953,8.68e+08,11,125000,1,0,3.89675,8088.93,0,-134.129,-135,0.790528
35066, 173.392, 18, -1,-1,-1,41.6718,4.40735,0.025119,8.68e+08,12,125000,1,0,-2.72758,15564.5,0,-135.334,-137,1.58106
35083, 174.012, 40, -1,-1,-1,59.1236,25.6898,0.015849,8.68e+08,10,125000,1,0,9.91816,-1495.28,0,-133.2,-133,0.436224
35090, 174.063, 17, -1,-1,-1,49.9949,1.85453,0.025119,8.68e+08,11,125000,1,0,6.48723,15777.5,0,-132.28,-135,0.790528
35102, 174.396, 15, -1,-1,-1,46.2746,7.09545,0.019953,8.68e+08,10,125000,1,0,1.48323,14004.5,0,-134.929,-133,0.436224
35104, 175.081, 1, -1,-1,-1,49.3743,3.30528,0.015849,8.68e+08,11,125000,1,0,5.56906,15205.5,0,-134.578,-135,0.790528
35106, 175.152, 58, -1,-1,-1,62.6808,-4.27248,0.015849,8.68e+08,12,125000,1,0,40.5677,13440.4,0,-126.356,-137,1.58106
35108, 175.173, 38, -1,-1,-1,46.6172,18.1503,0.019953,8.68e+08,11,125000,1,0,-0.371497,8715.31,0,-135.551,-135,0.790528
35120, 175.625, 12, -1,-1,-1,53.1839,-3.87715,0.019953,8.68e+08,12,125000,1,0,11.7824,17577.8,0,-131.63,-137,1.58106
35128, 176.609, 13, -1,-1,-1,57.1683,-5.07194,0.015849,8.68e+08,11,125000,1,0,20.2726,17153.6,1,-130.298,-135,0.790528
35130, 176.799, 2, -1,-1,-1,52.1594,14.5236,0.019953,8.68e+08,12,125000,1,0,6.4613,8711.51,0,-133.29,-137,1.58106
35132, 177.063, 31, -1,-1,-1,55.2698,20.8384,0.019953,8.68e+08,12,125000,1,0,7.81173,3626.33,0,-132.859,-137,1.58106
35144, 177.855, 37, -1,-1,-1,40.6397,25.2461,0.019953,8.68e+08,10,125000,1,0,-6.83701,6711.61,0,-137.683,-133,0.436224
35156, 178.491, 34, -1,-1,-1,47.8921,18.1051,0.019953,8.68e+08,11,125000,1,0,0.926941,8206.53,0,-135.117,-135,0.790528
35159, 178.532, 43, -1,-1,-1,55.2559,26.0605,0.025119,8.68e+08,10,125000,1,0,5.56403,779.414,1,-132.583,-133,0.436224
35161, 178.561, 33, -1,-1,-1,48.5351,16.7675,0.019953,8.68e+08,10,125000,1,0,1.92345,8658.36,0,-134.783,-133,0.436224
35183, 179.294, 42, -1,-1,-1,55.9659,22.2357,0.019953,8.68e+08,10,125000,1,0,8.03959,2175.77,0,-132.786,-133,0.436224
35190, 179.535, 35, -1,-1,-1,44.8964,23.9506,0.019953,8.68e+08,11,125000,1,0,-3.19834,6206.28,0,-136.494,-135,0.790528
35192, 179.555, 50, -1,-1,-1,39.8689,16.152,0.019953,8.68e+08,11,125000,1,0,-5.60163,10789.5,0,-137.281,-135,0.790528
35194, 179.668, 5, -1,-1,-1,53.0128,4.81756,0.019953,8.68e+08,10,125000,1,0,10.6646,13465.4,0,-131.967,-133,0.436224
35206, 180.172, 8, -1,-1,-1,60.9564,9.93245,0.015849,8.68e+08,11,125000,1,0,23.9569,4932.25,0,-129.419,-135,0.790528
35208, 180.239, 10, -1,-1,-1,29.0987,31.7557,0.015849,8.68e+08,10,125000,1,0,-15.8905,5850.82,0,-141.394,-133,0.436224
35220, 180.721, 3, -1,-1,-1,38.8081,-3.66631,0.019953,8.68e+08,11,125000,1,0,-4.43031,17911,0,-136.895,-135,0.790528
35222, 181.385, 9, -1,-1,-1,38.2779,25.7475,0.015849,8.68e+08,11,125000,1,0,-8.61122,6997.27,0,-139.246,-135,0.790528
35224, 181.494, 0, -1,-1,-1,51.6007,-2.3004,0.025119,8.68e+08,11,125000,1,0,9.72513,17165.8,0,-131.255,-135,0.790528
35236, 182.296, 39, -1,-1,-1,44.7388,20.1372,0.015849,8.68e+08,10,125000,1,0,-2.33018,8047.81,0,-137.205,-133,0.436224
35244, 182.911, 41, -1,-1,-1,57.7942,23.9073,0.019953,8.68e+08,10,125000,1,0,9.32404,-148.622,1,-132.383,-133,0.436224
35251, 182.995, 54, -1,-1,-1,31.4019,-15.4743,0.015849,8.68e+08,11,125000,1,0,-10.471,19629.5,0,-139.815,-135,0.790528
35258, 183.424, 57, -1,-1,-1,36.1272,33.7657,0.019953,8.68e+08,10,125000,1,0,-11.7803,3980.4,0,-139.218,-133,0.436224
35280, 184.066, 36, -1,-1,-1,42.8721,21.2682,0.025119,8.68e+08,11,125000,1,0,-4.11215,7913.8,0,-135.795,-135,0.790528
35282, 184.37, 25, -1,-1,-1,47.4666,6.98245,0.025119,8.68e+08,10,125000,1,0,3.24909,13637.6,0,-133.34,-133,0.436224
35284, 184.45, 22, -1,-1,-1,51.0484,10.8218,0.025119,8.68e+08,10,125000,1,0,6.57712,10775.1,0,-132.251,-133,0.436224
35291, 184.846, 23, -1,-1,-1,52.3551,9.17867,0.015849,8.68e+08,11,125000,1,0,8.77762,11204.6,0,-133.55,-135,0.790528
35293, 184.887, 53, -1,-1,-1,65.3284,-19.1561,0.025119,8.68e+08,10,125000,1,0,39.9932,10172.3,0,-124.44,-133,0.436224
35311, 185.356, 45, -1,-1,-1,49.1516,25.5874,0.025119,8.68e+08,12,125000,1,0,0.016337,3874.99,1,-134.423,-137,1.58106
35313, 185.432, 40, -1,-1,-1,59.1236,25.6898,0.015849,8.68e+08,10,125000,1,0,9.80915,-2293.4,0,-133.233,-133,0.436224
35336, 185.979, 46, -1,-1,-1,54.0139,24.7077,0.019953,8.68e+08,11,125000,1,0,4.91032,1838.76,1,-133.796,-135,0.790528
35343, 186.211, 49, -1,-1,-1,45.6929,9.55674,0.015849,8.68e+08,10,125000,1,0,0.982892,12686.6,0,-136.095,-133,0.436224
35355, 186.282, 7, -1,-1,-1,48.8156,14.5218,0.025119,8.68e+08,10,125000,1,0,3.05771,9458.61,0,-133.405,-133,0.436224
35357, 186.472, 15, -1,-1,-1,46.2746,7.09545,0.019953,8.68e+08,10,125000,1,0,2.03759,13707.1,0,-134.743,-133,0.436224
35359, 186.673, 30, -1,-1,-1,50.4166,22.3874,0.025119,8.68e+08,10,125000,1,0,2.252,4771.53,0,-133.675,-133,0.436224
35361, 186.906, 55, -1,-1,-1,29.3409,-14.2582,0.025119,8.68e+08,12,125000,1,0,-11.7368,19387.4,0,-138.196,-137,1.58106
35363, 187.024, 58, -1,-1,-1,62.6808,-4.27248,0.015849,8.68e+08,12,125000,1,0,44.3417,12274,0,-125.835,-137,1.58106
35366, 187.071, 11, -1,-1,-1,55.1052,36.446,0.025119,8.68e+08,11,125000,1,0,1.11137,-3977.3,1,-134.06,-135,0.790528
35368, 187.532, 27, -1,-1,-1,50.9263,3.96498,0.019953,8.68e+08,12,125000,1,0,8.22398,14290.3,0,-132.724,-137,1.58106
35386, 188.561, 47, -1,-1,-1,60.7806,1.83536,0.015849,8.68e+08,11,125000,1,0,31.371,10156.7,1,-127.88,-135,0.790528
35389, 188.647, 14, -1,-1,-1,53.9616,-4.16799,0.025119,8.68e+08,10,125000,1,0,14.6362,17254.6,1,-129.797,-133,0.436224
35406, 189.193, 16, -1,-1,-1,42.7786,6.94506,0.019953,8.68e+08,10,125000,1,0,-1.28409,14151.5,0,-135.852,-133,0.436224
35413, 189.317, 44, -1,-1,-1,48.915,29.8997,0.015849,8.68e+08,10,125000,1,0,-1.52069,1680.14,0,-136.938,-133,0.436224
35415, 189.332, 42, -1,-1,-1,55.9659,22.2357,0.019953,8.68e+08,10,125000,1,0,8.12127,1541.04,0,-132.759,-133,0.436224
35443, 189.793, 28, -1,-1,-1,54.4004,13.1066,0.019953,8.68e+08,10,125000,1,0,10.4321,7608.33,1,-132.038,-133,0.436224
35445, 189.853, 56, -1,-1,-1,34.5758,13.0619,0.019953,8.68e+08,12,125000,1,0,-8.89383,12493.8,0,-138.33,-137,1.58106
35452, 189.951, 21, -1,-1,-1,40.7647,-7.46535,0.025119,8.68e+08,10,125000,1,0,-2.19154,18841.1,0,-135.153,-133,0.436224
35455, 190.016, 17, -1,-1,-1,49.9949,1.85453,0.025119,8.68e+08,11,125000,1,0,7.53218,15338.8,1,-131.943,-135,0.790528
35457, 190.134, 51, -1,-1,-1,42.2294,28.194,0.015849,8.68e+08,10,125000,1,0,-6.1798,4656.64,0,-138.472,-133,0.436224
35464, 190.33, 52, -1,-1,-1,38.853,34.58,0.019953,8.68e+08,11,125000,1,0,-10.1226,2802.56,0,-138.717,-135,0.790528
35466, 190.331, 20, -1,-1,-1,39.7553,-9.35268,0.019953,8.68e+08,10,125000,1,0,-3.12694,19175,0,-136.464,-133,0.436224
35478, 191.035, 26, -1,-1,-1,48.2338,8.18102,0.015849,8.68e+08,11,125000,1,0,4.17148,12628.4,0,-135.035,-135,0.790528
35491, 191.337, 6, -1,-1,-1,57.9389,19.5301,0.019953,8.68e+08,12,125000,1,0,11.9666,1330.66,1,-131.576,-137,1.58106
35498, 191.467, 43, -1,-1,-1,55.2559,26.0605,0.025119,8.68e+08,10,125000,1,0,5.58244,-4.74662,0,-132.576,-133,0.436224
35506, 191.625, 8, -1,-1,-1,60.9564,9.93245,0.015849,8.68e+08,11,125000,1,0,24.4698,3703.86,1,-129.302,-135,0.790528
35508, 191.655, 48, -1,-1,-1,56.6076,12.8569,0.015849,8.68e+08,10,125000,1,0,13.9337,6142.81,0,-131.999,-133,0.436224
35510, 191.879, 4, -1,-1,-1,42.7292,12.7851,0.025119,8.68e+08,11,125000,1,0,-2.22417,11521.3,0,-135.167,-135,0.790528
35512, 192.138, 38, -1,-1,-1,46.6172,18.1503,0.019953,8.68e+08,11,125000,1,0,0.064325,8022.89,0,-135.404,-135,0.790528
35514, 192.283, 1, -1,-1,-1,49.3743,3.30528,0.015849,8.68e+08,11,125000,1,0,6.60537,14690.2,0,-134.24,-135,0.790528
35521, 192.943, 33, -1,-1,-1,48.5351,16.7675,0.019953,8.68e+08,10,125000,1,0,2.32799,8029.35,0,-134.647,-133,0.436224
35538, 193.995, 24, -1,-1,-1,49.1334,13.5818,0.015849,8.68e+08,10,125000,1,0,3.92291,9423.2,0,-135.117,-133,0.436224
35545, 194.07, 41, -1,-1,-1,57.7942,23.9073,0.019953,8.68e+08,10,125000,1,0,9.28778,-1071.53,0,-132.393,-133,0.436224
35547, 194.166, 39, -1,-1,-1,44.7388,20.1372,0.015849,8.68e+08,10,125000,1,0,-2.06876,7490.05,0,-137.117,-133,0.436224
35550, 194.504, 22, -1,-1,-1,51.0484,10.8218,0.025119,8.68e+08,10,125000,1,0,7.01464,10186.5,1,-132.109,-133,0.436224
35587, 195.335, 19, -1,-1,-1,38.0115,0.007687,0.015849,8.68e+08,10,125000,1,0,-4.56602,16789.2,0,-137.939,-133,0.436224
35589, 195.404, 25, -1,-1,-1,47.4666,6.98245,0.025119,8.68e+08,10,125000,1,0,3.77714,13172.3,0,-133.164,-133,0.436224
35596, 195.485, 9, -1,-1,-1,38.2779,25.7475,0.015849,8.68e+08,11,125000,1,0,-8.38641,6455.53,0,-139.175,-135,0.790528
35603, 195.684, 0, -1,-1,-1,51.6007,-2.3004,0.025119,8.68e+08,11,125000,1,0,10.9165,16661.8,0,-130.888,-135,0.790528
35606, 195.703, 59, -1,-1,-1,70.3446,16.3551,0.019953,8.68e+08,10,125000,1,0,26.2728,-14678.4,1,-127.905,-133,0.436224
35608, 195.886, 29, -1,-1,-1,51.2316,20.2503,0.019953,8.68e+08,11,125000,1,0,3.96065,4933.6,0,-134.107,-135,0.790528
35615, 196.198, 31, -1,-1,-1,55.2698,20.8384,0.019953,8.68e+08,12,125000,1,0,8.06074,2301.29,0,-132.778,-137,1.58106
35617, 196.594, 57, -1,-1,-1,36.1272,33.7657,0.019953,8.68e+08,10,125000,1,0,-11.6708,3497.18,0,-139.185,-133,0.436224
35630, 197.052, 58, -1,-1,-1,62.6808,-4.27248,0.015849,8.68e+08,12,125000,1,0,47.7025,10800.9,1,-125.417,-137,1.58106
35637, 197.213, 18, -1,-1,-1,41.6718,4.40735,0.025119,8.68e+08,12,125000,1,0,-1.68539,15069.1,0,-134.985,-137,1.58106
35644, 197.544, 7, -1,-1,-1,48.8156,14.5218,0.025119,8.68e+08,10,125000,1,0,3.42102,8842.39,0,-133.283,-133,0.436224
35652, 197.725, 32, -1,-1,-1,50.6742,17.0701,0.019953,8.68e+08,11,125000,1,0,4.56689,6755.04,1,-133.906,-135,0.790528
35659, 197.755, 30, -1,-1,-1,50.4166,22.3874,0.025119,8.68e+08,10,125000,1,0,2.41763,4092.88,0,-133.619,-133,0.436224
35662, 198.518, 34, -1,-1,-1,47.8921,18.1051,0.019953,8.68e+08,11,125000,1,0,1.43102,7285.65,1,-134.946,-135,0.790528
35665, 198.576, 12, -1,-1,-1,53.1839,-3.87715,0.019953,8.68e+08,12,125000,1,0,14.0434,16944.7,1,-130.965,-137,1.58106
35672, 199.141, 45, -1,-1,-1,49.1516,25.5874,0.025119,8.68e+08,12,125000,1,0,0.163379,3088.22,0,-134.373,-137,1.58106
35674, 199.415, 37, -1,-1,-1,40.6397,25.2461,0.019953,8.68e+08,10,125000,1,0,-6.49418,5971.8,0,-137.572,-133,0.436224
35696, 200.661, 23, -1,-1,-1,52.3551,9.17867,0.015849,8.68e+08,11,125000,1,0,9.57103,10208.5,0,-133.301,-135,0.790528
35708, 200.989, 10, -1,-1,-1,29.0987,31.7557,0.015849,8.68e+08,10,125000,1,0,-15.6394,5574.08,0,-141.324,-133,0.436224
35836, 201.25, 13, -1,-1,-1,57.1683,-5.07194,0.015849,8.68e+08,11,125000,1,0,24.0975,16321.3,1,-129.383,-135,0.790528
35839, 201.295, 2, -1,-1,-1,52.1594,14.5236,0.019953,8.68e+08,12,125000,1,0,7.28249,7258.11,1,-133.024,-137,1.58106
35856, 201.549, 35, -1,-1,-1,44.8964,23.9506,0.019953,8.68e+08,11,125000,1,0,-2.84492,5438.52,0,-136.376,-135,0.790528
35858, 201.712, 3, -1,-1,-1,38.8081,-3.66631,0.019953,8.68e+08,11,125000,1,0,-3.41672,17903.8,0,-136.559,-135,0.790528
35860, 201.819, 15, -1,-1,-1,46.2746,7.09545,0.019953,8.68e+08,10,125000,1,0,2.73848,13247.2,0,-134.508,-133,0.436224
35862, 201.824, 14, -1,-1,-1,53.9616,-4.16799,0.025119,8.68e+08,10,125000,1,0,16.0898,16917.4,0,-129.39,-133,0.436224
35864, 201.929, 21, -1,-1,-1,40.7647,-7.46535,0.025119,8.68e+08,10,125000,1,0,-1.54176,18841.1,0,-134.936,-133,0.436224
35866, 201.975, 50, -1,-1,-1,39.8689,16.152,0.019953,8.68e+08,11,125000,1,0,-4.99146,10277.8,0,-137.081,-135,0.790528
35878, 202.902, 4, -1,-1,-1,42.7292,12.7851,0.025119,8.68e+08,11,125000,1,0,-1.86595,11238,0,-135.046,-135,0.790528
35880, 202.924, 52, -1,-1,-1,38.853,34.58,0.019953,8.68e+08,11,125000,1,0,-10.048,2465.84,0,-138.694,-135,0.790528
35897, 203.506, 49, -1,-1,-1,45.6929,9.55674,0.015849,8.68e+08,10,125000,1,0,1.67819,12112.8,0,-135.861,-133,0.436224
35904, 203.651, 5, -1,-1,-1,53.0128,4.81756,0.019953,8.68e+08,10,125000,1,0,12.3037,12414.7,0,-131.472,-133,0.436224
35906, 203.977, 44, -1,-1,-1,48.915,29.8997,0.015849,8.68e+08,10,125000,1,0,-1.46624,1020.7,0,-136.919,-133,0.436224
35919, 204.758, 42, -1,-1,-1,55.9659,22.2357,0.019953,8.68e+08,10,125000,1,0,8.18462,473.21,1,-132.738,-133,0.436224
35921, 204.814, 55, -1,-1,-1,29.3409,-14.2582,0.025119,8.68e+08,12,125000,1,0,-10.9549,19433.3,0,-137.959,-137,1.58106
35929, 205.256, 8, -1,-1,-1,60.9564,9.93245,0.015849,8.68e+08,11,125000,1,0,24.8814,2141.19,1,-129.208,-135,0.790528
35932, 205.583, 22, -1,-1,-1,51.0484,10.8218,0.025119,8.68e+08,10,125000,1,0,7.48153,9666.82,1,-131.959,-133,0.436224
35954, 206.255, 16, -1,-1,-1,42.7786,6.94506,0.019953,8.68e+08,10,125000,1,0,-0.575957,13732.1,0,-135.614,-133,0.436224
35966, 206.571, 41, -1,-1,-1,57.7942,23.9073,0.019953,8.68e+08,10,125000,1,0,9.19514,-1941.79,0,-132.421,-133,0.436224
35968, 206.725, 36, -1,-1,-1,42.8721,21.2682,0.025119,8.68e+08,11,125000,1,0,-3.65868,7054.79,0,-135.644,-135,0.790528
35980, 206.788, 53, -1,-1,-1,65.3284,-19.1561,0.025119,8.68e+08,10,125000,1,0,44.5789,7006.98,0,-123.802,-133,0.436224
35993, 207.179, 17, -1,-1,-1,49.9949,1.85453,0.025119,8.68e+08,11,125000,1,0,8.67851,14782.8,1,-131.578,-135,0.790528
36000, 207.204, 19, -1,-1,-1,38.0115,0.007687,0.015849,8.68e+08,10,125000,1,0,-4.03619,16711.9,0,-137.763,-133,0.436224
36007, 207.556, 54, -1,-1,-1,31.4019,-15.4743,0.015849,8.68e+08,11,125000,1,0,-9.35752,19620.7,0,-139.47,-135,0.790528
36009, 207.568, 39, -1,-1,-1,44.7388,20.1372,0.015849,8.68e+08,10,125000,1,0,-1.79058,6991.03,0,-137.023,-133,0.436224
36012, 207.581, 6, -1,-1,-1,57.9389,19.5301,0.019953,8.68e+08,12,125000,1,0,12.0194,19.7905,1,-131.559,-137,1.58106
36014, 207.621, 57, -1,-1,-1,36.1272,33.7657,0.019953,8.68e+08,10,125000,1,0,-11.5877,3254.39,0,-139.16,-133,0.436224
36021, 207.947, 26, -1,-1,-1,48.2338,8.18102,0.015849,8.68e+08,11,125000,1,0,4.94963,11976.6,0,-134.777,-135,0.790528
36033, 208.622, 25, -1,-1,-1,47.4666,6.98245,0.025119,8.68e+08,10,125000,1,0,4.40536,12741.3,0,-132.955,-133,0.436224
36036, 208.682, 46, -1,-1,-1,54.0139,24.7077,0.019953,8.68e+08,11,125000,1,0,4.9997,390.17,1,-133.765,-135,0.790528
36043, 209.091, 56, -1,-1,-1,34.5758,13.0619,0.019953,8.68e+08,12,125000,1,0,-8.33207,12100.2,0,-138.152,-137,1.58106
36055, 209.569, 40, -1,-1,-1,59.1236,25.6898,0.015849,8.68e+08,10,125000,1,0,9.42683,-4111.59,0,-133.349,-133,0.436224
36057, 209.579, 38, -1,-1,-1,46.6172,18.1503,0.019953,8.68e+08,11,125000,1,0,0.478982,7266.5,0,-135.264,-135,0.790528
36059, 209.763, 27, -1,-1,-1,50.9263,3.96498,0.019953,8.68e+08,12,125000,1,0,9.64387,13355.9,0,-132.277,-137,1.58106
36061, 209.841, 43, -1,-1,-1,55.2559,26.0605,0.025119,8.68e+08,10,125000,1,0,5.53514,-1179.87,0,-132.59,-133,0.436224
36073, 210.811, 11, -1,-1,-1,55.1052,36.446,0.025119,8.68e+08,11,125000,1,0,0.755126,-5203.83,0,-134.177,-135,0.790528
36075, 211.028, 1, -1,-1,-1,49.3743,3.30528,0.015849,8.68e+08,11,125000,1,0,7.74761,14031,0,-133.872,-135,0.790528
36087, 211.467, 24, -1,-1,-1,49.1334,13.5818,0.015849,8.68e+08,10,125000,1,0,4.50239,8578.12,0,-134.925,-133,0.436224
36099, 212.06, 37, -1,-1,-1,40.6397,25.2461,0.019953,8.68e+08,10,125000,1,0,-6.31044,5587.37,0,-137.512,-133,0.436224
36101, 212.356, 34, -1,-1,-1,47.8921,18.1051,0.019953,8.68e+08,11,125000,1,0,1.74869,6662.45,0,-134.839,-135,0.790528
36113, 212.971, 58, -1,-1,-1,62.6808,-4.27248,0.015849,8.68e+08,12,125000,1,0,53.1375,8412.4,0,-124.827,-137,1.58106
36125, 213.518, 47, -1,-1,-1,60.7806,1.83536,0.015849,8.68e+08,11,125000,1,0,34.8191,7008.4,0,-127.259,-135,0.790528
36142, 213.942, 9, -1,-1,-1,38.2779,25.7475,0.015849,8.68e+08,11,125000,1,0,-8.11294,5886.84,0,-139.087,-135,0.790528
36149, 214.039, 48, -1,-1,-1,56.6076,12.8569,0.015849,8.68e+08,10,125000,1,0,14.6433,4241.45,0,-131.794,-133,0.436224
36156, 214.13, 7, -1,-1,-1,48.8156,14.5218,0.025119,8.68e+08,10,125000,1,0,3.92594,8044.59,0,-133.115,-133,0.436224
36173, 214.294, 32, -1,-1,-1,50.6742,17.0701,0.019953,8.68e+08,11,125000,1,0,4.96177,5841.4,0,-133.775,-135,0.790528
36175, 214.403, 51, -1,-1,-1,42.2294,28.194,0.015849,8.68e+08,10,125000,1,0,-5.92343,3724.57,0,-138.388,-133,0.436224
36183, 214.496, 18, -1,-1,-1,41.6718,4.40735,0.025119,8.68e+08,12,125000,1,0,-0.926521,14711.3,1,-134.73,-137,1.58106
36185, 214.598, 28, -1,-1,-1,54.4004,13.1066,0.019953,8.68e+08,10,125000,1,0,11.2806,5805.16,0,-131.778,-133,0.436224
36187, 214.635, 49, -1,-1,-1,45.6929,9.55674,0.015849,8.68e+08,10,125000,1,0,2.11739,11615.6,0,-135.714,-133,0.436224
36189, 214.654, 4, -1,-1,-1,42.7292,12.7851,0.025119,8.68e+08,11,125000,1,0,-1.49193,10754.2,0,-134.921,-135,0.790528
36196, 214.73, 30, -1,-1,-1,50.4166,22.3874,0.025119,8.68e+08,10,125000,1,0,2.62865,3178.42,0,-133.547,-133,0.436224
36198, 214.886, 20, -1,-1,-1,39.7553,-9.35268,0.019953,8.68e+08,10,125000,1,0,-1.79941,19032,0,-136.02,-133,0.436224
36201, 214.898, 0, -1,-1,-1,51.6007,-2.3004,0.025119,8.68e+08,11,125000,1,0,12.605,16074,1,-130.381,-135,0.790528
36203, 215.48, 29, -1,-1,-1,51.2316,20.2503,0.019953,8.68e+08,11,125000,1,0,4.27422,3796.59,0,-134.001,-135,0.790528
36231, 216.652, 59, -1,-1,-1,70.3446,16.3551,0.019953,8.68e+08,10,125000,1,0,22.897,-15889.8,1,-128.66,-133,0.436224
36233, 216.744, 10, -1,-1,-1,29.0987,31.7557,0.015849,8.68e+08,10,125000,1,0,-15.4619,5080.03,0,-141.274,-133,0.436224
36235, 216.84, 33, -1,-1,-1,48.5351,16.7675,0.019953,8.68e+08,10,125000,1,0,2.93834,6811.89,0,-134.442,-133,0.436224
36237, 217.023, 41, -1,-1,-1,57.7942,23.9073,0.019953,8.68e+08,10,125000,1,0,9.0764,-2792.03,0,-132.457,-133,0.436224
36240, 217.214, 31, -1,-1,-1,55.2698,20.8384,0.019953,8.68e+08,12,125000,1,0,8.20401,796.79,1,-132.731,-137,1.58106
36253, 219.715, 12, -1,-1,-1,53.1839,-3.87715,0.019953,8.68e+08,12,125000,1,0,16.302,16225.7,1,-130.33,-137,1.58106
36260, 219.873, 15, -1,-1,-1,46.2746,7.09545,0.019953,8.68e+08,10,125000,1,0,3.55426,12461.2,0,-134.235,-133,0.436224
36268, 220.208, 53, -1,-1,-1,65.3284,-19.1561,0.025119,8.68e+08,10,125000,1,0,46.8069,4489.13,1,-123.521,-133,0.436224
36290, 220.986, 50, -1,-1,-1,39.8689,16.152,0.019953,8.68e+08,11,125000,1,0,-4.49697,9693.64,0,-136.917,-135,0.790528
36293, 221.087, 43, -1,-1,-1,55.2559,26.0605,0.025119,8.68e+08,10,125000,1,0,5.46405,-1835.59,1,-132.613,-133,0.436224
36295, 221.143, 3, -1,-1,-1,38.8081,-3.66631,0.019953,8.68e+08,11,125000,1,0,-2.45828,17717.6,0,-136.239,-135,0.790528
36307, 221.538, 11, -1,-1,-1,55.1052,36.446,0.025119,8.68e+08,11,125000,1,0,0.566544,-5658.94,0,-134.24,-135,0.790528
36324, 221.7, 21, -1,-1,-1,40.7647,-7.46535,0.025119,8.68e+08,10,125000,1,0,-0.441098,18705,0,-134.565,-133,0.436224
36326, 221.762, 26, -1,-1,-1,48.2338,8.18102,0.015849,8.68e+08,11,125000,1,0,5.57184,11424,0,-134.572,-135,0.790528
36333, 221.966, 35, -1,-1,-1,44.8964,23.9506,0.019953,8.68e+08,11,125000,1,0,-2.56465,4566.02,0,-136.281,-135,0.790528
36345, 222.07, 16, -1,-1,-1,42.7786,6.94506,0.019953,8.68e+08,10,125000,1,0,0.075696,13316.4,0,-135.394,-133,0.436224
36352, 222.439, 23, -1,-1,-1,52.3551,9.17867,0.015849,8.68e+08,11,125000,1,0,10.5989,9041.13,0,-132.983,-135,0.790528
36365, 222.571, 13, -1,-1,-1,57.1683,-5.07194,0.015849,8.68e+08,11,125000,1,0,27.856,15116.6,1,-128.566,-135,0.790528
36377, 222.867, 1, -1,-1,-1,49.3743,3.30528,0.015849,8.68e+08,11,125000,1,0,8.47266,13628,0,-133.641,-135,0.790528
36379, 222.956, 5, -1,-1,-1,53.0128,4.81756,0.019953,8.68e+08,10,125000,1,0,13.6004,11298.7,0,-131.09,-133,0.436224
36381, 223.112, 57, -1,-1,-1,36.1272,33.7657,0.019953,8.68e+08,10,125000,1,0,-11.484,2841.16,0,-139.128,-133,0.436224
36383, 223.19, 56, -1,-1,-1,34.5758,13.0619,0.019953,8.68e+08,12,125000,1,0,-7.92801,11836,0,-138.024,-137,1.58106
36385, 223.267, 44, -1,-1,-1,48.915,29.8997,0.015849,8.68e+08,10,125000,1,0,-1.44053,102.507,0,-136.909,-133,0.436224
36387, 223.581, 45, -1,-1,-1,49.1516,25.5874,0.025119,8.68e+08,12,125000,1,0,0.351871,1957.36,0,-134.308,-137,1.58106
36390, 223.63, 6, -1,-1,-1,57.9389,19.5301,0.019953,8.68e+08,12,125000,1,0,11.9548,-1272.82,1,-131.576,-137,1.58106
36392, 224.061, 2, -1,-1,-1,52.1594,14.5236,0.019953,8.68e+08,12,125000,1,0,7.93209,5958.36,0,-132.814,-137,1.58106
36425, 225.601, 8, -1,-1,-1,60.9564,9.93245,0.015849,8.68e+08,11,125000,1,0,25.0518,-363.157,1,-129.167,-135,0.790528
36427, 225.602, 9, -1,-1,-1,38.2779,25.7475,0.015849,8.68e+08,11,125000,1,0,-7.9529,5575.29,0,-139.036,-135,0.790528
36429, 225.628, 17, -1,-1,-1,49.9949,1.85453,0.025119,8.68e+08,11,125000,1,0,9.93087,14079.1,0,-131.186,-135,0.790528
36436, 226.157, 30, -1,-1,-1,50.4166,22.3874,0.025119,8.68e+08,10,125000,1,0,2.74035,2598.42,0,-133.509,-133,0.436224
36438, 226.222, 52, -1,-1,-1,38.853,34.58,0.019953,8.68e+08,11,125000,1,0,-9.94041,1698.88,0,-138.66,-135,0.790528
36440, 226.266, 58, -1,-1,-1,62.6808,-4.27248,0.015849,8.68e+08,12,125000,1,0,57.3379,6110.24,0,-124.438,-137,1.58106
36447, 226.358, 36, -1,-1,-1,42.8721,21.2682,0.025119,8.68e+08,11,125000,1,0,-3.30402,6292.74,0,-135.525,-135,0.790528
36455, 226.726, 14, -1,-1,-1,53.9616,-4.16799,0.025119,8.68e+08,10,125000,1,0,19.0561,15909.2,1,-128.599,-133,0.436224
36467, 227.132, 22, -1,-1,-1,51.0484,10.8218,0.025119,8.68e+08,10,125000,1,0,8.33307,8413.25,0,-131.686,-133,0.436224
36479, 227.593, 54, -1,-1,-1,31.4019,-15.4743,0.015849,8.68e+08,11,125000,1,0,-8.4283,19643.4,0,-139.178,-135,0.790528
36482, 227.607, 0, -1,-1,-1,51.6007,-2.3004,0.025119,8.68e+08,11,125000,1,0,13.7699,15684.7,1,-130.04,-135,0.790528
36484, 227.995, 37, -1,-1,-1,40.6397,25.2461,0.019953,8.68e+08,10,125000,1,0,-6.0981,5048.52,0,-137.442,-133,0.436224
36496, 228.07, 4, -1,-1,-1,42.7292,12.7851,0.025119,8.68e+08,11,125000,1,0,-1.07602,10332.3,0,-134.781,-135,0.790528
36508, 228.675, 19, -1,-1,-1,38.0115,0.007687,0.015849,8.68e+08,10,125000,1,0,-3.06804,16401.4,0,-137.441,-133,0.436224
36515, 228.829, 46, -1,-1,-1,54.0139,24.7077,0.019953,8.68e+08,11,125000,1,0,4.97448,-883.551,0,-133.772,-135,0.790528
36517, 228.866, 42, -1,-1,-1,55.9659,22.2357,0.019953,8.68e+08,10,125000,1,0,8.13078,-1286.19,0,-132.753,-133,0.436224
36524, 229.184, 40, -1,-1,-1,59.1236,25.6898,0.015849,8.68e+08,10,125000,1,0,8.97597,-5493.6,0,-133.488,-133,0.436224
36532, 229.425, 48, -1,-1,-1,56.6076,12.8569,0.015849,8.68e+08,10,125000,1,0,14.9865,2920.63,1,-131.696,-133,0.436224
36534, 229.629, 55, -1,-1,-1,29.3409,-14.2582,0.025119,8.68e+08,12,125000,1,0,-9.85133,19409.9,0,-137.62,-137,1.58106
36536, 229.63, 49, -1,-1,-1,45.6929,9.55674,0.015849,8.68e+08,10,125000,1,0,2.69644,11064.6,0,-135.519,-133,0.436224
36548, 230.252, 33, -1,-1,-1,48.5351,16.7675,0.019953,8.68e+08,10,125000,1,0,3.24277,6156.5,0,-134.34,-133,0.436224
36551, 230.45, 25, -1,-1,-1,47.4666,6.98245,0.025119,8.68e+08,10,125000,1,0,5.42579,11839.7,1,-132.619,-133,0.436224
36568, 230.93, 20, -1,-1,-1,39.7553,-9.35268,0.019953,8.68e+08,10,125000,1,0,-0.902027,18985.1,0,-135.718,-133,0.436224
36580, 231.608, 50, -1,-1,-1,39.8689,16.152,0.019953,8.68e+08,11,125000,1,0,-4.23087,9265.28,0,-136.829,-135,0.790528
36582, 231.799, 39, -1,-1,-1,44.7388,20.1372,0.015849,8.68e+08,10,125000,1,0,-1.33717,5921.43,0,-136.87,-133,0.436224
36589, 231.976, 32, -1,-1,-1,50.6742,17.0701,0.019953,8.68e+08,11,125000,1,0,5.32259,4809.8,0,-133.655,-135,0.790528
36596, 232.379, 27, -1,-1,-1,50.9263,3.96498,0.019953,8.68e+08,12,125000,1,0,11.0843,12238.3,0,-131.833,-137,1.58106
36603, 232.614, 47, -1,-1,-1,60.7806,1.83536,0.015849,8.68e+08,11,125000,1,0,36.7892,4244.33,0,-126.928,-135,0.790528
36605, 232.761, 15, -1,-1,-1,46.2746,7.09545,0.019953,8.68e+08,10,125000,1,0,4.1279,12018.5,0,-134.044,-133,0.436224
36607, 232.829, 24, -1,-1,-1,49.1334,13.5818,0.015849,8.68e+08,10,125000,1,0,5.14972,7429.2,0,-134.71,-133,0.436224
36629, 234.3, 38, -1,-1,-1,46.6172,18.1503,0.019953,8.68e+08,11,125000,1,0,1.00121,6065.86,0,-135.087,-135,0.790528
36631, 234.587, 18, -1,-1,-1,41.6718,4.40735,0.025119,8.68e+08,12,125000,1,0,-0.043917,14217.5,0,-134.433,-137,1.58106
36634, 234.614, 6, -1,-1,-1,57.9389,19.5301,0.019953,8.68e+08,12,125000,1,0,11.8446,-2262.89,1,-131.608,-137,1.58106
36636, 234.659, 26, -1,-1,-1,48.2338,8.18102,0.015849,8.68e+08,11,125000,1,0,6.13812,10718.7,0,-134.387,-135,0.790528
36659, 235.191, 7, -1,-1,-1,48.8156,14.5218,0.025119,8.68e+08,10,125000,1,0,4.50731,6918.73,1,-132.921,-133,0.436224
36661, 235.53, 35, -1,-1,-1,44.8964,23.9506,0.019953,8.68e+08,11,125000,1,0,-2.4053,3872.76,0,-136.227,-135,0.790528
36663, 235.77, 34, -1,-1,-1,47.8921,18.1051,0.019953,8.68e+08,11,125000,1,0,2.22219,5447.45,0,-134.679,-135,0.790528
36665, 235.86, 11, -1,-1,-1,55.1052,36.446,0.025119,8.68e+08,11,125000,1,0,0.289841,-6444.22,0,-134.332,-135,0.790528
36682, 236.417, 28, -1,-1,-1,54.4004,13.1066,0.019953,8.68e+08,10,125000,1,0,11.8547,4114.86,0,-131.603,-133,0.436224
36684, 236.431, 43, -1,-1,-1,55.2559,26.0605,0.025119,8.68e+08,10,125000,1,0,5.31661,-2923,0,-132.659,-133,0.436224
36696, 236.833, 5, -1,-1,-1,53.0128,4.81756,0.019953,8.68e+08,10,125000,1,0,14.5026,10267.8,0,-130.83,-133,0.436224
36698, 237.007, 30, -1,-1,-1,50.4166,22.3874,0.025119,8.68e+08,10,125000,1,0,2.82305,1901.04,0,-133.481,-133,0.436224
36720, 237.822, 51, -1,-1,-1,42.2294,28.194,0.015849,8.68e+08,10,125000,1,0,-5.72835,2805.93,0,-138.323,-133,0.436224
36727, 238.325, 45, -1,-1,-1,49.1516,25.5874,0.025119,8.68e+08,12,125000,1,0,0.419449,1088.19,0,-134.284,-137,1.58106
36729, 238.422, 4, -1,-1,-1,42.7292,12.7851,0.025119,8.68e+08,11,125000,1,0,-0.764111,9871.22,0,-134.675,-135,0.790528
36732, 238.519, 13, -1,-1,-1,57.1683,-5.07194,0.015849,8.68e+08,11,125000,1,0,30.943,13754.4,1,-127.953,-135,0.790528
36735, 238.579, 22, -1,-1,-1,51.0484,10.8218,0.025119,8.68e+08,10,125000,1,0,8.74869,7612.48,1,-131.554,-133,0.436224
36738, 238.59, 31, -1,-1,-1,55.2698,20.8384,0.019953,8.68e+08,12,125000,1,0,8.20471,-749.355,1,-132.728,-137,1.58106
36765, 239.65, 29, -1,-1,-1,51.2316,20.2503,0.019953,8.68e+08,11,125000,1,0,4.5488,2307.76,0,-133.909,-135,0.790528
36772, 239.923, 52, -1,-1,-1,38.853,34.58,0.019953,8.68e+08,11,125000,1,0,-9.89589,1149.84,0,-138.646,-135,0.790528
36775, 239.928, 59, -1,-1,-1,70.3446,16.3551,0.019953,8.68e+08,10,125000,1,0,19.5199,-16932.2,1,-129.482,-133,0.436224
36777, 240.003, 44, -1,-1,-1,48.915,29.8997,0.015849,8.68e+08,10,125000,1,0,-1.46072,-820.705,0,-136.915,-133,0.436224
36784, 240.068, 48, -1,-1,-1,56.6076,12.8569,0.015849,8.68e+08,10,125000,1,0,15.1477,1860,0,-131.649,-133,0.436224
36786, 240.256, 41, -1,-1,-1,57.7942,23.9073,0.019953,8.68e+08,10,125000,1,0,8.68426,-4479.34,0,-132.578,-133,0.436224
36803, 240.815, 3, -1,-1,-1,38.8081,-3.66631,0.019953,8.68e+08,11,125000,1,0,-1.46702,17495.4,0,-135.906,-135,0.790528
36815, 240.99, 33, -1,-1,-1,48.5351,16.7675,0.019953,8.68e+08,10,125000,1,0,3.46463,5642.98,0,-134.266,-133,0.436224
36818, 241.071, 14, -1,-1,-1,53.9616,-4.16799,0.025119,8.68e+08,10,125000,1,0,20.8987,15281.1,1,-128.134,-133,0.436224
36825, 241.244, 10, -1,-1,-1,29.0987,31.7557,0.015849,8.68e+08,10,125000,1,0,-15.209,4658.44,0,-141.203,-133,0.436224
36827, 241.253, 21, -1,-1,-1,40.7647,-7.46535,0.025119,8.68e+08,10,125000,1,0,0.685031,18544.6,0,-134.186,-133,0.436224
36839, 241.61, 16, -1,-1,-1,42.7786,6.94506,0.019953,8.68e+08,10,125000,1,0,0.871207,12711.5,0,-135.126,-133,0.436224
36846, 241.959, 57, -1,-1,-1,36.1272,33.7657,0.019953,8.68e+08,10,125000,1,0,-11.3792,2295.94,0,-139.096,-133,0.436224
36854, 242.352, 8, -1,-1,-1,60.9564,9.93245,0.015849,8.68e+08,11,125000,1,0,24.781,-2377.28,1,-129.225,-135,0.790528
36856, 242.477, 55, -1,-1,-1,29.3409,-14.2582,0.025119,8.68e+08,12,125000,1,0,-9.26996,19489,0,-137.439,-137,1.58106
36858, 242.655, 36, -1,-1,-1,42.8721,21.2682,0.025119,8.68e+08,11,125000,1,0,-3.03892,5660.35,0,-135.436,-135,0.790528
36860, 242.827, 9, -1,-1,-1,38.2779,25.7475,0.015849,8.68e+08,11,125000,1,0,-7.73522,5026.6,0,-138.966,-135,0.790528
36883, 243.53, 42, -1,-1,-1,55.9659,22.2357,0.019953,8.68e+08,10,125000,1,0,8.00772,-2284.26,1,-132.791,-133,0.436224
36886, 243.694, 32, -1,-1,-1,50.6742,17.0701,0.019953,8.68e+08,11,125000,1,0,5.52418,4153.68,1,-133.588,-135,0.790528
36908, 244.455, 39, -1,-1,-1,44.7388,20.1372,0.015849,8.68e+08,10,125000,1,0,-1.12773,5410.71,0,-136.799,-133,0.436224
36911, 244.51, 12, -1,-1,-1,53.1839,-3.87715,0.019953,8.68e+08,12,125000,1,0,19.1782,15319.5,1,-129.565,-137,1.58106
36919, 244.701, 53, -1,-1,-1,65.3284,-19.1561,0.025119,8.68e+08,10,125000,1,0,48.6708,300.761,1,-123.298,-133,0.436224
36931, 245.056, 56, -1,-1,-1,34.5758,13.0619,0.019953,8.68e+08,12,125000,1,0,-7.31593,11302.5,0,-137.827,-137,1.58106
36933, 245.061, 19, -1,-1,-1,38.0115,0.007687,0.015849,8.68e+08,10,125000,1,0,-2.32104,16174.3,0,-137.191,-133,0.436224
36950, 245.743, 1, -1,-1,-1,49.3743,3.30528,0.015849,8.68e+08,11,125000,1,0,9.87066,12572.8,0,-133.202,-135,0.790528
36952, 245.769, 2, -1,-1,-1,52.1594,14.5236,0.019953,8.68e+08,12,125000,1,0,8.4284,4483.92,0,-132.655,-137,1.58106
36954, 245.799, 25, -1,-1,-1,47.4666,6.98245,0.025119,8.68e+08,10,125000,1,0,6.12431,11185.3,0,-132.39,-133,0.436224
36956, 245.808, 17, -1,-1,-1,49.9949,1.85453,0.025119,8.68e+08,11,125000,1,0,11.3135,13167.4,0,-130.762,-135,0.790528
36958, 245.925, 27, -1,-1,-1,50.9263,3.96498,0.019953,8.68e+08,12,125000,1,0,11.9333,11551.6,0,-131.577,-137,1.58106
36971, 246.924, 58, -1,-1,-1,62.6808,-4.27248,0.015849,8.68e+08,12,125000,1,0,61.5654,1779.74,1,-124.099,-137,1.58106
36983, 247.125, 20, -1,-1,-1,39.7553,-9.35268,0.019953,8.68e+08,10,125000,1,0,0.030463,18919.7,0,-135.405,-133,0.436224
36990, 247.254, 6, -1,-1,-1,57.9389,19.5301,0.019953,8.68e+08,12,125000,1,0,11.6535,-3220.08,0,-131.664,-137,1.58106
36993, 247.309, 23, -1,-1,-1,52.3551,9.17867,0.015849,8.68e+08,11,125000,1,0,11.6432,7311.61,1,-132.664,-135,0.790528
36995, 247.519, 40, -1,-1,-1,59.1236,25.6898,0.015849,8.68e+08,10,125000,1,0,8.45452,-6706.61,0,-133.65,-133,0.436224
36997, 247.651, 30, -1,-1,-1,50.4166,22.3874,0.025119,8.68e+08,10,125000,1,0,2.8816,1358.55,0,-133.46,-133,0.436224
36999, 247.776, 50, -1,-1,-1,39.8689,16.152,0.019953,8.68e+08,11,125000,1,0,-3.84132,8744.44,0,-136.699,-135,0.790528
37012, 249.271, 5, -1,-1,-1,53.0128,4.81756,0.019953,8.68e+08,10,125000,1,0,15.2775,9454.58,1,-130.61,-133,0.436224
37030, 250.07, 45, -1,-1,-1,49.1516,25.5874,0.025119,8.68e+08,12,125000,1,0,0.447906,537.738,1,-134.274,-137,1.58106
37037, 250.211, 24, -1,-1,-1,49.1334,13.5818,0.015849,8.68e+08,10,125000,1,0,5.61776,6459.37,0,-134.556,-133,0.436224
37049, 250.54, 54, -1,-1,-1,31.4019,-15.4743,0.015849,8.68e+08,11,125000,1,0,-7.33851,19631.9,0,-138.83,-135,0.790528
37051, 250.817, 46, -1,-1,-1,54.0139,24.7077,0.019953,8.68e+08,11,125000,1,0,4.83545,-2274.67,0,-133.815,-135,0.790528
37053, 250.877, 37, -1,-1,-1,40.6397,25.2461,0.019953,8.68e+08,10,125000,1,0,-5.83241,4183.24,0,-137.355,-133,0.436224
37056, 250.962, 47, -1,-1,-1,60.7806,1.83536,0.015849,8.68e+08,11,125000,1,0,37.7914,1361.79,1,-126.766,-135,0.790528
37183, 251.281, 35, -1,-1,-1,44.8964,23.9506,0.019953,8.68e+08,11,125000,1,0,-2.24837,3201.18,0,-136.174,-135,0.790528
37190, 251.422, 51, -1,-1,-1,42.2294,28.194,0.015849,8.68e+08,10,125000,1,0,-5.6395,2326.87,0,-138.294,-133,0.436224
37213, 251.966, 59, -1,-1,-1,70.3446,16.3551,0.019953,8.68e+08,10,125000,1,0,17.9207,-17261.1,1,-129.895,-133,0.436224
37220, 252.125, 13, -1,-1,-1,57.1683,-5.07194,0.015849,8.68e+08,11,125000,1,0,33.7362,12646.5,0,-127.44,-135,0.790528
37227, 252.377, 15, -1,-1,-1,46.2746,7.09545,0.019953,8.68e+08,10,125000,1,0,4.98088,11191.2,0,-133.762,-133,0.436224
37229, 252.421, 0, -1,-1,-1,51.6007,-2.3004,0.025119,8.68e+08,11,125000,1,0,16.1485,14558.3,0,-129.368,-135,0.790528
37231, 252.485, 34, -1,-1,-1,47.8921,18.1051,0.019953,8.68e+08,11,125000,1,0,2.50612,4582.55,0,-134.583,-135,0.790528
37243, 252.796, 48, -1,-1,-1,56.6076,12.8569,0.015849,8.68e+08,10,125000,1,0,15.2541,753.698,0,-131.618,-133,0.436224
37245, 253.209, 28, -1,-1,-1,54.4004,13.1066,0.019953,8.68e+08,10,125000,1,0,12.1681,2790.56,0,-131.508,-133,0.436224
37252, 253.345, 4, -1,-1,-1,42.7292,12.7851,0.025119,8.68e+08,11,125000,1,0,-0.329876,9333.26,0,-134.529,-135,0.790528
37254, 253.554, 18, -1,-1,-1,41.6718,4.40735,0.025119,8.68e+08,12,125000,1,0,0.786869,13705.1,0,-134.153,-137,1.58106
37266, 254.043, 32, -1,-1,-1,50.6742,17.0701,0.019953,8.68e+08,11,125000,1,0,5.67572,3427.28,0,-133.538,-135,0.790528
37273, 254.399, 49, -1,-1,-1,45.6929,9.55674,0.015849,8.68e+08,10,125000,1,0,3.61215,9958.07,0,-135.213,-133,0.436224
37275, 254.439, 11, -1,-1,-1,55.1052,36.446,0.025119,8.68e+08,11,125000,1,0,-0.108683,-7279.51,0,-134.464,-135,0.790528
37297, 255.716, 7, -1,-1,-1,48.8156,14.5218,0.025119,8.68e+08,10,125000,1,0,4.99901,5752.76,0,-132.758,-133,0.436224
37299, 255.764, 55, -1,-1,-1,29.3409,-14.2582,0.025119,8.68e+08,12,125000,1,0,-8.66094,19363.1,0,-137.247,-137,1.58106
37306, 255.886, 33, -1,-1,-1,48.5351,16.7675,0.019953,8.68e+08,10,125000,1,0,3.73783,4698.81,0,-134.174,-133,0.436224
37308, 256.058, 44, -1,-1,-1,48.915,29.8997,0.015849,8.68e+08,10,125000,1,0,-1.51703,-1557.3,0,-136.933,-133,0.436224
37310, 256.067, 25, -1,-1,-1,47.4666,6.98245,0.025119,8.68e+08,10,125000,1,0,6.57959,10607.5,0,-132.242,-133,0.436224
37322, 256.654, 26, -1,-1,-1,48.2338,8.18102,0.015849,8.68e+08,11,125000,1,0,7.06081,9578.83,0,-134.087,-135,0.790528
37325, 256.85, 53, -1,-1,-1,65.3284,-19.1561,0.025119,8.68e+08,10,125000,1,0,48.2724,-2240.68,1,-123.342,-133,0.436224
37327, 257.003, 38, -1,-1,-1,46.6172,18.1503,0.019953,8.68e+08,11,125000,1,0,1.4047,4912.38,0,-134.95,-135,0.790528
37344, 257.686, 21, -1,-1,-1,40.7647,-7.46535,0.025119,8.68e+08,10,125000,1,0,1.66309,18236.5,0,-133.857,-133,0.436224
37356, 257.974, 8, -1,-1,-1,60.9564,9.93245,0.015849,8.68e+08,11,125000,1,0,24.2127,-4401.76,0,-129.351,-135,0.790528
37358, 258.145, 43, -1,-1,-1,55.2559,26.0605,0.025119,8.68e+08,10,125000,1,0,5.01265,-4276.85,0,-132.757,-133,0.436224
37360, 258.686, 2, -1,-1,-1,52.1594,14.5236,0.019953,8.68e+08,12,125000,1,0,8.6591,3476.44,0,-132.581,-137,1.58106
37377, 259.378, 27, -1,-1,-1,50.9263,3.96498,0.019953,8.68e+08,12,125000,1,0,12.7563,10624.6,0,-131.331,-137,1.58106
37384, 259.446, 20, -1,-1,-1,39.7553,-9.35268,0.019953,8.68e+08,10,125000,1,0,0.759254,18720.4,0,-135.159,-133,0.436224
37391, 259.987, 9, -1,-1,-1,38.2779,25.7475,0.015849,8.68e+08,11,125000,1,0,-7.54152,4310.05,0,-138.904,-135,0.790528
37399, 260.14, 5, -1,-1,-1,53.0128,4.81756,0.019953,8.68e+08,10,125000,1,0,15.9194,8524.71,1,-130.431,-133,0.436224
37402, 260.171, 23, -1,-1,-1,52.3551,9.17867,0.015849,8.68e+08,11,125000,1,0,12.1124,6255.37,1,-132.523,-135,0.790528
37419, 260.691, 58, -1,-1,-1,62.6808,-4.27248,0.015849,8.68e+08,12,125000,1,0,61.6687,-1542.93,0,-124.089,-137,1.58106
37421, 260.803, 3, -1,-1,-1,38.8081,-3.66631,0.019953,8.68e+08,11,125000,1,0,-0.437293,17230.1,0,-135.56,-135,0.790528
37423, 260.868, 19, -1,-1,-1,38.0115,0.007687,0.015849,8.68e+08,10,125000,1,0,-1.59425,15933.3,0,-136.947,-133,0.436224
37440, 261.443, 10, -1,-1,-1,29.0987,31.7557,0.015849,8.68e+08,10,125000,1,0,-15.0225,4181.91,0,-141.151,-133,0.436224
37447, 261.619, 51, -1,-1,-1,42.2294,28.194,0.015849,8.68e+08,10,125000,1,0,-5.58494,2001.95,0,-138.275,-133,0.436224
37449, 261.705, 52, -1,-1,-1,38.853,34.58,0.019953,8.68e+08,11,125000,1,0,-9.85399,593.84,0,-138.632,-135,0.790528
37461, 262.001, 56, -1,-1,-1,34.5758,13.0619,0.019953,8.68e+08,12,125000,1,0,-6.8553,10896.4,0,-137.679,-137,1.58106
37463, 262.118, 31, -1,-1,-1,55.2698,20.8384,0.019953,8.68e+08,12,125000,1,0,8.03644,-2296.04,0,-132.779,-137,1.58106
37470, 262.372, 57, -1,-1,-1,36.1272,33.7657,0.019953,8.68e+08,10,125000,1,0,-11.2923,1684.97,0,-139.069,-133,0.436224
37472, 262.655, 40, -1,-1,-1,59.1236,25.6898,0.015849,8.68e+08,10,125000,1,0,7.96079,-7623.48,0,-133.805,-133,0.436224
37474, 262.74, 35, -1,-1,-1,44.8964,23.9506,0.019953,8.68e+08,11,125000,1,0,-2.15381,2744.64,0,-136.142,-135,0.790528
37486, 263.036, 12, -1,-1,-1,53.1839,-3.87715,0.019953,8.68e+08,12,125000,1,0,21.4804,14326.7,0,-128.989,-137,1.58106
37493, 263.329, 22, -1,-1,-1,51.0484,10.8218,0.025119,8.68e+08,10,125000,1,0,9.53947,6093.54,0,-131.305,-133,0.436224
37505, 263.576, 48, -1,-1,-1,56.6076,12.8569,0.015849,8.68e+08,10,125000,1,0,15.2687,-161.602,0,-131.613,-133,0.436224
37507, 263.728, 0, -1,-1,-1,51.6007,-2.3004,0.025119,8.68e+08,11,125000,1,0,17.2719,14060.8,0,-129.062,-135,0.790528
37509, 263.834, 41, -1,-1,-1,57.7942,23.9073,0.019953,8.68e+08,10,125000,1,0,8.12121,-5948.67,0,-132.753,-133,0.436224
37516, 264.237, 29, -1,-1,-1,51.2316,20.2503,0.019953,8.68e+08,11,125000,1,0,4.69234,901.939,0,-133.86,-135,0.790528
37528, 264.715, 1, -1,-1,-1,49.3743,3.30528,0.015849,8.68e+08,11,125000,1,0,11.0116,11595.7,0,-132.851,-135,0.790528
37535, 265.064, 15, -1,-1,-1,46.2746,7.09545,0.019953,8.68e+08,10,125000,1,0,5.51547,10665.4,0,-133.586,-133,0.436224
37538, 265.141, 14, -1,-1,-1,53.9616,-4.16799,0.025119,8.68e+08,10,125000,1,0,24.1942,13786.7,1,-127.352,-133,0.436224
37545, 265.67, 13, -1,-1,-1,57.1683,-5.07194,0.015849,8.68e+08,11,125000,1,0,36.6058,11324.2,0,-126.952,-135,0.790528
37567, 266.376, 16, -1,-1,-1,42.7786,6.94506,0.019953,8.68e+08,10,125000,1,0,1.85677,11810.6,0,-134.794,-133,0.436224
37569, 266.547, 42, -1,-1,-1,55.9659,22.2357,0.019953,8.68e+08,10,125000,1,0,7.68277,-3900.69,0,-132.892,-133,0.436224
37581, 266.773, 55, -1,-1,-1,29.3409,-14.2582,0.025119,8.68e+08,12,125000,1,0,-8.14999,19453.2,0,-137.085,-137,1.58106
37583, 266.788, 17, -1,-1,-1,49.9949,1.85453,0.025119,8.68e+08,11,125000,1,0,12.7452,12054.9,0,-130.333,-135,0.790528
37590, 267.358, 6, -1,-1,-1,57.9389,19.5301,0.019953,8.68e+08,12,125000,1,0,11.2165,-4789.35,0,-131.793,-137,1.58106
37592, 267.374, 4, -1,-1,-1,42.7292,12.7851,0.025119,8.68e+08,11,125000,1,0,0.059896,8807.19,0,-134.397,-135,0.790528
37594, 267.522, 36, -1,-1,-1,42.8721,21.2682,0.025119,8.68e+08,11,125000,1,0,-2.68965,4577.46,0,-135.319,-135,0.790528
37596, 267.581, 39, -1,-1,-1,44.7388,20.1372,0.015849,8.68e+08,10,125000,1,0,-0.797643,4319.53,0,-136.687,-133,0.436224
37614, 268.24, 59, -1,-1,-1,70.3446,16.3551,0.019953,8.68e+08,10,125000,1,0,15.905,-17695.4,1,-130.436,-133,0.436224
37617, 268.396, 47, -1,-1,-1,60.7806,1.83536,0.015849,8.68e+08,11,125000,1,0,37.7552,-1438.82,1,-126.769,-135,0.790528
37624, 268.539, 38, -1,-1,-1,46.6172,18.1503,0.019953,8.68e+08,11,125000,1,0,1.57914,4378.58,0,-134.891,-135,0.790528
37632, 268.887, 53, -1,-1,-1,65.3284,-19.1561,0.025119,8.68e+08,10,125000,1,0,47.0438,-4269.11,1,-123.484,-133,0.436224
37634, 269.139, 28, -1,-1,-1,54.4004,13.1066,0.019953,8.68e+08,10,125000,1,0,12.3518,1508.57,0,-131.452,-133,0.436224
37662, 270.563, 11, -1,-1,-1,55.1052,36.446,0.025119,8.68e+08,11,125000,1,0,-0.487632,-7949.69,1,-134.59,-135,0.790528
37664, 270.595, 43, -1,-1,-1,55.2559,26.0605,0.025119,8.68e+08,10,125000,1,0,4.79089,-4964.98,0,-132.829,-133,0.436224
37666, 270.71, 20, -1,-1,-1,39.7553,-9.35268,0.019953,8.68e+08,10,125000,1,0,1.44127,18709.9,0,-134.93,-133,0.436224
37678, 270.963, 21, -1,-1,-1,40.7647,-7.46535,0.025119,8.68e+08,10,125000,1,0,2.4761,18146.3,0,-133.585,-133,0.436224
37680, 270.964, 58, -1,-1,-1,62.6808,-4.27248,0.015849,8.68e+08,12,125000,1,0,60.1938,-3569.22,0,-124.198,-137,1.58106
37697, 271.639, 54, -1,-1,-1,31.4019,-15.4743,0.015849,8.68e+08,11,125000,1,0,-6.30948,19628,0,-138.497,-135,0.790528
37699, 271.685, 46, -1,-1,-1,54.0139,24.7077,0.019953,8.68e+08,11,125000,1,0,4.59948,-3558.85,0,-133.891,-135,0.790528
37707, 271.938, 8, -1,-1,-1,60.9564,9.93245,0.015849,8.68e+08,11,125000,1,0,23.4782,-5906.19,1,-129.517,-135,0.790528
37709, 272.212, 30, -1,-1,-1,50.4166,22.3874,0.025119,8.68e+08,10,125000,1,0,2.92969,-96.3719,0,-133.443,-133,0.436224
37726, 272.389, 50, -1,-1,-1,39.8689,16.152,0.019953,8.68e+08,11,125000,1,0,-3.28778,7819.61,0,-136.514,-135,0.790528
37738, 272.659, 24, -1,-1,-1,49.1334,13.5818,0.015849,8.68e+08,10,125000,1,0,6.13116,5084.86,0,-134.387,-133,0.436224
37740, 272.675, 37, -1,-1,-1,40.6397,25.2461,0.019953,8.68e+08,10,125000,1,0,-5.62448,3342.36,0,-137.286,-133,0.436224
37742, 272.732, 45, -1,-1,-1,49.1516,25.5874,0.025119,8.68e+08,12,125000,1,0,0.438693,-662.015,0,-134.275,-137,1.58106
37750, 273.039, 5, -1,-1,-1,53.0128,4.81756,0.019953,8.68e+08,10,125000,1,0,16.6265,7541.26,1,-130.236,-133,0.436224
37757, 273.571, 52, -1,-1,-1,38.853,34.58,0.019953,8.68e+08,11,125000,1,0,-9.84616,115.162,0,-138.63,-135,0.790528
37770, 273.97, 27, -1,-1,-1,50.9263,3.96498,0.019953,8.68e+08,12,125000,1,0,13.6149,9715.56,1,-131.079,-137,1.58106
37777, 274.19, 31, -1,-1,-1,55.2698,20.8384,0.019953,8.68e+08,12,125000,1,0,7.88346,-3233.82,0,-132.827,-137,1.58106
37779, 274.324, 35, -1,-1,-1,44.8964,23.9506,0.019953,8.68e+08,11,125000,1,0,-2.07542,2128.68,0,-136.115,-135,0.790528
37786, 274.391, 32, -1,-1,-1,50.6742,17.0701,0.019953,8.68e+08,11,125000,1,0,5.89726,2120.69,0,-133.464,-135,0.790528
37788, 274.531, 51, -1,-1,-1,42.2294,28.194,0.015849,8.68e+08,10,125000,1,0,-5.53086,1395.84,0,-138.257,-133,0.436224
37791, 274.722, 0, -1,-1,-1,51.6007,-2.3004,0.025119,8.68e+08,11,125000,1,0,18.3814,13315.3,1,-128.767,-135,0.790528
37793, 274.825, 49, -1,-1,-1,45.6929,9.55674,0.015849,8.68e+08,10,125000,1,0,4.31832,8981.04,0,-134.978,-133,0.436224
37805, 275.348, 33, -1,-1,-1,48.5351,16.7675,0.019953,8.68e+08,10,125000,1,0,4.02972,3576.36,0,-134.076,-133,0.436224
37807, 275.606, 44, -1,-1,-1,48.915,29.8997,0.015849,8.68e+08,10,125000,1,0,-1.63373,-2476,0,-136.97,-133,0.436224
37834, 276.727, 34, -1,-1,-1,47.8921,18.1051,0.019953,8.68e+08,11,125000,1,0,2.82988,3211.6,0,-134.474,-135,0.790528
37842, 277.144, 13, -1,-1,-1,57.1683,-5.07194,0.015849,8.68e+08,11,125000,1,0,39.032,9752.2,1,-126.569,-135,0.790528
37854, 277.434, 4, -1,-1,-1,42.7292,12.7851,0.025119,8.68e+08,11,125000,1,0,0.327183,8304.11,0,-134.307,-135,0.790528
37856, 277.462, 16, -1,-1,-1,42.7786,6.94506,0.019953,8.68e+08,10,125000,1,0,2.28674,11301.4,0,-134.65,-133,0.436224
37858, 277.642, 18, -1,-1,-1,41.6718,4.40735,0.025119,8.68e+08,12,125000,1,0,1.83278,12925.6,0,-133.801,-137,1.58106
37861, 277.712, 41, -1,-1,-1,57.7942,23.9073,0.019953,8.68e+08,10,125000,1,0,7.7215,-6949.19,1,-132.879,-133,0.436224
37863, 277.734, 57, -1,-1,-1,36.1272,33.7657,0.019953,8.68e+08,10,125000,1,0,-11.2454,1097.42,0,-139.055,-133,0.436224
37865, 277.795, 2, -1,-1,-1,52.1594,14.5236,0.019953,8.68e+08,12,125000,1,0,8.90393,2106.07,0,-132.502,-137,1.58106
37893, 278.742, 14, -1,-1,-1,53.9616,-4.16799,0.025119,8.68e+08,10,125000,1,0,26.143,12607.4,1,-126.919,-133,0.436224
37895, 278.857, 7, -1,-1,-1,48.8156,14.5218,0.025119,8.68e+08,10,125000,1,0,5.45117,4342.26,0,-132.608,-133,0.436224
37897, 279.052, 25, -1,-1,-1,47.4666,6.98245,0.025119,8.68e+08,10,125000,1,0,7.55256,9375.76,0,-131.927,-133,0.436224
37899, 279.085, 26, -1,-1,-1,48.2338,8.18102,0.015849,8.68e+08,11,125000,1,0,7.92753,8286.5,0,-133.808,-135,0.790528
37901, 279.322, 36, -1,-1,-1,42.8721,21.2682,0.025119,8.68e+08,11,125000,1,0,-2.54864,3977.88,0,-135.271,-135,0.790528
37918, 280.831, 15, -1,-1,-1,46.2746,7.09545,0.019953,8.68e+08,10,125000,1,0,6.15574,9920.36,0,-133.376,-133,0.436224
37931, 281.199, 53, -1,-1,-1,65.3284,-19.1561,0.025119,8.68e+08,10,125000,1,0,45.0979,-6216,1,-123.723,-133,0.436224
37933, 281.314, 22, -1,-1,-1,51.0484,10.8218,0.025119,8.68e+08,10,125000,1,0,10.0047,4830.98,0,-131.159,-133,0.436224
37940, 281.571, 23, -1,-1,-1,52.3551,9.17867,0.015849,8.68e+08,11,125000,1,0,12.7609,4740.99,0,-132.328,-135,0.790528
37943, 281.852, 17, -1,-1,-1,49.9949,1.85453,0.025119,8.68e+08,11,125000,1,0,13.7532,11197.8,1,-130.038,-135,0.790528
37955, 282.294, 3, -1,-1,-1,38.8081,-3.66631,0.019953,8.68e+08,11,125000,1,0,0.696171,16884.7,0,-135.178,-135,0.790528
37968, 282.879, 29, -1,-1,-1,51.2316,20.2503,0.019953,8.68e+08,11,125000,1,0,4.70656,-251.316,1,-133.853,-135,0.790528
37975, 282.942, 9, -1,-1,-1,38.2779,25.7475,0.015849,8.68e+08,11,125000,1,0,-7.32004,3643.22,0,-138.832,-135,0.790528
37977, 283.168, 39, -1,-1,-1,44.7388,20.1372,0.015849,8.68e+08,10,125000,1,0,-0.615832,3609.13,0,-136.625,-133,0.436224
37994, 283.72, 5, -1,-1,-1,53.0128,4.81756,0.019953,8.68e+08,10,125000,1,0,17.1572,6706.77,0,-130.091,-133,0.436224
37996, 283.722, 59, -1,-1,-1,70.3446,16.3551,0.019953,8.68e+08,10,125000,1,0,14.1291,-18021.1,0,-130.934,-133,0.436224
37998, 283.96, 6, -1,-1,-1,57.9389,19.5301,0.019953,8.68e+08,12,125000,1,0,10.7438,-5994.48,0,-131.935,-137,1.58106
38001, 284.173, 47, -1,-1,-1,60.7806,1.83536,0.015849,8.68e+08,11,125000,1,0,36.891,-3882.91,1,-126.904,-135,0.790528
38004, 284.512, 12, -1,-1,-1,53.1839,-3.87715,0.019953,8.68e+08,12,125000,1,0,24.2753,12852.6,1,-128.331,-137,1.58106
38036, 285.082, 19, -1,-1,-1,38.0115,0.007687,0.015849,8.68e+08,10,125000,1,0,-0.470287,15419.5,0,-136.568,-133,0.436224
38043, 285.097, 21, -1,-1,-1,40.7647,-7.46535,0.025119,8.68e+08,10,125000,1,0,3.36551,18017,0,-133.287,-133,0.436224
38045, 285.122, 10, -1,-1,-1,29.0987,31.7557,0.015849,8.68e+08,10,125000,1,0,-14.8299,3580.2,0,-141.096,-133,0.436224
38047, 285.126, 42, -1,-1,-1,55.9659,22.2357,0.019953,8.68e+08,10,125000,1,0,7.31112,-5124.99,0,-133.009,-133,0.436224
38064, 285.372, 30, -1,-1,-1,50.4166,22.3874,0.025119,8.68e+08,10,125000,1,0,2.90513,-807.928,0,-133.45,-133,0.436224
38066, 285.528, 43, -1,-1,-1,55.2559,26.0605,0.025119,8.68e+08,10,125000,1,0,4.48259,-5792.41,0,-132.929,-133,0.436224
38073, 285.672, 44, -1,-1,-1,48.915,29.8997,0.015849,8.68e+08,10,125000,1,0,-1.71402,-2871.5,0,-136.997,-133,0.436224
38085, 286.072, 40, -1,-1,-1,59.1236,25.6898,0.015849,8.68e+08,10,125000,1,0,7.10313,-9021.49,0,-134.076,-133,0.436224
38102, 286.497, 52, -1,-1,-1,38.853,34.58,0.019953,8.68e+08,11,125000,1,0,-9.8497,-245.503,0,-138.63,-135,0.790528
38104, 286.534, 56, -1,-1,-1,34.5758,13.0619,0.019953,8.68e+08,12,125000,1,0,-6.21267,10191,0,-137.47,-137,1.58106
38107, 286.572, 48, -1,-1,-1,56.6076,12.8569,0.015849,8.68e+08,10,125000,1,0,15.0687,-2303.32,1,-131.666,-133,0.436224
38114, 286.638, 49, -1,-1,-1,45.6929,9.55674,0.015849,8.68e+08,10,125000,1,0,4.70177,8443.31,0,-134.85,-133,0.436224
38116, 286.721, 58, -1,-1,-1,62.6808,-4.27248,0.015849,8.68e+08,12,125000,1,0,56.0653,-6654.45,0,-124.539,-137,1.58106
38118, 286.745, 46, -1,-1,-1,54.0139,24.7077,0.019953,8.68e+08,11,125000,1,0,4.36957,-4418.23,0,-133.966,-135,0.790528
38120, 286.776, 31, -1,-1,-1,55.2698,20.8384,0.019953,8.68e+08,12,125000,1,0,7.67821,-4037.5,0,-132.891,-137,1.58106
38127, 287.02, 35, -1,-1,-1,44.8964,23.9506,0.019953,8.68e+08,11,125000,1,0,-2.00973,1595.63,0,-136.092,-135,0.790528
38134, 287.291, 20, -1,-1,-1,39.7553,-9.35268,0.019953,8.68e+08,10,125000,1,0,2.47478,18588.6,0,-134.583,-133,0.436224
38136, 287.373, 34, -1,-1,-1,47.8921,18.1051,0.019953,8.68e+08,11,125000,1,0,2.93711,2677.71,0,-134.437,-135,0.790528
38144, 288.644, 1, -1,-1,-1,49.3743,3.30528,0.015849,8.68e+08,11,125000,1,0,12.3939,10132.9,1,-132.434,-135,0.790528
38147, 288.758, 2, -1,-1,-1,52.1594,14.5236,0.019953,8.68e+08,12,125000,1,0,8.98974,1373.21,1,-132.474,-137,1.58106
38160, 289.676, 32, -1,-1,-1,50.6742,17.0701,0.019953,8.68e+08,11,125000,1,0,5.99415,1158.87,1,-133.431,-135,0.790528
38168, 290.585, 55, -1,-1,-1,29.3409,-14.2582,0.025119,8.68e+08,12,125000,1,0,-7.02357,19409.7,1,-136.724,-137,1.58106
38185, 290.977, 7, -1,-1,-1,48.8156,14.5218,0.025119,8.68e+08,10,125000,1,0,5.64023,3648.72,0,-132.545,-133,0.436224
38198, 291.395, 28, -1,-1,-1,54.4004,13.1066,0.019953,8.68e+08,10,125000,1,0,12.4132,-376.248,1,-131.431,-133,0.436224
38205, 291.54, 54, -1,-1,-1,31.4019,-15.4743,0.015849,8.68e+08,11,125000,1,0,-5.31239,19626,0,-138.171,-135,0.790528
38207, 291.761, 23, -1,-1,-1,52.3551,9.17867,0.015849,8.68e+08,11,125000,1,0,13.0036,3819.43,0,-132.256,-135,0.790528
38224, 292.185, 8, -1,-1,-1,60.9564,9.93245,0.015849,8.68e+08,11,125000,1,0,22.1093,-8004.39,0,-129.836,-135,0.790528
38227, 292.347, 22, -1,-1,-1,51.0484,10.8218,0.025119,8.68e+08,10,125000,1,0,10.2379,3925.77,1,-131.086,-133,0.436224
38244, 292.738, 17, -1,-1,-1,49.9949,1.85453,0.025119,8.68e+08,11,125000,1,0,14.4617,10386.2,0,-129.834,-135,0.790528
38246, 292.776, 50, -1,-1,-1,39.8689,16.152,0.019953,8.68e+08,11,125000,1,0,-2.86959,7033.44,0,-136.374,-135,0.790528
38253, 292.929, 41, -1,-1,-1,57.7942,23.9073,0.019953,8.68e+08,10,125000,1,0,7.23273,-7839.99,0,-133.033,-133,0.436224
38255, 292.975, 18, -1,-1,-1,41.6718,4.40735,0.025119,8.68e+08,12,125000,1,0,2.48915,12433.8,0,-133.58,-137,1.58106
38258, 293.037, 27, -1,-1,-1,50.9263,3.96498,0.019953,8.68e+08,12,125000,1,0,14.6596,8342.86,1,-130.778,-137,1.58106
38265, 293.295, 53, -1,-1,-1,65.3284,-19.1561,0.025119,8.68e+08,10,125000,1,0,42.7226,-8332.35,0,-124.034,-133,0.436224
38267, 293.446, 38, -1,-1,-1,46.6172,18.1503,0.019953,8.68e+08,11,125000,1,0,1.88001,3015.02,0,-134.789,-135,0.790528
38269, 293.475, 11, -1,-1,-1,55.1052,36.446,0.025119,8.68e+08,11,125000,1,0,-1.07316,-8907.36,0,-134.785,-135,0.790528
38286, 293.891, 29, -1,-1,-1,51.2316,20.2503,0.019953,8.68e+08,11,125000,1,0,4.67633,-1020.58,0,-133.862,-135,0.790528
38298, 294.167, 59, -1,-1,-1,70.3446,16.3551,0.019953,8.68e+08,10,125000,1,0,13.0011,-18343.8,0,-131.259,-133,0.436224
38301, 294.302, 5, -1,-1,-1,53.0128,4.81756,0.019953,8.68e+08,10,125000,1,0,17.6248,5646.85,1,-129.965,-133,0.436224
38303, 294.488, 24, -1,-1,-1,49.1334,13.5818,0.015849,8.68e+08,10,125000,1,0,6.5185,3680.51,0,-134.259,-133,0.436224
38305, 294.539, 3, -1,-1,-1,38.8081,-3.66631,0.019953,8.68e+08,11,125000,1,0,1.35433,16566.6,0,-134.956,-135,0.790528
38307, 294.84, 36, -1,-1,-1,42.8721,21.2682,0.025119,8.68e+08,11,125000,1,0,-2.38861,3325.38,0,-135.217,-135,0.790528
38319, 295.312, 37, -1,-1,-1,40.6397,25.2461,0.019953,8.68e+08,10,125000,1,0,-5.45731,2443.05,0,-137.231,-133,0.436224
38331, 295.793, 42, -1,-1,-1,55.9659,22.2357,0.019953,8.68e+08,10,125000,1,0,7.05742,-5892.59,0,-133.089,-133,0.436224
38333, 295.801, 16, -1,-1,-1,42.7786,6.94506,0.019953,8.68e+08,10,125000,1,0,2.97834,10565.3,0,-134.418,-133,0.436224
38340, 296.756, 9, -1,-1,-1,38.2779,25.7475,0.015849,8.68e+08,11,125000,1,0,-7.20826,3044.78,0,-138.796,-135,0.790528
38343, 296.848, 45, -1,-1,-1,49.1516,25.5874,0.025119,8.68e+08,12,125000,1,0,0.336506,-1940.05,1,-134.308,-137,1.58106
38360, 297.546, 49, -1,-1,-1,45.6929,9.55674,0.015849,8.68e+08,10,125000,1,0,5.03717,7778.91,0,-134.739,-133,0.436224
38362, 297.719, 4, -1,-1,-1,42.7292,12.7851,0.025119,8.68e+08,11,125000,1,0,0.831791,7398.46,0,-134.136,-135,0.790528
38364, 297.902, 30, -1,-1,-1,50.4166,22.3874,0.025119,8.68e+08,10,125000,1,0,2.84928,-1622.97,0,-133.467,-133,0.436224
38386, 298.513, 51, -1,-1,-1,42.2294,28.194,0.015849,8.68e+08,10,125000,1,0,-5.4755,414.342,0,-138.238,-133,0.436224
38388, 298.696, 0, -1,-1,-1,51.6007,-2.3004,0.025119,8.68e+08,11,125000,1,0,20.8226,11641.2,0,-128.144,-135,0.790528
38390, 298.778, 14, -1,-1,-1,53.9616,-4.16799,0.025119,8.68e+08,10,125000,1,0,29.0461,10803.6,0,-126.313,-133,0.436224
38402, 298.924, 43, -1,-1,-1,55.2559,26.0605,0.025119,8.68e+08,10,125000,1,0,4.16961,-6642.84,0,-133.031,-133,0.436224
38404, 299.249, 33, -1,-1,-1,48.5351,16.7675,0.019953,8.68e+08,10,125000,1,0,4.27964,2116.78,0,-133.991,-133,0.436224
38407, 299.264, 48, -1,-1,-1,56.6076,12.8569,0.015849,8.68e+08,10,125000,1,0,14.8281,-3557.52,1,-131.732,-133,0.436224
38424, 299.981, 39, -1,-1,-1,44.7388,20.1372,0.015849,8.68e+08,10,125000,1,0,-0.458412,2666.56,0,-136.571,-133,0.436224
38427, 300.304, 13, -1,-1,-1,57.1683,-5.07194,0.015849,8.68e+08,11,125000,1,0,43.4792,6302.17,1,-125.931,-135,0.790528
38434, 300.416, 20, -1,-1,-1,39.7553,-9.35268,0.019953,8.68e+08,10,125000,1,0,3.31968,18331.1,0,-134.3,-133,0.436224
38436, 300.778, 44, -1,-1,-1,48.915,29.8997,0.015849,8.68e+08,10,125000,1,0,-1.85958,-3528.46,0,-137.044,-133,0.436224
38588, 301.606, 57, -1,-1,-1,36.1272,33.7657,0.019953,8.68e+08,10,125000,1,0,-11.2045,511.327,0,-139.042,-133,0.436224
38590, 301.683, 26, -1,-1,-1,48.2338,8.18102,0.015849,8.68e+08,11,125000,1,0,8.70034,7018.17,0,-133.561,-135,0.790528
38603, 302.126, 25, -1,-1,-1,47.4666,6.98245,0.025119,8.68e+08,10,125000,1,0,8.44428,8162.6,1,-131.641,-133,0.436224
38605, 302.208, 47, -1,-1,-1,60.7806,1.83536,0.015849,8.68e+08,11,125000,1,0,35.0966,-6516.94,0,-127.198,-135,0.790528
38612, 302.319, 34, -1,-1,-1,47.8921,18.1051,0.019953,8.68e+08,11,125000,1,0,3.05002,1856.63,0,-134.398,-135,0.790528
38614, 302.526, 31, -1,-1,-1,55.2698,20.8384,0.019953,8.68e+08,12,125000,1,0,7.35931,-5051.02,0,-132.991,-137,1.58106
38621, 302.709, 7, -1,-1,-1,48.8156,14.5218,0.025119,8.68e+08,10,125000,1,0,5.78975,2967.49,0,-132.495,-133,0.436224
38628, 302.913, 56, -1,-1,-1,34.5758,13.0619,0.019953,8.68e+08,12,125000,1,0,-5.80162,9741.69,0,-137.336,-137,1.58106
38635, 303.006, 41, -1,-1,-1,57.7942,23.9073,0.019953,8.68e+08,10,125000,1,0,6.88336,-8346.62,0,-133.145,-133,0.436224
38637, 303.41, 6, -1,-1,-1,57.9389,19.5301,0.019953,8.68e+08,12,125000,1,0,10.0791,-7349.43,0,-132.136,-137,1.58106
38649, 303.689, 1, -1,-1,-1,49.3743,3.30528,0.015849,8.68e+08,11,125000,1,0,13.2097,9167.83,0,-132.193,-135,0.790528
38651, 303.751, 32, -1,-1,-1,50.6742,17.0701,0.019953,8.68e+08,11,125000,1,0,6.02903,278.151,0,-133.418,-135,0.790528
38653, 303.859, 15, -1,-1,-1,46.2746,7.09545,0.019953,8.68e+08,10,125000,1,0,7.02941,8652.53,0,-133.091,-133,0.436224
38660, 304.303, 46, -1,-1,-1,54.0139,24.7077,0.019953,8.68e+08,11,125000,1,0,4.04271,-5411.04,0,-134.072,-135,0.790528
38667, 304.575, 24, -1,-1,-1,49.1334,13.5818,0.015849,8.68e+08,10,125000,1,0,6.65669,3095.28,0,-134.214,-133,0.436224
38670, 304.767, 53, -1,-1,-1,65.3284,-19.1561,0.025119,8.68e+08,10,125000,1,0,40.2308,-9754.54,1,-124.386,-133,0.436224
38687, 305.807, 19, -1,-1,-1,38.0115,0.007687,0.015849,8.68e+08,10,125000,1,0,0.499675,14941.5,0,-136.242,-133,0.436224
38689, 305.819, 52, -1,-1,-1,38.853,34.58,0.019953,8.68e+08,11,125000,1,0,-9.8784,-862.786,0,-138.638,-135,0.790528
38691, 306.098, 54, -1,-1,-1,31.4019,-15.4743,0.015849,8.68e+08,11,125000,1,0,-4.565,19669.1,0,-137.925,-135,0.790528
38703, 307.73, 12, -1,-1,-1,53.1839,-3.87715,0.019953,8.68e+08,12,125000,1,0,27.3402,10818.6,0,-127.661,-137,1.58106
38711, 308.174, 59, -1,-1,-1,70.3446,16.3551,0.019953,8.68e+08,10,125000,1,0,11.5691,-18533.2,1,-131.682,-133,0.436224
38733, 308.601, 58, -1,-1,-1,62.6808,-4.27248,0.015849,8.68e+08,12,125000,1,0,48.7309,-10355.5,0,-125.28,-137,1.58106
38735, 308.884, 10, -1,-1,-1,29.0987,31.7557,0.015849,8.68e+08,10,125000,1,0,-14.6656,2964,0,-141.049,-133,0.436224
38738, 308.957, 21, -1,-1,-1,40.7647,-7.46535,0.025119,8.68e+08,10,125000,1,0,4.92748,17620.7,1,-132.769,-133,0.436224
38740, 308.987, 40, -1,-1,-1,59.1236,25.6898,0.015849,8.68e+08,10,125000,1,0,6.17668,-10254.6,0,-134.373,-133,0.436224
38747, 310.008, 45, -1,-1,-1,49.1516,25.5874,0.025119,8.68e+08,12,125000,1,0,0.241304,-2561.96,0,-134.339,-137,1.58106
38749, 310.123, 35, -1,-1,-1,44.8964,23.9506,0.019953,8.68e+08,11,125000,1,0,-1.94542,495.546,0,-136.069,-135,0.790528
38757, 310.94, 28, -1,-1,-1,54.4004,13.1066,0.019953,8.68e+08,10,125000,1,0,12.2769,-2004.71,1,-131.469,-133,0.436224
38789, 311.624, 39, -1,-1,-1,44.7388,20.1372,0.015849,8.68e+08,10,125000,1,0,-0.373735,2153.1,0,-136.542,-133,0.436224
38792, 311.876, 5, -1,-1,-1,53.0128,4.81756,0.019953,8.68e+08,10,125000,1,0,18.2523,3991,1,-129.797,-133,0.436224
38805, 312.056, 29, -1,-1,-1,51.2316,20.2503,0.019953,8.68e+08,11,125000,1,0,4.56443,-2130.57,1,-133.898,-135,0.790528
38807, 312.171, 11, -1,-1,-1,55.1052,36.446,0.025119,8.68e+08,11,125000,1,0,-1.58683,-9609.71,0,-134.955,-135,0.790528
38809, 312.305, 50, -1,-1,-1,39.8689,16.152,0.019953,8.68e+08,11,125000,1,0,-2.50706,6249.05,0,-136.252,-135,0.790528
38816, 312.921, 18, -1,-1,-1,41.6718,4.40735,0.025119,8.68e+08,12,125000,1,0,3.32609,11678.1,0,-133.3,-137,1.58106
38823, 313.464, 27, -1,-1,-1,50.9263,3.96498,0.019953,8.68e+08,12,125000,1,0,15.6425,6698.92,0,-130.5,-137,1.58106
38825, 313.522, 2, -1,-1,-1,52.1594,14.5236,0.019953,8.68e+08,12,125000,1,0,9.03157,-498.938,0,-132.459,-137,1.58106
38833, 313.722, 0, -1,-1,-1,51.6007,-2.3004,0.025119,8.68e+08,11,125000,1,0,22.3257,10480.4,1,-127.778,-135,0.790528
38850, 314.396, 23, -1,-1,-1,52.3551,9.17867,0.015849,8.68e+08,11,125000,1,0,13.3716,1879.67,0,-132.146,-135,0.790528
38852, 314.438, 55, -1,-1,-1,29.3409,-14.2582,0.025119,8.68e+08,12,125000,1,0,-5.86315,19351.5,0,-136.347,-137,1.58106
38854, 314.716, 4, -1,-1,-1,42.7292,12.7851,0.025119,8.68e+08,11,125000,1,0,1.21526,6621.36,0,-134.006,-135,0.790528
38856, 314.812, 42, -1,-1,-1,55.9659,22.2357,0.019953,8.68e+08,10,125000,1,0,6.53937,-7052.69,0,-133.254,-133,0.436224
38868, 315.479, 31, -1,-1,-1,55.2698,20.8384,0.019953,8.68e+08,12,125000,1,0,7.04916,-5983.68,0,-133.089,-137,1.58106
38885, 316.071, 8, -1,-1,-1,60.9564,9.93245,0.015849,8.68e+08,11,125000,1,0,20.1767,-10198.7,0,-130.305,-135,0.790528
38887, 316.12, 57, -1,-1,-1,36.1272,33.7657,0.019953,8.68e+08,10,125000,1,0,-11.1988,-47.3957,0,-139.04,-133,0.436224
38889, 316.247, 52, -1,-1,-1,38.853,34.58,0.019953,8.68e+08,11,125000,1,0,-9.9055,-1282.1,0,-138.646,-135,0.790528
38896, 316.397, 53, -1,-1,-1,65.3284,-19.1561,0.025119,8.68e+08,10,125000,1,0,37.6125,-11378.9,0,-124.783,-133,0.436224
38903, 316.518, 38, -1,-1,-1,46.6172,18.1503,0.019953,8.68e+08,11,125000,1,0,2.06079,1725.95,0,-134.726,-135,0.790528
38915, 316.76, 22, -1,-1,-1,51.0484,10.8218,0.025119,8.68e+08,10,125000,1,0,10.5981,2021.77,0,-130.973,-133,0.436224
38917, 316.881, 16, -1,-1,-1,42.7786,6.94506,0.019953,8.68e+08,10,125000,1,0,3.73539,9614.91,0,-134.165,-133,0.436224
38919, 317.189, 20, -1,-1,-1,39.7553,-9.35268,0.019953,8.68e+08,10,125000,1,0,4.43687,18156.3,0,-133.929,-133,0.436224
38926, 317.379, 17, -1,-1,-1,49.9949,1.85453,0.025119,8.68e+08,11,125000,1,0,15.9651,8535.34,0,-129.41,-135,0.790528
38933, 317.752, 15, -1,-1,-1,46.2746,7.09545,0.019953,8.68e+08,10,125000,1,0,7.51269,7729.27,0,-132.935,-133,0.436224
38935, 317.844, 37, -1,-1,-1,40.6397,25.2461,0.019953,8.68e+08,10,125000,1,0,-5.34197,1533.27,0,-137.192,-133,0.436224
38952, 318.444, 51, -1,-1,-1,42.2294,28.194,0.015849,8.68e+08,10,125000,1,0,-5.47444,-378.375,0,-138.237,-133,0.436224
38969, 318.906, 36, -1,-1,-1,42.8721,21.2682,0.025119,8.68e+08,11,125000,1,0,-2.19986,2207.55,0,-135.152,-135,0.790528
38971, 319.109, 34, -1,-1,-1,47.8921,18.1051,0.019953,8.68e+08,11,125000,1,0,3.12304,755.713,0,-134.373,-135,0.790528
38983, 319.292, 3, -1,-1,-1,38.8081,-3.66631,0.019953,8.68e+08,11,125000,1,0,2.71216,16028.6,0,-134.5,-135,0.790528
38985, 319.3, 13, -1,-1,-1,57.1683,-5.07194,0.015849,8.68e+08,11,125000,1,0,45.989,3030.06,0,-125.604,-135,0.790528
38997, 319.58, 9, -1,-1,-1,38.2779,25.7475,0.015849,8.68e+08,11,125000,1,0,-7.06009,2198.28,0,-138.747,-135,0.790528
39004, 319.621, 24, -1,-1,-1,49.1334,13.5818,0.015849,8.68e+08,10,125000,1,0,6.81202,1973.94,0,-134.162,-133,0.436224
39006, 319.722, 7, -1,-1,-1,48.8156,14.5218,0.025119,8.68e+08,10,125000,1,0,5.94539,1737.63,0,-132.443,-133,0.436224
39018, 319.892, 44, -1,-1,-1,48.915,29.8997,0.015849,8.68e+08,10,125000,1,0,-2.08547,-4528.63,0,-137.119,-133,0.436224
39025, 320.028, 48, -1,-1,-1,56.6076,12.8569,0.015849,8.68e+08,10,125000,1,0,14.252,-5358.72,0,-131.893,-133,0.436224
39032, 320.309, 49, -1,-1,-1,45.6929,9.55674,0.015849,8.68e+08,10,125000,1,0,5.67073,6474.35,0,-134.53,-133,0.436224
39034, 320.368, 54, -1,-1,-1,31.4019,-15.4743,0.015849,8.68e+08,11,125000,1,0,-3.8163,19518.4,0,-137.676,-135,0.790528
39041, 320.56, 43, -1,-1,-1,55.2559,26.0605,0.025119,8.68e+08,10,125000,1,0,3.59881,-7649.72,0,-133.218,-133,0.436224
39053, 320.59, 26, -1,-1,-1,48.2338,8.18102,0.015849,8.68e+08,11,125000,1,0,9.25044,5594.56,0,-133.387,-135,0.790528
39055, 320.947, 28, -1,-1,-1,54.4004,13.1066,0.019953,8.68e+08,10,125000,1,0,12.1399,-2742.88,0,-131.508,-133,0.436224
39057, 321.008, 33, -1,-1,-1,48.5351,16.7675,0.019953,8.68e+08,10,125000,1,0,4.39688,923.145,0,-133.95,-133,0.436224
39059, 321.012, 30, -1,-1,-1,50.4166,22.3874,0.025119,8.68e+08,10,125000,1,0,2.66482,-2811.12,0,-133.527,-133,0.436224
39072, 321.512, 12, -1,-1,-1,53.1839,-3.87715,0.019953,8.68e+08,12,125000,1,0,29.0933,9226.67,1,-127.3,-137,1.58106
39074, 321.838, 39, -1,-1,-1,44.7388,20.1372,0.015849,8.68e+08,10,125000,1,0,-0.316231,1716.42,0,-136.522,-133,0.436224
39077, 321.843, 47, -1,-1,-1,60.7806,1.83536,0.015849,8.68e+08,11,125000,1,0,32.4817,-9057.35,1,-127.655,-135,0.790528
39090, 322.442, 14, -1,-1,-1,53.9616,-4.16799,0.025119,8.68e+08,10,125000,1,0,32.2929,8377.73,1,-125.688,-133,0.436224
39112, 323.461, 1, -1,-1,-1,49.3743,3.30528,0.015849,8.68e+08,11,125000,1,0,14.1893,7713.33,0,-131.907,-135,0.790528
39114, 323.654, 27, -1,-1,-1,50.9263,3.96498,0.019953,8.68e+08,12,125000,1,0,16.0652,5914.18,0,-130.382,-137,1.58106
39116, 323.663, 32, -1,-1,-1,50.6742,17.0701,0.019953,8.68e+08,11,125000,1,0,5.98852,-1031.69,0,-133.43,-135,0.790528
39118, 323.685, 25, -1,-1,-1,47.4666,6.98245,0.025119,8.68e+08,10,125000,1,0,9.17561,6766.5,0,-131.409,-133,0.436224
39140, 324.425, 40, -1,-1,-1,59.1236,25.6898,0.015849,8.68e+08,10,125000,1,0,5.51586,-10959.6,0,-134.587,-133,0.436224
39147, 324.802, 19, -1,-1,-1,38.0115,0.007687,0.015849,8.68e+08,10,125000,1,0,1.39253,14460.7,0,-135.941,-133,0.436224
39149, 324.825, 55, -1,-1,-1,29.3409,-14.2582,0.025119,8.68e+08,12,125000,1,0,-5.34675,19428,0,-136.178,-137,1.58106
39156, 325.526, 41, -1,-1,-1,57.7942,23.9073,0.019953,8.68e+08,10,125000,1,0,6.04017,-9589.39,0,-133.415,-133,0.436224
39158, 325.713, 56, -1,-1,-1,34.5758,13.0619,0.019953,8.68e+08,12,125000,1,0,-5.25659,9012.58,0,-137.156,-137,1.58106
39160, 325.971, 6, -1,-1,-1,57.9389,19.5301,0.019953,8.68e+08,12,125000,1,0,9.18498,-8819.34,0,-132.411,-137,1.58106
39163, 326.066, 58, -1,-1,-1,62.6808,-4.27248,0.015849,8.68e+08,12,125000,1,0,42.8799,-12568.2,1,-126.008,-137,1.58106
39195, 327.741, 46, -1,-1,-1,54.0139,24.7077,0.019953,8.68e+08,11,125000,1,0,3.5165,-6721.03,0,-134.244,-135,0.790528
39198, 327.886, 8, -1,-1,-1,60.9564,9.93245,0.015849,8.68e+08,11,125000,1,0,19.1448,-11048,1,-130.565,-135,0.790528
39200, 327.9, 18, -1,-1,-1,41.6718,4.40735,0.025119,8.68e+08,12,125000,1,0,3.93762,11097.1,0,-133.096,-137,1.58106
39207, 328.101, 42, -1,-1,-1,55.9659,22.2357,0.019953,8.68e+08,10,125000,1,0,6.13272,-7772.9,0,-133.384,-133,0.436224
39214, 328.172, 57, -1,-1,-1,36.1272,33.7657,0.019953,8.68e+08,10,125000,1,0,-11.205,-345.252,0,-139.041,-133,0.436224
39221, 328.539, 51, -1,-1,-1,42.2294,28.194,0.015849,8.68e+08,10,125000,1,0,-5.48949,-704.075,0,-138.241,-133,0.436224
39223, 328.664, 2, -1,-1,-1,52.1594,14.5236,0.019953,8.68e+08,12,125000,1,0,8.95263,-1578.45,0,-132.482,-137,1.58106
39225, 328.764, 23, -1,-1,-1,52.3551,9.17867,0.015849,8.68e+08,11,125000,1,0,13.4743,682.953,0,-132.114,-135,0.790528
39227, 328.811, 10, -1,-1,-1,29.0987,31.7557,0.015849,8.68e+08,10,125000,1,0,-14.5509,2468.36,0,-141.016,-133,0.436224
39240, 329.331, 53, -1,-1,-1,65.3284,-19.1561,0.025119,8.68e+08,10,125000,1,0,34.7163,-12599.7,1,-125.258,-133,0.436224
39247, 329.611, 5, -1,-1,-1,53.0128,4.81756,0.019953,8.68e+08,10,125000,1,0,18.6676,2233.65,0,-129.686,-133,0.436224
39254, 329.975, 44, -1,-1,-1,48.915,29.8997,0.015849,8.68e+08,10,125000,1,0,-2.22264,-4896.94,0,-137.164,-133,0.436224
39271, 330.674, 4, -1,-1,-1,42.7292,12.7851,0.025119,8.68e+08,11,125000,1,0,1.53903,5867.27,0,-133.897,-135,0.790528
39288, 331.086, 29, -1,-1,-1,51.2316,20.2503,0.019953,8.68e+08,11,125000,1,0,4.36657,-3279.43,0,-133.961,-135,0.790528
39290, 331.274, 38, -1,-1,-1,46.6172,18.1503,0.019953,8.68e+08,11,125000,1,0,2.12487,943.168,0,-134.704,-135,0.790528
39302, 331.567, 3, -1,-1,-1,38.8081,-3.66631,0.019953,8.68e+08,11,125000,1,0,3.39865,15812.7,0,-134.271,-135,0.790528
39304, 331.725, 45, -1,-1,-1,49.1516,25.5874,0.025119,8.68e+08,12,125000,1,0,0.025323,-3663.54,0,-134.41,-137,1.58106
39307, 331.737, 0, -1,-1,-1,51.6007,-2.3004,0.025119,8.68e+08,11,125000,1,0,24.0316,8835.69,1,-127.379,-135,0.790528
39309, 331.758, 11, -1,-1,-1,55.1052,36.446,0.025119,8.68e+08,11,125000,1,0,-2.15474,-10303.3,0,-135.144,-135,0.790528
39316, 332.272, 34, -1,-1,-1,47.8921,18.1051,0.019953,8.68e+08,11,125000,1,0,3.13978,37.531,0,-134.366,-135,0.790528
39318, 332.357, 36, -1,-1,-1,42.8721,21.2682,0.025119,8.68e+08,11,125000,1,0,-2.12686,1638.8,0,-135.127,-135,0.790528
39325, 332.772, 35, -1,-1,-1,44.8964,23.9506,0.019953,8.68e+08,11,125000,1,0,-1.95233,-583.873,0,-136.07,-135,0.790528
39328, 332.829, 59, -1,-1,-1,70.3446,16.3551,0.019953,8.68e+08,10,125000,1,0,9.24525,-18931.6,1,-132.391,-133,0.436224
39351, 333.788, 14, -1,-1,-1,53.9616,-4.16799,0.025119,8.68e+08,10,125000,1,0,33.6553,6755.75,1,-125.441,-133,0.436224
39353, 333.823, 21, -1,-1,-1,40.7647,-7.46535,0.025119,8.68e+08,10,125000,1,0,6.64282,17108.1,0,-132.208,-133,0.436224
39365, 334.05, 54, -1,-1,-1,31.4019,-15.4743,0.015849,8.68e+08,11,125000,1,0,-3.0822,19559.8,0,-137.432,-135,0.790528
39372, 334.224, 50, -1,-1,-1,39.8689,16.152,0.019953,8.68e+08,11,125000,1,0,-2.14871,5309.14,0,-136.131,-135,0.790528
39374, 334.581, 16, -1,-1,-1,42.7786,6.94506,0.019953,8.68e+08,10,125000,1,0,4.33181,8774.19,0,-133.966,-133,0.436224
39377, 334.699, 47, -1,-1,-1,60.7806,1.83536,0.015849,8.68e+08,11,125000,1,0,30.5661,-10670.8,1,-128.011,-135,0.790528
39384, 335.191, 43, -1,-1,-1,55.2559,26.0605,0.025119,8.68e+08,10,125000,1,0,3.17236,-8492.92,0,-133.358,-133,0.436224
39391, 335.449, 12, -1,-1,-1,53.1839,-3.87715,0.019953,8.68e+08,12,125000,1,0,30.7302,7686.88,0,-126.978,-137,1.58106
39399, 336.034, 32, -1,-1,-1,50.6742,17.0701,0.019953,8.68e+08,11,125000,1,0,5.91072,-1935.06,1,-133.454,-135,0.790528
39407, 336.4, 22, -1,-1,-1,51.0484,10.8218,0.025119,8.68e+08,10,125000,1,0,10.7208,482.305,1,-130.933,-133,0.436224
39415, 336.843, 17, -1,-1,-1,49.9949,1.85453,0.025119,8.68e+08,11,125000,1,0,17.0048,6923.17,1,-129.124,-135,0.790528
39427, 337.513, 20, -1,-1,-1,39.7553,-9.35268,0.019953,8.68e+08,10,125000,1,0,5.85192,17858.3,0,-133.463,-133,0.436224
39430, 337.853, 28, -1,-1,-1,54.4004,13.1066,0.019953,8.68e+08,10,125000,1,0,11.8106,-4244.97,1,-131.605,-133,0.436224
39433, 338.088, 55, -1,-1,-1,29.3409,-14.2582,0.025119,8.68e+08,12,125000,1,0,-4.67679,19279.2,1,-135.957,-137,1.58106
39446, 339.326, 25, -1,-1,-1,47.4666,6.98245,0.025119,8.68e+08,10,125000,1,0,9.6305,5565.36,1,-131.266,-133,0.436224
39454, 340.124, 31, -1,-1,-1,55.2698,20.8384,0.019953,8.68e+08,12,125000,1,0,6.3531,-7513.52,1,-133.311,-137,1.58106
39456, 340.136, 52, -1,-1,-1,38.853,34.58,0.019953,8.68e+08,11,125000,1,0,-9.99798,-2075.4,0,-138.674,-135,0.790528
39463, 340.607, 33, -1,-1,-1,48.5351,16.7675,0.019953,8.68e+08,10,125000,1,0,4.40961,-281.782,0,-133.944,-133,0.436224
39485, 341.414, 39, -1,-1,-1,44.7388,20.1372,0.015849,8.68e+08,10,125000,1,0,-0.250619,736.144,0,-136.499,-133,0.436224
39492, 341.556, 37, -1,-1,-1,40.6397,25.2461,0.019953,8.68e+08,10,125000,1,0,-5.27693,709.953,0,-137.169,-133,0.436224
39495, 341.668, 15, -1,-1,-1,46.2746,7.09545,0.019953,8.68e+08,10,125000,1,0,8.24858,6357.32,1,-132.699,-133,0.436224
39498, 341.692, 26, -1,-1,-1,48.2338,8.18102,0.015849,8.68e+08,11,125000,1,0,9.74078,4245.17,1,-133.232,-135,0.790528
39500, 342.24, 9, -1,-1,-1,38.2779,25.7475,0.015849,8.68e+08,11,125000,1,0,-6.95913,1502.37,0,-138.714,-135,0.790528
39542, 343.042, 24, -1,-1,-1,49.1334,13.5818,0.015849,8.68e+08,10,125000,1,0,6.92771,511.961,0,-134.123,-133,0.436224
39544, 343.053, 7, -1,-1,-1,48.8156,14.5218,0.025119,8.68e+08,10,125000,1,0,6.03643,334.264,0,-132.411,-133,0.436224
39552, 343.161, 53, -1,-1,-1,65.3284,-19.1561,0.025119,8.68e+08,10,125000,1,0,31.7341,-13707.4,1,-125.788,-133,0.436224
39554, 343.197, 44, -1,-1,-1,48.915,29.8997,0.015849,8.68e+08,10,125000,1,0,-2.42057,-5413.34,0,-137.229,-133,0.436224
39556, 343.267, 10, -1,-1,-1,29.0987,31.7557,0.015849,8.68e+08,10,125000,1,0,-14.481,2154.11,0,-140.996,-133,0.436224
39559, 343.314, 8, -1,-1,-1,60.9564,9.93245,0.015849,8.68e+08,11,125000,1,0,17.76,-12096.1,1,-130.924,-135,0.790528
39561, 343.376, 30, -1,-1,-1,50.4166,22.3874,0.025119,8.68e+08,10,125000,1,0,2.38979,-4065.33,0,-133.617,-133,0.436224
39563, 343.423, 48, -1,-1,-1,56.6076,12.8569,0.015849,8.68e+08,10,125000,1,0,13.3688,-7091.11,0,-132.144,-133,0.436224
39595, 344.284, 57, -1,-1,-1,36.1272,33.7657,0.019953,8.68e+08,10,125000,1,0,-11.2287,-797.992,0,-139.048,-133,0.436224
39597, 344.284, 13, -1,-1,-1,57.1683,-5.07194,0.015849,8.68e+08,11,125000,1,0,46.5841,-1374.81,0,-125.527,-135,0.790528
39604, 344.634, 49, -1,-1,-1,45.6929,9.55674,0.015849,8.68e+08,10,125000,1,0,6.23252,5124.67,0,-134.345,-133,0.436224
39606, 344.664, 27, -1,-1,-1,50.9263,3.96498,0.019953,8.68e+08,12,125000,1,0,16.7629,3994.55,0,-130.189,-137,1.58106
39608, 345.006, 58, -1,-1,-1,62.6808,-4.27248,0.015849,8.68e+08,12,125000,1,0,37.1264,-14414.1,0,-126.856,-137,1.58106
39610, 345.251, 6, -1,-1,-1,57.9389,19.5301,0.019953,8.68e+08,12,125000,1,0,8.33962,-9936.26,0,-132.675,-137,1.58106
39622, 345.546, 2, -1,-1,-1,52.1594,14.5236,0.019953,8.68e+08,12,125000,1,0,8.77315,-2782.96,0,-132.536,-137,1.58106
39634, 346.087, 1, -1,-1,-1,49.3743,3.30528,0.015849,8.68e+08,11,125000,1,0,15.1355,5849.01,0,-131.637,-135,0.790528
39636, 346.157, 12, -1,-1,-1,53.1839,-3.87715,0.019953,8.68e+08,12,125000,1,0,31.8389,6448.18,0,-126.768,-137,1.58106
39638, 346.259, 51, -1,-1,-1,42.2294,28.194,0.015849,8.68e+08,10,125000,1,0,-5.54114,-1387.69,0,-138.257,-133,0.436224
39640, 346.289, 11, -1,-1,-1,55.1052,36.446,0.025119,8.68e+08,11,125000,1,0,-2.59315,-10744.8,0,-135.289,-135,0.790528
39647, 346.486, 3, -1,-1,-1,38.8081,-3.66631,0.019953,8.68e+08,11,125000,1,0,4.24388,15477.3,0,-133.989,-135,0.790528
39664, 347.738, 38, -1,-1,-1,46.6172,18.1503,0.019953,8.68e+08,11,125000,1,0,2.14787,47.7117,0,-134.695,-135,0.790528
39667, 347.894, 45, -1,-1,-1,49.1516,25.5874,0.025119,8.68e+08,12,125000,1,0,-0.181158,-4424.36,1,-134.478,-137,1.58106
39680, 348.437, 17, -1,-1,-1,49.9949,1.85453,0.025119,8.68e+08,11,125000,1,0,17.5391,5966.75,1,-128.979,-135,0.790528
39687, 348.502, 56, -1,-1,-1,34.5758,13.0619,0.019953,8.68e+08,12,125000,1,0,-4.74727,8235.31,0,-136.988,-137,1.58106
39689, 348.586, 19, -1,-1,-1,38.0115,0.007687,0.015849,8.68e+08,10,125000,1,0,2.51066,13732.8,0,-135.565,-133,0.436224
39701, 348.814, 40, -1,-1,-1,59.1236,25.6898,0.015849,8.68e+08,10,125000,1,0,4.42886,-12051.9,0,-134.941,-133,0.436224
39713, 348.918, 41, -1,-1,-1,57.7942,23.9073,0.019953,8.68e+08,10,125000,1,0,5.0915,-10759.6,0,-133.723,-133,0.436224
39720, 349.163, 20, -1,-1,-1,39.7553,-9.35268,0.019953,8.68e+08,10,125000,1,0,6.69587,17738.4,0,-133.188,-133,0.436224
39728, 349.298, 28, -1,-1,-1,54.4004,13.1066,0.019953,8.68e+08,10,125000,1,0,11.5224,-5062.42,1,-131.69,-133,0.436224
39730, 349.315, 42, -1,-1,-1,55.9659,22.2357,0.019953,8.68e+08,10,125000,1,0,5.41859,-8938.78,0,-133.615,-133,0.436224
39732, 349.574, 46, -1,-1,-1,54.0139,24.7077,0.019953,8.68e+08,11,125000,1,0,2.94501,-7854.22,0,-134.432,-135,0.790528
39739, 349.996, 34, -1,-1,-1,47.8921,18.1051,0.019953,8.68e+08,11,125000,1,0,3.1058,-980.472,0,-134.376,-135,0.790528
39746, 350.168, 5, -1,-1,-1,53.0128,4.81756,0.019953,8.68e+08,10,125000,1,0,18.8435,105.953,0,-129.638,-133,0.436224
39748, 350.508, 43, -1,-1,-1,55.2559,26.0605,0.025119,8.68e+08,10,125000,1,0,2.6956,-9180.75,0,-133.516,-133,0.436224
39751, 350.718, 18, -1,-1,-1,41.6718,4.40735,0.025119,8.68e+08,12,125000,1,0,4.8311,10037.5,1,-132.799,-137,1.58106
39888, 351.905, 54, -1,-1,-1,31.4019,-15.4743,0.015849,8.68e+08,11,125000,1,0,-2.098,19545,0,-137.102,-135,0.790528
39891, 352.034, 22, -1,-1,-1,51.0484,10.8218,0.025119,8.68e+08,10,125000,1,0,10.708,-716.7,1,-130.935,-133,0.436224
39908, 352.754, 16, -1,-1,-1,42.7786,6.94506,0.019953,8.68e+08,10,125000,1,0,4.89867,7842.54,0,-133.777,-133,0.436224
39915, 353.238, 29, -1,-1,-1,51.2316,20.2503,0.019953,8.68e+08,11,125000,1,0,4.03778,-4600.74,0,-134.068,-135,0.790528
39917, 353.259, 55, -1,-1,-1,29.3409,-14.2582,0.025119,8.68e+08,12,125000,1,0,-3.89485,19290.8,0,-135.698,-137,1.58106
39920, 353.349, 23, -1,-1,-1,52.3551,9.17867,0.015849,8.68e+08,11,125000,1,0,13.405,-1497.32,1,-132.132,-135,0.790528
39927, 353.573, 48, -1,-1,-1,56.6076,12.8569,0.015849,8.68e+08,10,125000,1,0,12.9218,-7942.23,0,-132.274,-133,0.436224
39944, 353.963, 59, -1,-1,-1,70.3446,16.3551,0.019953,8.68e+08,10,125000,1,0,7.42417,-19174.1,0,-132.965,-133,0.436224
39946, 354.072, 37, -1,-1,-1,40.6397,25.2461,0.019953,8.68e+08,10,125000,1,0,-5.26618,112.148,0,-137.165,-133,0.436224
39963, 354.463, 36, -1,-1,-1,42.8721,21.2682,0.025119,8.68e+08,11,125000,1,0,-2.05876,598.871,0,-135.103,-135,0.790528
39970, 354.635, 4, -1,-1,-1,42.7292,12.7851,0.025119,8.68e+08,11,125000,1,0,1.95229,4603.85,0,-133.756,-135,0.790528
39972, 354.76, 7, -1,-1,-1,48.8156,14.5218,0.025119,8.68e+08,10,125000,1,0,6.02773,-527.57,0,-132.413,-133,0.436224
39975, 354.934, 0, -1,-1,-1,51.6007,-2.3004,0.025119,8.68e+08,11,125000,1,0,25.9257,6314.06,1,-126.954,-135,0.790528
39982, 355.061, 35, -1,-1,-1,44.8964,23.9506,0.019953,8.68e+08,11,125000,1,0,-2.02665,-1638.57,0,-136.094,-135,0.790528
39989, 355.305, 32, -1,-1,-1,50.6742,17.0701,0.019953,8.68e+08,11,125000,1,0,5.71133,-3169.72,0,-133.517,-135,0.790528
39991, 355.757, 47, -1,-1,-1,60.7806,1.83536,0.015849,8.68e+08,11,125000,1,0,27.3217,-12664.4,0,-128.658,-135,0.790528
39998, 355.985, 8, -1,-1,-1,60.9564,9.93245,0.015849,8.68e+08,11,125000,1,0,16.6108,-13022,0,-131.23,-135,0.790528
40005, 356.353, 24, -1,-1,-1,49.1334,13.5818,0.015849,8.68e+08,10,125000,1,0,6.92342,-501.111,0,-134.123,-133,0.436224
40017, 357.181, 9, -1,-1,-1,38.2779,25.7475,0.015849,8.68e+08,11,125000,1,0,-6.91817,833.385,0,-138.7,-135,0.790528
40029, 357.599, 27, -1,-1,-1,50.9263,3.96498,0.019953,8.68e+08,12,125000,1,0,17.0595,2639.14,0,-130.107,-137,1.58106
40031, 357.644, 14, -1,-1,-1,53.9616,-4.16799,0.025119,8.68e+08,10,125000,1,0,35.7549,3245.78,0,-125.077,-133,0.436224
40038, 357.928, 26, -1,-1,-1,48.2338,8.18102,0.015849,8.68e+08,11,125000,1,0,10.0178,2905.22,0,-133.145,-135,0.790528
40055, 358.208, 57, -1,-1,-1,36.1272,33.7657,0.019953,8.68e+08,10,125000,1,0,-11.2636,-1332.2,0,-139.058,-133,0.436224
40062, 358.374, 3, -1,-1,-1,38.8081,-3.66631,0.019953,8.68e+08,11,125000,1,0,4.92528,15044.1,0,-133.764,-135,0.790528
40069, 358.527, 21, -1,-1,-1,40.7647,-7.46535,0.025119,8.68e+08,10,125000,1,0,8.4424,16483.4,0,-131.63,-133,0.436224
40071, 358.804, 15, -1,-1,-1,46.2746,7.09545,0.019953,8.68e+08,10,125000,1,0,8.6879,5069.14,0,-132.558,-133,0.436224
40073, 358.842, 50, -1,-1,-1,39.8689,16.152,0.019953,8.68e+08,11,125000,1,0,-1.81285,4188.69,0,-136.017,-135,0.790528
40075, 358.934, 25, -1,-1,-1,47.4666,6.98245,0.025119,8.68e+08,10,125000,1,0,10.0954,4151.75,0,-131.12,-133,0.436224
40088, 359.741, 46, -1,-1,-1,54.0139,24.7077,0.019953,8.68e+08,11,125000,1,0,2.65542,-8426.51,1,-134.528,-135,0.790528
40090, 359.786, 45, -1,-1,-1,49.1516,25.5874,0.025119,8.68e+08,12,125000,1,0,-0.356705,-5080.52,0,-134.536,-137,1.58106
40097, 360.417, 44, -1,-1,-1,48.915,29.8997,0.015849,8.68e+08,10,125000,1,0,-2.7076,-6261.36,0,-137.324,-133,0.436224
40104, 361.213, 2, -1,-1,-1,52.1594,14.5236,0.019953,8.68e+08,12,125000,1,0,8.52404,-4023.01,0,-132.613,-137,1.58106
40111, 361.63, 33, -1,-1,-1,48.5351,16.7675,0.019953,8.68e+08,10,125000,1,0,4.32503,-1580.29,0,-133.97,-133,0.436224
40113, 361.854, 30, -1,-1,-1,50.4166,22.3874,0.025119,8.68e+08,10,125000,1,0,2.09544,-5040.32,0,-133.713,-133,0.436224
40145, 363.455, 52, -1,-1,-1,38.853,34.58,0.019953,8.68e+08,11,125000,1,0,-10.1285,-2671.25,0,-138.714,-135,0.790528
40152, 363.713, 34, -1,-1,-1,47.8921,18.1051,0.019953,8.68e+08,11,125000,1,0,3.03529,-1729.04,0,-134.398,-135,0.790528
40154, 363.769, 31, -1,-1,-1,55.2698,20.8384,0.019953,8.68e+08,12,125000,1,0,5.5749,-8698.79,0,-133.562,-137,1.58106
40156, 363.86, 22, -1,-1,-1,51.0484,10.8218,0.025119,8.68e+08,10,125000,1,0,10.6331,-1578.63,0,-130.956,-133,0.436224
40159, 364.196, 13, -1,-1,-1,57.1683,-5.07194,0.015849,8.68e+08,11,125000,1,0,44.6674,-4971.23,1,-125.764,-135,0.790528
40171, 364.567, 6, -1,-1,-1,57.9389,19.5301,0.019953,8.68e+08,12,125000,1,0,7.43744,-10949.2,0,-132.959,-137,1.58106
40183, 364.734, 40, -1,-1,-1,59.1236,25.6898,0.015849,8.68e+08,10,125000,1,0,3.69951,-12635.9,0,-135.181,-133,0.436224
40195, 364.997, 39, -1,-1,-1,44.7388,20.1372,0.015849,8.68e+08,10,125000,1,0,-0.250375,-480.403,0,-136.497,-133,0.436224
40197, 365.003, 49, -1,-1,-1,45.6929,9.55674,0.015849,8.68e+08,10,125000,1,0,6.59714,3820.81,0,-134.225,-133,0.436224
40204, 365.131, 18, -1,-1,-1,41.6718,4.40735,0.025119,8.68e+08,12,125000,1,0,5.36536,9367.99,0,-132.622,-137,1.58106
40206, 365.272, 42, -1,-1,-1,55.9659,22.2357,0.019953,8.68e+08,10,125000,1,0,4.83718,-9711.69,0,-133.804,-133,0.436224
40208, 365.661, 32, -1,-1,-1,50.6742,17.0701,0.019953,8.68e+08,11,125000,1,0,5.56627,-3748.01,0,-133.563,-135,0.790528
40210, 365.8, 1, -1,-1,-1,49.3743,3.30528,0.015849,8.68e+08,11,125000,1,0,15.7639,4116.66,0,-131.459,-135,0.790528
40222, 366.307, 12, -1,-1,-1,53.1839,-3.87715,0.019953,8.68e+08,12,125000,1,0,33.4085,3643.64,0,-126.48,-137,1.58106
40229, 366.367, 7, -1,-1,-1,48.8156,14.5218,0.025119,8.68e+08,10,125000,1,0,5.98319,-1225.49,0,-132.426,-133,0.436224
40231, 366.473, 20, -1,-1,-1,39.7553,-9.35268,0.019953,8.68e+08,10,125000,1,0,7.99749,17428.9,0,-132.769,-133,0.436224
40273, 367.107, 29, -1,-1,-1,51.2316,20.2503,0.019953,8.68e+08,11,125000,1,0,3.78162,-5342.35,0,-134.151,-135,0.790528
40275, 367.173, 19, -1,-1,-1,38.0115,0.007687,0.015849,8.68e+08,10,125000,1,0,3.37939,13126.6,0,-135.274,-133,0.436224
40278, 367.347, 53, -1,-1,-1,65.3284,-19.1561,0.025119,8.68e+08,10,125000,1,0,26.9508,-15417.4,1,-126.733,-133,0.436224
40280, 367.358, 54, -1,-1,-1,31.4019,-15.4743,0.015849,8.68e+08,11,125000,1,0,-1.22002,19547.1,0,-136.807,-135,0.790528
40282, 367.368, 51, -1,-1,-1,42.2294,28.194,0.015849,8.68e+08,10,125000,1,0,-5.64414,-2223.16,0,-138.289,-133,0.436224
40284, 367.436, 10, -1,-1,-1,29.0987,31.7557,0.015849,8.68e+08,10,125000,1,0,-14.3896,1503.26,0,-140.969,-133,0.436224
40286, 367.639, 11, -1,-1,-1,55.1052,36.446,0.025119,8.68e+08,11,125000,1,0,-3.25987,-11418.3,0,-135.51,-135,0.790528
40288, 367.652, 4, -1,-1,-1,42.7292,12.7851,0.025119,8.68e+08,11,125000,1,0,2.13712,3961.86,0,-133.694,-135,0.790528
40295, 367.787, 38, -1,-1,-1,46.6172,18.1503,0.019953,8.68e+08,11,125000,1,0,2.10649,-1074.39,0,-134.707,-135,0.790528
40307, 369.342, 8, -1,-1,-1,60.9564,9.93245,0.015849,8.68e+08,11,125000,1,0,15.403,-13707.2,0,-131.561,-135,0.790528
40310, 369.361, 58, -1,-1,-1,62.6808,-4.27248,0.015849,8.68e+08,12,125000,1,0,30.8126,-16184.1,1,-127.957,-137,1.58106
40327, 369.78, 23, -1,-1,-1,52.3551,9.17867,0.015849,8.68e+08,11,125000,1,0,13.1886,-2874.68,0,-132.192,-135,0.790528
40329, 370.039, 57, -1,-1,-1,36.1272,33.7657,0.019953,8.68e+08,10,125000,1,0,-11.3035,-1616.92,0,-139.069,-133,0.436224
40331, 370.366, 26, -1,-1,-1,48.2338,8.18102,0.015849,8.68e+08,11,125000,1,0,10.1661,2020.95,0,-133.098,-135,0.790528
40354, 371.145, 55, -1,-1,-1,29.3409,-14.2582,0.025119,8.68e+08,12,125000,1,0,-2.94982,19258.7,1,-135.383,-137,1.58106
40361, 371.294, 43, -1,-1,-1,55.2559,26.0605,0.025119,8.68e+08,10,125000,1,0,2.00619,-10101.7,0,-133.744,-133,0.436224
40363, 371.323, 16, -1,-1,-1,42.7786,6.94506,0.019953,8.68e+08,10,125000,1,0,5.42163,6821.77,0,-133.604,-133,0.436224
40371, 371.573, 5, -1,-1,-1,53.0128,4.81756,0.019953,8.68e+08,10,125000,1,0,18.6639,-2119.63,1,-129.681,-133,0.436224
40373, 371.635, 25, -1,-1,-1,47.4666,6.98245,0.025119,8.68e+08,10,125000,1,0,10.327,3259.08,0,-131.047,-133,0.436224
40375, 371.841, 37, -1,-1,-1,40.6397,25.2461,0.019953,8.68e+08,10,125000,1,0,-5.27901,-583.622,0,-137.168,-133,0.436224
40397, 372.681, 56, -1,-1,-1,34.5758,13.0619,0.019953,8.68e+08,12,125000,1,0,-4.25052,7348.7,0,-136.823,-137,1.58106
40405, 372.966, 14, -1,-1,-1,53.9616,-4.16799,0.025119,8.68e+08,10,125000,1,0,36.3529,916.647,1,-124.976,-133,0.436224
40417, 373.367, 41, -1,-1,-1,57.7942,23.9073,0.019953,8.68e+08,10,125000,1,0,4.0433,-11855.4,0,-134.065,-133,0.436224
40420, 373.37, 17, -1,-1,-1,49.9949,1.85453,0.025119,8.68e+08,11,125000,1,0,18.4146,3527.39,1,-128.745,-135,0.790528
40422, 373.582, 28, -1,-1,-1,54.4004,13.1066,0.019953,8.68e+08,10,125000,1,0,10.7564,-6886.85,0,-131.919,-133,0.436224
40429, 373.735, 59, -1,-1,-1,70.3446,16.3551,0.019953,8.68e+08,10,125000,1,0,5.84055,-19343.2,0,-133.474,-133,0.436224
40431, 373.914, 45, -1,-1,-1,49.1516,25.5874,0.025119,8.68e+08,12,125000,1,0,-0.590028,-5693.52,0,-134.613,-137,1.58106
40443, 374.142, 31, -1,-1,-1,55.2698,20.8384,0.019953,8.68e+08,12,125000,1,0,5.20529,-9319.91,0,-133.682,-137,1.58106
40446, 374.377, 0, -1,-1,-1,51.6007,-2.3004,0.025119,8.68e+08,11,125000,1,0,27.0928,3978.52,1,-126.702,-135,0.790528
40459, 374.847, 15, -1,-1,-1,46.2746,7.09545,0.019953,8.68e+08,10,125000,1,0,9.02263,3976.46,1,-132.451,-133,0.436224
40461, 374.881, 52, -1,-1,-1,38.853,34.58,0.019953,8.68e+08,11,125000,1,0,-10.2066,-3119.69,0,-138.737,-135,0.790528
40468, 375.074, 24, -1,-1,-1,49.1334,13.5818,0.015849,8.68e+08,10,125000,1,0,6.83143,-1764.16,0,-134.15,-133,0.436224
40475, 375.492, 40, -1,-1,-1,59.1236,25.6898,0.015849,8.68e+08,10,125000,1,0,3.20066,-13110.1,0,-135.345,-133,0.436224
40477, 375.501, 2, -1,-1,-1,52.1594,14.5236,0.019953,8.68e+08,12,125000,1,0,8.23195,-4963.38,0,-132.704,-137,1.58106
40490, 376.725, 27, -1,-1,-1,50.9263,3.96498,0.019953,8.68e+08,12,125000,1,0,17.2915,774.381,1,-130.042,-137,1.58106
40492, 376.944, 50, -1,-1,-1,39.8689,16.152,0.019953,8.68e+08,11,125000,1,0,-1.61406,3378.01,0,-135.95,-135,0.790528
40494, 376.954, 49, -1,-1,-1,45.6929,9.55674,0.015849,8.68e+08,10,125000,1,0,6.76171,2940.13,0,-134.17,-133,0.436224
40531, 377.769, 22, -1,-1,-1,51.0484,10.8218,0.025119,8.68e+08,10,125000,1,0,10.4748,-2774.52,0,-131.003,-133,0.436224
40538, 377.836, 35, -1,-1,-1,44.8964,23.9506,0.019953,8.68e+08,11,125000,1,0,-2.17057,-2705.41,0,-136.14,-135,0.790528
40540, 377.998, 48, -1,-1,-1,56.6076,12.8569,0.015849,8.68e+08,10,125000,1,0,11.724,-9664.15,0,-132.626,-133,0.436224
40547, 378.076, 36, -1,-1,-1,42.8721,21.2682,0.025119,8.68e+08,11,125000,1,0,-2.05816,-526.963,0,-135.101,-135,0.790528
40549, 378.104, 10, -1,-1,-1,29.0987,31.7557,0.015849,8.68e+08,10,125000,1,0,-14.3595,1135.24,0,-140.96,-133,0.436224
40552, 378.213, 21, -1,-1,-1,40.7647,-7.46535,0.025119,8.68e+08,10,125000,1,0,9.94705,15921,1,-131.158,-133,0.436224
40554, 378.447, 34, -1,-1,-1,47.8921,18.1051,0.019953,8.68e+08,11,125000,1,0,2.91739,-2685.66,0,-134.436,-135,0.790528
40557, 378.477, 47, -1,-1,-1,60.7806,1.83536,0.015849,8.68e+08,11,125000,1,0,23.8978,-14368.2,1,-129.403,-135,0.790528
40570, 379.641, 6, -1,-1,-1,57.9389,19.5301,0.019953,8.68e+08,12,125000,1,0,6.70555,-11796.9,1,-133.193,-137,1.58106
40577, 379.995, 39, -1,-1,-1,44.7388,20.1372,0.015849,8.68e+08,10,125000,1,0,-0.295054,-1346.83,0,-136.511,-133,0.436224
40579, 380.178, 19, -1,-1,-1,38.0115,0.007687,0.015849,8.68e+08,10,125000,1,0,3.98148,12546.4,0,-135.073,-133,0.436224
40581, 380.197, 9, -1,-1,-1,38.2779,25.7475,0.015849,8.68e+08,11,125000,1,0,-6.89532,-44.7124,0,-138.692,-135,0.790528
40594, 381.055, 1, -1,-1,-1,49.3743,3.30528,0.015849,8.68e+08,11,125000,1,0,16.1015,2753.18,1,-131.364,-135,0.790528
40602, 381.646, 20, -1,-1,-1,39.7553,-9.35268,0.019953,8.68e+08,10,125000,1,0,9.18801,17132,1,-132.393,-133,0.436224
40610, 381.947, 18, -1,-1,-1,41.6718,4.40735,0.025119,8.68e+08,12,125000,1,0,5.95193,8502.73,1,-132.429,-137,1.58106
40622, 382.28, 42, -1,-1,-1,55.9659,22.2357,0.019953,8.68e+08,10,125000,1,0,4.18357,-10484.6,0,-134.018,-133,0.436224
40624, 382.6, 44, -1,-1,-1,48.915,29.8997,0.015849,8.68e+08,10,125000,1,0,-3.12285,-7009.54,0,-137.46,-133,0.436224
40637, 382.929, 3, -1,-1,-1,38.8081,-3.66631,0.019953,8.68e+08,11,125000,1,0,6.35014,14393.7,1,-133.296,-135,0.790528
40640, 383.175, 7, -1,-1,-1,48.8156,14.5218,0.025119,8.68e+08,10,125000,1,0,5.85623,-2294.79,1,-132.466,-133,0.436224
40652, 383.702, 54, -1,-1,-1,31.4019,-15.4743,0.015849,8.68e+08,11,125000,1,0,-0.26209,19526.6,0,-136.484,-135,0.790528
40665, 384.079, 23, -1,-1,-1,52.3551,9.17867,0.015849,8.68e+08,11,125000,1,0,12.8956,-4018.79,1,-132.276,-135,0.790528
40677, 384.532, 46, -1,-1,-1,54.0139,24.7077,0.019953,8.68e+08,11,125000,1,0,1.89571,-9440.22,0,-134.779,-135,0.790528
40684, 384.617, 38, -1,-1,-1,46.6172,18.1503,0.019953,8.68e+08,11,125000,1,0,2.01344,-1984.26,0,-134.737,-135,0.790528
40697, 384.769, 5, -1,-1,-1,53.0128,4.81756,0.019953,8.68e+08,10,125000,1,0,18.3743,-3385.94,1,-129.755,-133,0.436224
40699, 385.038, 30, -1,-1,-1,50.4166,22.3874,0.025119,8.68e+08,10,125000,1,0,1.64737,-6248.14,0,-133.861,-133,0.436224
40702, 385.065, 12, -1,-1,-1,53.1839,-3.87715,0.019953,8.68e+08,12,125000,1,0,34.0712,859.899,1,-126.36,-137,1.58106
40704, 385.493, 4, -1,-1,-1,42.7292,12.7851,0.025119,8.68e+08,11,125000,1,0,2.34194,3002.79,0,-133.624,-135,0.790528
40706, 385.559, 29, -1,-1,-1,51.2316,20.2503,0.019953,8.68e+08,11,125000,1,0,3.38581,-6339.34,0,-134.281,-135,0.790528
40713, 385.925, 55, -1,-1,-1,29.3409,-14.2582,0.025119,8.68e+08,12,125000,1,0,-2.14829,19253.2,0,-135.114,-137,1.58106
40715, 386.084, 33, -1,-1,-1,48.5351,16.7675,0.019953,8.68e+08,10,125000,1,0,4.10166,-3089.5,0,-134.042,-133,0.436224
40722, 386.61, 41, -1,-1,-1,57.7942,23.9073,0.019953,8.68e+08,10,125000,1,0,3.45851,-12320.3,0,-134.258,-133,0.436224
40740, 387.57, 13, -1,-1,-1,57.1683,-5.07194,0.015849,8.68e+08,11,125000,1,0,40.5518,-8711.29,1,-126.324,-135,0.790528
40762, 388.324, 31, -1,-1,-1,55.2698,20.8384,0.019953,8.68e+08,12,125000,1,0,4.67669,-9971.62,0,-133.854,-137,1.58106
40765, 388.401, 25, -1,-1,-1,47.4666,6.98245,0.025119,8.68e+08,10,125000,1,0,10.5417,1995.65,1,-130.98,-133,0.436224
40787, 388.902, 47, -1,-1,-1,60.7806,1.83536,0.015849,8.68e+08,11,125000,1,0,22.3963,-14886.9,0,-129.751,-135,0.790528
40794, 389.062, 32, -1,-1,-1,50.6742,17.0701,0.019953,8.68e+08,11,125000,1,0,5.14711,-5203.13,0,-133.698,-135,0.790528
40796, 389.093, 56, -1,-1,-1,34.5758,13.0619,0.019953,8.68e+08,12,125000,1,0,-3.94162,6766.94,0,-136.72,-137,1.58106
40798, 389.14, 49, -1,-1,-1,45.6929,9.55674,0.015849,8.68e+08,10,125000,1,0,6.88975,2185.15,0,-134.128,-133,0.436224
40800, 389.193, 50, -1,-1,-1,39.8689,16.152,0.019953,8.68e+08,11,125000,1,0,-1.50387,2867.53,0,-135.912,-135,0.790528
40807, 389.336, 17, -1,-1,-1,49.9949,1.85453,0.025119,8.68e+08,11,125000,1,0,18.7448,1950.2,0,-128.657,-135,0.790528
40814, 389.495, 0, -1,-1,-1,51.6007,-2.3004,0.025119,8.68e+08,11,125000,1,0,27.6445,2097.64,0,-126.584,-135,0.790528
40826, 389.666, 43, -1,-1,-1,55.2559,26.0605,0.025119,8.68e+08,10,125000,1,0,1.36312,-10833.4,0,-133.958,-133,0.436224
40828, 389.779, 36, -1,-1,-1,42.8721,21.2682,0.025119,8.68e+08,11,125000,1,0,-2.08553,-1007.92,0,-135.109,-135,0.790528
40830, 389.797, 6, -1,-1,-1,57.9389,19.5301,0.019953,8.68e+08,12,125000,1,0,6.2025,-12169,0,-133.355,-137,1.58106
40837, 390.015, 57, -1,-1,-1,36.1272,33.7657,0.019953,8.68e+08,10,125000,1,0,-11.3922,-2208.05,0,-139.096,-133,0.436224
40850, 390.261, 53, -1,-1,-1,65.3284,-19.1561,0.025119,8.68e+08,10,125000,1,0,22.9739,-16583.7,1,-127.614,-133,0.436224
40852, 390.269, 11, -1,-1,-1,55.1052,36.446,0.025119,8.68e+08,11,125000,1,0,-3.99111,-12081.4,0,-135.751,-135,0.790528
40859, 390.362, 35, -1,-1,-1,44.8964,23.9506,0.019953,8.68e+08,11,125000,1,0,-2.27825,-3215.14,0,-136.175,-135,0.790528
40861, 390.488, 37, -1,-1,-1,40.6397,25.2461,0.019953,8.68e+08,10,125000,1,0,-5.32779,-1318.17,0,-137.183,-133,0.436224
40863, 390.535, 16, -1,-1,-1,42.7786,6.94506,0.019953,8.68e+08,10,125000,1,0,5.89302,5695.17,0,-133.449,-133,0.436224
40866, 390.787, 28, -1,-1,-1,54.4004,13.1066,0.019953,8.68e+08,10,125000,1,0,10.1056,-8035.83,1,-132.116,-133,0.436224
40878, 391.294, 24, -1,-1,-1,49.1334,13.5818,0.015849,8.68e+08,10,125000,1,0,6.67218,-2821.7,0,-134.2,-133,0.436224
40880, 391.387, 51, -1,-1,-1,42.2294,28.194,0.015849,8.68e+08,10,125000,1,0,-5.81498,-3179.29,0,-138.344,-133,0.436224
40897, 392.989, 2, -1,-1,-1,52.1594,14.5236,0.019953,8.68e+08,12,125000,1,0,7.79728,-6102,0,-132.84,-137,1.58106
40905, 393.304, 8, -1,-1,-1,60.9564,9.93245,0.015849,8.68e+08,11,125000,1,0,13.2781,-14886.7,1,-132.164,-135,0.790528
40918, 393.608, 21, -1,-1,-1,40.7647,-7.46535,0.025119,8.68e+08,10,125000,1,0,11.1668,15447.4,1,-130.783,-133,0.436224
40926, 393.741, 58, -1,-1,-1,62.6808,-4.27248,0.015849,8.68e+08,12,125000,1,0,25.5958,-17402.5,1,-129.02,-137,1.58106
40933, 394.335, 26, -1,-1,-1,48.2338,8.18102,0.015849,8.68e+08,11,125000,1,0,10.287,133.241,0,-133.058,-135,0.790528
40935, 394.396, 59, -1,-1,-1,70.3446,16.3551,0.019953,8.68e+08,10,125000,1,0,4.29167,-19490.7,0,-133.98,-133,0.436224
40937, 394.437, 34, -1,-1,-1,47.8921,18.1051,0.019953,8.68e+08,11,125000,1,0,2.74149,-3557.14,0,-134.493,-135,0.790528
40944, 394.936, 27, -1,-1,-1,50.9263,3.96498,0.019953,8.68e+08,12,125000,1,0,17.2716,-1010.73,0,-130.045,-137,1.58106
40951, 395.173, 30, -1,-1,-1,50.4166,22.3874,0.025119,8.68e+08,10,125000,1,0,1.42623,-6821.96,0,-133.934,-133,0.436224
40953, 395.391, 39, -1,-1,-1,44.7388,20.1372,0.015849,8.68e+08,10,125000,1,0,-0.376768,-2081.1,0,-136.537,-133,0.436224
40976, 395.836, 22, -1,-1,-1,51.0484,10.8218,0.025119,8.68e+08,10,125000,1,0,10.1608,-4127.5,1,-131.097,-133,0.436224
40998, 396.334, 38, -1,-1,-1,46.6172,18.1503,0.019953,8.68e+08,11,125000,1,0,1.91787,-2715.27,0,-134.768,-135,0.790528
41000, 396.353, 7, -1,-1,-1,48.8156,14.5218,0.025119,8.68e+08,10,125000,1,0,5.70638,-3241.37,0,-132.513,-133,0.436224
41002, 396.562, 14, -1,-1,-1,53.9616,-4.16799,0.025119,8.68e+08,10,125000,1,0,35.9241,-2862.94,0,-125.042,-133,0.436224
41004, 396.757, 52, -1,-1,-1,38.853,34.58,0.019953,8.68e+08,11,125000,1,0,-10.3817,-3802.83,0,-138.79,-135,0.790528
41011, 397.033, 18, -1,-1,-1,41.6718,4.40735,0.025119,8.68e+08,12,125000,1,0,6.4383,7531.05,0,-132.27,-137,1.58106
41013, 397.167, 45, -1,-1,-1,49.1516,25.5874,0.025119,8.68e+08,12,125000,1,0,-1.02878,-6755.63,0,-134.759,-137,1.58106
41021, 397.453, 12, -1,-1,-1,53.1839,-3.87715,0.019953,8.68e+08,12,125000,1,0,34.0231,-1193.71,1,-126.366,-137,1.58106
41028, 397.811, 23, -1,-1,-1,52.3551,9.17867,0.015849,8.68e+08,11,125000,1,0,12.5294,-5247.33,0,-132.382,-135,0.790528
41031, 397.989, 13, -1,-1,-1,57.1683,-5.07194,0.015849,8.68e+08,11,125000,1,0,38.393,-10269.8,1,-126.646,-135,0.790528
41038, 398.566, 29, -1,-1,-1,51.2316,20.2503,0.019953,8.68e+08,11,125000,1,0,3.07218,-7120.93,0,-134.384,-135,0.790528
41040, 398.621, 10, -1,-1,-1,29.0987,31.7557,0.015849,8.68e+08,10,125000,1,0,-14.3192,604.36,0,-140.949,-133,0.436224
41053, 399.173, 5, -1,-1,-1,53.0128,4.81756,0.019953,8.68e+08,10,125000,1,0,17.915,-4934.08,1,-129.873,-133,0.436224
41055, 399.284, 40, -1,-1,-1,59.1236,25.6898,0.015849,8.68e+08,10,125000,1,0,2.08726,-13915.1,0,-135.714,-133,0.436224
41072, 399.72, 49, -1,-1,-1,45.6929,9.55674,0.015849,8.68e+08,10,125000,1,0,6.96725,1384.36,0,-134.102,-133,0.436224
41074, 399.776, 15, -1,-1,-1,46.2746,7.09545,0.019953,8.68e+08,10,125000,1,0,9.37908,2116.29,0,-132.337,-133,0.436224
41076, 400.296, 1, -1,-1,-1,49.3743,3.30528,0.015849,8.68e+08,11,125000,1,0,16.3215,746.242,0,-131.301,-135,0.790528
41094, 400.893, 20, -1,-1,-1,39.7553,-9.35268,0.019953,8.68e+08,10,125000,1,0,10.7686,16629.7,1,-131.902,-133,0.436224
41216, 401.027, 43, -1,-1,-1,55.2559,26.0605,0.025119,8.68e+08,10,125000,1,0,0.952355,-11195.1,0,-134.094,-133,0.436224
41218, 401.132, 36, -1,-1,-1,42.8721,21.2682,0.025119,8.68e+08,11,125000,1,0,-2.12947,-1467,0,-135.123,-135,0.790528
41230, 401.794, 48, -1,-1,-1,56.6076,12.8569,0.015849,8.68e+08,10,125000,1,0,10.4373,-10958.8,0,-133.013,-133,0.436224
41237, 402.323, 16, -1,-1,-1,42.7786,6.94506,0.019953,8.68e+08,10,125000,1,0,6.14296,5034.78,0,-133.366,-133,0.436224
41244, 402.541, 9, -1,-1,-1,38.2779,25.7475,0.015849,8.68e+08,11,125000,1,0,-6.91996,-734.754,0,-138.698,-135,0.790528
41256, 403.053, 19, -1,-1,-1,38.0115,0.007687,0.015849,8.68e+08,10,125000,1,0,5.02122,11764.4,0,-134.728,-133,0.436224
41258, 403.185, 46, -1,-1,-1,54.0139,24.7077,0.019953,8.68e+08,11,125000,1,0,1.28149,-10210.7,0,-134.983,-135,0.790528
41271, 403.64, 17, -1,-1,-1,49.9949,1.85453,0.025119,8.68e+08,11,125000,1,0,18.8708,527.156,1,-128.622,-135,0.790528
41278, 403.918, 44, -1,-1,-1,48.915,29.8997,0.015849,8.68e+08,10,125000,1,0,-3.56601,-7824.21,0,-137.606,-133,0.436224
41295, 404.393, 50, -1,-1,-1,39.8689,16.152,0.019953,8.68e+08,11,125000,1,0,-1.39531,2188.09,0,-135.874,-135,0.790528
41297, 404.534, 4, -1,-1,-1,42.7292,12.7851,0.025119,8.68e+08,11,125000,1,0,2.49565,1945.91,0,-133.571,-135,0.790528
41305, 404.888, 8, -1,-1,-1,60.9564,9.93245,0.015849,8.68e+08,11,125000,1,0,12.2798,-15274.8,1,-132.456,-135,0.790528
41307, 404.913, 54, -1,-1,-1,31.4019,-15.4743,0.015849,8.68e+08,11,125000,1,0,1.03114,19425.7,0,-136.048,-135,0.790528
41309, 405.362, 34, -1,-1,-1,47.8921,18.1051,0.019953,8.68e+08,11,125000,1,0,2.59369,-4091.91,0,-134.541,-135,0.790528
41312, 405.549, 2, -1,-1,-1,52.1594,14.5236,0.019953,8.68e+08,12,125000,1,0,7.43775,-6837,1,-132.953,-137,1.58106
41335, 406.579, 47, -1,-1,-1,60.7806,1.83536,0.015849,8.68e+08,11,125000,1,0,19.9762,-15769.5,1,-130.34,-135,0.790528
41337, 406.62, 41, -1,-1,-1,57.7942,23.9073,0.019953,8.68e+08,10,125000,1,0,2.55958,-13036.6,0,-134.555,-133,0.436224
41349, 406.922, 42, -1,-1,-1,55.9659,22.2357,0.019953,8.68e+08,10,125000,1,0,3.1885,-11567.4,0,-134.345,-133,0.436224
41351, 407.036, 3, -1,-1,-1,38.8081,-3.66631,0.019953,8.68e+08,11,125000,1,0,7.76151,13448.3,0,-132.84,-135,0.790528
41363, 407.109, 37, -1,-1,-1,40.6397,25.2461,0.019953,8.68e+08,10,125000,1,0,-5.40147,-1950.66,0,-137.207,-133,0.436224
41381, 407.522, 25, -1,-1,-1,47.4666,6.98245,0.025119,8.68e+08,10,125000,1,0,10.6534,504.04,1,-130.943,-133,0.436224
41388, 407.871, 7, -1,-1,-1,48.8156,14.5218,0.025119,8.68e+08,10,125000,1,0,5.54063,-3899.64,0,-132.566,-133,0.436224
41395, 407.989, 11, -1,-1,-1,55.1052,36.446,0.025119,8.68e+08,11,125000,1,0,-4.57816,-12523.6,0,-135.943,-135,0.790528
41397, 408.17, 59, -1,-1,-1,70.3446,16.3551,0.019953,8.68e+08,10,125000,1,0,3.31148,-19508.6,0,-134.304,-133,0.436224
41399, 408.271, 52, -1,-1,-1,38.853,34.58,0.019953,8.68e+08,11,125000,1,0,-10.487,-4076.86,0,-138.822,-135,0.790528
41401, 408.303, 31, -1,-1,-1,55.2698,20.8384,0.019953,8.68e+08,12,125000,1,0,3.89406,-10880.5,0,-134.111,-137,1.58106
41408, 408.657, 56, -1,-1,-1,34.5758,13.0619,0.019953,8.68e+08,12,125000,1,0,-3.60605,6013.6,0,-136.607,-137,1.58106
41420, 408.927, 51, -1,-1,-1,42.2294,28.194,0.015849,8.68e+08,10,125000,1,0,-5.97471,-3821.32,0,-138.395,-133,0.436224
41432, 409.195, 33, -1,-1,-1,48.5351,16.7675,0.019953,8.68e+08,10,125000,1,0,3.77349,-4462.57,0,-134.148,-133,0.436224
41434, 409.561, 30, -1,-1,-1,50.4166,22.3874,0.025119,8.68e+08,10,125000,1,0,1.08813,-7460.02,0,-134.046,-133,0.436224
41436, 409.562, 6, -1,-1,-1,57.9389,19.5301,0.019953,8.68e+08,12,125000,1,0,5.20782,-12974,0,-133.677,-137,1.58106
41439, 409.566, 21, -1,-1,-1,40.7647,-7.46535,0.025119,8.68e+08,10,125000,1,0,12.4684,14869.6,1,-130.392,-133,0.436224
41451, 410.441, 55, -1,-1,-1,29.3409,-14.2582,0.025119,8.68e+08,12,125000,1,0,-0.773022,19099.6,0,-134.651,-137,1.58106
41454, 410.672, 53, -1,-1,-1,65.3284,-19.1561,0.025119,8.68e+08,10,125000,1,0,19.8541,-17334.7,1,-128.369,-133,0.436224
41457, 410.686, 32, -1,-1,-1,50.6742,17.0701,0.019953,8.68e+08,11,125000,1,0,4.6569,-6467.02,1,-133.857,-135,0.790528
41480, 411.518, 23, -1,-1,-1,52.3551,9.17867,0.015849,8.68e+08,11,125000,1,0,12.089,-6253.78,1,-132.511,-135,0.790528
41483, 411.584, 28, -1,-1,-1,54.4004,13.1066,0.019953,8.68e+08,10,125000,1,0,9.2244,-9346.18,1,-132.387,-133,0.436224
41485, 411.601, 29, -1,-1,-1,51.2316,20.2503,0.019953,8.68e+08,11,125000,1,0,2.73181,-7723.73,0,-134.496,-135,0.790528
41502, 411.926, 35, -1,-1,-1,44.8964,23.9506,0.019953,8.68e+08,11,125000,1,0,-2.50931,-4181.16,0,-136.251,-135,0.790528
41509, 412.444, 26, -1,-1,-1,48.2338,8.18102,0.015849,8.68e+08,11,125000,1,0,10.2311,-1256.94,0,-133.073,-135,0.790528
41511, 412.455, 24, -1,-1,-1,49.1334,13.5818,0.015849,8.68e+08,10,125000,1,0,6.35865,-4211.86,0,-134.299,-133,0.436224
41513, 412.547, 36, -1,-1,-1,42.8721,21.2682,0.025119,8.68e+08,11,125000,1,0,-2.19074,-2077.44,0,-135.143,-135,0.790528
41515, 412.698, 0, -1,-1,-1,51.6007,-2.3004,0.025119,8.68e+08,11,125000,1,0,27.7851,-1006.38,0,-126.551,-135,0.790528
41522, 413.42, 49, -1,-1,-1,45.6929,9.55674,0.015849,8.68e+08,10,125000,1,0,7.02002,497.746,0,-134.083,-133,0.436224
41534, 414.05, 57, -1,-1,-1,36.1272,33.7657,0.019953,8.68e+08,10,125000,1,0,-11.5338,-2943.51,0,-139.137,-133,0.436224
41561, 414.937, 39, -1,-1,-1,44.7388,20.1372,0.015849,8.68e+08,10,125000,1,0,-0.531703,-3039.51,0,-136.587,-133,0.436224
41563, 415.006, 43, -1,-1,-1,55.2559,26.0605,0.025119,8.68e+08,10,125000,1,0,0.435489,-11806.8,0,-134.267,-133,0.436224
41565, 415.18, 40, -1,-1,-1,59.1236,25.6898,0.015849,8.68e+08,10,125000,1,0,1.33969,-14341.5,0,-135.963,-133,0.436224
41567, 415.347, 12, -1,-1,-1,53.1839,-3.87715,0.019953,8.68e+08,12,125000,1,0,33.2776,-3825.78,0,-126.495,-137,1.58106
41570, 415.357, 14, -1,-1,-1,53.9616,-4.16799,0.025119,8.68e+08,10,125000,1,0,34.4961,-5651.59,1,-125.281,-133,0.436224
41587, 415.881, 10, -1,-1,-1,29.0987,31.7557,0.015849,8.68e+08,10,125000,1,0,-14.3035,185.181,0,-140.944,-133,0.436224
41589, 415.95, 19, -1,-1,-1,38.0115,0.007687,0.015849,8.68e+08,10,125000,1,0,5.59189,11086.2,0,-134.54,-133,0.436224
41592, 416.212, 38, -1,-1,-1,46.6172,18.1503,0.019953,8.68e+08,11,125000,1,0,1.69982,-3784.8,1,-134.839,-135,0.790528
41594, 416.371, 58, -1,-1,-1,62.6808,-4.27248,0.015849,8.68e+08,12,125000,1,0,21.5488,-18184.6,0,-129.949,-137,1.58106
41626, 417.441, 20, -1,-1,-1,39.7553,-9.35268,0.019953,8.68e+08,10,125000,1,0,12.1923,15951.6,0,-131.472,-133,0.436224
41638, 417.607, 22, -1,-1,-1,51.0484,10.8218,0.025119,8.68e+08,10,125000,1,0,9.63321,-5718.9,0,-131.258,-133,0.436224
41640, 417.62, 48, -1,-1,-1,56.6076,12.8569,0.015849,8.68e+08,10,125000,1,0,9.54016,-11943.7,0,-133.288,-133,0.436224
41647, 417.88, 42, -1,-1,-1,55.9659,22.2357,0.019953,8.68e+08,10,125000,1,0,2.73194,-12080.3,0,-134.496,-133,0.436224
41649, 418.159, 13, -1,-1,-1,57.1683,-5.07194,0.015849,8.68e+08,11,125000,1,0,34.0926,-12534.5,0,-127.35,-135,0.790528
41651, 418.161, 3, -1,-1,-1,38.8081,-3.66631,0.019953,8.68e+08,11,125000,1,0,8.41207,12877.7,0,-132.632,-135,0.790528
41653, 418.167, 54, -1,-1,-1,31.4019,-15.4743,0.015849,8.68e+08,11,125000,1,0,1.87125,19233.3,0,-135.765,-135,0.790528
41660, 418.325, 11, -1,-1,-1,55.1052,36.446,0.025119,8.68e+08,11,125000,1,0,-4.92549,-12861.2,0,-136.057,-135,0.790528
41672, 418.67, 46, -1,-1,-1,54.0139,24.7077,0.019953,8.68e+08,11,125000,1,0,0.748784,-10936.8,0,-135.161,-135,0.790528
41680, 419.342, 17, -1,-1,-1,49.9949,1.85453,0.025119,8.68e+08,11,125000,1,0,18.8175,-1259.99,1,-128.633,-135,0.790528
41688, 419.896, 27, -1,-1,-1,50.9263,3.96498,0.019953,8.68e+08,12,125000,1,0,16.8668,-3484.75,1,-130.15,-137,1.58106
41690, 420.152, 41, -1,-1,-1,57.7942,23.9073,0.019953,8.68e+08,10,125000,1,0,1.94467,-13586.9,0,-134.76,-133,0.436224
41692, 420.195, 18, -1,-1,-1,41.6718,4.40735,0.025119,8.68e+08,12,125000,1,0,7.09748,6106.15,0,-132.055,-137,1.58106
41694, 420.475, 45, -1,-1,-1,49.1516,25.5874,0.025119,8.68e+08,12,125000,1,0,-1.53072,-7761.68,0,-134.925,-137,1.58106
41711, 421.076, 15, -1,-1,-1,46.2746,7.09545,0.019953,8.68e+08,10,125000,1,0,9.51314,672.137,0,-132.293,-133,0.436224
41713, 421.285, 37, -1,-1,-1,40.6397,25.2461,0.019953,8.68e+08,10,125000,1,0,-5.48645,-2461.03,0,-137.234,-133,0.436224
41721, 421.479, 5, -1,-1,-1,53.0128,4.81756,0.019953,8.68e+08,10,125000,1,0,16.9482,-6804.92,1,-130.128,-133,0.436224
41724, 422.227, 8, -1,-1,-1,60.9564,9.93245,0.015849,8.68e+08,11,125000,1,0,10.828,-15864.6,1,-132.89,-135,0.790528
41741, 422.686, 16, -1,-1,-1,42.7786,6.94506,0.019953,8.68e+08,10,125000,1,0,6.49689,3733.7,0,-133.249,-133,0.436224
41743, 423.007, 33, -1,-1,-1,48.5351,16.7675,0.019953,8.68e+08,10,125000,1,0,3.52685,-5193.04,0,-134.229,-133,0.436224
41756, 424.016, 31, -1,-1,-1,55.2698,20.8384,0.019953,8.68e+08,12,125000,1,0,3.25378,-11501.1,1,-134.321,-137,1.58106
41783, 424.437, 29, -1,-1,-1,51.2316,20.2503,0.019953,8.68e+08,11,125000,1,0,2.37345,-8286.9,0,-134.614,-135,0.790528
41785, 424.514, 51, -1,-1,-1,42.2294,28.194,0.015849,8.68e+08,10,125000,1,0,-6.14055,-4361.86,0,-138.448,-133,0.436224
41792, 424.66, 0, -1,-1,-1,51.6007,-2.3004,0.025119,8.68e+08,11,125000,1,0,27.5137,-2476.95,0,-126.606,-135,0.790528
41794, 424.665, 57, -1,-1,-1,36.1272,33.7657,0.019953,8.68e+08,10,125000,1,0,-11.6082,-3168.38,0,-139.16,-133,0.436224
41801, 424.863, 1, -1,-1,-1,49.3743,3.30528,0.015849,8.68e+08,11,125000,1,0,16.2511,-1463.58,0,-131.316,-135,0.790528
41808, 425.014, 9, -1,-1,-1,38.2779,25.7475,0.015849,8.68e+08,11,125000,1,0,-6.99102,-1582.25,0,-138.72,-135,0.790528
41810, 425.018, 44, -1,-1,-1,48.915,29.8997,0.015849,8.68e+08,10,125000,1,0,-4.0429,-8583.84,0,-137.763,-133,0.436224
41817, 425.265, 40, -1,-1,-1,59.1236,25.6898,0.015849,8.68e+08,10,125000,1,0,0.865298,-14528.8,0,-136.121,-133,0.436224
41830, 425.562, 28, -1,-1,-1,54.4004,13.1066,0.019953,8.68e+08,10,125000,1,0,8.58628,-10099.8,1,-132.585,-133,0.436224
41832, 425.705, 26, -1,-1,-1,48.2338,8.18102,0.015849,8.68e+08,11,125000,1,0,10.1106,-2220.34,0,-133.108,-135,0.790528
41839, 426.008, 2, -1,-1,-1,52.1594,14.5236,0.019953,8.68e+08,12,125000,1,0,6.77831,-8063.4,0,-133.163,-137,1.58106
41841, 426.319, 34, -1,-1,-1,47.8921,18.1051,0.019953,8.68e+08,11,125000,1,0,2.25083,-5224.14,0,-134.654,-135,0.790528
41843, 426.537, 50, -1,-1,-1,39.8689,16.152,0.019953,8.68e+08,11,125000,1,0,-1.2945,1115.41,0,-135.839,-135,0.790528
41850, 427.07, 6, -1,-1,-1,57.9389,19.5301,0.019953,8.68e+08,12,125000,1,0,4.31671,-13590.8,0,-133.968,-137,1.58106
41857, 427.568, 52, -1,-1,-1,38.853,34.58,0.019953,8.68e+08,11,125000,1,0,-10.6832,-4637.83,0,-138.881,-135,0.790528
41869, 427.918, 7, -1,-1,-1,48.8156,14.5218,0.025119,8.68e+08,10,125000,1,0,5.17906,-5123.11,0,-132.682,-133,0.436224
41872, 428.381, 4, -1,-1,-1,42.7292,12.7851,0.025119,8.68e+08,11,125000,1,0,2.58982,562.955,1,-133.537,-135,0.790528
41880, 428.905, 53, -1,-1,-1,65.3284,-19.1561,0.025119,8.68e+08,10,125000,1,0,17.3607,-17828.5,1,-129.014,-133,0.436224
41887, 429.34, 12, -1,-1,-1,53.1839,-3.87715,0.019953,8.68e+08,12,125000,1,0,32.2048,-5709.22,0,-126.686,-137,1.58106
41899, 429.809, 30, -1,-1,-1,50.4166,22.3874,0.025119,8.68e+08,10,125000,1,0,0.568688,-8370.98,0,-134.219,-133,0.436224
41907, 430.499, 47, -1,-1,-1,60.7806,1.83536,0.015849,8.68e+08,11,125000,1,0,16.9655,-16775.7,1,-131.121,-135,0.790528
41924, 430.866, 56, -1,-1,-1,34.5758,13.0619,0.019953,8.68e+08,12,125000,1,0,-3.27144,5100.64,0,-136.495,-137,1.58106
41936, 431.09, 43, -1,-1,-1,55.2559,26.0605,0.025119,8.68e+08,10,125000,1,0,-0.172309,-12311.6,0,-134.469,-133,0.436224
41948, 431.342, 48, -1,-1,-1,56.6076,12.8569,0.015849,8.68e+08,10,125000,1,0,8.7462,-12557.8,0,-133.534,-133,0.436224
41950, 431.462, 49, -1,-1,-1,45.6929,9.55674,0.015849,8.68e+08,10,125000,1,0,7.00657,-723.496,0,-134.086,-133,0.436224
41962, 431.536, 13, -1,-1,-1,57.1683,-5.07194,0.015849,8.68e+08,11,125000,1,0,31.314,-13653.8,0,-127.851,-135,0.790528
41964, 431.583, 35, -1,-1,-1,44.8964,23.9506,0.019953,8.68e+08,11,125000,1,0,-2.76806,-5021.89,0,-136.336,-135,0.790528
41966, 431.687, 20, -1,-1,-1,39.7553,-9.35268,0.019953,8.68e+08,10,125000,1,0,13.4659,15487.2,0,-131.096,-133,0.436224
41973, 431.778, 59, -1,-1,-1,70.3446,16.3551,0.019953,8.68e+08,10,125000,1,0,1.71631,-19646.2,0,-134.834,-133,0.436224
41975, 431.829, 55, -1,-1,-1,29.3409,-14.2582,0.025119,8.68e+08,12,125000,1,0,0.478978,18960.8,0,-134.229,-137,1.58106
41977, 431.905, 25, -1,-1,-1,47.4666,6.98245,0.025119,8.68e+08,10,125000,1,0,10.5842,-1451.55,0,-130.961,-133,0.436224
41979, 432.152, 39, -1,-1,-1,44.7388,20.1372,0.015849,8.68e+08,10,125000,1,0,-0.714056,-3847.84,0,-136.647,-133,0.436224
41996, 432.617, 24, -1,-1,-1,49.1334,13.5818,0.015849,8.68e+08,10,125000,1,0,5.95669,-5475.54,0,-134.427,-133,0.436224
41998, 432.774, 10, -1,-1,-1,29.0987,31.7557,0.015849,8.68e+08,10,125000,1,0,-14.3041,-221.113,0,-140.944,-133,0.436224
42005, 433.017, 37, -1,-1,-1,40.6397,25.2461,0.019953,8.68e+08,10,125000,1,0,-5.57192,-3008.01,0,-137.261,-133,0.436224
42007, 433.066, 45, -1,-1,-1,49.1516,25.5874,0.025119,8.68e+08,12,125000,1,0,-1.82512,-8208.13,0,-135.023,-137,1.58106
42024, 433.719, 46, -1,-1,-1,54.0139,24.7077,0.019953,8.68e+08,11,125000,1,0,0.214549,-11446.9,0,-135.339,-135,0.790528
42027, 433.991, 21, -1,-1,-1,40.7647,-7.46535,0.025119,8.68e+08,10,125000,1,0,14.5206,13697.9,1,-129.793,-133,0.436224
42030, 434.057, 23, -1,-1,-1,52.3551,9.17867,0.015849,8.68e+08,11,125000,1,0,11.2255,-7906.7,1,-132.767,-135,0.790528
42032, 434.112, 42, -1,-1,-1,55.9659,22.2357,0.019953,8.68e+08,10,125000,1,0,2.04391,-12636.9,0,-134.724,-133,0.436224
42049, 435.201, 54, -1,-1,-1,31.4019,-15.4743,0.015849,8.68e+08,11,125000,1,0,2.99126,19155.4,0,-135.389,-135,0.790528
42052, 435.377, 32, -1,-1,-1,50.6742,17.0701,0.019953,8.68e+08,11,125000,1,0,3.99255,-7838,1,-134.074,-135,0.790528
42064, 435.633, 36, -1,-1,-1,42.8721,21.2682,0.025119,8.68e+08,11,125000,1,0,-2.36601,-3145.78,0,-135.2,-135,0.790528
42072, 435.895, 28, -1,-1,-1,54.4004,13.1066,0.019953,8.68e+08,10,125000,1,0,8.09595,-10744.8,1,-132.739,-133,0.436224
42084, 436.306, 1, -1,-1,-1,49.3743,3.30528,0.015849,8.68e+08,11,125000,1,0,16.0848,-2653.66,0,-131.36,-135,0.790528
42086, 436.902, 3, -1,-1,-1,38.8081,-3.66631,0.019953,8.68e+08,11,125000,1,0,9.49826,12004.7,0,-132.29,-135,0.790528
42098, 437.395, 27, -1,-1,-1,50.9263,3.96498,0.019953,8.68e+08,12,125000,1,0,16.3429,-5086.98,0,-130.29,-137,1.58106
42105, 437.696, 58, -1,-1,-1,62.6808,-4.27248,0.015849,8.68e+08,12,125000,1,0,18.2845,-18711.5,0,-130.769,-137,1.58106
42107, 437.796, 19, -1,-1,-1,38.0115,0.007687,0.015849,8.68e+08,10,125000,1,0,6.52186,10008.5,0,-134.235,-133,0.436224
42110, 438.01, 14, -1,-1,-1,53.9616,-4.16799,0.025119,8.68e+08,10,125000,1,0,31.8597,-8680.9,1,-125.748,-133,0.436224
42117, 438.164, 11, -1,-1,-1,55.1052,36.446,0.025119,8.68e+08,11,125000,1,0,-5.60069,-13314,0,-136.277,-135,0.790528
42130, 438.911, 38, -1,-1,-1,46.6172,18.1503,0.019953,8.68e+08,11,125000,1,0,1.36911,-4987.69,1,-134.948,-135,0.790528
42157, 440.033, 41, -1,-1,-1,57.7942,23.9073,0.019953,8.68e+08,10,125000,1,0,1.03573,-14174.2,0,-135.062,-133,0.436224
42160, 440.157, 4, -1,-1,-1,42.7292,12.7851,0.025119,8.68e+08,11,125000,1,0,2.59518,-198.979,1,-133.534,-135,0.790528
42162, 440.29, 6, -1,-1,-1,57.9389,19.5301,0.019953,8.68e+08,12,125000,1,0,3.64146,-14137.7,0,-134.191,-137,1.58106
42164, 440.409, 2, -1,-1,-1,52.1594,14.5236,0.019953,8.68e+08,12,125000,1,0,6.26701,-8983.81,0,-133.326,-137,1.58106
42166, 440.636, 31, -1,-1,-1,55.2698,20.8384,0.019953,8.68e+08,12,125000,1,0,2.5584,-12273.9,0,-134.552,-137,1.58106
42198, 441.555, 56, -1,-1,-1,34.5758,13.0619,0.019953,8.68e+08,12,125000,1,0,-3.12905,4573.83,0,-136.447,-137,1.58106
42200, 441.577, 57, -1,-1,-1,36.1272,33.7657,0.019953,8.68e+08,10,125000,1,0,-11.7416,-3621.18,0,-139.199,-133,0.436224
42202, 441.598, 18, -1,-1,-1,41.6718,4.40735,0.025119,8.68e+08,12,125000,1,0,7.59583,4873.66,0,-131.893,-137,1.58106
42214, 441.851, 17, -1,-1,-1,49.9949,1.85453,0.025119,8.68e+08,11,125000,1,0,18.3987,-3379.82,0,-128.739,-135,0.790528
42216, 441.88, 40, -1,-1,-1,59.1236,25.6898,0.015849,8.68e+08,10,125000,1,0,0.085197,-14908.6,0,-136.382,-133,0.436224
42218, 441.989, 0, -1,-1,-1,51.6007,-2.3004,0.025119,8.68e+08,11,125000,1,0,26.7365,-4636.45,0,-126.766,-135,0.790528
42220, 442.059, 50, -1,-1,-1,39.8689,16.152,0.019953,8.68e+08,11,125000,1,0,-1.26513,403.311,0,-135.828,-135,0.790528
42227, 442.22, 22, -1,-1,-1,51.0484,10.8218,0.025119,8.68e+08,10,125000,1,0,8.86701,-7251.07,0,-131.494,-133,0.436224
42229, 442.24, 29, -1,-1,-1,51.2316,20.2503,0.019953,8.68e+08,11,125000,1,0,1.84246,-9082.57,0,-134.79,-135,0.790528
42231, 442.277, 33, -1,-1,-1,48.5351,16.7675,0.019953,8.68e+08,10,125000,1,0,3.12485,-6231.99,0,-134.361,-133,0.436224
42233, 442.527, 20, -1,-1,-1,39.7553,-9.35268,0.019953,8.68e+08,10,125000,1,0,14.4633,15131.2,0,-130.807,-133,0.436224
42245, 442.998, 59, -1,-1,-1,70.3446,16.3551,0.019953,8.68e+08,10,125000,1,0,0.991566,-19601.6,0,-135.076,-133,0.436224
42252, 443.37, 43, -1,-1,-1,55.2559,26.0605,0.025119,8.68e+08,10,125000,1,0,-0.643994,-12630.4,0,-134.626,-133,0.436224
42259, 443.67, 48, -1,-1,-1,56.6076,12.8569,0.015849,8.68e+08,10,125000,1,0,8.0256,-13041.7,0,-133.761,-133,0.436224
42261, 444.056, 51, -1,-1,-1,42.2294,28.194,0.015849,8.68e+08,10,125000,1,0,-6.37901,-5061.18,0,-138.524,-133,0.436224
42273, 444.514, 15, -1,-1,-1,46.2746,7.09545,0.019953,8.68e+08,10,125000,1,0,9.47168,-1124.71,0,-132.303,-133,0.436224
42280, 444.653, 16, -1,-1,-1,42.7786,6.94506,0.019953,8.68e+08,10,125000,1,0,6.75884,2265.55,0,-133.162,-133,0.436224
42287, 445.001, 24, -1,-1,-1,49.1334,13.5818,0.015849,8.68e+08,10,125000,1,0,5.66434,-6159.07,0,-134.521,-133,0.436224
42304, 445.437, 5, -1,-1,-1,53.0128,4.81756,0.019953,8.68e+08,10,125000,1,0,15.6405,-8814.85,0,-130.483,-133,0.436224
42316, 445.658, 44, -1,-1,-1,48.915,29.8997,0.015849,8.68e+08,10,125000,1,0,-4.54222,-9279.08,0,-137.926,-133,0.436224
42324, 445.972, 21, -1,-1,-1,40.7647,-7.46535,0.025119,8.68e+08,10,125000,1,0,15.5441,13128.3,1,-129.504,-133,0.436224
42331, 446.199, 9, -1,-1,-1,38.2779,25.7475,0.015849,8.68e+08,11,125000,1,0,-7.0999,-2363.08,0,-138.754,-135,0.790528
42333, 446.355, 26, -1,-1,-1,48.2338,8.18102,0.015849,8.68e+08,11,125000,1,0,9.79434,-3777.64,0,-133.203,-135,0.790528
42335, 446.524, 34, -1,-1,-1,47.8921,18.1051,0.019953,8.68e+08,11,125000,1,0,1.85168,-6262.29,0,-134.786,-135,0.790528
42337, 446.766, 12, -1,-1,-1,53.1839,-3.87715,0.019953,8.68e+08,12,125000,1,0,30.4128,-7911.01,0,-127.021,-137,1.58106
42339, 446.822, 8, -1,-1,-1,60.9564,9.93245,0.015849,8.68e+08,11,125000,1,0,8.86214,-16628.1,0,-133.495,-135,0.790528
42346, 448.112, 10, -1,-1,-1,29.0987,31.7557,0.015849,8.68e+08,10,125000,1,0,-14.3184,-572.428,0,-140.947,-133,0.436224
42358, 448.774, 49, -1,-1,-1,45.6929,9.55674,0.015849,8.68e+08,10,125000,1,0,6.90534,-1881.18,0,-134.116,-133,0.436224
42371, 449.126, 47, -1,-1,-1,60.7806,1.83536,0.015849,8.68e+08,11,125000,1,0,14.8243,-17344.9,1,-131.71,-135,0.790528
42383, 449.774, 35, -1,-1,-1,44.8964,23.9506,0.019953,8.68e+08,11,125000,1,0,-3.04602,-5762.3,0,-136.427,-135,0.790528
42391, 449.944, 25, -1,-1,-1,47.4666,6.98245,0.025119,8.68e+08,10,125000,1,0,10.3823,-2833.27,1,-131.021,-133,0.436224
42393, 450.073, 39, -1,-1,-1,44.7388,20.1372,0.015849,8.68e+08,10,125000,1,0,-0.947494,-4673.24,0,-136.724,-133,0.436224
42400, 450.639, 11, -1,-1,-1,55.1052,36.446,0.025119,8.68e+08,11,125000,1,0,-6.03013,-13515.8,0,-136.416,-135,0.790528
42402, 450.663, 30, -1,-1,-1,50.4166,22.3874,0.025119,8.68e+08,10,125000,1,0,-0.013174,-9251.84,0,-134.413,-133,0.436224
42405, 450.685, 58, -1,-1,-1,62.6808,-4.27248,0.015849,8.68e+08,12,125000,1,0,16.5078,-18877.1,1,-131.242,-137,1.58106
42542, 451.39, 28, -1,-1,-1,54.4004,13.1066,0.019953,8.68e+08,10,125000,1,0,7.33757,-11486.1,0,-132.979,-133,0.436224
42554, 451.621, 7, -1,-1,-1,48.8156,14.5218,0.025119,8.68e+08,10,125000,1,0,4.64232,-6524.38,0,-132.856,-133,0.436224
42561, 452.058, 52, -1,-1,-1,38.853,34.58,0.019953,8.68e+08,11,125000,1,0,-10.9666,-5374.32,0,-138.967,-135,0.790528
42568, 452.282, 17, -1,-1,-1,49.9949,1.85453,0.025119,8.68e+08,11,125000,1,0,18.0771,-4509.31,0,-128.822,-135,0.790528
42570, 452.283, 36, -1,-1,-1,42.8721,21.2682,0.025119,8.68e+08,11,125000,1,0,-2.53379,-3857.37,0,-135.255,-135,0.790528
42597, 452.751, 4, -1,-1,-1,42.7292,12.7851,0.025119,8.68e+08,11,125000,1,0,2.57069,-860.639,0,-133.541,-135,0.790528
42599, 452.907, 41, -1,-1,-1,57.7942,23.9073,0.019953,8.68e+08,10,125000,1,0,0.445657,-14461.7,0,-135.259,-133,0.436224
42601, 452.953, 1, -1,-1,-1,49.3743,3.30528,0.015849,8.68e+08,11,125000,1,0,15.6997,-4157.15,0,-131.464,-135,0.790528
42604, 453.08, 53, -1,-1,-1,65.3284,-19.1561,0.025119,8.68e+08,10,125000,1,0,14.4148,-18403.5,1,-129.824,-133,0.436224
42606, 453.106, 32, -1,-1,-1,50.6742,17.0701,0.019953,8.68e+08,11,125000,1,0,3.45694,-8711.02,0,-134.249,-135,0.790528
42608, 453.135, 29, -1,-1,-1,51.2316,20.2503,0.019953,8.68e+08,11,125000,1,0,1.5002,-9640.38,0,-134.904,-135,0.790528
42636, 453.627, 22, -1,-1,-1,51.0484,10.8218,0.025119,8.68e+08,10,125000,1,0,8.4603,-8066.34,1,-131.621,-133,0.436224
42643, 453.943, 31, -1,-1,-1,55.2698,20.8384,0.019953,8.68e+08,12,125000,1,0,1.99143,-12693.1,0,-134.74,-137,1.58106
42645, 454.039, 59, -1,-1,-1,70.3446,16.3551,0.019953,8.68e+08,10,125000,1,0,0.297242,-19738.5,0,-135.308,-133,0.436224
42653, 454.134, 14, -1,-1,-1,53.9616,-4.16799,0.025119,8.68e+08,10,125000,1,0,29.6344,-10446.5,1,-126.171,-133,0.436224
42655, 454.206, 46, -1,-1,-1,54.0139,24.7077,0.019953,8.68e+08,11,125000,1,0,-0.534139,-12140,0,-135.588,-135,0.790528
42662, 454.49, 57, -1,-1,-1,36.1272,33.7657,0.019953,8.68e+08,10,125000,1,0,-11.8554,-4093.78,0,-139.233,-133,0.436224
42669, 454.749, 55, -1,-1,-1,29.3409,-14.2582,0.025119,8.68e+08,12,125000,1,0,1.88211,18763.8,0,-133.756,-137,1.58106
42671, 454.776, 19, -1,-1,-1,38.0115,0.007687,0.015849,8.68e+08,10,125000,1,0,7.20287,9125.89,0,-134.014,-133,0.436224
42673, 454.87, 56, -1,-1,-1,34.5758,13.0619,0.019953,8.68e+08,12,125000,1,0,-2.96949,4062.1,0,-136.393,-137,1.58106
42675, 454.959, 37, -1,-1,-1,40.6397,25.2461,0.019953,8.68e+08,10,125000,1,0,-5.76768,-3860.1,0,-137.324,-133,0.436224
42698, 455.919, 13, -1,-1,-1,57.1683,-5.07194,0.015849,8.68e+08,11,125000,1,0,26.617,-15435.6,1,-128.789,-135,0.790528
42700, 456.013, 42, -1,-1,-1,55.9659,22.2357,0.019953,8.68e+08,10,125000,1,0,1.09958,-13366.7,0,-135.039,-133,0.436224
42722, 456.977, 12, -1,-1,-1,53.1839,-3.87715,0.019953,8.68e+08,12,125000,1,0,29.1982,-9226.36,0,-127.257,-137,1.58106
42724, 457.01, 54, -1,-1,-1,31.4019,-15.4743,0.015849,8.68e+08,11,125000,1,0,4.49952,18969.8,0,-134.887,-135,0.790528
42727, 457.069, 21, -1,-1,-1,40.7647,-7.46535,0.025119,8.68e+08,10,125000,1,0,16.4943,12354.8,1,-129.24,-133,0.436224
42729, 457.092, 23, -1,-1,-1,52.3551,9.17867,0.015849,8.68e+08,11,125000,1,0,10.2005,-9438.9,0,-133.077,-135,0.790528
42741, 457.266, 45, -1,-1,-1,49.1516,25.5874,0.025119,8.68e+08,12,125000,1,0,-2.4317,-9155.61,0,-135.224,-137,1.58106
42748, 457.53, 44, -1,-1,-1,48.915,29.8997,0.015849,8.68e+08,10,125000,1,0,-4.84269,-9751.75,0,-138.024,-133,0.436224
42750, 457.56, 9, -1,-1,-1,38.2779,25.7475,0.015849,8.68e+08,11,125000,1,0,-7.17473,-2862.91,0,-138.778,-135,0.790528
42752, 457.906, 15, -1,-1,-1,46.2746,7.09545,0.019953,8.68e+08,10,125000,1,0,9.35951,-2236.86,0,-132.336,-133,0.436224
42764, 458.794, 2, -1,-1,-1,52.1594,14.5236,0.019953,8.68e+08,12,125000,1,0,5.56772,-9927.28,0,-133.552,-137,1.58106
42771, 459.45, 38, -1,-1,-1,46.6172,18.1503,0.019953,8.68e+08,11,125000,1,0,1.00038,-6016.68,0,-135.07,-135,0.790528
42773, 459.753, 27, -1,-1,-1,50.9263,3.96498,0.019953,8.68e+08,12,125000,1,0,15.4301,-7049.87,0,-130.539,-137,1.58106
42785, 459.933, 26, -1,-1,-1,48.2338,8.18102,0.015849,8.68e+08,11,125000,1,0,9.50644,-4877.49,0,-133.291,-135,0.790528
42793, 460.316, 5, -1,-1,-1,53.0128,4.81756,0.019953,8.68e+08,10,125000,1,0,14.7284,-10052.5,1,-130.736,-133,0.436224
42795, 460.363, 16, -1,-1,-1,42.7786,6.94506,0.019953,8.68e+08,10,125000,1,0,6.86492,1079.1,0,-133.126,-133,0.436224
42798, 460.745, 3, -1,-1,-1,38.8081,-3.66631,0.019953,8.68e+08,11,125000,1,0,10.841,10679.8,1,-131.873,-135,0.790528
42815, 461.92, 48, -1,-1,-1,56.6076,12.8569,0.015849,8.68e+08,10,125000,1,0,6.95409,-13761.5,0,-134.101,-133,0.436224
42822, 462.238, 51, -1,-1,-1,42.2294,28.194,0.015849,8.68e+08,10,125000,1,0,-6.63001,-5680.3,0,-138.605,-133,0.436224
42835, 462.438, 18, -1,-1,-1,41.6718,4.40735,0.025119,8.68e+08,12,125000,1,0,7.96331,3451.9,1,-131.773,-137,1.58106
42842, 462.682, 33, -1,-1,-1,48.5351,16.7675,0.019953,8.68e+08,10,125000,1,0,2.63267,-7283.04,0,-134.523,-133,0.436224
42859, 462.915, 34, -1,-1,-1,47.8921,18.1051,0.019953,8.68e+08,11,125000,1,0,1.48306,-7035.95,0,-134.908,-135,0.790528
42866, 463.172, 0, -1,-1,-1,51.6007,-2.3004,0.025119,8.68e+08,11,125000,1,0,25.2735,-7120.39,0,-127.079,-135,0.790528
42868, 463.268, 8, -1,-1,-1,60.9564,9.93245,0.015849,8.68e+08,11,125000,1,0,7.60938,-16993.4,0,-133.89,-135,0.790528
42870, 463.543, 49, -1,-1,-1,45.6929,9.55674,0.015849,8.68e+08,10,125000,1,0,6.75223,-2830.54,0,-134.164,-133,0.436224
42877, 463.676, 50, -1,-1,-1,39.8689,16.152,0.019953,8.68e+08,11,125000,1,0,-1.28142,-649.137,0,-135.832,-135,0.790528
42884, 464.272, 30, -1,-1,-1,50.4166,22.3874,0.025119,8.68e+08,10,125000,1,0,-0.415165,-9737.13,0,-134.546,-133,0.436224
42886, 464.32, 6, -1,-1,-1,57.9389,19.5301,0.019953,8.68e+08,12,125000,1,0,2.41583,-14710.1,0,-134.596,-137,1.58106
42888, 464.349, 31, -1,-1,-1,55.2698,20.8384,0.019953,8.68e+08,12,125000,1,0,1.54323,-12961,0,-134.889,-137,1.58106
42890, 464.41, 4, -1,-1,-1,42.7292,12.7851,0.025119,8.68e+08,11,125000,1,0,2.52033,-1458.26,0,-133.557,-135,0.790528
42908, 465.241, 14, -1,-1,-1,53.9616,-4.16799,0.025119,8.68e+08,10,125000,1,0,28.0277,-11430.5,1,-126.492,-133,0.436224
42910, 465.276, 43, -1,-1,-1,55.2559,26.0605,0.025119,8.68e+08,10,125000,1,0,-1.49805,-13270.7,0,-134.911,-133,0.436224
42912, 465.456, 39, -1,-1,-1,44.7388,20.1372,0.015849,8.68e+08,10,125000,1,0,-1.18152,-5338.67,0,-136.802,-133,0.436224
42924, 466.248, 40, -1,-1,-1,59.1236,25.6898,0.015849,8.68e+08,10,125000,1,0,-1.05251,-15473.3,0,-136.762,-133,0.436224
42946, 466.739, 24, -1,-1,-1,49.1334,13.5818,0.015849,8.68e+08,10,125000,1,0,5.0768,-7414.11,0,-134.711,-133,0.436224
42948, 466.828, 29, -1,-1,-1,51.2316,20.2503,0.019953,8.68e+08,11,125000,1,0,1.05379,-10154.7,0,-135.052,-135,0.790528
42950, 466.942, 10, -1,-1,-1,29.0987,31.7557,0.015849,8.68e+08,10,125000,1,0,-14.3538,-1042.89,0,-140.957,-133,0.436224
42952, 467.066, 54, -1,-1,-1,31.4019,-15.4743,0.015849,8.68e+08,11,125000,1,0,5.22636,18971.2,0,-134.647,-135,0.790528
42955, 467.135, 20, -1,-1,-1,39.7553,-9.35268,0.019953,8.68e+08,10,125000,1,0,16.8062,13884.6,1,-130.153,-133,0.436224
42972, 468.583, 11, -1,-1,-1,55.1052,36.446,0.025119,8.68e+08,11,125000,1,0,-6.65319,-13852.3,0,-136.617,-135,0.790528
42979, 469.243, 42, -1,-1,-1,55.9659,22.2357,0.019953,8.68e+08,10,125000,1,0,0.523236,-13702.7,0,-135.231,-133,0.436224
42981, 469.352, 46, -1,-1,-1,54.0139,24.7077,0.019953,8.68e+08,11,125000,1,0,-1.10034,-12568.8,0,-135.777,-135,0.790528
42999, 470.145, 27, -1,-1,-1,50.9263,3.96498,0.019953,8.68e+08,12,125000,1,0,14.9287,-7800.25,1,-130.678,-137,1.58106
43001, 470.527, 5, -1,-1,-1,53.0128,4.81756,0.019953,8.68e+08,10,125000,1,0,14.0714,-10656.2,0,-130.922,-133,0.436224
43003, 470.619, 35, -1,-1,-1,44.8964,23.9506,0.019953,8.68e+08,11,125000,1,0,-3.40698,-6599.2,0,-136.546,-135,0.790528
43030, 471.397, 45, -1,-1,-1,49.1516,25.5874,0.025119,8.68e+08,12,125000,1,0,-2.80809,-9610.66,0,-135.348,-137,1.58106
43037, 471.588, 7, -1,-1,-1,48.8156,14.5218,0.025119,8.68e+08,10,125000,1,0,4.10958,-7608.39,0,-133.03,-133,0.436224
43039, 471.794, 26, -1,-1,-1,48.2338,8.18102,0.015849,8.68e+08,11,125000,1,0,9.20724,-5644.21,0,-133.383,-135,0.790528
43041, 472.13, 38, -1,-1,-1,46.6172,18.1503,0.019953,8.68e+08,11,125000,1,0,0.742425,-6568.68,0,-135.155,-135,0.790528
43043, 472.215, 2, -1,-1,-1,52.1594,14.5236,0.019953,8.68e+08,12,125000,1,0,5.03005,-10522.6,0,-133.727,-137,1.58106
43045, 472.274, 32, -1,-1,-1,50.6742,17.0701,0.019953,8.68e+08,11,125000,1,0,2.83183,-9602.12,0,-134.456,-135,0.790528
43062, 472.796, 55, -1,-1,-1,29.3409,-14.2582,0.025119,8.68e+08,12,125000,1,0,3.03722,18617.5,0,-133.369,-137,1.58106
43070, 473.113, 47, -1,-1,-1,60.7806,1.83536,0.015849,8.68e+08,11,125000,1,0,12.304,-17974.7,1,-132.437,-135,0.790528
43072, 473.163, 37, -1,-1,-1,40.6397,25.2461,0.019953,8.68e+08,10,125000,1,0,-5.96442,-4522.94,0,-137.387,-133,0.436224
43089, 473.66, 59, -1,-1,-1,70.3446,16.3551,0.019953,8.68e+08,10,125000,1,0,-0.894505,-19779.8,0,-135.706,-133,0.436224
43111, 474.024, 53, -1,-1,-1,65.3284,-19.1561,0.025119,8.68e+08,10,125000,1,0,12.1389,-18756.2,0,-130.484,-133,0.436224
43114, 474.18, 0, -1,-1,-1,51.6007,-2.3004,0.025119,8.68e+08,11,125000,1,0,24.3452,-8417.09,1,-127.285,-135,0.790528
43131, 474.376, 58, -1,-1,-1,62.6808,-4.27248,0.015849,8.68e+08,12,125000,1,0,13.6015,-19268.4,0,-132.055,-137,1.58106
43133, 474.377, 28, -1,-1,-1,54.4004,13.1066,0.019953,8.68e+08,10,125000,1,0,6.17646,-12545.3,0,-133.351,-133,0.436224
43135, 474.377, 18, -1,-1,-1,41.6718,4.40735,0.025119,8.68e+08,12,125000,1,0,8.11656,2519.85,0,-131.723,-137,1.58106
43142, 474.745, 25, -1,-1,-1,47.4666,6.98245,0.025119,8.68e+08,10,125000,1,0,9.90891,-4729.26,0,-131.164,-133,0.436224
43144, 474.786, 33, -1,-1,-1,48.5351,16.7675,0.019953,8.68e+08,10,125000,1,0,2.31181,-7969.79,0,-134.629,-133,0.436224
43146, 474.793, 36, -1,-1,-1,42.8721,21.2682,0.025119,8.68e+08,11,125000,1,0,-2.81315,-4846.12,0,-135.347,-135,0.790528
43148, 474.804, 22, -1,-1,-1,51.0484,10.8218,0.025119,8.68e+08,10,125000,1,0,7.63464,-9323.63,0,-131.881,-133,0.436224
43171, 475.522, 13, -1,-1,-1,57.1683,-5.07194,0.015849,8.68e+08,11,125000,1,0,23.2448,-16455.4,1,-129.536,-135,0.790528
43173, 475.535, 56, -1,-1,-1,34.5758,13.0619,0.019953,8.68e+08,12,125000,1,0,-2.76249,3161.9,0,-136.323,-137,1.58106
43175, 475.585, 12, -1,-1,-1,53.1839,-3.87715,0.019953,8.68e+08,12,125000,1,0,26.8084,-11109.5,0,-127.745,-137,1.58106
43182, 475.735, 23, -1,-1,-1,52.3551,9.17867,0.015849,8.68e+08,11,125000,1,0,9.29369,-10523.1,0,-133.356,-135,0.790528
43184, 475.738, 15, -1,-1,-1,46.2746,7.09545,0.019953,8.68e+08,10,125000,1,0,9.11391,-3527.11,0,-132.411,-133,0.436224
43186, 475.794, 9, -1,-1,-1,38.2779,25.7475,0.015849,8.68e+08,11,125000,1,0,-7.31827,-3496.23,0,-138.823,-135,0.790528
43198, 476.27, 1, -1,-1,-1,49.3743,3.30528,0.015849,8.68e+08,11,125000,1,0,14.9053,-6220.86,0,-131.683,-135,0.790528
43200, 476.432, 8, -1,-1,-1,60.9564,9.93245,0.015849,8.68e+08,11,125000,1,0,6.64123,-17392,0,-134.2,-135,0.790528
43207, 476.782, 17, -1,-1,-1,49.9949,1.85453,0.025119,8.68e+08,11,125000,1,0,17.0496,-6823.08,0,-129.092,-135,0.790528
43214, 476.849, 52, -1,-1,-1,38.853,34.58,0.019953,8.68e+08,11,125000,1,0,-11.2908,-6096.06,0,-139.064,-135,0.790528
43226, 476.977, 19, -1,-1,-1,38.0115,0.007687,0.015849,8.68e+08,10,125000,1,0,8.02055,7811.78,0,-133.75,-133,0.436224
43243, 477.23, 16, -1,-1,-1,42.7786,6.94506,0.019953,8.68e+08,10,125000,1,0,6.90074,-45.1108,0,-133.113,-133,0.436224
43245, 477.409, 49, -1,-1,-1,45.6929,9.55674,0.015849,8.68e+08,10,125000,1,0,6.55478,-3853.73,0,-134.226,-133,0.436224
43248, 477.558, 21, -1,-1,-1,40.7647,-7.46535,0.025119,8.68e+08,10,125000,1,0,18.228,10953.2,1,-128.774,-133,0.436224
43250, 477.56, 41, -1,-1,-1,57.7942,23.9073,0.019953,8.68e+08,10,125000,1,0,-0.682977,-15091.8,0,-135.636,-133,0.436224
43252, 477.571, 44, -1,-1,-1,48.915,29.8997,0.015849,8.68e+08,10,125000,1,0,-5.3696,-10356.8,0,-138.196,-133,0.436224
43255, 477.762, 4, -1,-1,-1,42.7292,12.7851,0.025119,8.68e+08,11,125000,1,0,2.4304,-2312.62,1,-133.586,-135,0.790528
43263, 478.204, 14, -1,-1,-1,53.9616,-4.16799,0.025119,8.68e+08,10,125000,1,0,26.1349,-12724.2,1,-126.888,-133,0.436224
43285, 479.175, 57, -1,-1,-1,36.1272,33.7657,0.019953,8.68e+08,10,125000,1,0,-12.1011,-4809.28,0,-139.305,-133,0.436224
43287, 479.194, 51, -1,-1,-1,42.2294,28.194,0.015849,8.68e+08,10,125000,1,0,-6.88811,-6390.22,0,-138.687,-133,0.436224
43289, 479.319, 43, -1,-1,-1,55.2559,26.0605,0.025119,8.68e+08,10,125000,1,0,-2.05195,-13751.5,0,-135.095,-133,0.436224
43297, 479.428, 3, -1,-1,-1,38.8081,-3.66631,0.019953,8.68e+08,11,125000,1,0,11.8386,9541.89,1,-131.57,-135,0.790528
43309, 480.393, 30, -1,-1,-1,50.4166,22.3874,0.025119,8.68e+08,10,125000,1,0,-0.911094,-10465,0,-134.712,-133,0.436224
43316, 480.949, 31, -1,-1,-1,55.2698,20.8384,0.019953,8.68e+08,12,125000,1,0,0.821918,-13610.6,0,-135.129,-137,1.58106
43323, 481.282, 6, -1,-1,-1,57.9389,19.5301,0.019953,8.68e+08,12,125000,1,0,1.55621,-15288.4,0,-134.882,-137,1.58106
43335, 481.801, 11, -1,-1,-1,55.1052,36.446,0.025119,8.68e+08,11,125000,1,0,-7.11553,-14034.5,0,-136.765,-135,0.790528
43337, 482.199, 34, -1,-1,-1,47.8921,18.1051,0.019953,8.68e+08,11,125000,1,0,1.00335,-7925.58,0,-135.067,-135,0.790528
43349, 482.474, 2, -1,-1,-1,52.1594,14.5236,0.019953,8.68e+08,12,125000,1,0,4.60632,-10910.2,0,-133.865,-137,1.58106
43351, 482.638, 10, -1,-1,-1,29.0987,31.7557,0.015849,8.68e+08,10,125000,1,0,-14.3983,-1402.08,0,-140.969,-133,0.436224
43353, 482.911, 45, -1,-1,-1,49.1516,25.5874,0.025119,8.68e+08,12,125000,1,0,-3.12552,-9932.59,0,-135.453,-137,1.58106
43355, 483.21, 46, -1,-1,-1,54.0139,24.7077,0.019953,8.68e+08,11,125000,1,0,-1.62582,-12916.6,0,-135.952,-135,0.790528
43372, 484.094, 48, -1,-1,-1,56.6076,12.8569,0.015849,8.68e+08,10,125000,1,0,5.65629,-14556.7,0,-134.52,-133,0.436224
43379, 484.332, 50, -1,-1,-1,39.8689,16.152,0.019953,8.68e+08,11,125000,1,0,-1.35894,-1642.1,0,-135.857,-135,0.790528
43386, 484.615, 28, -1,-1,-1,54.4004,13.1066,0.019953,8.68e+08,10,125000,1,0,5.65038,-12879.3,0,-133.522,-133,0.436224
43389, 484.774, 54, -1,-1,-1,31.4019,-15.4743,0.015849,8.68e+08,11,125000,1,0,6.55993,18804.9,1,-134.21,-135,0.790528
43391, 484.93, 39, -1,-1,-1,44.7388,20.1372,0.015849,8.68e+08,10,125000,1,0,-1.51961,-6190.85,0,-136.914,-133,0.436224
43409, 486.192, 20, -1,-1,-1,39.7553,-9.35268,0.019953,8.68e+08,10,125000,1,0,18.6705,12752.7,1,-129.656,-133,0.436224
43411, 486.23, 40, -1,-1,-1,59.1236,25.6898,0.015849,8.68e+08,10,125000,1,0,-1.97704,-15849,0,-137.07,-133,0.436224
43413, 486.398, 29, -1,-1,-1,51.2316,20.2503,0.019953,8.68e+08,11,125000,1,0,0.388567,-10903.5,0,-135.274,-135,0.790528
43420, 487.023, 24, -1,-1,-1,49.1334,13.5818,0.015849,8.68e+08,10,125000,1,0,4.45426,-8494.17,0,-134.914,-133,0.436224
43442, 487.542, 42, -1,-1,-1,55.9659,22.2357,0.019953,8.68e+08,10,125000,1,0,-0.278014,-14183.5,0,-135.498,-133,0.436224
43449, 487.584, 5, -1,-1,-1,53.0128,4.81756,0.019953,8.68e+08,10,125000,1,0,12.9357,-11690,0,-131.249,-133,0.436224
43456, 487.821, 41, -1,-1,-1,57.7942,23.9073,0.019953,8.68e+08,10,125000,1,0,-1.15112,-15231.2,0,-135.792,-133,0.436224
43468, 488.445, 23, -1,-1,-1,52.3551,9.17867,0.015849,8.68e+08,11,125000,1,0,8.64682,-11145.1,0,-133.557,-135,0.790528
43475, 488.731, 53, -1,-1,-1,65.3284,-19.1561,0.025119,8.68e+08,10,125000,1,0,10.6693,-18889.1,0,-130.926,-133,0.436224
43477, 489.028, 12, -1,-1,-1,53.1839,-3.87715,0.019953,8.68e+08,12,125000,1,0,25.0207,-12206.3,0,-128.131,-137,1.58106
43479, 489.057, 22, -1,-1,-1,51.0484,10.8218,0.025119,8.68e+08,10,125000,1,0,7.03651,-10049.1,0,-132.071,-133,0.436224
43481, 489.138, 58, -1,-1,-1,62.6808,-4.27248,0.015849,8.68e+08,12,125000,1,0,11.9728,-19381.6,0,-132.532,-137,1.58106
43483, 489.51, 27, -1,-1,-1,50.9263,3.96498,0.019953,8.68e+08,12,125000,1,0,13.893,-9247.23,0,-130.97,-137,1.58106
43500, 490.31, 35, -1,-1,-1,44.8964,23.9506,0.019953,8.68e+08,11,125000,1,0,-3.78645,-7345.14,0,-136.671,-135,0.790528
43507, 490.553, 19, -1,-1,-1,38.0115,0.007687,0.015849,8.68e+08,10,125000,1,0,8.47067,7014.07,0,-133.606,-133,0.436224
43509, 490.555, 26, -1,-1,-1,48.2338,8.18102,0.015849,8.68e+08,11,125000,1,0,8.65227,-6893.31,0,-133.555,-135,0.790528
43541, 491.329, 9, -1,-1,-1,38.2779,25.7475,0.015849,8.68e+08,11,125000,1,0,-7.46283,-4001.5,0,-138.868,-135,0.790528
43543, 491.335, 49, -1,-1,-1,45.6929,9.55674,0.015849,8.68e+08,10,125000,1,0,6.30682,-4698.05,0,-134.305,-133,0.436224
43551, 491.427, 3, -1,-1,-1,38.8081,-3.66631,0.019953,8.68e+08,11,125000,1,0,12.442,8810.26,1,-131.389,-135,0.790528
43553, 491.563, 7, -1,-1,-1,48.8156,14.5218,0.025119,8.68e+08,10,125000,1,0,3.51373,-8621.68,0,-133.226,-133,0.436224
43555, 491.599, 38, -1,-1,-1,46.6172,18.1503,0.019953,8.68e+08,11,125000,1,0,0.305276,-7459.34,0,-135.3,-135,0.790528
43562, 491.799, 33, -1,-1,-1,48.5351,16.7675,0.019953,8.68e+08,10,125000,1,0,1.82865,-8737.98,0,-134.789,-133,0.436224
43564, 491.802, 47, -1,-1,-1,60.7806,1.83536,0.015849,8.68e+08,11,125000,1,0,10.5039,-18322,0,-132.977,-135,0.790528
43571, 492.047, 16, -1,-1,-1,42.7786,6.94506,0.019953,8.68e+08,10,125000,1,0,6.86488,-1013.16,0,-133.123,-133,0.436224
43589, 492.423, 56, -1,-1,-1,34.5758,13.0619,0.019953,8.68e+08,12,125000,1,0,-2.63147,2439.27,1,-136.278,-137,1.58106
43597, 492.653, 21, -1,-1,-1,40.7647,-7.46535,0.025119,8.68e+08,10,125000,1,0,19.4572,9823.92,1,-128.454,-133,0.436224
43599, 492.694, 4, -1,-1,-1,42.7292,12.7851,0.025119,8.68e+08,11,125000,1,0,2.28996,-3102.62,0,-133.632,-135,0.790528
43601, 492.845, 57, -1,-1,-1,36.1272,33.7657,0.019953,8.68e+08,10,125000,1,0,-12.2524,-5117.95,0,-139.35,-133,0.436224
43608, 492.978, 1, -1,-1,-1,49.3743,3.30528,0.015849,8.68e+08,11,125000,1,0,14.1825,-7540.09,0,-131.886,-135,0.790528
43615, 493.345, 36, -1,-1,-1,42.8721,21.2682,0.025119,8.68e+08,11,125000,1,0,-3.08635,-5606.29,0,-135.436,-135,0.790528
43622, 493.696, 13, -1,-1,-1,57.1683,-5.07194,0.015849,8.68e+08,11,125000,1,0,20.4326,-17170.8,0,-130.21,-135,0.790528
43624, 493.939, 11, -1,-1,-1,55.1052,36.446,0.025119,8.68e+08,11,125000,1,0,-7.54207,-14349.8,0,-136.901,-135,0.790528
43636, 494.17, 8, -1,-1,-1,60.9564,9.93245,0.015849,8.68e+08,11,125000,1,0,5.38326,-17697.2,0,-134.607,-135,0.790528
43638, 494.453, 25, -1,-1,-1,47.4666,6.98245,0.025119,8.68e+08,10,125000,1,0,9.38745,-6122.26,0,-131.323,-133,0.436224
43645, 494.6, 51, -1,-1,-1,42.2294,28.194,0.015849,8.68e+08,10,125000,1,0,-7.14165,-6857.09,0,-138.768,-133,0.436224
43647, 494.981, 59, -1,-1,-1,70.3446,16.3551,0.019953,8.68e+08,10,125000,1,0,-2.13504,-19825.1,0,-136.121,-133,0.436224
43669, 495.708, 43, -1,-1,-1,55.2559,26.0605,0.025119,8.68e+08,10,125000,1,0,-2.70272,-14116.2,0,-135.312,-133,0.436224
43676, 496.173, 37, -1,-1,-1,40.6397,25.2461,0.019953,8.68e+08,10,125000,1,0,-6.25556,-5376.9,0,-137.48,-133,0.436224
43678, 496.255, 32, -1,-1,-1,50.6742,17.0701,0.019953,8.68e+08,11,125000,1,0,1.99475,-10661,0,-134.733,-135,0.790528
43685, 496.489, 34, -1,-1,-1,47.8921,18.1051,0.019953,8.68e+08,11,125000,1,0,0.619183,-8667.33,0,-135.194,-135,0.790528
43692, 496.699, 39, -1,-1,-1,44.7388,20.1372,0.015849,8.68e+08,10,125000,1,0,-1.74512,-6782.35,0,-136.988,-133,0.436224
43694, 497.082, 55, -1,-1,-1,29.3409,-14.2582,0.025119,8.68e+08,12,125000,1,0,4.67091,18305.6,0,-132.825,-137,1.58106
43721, 497.858, 30, -1,-1,-1,50.4166,22.3874,0.025119,8.68e+08,10,125000,1,0,-1.4694,-11053.6,0,-134.897,-133,0.436224
43723, 498.036, 0, -1,-1,-1,51.6007,-2.3004,0.025119,8.68e+08,11,125000,1,0,22.0855,-10693.1,0,-127.806,-135,0.790528
43735, 498.145, 17, -1,-1,-1,49.9949,1.85453,0.025119,8.68e+08,11,125000,1,0,15.9043,-8620.35,0,-129.401,-135,0.790528
43738, 498.188, 18, -1,-1,-1,41.6718,4.40735,0.025119,8.68e+08,12,125000,1,0,8.28945,789.448,1,-131.666,-137,1.58106
43745, 498.525, 29, -1,-1,-1,51.2316,20.2503,0.019953,8.68e+08,11,125000,1,0,-0.037271,-11436.1,0,-135.416,-135,0.790528
43747, 498.526, 24, -1,-1,-1,49.1334,13.5818,0.015849,8.68e+08,10,125000,1,0,4.07409,-9161.71,0,-135.039,-133,0.436224
43749, 498.554, 44, -1,-1,-1,48.915,29.8997,0.015849,8.68e+08,10,125000,1,0,-5.9449,-10954.3,0,-138.382,-133,0.436224
43751, 498.804, 6, -1,-1,-1,57.9389,19.5301,0.019953,8.68e+08,12,125000,1,0,0.675707,-15670.1,0,-135.176,-137,1.58106
43758, 499.164, 52, -1,-1,-1,38.853,34.58,0.019953,8.68e+08,11,125000,1,0,-11.6129,-6704.42,0,-139.16,-135,0.790528
43761, 499.253, 15, -1,-1,-1,46.2746,7.09545,0.019953,8.68e+08,10,125000,1,0,8.63341,-5214.58,1,-132.559,-133,0.436224
43774, 499.872, 22, -1,-1,-1,51.0484,10.8218,0.025119,8.68e+08,10,125000,1,0,6.5644,-10690.2,1,-132.222,-133,0.436224
43796, 500.341, 14, -1,-1,-1,53.9616,-4.16799,0.025119,8.68e+08,10,125000,1,0,22.9706,-14338.2,0,-127.596,-133,0.436224
43798, 500.471, 28, -1,-1,-1,54.4004,13.1066,0.019953,8.68e+08,10,125000,1,0,4.82967,-13438.5,0,-133.789,-133,0.436224
43801, 500.522, 54, -1,-1,-1,31.4019,-15.4743,0.015849,8.68e+08,11,125000,1,0,7.80956,18454.5,1,-133.807,-135,0.790528
43938, 501.458, 46, -1,-1,-1,54.0139,24.7077,0.019953,8.68e+08,11,125000,1,0,-2.32624,-13385.9,0,-136.185,-135,0.790528
43950, 501.72, 31, -1,-1,-1,55.2698,20.8384,0.019953,8.68e+08,12,125000,1,0,-0.08757,-14029.8,0,-135.433,-137,1.58106
43957, 501.781, 45, -1,-1,-1,49.1516,25.5874,0.025119,8.68e+08,12,125000,1,0,-3.6646,-10528.4,0,-135.631,-137,1.58106
43959, 501.82, 50, -1,-1,-1,39.8689,16.152,0.019953,8.68e+08,11,125000,1,0,-1.47108,-2448.78,0,-135.893,-135,0.790528
43966, 501.918, 49, -1,-1,-1,45.6929,9.55674,0.015849,8.68e+08,10,125000,1,0,6.08704,-5282.17,0,-134.375,-133,0.436224
43968, 501.978, 40, -1,-1,-1,59.1236,25.6898,0.015849,8.68e+08,10,125000,1,0,-2.69927,-16075.7,0,-137.31,-133,0.436224
43970, 502.204, 7, -1,-1,-1,48.8156,14.5218,0.025119,8.68e+08,10,125000,1,0,3.17404,-9056.16,0,-133.337,-133,0.436224
43977, 502.352, 48, -1,-1,-1,56.6076,12.8569,0.015849,8.68e+08,10,125000,1,0,4.59884,-15094.8,0,-134.865,-133,0.436224
43979, 503.012, 27, -1,-1,-1,50.9263,3.96498,0.019953,8.68e+08,12,125000,1,0,13.1103,-10109.8,0,-131.196,-137,1.58106
43991, 503.679, 10, -1,-1,-1,29.0987,31.7557,0.015849,8.68e+08,10,125000,1,0,-14.4789,-1941.25,0,-140.992,-133,0.436224
43993, 503.807, 56, -1,-1,-1,34.5758,13.0619,0.019953,8.68e+08,12,125000,1,0,-2.56307,1996.72,0,-136.255,-137,1.58106
44006, 504.149, 13, -1,-1,-1,57.1683,-5.07194,0.015849,8.68e+08,11,125000,1,0,18.9409,-17412.3,1,-130.587,-135,0.790528
44013, 504.474, 16, -1,-1,-1,42.7786,6.94506,0.019953,8.68e+08,10,125000,1,0,6.78661,-1793.21,0,-133.147,-133,0.436224
44015, 504.484, 33, -1,-1,-1,48.5351,16.7675,0.019953,8.68e+08,10,125000,1,0,1.44647,-9238.94,0,-134.916,-133,0.436224
44022, 505.166, 5, -1,-1,-1,53.0128,4.81756,0.019953,8.68e+08,10,125000,1,0,11.7355,-12636.1,0,-131.603,-133,0.436224
44030, 505.613, 20, -1,-1,-1,39.7553,-9.35268,0.019953,8.68e+08,10,125000,1,0,20.5705,11374,1,-129.171,-133,0.436224
44032, 505.853, 2, -1,-1,-1,52.1594,14.5236,0.019953,8.68e+08,12,125000,1,0,3.60852,-11917.1,0,-134.193,-137,1.58106
44054, 506.92, 9, -1,-1,-1,38.2779,25.7475,0.015849,8.68e+08,11,125000,1,0,-7.62786,-4497.84,0,-138.92,-135,0.790528
44057, 506.94, 47, -1,-1,-1,60.7806,1.83536,0.015849,8.68e+08,11,125000,1,0,9.138,-18516.6,1,-133.398,-135,0.790528
44059, 507.277, 19, -1,-1,-1,38.0115,0.007687,0.015849,8.68e+08,10,125000,1,0,8.96319,5934.63,0,-133.449,-133,0.436224
44072, 508.285, 55, -1,-1,-1,29.3409,-14.2582,0.025119,8.68e+08,12,125000,1,0,5.4584,18238,1,-132.565,-137,1.58106
44084, 508.628, 4, -1,-1,-1,42.7292,12.7851,0.025119,8.68e+08,11,125000,1,0,2.09527,-3937.74,0,-133.695,-135,0.790528
44086, 508.683, 32, -1,-1,-1,50.6742,17.0701,0.019953,8.68e+08,11,125000,1,0,1.54141,-11091,0,-134.884,-135,0.790528
44094, 509.204, 3, -1,-1,-1,38.8081,-3.66631,0.019953,8.68e+08,11,125000,1,0,13.2649,7545.46,1,-131.145,-135,0.790528
44101, 509.987, 35, -1,-1,-1,44.8964,23.9506,0.019953,8.68e+08,11,125000,1,0,-4.19971,-8053.53,0,-136.806,-135,0.790528
44103, 509.997, 58, -1,-1,-1,62.6808,-4.27248,0.015849,8.68e+08,12,125000,1,0,9.86612,-19580.4,0,-133.17,-137,1.58106
44120, 510.455, 37, -1,-1,-1,40.6397,25.2461,0.019953,8.68e+08,10,125000,1,0,-6.45897,-5829.67,0,-137.545,-133,0.436224
44127, 510.592, 28, -1,-1,-1,54.4004,13.1066,0.019953,8.68e+08,10,125000,1,0,4.304,-13874.6,0,-133.961,-133,0.436224
44149, 511.144, 12, -1,-1,-1,53.1839,-3.87715,0.019953,8.68e+08,12,125000,1,0,22.101,-13843.8,0,-128.8,-137,1.58106
44151, 511.192, 29, -1,-1,-1,51.2316,20.2503,0.019953,8.68e+08,11,125000,1,0,-0.491438,-11807.1,0,-135.567,-135,0.790528
44153, 511.335, 1, -1,-1,-1,49.3743,3.30528,0.015849,8.68e+08,11,125000,1,0,13.2725,-8890.9,0,-132.147,-135,0.790528
44160, 511.464, 57, -1,-1,-1,36.1272,33.7657,0.019953,8.68e+08,10,125000,1,0,-12.4756,-5589.78,0,-139.415,-133,0.436224
44162, 511.467, 0, -1,-1,-1,51.6007,-2.3004,0.025119,8.68e+08,11,125000,1,0,20.7297,-11699.8,0,-128.134,-135,0.790528
44175, 511.546, 21, -1,-1,-1,40.7647,-7.46535,0.025119,8.68e+08,10,125000,1,0,20.8827,8169.5,1,-128.094,-133,0.436224
44177, 511.75, 17, -1,-1,-1,49.9949,1.85453,0.025119,8.68e+08,11,125000,1,0,15.0867,-9591.01,0,-129.627,-135,0.790528
44189, 511.975, 42, -1,-1,-1,55.9659,22.2357,0.019953,8.68e+08,10,125000,1,0,-1.35035,-14805.3,0,-135.856,-133,0.436224
44201, 512.18, 11, -1,-1,-1,55.1052,36.446,0.025119,8.68e+08,11,125000,1,0,-8.18607,-14625.8,0,-137.105,-135,0.790528
44208, 512.309, 36, -1,-1,-1,42.8721,21.2682,0.025119,8.68e+08,11,125000,1,0,-3.40307,-6357.75,0,-135.54,-135,0.790528
44215, 512.405, 51, -1,-1,-1,42.2294,28.194,0.015849,8.68e+08,10,125000,1,0,-7.45599,-7400.69,0,-138.867,-133,0.436224
44217, 512.574, 26, -1,-1,-1,48.2338,8.18102,0.015849,8.68e+08,11,125000,1,0,7.89105,-8283.56,0,-133.793,-135,0.790528
44224, 512.733, 41, -1,-1,-1,57.7942,23.9073,0.019953,8.68e+08,10,125000,1,0,-2.28116,-15754.6,0,-136.169,-133,0.436224
44226, 512.775, 38, -1,-1,-1,46.6172,18.1503,0.019953,8.68e+08,11,125000,1,0,-0.221045,-8385.21,0,-135.475,-135,0.790528
44238, 513.179, 23, -1,-1,-1,52.3551,9.17867,0.015849,8.68e+08,11,125000,1,0,7.34366,-12379.3,0,-133.969,-135,0.790528
44240, 513.379, 34, -1,-1,-1,47.8921,18.1051,0.019953,8.68e+08,11,125000,1,0,0.137294,-9347.51,0,-135.355,-135,0.790528
44247, 513.454, 53, -1,-1,-1,65.3284,-19.1561,0.025119,8.68e+08,10,125000,1,0,8.39891,-19199.8,0,-131.629,-133,0.436224
44249, 513.585, 22, -1,-1,-1,51.0484,10.8218,0.025119,8.68e+08,10,125000,1,0,5.94742,-11294.2,0,-132.421,-133,0.436224
44252, 513.64, 18, -1,-1,-1,41.6718,4.40735,0.025119,8.68e+08,12,125000,1,0,8.30394,-286.83,1,-131.66,-137,1.58106
44264, 513.85, 15, -1,-1,-1,46.2746,7.09545,0.019953,8.68e+08,10,125000,1,0,8.25419,-6150.04,0,-132.677,-133,0.436224
44271, 514.56, 8, -1,-1,-1,60.9564,9.93245,0.015849,8.68e+08,11,125000,1,0,3.99921,-18015.5,0,-135.061,-135,0.790528
44273, 514.578, 46, -1,-1,-1,54.0139,24.7077,0.019953,8.68e+08,11,125000,1,0,-2.83435,-13817.5,0,-136.354,-135,0.790528
44275, 514.97, 24, -1,-1,-1,49.1334,13.5818,0.015849,8.68e+08,10,125000,1,0,3.50153,-9910.16,0,-135.227,-133,0.436224
44292, 515.739, 59, -1,-1,-1,70.3446,16.3551,0.019953,8.68e+08,10,125000,1,0,-3.29506,-19850.5,0,-136.506,-133,0.436224
44310, 516.297, 13, -1,-1,-1,57.1683,-5.07194,0.015849,8.68e+08,11,125000,1,0,17.3123,-17902,1,-131.013,-135,0.790528
44312, 516.319, 40, -1,-1,-1,59.1236,25.6898,0.015849,8.68e+08,10,125000,1,0,-3.35153,-16418.8,0,-137.526,-133,0.436224
44319, 516.581, 25, -1,-1,-1,47.4666,6.98245,0.025119,8.68e+08,10,125000,1,0,8.6716,-7603.58,0,-131.545,-133,0.436224
44321, 516.598, 14, -1,-1,-1,53.9616,-4.16799,0.025119,8.68e+08,10,125000,1,0,20.7601,-15230.9,0,-128.125,-133,0.436224
44334, 516.769, 2, -1,-1,-1,52.1594,14.5236,0.019953,8.68e+08,12,125000,1,0,3.13076,-12424.5,1,-134.351,-137,1.58106
44336, 516.92, 10, -1,-1,-1,29.0987,31.7557,0.015849,8.68e+08,10,125000,1,0,-14.542,-2393.75,0,-141.009,-133,0.436224
44338, 517.19, 43, -1,-1,-1,55.2559,26.0605,0.025119,8.68e+08,10,125000,1,0,-3.56024,-14595.7,0,-135.595,-133,0.436224
44345, 517.544, 52, -1,-1,-1,38.853,34.58,0.019953,8.68e+08,11,125000,1,0,-11.8985,-7156.29,0,-139.245,-135,0.790528
44347, 517.878, 30, -1,-1,-1,50.4166,22.3874,0.025119,8.68e+08,10,125000,1,0,-2.132,-11699,0,-135.118,-133,0.436224
44354, 518.623, 39, -1,-1,-1,44.7388,20.1372,0.015849,8.68e+08,10,125000,1,0,-2.2044,-7689.61,0,-137.14,-133,0.436224
44386, 520.705, 56, -1,-1,-1,34.5758,13.0619,0.019953,8.68e+08,12,125000,1,0,-2.49177,1102.39,0,-136.23,-137,1.58106
44403, 520.927, 45, -1,-1,-1,49.1516,25.5874,0.025119,8.68e+08,12,125000,1,0,-4.23252,-11257.5,0,-135.818,-137,1.58106
44405, 520.965, 50, -1,-1,-1,39.8689,16.152,0.019953,8.68e+08,11,125000,1,0,-1.64141,-3330.59,0,-135.949,-135,0.790528
44407, 520.981, 48, -1,-1,-1,56.6076,12.8569,0.015849,8.68e+08,10,125000,1,0,3.53523,-15577.2,0,-135.215,-133,0.436224
44409, 521.197, 29, -1,-1,-1,51.2316,20.2503,0.019953,8.68e+08,11,125000,1,0,-0.856001,-12046.8,0,-135.689,-135,0.790528
44411, 521.234, 44, -1,-1,-1,48.915,29.8997,0.015849,8.68e+08,10,125000,1,0,-6.59026,-11396.2,0,-138.59,-133,0.436224
44423, 521.712, 5, -1,-1,-1,53.0128,4.81756,0.019953,8.68e+08,10,125000,1,0,10.5965,-13408,0,-131.946,-133,0.436224
44425, 521.868, 6, -1,-1,-1,57.9389,19.5301,0.019953,8.68e+08,12,125000,1,0,-0.468854,-15986.7,0,-135.559,-137,1.58106
44432, 522.384, 49, -1,-1,-1,45.6929,9.55674,0.015849,8.68e+08,10,125000,1,0,5.59163,-6511.19,0,-134.535,-133,0.436224
44434, 522.454, 58, -1,-1,-1,62.6808,-4.27248,0.015849,8.68e+08,12,125000,1,0,8.70096,-19593.8,0,-133.533,-137,1.58106
44436, 522.503, 27, -1,-1,-1,50.9263,3.96498,0.019953,8.68e+08,12,125000,1,0,11.9209,-11308.9,0,-131.545,-137,1.58106
44458, 523.181, 7, -1,-1,-1,48.8156,14.5218,0.025119,8.68e+08,10,125000,1,0,2.46611,-10006.9,0,-133.572,-133,0.436224
44460, 523.185, 31, -1,-1,-1,55.2698,20.8384,0.019953,8.68e+08,12,125000,1,0,-1.03069,-14571.1,0,-135.748,-137,1.58106
44463, 523.448, 54, -1,-1,-1,31.4019,-15.4743,0.015849,8.68e+08,11,125000,1,0,9.75005,18262.2,1,-133.194,-135,0.790528
44466, 523.522, 20, -1,-1,-1,39.7553,-9.35268,0.019953,8.68e+08,10,125000,1,0,22.2648,9900.91,1,-128.756,-133,0.436224
44483, 523.88, 36, -1,-1,-1,42.8721,21.2682,0.025119,8.68e+08,11,125000,1,0,-3.61381,-6738.43,0,-135.61,-135,0.790528
44486, 523.993, 53, -1,-1,-1,65.3284,-19.1561,0.025119,8.68e+08,10,125000,1,0,7.49724,-19185,1,-131.914,-133,0.436224
44493, 524.18, 16, -1,-1,-1,42.7786,6.94506,0.019953,8.68e+08,10,125000,1,0,6.57478,-3103.37,0,-133.213,-133,0.436224
44495, 524.931, 35, -1,-1,-1,44.8964,23.9506,0.019953,8.68e+08,11,125000,1,0,-4.53441,-8526.99,0,-136.916,-135,0.790528
44498, 525.385, 12, -1,-1,-1,53.1839,-3.87715,0.019953,8.68e+08,12,125000,1,0,20.2843,-14629.7,1,-129.242,-137,1.58106
44515, 526.003, 33, -1,-1,-1,48.5351,16.7675,0.019953,8.68e+08,10,125000,1,0,0.761387,-10139.1,0,-135.144,-133,0.436224
44522, 526.215, 42, -1,-1,-1,55.9659,22.2357,0.019953,8.68e+08,10,125000,1,0,-1.9746,-15060.1,0,-136.064,-133,0.436224
44524, 526.288, 38, -1,-1,-1,46.6172,18.1503,0.019953,8.68e+08,11,125000,1,0,-0.581481,-8886.44,0,-135.595,-135,0.790528
44536, 526.931, 4, -1,-1,-1,42.7292,12.7851,0.025119,8.68e+08,11,125000,1,0,1.81736,-4891.77,0,-133.787,-135,0.790528
44538, 527.148, 57, -1,-1,-1,36.1272,33.7657,0.019953,8.68e+08,10,125000,1,0,-12.6783,-5947.65,0,-139.475,-133,0.436224
44545, 527.582, 9, -1,-1,-1,38.2779,25.7475,0.015849,8.68e+08,11,125000,1,0,-7.87624,-5190.51,0,-138.999,-135,0.790528
44567, 528.047, 37, -1,-1,-1,40.6397,25.2461,0.019953,8.68e+08,10,125000,1,0,-6.73212,-6405.87,0,-137.632,-133,0.436224
44574, 528.316, 1, -1,-1,-1,49.3743,3.30528,0.015849,8.68e+08,11,125000,1,0,12.3488,-10012.7,0,-132.416,-135,0.790528
44576, 528.33, 28, -1,-1,-1,54.4004,13.1066,0.019953,8.68e+08,10,125000,1,0,3.38277,-14415.8,0,-134.265,-133,0.436224
44578, 528.724, 47, -1,-1,-1,60.7806,1.83536,0.015849,8.68e+08,11,125000,1,0,7.29949,-18819.3,0,-133.979,-135,0.790528
44581, 528.883, 3, -1,-1,-1,38.8081,-3.66631,0.019953,8.68e+08,11,125000,1,0,14.0496,6001.28,1,-130.915,-135,0.790528
44594, 529.488, 55, -1,-1,-1,29.3409,-14.2582,0.025119,8.68e+08,12,125000,1,0,7.01345,17897.6,1,-132.058,-137,1.58106
44621, 529.957, 24, -1,-1,-1,49.1334,13.5818,0.015849,8.68e+08,10,125000,1,0,2.9543,-10530.7,0,-135.408,-133,0.436224
44623, 530.015, 26, -1,-1,-1,48.2338,8.18102,0.015849,8.68e+08,11,125000,1,0,7.21932,-9264.04,0,-134.006,-135,0.790528
44625, 530.055, 25, -1,-1,-1,47.4666,6.98245,0.025119,8.68e+08,10,125000,1,0,8.17884,-8380.58,0,-131.699,-133,0.436224
44632, 530.181, 59, -1,-1,-1,70.3446,16.3551,0.019953,8.68e+08,10,125000,1,0,-4.07736,-19802.8,0,-136.765,-133,0.436224
44634, 530.207, 19, -1,-1,-1,38.0115,0.007687,0.015849,8.68e+08,10,125000,1,0,9.50944,4299.29,0,-133.276,-133,0.436224
44637, 530.274, 0, -1,-1,-1,51.6007,-2.3004,0.025119,8.68e+08,11,125000,1,0,18.8016,-12998.1,1,-128.619,-135,0.790528
44644, 530.518, 51, -1,-1,-1,42.2294,28.194,0.015849,8.68e+08,10,125000,1,0,-7.79779,-7932.66,0,-138.976,-133,0.436224
44646, 530.532, 34, -1,-1,-1,47.8921,18.1051,0.019953,8.68e+08,11,125000,1,0,-0.379171,-9996.71,0,-135.527,-135,0.790528
44648, 530.932, 30, -1,-1,-1,50.4166,22.3874,0.025119,8.68e+08,10,125000,1,0,-2.57499,-12033.9,0,-135.265,-133,0.436224
44665, 531.633, 41, -1,-1,-1,57.7942,23.9073,0.019953,8.68e+08,10,125000,1,0,-3.13083,-16063.6,0,-136.451,-133,0.436224
44668, 531.733, 21, -1,-1,-1,40.7647,-7.46535,0.025119,8.68e+08,10,125000,1,0,22.1846,6160.88,1,-127.775,-133,0.436224
44685, 532.363, 22, -1,-1,-1,51.0484,10.8218,0.025119,8.68e+08,10,125000,1,0,5.07699,-12106.5,0,-132.703,-133,0.436224
44687, 532.524, 2, -1,-1,-1,52.1594,14.5236,0.019953,8.68e+08,12,125000,1,0,2.4319,-12949.6,0,-134.582,-137,1.58106
44689, 532.612, 17, -1,-1,-1,49.9949,1.85453,0.025119,8.68e+08,11,125000,1,0,13.7429,-11021.9,0,-130.007,-135,0.790528
44701, 532.75, 32, -1,-1,-1,50.6742,17.0701,0.019953,8.68e+08,11,125000,1,0,0.634047,-11997.4,0,-135.186,-135,0.790528
44708, 533.118, 15, -1,-1,-1,46.2746,7.09545,0.019953,8.68e+08,10,125000,1,0,7.67089,-7369.78,0,-132.86,-133,0.436224
44716, 533.222, 14, -1,-1,-1,53.9616,-4.16799,0.025119,8.68e+08,10,125000,1,0,18.6251,-15985.3,1,-128.664,-133,0.436224
44719, 533.47, 13, -1,-1,-1,57.1683,-5.07194,0.015849,8.68e+08,11,125000,1,0,15.1837,-18284.4,1,-131.594,-135,0.790528
44731, 534.011, 46, -1,-1,-1,54.0139,24.7077,0.019953,8.68e+08,11,125000,1,0,-3.5919,-14251.1,0,-136.604,-135,0.790528
44738, 534.401, 39, -1,-1,-1,44.7388,20.1372,0.015849,8.68e+08,10,125000,1,0,-2.56392,-8265.75,0,-137.259,-133,0.436224
44751, 535.098, 54, -1,-1,-1,31.4019,-15.4743,0.015849,8.68e+08,11,125000,1,0,10.7977,17930.3,1,-132.87,-135,0.790528
44763, 535.462, 45, -1,-1,-1,49.1516,25.5874,0.025119,8.68e+08,12,125000,1,0,-4.67595,-11620.1,0,-135.963,-137,1.58106
44770, 535.623, 8, -1,-1,-1,60.9564,9.93245,0.015849,8.68e+08,11,125000,1,0,2.63354,-18294.3,0,-135.513,-135,0.790528
44778, 535.676, 20, -1,-1,-1,39.7553,-9.35268,0.019953,8.68e+08,10,125000,1,0,23.3455,8620.43,1,-128.5,-133,0.436224
44785, 535.92, 49, -1,-1,-1,45.6929,9.55674,0.015849,8.68e+08,10,125000,1,0,5.21783,-7390.93,0,-134.656,-133,0.436224
44797, 536.066, 48, -1,-1,-1,56.6076,12.8569,0.015849,8.68e+08,10,125000,1,0,2.68727,-16062.7,0,-135.496,-133,0.436224
44804, 536.156, 27, -1,-1,-1,50.9263,3.96498,0.019953,8.68e+08,12,125000,1,0,11.0604,-12189.6,0,-131.802,-137,1.58106
44806, 536.218, 11, -1,-1,-1,55.1052,36.446,0.025119,8.68e+08,11,125000,1,0,-9.03861,-15007.1,0,-137.372,-135,0.790528
44808, 536.37, 5, -1,-1,-1,53.0128,4.81756,0.019953,8.68e+08,10,125000,1,0,9.58993,-14174.1,0,-132.254,-133,0.436224
44810, 536.868, 38, -1,-1,-1,46.6172,18.1503,0.019953,8.68e+08,11,125000,1,0,-0.875705,-9386.4,0,-135.693,-135,0.790528
44822, 537.269, 56, -1,-1,-1,34.5758,13.0619,0.019953,8.68e+08,12,125000,1,0,-2.45737,376.468,0,-136.217,-137,1.58106
44829, 537.513, 18, -1,-1,-1,41.6718,4.40735,0.025119,8.68e+08,12,125000,1,0,8.17428,-2030.7,0,-131.698,-137,1.58106
44831, 537.555, 44, -1,-1,-1,48.915,29.8997,0.015849,8.68e+08,10,125000,1,0,-7.06775,-11927.6,0,-138.743,-133,0.436224
44838, 537.79, 10, -1,-1,-1,29.0987,31.7557,0.015849,8.68e+08,10,125000,1,0,-14.6602,-2916.7,0,-141.043,-133,0.436224
44841, 537.846, 23, -1,-1,-1,52.3551,9.17867,0.015849,8.68e+08,11,125000,1,0,6.01174,-13439.5,1,-134.396,-135,0.790528
44849, 538.37, 53, -1,-1,-1,65.3284,-19.1561,0.025119,8.68e+08,10,125000,1,0,6.32256,-19444.4,1,-132.291,-133,0.436224
44862, 539.327, 6, -1,-1,-1,57.9389,19.5301,0.019953,8.68e+08,12,125000,1,0,-1.32298,-16442.5,1,-135.844,-137,1.58106
44869, 539.476, 50, -1,-1,-1,39.8689,16.152,0.019953,8.68e+08,11,125000,1,0,-1.85155,-4314.62,0,-136.018,-135,0.790528
44877, 539.711, 47, -1,-1,-1,60.7806,1.83536,0.015849,8.68e+08,11,125000,1,0,6.42292,-19043.2,1,-134.26,-135,0.790528
44879, 539.936, 40, -1,-1,-1,59.1236,25.6898,0.015849,8.68e+08,10,125000,1,0,-4.41389,-16768.3,0,-137.876,-133,0.436224
44881, 540.186, 36, -1,-1,-1,42.8721,21.2682,0.025119,8.68e+08,11,125000,1,0,-3.93181,-7479.46,0,-135.714,-135,0.790528
44898, 540.816, 42, -1,-1,-1,55.9659,22.2357,0.019953,8.68e+08,10,125000,1,0,-2.61301,-15298.6,0,-136.277,-133,0.436224
44905, 541.142, 57, -1,-1,-1,36.1272,33.7657,0.019953,8.68e+08,10,125000,1,0,-12.8701,-6237.6,0,-139.53,-133,0.436224
44907, 541.16, 43, -1,-1,-1,55.2559,26.0605,0.025119,8.68e+08,10,125000,1,0,-4.51972,-14917.2,0,-135.911,-133,0.436224
44929, 541.614, 59, -1,-1,-1,70.3446,16.3551,0.019953,8.68e+08,10,125000,1,0,-4.68358,-19719.1,0,-136.964,-133,0.436224
44931, 541.765, 52, -1,-1,-1,38.853,34.58,0.019953,8.68e+08,11,125000,1,0,-12.3013,-7601.15,0,-139.364,-135,0.790528
44933, 541.916, 7, -1,-1,-1,48.8156,14.5218,0.025119,8.68e+08,10,125000,1,0,1.79779,-10769.7,0,-133.793,-133,0.436224
44935, 542.01, 35, -1,-1,-1,44.8964,23.9506,0.019953,8.68e+08,11,125000,1,0,-4.937,-9063.33,0,-137.047,-135,0.790528
44938, 542.036, 4, -1,-1,-1,42.7292,12.7851,0.025119,8.68e+08,11,125000,1,0,1.54703,-5624.53,1,-133.876,-135,0.790528
44965, 542.629, 30, -1,-1,-1,50.4166,22.3874,0.025119,8.68e+08,10,125000,1,0,-2.97812,-12296.1,0,-135.398,-133,0.436224
44977, 542.886, 41, -1,-1,-1,57.7942,23.9073,0.019953,8.68e+08,10,125000,1,0,-3.63307,-16158.5,0,-136.617,-133,0.436224
44979, 543.128, 29, -1,-1,-1,51.2316,20.2503,0.019953,8.68e+08,11,125000,1,0,-1.67003,-12716.6,0,-135.96,-135,0.790528
44986, 543.23, 0, -1,-1,-1,51.6007,-2.3004,0.025119,8.68e+08,11,125000,1,0,17.4809,-13702.5,0,-128.964,-135,0.790528
44988, 543.309, 24, -1,-1,-1,49.1334,13.5818,0.015849,8.68e+08,10,125000,1,0,2.44979,-11027.9,0,-135.575,-133,0.436224
44995, 543.913, 55, -1,-1,-1,29.3409,-14.2582,0.025119,8.68e+08,12,125000,1,0,8.12378,17683.8,0,-131.701,-137,1.58106
44997, 543.945, 34, -1,-1,-1,47.8921,18.1051,0.019953,8.68e+08,11,125000,1,0,-0.799617,-10438.1,0,-135.667,-135,0.790528
44999, 544.465, 12, -1,-1,-1,53.1839,-3.87715,0.019953,8.68e+08,12,125000,1,0,17.9641,-15570.5,0,-129.835,-137,1.58106
45012, 544.925, 14, -1,-1,-1,53.9616,-4.16799,0.025119,8.68e+08,10,125000,1,0,17.202,-16368.7,1,-129.038,-133,0.436224
45019, 545.056, 58, -1,-1,-1,62.6808,-4.27248,0.015849,8.68e+08,12,125000,1,0,6.73574,-19752,0,-134.157,-137,1.58106
45021, 545.155, 33, -1,-1,-1,48.5351,16.7675,0.019953,8.68e+08,10,125000,1,0,0.118825,-10859.2,0,-135.358,-133,0.436224
45038, 545.819, 28, -1,-1,-1,54.4004,13.1066,0.019953,8.68e+08,10,125000,1,0,2.47819,-14886.5,0,-134.565,-133,0.436224
45040, 545.959, 37, -1,-1,-1,40.6397,25.2461,0.019953,8.68e+08,10,125000,1,0,-7.03451,-6973.14,0,-137.729,-133,0.436224
45043, 545.987, 26, -1,-1,-1,48.2338,8.18102,0.015849,8.68e+08,11,125000,1,0,6.56167,-10079.6,1,-134.216,-135,0.790528
45050, 546.58, 31, -1,-1,-1,55.2698,20.8384,0.019953,8.68e+08,12,125000,1,0,-2.05768,-15105.6,0,-136.09,-137,1.58106
45057, 546.946, 9, -1,-1,-1,38.2779,25.7475,0.015849,8.68e+08,11,125000,1,0,-8.13837,-5808.49,0,-139.081,-135,0.790528
45084, 547.456, 15, -1,-1,-1,46.2746,7.09545,0.019953,8.68e+08,10,125000,1,0,7.18375,-8180.1,0,-133.015,-133,0.436224
45086, 547.524, 25, -1,-1,-1,47.4666,6.98245,0.025119,8.68e+08,10,125000,1,0,7.48747,-9367.75,0,-131.917,-133,0.436224
45088, 547.736, 49, -1,-1,-1,45.6929,9.55674,0.015849,8.68e+08,10,125000,1,0,4.86484,-7968.08,0,-134.771,-133,0.436224
45095, 548.069, 32, -1,-1,-1,50.6742,17.0701,0.019953,8.68e+08,11,125000,1,0,0.040503,-12464,0,-135.384,-135,0.790528
45097, 548.31, 16, -1,-1,-1,42.7786,6.94506,0.019953,8.68e+08,10,125000,1,0,6.17685,-4689.68,0,-133.34,-133,0.436224
45099, 548.327, 2, -1,-1,-1,52.1594,14.5236,0.019953,8.68e+08,12,125000,1,0,1.723,-13428.6,0,-134.818,-137,1.58106
45106, 548.547, 56, -1,-1,-1,34.5758,13.0619,0.019953,8.68e+08,12,125000,1,0,-2.45422,-68.5837,0,-136.215,-137,1.58106
45109, 548.896, 21, -1,-1,-1,40.7647,-7.46535,0.025119,8.68e+08,10,125000,1,0,23.0366,4324.57,1,-127.571,-133,0.436224
45116, 550.143, 51, -1,-1,-1,42.2294,28.194,0.015849,8.68e+08,10,125000,1,0,-8.19135,-8495.35,0,-139.1,-133,0.436224
45143, 550.608, 48, -1,-1,-1,56.6076,12.8569,0.015849,8.68e+08,10,125000,1,0,1.88216,-16322.3,0,-135.764,-133,0.436224
45145, 550.665, 10, -1,-1,-1,29.0987,31.7557,0.015849,8.68e+08,10,125000,1,0,-14.7445,-3163.53,0,-141.066,-133,0.436224
45153, 550.819, 5, -1,-1,-1,53.0128,4.81756,0.019953,8.68e+08,10,125000,1,0,8.6065,-14680.8,1,-132.56,-133,0.436224
45276, 551.113, 3, -1,-1,-1,38.8081,-3.66631,0.019953,8.68e+08,11,125000,1,0,14.7353,4094.53,1,-130.717,-135,0.790528
45278, 551.464, 13, -1,-1,-1,57.1683,-5.07194,0.015849,8.68e+08,11,125000,1,0,13.1449,-18611.5,0,-132.175,-135,0.790528
45280, 552.004, 6, -1,-1,-1,57.9389,19.5301,0.019953,8.68e+08,12,125000,1,0,-1.93612,-16579.2,0,-136.048,-137,1.58106
45303, 552.988, 1, -1,-1,-1,49.3743,3.30528,0.015849,8.68e+08,11,125000,1,0,10.9126,-11530.8,1,-132.844,-135,0.790528
45320, 553.382, 19, -1,-1,-1,38.0115,0.007687,0.015849,8.68e+08,10,125000,1,0,9.88787,2557.36,0,-133.156,-133,0.436224
45322, 553.435, 24, -1,-1,-1,49.1334,13.5818,0.015849,8.68e+08,10,125000,1,0,2.05811,-11507.1,0,-135.705,-133,0.436224
45325, 553.647, 27, -1,-1,-1,50.9263,3.96498,0.019953,8.68e+08,12,125000,1,0,9.94125,-13035.6,1,-132.143,-137,1.58106
45327, 553.661, 39, -1,-1,-1,44.7388,20.1372,0.015849,8.68e+08,10,125000,1,0,-3.03227,-8965.57,0,-137.414,-133,0.436224
45329, 553.758, 36, -1,-1,-1,42.8721,21.2682,0.025119,8.68e+08,11,125000,1,0,-4.21411,-7917.44,0,-135.807,-135,0.790528
45336, 554.07, 52, -1,-1,-1,38.853,34.58,0.019953,8.68e+08,11,125000,1,0,-12.5169,-7999.56,0,-139.427,-135,0.790528
45348, 554.41, 22, -1,-1,-1,51.0484,10.8218,0.025119,8.68e+08,10,125000,1,0,4.02944,-12983.8,0,-133.046,-133,0.436224
45365, 555.031, 35, -1,-1,-1,44.8964,23.9506,0.019953,8.68e+08,11,125000,1,0,-5.25714,-9579.04,0,-137.151,-135,0.790528
45367, 555.048, 46, -1,-1,-1,54.0139,24.7077,0.019953,8.68e+08,11,125000,1,0,-4.41605,-14686.1,0,-136.876,-135,0.790528
45369, 555.102, 59, -1,-1,-1,70.3446,16.3551,0.019953,8.68e+08,10,125000,1,0,-5.38492,-19848,0,-137.194,-133,0.436224
45377, 555.473, 17, -1,-1,-1,49.9949,1.85453,0.025119,8.68e+08,11,125000,1,0,12.1965,-12392.6,1,-130.457,-135,0.790528
45379, 555.818, 54, -1,-1,-1,31.4019,-15.4743,0.015849,8.68e+08,11,125000,1,0,12.7761,17459.1,0,-132.275,-135,0.790528
45401, 556.534, 7, -1,-1,-1,48.8156,14.5218,0.025119,8.68e+08,10,125000,1,0,1.25728,-11449,0,-133.973,-133,0.436224
45409, 556.569, 20, -1,-1,-1,39.7553,-9.35268,0.019953,8.68e+08,10,125000,1,0,24.98,6409.46,1,-128.126,-133,0.436224
45412, 556.841, 18, -1,-1,-1,41.6718,4.40735,0.025119,8.68e+08,12,125000,1,0,7.93792,-3382.31,1,-131.771,-137,1.58106
45415, 556.907, 47, -1,-1,-1,60.7806,1.83536,0.015849,8.68e+08,11,125000,1,0,5.11161,-19177.5,1,-134.686,-135,0.790528
45417, 556.991, 43, -1,-1,-1,55.2559,26.0605,0.025119,8.68e+08,10,125000,1,0,-5.15342,-15326.6,0,-136.119,-133,0.436224
45429, 557.953, 45, -1,-1,-1,49.1516,25.5874,0.025119,8.68e+08,12,125000,1,0,-5.37982,-12225.4,0,-136.193,-137,1.58106
45431, 557.974, 42, -1,-1,-1,55.9659,22.2357,0.019953,8.68e+08,10,125000,1,0,-3.36007,-15752.2,0,-136.524,-133,0.436224
45443, 558.298, 29, -1,-1,-1,51.2316,20.2503,0.019953,8.68e+08,11,125000,1,0,-2.2426,-13256.4,0,-136.151,-135,0.790528
45450, 558.66, 30, -1,-1,-1,50.4166,22.3874,0.025119,8.68e+08,10,125000,1,0,-3.53876,-12856.4,0,-135.584,-133,0.436224
45457, 558.982, 11, -1,-1,-1,55.1052,36.446,0.025119,8.68e+08,11,125000,1,0,-9.84854,-15322,0,-137.623,-135,0.790528
45484, 560.029, 38, -1,-1,-1,46.6172,18.1503,0.019953,8.68e+08,11,125000,1,0,-1.55233,-10267.9,0,-135.918,-135,0.790528
45486, 560.114, 12, -1,-1,-1,53.1839,-3.87715,0.019953,8.68e+08,12,125000,1,0,16.1694,-16378.6,0,-130.316,-137,1.58106
45488, 560.235, 8, -1,-1,-1,60.9564,9.93245,0.015849,8.68e+08,11,125000,1,0,1.11218,-18590.5,0,-136.02,-135,0.790528
45495, 560.343, 41, -1,-1,-1,57.7942,23.9073,0.019953,8.68e+08,10,125000,1,0,-4.40656,-16555.1,0,-136.872,-133,0.436224
45497, 560.373, 55, -1,-1,-1,29.3409,-14.2582,0.025119,8.68e+08,12,125000,1,0,9.44705,17174.6,0,-131.283,-137,1.58106
45499, 560.689, 44, -1,-1,-1,48.915,29.8997,0.015849,8.68e+08,10,125000,1,0,-7.76059,-12295.9,0,-138.964,-133,0.436224
45501, 560.689, 50, -1,-1,-1,39.8689,16.152,0.019953,8.68e+08,11,125000,1,0,-2.14451,-5256.66,0,-136.114,-135,0.790528
45509, 561.524, 23, -1,-1,-1,52.3551,9.17867,0.015849,8.68e+08,11,125000,1,0,4.72469,-14135.9,1,-134.815,-135,0.790528
45511, 561.533, 56, -1,-1,-1,34.5758,13.0619,0.019953,8.68e+08,12,125000,1,0,-2.47094,-761.15,0,-136.22,-137,1.58106
45524, 562.102, 53, -1,-1,-1,65.3284,-19.1561,0.025119,8.68e+08,10,125000,1,0,4.50621,-19408,1,-132.883,-133,0.436224
45532, 563.311, 2, -1,-1,-1,52.1594,14.5236,0.019953,8.68e+08,12,125000,1,0,1.04635,-13832,1,-135.044,-137,1.58106
45534, 563.334, 57, -1,-1,-1,36.1272,33.7657,0.019953,8.68e+08,10,125000,1,0,-13.1945,-6786.49,0,-139.625,-133,0.436224
45556, 564.626, 40, -1,-1,-1,59.1236,25.6898,0.015849,8.68e+08,10,125000,1,0,-5.50825,-16913.9,0,-138.234,-133,0.436224
45558, 564.67, 15, -1,-1,-1,46.2746,7.09545,0.019953,8.68e+08,10,125000,1,0,6.54861,-9121.83,0,-133.218,-133,0.436224
45560, 564.917, 51, -1,-1,-1,42.2294,28.194,0.015849,8.68e+08,10,125000,1,0,-8.50247,-8857.24,0,-139.197,-133,0.436224
45572, 565.36, 26, -1,-1,-1,48.2338,8.18102,0.015849,8.68e+08,11,125000,1,0,5.72153,-11018.2,0,-134.487,-135,0.790528
45584, 565.751, 19, -1,-1,-1,38.0115,0.007687,0.015849,8.68e+08,10,125000,1,0,10.0116,1682.77,0,-133.116,-133,0.436224
45586, 565.806, 4, -1,-1,-1,42.7292,12.7851,0.025119,8.68e+08,11,125000,1,0,1.05287,-6813.55,0,-134.04,-135,0.790528
45608, 566.362, 35, -1,-1,-1,44.8964,23.9506,0.019953,8.68e+08,11,125000,1,0,-5.54432,-9848.61,0,-137.245,-135,0.790528
45611, 566.396, 21, -1,-1,-1,40.7647,-7.46535,0.025119,8.68e+08,10,125000,1,0,23.5996,2332.68,1,-127.438,-133,0.436224
45613, 566.408, 25, -1,-1,-1,47.4666,6.98245,0.025119,8.68e+08,10,125000,1,0,6.68624,-10358.8,0,-132.173,-133,0.436224
45615, 566.57, 14, -1,-1,-1,53.9616,-4.16799,0.025119,8.68e+08,10,125000,1,0,14.74,-17113.3,0,-129.714,-133,0.436224
45632, 566.963, 31, -1,-1,-1,55.2698,20.8384,0.019953,8.68e+08,12,125000,1,0,-2.94871,-15495.1,0,-136.386,-137,1.58106
45634, 567.013, 34, -1,-1,-1,47.8921,18.1051,0.019953,8.68e+08,11,125000,1,0,-1.55154,-11253.2,0,-135.917,-135,0.790528
45636, 567.033, 33, -1,-1,-1,48.5351,16.7675,0.019953,8.68e+08,10,125000,1,0,-0.645519,-11634.2,0,-135.613,-133,0.436224
45638, 567.077, 16, -1,-1,-1,42.7786,6.94506,0.019953,8.68e+08,10,125000,1,0,5.77114,-5831.27,0,-133.47,-133,0.436224
45655, 567.681, 0, -1,-1,-1,51.6007,-2.3004,0.025119,8.68e+08,11,125000,1,0,15.0547,-14980.4,0,-129.626,-135,0.790528
45662, 567.881, 32, -1,-1,-1,50.6742,17.0701,0.019953,8.68e+08,11,125000,1,0,-0.740559,-13060.3,0,-135.645,-135,0.790528
45664, 568.027, 48, -1,-1,-1,56.6076,12.8569,0.015849,8.68e+08,10,125000,1,0,0.934315,-16626.2,0,-136.08,-133,0.436224
45666, 568.122, 28, -1,-1,-1,54.4004,13.1066,0.019953,8.68e+08,10,125000,1,0,1.33481,-15456.8,0,-134.945,-133,0.436224
45668, 568.354, 54, -1,-1,-1,31.4019,-15.4743,0.015849,8.68e+08,11,125000,1,0,14.0509,17200,0,-131.903,-135,0.790528
45685, 569.062, 37, -1,-1,-1,40.6397,25.2461,0.019953,8.68e+08,10,125000,1,0,-7.45826,-7719.08,0,-137.864,-133,0.436224
45702, 569.532, 52, -1,-1,-1,38.853,34.58,0.019953,8.68e+08,11,125000,1,0,-12.7976,-8306.73,0,-139.51,-135,0.790528
45714, 569.799, 22, -1,-1,-1,51.0484,10.8218,0.025119,8.68e+08,10,125000,1,0,3.28866,-13482.6,0,-133.291,-133,0.436224
45716, 570.008, 58, -1,-1,-1,62.6808,-4.27248,0.015849,8.68e+08,12,125000,1,0,4.75253,-19904.8,0,-134.802,-137,1.58106
45718, 570.039, 49, -1,-1,-1,45.6929,9.55674,0.015849,8.68e+08,10,125000,1,0,4.13969,-9126.67,0,-135.008,-133,0.436224
45725, 570.378, 9, -1,-1,-1,38.2779,25.7475,0.015849,8.68e+08,11,125000,1,0,-8.49137,-6562.85,0,-139.192,-135,0.790528
45738, 570.695, 55, -1,-1,-1,29.3409,-14.2582,0.025119,8.68e+08,12,125000,1,0,10.3091,17016,1,-131.015,-137,1.58106
45740, 570.774, 6, -1,-1,-1,57.9389,19.5301,0.019953,8.68e+08,12,125000,1,0,-2.83282,-16833.4,0,-136.347,-137,1.58106
45742, 571.038, 43, -1,-1,-1,55.2559,26.0605,0.025119,8.68e+08,10,125000,1,0,-5.71504,-15496.2,0,-136.302,-133,0.436224
45754, 571.157, 11, -1,-1,-1,55.1052,36.446,0.025119,8.68e+08,11,125000,1,0,-10.2823,-15390.5,0,-137.756,-135,0.790528
45767, 571.782, 20, -1,-1,-1,39.7553,-9.35268,0.019953,8.68e+08,10,125000,1,0,25.9151,4695.98,1,-127.918,-133,0.436224
45770, 571.904, 13, -1,-1,-1,57.1683,-5.07194,0.015849,8.68e+08,11,125000,1,0,11.0318,-18929.5,1,-132.803,-135,0.790528
45777, 571.941, 46, -1,-1,-1,54.0139,24.7077,0.019953,8.68e+08,11,125000,1,0,-5.07942,-14968,0,-137.093,-135,0.790528
45779, 572.12, 27, -1,-1,-1,50.9263,3.96498,0.019953,8.68e+08,12,125000,1,0,8.75339,-13828.5,0,-132.511,-137,1.58106
45781, 572.243, 36, -1,-1,-1,42.8721,21.2682,0.025119,8.68e+08,11,125000,1,0,-4.62236,-8542.74,0,-135.94,-135,0.790528
45793, 572.715, 8, -1,-1,-1,60.9564,9.93245,0.015849,8.68e+08,11,125000,1,0,0.368592,-18631.6,0,-136.269,-135,0.790528
45795, 572.727, 7, -1,-1,-1,48.8156,14.5218,0.025119,8.68e+08,10,125000,1,0,0.642805,-11994.8,0,-134.178,-133,0.436224
45812, 573.405, 5, -1,-1,-1,53.0128,4.81756,0.019953,8.68e+08,10,125000,1,0,7.09652,-15457.2,0,-133.039,-133,0.436224
45819, 573.566, 10, -1,-1,-1,29.0987,31.7557,0.015849,8.68e+08,10,125000,1,0,-14.9155,-3738.8,0,-141.114,-133,0.436224
45826, 573.758, 47, -1,-1,-1,60.7806,1.83536,0.015849,8.68e+08,11,125000,1,0,3.89106,-19278.3,0,-135.087,-135,0.790528
45828, 573.882, 44, -1,-1,-1,48.915,29.8997,0.015849,8.68e+08,10,125000,1,0,-8.16305,-12684.4,0,-139.091,-133,0.436224
45830, 574.004, 45, -1,-1,-1,49.1516,25.5874,0.025119,8.68e+08,12,125000,1,0,-5.8934,-12576.7,0,-136.359,-137,1.58106
45832, 574.087, 39, -1,-1,-1,44.7388,20.1372,0.015849,8.68e+08,10,125000,1,0,-3.5606,-9671.28,0,-137.588,-133,0.436224
45854, 575.008, 29, -1,-1,-1,51.2316,20.2503,0.019953,8.68e+08,11,125000,1,0,-2.88003,-13650.1,0,-136.362,-135,0.790528
45856, 575.073, 59, -1,-1,-1,70.3446,16.3551,0.019953,8.68e+08,10,125000,1,0,-6.3982,-19836.2,0,-137.522,-133,0.436224
45864, 575.284, 3, -1,-1,-1,38.8081,-3.66631,0.019953,8.68e+08,11,125000,1,0,15.1901,1880.77,1,-130.585,-135,0.790528
45866, 575.934, 1, -1,-1,-1,49.3743,3.30528,0.015849,8.68e+08,11,125000,1,0,9.52016,-12732.9,0,-133.27,-135,0.790528
45869, 576.488, 18, -1,-1,-1,41.6718,4.40735,0.025119,8.68e+08,12,125000,1,0,7.5848,-4713.87,1,-131.881,-137,1.58106
45881, 577.34, 24, -1,-1,-1,49.1334,13.5818,0.015849,8.68e+08,10,125000,1,0,1.10896,-12399.3,0,-136.021,-133,0.436224
45883, 577.58, 30, -1,-1,-1,50.4166,22.3874,0.025119,8.68e+08,10,125000,1,0,-4.21046,-13312.4,0,-135.805,-133,0.436224
45905, 578.102, 40, -1,-1,-1,59.1236,25.6898,0.015849,8.68e+08,10,125000,1,0,-6.09851,-17170.5,0,-138.426,-133,0.436224
45907, 578.25, 42, -1,-1,-1,55.9659,22.2357,0.019953,8.68e+08,10,125000,1,0,-4.23736,-16077,0,-136.814,-133,0.436224
45909, 578.29, 19, -1,-1,-1,38.0115,0.007687,0.015849,8.68e+08,10,125000,1,0,10.0787,611.585,0,-133.094,-133,0.436224
45911, 578.348, 15, -1,-1,-1,46.2746,7.09545,0.019953,8.68e+08,10,125000,1,0,6.01113,-9952.49,0,-133.391,-133,0.436224
45938, 579.312, 50, -1,-1,-1,39.8689,16.152,0.019953,8.68e+08,11,125000,1,0,-2.44477,-6034.33,0,-136.214,-135,0.790528
45940, 579.502, 17, -1,-1,-1,49.9949,1.85453,0.025119,8.68e+08,11,125000,1,0,10.5409,-13620.2,0,-130.954,-135,0.790528
45942, 579.95, 4, -1,-1,-1,42.7292,12.7851,0.025119,8.68e+08,11,125000,1,0,0.722608,-7581.45,0,-134.149,-135,0.790528
45949, 580.462, 58, -1,-1,-1,62.6808,-4.27248,0.015849,8.68e+08,12,125000,1,0,3.97079,-20039,0,-135.059,-137,1.58106
45951, 580.833, 2, -1,-1,-1,52.1594,14.5236,0.019953,8.68e+08,12,125000,1,0,0.252522,-14454.3,0,-135.309,-137,1.58106
45958, 581.245, 38, -1,-1,-1,46.6172,18.1503,0.019953,8.68e+08,11,125000,1,0,-2.2059,-10833.9,0,-136.135,-135,0.790528
45965, 581.781, 23, -1,-1,-1,52.3551,9.17867,0.015849,8.68e+08,11,125000,1,0,3.62822,-14755.9,0,-135.176,-135,0.790528
45973, 582.052, 20, -1,-1,-1,39.7553,-9.35268,0.019953,8.68e+08,10,125000,1,0,26.39,3553.52,1,-127.814,-133,0.436224
45975, 582.655, 36, -1,-1,-1,42.8721,21.2682,0.025119,8.68e+08,11,125000,1,0,-4.86353,-8807.49,0,-136.019,-135,0.790528
45993, 583.198, 21, -1,-1,-1,40.7647,-7.46535,0.025119,8.68e+08,10,125000,1,0,23.8076,366.791,1,-127.387,-133,0.436224
46005, 583.662, 41, -1,-1,-1,57.7942,23.9073,0.019953,8.68e+08,10,125000,1,0,-5.42833,-16691,0,-137.206,-133,0.436224
46017, 584.252, 52, -1,-1,-1,38.853,34.58,0.019953,8.68e+08,11,125000,1,0,-13.0746,-8577.31,0,-139.59,-135,0.790528
46024, 584.372, 51, -1,-1,-1,42.2294,28.194,0.015849,8.68e+08,10,125000,1,0,-8.93013,-9362.76,0,-139.331,-133,0.436224
46026, 584.421, 12, -1,-1,-1,53.1839,-3.87715,0.019953,8.68e+08,12,125000,1,0,13.5766,-17015.5,0,-131.045,-137,1.58106
46028, 584.548, 11, -1,-1,-1,55.1052,36.446,0.025119,8.68e+08,11,125000,1,0,-10.7597,-15471.4,0,-137.901,-135,0.790528
46035, 584.723, 27, -1,-1,-1,50.9263,3.96498,0.019953,8.68e+08,12,125000,1,0,7.94601,-14252.5,0,-132.765,-137,1.58106
46037, 584.743, 57, -1,-1,-1,36.1272,33.7657,0.019953,8.68e+08,10,125000,1,0,-13.5299,-7288.61,0,-139.722,-133,0.436224
46059, 585.435, 34, -1,-1,-1,47.8921,18.1051,0.019953,8.68e+08,11,125000,1,0,-2.17378,-11817.2,0,-136.124,-135,0.790528
46061, 585.607, 14, -1,-1,-1,53.9616,-4.16799,0.025119,8.68e+08,10,125000,1,0,12.7462,-17610.8,0,-130.287,-133,0.436224
46068, 585.615, 8, -1,-1,-1,60.9564,9.93245,0.015849,8.68e+08,11,125000,1,0,-0.381975,-18665.6,0,-136.52,-135,0.790528
46070, 586.012, 26, -1,-1,-1,48.2338,8.18102,0.015849,8.68e+08,11,125000,1,0,4.78829,-11929.2,0,-134.791,-135,0.790528
46072, 586.043, 37, -1,-1,-1,40.6397,25.2461,0.019953,8.68e+08,10,125000,1,0,-7.79221,-8197.26,0,-137.97,-133,0.436224
46094, 586.407, 56, -1,-1,-1,34.5758,13.0619,0.019953,8.68e+08,12,125000,1,0,-2.56341,-1765.53,0,-136.25,-137,1.58106
46096, 586.597, 53, -1,-1,-1,65.3284,-19.1561,0.025119,8.68e+08,10,125000,1,0,2.76758,-19559.7,0,-133.458,-133,0.436224
46103, 586.838, 46, -1,-1,-1,54.0139,24.7077,0.019953,8.68e+08,11,125000,1,0,-5.66462,-15171.9,0,-137.283,-135,0.790528
46120, 587.176, 35, -1,-1,-1,44.8964,23.9506,0.019953,8.68e+08,11,125000,1,0,-6.0908,-10449.5,0,-137.422,-135,0.790528
46127, 587.376, 5, -1,-1,-1,53.0128,4.81756,0.019953,8.68e+08,10,125000,1,0,6.18314,-15806,0,-133.332,-133,0.436224
46129, 587.484, 9, -1,-1,-1,38.2779,25.7475,0.015849,8.68e+08,11,125000,1,0,-8.77239,-7046.37,0,-139.279,-135,0.790528
46141, 587.694, 25, -1,-1,-1,47.4666,6.98245,0.025119,8.68e+08,10,125000,1,0,5.73301,-11387.6,0,-132.48,-133,0.436224
46143, 587.863, 32, -1,-1,-1,50.6742,17.0701,0.019953,8.68e+08,11,125000,1,0,-1.53938,-13604.1,0,-135.911,-135,0.790528
46146, 587.875, 55, -1,-1,-1,29.3409,-14.2582,0.025119,8.68e+08,12,125000,1,0,11.8019,16563.3,1,-130.559,-137,1.58106
46148, 587.918, 1, -1,-1,-1,49.3743,3.30528,0.015849,8.68e+08,11,125000,1,0,8.78332,-13205.7,0,-133.499,-135,0.790528
46150, 587.972, 33, -1,-1,-1,48.5351,16.7675,0.019953,8.68e+08,10,125000,1,0,-1.40089,-12301.4,0,-135.864,-133,0.436224
46152, 588.409, 13, -1,-1,-1,57.1683,-5.07194,0.015849,8.68e+08,11,125000,1,0,9.46,-19097,0,-133.284,-135,0.790528
46159, 588.946, 44, -1,-1,-1,48.915,29.8997,0.015849,8.68e+08,10,125000,1,0,-8.62825,-12934.2,0,-139.237,-133,0.436224
46186, 589.637, 16, -1,-1,-1,42.7786,6.94506,0.019953,8.68e+08,10,125000,1,0,5.18534,-7158.95,0,-133.659,-133,0.436224
46188, 589.664, 49, -1,-1,-1,45.6929,9.55674,0.015849,8.68e+08,10,125000,1,0,3.44827,-10044,0,-135.235,-133,0.436224
46190, 589.695, 28, -1,-1,-1,54.4004,13.1066,0.019953,8.68e+08,10,125000,1,0,0.243546,-15929.7,0,-135.31,-133,0.436224
46202, 590.393, 59, -1,-1,-1,70.3446,16.3551,0.019953,8.68e+08,10,125000,1,0,-7.15687,-19775.6,0,-137.766,-133,0.436224
46209, 590.659, 24, -1,-1,-1,49.1334,13.5818,0.015849,8.68e+08,10,125000,1,0,0.568476,-12780,0,-136.201,-133,0.436224
46211, 590.838, 22, -1,-1,-1,51.0484,10.8218,0.025119,8.68e+08,10,125000,1,0,2.27023,-14149.9,0,-133.629,-133,0.436224
46213, 591.02, 31, -1,-1,-1,55.2698,20.8384,0.019953,8.68e+08,12,125000,1,0,-3.99317,-15928.9,0,-136.731,-137,1.58106
46216, 591.057, 18, -1,-1,-1,41.6718,4.40735,0.025119,8.68e+08,12,125000,1,0,7.25544,-5619.93,1,-131.985,-137,1.58106
46233, 591.975, 19, -1,-1,-1,38.0115,0.007687,0.015849,8.68e+08,10,125000,1,0,10.0838,-390.017,0,-133.091,-133,0.436224
46240, 592.053, 54, -1,-1,-1,31.4019,-15.4743,0.015849,8.68e+08,11,125000,1,0,16.6368,16384,0,-131.176,-135,0.790528
46257, 592.653, 0, -1,-1,-1,51.6007,-2.3004,0.025119,8.68e+08,11,125000,1,0,12.7052,-16017.2,0,-130.299,-135,0.790528
46264, 592.904, 48, -1,-1,-1,56.6076,12.8569,0.015849,8.68e+08,10,125000,1,0,-0.387599,-17068.1,0,-136.522,-133,0.436224
46266, 593.007, 3, -1,-1,-1,38.8081,-3.66631,0.019953,8.68e+08,11,125000,1,0,15.3088,263.156,0,-130.55,-135,0.790528
46273, 593.288, 43, -1,-1,-1,55.2559,26.0605,0.025119,8.68e+08,10,125000,1,0,-6.60227,-15831.9,0,-136.588,-133,0.436224
46280, 593.4, 4, -1,-1,-1,42.7292,12.7851,0.025119,8.68e+08,11,125000,1,0,0.385971,-8127.13,0,-134.261,-135,0.790528
46282, 593.525, 7, -1,-1,-1,48.8156,14.5218,0.025119,8.68e+08,10,125000,1,0,-0.165438,-12678.1,0,-134.448,-133,0.436224
46290, 593.603, 58, -1,-1,-1,62.6808,-4.27248,0.015849,8.68e+08,12,125000,1,0,3.02407,-20006.4,1,-135.373,-137,1.58106
46293, 593.725, 20, -1,-1,-1,39.7553,-9.35268,0.019953,8.68e+08,10,125000,1,0,26.7536,1931.99,1,-127.734,-133,0.436224
46315, 594.168, 39, -1,-1,-1,44.7388,20.1372,0.015849,8.68e+08,10,125000,1,0,-4.10779,-10316.1,0,-137.768,-133,0.436224
46322, 594.291, 42, -1,-1,-1,55.9659,22.2357,0.019953,8.68e+08,10,125000,1,0,-4.9265,-16270,0,-137.04,-133,0.436224
46324, 594.346, 15, -1,-1,-1,46.2746,7.09545,0.019953,8.68e+08,10,125000,1,0,5.35248,-10699.8,0,-133.604,-133,0.436224
46326, 594.655, 10, -1,-1,-1,29.0987,31.7557,0.015849,8.68e+08,10,125000,1,0,-15.0962,-4242.5,0,-141.164,-133,0.436224
46328, 594.727, 47, -1,-1,-1,60.7806,1.83536,0.015849,8.68e+08,11,125000,1,0,2.45061,-19418.2,0,-135.565,-135,0.790528
46340, 595.158, 6, -1,-1,-1,57.9389,19.5301,0.019953,8.68e+08,12,125000,1,0,-3.97781,-17168.3,0,-136.725,-137,1.58106
46352, 595.915, 50, -1,-1,-1,39.8689,16.152,0.019953,8.68e+08,11,125000,1,0,-2.74407,-6683.91,0,-136.312,-135,0.790528
46354, 596.059, 36, -1,-1,-1,42.8721,21.2682,0.025119,8.68e+08,11,125000,1,0,-5.18502,-9346.29,0,-136.124,-135,0.790528
46356, 596.324, 45, -1,-1,-1,49.1516,25.5874,0.025119,8.68e+08,12,125000,1,0,-6.62044,-13088.8,0,-136.594,-137,1.58106
46363, 597.103, 2, -1,-1,-1,52.1594,14.5236,0.019953,8.68e+08,12,125000,1,0,-0.484744,-14822.1,0,-135.555,-137,1.58106
46380, 597.598, 57, -1,-1,-1,36.1272,33.7657,0.019953,8.68e+08,10,125000,1,0,-13.7414,-7692.85,0,-139.782,-133,0.436224
46387, 597.835, 30, -1,-1,-1,50.4166,22.3874,0.025119,8.68e+08,10,125000,1,0,-4.93892,-13767.7,0,-136.044,-133,0.436224
46389, 598.107, 29, -1,-1,-1,51.2316,20.2503,0.019953,8.68e+08,11,125000,1,0,-3.76939,-14201.8,0,-136.656,-135,0.790528
46396, 598.427, 56, -1,-1,-1,34.5758,13.0619,0.019953,8.68e+08,12,125000,1,0,-2.63614,-2398.05,0,-136.273,-137,1.58106
46398, 598.48, 11, -1,-1,-1,55.1052,36.446,0.025119,8.68e+08,11,125000,1,0,-11.2563,-15742.8,0,-138.051,-135,0.790528
46405, 599.096, 41, -1,-1,-1,57.7942,23.9073,0.019953,8.68e+08,10,125000,1,0,-6.09735,-16995.5,0,-137.423,-133,0.436224
46417, 599.996, 12, -1,-1,-1,53.1839,-3.87715,0.019953,8.68e+08,12,125000,1,0,12.034,-17584.3,0,-131.497,-137,1.58106
46419, 600.102, 44, -1,-1,-1,48.915,29.8997,0.015849,8.68e+08,10,125000,1,0,-8.97624,-13239.1,0,-139.346,-133,0.436224
46421, 600.322, 16, -1,-1,-1,42.7786,6.94506,0.019953,8.68e+08,10,125000,1,0,4.87492,-7832.82,0,-133.76,-133,0.436224
46563, 601.942, 40, -1,-1,-1,59.1236,25.6898,0.015849,8.68e+08,10,125000,1,0,-7.13063,-17230,0,-138.758,-133,0.436224
46565, 602.047, 19, -1,-1,-1,38.0115,0.007687,0.015849,8.68e+08,10,125000,1,0,10.042,-1079.38,0,-133.103,-133,0.436224
46577, 602.22, 28, -1,-1,-1,54.4004,13.1066,0.019953,8.68e+08,10,125000,1,0,-0.382318,-16101.2,0,-135.519,-133,0.436224
46589, 602.907, 32, -1,-1,-1,50.6742,17.0701,0.019953,8.68e+08,11,125000,1,0,-2.14573,-13934.6,0,-136.113,-135,0.790528
46591, 602.975, 52, -1,-1,-1,38.853,34.58,0.019953,8.68e+08,11,125000,1,0,-13.4399,-8954.85,0,-139.696,-135,0.790528
46593, 603.012, 53, -1,-1,-1,65.3284,-19.1561,0.025119,8.68e+08,10,125000,1,0,1.66804,-19574,0,-133.825,-133,0.436224
46595, 603.172, 27, -1,-1,-1,50.9263,3.96498,0.019953,8.68e+08,12,125000,1,0,6.77554,-14878.5,0,-133.138,-137,1.58106
46597, 603.412, 17, -1,-1,-1,49.9949,1.85453,0.025119,8.68e+08,11,125000,1,0,8.90149,-14460.4,0,-131.459,-135,0.790528
46615, 604.503, 20, -1,-1,-1,39.7553,-9.35268,0.019953,8.68e+08,10,125000,1,0,26.9094,651.782,1,-127.699,-133,0.436224
46627, 605.083, 23, -1,-1,-1,52.3551,9.17867,0.015849,8.68e+08,11,125000,1,0,2.38055,-15397.7,0,-135.589,-135,0.790528
46630, 605.288, 21, -1,-1,-1,40.7647,-7.46535,0.025119,8.68e+08,10,125000,1,0,23.5603,-2292.78,1,-127.441,-133,0.436224
46647, 605.682, 0, -1,-1,-1,51.6007,-2.3004,0.025119,8.68e+08,11,125000,1,0,11.5378,-16375.2,0,-130.645,-135,0.790528
46649, 605.903, 25, -1,-1,-1,47.4666,6.98245,0.025119,8.68e+08,10,125000,1,0,4.88777,-12154.2,0,-132.755,-133,0.436224
46651, 606.024, 58, -1,-1,-1,62.6808,-4.27248,0.015849,8.68e+08,12,125000,1,0,2.16264,-19957.5,0,-135.659,-137,1.58106
46653, 606.033, 59, -1,-1,-1,70.3446,16.3551,0.019953,8.68e+08,10,125000,1,0,-7.91622,-19712.2,0,-138.008,-133,0.436224
46660, 606.097, 38, -1,-1,-1,46.6172,18.1503,0.019953,8.68e+08,11,125000,1,0,-3.00487,-11641.4,0,-136.4,-135,0.790528
46667, 606.529, 51, -1,-1,-1,42.2294,28.194,0.015849,8.68e+08,10,125000,1,0,-9.43995,-9928.59,0,-139.489,-133,0.436224
46689, 606.958, 42, -1,-1,-1,55.9659,22.2357,0.019953,8.68e+08,10,125000,1,0,-5.46739,-16368.1,0,-137.216,-133,0.436224
46701, 607.142, 24, -1,-1,-1,49.1334,13.5818,0.015849,8.68e+08,10,125000,1,0,-0.108624,-13249,0,-136.427,-133,0.436224
46708, 607.222, 33, -1,-1,-1,48.5351,16.7675,0.019953,8.68e+08,10,125000,1,0,-2.11103,-12846.2,0,-136.101,-133,0.436224
46715, 607.411, 46, -1,-1,-1,54.0139,24.7077,0.019953,8.68e+08,11,125000,1,0,-6.47209,-15487.9,0,-137.545,-135,0.790528
46737, 607.554, 43, -1,-1,-1,55.2559,26.0605,0.025119,8.68e+08,10,125000,1,0,-7.16914,-15961.5,0,-136.77,-133,0.436224
46744, 607.675, 9, -1,-1,-1,38.2779,25.7475,0.015849,8.68e+08,11,125000,1,0,-9.12778,-7623.85,0,-139.39,-135,0.790528
46746, 607.687, 37, -1,-1,-1,40.6397,25.2461,0.019953,8.68e+08,10,125000,1,0,-8.24317,-8821.84,0,-138.112,-133,0.436224
46748, 607.823, 26, -1,-1,-1,48.2338,8.18102,0.015849,8.68e+08,11,125000,1,0,3.77473,-12794.3,0,-135.124,-135,0.790528
46750, 607.934, 15, -1,-1,-1,46.2746,7.09545,0.019953,8.68e+08,10,125000,1,0,4.7726,-11261.3,0,-133.793,-133,0.436224
46752, 607.941, 5, -1,-1,-1,53.0128,4.81756,0.019953,8.68e+08,10,125000,1,0,4.87075,-16328.2,0,-133.76,-133,0.436224
46754, 607.973, 8, -1,-1,-1,60.9564,9.93245,0.015849,8.68e+08,11,125000,1,0,-1.6426,-18831.8,0,-136.941,-135,0.790528
46766, 608.31, 29, -1,-1,-1,51.2316,20.2503,0.019953,8.68e+08,11,125000,1,0,-4.16435,-14330.4,0,-136.786,-135,0.790528
46773, 608.408, 35, -1,-1,-1,44.8964,23.9506,0.019953,8.68e+08,11,125000,1,0,-6.67084,-11023.1,0,-137.608,-135,0.790528
46775, 608.707, 39, -1,-1,-1,44.7388,20.1372,0.015849,8.68e+08,10,125000,1,0,-4.5191,-10708.7,0,-137.903,-133,0.436224
46778, 608.953, 3, -1,-1,-1,38.8081,-3.66631,0.019953,8.68e+08,11,125000,1,0,15.2539,-1177.92,1,-130.563,-135,0.790528
46780, 609.022, 31, -1,-1,-1,55.2698,20.8384,0.019953,8.68e+08,12,125000,1,0,-4.76858,-16172.5,0,-136.986,-137,1.58106
46787, 609.165, 34, -1,-1,-1,47.8921,18.1051,0.019953,8.68e+08,11,125000,1,0,-2.9978,-12525.6,0,-136.398,-135,0.790528
46789, 609.519, 48, -1,-1,-1,56.6076,12.8569,0.015849,8.68e+08,10,125000,1,0,-1.24994,-17266.1,0,-136.81,-133,0.436224
46807, 610.467, 14, -1,-1,-1,53.9616,-4.16799,0.025119,8.68e+08,10,125000,1,0,10.3576,-18179.4,1,-131.003,-133,0.436224
46819, 611.127, 54, -1,-1,-1,31.4019,-15.4743,0.015849,8.68e+08,11,125000,1,0,18.8942,15598.5,0,-130.575,-135,0.790528
46821, 611.393, 7, -1,-1,-1,48.8156,14.5218,0.025119,8.68e+08,10,125000,1,0,-0.872537,-13187.5,0,-134.684,-133,0.436224
46823, 611.854, 56, -1,-1,-1,34.5758,13.0619,0.019953,8.68e+08,12,125000,1,0,-2.73853,-2938.9,0,-136.306,-137,1.58106
46835, 612.258, 55, -1,-1,-1,29.3409,-14.2582,0.025119,8.68e+08,12,125000,1,0,14.048,15681.6,0,-129.897,-137,1.58106
46857, 612.668, 1, -1,-1,-1,49.3743,3.30528,0.015849,8.68e+08,11,125000,1,0,7.2601,-14236.8,0,-133.981,-135,0.790528
46859, 612.813, 30, -1,-1,-1,50.4166,22.3874,0.025119,8.68e+08,10,125000,1,0,-5.48232,-14031.7,0,-136.221,-133,0.436224
46866, 613.023, 36, -1,-1,-1,42.8721,21.2682,0.025119,8.68e+08,11,125000,1,0,-5.6083,-9836.93,0,-136.261,-135,0.790528
46868, 613.05, 13, -1,-1,-1,57.1683,-5.07194,0.015849,8.68e+08,11,125000,1,0,7.30107,-19380.2,0,-133.964,-135,0.790528
46875, 613.433, 52, -1,-1,-1,38.853,34.58,0.019953,8.68e+08,11,125000,1,0,-13.6499,-9264.01,0,-139.757,-135,0.790528
46887, 613.823, 19, -1,-1,-1,38.0115,0.007687,0.015849,8.68e+08,10,125000,1,0,9.94473,-2081.75,0,-133.131,-133,0.436224
46890, 614.247, 18, -1,-1,-1,41.6718,4.40735,0.025119,8.68e+08,12,125000,1,0,6.62605,-7080.78,1,-132.186,-137,1.58106
46892, 614.258, 49, -1,-1,-1,45.6929,9.55674,0.015849,8.68e+08,10,125000,1,0,2.52693,-11127.5,0,-135.54,-133,0.436224
46895, 614.304, 4, -1,-1,-1,42.7292,12.7851,0.025119,8.68e+08,11,125000,1,0,-0.176396,-9013,1,-134.449,-135,0.790528
46897, 614.482, 45, -1,-1,-1,49.1516,25.5874,0.025119,8.68e+08,12,125000,1,0,-7.22099,-13438.7,0,-136.786,-137,1.58106
46929, 615.621, 22, -1,-1,-1,51.0484,10.8218,0.025119,8.68e+08,10,125000,1,0,1.07084,-14864,0,-134.028,-133,0.436224
46936, 615.746, 53, -1,-1,-1,65.3284,-19.1561,0.025119,8.68e+08,10,125000,1,0,0.846818,-19737.9,0,-134.099,-133,0.436224
46939, 615.905, 21, -1,-1,-1,40.7647,-7.46535,0.025119,8.68e+08,10,125000,1,0,23.2381,-3649.17,1,-127.514,-133,0.436224
46941, 616.026, 50, -1,-1,-1,39.8689,16.152,0.019953,8.68e+08,11,125000,1,0,-3.14345,-7468.84,0,-136.444,-135,0.790528
46943, 616.438, 58, -1,-1,-1,62.6808,-4.27248,0.015849,8.68e+08,12,125000,1,0,1.46322,-20075.4,0,-135.893,-137,1.58106
46945, 616.531, 47, -1,-1,-1,60.7806,1.83536,0.015849,8.68e+08,11,125000,1,0,1.03309,-19540.4,0,-136.038,-135,0.790528
46957, 616.725, 6, -1,-1,-1,57.9389,19.5301,0.019953,8.68e+08,12,125000,1,0,-4.97203,-17404.5,0,-137.052,-137,1.58106
46964, 617.01, 40, -1,-1,-1,59.1236,25.6898,0.015849,8.68e+08,10,125000,1,0,-7.77517,-17484.8,0,-138.964,-133,0.436224
46966, 617.211, 41, -1,-1,-1,57.7942,23.9073,0.019953,8.68e+08,10,125000,1,0,-6.87506,-17151.7,0,-137.674,-133,0.436224
46983, 617.928, 42, -1,-1,-1,55.9659,22.2357,0.019953,8.68e+08,10,125000,1,0,-5.93332,-16598,0,-137.368,-133,0.436224
46995, 618.139, 2, -1,-1,-1,52.1594,14.5236,0.019953,8.68e+08,12,125000,1,0,-1.43527,-15291.9,0,-135.872,-137,1.58106
47003, 618.473, 25, -1,-1,-1,47.4666,6.98245,0.025119,8.68e+08,10,125000,1,0,4.29335,-12755.5,1,-132.95,-133,0.436224
47005, 618.837, 32, -1,-1,-1,50.6742,17.0701,0.019953,8.68e+08,11,125000,1,0,-2.79067,-14434.4,0,-136.327,-135,0.790528
47007, 618.896, 10, -1,-1,-1,29.0987,31.7557,0.015849,8.68e+08,10,125000,1,0,-15.3306,-4835.47,0,-141.23,-133,0.436224
47009, 618.944, 27, -1,-1,-1,50.9263,3.96498,0.019953,8.68e+08,12,125000,1,0,5.79,-15499.8,0,-133.457,-137,1.58106
47022, 619.467, 12, -1,-1,-1,53.1839,-3.87715,0.019953,8.68e+08,12,125000,1,0,10.2248,-18004,1,-132.043,-137,1.58106
47029, 619.841, 24, -1,-1,-1,49.1334,13.5818,0.015849,8.68e+08,10,125000,1,0,-0.634861,-13711,0,-136.603,-133,0.436224
47041, 620.541, 0, -1,-1,-1,51.6007,-2.3004,0.025119,8.68e+08,11,125000,1,0,10.2562,-16942.9,0,-131.034,-135,0.790528
47048, 620.807, 31, -1,-1,-1,55.2698,20.8384,0.019953,8.68e+08,12,125000,1,0,-5.27303,-16433,0,-137.151,-137,1.58106
47050, 620.842, 34, -1,-1,-1,47.8921,18.1051,0.019953,8.68e+08,11,125000,1,0,-3.41078,-12761,0,-136.534,-135,0.790528
47052, 620.912, 15, -1,-1,-1,46.2746,7.09545,0.019953,8.68e+08,10,125000,1,0,4.20481,-11749.6,0,-133.979,-133,0.436224
47054, 621.364, 26, -1,-1,-1,48.2338,8.18102,0.015849,8.68e+08,11,125000,1,0,3.13644,-13214.8,0,-135.335,-135,0.790528
47081, 621.933, 16, -1,-1,-1,42.7786,6.94506,0.019953,8.68e+08,10,125000,1,0,4.19147,-8799.22,0,-133.984,-133,0.436224
47083, 621.983, 57, -1,-1,-1,36.1272,33.7657,0.019953,8.68e+08,10,125000,1,0,-14.1621,-8061.51,0,-139.903,-133,0.436224
47085, 621.986, 59, -1,-1,-1,70.3446,16.3551,0.019953,8.68e+08,10,125000,1,0,-8.67623,-19646.1,0,-138.248,-133,0.436224
47087, 622.053, 44, -1,-1,-1,48.915,29.8997,0.015849,8.68e+08,10,125000,1,0,-9.66853,-13451.6,0,-139.561,-133,0.436224
47089, 622.363, 23, -1,-1,-1,52.3551,9.17867,0.015849,8.68e+08,11,125000,1,0,1.46818,-15768.3,0,-135.894,-135,0.790528
47101, 623.344, 11, -1,-1,-1,55.1052,36.446,0.025119,8.68e+08,11,125000,1,0,-12.1423,-15816.9,0,-138.316,-135,0.790528
47103, 623.997, 36, -1,-1,-1,42.8721,21.2682,0.025119,8.68e+08,11,125000,1,0,-5.89112,-10078.6,0,-136.353,-135,0.790528
47120, 624.47, 33, -1,-1,-1,48.5351,16.7675,0.019953,8.68e+08,10,125000,1,0,-2.75701,-13274,0,-136.316,-133,0.436224
47122, 624.527, 48, -1,-1,-1,56.6076,12.8569,0.015849,8.68e+08,10,125000,1,0,-2.01505,-17403.3,0,-137.066,-133,0.436224
47144, 625.509, 49, -1,-1,-1,45.6929,9.55674,0.015849,8.68e+08,10,125000,1,0,2.08941,-11493.8,0,-135.685,-133,0.436224
47147, 625.53, 17, -1,-1,-1,49.9949,1.85453,0.025119,8.68e+08,11,125000,1,0,7.4138,-15243.3,1,-131.929,-135,0.790528
47149, 625.567, 51, -1,-1,-1,42.2294,28.194,0.015849,8.68e+08,10,125000,1,0,-9.89558,-10360.9,0,-139.63,-133,0.436224
47152, 625.737, 55, -1,-1,-1,29.3409,-14.2582,0.025119,8.68e+08,12,125000,1,0,15.3528,15190,1,-129.525,-137,1.58106
47159, 626.311, 7, -1,-1,-1,48.8156,14.5218,0.025119,8.68e+08,10,125000,1,0,-1.46931,-13548.2,0,-134.883,-133,0.436224
47171, 626.833, 28, -1,-1,-1,54.4004,13.1066,0.019953,8.68e+08,10,125000,1,0,-1.59458,-16552.4,0,-135.924,-133,0.436224
47173, 626.872, 39, -1,-1,-1,44.7388,20.1372,0.015849,8.68e+08,10,125000,1,0,-5.04865,-11207.5,0,-138.077,-133,0.436224
47180, 627.034, 56, -1,-1,-1,34.5758,13.0619,0.019953,8.68e+08,12,125000,1,0,-2.88052,-3560.21,0,-136.353,-137,1.58106
47192, 627.701, 22, -1,-1,-1,51.0484,10.8218,0.025119,8.68e+08,10,125000,1,0,0.488684,-15088,0,-134.223,-133,0.436224
47194, 627.725, 35, -1,-1,-1,44.8964,23.9506,0.019953,8.68e+08,11,125000,1,0,-7.21582,-11492.7,0,-137.783,-135,0.790528
47201, 628.042, 52, -1,-1,-1,38.853,34.58,0.019953,8.68e+08,11,125000,1,0,-13.9502,-9496.23,0,-139.843,-135,0.790528
47218, 628.698, 9, -1,-1,-1,38.2779,25.7475,0.015849,8.68e+08,11,125000,1,0,-9.52325,-8204.09,0,-139.512,-135,0.790528
47225, 628.811, 41, -1,-1,-1,57.7942,23.9073,0.019953,8.68e+08,10,125000,1,0,-7.36884,-17173.7,0,-137.832,-133,0.436224
47247, 629.228, 42, -1,-1,-1,55.9659,22.2357,0.019953,8.68e+08,10,125000,1,0,-6.41077,-16645.3,0,-137.522,-133,0.436224
47255, 629.313, 20, -1,-1,-1,39.7553,-9.35268,0.019953,8.68e+08,10,125000,1,0,26.5878,-2612.62,1,-127.764,-133,0.436224
47257, 629.316, 40, -1,-1,-1,59.1236,25.6898,0.015849,8.68e+08,10,125000,1,0,-8.29722,-17496.6,0,-139.129,-133,0.436224
47259, 629.395, 8, -1,-1,-1,60.9564,9.93245,0.015849,8.68e+08,11,125000,1,0,-2.80709,-18955.2,0,-137.33,-135,0.790528
47267, 629.691, 1, -1,-1,-1,49.3743,3.30528,0.015849,8.68e+08,11,125000,1,0,6.22096,-14794.5,1,-134.315,-135,0.790528
47274, 629.906, 6, -1,-1,-1,57.9389,19.5301,0.019953,8.68e+08,12,125000,1,0,-5.57134,-17461.4,0,-137.248,-137,1.58106
47276, 629.918, 5, -1,-1,-1,53.0128,4.81756,0.019953,8.68e+08,10,125000,1,0,3.51234,-16812.1,0,-134.207,-133,0.436224
47278, 629.93, 47, -1,-1,-1,60.7806,1.83536,0.015849,8.68e+08,11,125000,1,0,0.197798,-19530.2,0,-136.318,-135,0.790528
47290, 630.668, 38, -1,-1,-1,46.6172,18.1503,0.019953,8.68e+08,11,125000,1,0,-3.82296,-12362.7,0,-136.671,-135,0.790528
47292, 630.823, 58, -1,-1,-1,62.6808,-4.27248,0.015849,8.68e+08,12,125000,1,0,0.528318,-20037.8,0,-136.206,-137,1.58106
47294, 630.853, 43, -1,-1,-1,55.2559,26.0605,0.025119,8.68e+08,10,125000,1,0,-8.09082,-16256.2,0,-137.063,-133,0.436224
47316, 631.545, 37, -1,-1,-1,40.6397,25.2461,0.019953,8.68e+08,10,125000,1,0,-8.77022,-9487.31,0,-138.277,-133,0.436224
47318, 631.612, 45, -1,-1,-1,49.1516,25.5874,0.025119,8.68e+08,12,125000,1,0,-7.79369,-13731.5,0,-136.969,-137,1.58106
47320, 631.708, 46, -1,-1,-1,54.0139,24.7077,0.019953,8.68e+08,11,125000,1,0,-7.42312,-15849.8,0,-137.85,-135,0.790528
47327, 631.905, 19, -1,-1,-1,38.0115,0.007687,0.015849,8.68e+08,10,125000,1,0,9.69686,-3422.51,0,-133.206,-133,0.436224
47344, 632.605, 57, -1,-1,-1,36.1272,33.7657,0.019953,8.68e+08,10,125000,1,0,-14.3531,-8379.95,0,-139.957,-133,0.436224
47346, 632.658, 4, -1,-1,-1,42.7292,12.7851,0.025119,8.68e+08,11,125000,1,0,-0.704642,-9719.58,0,-134.625,-135,0.790528
47348, 632.708, 27, -1,-1,-1,50.9263,3.96498,0.019953,8.68e+08,12,125000,1,0,4.94356,-15819.4,0,-133.733,-137,1.58106
47351, 633.125, 3, -1,-1,-1,38.8081,-3.66631,0.019953,8.68e+08,11,125000,1,0,14.8847,-3419.2,1,-130.664,-135,0.790528
47353, 633.229, 29, -1,-1,-1,51.2316,20.2503,0.019953,8.68e+08,11,125000,1,0,-5.13199,-14845.9,0,-137.104,-135,0.790528
47360, 633.867, 30, -1,-1,-1,50.4166,22.3874,0.025119,8.68e+08,10,125000,1,0,-6.25119,-14435.2,0,-136.47,-133,0.436224
47373, 634.701, 54, -1,-1,-1,31.4019,-15.4743,0.015849,8.68e+08,11,125000,1,0,21.8985,14302.2,1,-129.822,-135,0.790528
47400, 635.42, 14, -1,-1,-1,53.9616,-4.16799,0.025119,8.68e+08,10,125000,1,0,8.17265,-18624.1,0,-131.683,-133,0.436224
47402, 635.449, 11, -1,-1,-1,55.1052,36.446,0.025119,8.68e+08,11,125000,1,0,-12.5732,-16032.6,0,-138.443,-135,0.790528
47404, 635.588, 24, -1,-1,-1,49.1334,13.5818,0.015849,8.68e+08,10,125000,1,0,-1.29116,-14083.6,0,-136.822,-133,0.436224
47406, 635.619, 51, -1,-1,-1,42.2294,28.194,0.015849,8.68e+08,10,125000,1,0,-10.1422,-10673.9,0,-139.705,-133,0.436224
47408, 635.622, 34, -1,-1,-1,47.8921,18.1051,0.019953,8.68e+08,11,125000,1,0,-3.93921,-13252.8,0,-136.709,-135,0.790528
47435, 636.823, 59, -1,-1,-1,70.3446,16.3551,0.019953,8.68e+08,10,125000,1,0,-9.37085,-19772.7,0,-138.465,-133,0.436224
47442, 636.872, 12, -1,-1,-1,53.1839,-3.87715,0.019953,8.68e+08,12,125000,1,0,8.70947,-18291.5,0,-132.513,-137,1.58106
47444, 637.049, 36, -1,-1,-1,42.8721,21.2682,0.025119,8.68e+08,11,125000,1,0,-6.23595,-10553.7,0,-136.464,-135,0.790528
47446, 637.101, 49, -1,-1,-1,45.6929,9.55674,0.015849,8.68e+08,10,125000,1,0,1.63027,-12018.5,0,-135.838,-133,0.436224
47448, 637.146, 53, -1,-1,-1,65.3284,-19.1561,0.025119,8.68e+08,10,125000,1,0,-0.47782,-19791.5,0,-134.543,-133,0.436224
47450, 637.147, 39, -1,-1,-1,44.7388,20.1372,0.015849,8.68e+08,10,125000,1,0,-5.35507,-11570.4,0,-138.176,-133,0.436224
47467, 637.625, 13, -1,-1,-1,57.1683,-5.07194,0.015849,8.68e+08,11,125000,1,0,5.3348,-19599.5,0,-134.6,-135,0.790528
47474, 638.197, 50, -1,-1,-1,39.8689,16.152,0.019953,8.68e+08,11,125000,1,0,-3.62633,-8303.83,0,-136.603,-135,0.790528
47476, 638.366, 52, -1,-1,-1,38.853,34.58,0.019953,8.68e+08,11,125000,1,0,-14.1671,-9789.29,0,-139.904,-135,0.790528
47478, 638.694, 26, -1,-1,-1,48.2338,8.18102,0.015849,8.68e+08,11,125000,1,0,2.31412,-13919.2,0,-135.608,-135,0.790528
47485, 638.893, 18, -1,-1,-1,41.6718,4.40735,0.025119,8.68e+08,12,125000,1,0,5.83681,-8523.29,0,-132.439,-137,1.58106
47497, 639.224, 44, -1,-1,-1,48.915,29.8997,0.015849,8.68e+08,10,125000,1,0,-10.2161,-13879.7,0,-139.729,-133,0.436224
47504, 639.536, 25, -1,-1,-1,47.4666,6.98245,0.025119,8.68e+08,10,125000,1,0,3.28477,-13516,0,-133.283,-133,0.436224
47516, 639.788, 17, -1,-1,-1,49.9949,1.85453,0.025119,8.68e+08,11,125000,1,0,6.47503,-15797.4,0,-132.23,-135,0.790528
47519, 639.844, 21, -1,-1,-1,40.7647,-7.46535,0.025119,8.68e+08,10,125000,1,0,22.0894,-6324.6,1,-127.781,-133,0.436224
47531, 640.318, 16, -1,-1,-1,42.7786,6.94506,0.019953,8.68e+08,10,125000,1,0,3.56019,-9830.43,0,-134.191,-133,0.436224
47533, 640.412, 0, -1,-1,-1,51.6007,-2.3004,0.025119,8.68e+08,11,125000,1,0,8.62293,-17420.3,0,-131.54,-135,0.790528
47545, 640.705, 10, -1,-1,-1,29.0987,31.7557,0.015849,8.68e+08,10,125000,1,0,-15.565,-5140.05,0,-141.294,-133,0.436224
47547, 640.87, 48, -1,-1,-1,56.6076,12.8569,0.015849,8.68e+08,10,125000,1,0,-2.83385,-17545.2,0,-137.338,-133,0.436224
47564, 641.211, 56, -1,-1,-1,34.5758,13.0619,0.019953,8.68e+08,12,125000,1,0,-3.03751,-4279.73,0,-136.404,-137,1.58106
47566, 641.301, 38, -1,-1,-1,46.6172,18.1503,0.019953,8.68e+08,11,125000,1,0,-4.18399,-12555,0,-136.79,-135,0.790528
47568, 641.384, 41, -1,-1,-1,57.7942,23.9073,0.019953,8.68e+08,10,125000,1,0,-7.9004,-17201.1,0,-138.001,-133,0.436224
47570, 641.451, 20, -1,-1,-1,39.7553,-9.35268,0.019953,8.68e+08,10,125000,1,0,26.1009,-4032.66,0,-127.866,-133,0.436224
47582, 641.923, 15, -1,-1,-1,46.2746,7.09545,0.019953,8.68e+08,10,125000,1,0,3.26432,-12567.8,0,-134.29,-133,0.436224
47589, 642.559, 2, -1,-1,-1,52.1594,14.5236,0.019953,8.68e+08,12,125000,1,0,-2.53155,-15620.6,0,-136.238,-137,1.58106
47611, 643.167, 28, -1,-1,-1,54.4004,13.1066,0.019953,8.68e+08,10,125000,1,0,-2.38569,-16755.2,0,-136.188,-133,0.436224
47618, 643.225, 22, -1,-1,-1,51.0484,10.8218,0.025119,8.68e+08,10,125000,1,0,-0.255554,-15392.1,0,-134.472,-133,0.436224
47625, 643.394, 31, -1,-1,-1,55.2698,20.8384,0.019953,8.68e+08,12,125000,1,0,-6.23235,-16542.8,0,-137.463,-137,1.58106
47627, 643.468, 43, -1,-1,-1,55.2559,26.0605,0.025119,8.68e+08,10,125000,1,0,-8.58746,-16314.5,0,-137.22,-133,0.436224
47629, 643.639, 32, -1,-1,-1,50.6742,17.0701,0.019953,8.68e+08,11,125000,1,0,-3.79762,-14809.1,0,-136.661,-135,0.790528
47631, 643.657, 45, -1,-1,-1,49.1516,25.5874,0.025119,8.68e+08,12,125000,1,0,-8.19935,-13867.8,0,-137.097,-137,1.58106
47633, 643.997, 23, -1,-1,-1,52.3551,9.17867,0.015849,8.68e+08,11,125000,1,0,0.343855,-16214.1,0,-136.269,-135,0.790528
47635, 644.023, 8, -1,-1,-1,60.9564,9.93245,0.015849,8.68e+08,11,125000,1,0,-3.58018,-18965.7,0,-137.586,-135,0.790528
47652, 645.371, 35, -1,-1,-1,44.8964,23.9506,0.019953,8.68e+08,11,125000,1,0,-7.72619,-11876.6,0,-137.945,-135,0.790528
47654, 645.746, 37, -1,-1,-1,40.6397,25.2461,0.019953,8.68e+08,10,125000,1,0,-9.09754,-9791.43,0,-138.379,-133,0.436224
47656, 645.815, 9, -1,-1,-1,38.2779,25.7475,0.015849,8.68e+08,11,125000,1,0,-9.86305,-8621.66,0,-139.617,-135,0.790528
47678, 647.347, 33, -1,-1,-1,48.5351,16.7675,0.019953,8.68e+08,10,125000,1,0,-3.62404,-13840.3,0,-136.603,-133,0.436224
47680, 647.635, 46, -1,-1,-1,54.0139,24.7077,0.019953,8.68e+08,11,125000,1,0,-8.04442,-16000.1,0,-138.047,-135,0.790528
47682, 647.735, 40, -1,-1,-1,59.1236,25.6898,0.015849,8.68e+08,10,125000,1,0,-9.0715,-17591.9,0,-139.372,-133,0.436224
47695, 647.952, 55, -1,-1,-1,29.3409,-14.2582,0.025119,8.68e+08,12,125000,1,0,17.5906,14068.1,1,-128.912,-137,1.58106
47707, 648.175, 42, -1,-1,-1,55.9659,22.2357,0.019953,8.68e+08,10,125000,1,0,-7.20562,-16825.8,0,-137.778,-133,0.436224
47714, 648.326, 51, -1,-1,-1,42.2294,28.194,0.015849,8.68e+08,10,125000,1,0,-10.4594,-10878.8,0,-139.802,-133,0.436224
47716, 648.425, 19, -1,-1,-1,38.0115,0.007687,0.015849,8.68e+08,10,125000,1,0,9.372,-4593.67,0,-133.305,-133,0.436224
47728, 648.629, 5, -1,-1,-1,53.0128,4.81756,0.019953,8.68e+08,10,125000,1,0,2.39166,-17137.5,0,-134.579,-133,0.436224
47730, 649.056, 30, -1,-1,-1,50.4166,22.3874,0.025119,8.68e+08,10,125000,1,0,-6.80842,-14651.3,0,-136.65,-133,0.436224
47743, 649.362, 3, -1,-1,-1,38.8081,-3.66631,0.019953,8.68e+08,11,125000,1,0,14.4569,-4802.84,1,-130.783,-135,0.790528
47750, 649.545, 18, -1,-1,-1,41.6718,4.40735,0.025119,8.68e+08,12,125000,1,0,5.46376,-9010.55,0,-132.56,-137,1.58106
47762, 649.811, 7, -1,-1,-1,48.8156,14.5218,0.025119,8.68e+08,10,125000,1,0,-2.41728,-14152.8,0,-135.199,-133,0.436224
47764, 649.938, 17, -1,-1,-1,49.9949,1.85453,0.025119,8.68e+08,11,125000,1,0,5.81767,-15984.1,0,-132.443,-135,0.790528
47776, 650.378, 14, -1,-1,-1,53.9616,-4.16799,0.025119,8.68e+08,10,125000,1,0,6.95101,-18767,0,-132.072,-133,0.436224
47778, 650.401, 29, -1,-1,-1,51.2316,20.2503,0.019953,8.68e+08,11,125000,1,0,-5.79994,-15111.2,0,-137.321,-135,0.790528
47795, 650.692, 12, -1,-1,-1,53.1839,-3.87715,0.019953,8.68e+08,12,125000,1,0,7.56813,-18442.9,0,-132.874,-137,1.58106
47802, 650.944, 24, -1,-1,-1,49.1334,13.5818,0.015849,8.68e+08,10,125000,1,0,-1.93356,-14409,0,-137.036,-133,0.436224
47924, 651.054, 47, -1,-1,-1,60.7806,1.83536,0.015849,8.68e+08,11,125000,1,0,-1.07006,-19604.8,0,-136.742,-135,0.790528
47931, 651.194, 44, -1,-1,-1,48.915,29.8997,0.015849,8.68e+08,10,125000,1,0,-10.6004,-13981.6,0,-139.847,-133,0.436224
47938, 651.224, 1, -1,-1,-1,49.3743,3.30528,0.015849,8.68e+08,11,125000,1,0,4.92566,-15449.5,0,-134.736,-135,0.790528
47940, 651.275, 58, -1,-1,-1,62.6808,-4.27248,0.015849,8.68e+08,12,125000,1,0,-0.745179,-20055.2,0,-136.632,-137,1.58106
47942, 651.359, 13, -1,-1,-1,57.1683,-5.07194,0.015849,8.68e+08,11,125000,1,0,4.30436,-19616.6,0,-134.938,-135,0.790528
47945, 651.633, 20, -1,-1,-1,39.7553,-9.35268,0.019953,8.68e+08,10,125000,1,0,25.5453,-5379.62,1,-127.986,-133,0.436224
47952, 652.323, 41, -1,-1,-1,57.7942,23.9073,0.019953,8.68e+08,10,125000,1,0,-8.35982,-17383.5,0,-138.146,-133,0.436224
47959, 652.739, 6, -1,-1,-1,57.9389,19.5301,0.019953,8.68e+08,12,125000,1,0,-6.59506,-17667.2,0,-137.579,-137,1.58106
47961, 652.841, 10, -1,-1,-1,29.0987,31.7557,0.015849,8.68e+08,10,125000,1,0,-15.7047,-5520.61,0,-141.333,-133,0.436224
47978, 654.094, 53, -1,-1,-1,65.3284,-19.1561,0.025119,8.68e+08,10,125000,1,0,-1.48294,-19780.8,0,-134.879,-133,0.436224
47990, 654.398, 39, -1,-1,-1,44.7388,20.1372,0.015849,8.68e+08,10,125000,1,0,-5.87941,-11985.5,0,-138.347,-133,0.436224
47992, 654.636, 59, -1,-1,-1,70.3446,16.3551,0.019953,8.68e+08,10,125000,1,0,-10.1905,-19715.9,0,-138.718,-133,0.436224
47999, 655.149, 38, -1,-1,-1,46.6172,18.1503,0.019953,8.68e+08,11,125000,1,0,-4.65951,-13011.1,0,-136.946,-135,0.790528
48002, 655.292, 2, -1,-1,-1,52.1594,14.5236,0.019953,8.68e+08,12,125000,1,0,-3.09905,-15948.8,1,-136.426,-137,1.58106
48009, 655.744, 28, -1,-1,-1,54.4004,13.1066,0.019953,8.68e+08,10,125000,1,0,-2.98744,-17032,0,-136.388,-133,0.436224
48011, 655.794, 34, -1,-1,-1,47.8921,18.1051,0.019953,8.68e+08,11,125000,1,0,-4.66877,-13713,0,-136.949,-135,0.790528
48053, 656.844, 15, -1,-1,-1,46.2746,7.09545,0.019953,8.68e+08,10,125000,1,0,2.5854,-13215.1,0,-134.515,-133,0.436224
48055, 656.867, 57, -1,-1,-1,36.1272,33.7657,0.019953,8.68e+08,10,125000,1,0,-14.8056,-8895.68,0,-140.084,-133,0.436224
48057, 656.921, 49, -1,-1,-1,45.6929,9.55674,0.015849,8.68e+08,10,125000,1,0,0.829522,-12693.3,0,-136.105,-133,0.436224
48069, 657.146, 48, -1,-1,-1,56.6076,12.8569,0.015849,8.68e+08,10,125000,1,0,-3.63495,-17847.7,0,-137.604,-133,0.436224
48071, 657.184, 4, -1,-1,-1,42.7292,12.7851,0.025119,8.68e+08,11,125000,1,0,-1.45288,-10644.4,0,-134.874,-135,0.790528
48078, 657.445, 9, -1,-1,-1,38.2779,25.7475,0.015849,8.68e+08,11,125000,1,0,-10.1025,-9016.03,0,-139.691,-135,0.790528
48080, 657.456, 27, -1,-1,-1,50.9263,3.96498,0.019953,8.68e+08,12,125000,1,0,3.45723,-16442.9,0,-134.222,-137,1.58106
48092, 657.619, 11, -1,-1,-1,55.1052,36.446,0.025119,8.68e+08,11,125000,1,0,-13.3614,-16213.2,0,-138.673,-135,0.790528
48094, 657.834, 46, -1,-1,-1,54.0139,24.7077,0.019953,8.68e+08,11,125000,1,0,-8.44117,-16205.8,0,-138.172,-135,0.790528
48096, 657.871, 36, -1,-1,-1,42.8721,21.2682,0.025119,8.68e+08,11,125000,1,0,-6.80331,-11108.1,0,-136.647,-135,0.790528
48103, 658.225, 54, -1,-1,-1,31.4019,-15.4743,0.015849,8.68e+08,11,125000,1,0,25.0863,12624.7,0,-129.082,-135,0.790528
48105, 658.378, 0, -1,-1,-1,51.6007,-2.3004,0.025119,8.68e+08,11,125000,1,0,7.22153,-17762,0,-131.985,-135,0.790528
48107, 658.924, 50, -1,-1,-1,39.8689,16.152,0.019953,8.68e+08,11,125000,1,0,-4.11391,-9027.96,0,-136.764,-135,0.790528
48114, 659.137, 55, -1,-1,-1,29.3409,-14.2582,0.025119,8.68e+08,12,125000,1,0,18.7493,13294.4,0,-128.606,-137,1.58106
48127, 660.166, 21, -1,-1,-1,40.7647,-7.46535,0.025119,8.68e+08,10,125000,1,0,20.7507,-8337.5,1,-128.104,-133,0.436224
48134, 660.502, 26, -1,-1,-1,48.2338,8.18102,0.015849,8.68e+08,11,125000,1,0,1.27639,-14556.9,0,-135.954,-135,0.790528
48136, 660.692, 45, -1,-1,-1,49.1516,25.5874,0.025119,8.68e+08,12,125000,1,0,-8.77652,-14298.4,0,-137.278,-137,1.58106
48138, 660.856, 22, -1,-1,-1,51.0484,10.8218,0.025119,8.68e+08,10,125000,1,0,-1.09419,-15720.9,0,-134.752,-133,0.436224
48150, 661.84, 35, -1,-1,-1,44.8964,23.9506,0.019953,8.68e+08,11,125000,1,0,-8.21197,-12197.6,0,-138.099,-135,0.790528
48157, 662.186, 52, -1,-1,-1,38.853,34.58,0.019953,8.68e+08,11,125000,1,0,-14.6811,-10057.2,0,-140.05,-135,0.790528
48159, 662.454, 16, -1,-1,-1,42.7786,6.94506,0.019953,8.68e+08,10,125000,1,0,2.75148,-10650.1,0,-134.459,-133,0.436224
48176, 663.283, 5, -1,-1,-1,53.0128,4.81756,0.019953,8.68e+08,10,125000,1,0,1.53649,-17319.4,0,-134.864,-133,0.436224
48188, 663.905, 25, -1,-1,-1,47.4666,6.98245,0.025119,8.68e+08,10,125000,1,0,2.10879,-14140.2,0,-133.673,-133,0.436224
48201, 664.213, 56, -1,-1,-1,34.5758,13.0619,0.019953,8.68e+08,12,125000,1,0,-3.34008,-5094.75,1,-136.504,-137,1.58106
48208, 664.347, 6, -1,-1,-1,57.9389,19.5301,0.019953,8.68e+08,12,125000,1,0,-7.10876,-17667.1,0,-137.744,-137,1.58106
48210, 664.376, 23, -1,-1,-1,52.3551,9.17867,0.015849,8.68e+08,11,125000,1,0,-0.69557,-16567.6,0,-136.617,-135,0.790528
48212, 664.507, 14, -1,-1,-1,53.9616,-4.16799,0.025119,8.68e+08,10,125000,1,0,5.85069,-18865.1,0,-132.428,-133,0.436224
48229, 664.696, 8, -1,-1,-1,60.9564,9.93245,0.015849,8.68e+08,11,125000,1,0,-4.64495,-19041.8,0,-137.937,-135,0.790528
48237, 664.951, 20, -1,-1,-1,39.7553,-9.35268,0.019953,8.68e+08,10,125000,1,0,24.6455,-6813.16,1,-128.183,-133,0.436224
48244, 665.086, 40, -1,-1,-1,59.1236,25.6898,0.015849,8.68e+08,10,125000,1,0,-9.79335,-17655.1,0,-139.596,-133,0.436224
48246, 665.097, 17, -1,-1,-1,49.9949,1.85453,0.025119,8.68e+08,11,125000,1,0,4.85369,-16311.3,0,-132.757,-135,0.790528
48248, 665.236, 7, -1,-1,-1,48.8156,14.5218,0.025119,8.68e+08,10,125000,1,0,-3.0426,-14452,0,-135.406,-133,0.436224
48255, 665.373, 29, -1,-1,-1,51.2316,20.2503,0.019953,8.68e+08,11,125000,1,0,-6.38222,-15296.9,0,-137.51,-135,0.790528
48257, 665.45, 51, -1,-1,-1,42.2294,28.194,0.015849,8.68e+08,10,125000,1,0,-10.896,-11199,0,-139.935,-133,0.436224
48264, 665.696, 43, -1,-1,-1,55.2559,26.0605,0.025119,8.68e+08,10,125000,1,0,-9.45822,-16536.6,0,-137.492,-133,0.436224
48276, 666.522, 39, -1,-1,-1,44.7388,20.1372,0.015849,8.68e+08,10,125000,1,0,-6.25455,-12206.8,0,-138.468,-133,0.436224
48288, 667.241, 58, -1,-1,-1,62.6808,-4.27248,0.015849,8.68e+08,12,125000,1,0,-1.69901,-20017.8,0,-136.951,-137,1.58106
48290, 667.424, 32, -1,-1,-1,50.6742,17.0701,0.019953,8.68e+08,11,125000,1,0,-4.76319,-15265.3,0,-136.978,-135,0.790528
48293, 667.787, 12, -1,-1,-1,53.1839,-3.87715,0.019953,8.68e+08,12,125000,1,0,6.22466,-18637.2,1,-133.306,-137,1.58106
48295, 668.251, 31, -1,-1,-1,55.2698,20.8384,0.019953,8.68e+08,12,125000,1,0,-7.27628,-16838.4,0,-137.799,-137,1.58106
48322, 669.284, 19, -1,-1,-1,38.0115,0.007687,0.015849,8.68e+08,10,125000,1,0,8.84034,-6048.53,0,-133.47,-133,0.436224
48324, 669.297, 13, -1,-1,-1,57.1683,-5.07194,0.015849,8.68e+08,11,125000,1,0,3.02237,-19678.9,0,-135.363,-135,0.790528
48326, 669.343, 37, -1,-1,-1,40.6397,25.2461,0.019953,8.68e+08,10,125000,1,0,-9.66174,-10380.8,0,-138.554,-133,0.436224
48328, 669.376, 15, -1,-1,-1,46.2746,7.09545,0.019953,8.68e+08,10,125000,1,0,2.01062,-13555.2,0,-134.706,-133,0.436224
48335, 669.509, 36, -1,-1,-1,42.8721,21.2682,0.025119,8.68e+08,11,125000,1,0,-7.12878,-11323.5,0,-136.751,-135,0.790528
48342, 669.813, 33, -1,-1,-1,48.5351,16.7675,0.019953,8.68e+08,10,125000,1,0,-4.48312,-14335.1,0,-136.886,-133,0.436224
48354, 670.655, 34, -1,-1,-1,47.8921,18.1051,0.019953,8.68e+08,11,125000,1,0,-5.21096,-13978,0,-137.126,-135,0.790528
48376, 671.148, 11, -1,-1,-1,55.1052,36.446,0.025119,8.68e+08,11,125000,1,0,-13.8416,-16234,0,-138.812,-135,0.790528
48383, 671.313, 18, -1,-1,-1,41.6718,4.40735,0.025119,8.68e+08,12,125000,1,0,4.65268,-10103.8,0,-132.825,-137,1.58106
48385, 671.439, 44, -1,-1,-1,48.915,29.8997,0.015849,8.68e+08,10,125000,1,0,-11.2548,-14259.9,0,-140.045,-133,0.436224
48387, 671.486, 42, -1,-1,-1,55.9659,22.2357,0.019953,8.68e+08,10,125000,1,0,-8.17361,-17059.5,0,-138.085,-133,0.436224
48395, 671.546, 3, -1,-1,-1,38.8081,-3.66631,0.019953,8.68e+08,11,125000,1,0,13.6705,-6650.57,1,-131.006,-135,0.790528
48402, 671.842, 4, -1,-1,-1,42.7292,12.7851,0.025119,8.68e+08,11,125000,1,0,-1.91961,-11090.4,0,-135.03,-135,0.790528
48409, 671.928, 22, -1,-1,-1,51.0484,10.8218,0.025119,8.68e+08,10,125000,1,0,-1.61671,-16019.4,0,-134.927,-133,0.436224
48411, 672.051, 30, -1,-1,-1,50.4166,22.3874,0.025119,8.68e+08,10,125000,1,0,-7.65458,-15033,0,-136.92,-133,0.436224
48413, 672.076, 47, -1,-1,-1,60.7806,1.83536,0.015849,8.68e+08,11,125000,1,0,-2.279,-19659.8,0,-137.146,-135,0.790528
48421, 672.708, 54, -1,-1,-1,31.4019,-15.4743,0.015849,8.68e+08,11,125000,1,0,27.0905,11460.4,1,-128.647,-135,0.790528
48433, 673.414, 9, -1,-1,-1,38.2779,25.7475,0.015849,8.68e+08,11,125000,1,0,-10.4418,-9364.11,0,-139.794,-135,0.790528
48440, 673.666, 41, -1,-1,-1,57.7942,23.9073,0.019953,8.68e+08,10,125000,1,0,-9.24819,-17531.7,0,-138.425,-133,0.436224
48442, 673.937, 26, -1,-1,-1,48.2338,8.18102,0.015849,8.68e+08,11,125000,1,0,0.638036,-14844.7,0,-136.167,-135,0.790528
48464, 674.354, 46, -1,-1,-1,54.0139,24.7077,0.019953,8.68e+08,11,125000,1,0,-9.08186,-16340,0,-138.373,-135,0.790528
48476, 674.813, 1, -1,-1,-1,49.3743,3.30528,0.015849,8.68e+08,11,125000,1,0,3.53814,-16075.2,0,-135.193,-135,0.790528
48479, 674.922, 21, -1,-1,-1,40.7647,-7.46535,0.025119,8.68e+08,10,125000,1,0,19.633,-9591.21,1,-128.382,-133,0.436224
48506, 675.481, 10, -1,-1,-1,29.0987,31.7557,0.015849,8.68e+08,10,125000,1,0,-15.9826,-6021.92,0,-141.409,-133,0.436224
48508, 675.518, 25, -1,-1,-1,47.4666,6.98245,0.025119,8.68e+08,10,125000,1,0,1.54799,-14563.8,0,-133.86,-133,0.436224
48516, 675.686, 55, -1,-1,-1,29.3409,-14.2582,0.025119,8.68e+08,12,125000,1,0,20.4829,12228.8,1,-128.163,-137,1.58106
48518, 675.693, 49, -1,-1,-1,45.6929,9.55674,0.015849,8.68e+08,10,125000,1,0,0.057521,-13262.2,0,-136.363,-133,0.436224
48520, 675.87, 27, -1,-1,-1,50.9263,3.96498,0.019953,8.68e+08,12,125000,1,0,2.38231,-16795,0,-134.579,-137,1.58106
48522, 675.894, 2, -1,-1,-1,52.1594,14.5236,0.019953,8.68e+08,12,125000,1,0,-4.01044,-16268.6,0,-136.728,-137,1.58106
48524, 675.91, 24, -1,-1,-1,49.1334,13.5818,0.015849,8.68e+08,10,125000,1,0,-2.97958,-14981.5,0,-137.384,-133,0.436224
48526, 676.1, 29, -1,-1,-1,51.2316,20.2503,0.019953,8.68e+08,11,125000,1,0,-6.79904,-15548.2,0,-137.644,-135,0.790528
48528, 676.104, 59, -1,-1,-1,70.3446,16.3551,0.019953,8.68e+08,10,125000,1,0,-11.1594,-19684,0,-139.013,-133,0.436224
48530, 676.152, 56, -1,-1,-1,34.5758,13.0619,0.019953,8.68e+08,12,125000,1,0,-3.51936,-5672.83,0,-136.563,-137,1.58106
48542, 677.825, 28, -1,-1,-1,54.4004,13.1066,0.019953,8.68e+08,10,125000,1,0,-4.02864,-17305.8,0,-136.733,-133,0.436224
48549, 678.115, 38, -1,-1,-1,46.6172,18.1503,0.019953,8.68e+08,11,125000,1,0,-5.45895,-13550,0,-137.207,-135,0.790528
48561, 678.55, 53, -1,-1,-1,65.3284,-19.1561,0.025119,8.68e+08,10,125000,1,0,-2.87367,-19841,0,-135.343,-133,0.436224
48563, 678.568, 5, -1,-1,-1,53.0128,4.81756,0.019953,8.68e+08,10,125000,1,0,0.664863,-17669.8,0,-135.156,-133,0.436224
48565, 678.605, 40, -1,-1,-1,59.1236,25.6898,0.015849,8.68e+08,10,125000,1,0,-10.3509,-17848.3,0,-139.767,-133,0.436224
48572, 679.59, 48, -1,-1,-1,56.6076,12.8569,0.015849,8.68e+08,10,125000,1,0,-4.71735,-18052.6,0,-137.96,-133,0.436224
48604, 680.153, 57, -1,-1,-1,36.1272,33.7657,0.019953,8.68e+08,10,125000,1,0,-15.2602,-9357.51,0,-140.212,-133,0.436224
48611, 680.414, 35, -1,-1,-1,44.8964,23.9506,0.019953,8.68e+08,11,125000,1,0,-8.76949,-12736.7,0,-138.274,-135,0.790528
48618, 680.478, 33, -1,-1,-1,48.5351,16.7675,0.019953,8.68e+08,10,125000,1,0,-4.8926,-14457.5,0,-137.02,-133,0.436224
48625, 680.75, 23, -1,-1,-1,52.3551,9.17867,0.015849,8.68e+08,11,125000,1,0,-1.51659,-16959.8,0,-136.892,-135,0.790528
48627, 680.811, 32, -1,-1,-1,50.6742,17.0701,0.019953,8.68e+08,11,125000,1,0,-5.30558,-15418.8,0,-137.156,-135,0.790528
48634, 680.937, 50, -1,-1,-1,39.8689,16.152,0.019953,8.68e+08,11,125000,1,0,-4.6655,-9588.51,0,-136.945,-135,0.790528
48641, 681.117, 34, -1,-1,-1,47.8921,18.1051,0.019953,8.68e+08,11,125000,1,0,-5.59457,-14097,0,-137.251,-135,0.790528
48643, 681.296, 51, -1,-1,-1,42.2294,28.194,0.015849,8.68e+08,10,125000,1,0,-11.3087,-11462.5,0,-140.059,-133,0.436224
48645, 681.319, 8, -1,-1,-1,60.9564,9.93245,0.015849,8.68e+08,11,125000,1,0,-5.47957,-19052,0,-138.211,-135,0.790528
48652, 681.739, 0, -1,-1,-1,51.6007,-2.3004,0.025119,8.68e+08,11,125000,1,0,5.49763,-17991.1,0,-132.542,-135,0.790528
48669, 682.048, 45, -1,-1,-1,49.1516,25.5874,0.025119,8.68e+08,12,125000,1,0,-9.50477,-14440.4,0,-137.505,-137,1.58106
48671, 682.24, 19, -1,-1,-1,38.0115,0.007687,0.015849,8.68e+08,10,125000,1,0,8.44946,-6839.56,0,-133.592,-133,0.436224
48673, 682.822, 52, -1,-1,-1,38.853,34.58,0.019953,8.68e+08,11,125000,1,0,-15.1408,-10408,0,-140.179,-135,0.790528
48675, 682.909, 18, -1,-1,-1,41.6718,4.40735,0.025119,8.68e+08,12,125000,1,0,4.19835,-10563.6,0,-132.974,-137,1.58106
48687, 683.517, 31, -1,-1,-1,55.2698,20.8384,0.019953,8.68e+08,12,125000,1,0,-7.91118,-16927.1,0,-138.001,-137,1.58106
48689, 683.521, 16, -1,-1,-1,42.7786,6.94506,0.019953,8.68e+08,10,125000,1,0,1.94347,-11492.9,0,-134.727,-133,0.436224
48696, 683.724, 4, -1,-1,-1,42.7292,12.7851,0.025119,8.68e+08,11,125000,1,0,-2.30703,-11397.3,0,-135.158,-135,0.790528
48708, 684.471, 13, -1,-1,-1,57.1683,-5.07194,0.015849,8.68e+08,11,125000,1,0,1.98804,-19687.4,0,-135.707,-135,0.790528
48710, 684.924, 26, -1,-1,-1,48.2338,8.18102,0.015849,8.68e+08,11,125000,1,0,0.117512,-15026.3,0,-136.341,-135,0.790528
48727, 685.533, 14, -1,-1,-1,53.9616,-4.16799,0.025119,8.68e+08,10,125000,1,0,4.29903,-19065.6,0,-132.936,-133,0.436224
48734, 685.715, 42, -1,-1,-1,55.9659,22.2357,0.019953,8.68e+08,10,125000,1,0,-8.75911,-17112.3,0,-138.27,-133,0.436224
48737, 685.799, 20, -1,-1,-1,39.7553,-9.35268,0.019953,8.68e+08,10,125000,1,0,22.9364,-8966.61,1,-128.572,-133,0.436224
48744, 686.027, 58, -1,-1,-1,62.6808,-4.27248,0.015849,8.68e+08,12,125000,1,0,-2.78142,-20000.6,0,-137.312,-137,1.58106
48746, 686.09, 37, -1,-1,-1,40.6397,25.2461,0.019953,8.68e+08,10,125000,1,0,-10.0762,-10721.6,0,-138.681,-133,0.436224
48749, 686.628, 17, -1,-1,-1,49.9949,1.85453,0.025119,8.68e+08,11,125000,1,0,3.52214,-16780.5,1,-133.196,-135,0.790528
48772, 687.686, 3, -1,-1,-1,38.8081,-3.66631,0.019953,8.68e+08,11,125000,1,0,12.9761,-7845.08,1,-131.206,-135,0.790528
48774, 687.72, 46, -1,-1,-1,54.0139,24.7077,0.019953,8.68e+08,11,125000,1,0,-9.59834,-16398.9,0,-138.533,-135,0.790528
48781, 687.977, 44, -1,-1,-1,48.915,29.8997,0.015849,8.68e+08,10,125000,1,0,-11.7926,-14432.8,0,-140.206,-133,0.436224
48788, 688.446, 15, -1,-1,-1,46.2746,7.09545,0.019953,8.68e+08,10,125000,1,0,1.13182,-14106.8,0,-134.999,-133,0.436224
48805, 689.262, 53, -1,-1,-1,65.3284,-19.1561,0.025119,8.68e+08,10,125000,1,0,-3.463,-19747.6,0,-135.539,-133,0.436224
48808, 689.262, 56, -1,-1,-1,34.5758,13.0619,0.019953,8.68e+08,12,125000,1,0,-3.73278,-6129.63,1,-136.633,-137,1.58106
48810, 689.339, 6, -1,-1,-1,57.9389,19.5301,0.019953,8.68e+08,12,125000,1,0,-8.19998,-17861.4,0,-138.092,-137,1.58106
48817, 689.452, 39, -1,-1,-1,44.7388,20.1372,0.015849,8.68e+08,10,125000,1,0,-6.9769,-12741.8,0,-138.7,-133,0.436224
48819, 689.698, 7, -1,-1,-1,48.8156,14.5218,0.025119,8.68e+08,10,125000,1,0,-4.03594,-14972.8,0,-135.735,-133,0.436224
48821, 689.812, 22, -1,-1,-1,51.0484,10.8218,0.025119,8.68e+08,10,125000,1,0,-2.45339,-16295,0,-135.206,-133,0.436224
48838, 690.618, 43, -1,-1,-1,55.2559,26.0605,0.025119,8.68e+08,10,125000,1,0,-10.4276,-16777,0,-137.79,-133,0.436224
48840, 691.138, 36, -1,-1,-1,42.8721,21.2682,0.025119,8.68e+08,11,125000,1,0,-7.7477,-11840.5,0,-136.948,-135,0.790528
48853, 691.897, 12, -1,-1,-1,53.1839,-3.87715,0.019953,8.68e+08,12,125000,1,0,4.44404,-18929,1,-133.887,-137,1.58106
48860, 692.002, 9, -1,-1,-1,38.2779,25.7475,0.015849,8.68e+08,11,125000,1,0,-10.8512,-9776.81,0,-139.919,-135,0.790528
48863, 692.179, 54, -1,-1,-1,31.4019,-15.4743,0.015849,8.68e+08,11,125000,1,0,29.7207,9498.12,1,-128.109,-135,0.790528
48870, 692.417, 41, -1,-1,-1,57.7942,23.9073,0.019953,8.68e+08,10,125000,1,0,-10.0202,-17620.5,0,-138.664,-133,0.436224
48897, 693.026, 25, -1,-1,-1,47.4666,6.98245,0.025119,8.68e+08,10,125000,1,0,0.70472,-14987.3,0,-134.142,-133,0.436224
48904, 693.122, 11, -1,-1,-1,55.1052,36.446,0.025119,8.68e+08,11,125000,1,0,-14.6202,-16377.5,0,-139.033,-135,0.790528
48906, 693.298, 32, -1,-1,-1,50.6742,17.0701,0.019953,8.68e+08,11,125000,1,0,-5.81038,-15716.9,0,-137.32,-135,0.790528
48913, 693.361, 24, -1,-1,-1,49.1334,13.5818,0.015849,8.68e+08,10,125000,1,0,-3.70985,-15287,0,-137.626,-133,0.436224
48920, 693.881, 29, -1,-1,-1,51.2316,20.2503,0.019953,8.68e+08,11,125000,1,0,-7.4889,-15764,0,-137.865,-135,0.790528
48927, 694.125, 45, -1,-1,-1,49.1516,25.5874,0.025119,8.68e+08,12,125000,1,0,-9.91841,-14717.9,0,-137.633,-137,1.58106
48934, 694.223, 47, -1,-1,-1,60.7806,1.83536,0.015849,8.68e+08,11,125000,1,0,-3.5027,-19711.3,0,-137.553,-135,0.790528
48951, 694.416, 2, -1,-1,-1,52.1594,14.5236,0.019953,8.68e+08,12,125000,1,0,-4.82197,-16504.6,0,-136.995,-137,1.58106
48953, 694.649, 33, -1,-1,-1,48.5351,16.7675,0.019953,8.68e+08,10,125000,1,0,-5.43771,-14839.9,0,-137.198,-133,0.436224
48965, 694.783, 35, -1,-1,-1,44.8964,23.9506,0.019953,8.68e+08,11,125000,1,0,-9.20695,-12955.2,0,-138.411,-135,0.790528
48968, 694.913, 55, -1,-1,-1,29.3409,-14.2582,0.025119,8.68e+08,12,125000,1,0,22.4799,10726.1,1,-127.675,-137,1.58106
48970, 695.112, 26, -1,-1,-1,48.2338,8.18102,0.015849,8.68e+08,11,125000,1,0,-0.363509,-15341.1,0,-136.502,-135,0.790528
48972, 695.119, 49, -1,-1,-1,45.6929,9.55674,0.015849,8.68e+08,10,125000,1,0,-0.750541,-13798.3,0,-136.633,-133,0.436224
48974, 695.202, 52, -1,-1,-1,38.853,34.58,0.019953,8.68e+08,11,125000,1,0,-15.4226,-10729.5,0,-140.257,-135,0.790528
48976, 695.486, 0, -1,-1,-1,51.6007,-2.3004,0.025119,8.68e+08,11,125000,1,0,4.53087,-18309.9,0,-132.859,-135,0.790528
48978, 695.903, 31, -1,-1,-1,55.2698,20.8384,0.019953,8.68e+08,12,125000,1,0,-8.42283,-17143.5,0,-138.162,-137,1.58106
49000, 696.355, 37, -1,-1,-1,40.6397,25.2461,0.019953,8.68e+08,10,125000,1,0,-10.3355,-11033,0,-138.761,-133,0.436224
49007, 696.409, 59, -1,-1,-1,70.3446,16.3551,0.019953,8.68e+08,10,125000,1,0,-12.0584,-19637.3,0,-139.283,-133,0.436224
49009, 696.475, 30, -1,-1,-1,50.4166,22.3874,0.025119,8.68e+08,10,125000,1,0,-8.55493,-15405.7,0,-137.205,-133,0.436224
49036, 697.157, 38, -1,-1,-1,46.6172,18.1503,0.019953,8.68e+08,11,125000,1,0,-6.12993,-13926.8,0,-137.425,-135,0.790528
49038, 697.328, 5, -1,-1,-1,53.0128,4.81756,0.019953,8.68e+08,10,125000,1,0,-0.377904,-17886.6,0,-135.505,-133,0.436224
49040, 697.373, 1, -1,-1,-1,49.3743,3.30528,0.015849,8.68e+08,11,125000,1,0,2.24585,-16575.5,0,-135.622,-135,0.790528
49042, 697.553, 23, -1,-1,-1,52.3551,9.17867,0.015849,8.68e+08,11,125000,1,0,-2.34593,-17157.1,0,-137.168,-135,0.790528
49044, 697.632, 50, -1,-1,-1,39.8689,16.152,0.019953,8.68e+08,11,125000,1,0,-5.10435,-10237.8,0,-137.088,-135,0.790528
49046, 697.821, 13, -1,-1,-1,57.1683,-5.07194,0.015849,8.68e+08,11,125000,1,0,1.11193,-19854.4,0,-136,-135,0.790528
49048, 697.864, 27, -1,-1,-1,50.9263,3.96498,0.019953,8.68e+08,12,125000,1,0,1.1334,-17186.6,0,-134.996,-137,1.58106
49065, 698.487, 40, -1,-1,-1,59.1236,25.6898,0.015849,8.68e+08,10,125000,1,0,-11.1633,-17924.5,0,-140.014,-133,0.436224
49068, 698.632, 21, -1,-1,-1,40.7647,-7.46535,0.025119,8.68e+08,10,125000,1,0,17.6833,-11468.4,1,-128.885,-133,0.436224
49075, 698.918, 57, -1,-1,-1,36.1272,33.7657,0.019953,8.68e+08,10,125000,1,0,-15.6399,-9673.11,0,-140.317,-133,0.436224
49082, 699.35, 28, -1,-1,-1,54.4004,13.1066,0.019953,8.68e+08,10,125000,1,0,-5.02524,-17531.8,0,-137.06,-133,0.436224
49089, 699.577, 42, -1,-1,-1,55.9659,22.2357,0.019953,8.68e+08,10,125000,1,0,-9.32559,-17340,0,-138.447,-133,0.436224
49091, 699.98, 10, -1,-1,-1,29.0987,31.7557,0.015849,8.68e+08,10,125000,1,0,-16.3075,-6561.78,0,-141.498,-133,0.436224
49233, 701.199, 16, -1,-1,-1,42.7786,6.94506,0.019953,8.68e+08,10,125000,1,0,1.24376,-12109,0,-134.96,-133,0.436224
49235, 701.247, 53, -1,-1,-1,65.3284,-19.1561,0.025119,8.68e+08,10,125000,1,0,-4.1094,-19662.3,0,-135.753,-133,0.436224
49237, 701.329, 14, -1,-1,-1,53.9616,-4.16799,0.025119,8.68e+08,10,125000,1,0,3.19343,-19141.8,0,-133.302,-133,0.436224
49239, 701.479, 19, -1,-1,-1,38.0115,0.007687,0.015849,8.68e+08,10,125000,1,0,7.79543,-8027.3,0,-133.797,-133,0.436224
49246, 703.405, 8, -1,-1,-1,60.9564,9.93245,0.015849,8.68e+08,11,125000,1,0,-6.56141,-19114.1,0,-138.562,-135,0.790528
49253, 703.881, 48, -1,-1,-1,56.6076,12.8569,0.015849,8.68e+08,10,125000,1,0,-5.86152,-18068,0,-138.334,-133,0.436224
49290, 704.882, 34, -1,-1,-1,47.8921,18.1051,0.019953,8.68e+08,11,125000,1,0,-6.47005,-14555.5,0,-137.535,-135,0.790528
49303, 705.024, 3, -1,-1,-1,38.8081,-3.66631,0.019953,8.68e+08,11,125000,1,0,12.1397,-9041.62,1,-131.452,-135,0.790528
49310, 705.182, 51, -1,-1,-1,42.2294,28.194,0.015849,8.68e+08,10,125000,1,0,-11.9447,-11924.4,0,-140.25,-133,0.436224
49312, 705.188, 4, -1,-1,-1,42.7292,12.7851,0.025119,8.68e+08,11,125000,1,0,-3.02446,-12041.4,0,-135.397,-135,0.790528
49314, 705.382, 47, -1,-1,-1,60.7806,1.83536,0.015849,8.68e+08,11,125000,1,0,-4.10181,-19635.4,0,-137.751,-135,0.790528
49316, 705.386, 20, -1,-1,-1,39.7553,-9.35268,0.019953,8.68e+08,10,125000,1,0,21.1178,-10703.5,0,-129.006,-133,0.436224
49323, 705.429, 43, -1,-1,-1,55.2559,26.0605,0.025119,8.68e+08,10,125000,1,0,-11.0001,-16825.3,0,-137.964,-133,0.436224
49325, 705.539, 18, -1,-1,-1,41.6718,4.40735,0.025119,8.68e+08,12,125000,1,0,3.27726,-11541,0,-133.278,-137,1.58106
49327, 705.74, 2, -1,-1,-1,52.1594,14.5236,0.019953,8.68e+08,12,125000,1,0,-5.31423,-16563,0,-137.156,-137,1.58106
49339, 705.964, 52, -1,-1,-1,38.853,34.58,0.019953,8.68e+08,11,125000,1,0,-15.671,-10801.2,0,-140.326,-135,0.790528
49351, 706.197, 29, -1,-1,-1,51.2316,20.2503,0.019953,8.68e+08,11,125000,1,0,-7.96566,-15841.8,0,-138.016,-135,0.790528
49358, 706.309, 39, -1,-1,-1,44.7388,20.1372,0.015849,8.68e+08,10,125000,1,0,-7.51711,-13056.8,0,-138.873,-133,0.436224
49360, 706.588, 25, -1,-1,-1,47.4666,6.98245,0.025119,8.68e+08,10,125000,1,0,0.054649,-15243,0,-134.36,-133,0.436224
49362, 706.667, 46, -1,-1,-1,54.0139,24.7077,0.019953,8.68e+08,11,125000,1,0,-10.3274,-16543.8,0,-138.758,-135,0.790528
49364, 706.667, 15, -1,-1,-1,46.2746,7.09545,0.019953,8.68e+08,10,125000,1,0,0.290865,-14569.3,0,-135.28,-133,0.436224
49386, 707.441, 7, -1,-1,-1,48.8156,14.5218,0.025119,8.68e+08,10,125000,1,0,-4.75607,-15262.5,0,-135.972,-133,0.436224
49388, 707.448, 44, -1,-1,-1,48.915,29.8997,0.015849,8.68e+08,10,125000,1,0,-12.4291,-14649.3,0,-140.395,-133,0.436224
49401, 707.627, 55, -1,-1,-1,29.3409,-14.2582,0.025119,8.68e+08,12,125000,1,0,23.7513,9667.04,1,-127.377,-137,1.58106
49413, 707.957, 22, -1,-1,-1,51.0484,10.8218,0.025119,8.68e+08,10,125000,1,0,-3.2925,-16542.9,0,-135.484,-133,0.436224
49415, 708.2, 30, -1,-1,-1,50.4166,22.3874,0.025119,8.68e+08,10,125000,1,0,-8.98719,-15472.6,0,-137.34,-133,0.436224
49422, 708.248, 45, -1,-1,-1,49.1516,25.5874,0.025119,8.68e+08,12,125000,1,0,-10.4035,-14841.1,0,-137.781,-137,1.58106
49425, 708.298, 0, -1,-1,-1,51.6007,-2.3004,0.025119,8.68e+08,11,125000,1,0,3.65889,-18398.7,1,-133.146,-135,0.790528
49427, 708.346, 58, -1,-1,-1,62.6808,-4.27248,0.015849,8.68e+08,12,125000,1,0,-4.0178,-20007.8,0,-137.722,-137,1.58106
49439, 708.577, 36, -1,-1,-1,42.8721,21.2682,0.025119,8.68e+08,11,125000,1,0,-8.25847,-12192.9,0,-137.11,-135,0.790528
49446, 708.641, 24, -1,-1,-1,49.1334,13.5818,0.015849,8.68e+08,10,125000,1,0,-4.34762,-15505.3,0,-137.836,-133,0.436224
49448, 708.86, 41, -1,-1,-1,57.7942,23.9073,0.019953,8.68e+08,10,125000,1,0,-10.6908,-17660.8,0,-138.869,-133,0.436224
49455, 709.166, 17, -1,-1,-1,49.9949,1.85453,0.025119,8.68e+08,11,125000,1,0,2.17529,-17202.7,0,-133.644,-135,0.790528
49462, 709.401, 1, -1,-1,-1,49.3743,3.30528,0.015849,8.68e+08,11,125000,1,0,1.57135,-16727.9,0,-135.847,-135,0.790528
49469, 710.136, 5, -1,-1,-1,53.0128,4.81756,0.019953,8.68e+08,10,125000,1,0,-1.07354,-17957.8,0,-135.738,-133,0.436224
49486, 710.59, 6, -1,-1,-1,57.9389,19.5301,0.019953,8.68e+08,12,125000,1,0,-9.11283,-17974.9,0,-138.378,-137,1.58106
49498, 710.785, 33, -1,-1,-1,48.5351,16.7675,0.019953,8.68e+08,10,125000,1,0,-6.05908,-15074,0,-137.4,-133,0.436224
49501, 710.804, 56, -1,-1,-1,34.5758,13.0619,0.019953,8.68e+08,12,125000,1,0,-4.11895,-6955.04,1,-136.76,-137,1.58106
49514, 711.087, 54, -1,-1,-1,31.4019,-15.4743,0.015849,8.68e+08,11,125000,1,0,32.0237,7243.82,1,-127.667,-135,0.790528
49516, 711.295, 9, -1,-1,-1,38.2779,25.7475,0.015849,8.68e+08,11,125000,1,0,-11.2914,-10187.8,0,-140.051,-135,0.790528
49518, 711.479, 23, -1,-1,-1,52.3551,9.17867,0.015849,8.68e+08,11,125000,1,0,-3.02328,-17269.3,0,-137.394,-135,0.790528
49530, 711.517, 26, -1,-1,-1,48.2338,8.18102,0.015849,8.68e+08,11,125000,1,0,-1.13376,-15643.8,0,-136.76,-135,0.790528
49532, 711.844, 38, -1,-1,-1,46.6172,18.1503,0.019953,8.68e+08,11,125000,1,0,-6.65122,-14152.8,0,-137.593,-135,0.790528
49534, 711.872, 11, -1,-1,-1,55.1052,36.446,0.025119,8.68e+08,11,125000,1,0,-15.2828,-16454.7,0,-139.219,-135,0.790528
49536, 711.944, 59, -1,-1,-1,70.3446,16.3551,0.019953,8.68e+08,10,125000,1,0,-12.7358,-19547.9,0,-139.483,-133,0.436224
49548, 713.072, 12, -1,-1,-1,53.1839,-3.87715,0.019953,8.68e+08,12,125000,1,0,2.97622,-19114.3,0,-134.373,-137,1.58106
49555, 713.197, 28, -1,-1,-1,54.4004,13.1066,0.019953,8.68e+08,10,125000,1,0,-5.65705,-17594.9,0,-137.267,-133,0.436224
49557, 713.613, 37, -1,-1,-1,40.6397,25.2461,0.019953,8.68e+08,10,125000,1,0,-10.7797,-11356.8,0,-138.896,-133,0.436224
49559, 713.905, 27, -1,-1,-1,50.9263,3.96498,0.019953,8.68e+08,12,125000,1,0,0.24596,-17386.2,0,-135.293,-137,1.58106
49576, 715.555, 35, -1,-1,-1,44.8964,23.9506,0.019953,8.68e+08,11,125000,1,0,-9.84754,-13323.4,0,-138.609,-135,0.790528
49578, 715.836, 50, -1,-1,-1,39.8689,16.152,0.019953,8.68e+08,11,125000,1,0,-5.60065,-10742.7,0,-137.25,-135,0.790528
49590, 716.096, 8, -1,-1,-1,60.9564,9.93245,0.015849,8.68e+08,11,125000,1,0,-7.17019,-19255.7,0,-138.757,-135,0.790528
49607, 716.856, 34, -1,-1,-1,47.8921,18.1051,0.019953,8.68e+08,11,125000,1,0,-6.91267,-14859.3,0,-137.677,-135,0.790528
49609, 717.008, 13, -1,-1,-1,57.1683,-5.07194,0.015849,8.68e+08,11,125000,1,0,-0.097594,-19889.8,0,-136.405,-135,0.790528
49621, 717.14, 52, -1,-1,-1,38.853,34.58,0.019953,8.68e+08,11,125000,1,0,-15.9322,-11080.9,0,-140.398,-135,0.790528
49638, 717.475, 14, -1,-1,-1,53.9616,-4.16799,0.025119,8.68e+08,10,125000,1,0,2.1104,-19394.4,0,-133.662,-133,0.436224
49640, 717.478, 31, -1,-1,-1,55.2698,20.8384,0.019953,8.68e+08,12,125000,1,0,-9.30672,-17311.2,0,-138.439,-137,1.58106
49642, 717.592, 32, -1,-1,-1,50.6742,17.0701,0.019953,8.68e+08,11,125000,1,0,-6.78854,-16079.2,0,-137.636,-135,0.790528
49644, 717.607, 43, -1,-1,-1,55.2559,26.0605,0.025119,8.68e+08,10,125000,1,0,-11.4687,-17020.1,0,-138.105,-133,0.436224
49651, 717.765, 15, -1,-1,-1,46.2746,7.09545,0.019953,8.68e+08,10,125000,1,0,-0.220604,-14932.3,0,-135.451,-133,0.436224
49654, 717.826, 21, -1,-1,-1,40.7647,-7.46535,0.025119,8.68e+08,10,125000,1,0,16.0394,-12715.6,1,-129.328,-133,0.436224
49661, 718.177, 10, -1,-1,-1,29.0987,31.7557,0.015849,8.68e+08,10,125000,1,0,-16.5645,-6897.85,0,-141.568,-133,0.436224
49663, 718.449, 49, -1,-1,-1,45.6929,9.55674,0.015849,8.68e+08,10,125000,1,0,-1.72801,-14404.6,0,-136.96,-133,0.436224
49666, 718.706, 55, -1,-1,-1,29.3409,-14.2582,0.025119,8.68e+08,12,125000,1,0,24.7978,8436.72,1,-127.138,-137,1.58106
49688, 719.67, 25, -1,-1,-1,47.4666,6.98245,0.025119,8.68e+08,10,125000,1,0,-0.568889,-15633.9,0,-134.568,-133,0.436224
49695, 719.893, 46, -1,-1,-1,54.0139,24.7077,0.019953,8.68e+08,11,125000,1,0,-10.834,-16770.1,0,-138.912,-135,0.790528
49697, 719.955, 29, -1,-1,-1,51.2316,20.2503,0.019953,8.68e+08,11,125000,1,0,-8.49704,-16124.5,0,-138.184,-135,0.790528
49699, 720.05, 47, -1,-1,-1,60.7806,1.83536,0.015849,8.68e+08,11,125000,1,0,-4.87324,-19784.8,0,-138.005,-135,0.790528
49711, 720.315, 19, -1,-1,-1,38.0115,0.007687,0.015849,8.68e+08,10,125000,1,0,7.08366,-9273.5,0,-134.024,-133,0.436224
49714, 720.523, 20, -1,-1,-1,39.7553,-9.35268,0.019953,8.68e+08,10,125000,1,0,19.6416,-11816.7,1,-129.372,-133,0.436224
49731, 721.673, 42, -1,-1,-1,55.9659,22.2357,0.019953,8.68e+08,10,125000,1,0,-10.2209,-17296.9,0,-138.723,-133,0.436224
49733, 721.822, 51, -1,-1,-1,42.2294,28.194,0.015849,8.68e+08,10,125000,1,0,-12.3968,-12166.1,0,-140.383,-133,0.436224
49735, 721.837, 45, -1,-1,-1,49.1516,25.5874,0.025119,8.68e+08,12,125000,1,0,-10.8712,-14938.2,0,-137.924,-137,1.58106
49737, 721.958, 30, -1,-1,-1,50.4166,22.3874,0.025119,8.68e+08,10,125000,1,0,-9.49418,-15569.4,0,-137.498,-133,0.436224
49749, 722.609, 57, -1,-1,-1,36.1272,33.7657,0.019953,8.68e+08,10,125000,1,0,-16.135,-9896.47,0,-140.453,-133,0.436224
49756, 722.925, 40, -1,-1,-1,59.1236,25.6898,0.015849,8.68e+08,10,125000,1,0,-12.1503,-17840.4,0,-140.309,-133,0.436224
49763, 723.577, 38, -1,-1,-1,46.6172,18.1503,0.019953,8.68e+08,11,125000,1,0,-7.06958,-14281.3,0,-137.727,-135,0.790528
49765, 723.704, 5, -1,-1,-1,53.0128,4.81756,0.019953,8.68e+08,10,125000,1,0,-1.79676,-18027.1,0,-135.98,-133,0.436224
49782, 725.007, 16, -1,-1,-1,42.7786,6.94506,0.019953,8.68e+08,10,125000,1,0,0.278932,-12912.8,0,-135.283,-133,0.436224
49785, 725.049, 3, -1,-1,-1,38.8081,-3.66631,0.019953,8.68e+08,11,125000,1,0,11.086,-10318.9,1,-131.766,-135,0.790528
49797, 725.415, 53, -1,-1,-1,65.3284,-19.1561,0.025119,8.68e+08,10,125000,1,0,-5.37491,-19693.9,0,-136.168,-133,0.436224
49799, 725.554, 48, -1,-1,-1,56.6076,12.8569,0.015849,8.68e+08,10,125000,1,0,-6.86014,-18200.4,0,-138.657,-133,0.436224
49826, 726.747, 2, -1,-1,-1,52.1594,14.5236,0.019953,8.68e+08,12,125000,1,0,-6.21953,-16801.1,0,-137.45,-137,1.58106
49828, 726.863, 39, -1,-1,-1,44.7388,20.1372,0.015849,8.68e+08,10,125000,1,0,-8.18446,-13447,0,-139.085,-133,0.436224
49830, 726.982, 4, -1,-1,-1,42.7292,12.7851,0.025119,8.68e+08,11,125000,1,0,-3.77197,-12639.4,0,-135.644,-135,0.790528
49852, 727.454, 59, -1,-1,-1,70.3446,16.3551,0.019953,8.68e+08,10,125000,1,0,-13.4038,-19453.9,0,-139.678,-133,0.436224
49854, 727.812, 41, -1,-1,-1,57.7942,23.9073,0.019953,8.68e+08,10,125000,1,0,-11.4569,-17723.4,0,-139.1,-133,0.436224
49861, 728.022, 17, -1,-1,-1,49.9949,1.85453,0.025119,8.68e+08,11,125000,1,0,1.08431,-17474.5,0,-134.008,-135,0.790528
49864, 728.147, 54, -1,-1,-1,31.4019,-15.4743,0.015849,8.68e+08,11,125000,1,0,33.6811,4956.56,1,-127.365,-135,0.790528
49866, 728.193, 18, -1,-1,-1,41.6718,4.40735,0.025119,8.68e+08,12,125000,1,0,2.32129,-12414.9,0,-133.595,-137,1.58106
49868, 728.224, 31, -1,-1,-1,55.2698,20.8384,0.019953,8.68e+08,12,125000,1,0,-9.7435,-17288.4,0,-138.574,-137,1.58106
49875, 728.286, 12, -1,-1,-1,53.1839,-3.87715,0.019953,8.68e+08,12,125000,1,0,1.97025,-19171.5,0,-134.708,-137,1.58106
49882, 728.677, 26, -1,-1,-1,48.2338,8.18102,0.015849,8.68e+08,11,125000,1,0,-1.93295,-15932.1,0,-137.027,-135,0.790528
49889, 729.025, 34, -1,-1,-1,47.8921,18.1051,0.019953,8.68e+08,11,125000,1,0,-7.36316,-14974.2,0,-137.821,-135,0.790528
49891, 729.263, 7, -1,-1,-1,48.8156,14.5218,0.025119,8.68e+08,10,125000,1,0,-5.63946,-15618.7,0,-136.261,-133,0.436224
49898, 730.139, 6, -1,-1,-1,57.9389,19.5301,0.019953,8.68e+08,12,125000,1,0,-9.94111,-18046.8,0,-138.635,-137,1.58106
49905, 730.21, 10, -1,-1,-1,29.0987,31.7557,0.015849,8.68e+08,10,125000,1,0,-16.7414,-7044.01,0,-141.616,-133,0.436224
49922, 730.6, 15, -1,-1,-1,46.2746,7.09545,0.019953,8.68e+08,10,125000,1,0,-0.810593,-15156.3,0,-135.649,-133,0.436224
49924, 730.847, 44, -1,-1,-1,48.915,29.8997,0.015849,8.68e+08,10,125000,1,0,-13.1975,-14922.3,0,-140.62,-133,0.436224
49931, 730.869, 24, -1,-1,-1,49.1334,13.5818,0.015849,8.68e+08,10,125000,1,0,-5.27128,-15863.9,0,-138.139,-133,0.436224
49963, 731.945, 33, -1,-1,-1,48.5351,16.7675,0.019953,8.68e+08,10,125000,1,0,-6.87389,-15402.2,0,-137.663,-133,0.436224
49966, 731.984, 56, -1,-1,-1,34.5758,13.0619,0.019953,8.68e+08,12,125000,1,0,-4.5384,-7723.68,1,-136.897,-137,1.58106
49974, 732.09, 0, -1,-1,-1,51.6007,-2.3004,0.025119,8.68e+08,11,125000,1,0,2.10794,-18676.4,1,-133.662,-135,0.790528
49976, 732.134, 52, -1,-1,-1,38.853,34.58,0.019953,8.68e+08,11,125000,1,0,-16.2876,-11243,0,-140.495,-135,0.790528
49983, 732.415, 1, -1,-1,-1,49.3743,3.30528,0.015849,8.68e+08,11,125000,1,0,0.308819,-17128.9,0,-136.27,-135,0.790528
49985, 732.437, 35, -1,-1,-1,44.8964,23.9506,0.019953,8.68e+08,11,125000,1,0,-10.3743,-13564.5,0,-138.77,-135,0.790528
49987, 732.444, 58, -1,-1,-1,62.6808,-4.27248,0.015849,8.68e+08,12,125000,1,0,-5.30007,-20021.6,0,-138.144,-137,1.58106
49989, 732.488, 36, -1,-1,-1,42.8721,21.2682,0.025119,8.68e+08,11,125000,1,0,-8.97342,-12702.6,0,-137.334,-135,0.790528
49991, 732.719, 22, -1,-1,-1,51.0484,10.8218,0.025119,8.68e+08,10,125000,1,0,-4.42116,-16898.3,0,-135.857,-133,0.436224
50003, 732.863, 9, -1,-1,-1,38.2779,25.7475,0.015849,8.68e+08,11,125000,1,0,-11.8002,-10640.9,0,-140.204,-135,0.790528
50016, 733.287, 21, -1,-1,-1,40.7647,-7.46535,0.025119,8.68e+08,10,125000,1,0,14.7087,-13543.9,1,-129.698,-133,0.436224
50018, 733.669, 37, -1,-1,-1,40.6397,25.2461,0.019953,8.68e+08,10,125000,1,0,-11.308,-11737.1,0,-139.055,-133,0.436224
50020, 733.68, 57, -1,-1,-1,36.1272,33.7657,0.019953,8.68e+08,10,125000,1,0,-16.3721,-10183.4,0,-140.518,-133,0.436224
50032, 734.319, 5, -1,-1,-1,53.0128,4.81756,0.019953,8.68e+08,10,125000,1,0,-2.3532,-18216,0,-136.165,-133,0.436224
50034, 734.43, 27, -1,-1,-1,50.9263,3.96498,0.019953,8.68e+08,12,125000,1,0,-0.86172,-17651,0,-135.664,-137,1.58106
50041, 734.569, 47, -1,-1,-1,60.7806,1.83536,0.015849,8.68e+08,11,125000,1,0,-5.62007,-19734.5,0,-138.25,-135,0.790528
50048, 735.054, 30, -1,-1,-1,50.4166,22.3874,0.025119,8.68e+08,10,125000,1,0,-9.97637,-15833.4,0,-137.647,-133,0.436224
50050, 735.347, 23, -1,-1,-1,52.3551,9.17867,0.015849,8.68e+08,11,125000,1,0,-4.1638,-17552.5,0,-137.771,-135,0.790528
50072, 736.353, 11, -1,-1,-1,55.1052,36.446,0.025119,8.68e+08,11,125000,1,0,-16.1457,-16601.8,0,-139.458,-135,0.790528
50074, 736.456, 25, -1,-1,-1,47.4666,6.98245,0.025119,8.68e+08,10,125000,1,0,-1.36297,-15928.4,0,-134.834,-133,0.436224
50091, 737.134, 8, -1,-1,-1,60.9564,9.93245,0.015849,8.68e+08,11,125000,1,0,-8.16055,-19285,0,-139.073,-135,0.790528
50098, 737.573, 29, -1,-1,-1,51.2316,20.2503,0.019953,8.68e+08,11,125000,1,0,-9.17531,-16282.8,0,-138.396,-135,0.790528
50100, 737.603, 28, -1,-1,-1,54.4004,13.1066,0.019953,8.68e+08,10,125000,1,0,-6.75371,-17816.8,0,-137.622,-133,0.436224
50103, 737.764, 55, -1,-1,-1,29.3409,-14.2582,0.025119,8.68e+08,12,125000,1,0,26.3869,6351.5,1,-126.787,-137,1.58106
50110, 737.902, 13, -1,-1,-1,57.1683,-5.07194,0.015849,8.68e+08,11,125000,1,0,-1.35587,-19929.7,0,-136.827,-135,0.790528
50112, 737.92, 50, -1,-1,-1,39.8689,16.152,0.019953,8.68e+08,11,125000,1,0,-6.22461,-11347.3,0,-137.452,-135,0.790528
50119, 738.337, 14, -1,-1,-1,53.9616,-4.16799,0.025119,8.68e+08,10,125000,1,0,0.773815,-19505.8,0,-134.109,-133,0.436224
50126, 738.726, 43, -1,-1,-1,55.2559,26.0605,0.025119,8.68e+08,10,125000,1,0,-12.2772,-17145.8,0,-138.346,-133,0.436224
50138, 739.161, 26, -1,-1,-1,48.2338,8.18102,0.015849,8.68e+08,11,125000,1,0,-2.41754,-16200.2,0,-137.188,-135,0.790528
50145, 739.336, 16, -1,-1,-1,42.7786,6.94506,0.019953,8.68e+08,10,125000,1,0,-0.310507,-13456,0,-135.48,-133,0.436224
50147, 739.544, 49, -1,-1,-1,45.6929,9.55674,0.015849,8.68e+08,10,125000,1,0,-2.61422,-14875.3,0,-137.255,-133,0.436224
50164, 740.109, 7, -1,-1,-1,48.8156,14.5218,0.025119,8.68e+08,10,125000,1,0,-6.07715,-15870.4,0,-136.403,-133,0.436224
50166, 740.172, 40, -1,-1,-1,59.1236,25.6898,0.015849,8.68e+08,10,125000,1,0,-12.8396,-18058,0,-140.513,-133,0.436224
50168, 740.4, 46, -1,-1,-1,54.0139,24.7077,0.019953,8.68e+08,11,125000,1,0,-11.6159,-16910.8,0,-139.148,-135,0.790528
50186, 740.833, 12, -1,-1,-1,53.1839,-3.87715,0.019953,8.68e+08,12,125000,1,0,1.16805,-19361.3,1,-134.977,-137,1.58106
50193, 741.277, 32, -1,-1,-1,50.6742,17.0701,0.019953,8.68e+08,11,125000,1,0,-7.7361,-16198.3,0,-137.939,-135,0.790528
50195, 741.552, 38, -1,-1,-1,46.6172,18.1503,0.019953,8.68e+08,11,125000,1,0,-7.71297,-14551.4,0,-137.933,-135,0.790528
50197, 741.565, 17, -1,-1,-1,49.9949,1.85453,0.025119,8.68e+08,11,125000,1,0,0.319987,-17592.2,0,-134.264,-135,0.790528
50200, 741.922, 54, -1,-1,-1,31.4019,-15.4743,0.015849,8.68e+08,11,125000,1,0,34.5891,3011.9,1,-127.205,-135,0.790528
50207, 742.65, 19, -1,-1,-1,38.0115,0.007687,0.015849,8.68e+08,10,125000,1,0,6.16789,-10285.4,0,-134.318,-133,0.436224
50229, 743.698, 42, -1,-1,-1,55.9659,22.2357,0.019953,8.68e+08,10,125000,1,0,-11.104,-17425.1,0,-138.992,-133,0.436224
50231, 743.931, 53, -1,-1,-1,65.3284,-19.1561,0.025119,8.68e+08,10,125000,1,0,-6.31361,-19661.2,0,-136.474,-133,0.436224
50239, 744.453, 20, -1,-1,-1,39.7553,-9.35268,0.019953,8.68e+08,10,125000,1,0,17.2803,-13415.8,1,-129.986,-133,0.436224
50241, 744.459, 58, -1,-1,-1,62.6808,-4.27248,0.015849,8.68e+08,12,125000,1,0,-5.92129,-19923.7,0,-138.347,-137,1.58106
50263, 745.237, 45, -1,-1,-1,49.1516,25.5874,0.025119,8.68e+08,12,125000,1,0,-11.6783,-15220.4,0,-138.167,-137,1.58106
50265, 745.451, 44, -1,-1,-1,48.915,29.8997,0.015849,8.68e+08,10,125000,1,0,-13.6788,-15002.3,0,-140.759,-133,0.436224
50273, 745.499, 3, -1,-1,-1,38.8081,-3.66631,0.019953,8.68e+08,11,125000,1,0,9.94379,-11480.6,1,-132.114,-135,0.790528
50285, 746.105, 51, -1,-1,-1,42.2294,28.194,0.015849,8.68e+08,10,125000,1,0,-13.0682,-12578.7,0,-140.58,-133,0.436224
50292, 746.476, 48, -1,-1,-1,56.6076,12.8569,0.015849,8.68e+08,10,125000,1,0,-7.8058,-18300.6,0,-138.959,-133,0.436224
50294, 746.487, 6, -1,-1,-1,57.9389,19.5301,0.019953,8.68e+08,12,125000,1,0,-10.6258,-18062.2,0,-138.845,-137,1.58106
50301, 746.574, 27, -1,-1,-1,50.9263,3.96498,0.019953,8.68e+08,12,125000,1,0,-1.50304,-17713.8,0,-135.879,-137,1.58106
50303, 746.65, 59, -1,-1,-1,70.3446,16.3551,0.019953,8.68e+08,10,125000,1,0,-14.2198,-19385.4,0,-139.913,-133,0.436224
50305, 747.058, 56, -1,-1,-1,34.5758,13.0619,0.019953,8.68e+08,12,125000,1,0,-4.85889,-8195.93,0,-137.002,-137,1.58106
50317, 747.337, 52, -1,-1,-1,38.853,34.58,0.019953,8.68e+08,11,125000,1,0,-16.6533,-11398.1,0,-140.595,-135,0.790528
50329, 747.984, 36, -1,-1,-1,42.8721,21.2682,0.025119,8.68e+08,11,125000,1,0,-9.44456,-12943.8,0,-137.481,-135,0.790528
50331, 748.038, 23, -1,-1,-1,52.3551,9.17867,0.015849,8.68e+08,11,125000,1,0,-4.76002,-17599.4,0,-137.967,-135,0.790528
50333, 748.042, 37, -1,-1,-1,40.6397,25.2461,0.019953,8.68e+08,10,125000,1,0,-11.6938,-11938.8,0,-139.171,-133,0.436224
50335, 748.199, 47, -1,-1,-1,60.7806,1.83536,0.015849,8.68e+08,11,125000,1,0,-6.30723,-19669,0,-138.473,-135,0.790528
50352, 748.872, 28, -1,-1,-1,54.4004,13.1066,0.019953,8.68e+08,10,125000,1,0,-7.25302,-17806.3,0,-137.782,-133,0.436224
50359, 749.116, 34, -1,-1,-1,47.8921,18.1051,0.019953,8.68e+08,11,125000,1,0,-8.10765,-15256.4,0,-138.058,-135,0.790528
50371, 749.814, 4, -1,-1,-1,42.7292,12.7851,0.025119,8.68e+08,11,125000,1,0,-4.57093,-13215,0,-135.907,-135,0.790528
50383, 749.95, 22, -1,-1,-1,51.0484,10.8218,0.025119,8.68e+08,10,125000,1,0,-5.19533,-17060.5,0,-136.111,-133,0.436224
50385, 750.185, 31, -1,-1,-1,55.2698,20.8384,0.019953,8.68e+08,12,125000,1,0,-10.6293,-17427.1,0,-138.846,-137,1.58106
50387, 750.332, 39, -1,-1,-1,44.7388,20.1372,0.015849,8.68e+08,10,125000,1,0,-8.95593,-13877.1,0,-139.327,-133,0.436224
50389, 750.342, 15, -1,-1,-1,46.2746,7.09545,0.019953,8.68e+08,10,125000,1,0,-1.71344,-15552,0,-135.951,-133,0.436224
50416, 750.951, 41, -1,-1,-1,57.7942,23.9073,0.019953,8.68e+08,10,125000,1,0,-12.3824,-17827.1,0,-139.376,-133,0.436224
50548, 751.092, 2, -1,-1,-1,52.1594,14.5236,0.019953,8.68e+08,12,125000,1,0,-7.25568,-17069,0,-137.783,-137,1.58106
50550, 751.213, 30, -1,-1,-1,50.4166,22.3874,0.025119,8.68e+08,10,125000,1,0,-10.5706,-15953.3,0,-137.829,-133,0.436224
50552, 751.221, 33, -1,-1,-1,48.5351,16.7675,0.019953,8.68e+08,10,125000,1,0,-7.61513,-15653.5,0,-137.9,-133,0.436224
50554, 751.26, 25, -1,-1,-1,47.4666,6.98245,0.025119,8.68e+08,10,125000,1,0,-2.0571,-16138.6,0,-135.066,-133,0.436224
50561, 751.623, 9, -1,-1,-1,38.2779,25.7475,0.015849,8.68e+08,11,125000,1,0,-12.2559,-10986.5,0,-140.339,-135,0.790528
50563, 751.821, 38, -1,-1,-1,46.6172,18.1503,0.019953,8.68e+08,11,125000,1,0,-8.08159,-14801.1,0,-138.049,-135,0.790528
50570, 752.252, 50, -1,-1,-1,39.8689,16.152,0.019953,8.68e+08,11,125000,1,0,-6.64079,-11652.5,0,-137.586,-135,0.790528
50582, 752.385, 10, -1,-1,-1,29.0987,31.7557,0.015849,8.68e+08,10,125000,1,0,-17.0815,-7471.09,0,-141.707,-133,0.436224
50585, 752.545, 18, -1,-1,-1,41.6718,4.40735,0.025119,8.68e+08,12,125000,1,0,1.26936,-13258.9,1,-133.946,-137,1.58106
50602, 753.085, 32, -1,-1,-1,50.6742,17.0701,0.019953,8.68e+08,11,125000,1,0,-8.20599,-16431.3,0,-138.088,-135,0.790528
50604, 753.134, 46, -1,-1,-1,54.0139,24.7077,0.019953,8.68e+08,11,125000,1,0,-12.0991,-16912.9,0,-139.292,-135,0.790528
50611, 753.233, 19, -1,-1,-1,38.0115,0.007687,0.015849,8.68e+08,10,125000,1,0,5.7127,-10888,0,-134.466,-133,0.436224
50613, 753.343, 35, -1,-1,-1,44.8964,23.9506,0.019953,8.68e+08,11,125000,1,0,-11.0332,-13880.4,0,-138.971,-135,0.790528
50620, 753.608, 21, -1,-1,-1,40.7647,-7.46535,0.025119,8.68e+08,10,125000,1,0,12.9817,-14531.9,0,-130.194,-133,0.436224
50622, 753.826, 40, -1,-1,-1,59.1236,25.6898,0.015849,8.68e+08,10,125000,1,0,-13.3812,-18018.4,0,-140.67,-133,0.436224
50624, 753.851, 0, -1,-1,-1,51.6007,-2.3004,0.025119,8.68e+08,11,125000,1,0,0.759071,-18869.8,0,-134.113,-135,0.790528
50651, 754.626, 24, -1,-1,-1,49.1334,13.5818,0.015849,8.68e+08,10,125000,1,0,-6.25184,-16213,0,-138.458,-133,0.436224
50653, 754.911, 26, -1,-1,-1,48.2338,8.18102,0.015849,8.68e+08,11,125000,1,0,-3.13999,-16404.2,0,-137.429,-135,0.790528
50655, 755.04, 57, -1,-1,-1,36.1272,33.7657,0.019953,8.68e+08,10,125000,1,0,-16.8391,-10516,0,-140.644,-133,0.436224
50672, 755.226, 1, -1,-1,-1,49.3743,3.30528,0.015849,8.68e+08,11,125000,1,0,-0.906991,-17465,0,-136.677,-135,0.790528
50680, 755.521, 20, -1,-1,-1,39.7553,-9.35268,0.019953,8.68e+08,10,125000,1,0,16.2007,-14143.8,1,-130.277,-133,0.436224
50682, 755.59, 43, -1,-1,-1,55.2559,26.0605,0.025119,8.68e+08,10,125000,1,0,-12.9189,-17192.5,0,-138.535,-133,0.436224
50684, 755.858, 45, -1,-1,-1,49.1516,25.5874,0.025119,8.68e+08,12,125000,1,0,-12.0452,-15428.8,0,-138.276,-137,1.58106
50687, 755.964, 3, -1,-1,-1,38.8081,-3.66631,0.019953,8.68e+08,11,125000,1,0,9.34237,-12114.9,1,-132.3,-135,0.790528
50694, 756.124, 29, -1,-1,-1,51.2316,20.2503,0.019953,8.68e+08,11,125000,1,0,-9.88658,-16438.6,0,-138.617,-135,0.790528
50701, 756.598, 16, -1,-1,-1,42.7786,6.94506,0.019953,8.68e+08,10,125000,1,0,-1.02625,-13897.4,0,-135.719,-133,0.436224
50724, 757.553, 55, -1,-1,-1,29.3409,-14.2582,0.025119,8.68e+08,12,125000,1,0,27.6221,3930.28,1,-126.524,-137,1.58106
50726, 757.619, 8, -1,-1,-1,60.9564,9.93245,0.015849,8.68e+08,11,125000,1,0,-9.10411,-19297.2,0,-139.369,-135,0.790528
50728, 757.77, 7, -1,-1,-1,48.8156,14.5218,0.025119,8.68e+08,10,125000,1,0,-6.78754,-16079.6,0,-136.632,-133,0.436224
50730, 757.771, 17, -1,-1,-1,49.9949,1.85453,0.025119,8.68e+08,11,125000,1,0,-0.574534,-17928.5,0,-134.564,-135,0.790528
50737, 757.916, 42, -1,-1,-1,55.9659,22.2357,0.019953,8.68e+08,10,125000,1,0,-11.6694,-17628.2,0,-139.162,-133,0.436224
50740, 758.685, 54, -1,-1,-1,31.4019,-15.4743,0.015849,8.68e+08,11,125000,1,0,35.0468,178.572,1,-127.124,-135,0.790528
50752, 759.157, 5, -1,-1,-1,53.0128,4.81756,0.019953,8.68e+08,10,125000,1,0,-3.62501,-18443.1,0,-136.588,-133,0.436224
50759, 759.2, 14, -1,-1,-1,53.9616,-4.16799,0.025119,8.68e+08,10,125000,1,0,-0.500454,-19593.2,0,-134.537,-133,0.436224
50786, 759.973, 13, -1,-1,-1,57.1683,-5.07194,0.015849,8.68e+08,11,125000,1,0,-2.62698,-19967.6,0,-137.252,-135,0.790528
50788, 760.021, 53, -1,-1,-1,65.3284,-19.1561,0.025119,8.68e+08,10,125000,1,0,-7.10984,-19810.6,0,-136.73,-133,0.436224
50790, 760.045, 37, -1,-1,-1,40.6397,25.2461,0.019953,8.68e+08,10,125000,1,0,-12.0203,-12257,0,-139.268,-133,0.436224
50792, 760.239, 11, -1,-1,-1,55.1052,36.446,0.025119,8.68e+08,11,125000,1,0,-16.9849,-16722.3,0,-139.685,-135,0.790528
50794, 761.147, 58, -1,-1,-1,62.6808,-4.27248,0.015849,8.68e+08,12,125000,1,0,-6.7661,-20064.5,0,-138.62,-137,1.58106
50801, 761.46, 12, -1,-1,-1,53.1839,-3.87715,0.019953,8.68e+08,12,125000,1,0,-0.102052,-19465.2,0,-135.402,-137,1.58106
50808, 761.954, 52, -1,-1,-1,38.853,34.58,0.019953,8.68e+08,11,125000,1,0,-17.0098,-11527.6,0,-140.691,-135,0.790528
50810, 761.99, 48, -1,-1,-1,56.6076,12.8569,0.015849,8.68e+08,10,125000,1,0,-8.49614,-18311.5,0,-139.178,-133,0.436224
50822, 763.017, 4, -1,-1,-1,42.7292,12.7851,0.025119,8.68e+08,11,125000,1,0,-5.03871,-13446.1,0,-136.06,-135,0.790528
50824, 763.246, 49, -1,-1,-1,45.6929,9.55674,0.015849,8.68e+08,10,125000,1,0,-3.60898,-15185.3,0,-137.585,-133,0.436224
50836, 764.639, 28, -1,-1,-1,54.4004,13.1066,0.019953,8.68e+08,10,125000,1,0,-7.9446,-17854.3,0,-138.002,-133,0.436224
50838, 764.808, 38, -1,-1,-1,46.6172,18.1503,0.019953,8.68e+08,11,125000,1,0,-8.5485,-14918.2,0,-138.197,-135,0.790528
50850, 765.446, 44, -1,-1,-1,48.915,29.8997,0.015849,8.68e+08,10,125000,1,0,-14.3392,-15169.5,0,-140.948,-133,0.436224
50857, 765.712, 59, -1,-1,-1,70.3446,16.3551,0.019953,8.68e+08,10,125000,1,0,-15.0193,-19311.7,0,-140.139,-133,0.436224
50874, 766.477, 41, -1,-1,-1,57.7942,23.9073,0.019953,8.68e+08,10,125000,1,0,-12.9978,-17818.4,0,-139.557,-133,0.436224
50876, 766.729, 46, -1,-1,-1,54.0139,24.7077,0.019953,8.68e+08,11,125000,1,0,-12.613,-16918.4,0,-139.444,-135,0.790528
50893, 767.09, 29, -1,-1,-1,51.2316,20.2503,0.019953,8.68e+08,11,125000,1,0,-10.3055,-16441.3,0,-138.746,-135,0.790528
50895, 767.177, 40, -1,-1,-1,59.1236,25.6898,0.015849,8.68e+08,10,125000,1,0,-13.9075,-17967.4,0,-140.822,-133,0.436224
50897, 767.285, 45, -1,-1,-1,49.1516,25.5874,0.025119,8.68e+08,12,125000,1,0,-12.4401,-15447.6,0,-138.393,-137,1.58106
50904, 767.435, 39, -1,-1,-1,44.7388,20.1372,0.015849,8.68e+08,10,125000,1,0,-9.52325,-14113.5,0,-139.503,-133,0.436224
50906, 767.477, 21, -1,-1,-1,40.7647,-7.46535,0.025119,8.68e+08,10,125000,1,0,11.8293,-15048.4,0,-130.534,-133,0.436224
50928, 768.162, 34, -1,-1,-1,47.8921,18.1051,0.019953,8.68e+08,11,125000,1,0,-8.81342,-15486.5,0,-138.28,-135,0.790528
50935, 768.303, 47, -1,-1,-1,60.7806,1.83536,0.015849,8.68e+08,11,125000,1,0,-7.29809,-19658.3,0,-138.792,-135,0.790528
50947, 768.331, 19, -1,-1,-1,38.0115,0.007687,0.015849,8.68e+08,10,125000,1,0,5.04505,-11524.5,0,-134.683,-133,0.436224
50949, 768.603, 23, -1,-1,-1,52.3551,9.17867,0.015849,8.68e+08,11,125000,1,0,-5.71187,-17766.9,0,-138.279,-135,0.790528
50951, 768.747, 30, -1,-1,-1,50.4166,22.3874,0.025119,8.68e+08,10,125000,1,0,-11.2141,-16082.4,0,-138.024,-133,0.436224
50963, 769.119, 0, -1,-1,-1,51.6007,-2.3004,0.025119,8.68e+08,11,125000,1,0,-0.151814,-18928.5,0,-134.419,-135,0.790528
50965, 769.189, 25, -1,-1,-1,47.4666,6.98245,0.025119,8.68e+08,10,125000,1,0,-2.88928,-16398,0,-135.343,-133,0.436224
50967, 769.201, 56, -1,-1,-1,34.5758,13.0619,0.019953,8.68e+08,12,125000,1,0,-5.35978,-8931.26,0,-137.166,-137,1.58106
50974, 769.654, 22, -1,-1,-1,51.0484,10.8218,0.025119,8.68e+08,10,125000,1,0,-6.06933,-17245.6,0,-136.396,-133,0.436224
50976, 769.778, 6, -1,-1,-1,57.9389,19.5301,0.019953,8.68e+08,12,125000,1,0,-11.5894,-18154,0,-139.136,-137,1.58106
50993, 770.421, 51, -1,-1,-1,42.2294,28.194,0.015849,8.68e+08,10,125000,1,0,-13.7528,-12959.2,0,-140.778,-133,0.436224
50995, 770.442, 27, -1,-1,-1,50.9263,3.96498,0.019953,8.68e+08,12,125000,1,0,-2.73472,-17978.1,0,-136.29,-137,1.58106
51012, 771.066, 26, -1,-1,-1,48.2338,8.18102,0.015849,8.68e+08,11,125000,1,0,-3.87371,-16592.1,0,-137.672,-135,0.790528
51019, 771.249, 36, -1,-1,-1,42.8721,21.2682,0.025119,8.68e+08,11,125000,1,0,-10.1616,-13365.6,0,-137.702,-135,0.790528
51027, 771.52, 20, -1,-1,-1,39.7553,-9.35268,0.019953,8.68e+08,10,125000,1,0,14.6717,-14876.8,1,-130.703,-133,0.436224
51034, 771.627, 2, -1,-1,-1,52.1594,14.5236,0.019953,8.68e+08,12,125000,1,0,-8.11889,-17237.2,0,-138.058,-137,1.58106
51047, 771.829, 54, -1,-1,-1,31.4019,-15.4743,0.015849,8.68e+08,11,125000,1,0,34.8661,-1764.18,1,-127.153,-135,0.790528
51054, 772.15, 5, -1,-1,-1,53.0128,4.81756,0.019953,8.68e+08,10,125000,1,0,-4.27452,-18458.4,0,-136.803,-133,0.436224
51061, 772.246, 12, -1,-1,-1,53.1839,-3.87715,0.019953,8.68e+08,12,125000,1,0,-0.744164,-19421.1,0,-135.618,-137,1.58106
51063, 772.334, 13, -1,-1,-1,57.1683,-5.07194,0.015849,8.68e+08,11,125000,1,0,-3.31575,-19898.6,0,-137.481,-135,0.790528
51065, 772.6, 9, -1,-1,-1,38.2779,25.7475,0.015849,8.68e+08,11,125000,1,0,-12.7785,-11370,0,-140.493,-135,0.790528
51067, 772.63, 11, -1,-1,-1,55.1052,36.446,0.025119,8.68e+08,11,125000,1,0,-17.4191,-16672.5,0,-139.802,-135,0.790528
51069, 772.669, 53, -1,-1,-1,65.3284,-19.1561,0.025119,8.68e+08,10,125000,1,0,-7.72408,-19716.2,0,-136.927,-133,0.436224
51071, 772.852, 31, -1,-1,-1,55.2698,20.8384,0.019953,8.68e+08,12,125000,1,0,-11.534,-17555.6,0,-139.12,-137,1.58106
51088, 773.588, 24, -1,-1,-1,49.1334,13.5818,0.015849,8.68e+08,10,125000,1,0,-7.02873,-16423.3,0,-138.708,-133,0.436224
51090, 773.656, 10, -1,-1,-1,29.0987,31.7557,0.015849,8.68e+08,10,125000,1,0,-17.424,-7855.61,0,-141.799,-133,0.436224
51107, 774.056, 32, -1,-1,-1,50.6742,17.0701,0.019953,8.68e+08,11,125000,1,0,-9.03618,-16634.2,0,-138.349,-135,0.790528
51109, 774.232, 57, -1,-1,-1,36.1272,33.7657,0.019953,8.68e+08,10,125000,1,0,-17.2688,-10776.6,0,-140.759,-133,0.436224
51121, 774.761, 35, -1,-1,-1,44.8964,23.9506,0.019953,8.68e+08,11,125000,1,0,-11.7145,-14179.9,0,-139.176,-135,0.790528
51123, 774.825, 50, -1,-1,-1,39.8689,16.152,0.019953,8.68e+08,11,125000,1,0,-7.3117,-12195.5,0,-137.801,-135,0.790528
51125, 775, 15, -1,-1,-1,46.2746,7.09545,0.019953,8.68e+08,10,125000,1,0,-2.83075,-16025.9,0,-136.323,-133,0.436224
51147, 775.79, 33, -1,-1,-1,48.5351,16.7675,0.019953,8.68e+08,10,125000,1,0,-8.55726,-15986,0,-138.198,-133,0.436224
51149, 775.875, 43, -1,-1,-1,55.2559,26.0605,0.025119,8.68e+08,10,125000,1,0,-13.6862,-17275,0,-138.758,-133,0.436224
51161, 776.157, 18, -1,-1,-1,41.6718,4.40735,0.025119,8.68e+08,12,125000,1,0,0.235879,-13974.2,0,-134.292,-137,1.58106
51163, 776.326, 7, -1,-1,-1,48.8156,14.5218,0.025119,8.68e+08,10,125000,1,0,-7.53026,-16282.9,0,-136.87,-133,0.436224
51165, 776.424, 8, -1,-1,-1,60.9564,9.93245,0.015849,8.68e+08,11,125000,1,0,-9.95382,-19283.3,0,-139.633,-135,0.790528
51167, 776.557, 14, -1,-1,-1,53.9616,-4.16799,0.025119,8.68e+08,10,125000,1,0,-1.51878,-19619.1,0,-134.878,-133,0.436224
51174, 776.779, 58, -1,-1,-1,62.6808,-4.27248,0.015849,8.68e+08,12,125000,1,0,-7.53995,-19992.2,0,-138.868,-137,1.58106
51181, 777.145, 59, -1,-1,-1,70.3446,16.3551,0.019953,8.68e+08,10,125000,1,0,-15.494,-19402,0,-140.272,-133,0.436224
51183, 777.526, 44, -1,-1,-1,48.915,29.8997,0.015849,8.68e+08,10,125000,1,0,-14.7388,-15387.7,0,-141.061,-133,0.436224
51200, 778.575, 52, -1,-1,-1,38.853,34.58,0.019953,8.68e+08,11,125000,1,0,-17.4206,-11906.5,0,-140.801,-135,0.790528
51202, 778.992, 1, -1,-1,-1,49.3743,3.30528,0.015849,8.68e+08,11,125000,1,0,-2.13766,-17769,0,-137.089,-135,0.790528
51209, 780.058, 56, -1,-1,-1,34.5758,13.0619,0.019953,8.68e+08,12,125000,1,0,-5.61737,-9360.36,0,-137.25,-137,1.58106
51226, 780.497, 49, -1,-1,-1,45.6929,9.55674,0.015849,8.68e+08,10,125000,1,0,-4.33064,-15452.4,0,-137.823,-133,0.436224
51229, 780.641, 3, -1,-1,-1,38.8081,-3.66631,0.019953,8.68e+08,11,125000,1,0,7.90035,-13285.9,1,-132.753,-135,0.790528
51256, 781.223, 17, -1,-1,-1,49.9949,1.85453,0.025119,8.68e+08,11,125000,1,0,-1.8324,-18005.9,0,-134.985,-135,0.790528
51258, 781.239, 42, -1,-1,-1,55.9659,22.2357,0.019953,8.68e+08,10,125000,1,0,-12.5892,-17538.5,0,-139.435,-133,0.436224
51260, 781.284, 25, -1,-1,-1,47.4666,6.98245,0.025119,8.68e+08,10,125000,1,0,-3.4452,-16494.5,0,-135.528,-133,0.436224
51272, 781.502, 21, -1,-1,-1,40.7647,-7.46535,0.025119,8.68e+08,10,125000,1,0,10.6915,-15504.9,0,-130.877,-133,0.436224
51274, 781.507, 16, -1,-1,-1,42.7786,6.94506,0.019953,8.68e+08,10,125000,1,0,-2.06531,-14360.6,0,-136.067,-133,0.436224
51281, 781.745, 22, -1,-1,-1,51.0484,10.8218,0.025119,8.68e+08,10,125000,1,0,-6.59985,-17272.4,0,-136.568,-133,0.436224
51288, 781.833, 2, -1,-1,-1,52.1594,14.5236,0.019953,8.68e+08,12,125000,1,0,-8.5443,-17213.7,0,-138.192,-137,1.58106
51290, 781.909, 39, -1,-1,-1,44.7388,20.1372,0.015849,8.68e+08,10,125000,1,0,-10.0061,-14266.5,0,-139.653,-133,0.436224
51292, 782.144, 37, -1,-1,-1,40.6397,25.2461,0.019953,8.68e+08,10,125000,1,0,-12.6304,-12432.7,0,-139.449,-133,0.436224
51295, 782.52, 55, -1,-1,-1,29.3409,-14.2582,0.025119,8.68e+08,12,125000,1,0,28.3569,830.259,1,-126.37,-137,1.58106
51297, 782.585, 29, -1,-1,-1,51.2316,20.2503,0.019953,8.68e+08,11,125000,1,0,-10.8955,-16512.6,0,-138.925,-135,0.790528
51309, 783.481, 38, -1,-1,-1,46.6172,18.1503,0.019953,8.68e+08,11,125000,1,0,-9.22086,-15146.6,0,-138.407,-135,0.790528
51316, 783.899, 23, -1,-1,-1,52.3551,9.17867,0.015849,8.68e+08,11,125000,1,0,-6.40885,-17825.7,0,-138.505,-135,0.790528
51328, 784.198, 51, -1,-1,-1,42.2294,28.194,0.015849,8.68e+08,10,125000,1,0,-14.1455,-13072.5,0,-140.891,-133,0.436224
51335, 784.537, 19, -1,-1,-1,38.0115,0.007687,0.015849,8.68e+08,10,125000,1,0,4.31,-12160.8,0,-134.924,-133,0.436224
51347, 784.887, 41, -1,-1,-1,57.7942,23.9073,0.019953,8.68e+08,10,125000,1,0,-13.7217,-17836.1,0,-139.767,-133,0.436224
51349, 784.902, 13, -1,-1,-1,57.1683,-5.07194,0.015849,8.68e+08,11,125000,1,0,-4.00066,-19825.6,0,-137.708,-135,0.790528
51351, 785.101, 48, -1,-1,-1,56.6076,12.8569,0.015849,8.68e+08,10,125000,1,0,-9.50852,-18407.9,0,-139.495,-133,0.436224
51358, 785.331, 32, -1,-1,-1,50.6742,17.0701,0.019953,8.68e+08,11,125000,1,0,-9.48012,-16642.7,0,-138.487,-135,0.790528
51375, 786.23, 34, -1,-1,-1,47.8921,18.1051,0.019953,8.68e+08,11,125000,1,0,-9.48237,-15671.8,0,-138.489,-135,0.790528
51377, 786.306, 30, -1,-1,-1,50.4166,22.3874,0.025119,8.68e+08,10,125000,1,0,-11.8569,-16194.9,0,-138.217,-133,0.436224
51390, 786.508, 54, -1,-1,-1,31.4019,-15.4743,0.015849,8.68e+08,11,125000,1,0,34.123,-3908.84,1,-127.279,-135,0.790528
51397, 786.816, 45, -1,-1,-1,49.1516,25.5874,0.025119,8.68e+08,12,125000,1,0,-13.1152,-15605.2,0,-138.591,-137,1.58106
51414, 787.123, 11, -1,-1,-1,55.1052,36.446,0.025119,8.68e+08,11,125000,1,0,-17.926,-16643.5,0,-139.936,-135,0.790528
51416, 787.237, 0, -1,-1,-1,51.6007,-2.3004,0.025119,8.68e+08,11,125000,1,0,-1.1984,-19012.7,0,-134.77,-135,0.790528
51418, 787.286, 20, -1,-1,-1,39.7553,-9.35268,0.019953,8.68e+08,10,125000,1,0,13.2118,-15489.3,0,-131.121,-133,0.436224
51430, 787.716, 4, -1,-1,-1,42.7292,12.7851,0.025119,8.68e+08,11,125000,1,0,-5.92232,-13986.8,0,-136.348,-135,0.790528
51437, 787.941, 40, -1,-1,-1,59.1236,25.6898,0.015849,8.68e+08,10,125000,1,0,-14.7197,-17995.5,0,-141.054,-133,0.436224
51449, 788.296, 59, -1,-1,-1,70.3446,16.3551,0.019953,8.68e+08,10,125000,1,0,-15.9536,-19262.2,0,-140.399,-133,0.436224
51451, 788.299, 6, -1,-1,-1,57.9389,19.5301,0.019953,8.68e+08,12,125000,1,0,-12.3463,-18172.6,0,-139.362,-137,1.58106
51453, 788.465, 50, -1,-1,-1,39.8689,16.152,0.019953,8.68e+08,11,125000,1,0,-7.72513,-12429.5,0,-137.933,-135,0.790528
51460, 788.569, 28, -1,-1,-1,54.4004,13.1066,0.019953,8.68e+08,10,125000,1,0,-8.97907,-18005.7,0,-138.328,-133,0.436224
51462, 788.695, 31, -1,-1,-1,55.2698,20.8384,0.019953,8.68e+08,12,125000,1,0,-12.1609,-17572.2,0,-139.307,-137,1.58106
51464, 788.917, 57, -1,-1,-1,36.1272,33.7657,0.019953,8.68e+08,10,125000,1,0,-17.6036,-10914.6,0,-140.848,-133,0.436224
51476, 789.613, 5, -1,-1,-1,53.0128,4.81756,0.019953,8.68e+08,10,125000,1,0,-5.13159,-18527.2,0,-137.085,-133,0.436224
51479, 789.748, 18, -1,-1,-1,41.6718,4.40735,0.025119,8.68e+08,12,125000,1,0,-0.361818,-14271.6,1,-134.492,-137,1.58106
51481, 790.021, 46, -1,-1,-1,54.0139,24.7077,0.019953,8.68e+08,11,125000,1,0,-13.4888,-17056.4,0,-139.699,-135,0.790528
51493, 790.827, 15, -1,-1,-1,46.2746,7.09545,0.019953,8.68e+08,10,125000,1,0,-3.54081,-16231.8,0,-136.559,-133,0.436224
51505, 791.239, 47, -1,-1,-1,60.7806,1.83536,0.015849,8.68e+08,11,125000,1,0,-8.39871,-19665.1,0,-139.142,-135,0.790528
51507, 791.337, 42, -1,-1,-1,55.9659,22.2357,0.019953,8.68e+08,10,125000,1,0,-12.9845,-17673.3,0,-139.551,-133,0.436224
51509, 791.422, 33, -1,-1,-1,48.5351,16.7675,0.019953,8.68e+08,10,125000,1,0,-9.15466,-16107.9,0,-138.385,-133,0.436224
51521, 791.869, 53, -1,-1,-1,65.3284,-19.1561,0.025119,8.68e+08,10,125000,1,0,-8.63857,-19675.9,0,-137.216,-133,0.436224
51523, 791.907, 49, -1,-1,-1,45.6929,9.55674,0.015849,8.68e+08,10,125000,1,0,-4.80632,-15734.8,0,-137.98,-133,0.436224
51535, 792.737, 10, -1,-1,-1,29.0987,31.7557,0.015849,8.68e+08,10,125000,1,0,-17.7441,-8164.57,0,-141.884,-133,0.436224
51547, 793.203, 9, -1,-1,-1,38.2779,25.7475,0.015849,8.68e+08,11,125000,1,0,-13.3039,-11717.9,0,-140.646,-135,0.790528
51569, 793.839, 35, -1,-1,-1,44.8964,23.9506,0.019953,8.68e+08,11,125000,1,0,-12.3257,-14402.1,0,-139.357,-135,0.790528
51571, 794.054, 38, -1,-1,-1,46.6172,18.1503,0.019953,8.68e+08,11,125000,1,0,-9.60182,-15374.6,0,-138.525,-135,0.790528
51573, 794.073, 26, -1,-1,-1,48.2338,8.18102,0.015849,8.68e+08,11,125000,1,0,-4.90564,-16897.2,0,-138.012,-135,0.790528
51575, 794.128, 29, -1,-1,-1,51.2316,20.2503,0.019953,8.68e+08,11,125000,1,0,-11.3334,-16707.4,0,-139.058,-135,0.790528
51577, 794.264, 14, -1,-1,-1,53.9616,-4.16799,0.025119,8.68e+08,10,125000,1,0,-2.52273,-19636.3,0,-135.213,-133,0.436224
51584, 794.633, 27, -1,-1,-1,50.9263,3.96498,0.019953,8.68e+08,12,125000,1,0,-3.94665,-18206.3,0,-136.692,-137,1.58106
51596, 795.786, 43, -1,-1,-1,55.2559,26.0605,0.025119,8.68e+08,10,125000,1,0,-14.4347,-17338.2,0,-138.972,-133,0.436224
51598, 795.855, 36, -1,-1,-1,42.8721,21.2682,0.025119,8.68e+08,11,125000,1,0,-10.9307,-13782.5,0,-137.936,-135,0.790528
51605, 796.124, 12, -1,-1,-1,53.1839,-3.87715,0.019953,8.68e+08,12,125000,1,0,-2.11778,-19531.4,0,-136.077,-137,1.58106
51613, 796.614, 21, -1,-1,-1,40.7647,-7.46535,0.025119,8.68e+08,10,125000,1,0,9.49969,-16139.7,1,-131.244,-133,0.436224
51616, 796.732, 3, -1,-1,-1,38.8081,-3.66631,0.019953,8.68e+08,11,125000,1,0,6.95346,-13890.5,1,-133.055,-135,0.790528
51638, 797.534, 39, -1,-1,-1,44.7388,20.1372,0.015849,8.68e+08,10,125000,1,0,-10.5296,-14624.5,0,-139.813,-133,0.436224
51640, 797.535, 19, -1,-1,-1,38.0115,0.007687,0.015849,8.68e+08,10,125000,1,0,3.71037,-12770.5,0,-135.122,-133,0.436224
51652, 797.7, 23, -1,-1,-1,52.3551,9.17867,0.015849,8.68e+08,11,125000,1,0,-7.02998,-18040.7,0,-138.705,-135,0.790528
51659, 797.944, 44, -1,-1,-1,48.915,29.8997,0.015849,8.68e+08,10,125000,1,0,-15.4151,-15535.6,0,-141.25,-133,0.436224
51661, 798.012, 24, -1,-1,-1,49.1334,13.5818,0.015849,8.68e+08,10,125000,1,0,-8.02136,-16711.3,0,-139.025,-133,0.436224
51663, 798.335, 7, -1,-1,-1,48.8156,14.5218,0.025119,8.68e+08,10,125000,1,0,-8.40581,-16527.8,0,-137.148,-133,0.436224
51665, 798.431, 8, -1,-1,-1,60.9564,9.93245,0.015849,8.68e+08,11,125000,1,0,-10.93,-19291.6,0,-139.932,-135,0.790528
51677, 799.452, 16, -1,-1,-1,42.7786,6.94506,0.019953,8.68e+08,10,125000,1,0,-2.81544,-14901,0,-136.316,-133,0.436224
51699, 800.269, 0, -1,-1,-1,51.6007,-2.3004,0.025119,8.68e+08,11,125000,1,0,-1.93013,-19196.7,0,-135.014,-135,0.790528
51702, 800.612, 55, -1,-1,-1,29.3409,-14.2582,0.025119,8.68e+08,12,125000,1,0,28.2281,-1840.73,1,-126.394,-137,1.58106
51709, 800.922, 52, -1,-1,-1,38.853,34.58,0.019953,8.68e+08,11,125000,1,0,-17.9813,-11967.5,0,-140.949,-135,0.790528
51711, 800.982, 1, -1,-1,-1,49.3743,3.30528,0.015849,8.68e+08,11,125000,1,0,-3.24555,-17809.5,0,-137.458,-135,0.790528
51843, 801.262, 58, -1,-1,-1,62.6808,-4.27248,0.015849,8.68e+08,12,125000,1,0,-8.72131,-19986.4,0,-139.243,-137,1.58106
51845, 801.326, 41, -1,-1,-1,57.7942,23.9073,0.019953,8.68e+08,10,125000,1,0,-14.3632,-17819.8,0,-139.951,-133,0.436224
51853, 801.799, 54, -1,-1,-1,31.4019,-15.4743,0.015849,8.68e+08,11,125000,1,0,32.8273,-6018.55,1,-127.507,-135,0.790528
51865, 802.185, 25, -1,-1,-1,47.4666,6.98245,0.025119,8.68e+08,10,125000,1,0,-4.39532,-16763.8,0,-135.842,-133,0.436224
51867, 802.252, 5, -1,-1,-1,53.0128,4.81756,0.019953,8.68e+08,10,125000,1,0,-5.74122,-18513.3,0,-137.284,-133,0.436224
51874, 802.562, 49, -1,-1,-1,45.6929,9.55674,0.015849,8.68e+08,10,125000,1,0,-5.24917,-15803.7,0,-138.125,-133,0.436224
51881, 802.792, 45, -1,-1,-1,49.1516,25.5874,0.025119,8.68e+08,12,125000,1,0,-13.6675,-15682.3,0,-138.751,-137,1.58106
51888, 803.039, 42, -1,-1,-1,55.9659,22.2357,0.019953,8.68e+08,10,125000,1,0,-13.4406,-17615.3,0,-139.684,-133,0.436224
51895, 803.211, 11, -1,-1,-1,55.1052,36.446,0.025119,8.68e+08,11,125000,1,0,-18.4874,-16627.5,0,-140.083,-135,0.790528
51917, 803.638, 37, -1,-1,-1,40.6397,25.2461,0.019953,8.68e+08,10,125000,1,0,-13.234,-12759,0,-139.625,-133,0.436224
51919, 803.707, 50, -1,-1,-1,39.8689,16.152,0.019953,8.68e+08,11,125000,1,0,-8.19334,-12691.7,0,-138.081,-135,0.790528
51926, 803.865, 15, -1,-1,-1,46.2746,7.09545,0.019953,8.68e+08,10,125000,1,0,-4.12119,-16349.9,0,-136.751,-133,0.436224
51928, 804.078, 17, -1,-1,-1,49.9949,1.85453,0.025119,8.68e+08,11,125000,1,0,-3.01968,-18215.9,0,-135.381,-135,0.790528
51940, 804.901, 56, -1,-1,-1,34.5758,13.0619,0.019953,8.68e+08,12,125000,1,0,-6.23344,-9950.15,0,-137.449,-137,1.58106
51942, 804.94, 59, -1,-1,-1,70.3446,16.3551,0.019953,8.68e+08,10,125000,1,0,-16.6339,-19161.6,0,-140.585,-133,0.436224
51944, 805.039, 6, -1,-1,-1,57.9389,19.5301,0.019953,8.68e+08,12,125000,1,0,-13.0238,-18159.8,0,-139.561,-137,1.58106
51956, 805.27, 22, -1,-1,-1,51.0484,10.8218,0.025119,8.68e+08,10,125000,1,0,-7.61971,-17479.6,0,-136.895,-133,0.436224
51958, 805.437, 2, -1,-1,-1,52.1594,14.5236,0.019953,8.68e+08,12,125000,1,0,-9.51925,-17394.5,0,-138.497,-137,1.58106
51965, 805.654, 40, -1,-1,-1,59.1236,25.6898,0.015849,8.68e+08,10,125000,1,0,-15.4068,-17978.5,0,-141.246,-133,0.436224
51972, 805.858, 4, -1,-1,-1,42.7292,12.7851,0.025119,8.68e+08,11,125000,1,0,-6.57663,-14298.3,0,-136.56,-135,0.790528
51984, 806.024, 14, -1,-1,-1,53.9616,-4.16799,0.025119,8.68e+08,10,125000,1,0,-3.17178,-19576.2,0,-135.429,-133,0.436224
51991, 806.421, 51, -1,-1,-1,42.2294,28.194,0.015849,8.68e+08,10,125000,1,0,-14.7854,-13359,0,-141.072,-133,0.436224
51993, 806.625, 32, -1,-1,-1,50.6742,17.0701,0.019953,8.68e+08,11,125000,1,0,-10.3139,-16812.1,0,-138.745,-135,0.790528
51995, 806.85, 47, -1,-1,-1,60.7806,1.83536,0.015849,8.68e+08,11,125000,1,0,-9.13143,-19599,0,-139.372,-135,0.790528
51997, 807.467, 12, -1,-1,-1,53.1839,-3.87715,0.019953,8.68e+08,12,125000,1,0,-2.74921,-19475.1,0,-136.288,-137,1.58106
52019, 807.943, 30, -1,-1,-1,50.4166,22.3874,0.025119,8.68e+08,10,125000,1,0,-12.6467,-16359.7,0,-138.451,-133,0.436224
52021, 808.134, 48, -1,-1,-1,56.6076,12.8569,0.015849,8.68e+08,10,125000,1,0,-10.4998,-18485.9,0,-139.8,-133,0.436224
52023, 808.277, 38, -1,-1,-1,46.6172,18.1503,0.019953,8.68e+08,11,125000,1,0,-10.1143,-15477.7,0,-138.684,-135,0.790528
52031, 808.551, 3, -1,-1,-1,38.8081,-3.66631,0.019953,8.68e+08,11,125000,1,0,6.25926,-14242.1,1,-133.279,-135,0.790528
52048, 809.18, 13, -1,-1,-1,57.1683,-5.07194,0.015849,8.68e+08,11,125000,1,0,-5.2839,-19857.9,0,-138.13,-135,0.790528
52055, 809.258, 53, -1,-1,-1,65.3284,-19.1561,0.025119,8.68e+08,10,125000,1,0,-9.4496,-19614.5,0,-137.47,-133,0.436224
52062, 809.432, 21, -1,-1,-1,40.7647,-7.46535,0.025119,8.68e+08,10,125000,1,0,8.51808,-16434.9,0,-131.551,-133,0.436224
52064, 809.805, 33, -1,-1,-1,48.5351,16.7675,0.019953,8.68e+08,10,125000,1,0,-9.85479,-16264.8,0,-138.602,-133,0.436224
52066, 810.021, 34, -1,-1,-1,47.8921,18.1051,0.019953,8.68e+08,11,125000,1,0,-10.3616,-15946.4,0,-138.76,-135,0.790528
52078, 810.678, 27, -1,-1,-1,50.9263,3.96498,0.019953,8.68e+08,12,125000,1,0,-4.73175,-18274.2,0,-136.951,-137,1.58106
52085, 810.814, 28, -1,-1,-1,54.4004,13.1066,0.019953,8.68e+08,10,125000,1,0,-9.92539,-18111.6,0,-138.622,-133,0.436224
52092, 811.155, 35, -1,-1,-1,44.8964,23.9506,0.019953,8.68e+08,11,125000,1,0,-12.8834,-14567,0,-139.521,-135,0.790528
52099, 811.408, 20, -1,-1,-1,39.7553,-9.35268,0.019953,8.68e+08,10,125000,1,0,11.0809,-16360.1,0,-131.754,-133,0.436224
52101, 811.677, 7, -1,-1,-1,48.8156,14.5218,0.025119,8.68e+08,10,125000,1,0,-8.93359,-16586.4,0,-137.313,-133,0.436224
52138, 812.364, 18, -1,-1,-1,41.6718,4.40735,0.025119,8.68e+08,12,125000,1,0,-1.35699,-14824.1,0,-134.825,-137,1.58106
52140, 812.527, 26, -1,-1,-1,48.2338,8.18102,0.015849,8.68e+08,11,125000,1,0,-5.72226,-17075.7,0,-138.279,-135,0.790528
52142, 812.562, 9, -1,-1,-1,38.2779,25.7475,0.015849,8.68e+08,11,125000,1,0,-13.8076,-12010.7,0,-140.791,-135,0.790528
52145, 812.607, 54, -1,-1,-1,31.4019,-15.4743,0.015849,8.68e+08,11,125000,1,0,31.6615,-7595.83,1,-127.72,-135,0.790528
52147, 812.654, 57, -1,-1,-1,36.1272,33.7657,0.019953,8.68e+08,10,125000,1,0,-18.1551,-11250.5,0,-140.994,-133,0.436224
52149, 812.804, 46, -1,-1,-1,54.0139,24.7077,0.019953,8.68e+08,11,125000,1,0,-14.3398,-17168.5,0,-139.944,-135,0.790528
52151, 812.975, 23, -1,-1,-1,52.3551,9.17867,0.015849,8.68e+08,11,125000,1,0,-7.70933,-18076.7,0,-138.922,-135,0.790528
52173, 813.611, 31, -1,-1,-1,55.2698,20.8384,0.019953,8.68e+08,12,125000,1,0,-13.138,-17698.1,0,-139.594,-137,1.58106
52175, 813.825, 50, -1,-1,-1,39.8689,16.152,0.019953,8.68e+08,11,125000,1,0,-8.5074,-12979.1,0,-138.18,-135,0.790528
52182, 813.96, 10, -1,-1,-1,29.0987,31.7557,0.015849,8.68e+08,10,125000,1,0,-18.1138,-8516.11,0,-141.981,-133,0.436224
52184, 814.025, 16, -1,-1,-1,42.7786,6.94506,0.019953,8.68e+08,10,125000,1,0,-3.42423,-15134.8,0,-136.519,-133,0.436224
52191, 814.334, 24, -1,-1,-1,49.1334,13.5818,0.015849,8.68e+08,10,125000,1,0,-8.67944,-16820.3,0,-139.233,-133,0.436224
52198, 814.732, 43, -1,-1,-1,55.2559,26.0605,0.025119,8.68e+08,10,125000,1,0,-15.1427,-17376.1,0,-139.172,-133,0.436224
52205, 815.092, 5, -1,-1,-1,53.0128,4.81756,0.019953,8.68e+08,10,125000,1,0,-6.35192,-18688.3,0,-137.482,-133,0.436224
52207, 815.11, 58, -1,-1,-1,62.6808,-4.27248,0.015849,8.68e+08,12,125000,1,0,-9.37448,-19891.1,0,-139.447,-137,1.58106
52209, 815.235, 39, -1,-1,-1,44.7388,20.1372,0.015849,8.68e+08,10,125000,1,0,-11.1251,-14819.2,0,-139.994,-133,0.436224
52221, 815.8, 19, -1,-1,-1,38.0115,0.007687,0.015849,8.68e+08,10,125000,1,0,2.85778,-13391.3,0,-135.405,-133,0.436224
52223, 816.18, 37, -1,-1,-1,40.6397,25.2461,0.019953,8.68e+08,10,125000,1,0,-13.5904,-13055.6,0,-139.728,-133,0.436224
52245, 816.981, 44, -1,-1,-1,48.915,29.8997,0.015849,8.68e+08,10,125000,1,0,-16.0464,-15643.9,0,-141.425,-133,0.436224
52257, 817.276, 29, -1,-1,-1,51.2316,20.2503,0.019953,8.68e+08,11,125000,1,0,-12.2076,-16880.4,0,-139.319,-135,0.790528
52264, 817.337, 47, -1,-1,-1,60.7806,1.83536,0.015849,8.68e+08,11,125000,1,0,-9.61675,-19690.6,0,-139.523,-135,0.790528
52266, 817.398, 42, -1,-1,-1,55.9659,22.2357,0.019953,8.68e+08,10,125000,1,0,-13.9972,-17798.2,0,-139.844,-133,0.436224
52273, 817.929, 1, -1,-1,-1,49.3743,3.30528,0.015849,8.68e+08,11,125000,1,0,-4.08046,-18104.2,0,-137.734,-135,0.790528
52275, 818.007, 36, -1,-1,-1,42.8721,21.2682,0.025119,8.68e+08,11,125000,1,0,-11.6307,-14105.7,0,-138.147,-135,0.790528
52287, 818.518, 0, -1,-1,-1,51.6007,-2.3004,0.025119,8.68e+08,11,125000,1,0,-2.92765,-19252.9,0,-135.347,-135,0.790528
52294, 818.72, 30, -1,-1,-1,50.4166,22.3874,0.025119,8.68e+08,10,125000,1,0,-13.039,-16536.2,0,-138.566,-133,0.436224
52296, 818.91, 2, -1,-1,-1,52.1594,14.5236,0.019953,8.68e+08,12,125000,1,0,-10.0703,-17599.6,0,-138.667,-137,1.58106
52313, 819.414, 40, -1,-1,-1,59.1236,25.6898,0.015849,8.68e+08,10,125000,1,0,-15.9371,-18131.7,0,-141.393,-133,0.436224
52320, 819.792, 49, -1,-1,-1,45.6929,9.55674,0.015849,8.68e+08,10,125000,1,0,-5.96216,-16193.7,0,-138.357,-133,0.436224
52322, 819.841, 56, -1,-1,-1,34.5758,13.0619,0.019953,8.68e+08,12,125000,1,0,-6.62011,-10490.9,0,-137.574,-137,1.58106
52324, 820.233, 6, -1,-1,-1,57.9389,19.5301,0.019953,8.68e+08,12,125000,1,0,-13.6335,-18334.4,0,-139.738,-137,1.58106
52331, 820.321, 13, -1,-1,-1,57.1683,-5.07194,0.015849,8.68e+08,11,125000,1,0,-5.85674,-19959.2,0,-138.317,-135,0.790528
52348, 820.733, 45, -1,-1,-1,49.1516,25.5874,0.025119,8.68e+08,12,125000,1,0,-14.2875,-15989.9,0,-138.929,-137,1.58106
52350, 820.748, 14, -1,-1,-1,53.9616,-4.16799,0.025119,8.68e+08,10,125000,1,0,-3.96621,-19541.6,0,-135.693,-133,0.436224
52357, 821.196, 32, -1,-1,-1,50.6742,17.0701,0.019953,8.68e+08,11,125000,1,0,-10.8809,-16850.9,0,-138.917,-135,0.790528
52359, 821.346, 4, -1,-1,-1,42.7292,12.7851,0.025119,8.68e+08,11,125000,1,0,-7.13767,-14513,0,-136.741,-135,0.790528
52361, 821.449, 28, -1,-1,-1,54.4004,13.1066,0.019953,8.68e+08,10,125000,1,0,-10.3729,-18049.3,0,-138.76,-133,0.436224
52363, 821.503, 8, -1,-1,-1,60.9564,9.93245,0.015849,8.68e+08,11,125000,1,0,-11.9342,-19089.4,0,-140.234,-135,0.790528
52375, 822.44, 34, -1,-1,-1,47.8921,18.1051,0.019953,8.68e+08,11,125000,1,0,-10.8195,-15981.7,0,-138.899,-135,0.790528
52382, 823.067, 11, -1,-1,-1,55.1052,36.446,0.025119,8.68e+08,11,125000,1,0,-19.1786,-16651.7,0,-140.261,-135,0.790528
52389, 823.374, 17, -1,-1,-1,49.9949,1.85453,0.025119,8.68e+08,11,125000,1,0,-3.99486,-18336.7,0,-135.705,-135,0.790528
52396, 823.63, 25, -1,-1,-1,47.4666,6.98245,0.025119,8.68e+08,10,125000,1,0,-5.3561,-17008.2,0,-136.157,-133,0.436224
52403, 824.229, 52, -1,-1,-1,38.853,34.58,0.019953,8.68e+08,11,125000,1,0,-18.5756,-12244.1,0,-141.104,-135,0.790528
52425, 825.2, 50, -1,-1,-1,39.8689,16.152,0.019953,8.68e+08,11,125000,1,0,-8.86323,-13105.2,0,-138.292,-135,0.790528
52438, 825.479, 55, -1,-1,-1,29.3409,-14.2582,0.025119,8.68e+08,12,125000,1,0,27.174,-4861.67,1,-126.609,-137,1.58106
52445, 825.714, 41, -1,-1,-1,57.7942,23.9073,0.019953,8.68e+08,10,125000,1,0,-15.3068,-17887.8,0,-140.216,-133,0.436224
52452, 825.805, 46, -1,-1,-1,54.0139,24.7077,0.019953,8.68e+08,11,125000,1,0,-14.8229,-17132.6,0,-140.08,-135,0.790528
52454, 825.847, 53, -1,-1,-1,65.3284,-19.1561,0.025119,8.68e+08,10,125000,1,0,-10.2094,-19541.6,0,-137.705,-133,0.436224
52461, 826.177, 33, -1,-1,-1,48.5351,16.7675,0.019953,8.68e+08,10,125000,1,0,-10.4759,-16366,0,-138.793,-133,0.436224
52463, 826.245, 27, -1,-1,-1,50.9263,3.96498,0.019953,8.68e+08,12,125000,1,0,-5.48014,-18319.3,0,-137.196,-137,1.58106
52470, 826.39, 23, -1,-1,-1,52.3551,9.17867,0.015849,8.68e+08,11,125000,1,0,-8.29921,-18074,0,-139.109,-135,0.790528
52472, 826.427, 21, -1,-1,-1,40.7647,-7.46535,0.025119,8.68e+08,10,125000,1,0,7.2582,-16828.7,0,-131.951,-133,0.436224
52474, 826.441, 18, -1,-1,-1,41.6718,4.40735,0.025119,8.68e+08,12,125000,1,0,-1.97526,-15065.9,0,-135.032,-137,1.58106
52476, 826.727, 51, -1,-1,-1,42.2294,28.194,0.015849,8.68e+08,10,125000,1,0,-15.3763,-13581.6,0,-141.238,-133,0.436224
52508, 827.443, 16, -1,-1,-1,42.7786,6.94506,0.019953,8.68e+08,10,125000,1,0,-3.98375,-15313.9,0,-136.704,-133,0.436224
52510, 827.484, 59, -1,-1,-1,70.3446,16.3551,0.019953,8.68e+08,10,125000,1,0,-17.5451,-19104.3,0,-140.829,-133,0.436224
52512, 827.485, 43, -1,-1,-1,55.2559,26.0605,0.025119,8.68e+08,10,125000,1,0,-15.617,-17323.7,0,-139.304,-133,0.436224
52514, 827.642, 15, -1,-1,-1,46.2746,7.09545,0.019953,8.68e+08,10,125000,1,0,-5.16873,-16679,0,-137.095,-133,0.436224
52521, 827.795, 24, -1,-1,-1,49.1334,13.5818,0.015849,8.68e+08,10,125000,1,0,-9.21894,-16863.3,0,-139.402,-133,0.436224
52528, 828.137, 57, -1,-1,-1,36.1272,33.7657,0.019953,8.68e+08,10,125000,1,0,-18.5212,-11381.1,0,-141.089,-133,0.436224
52535, 828.38, 31, -1,-1,-1,55.2698,20.8384,0.019953,8.68e+08,12,125000,1,0,-13.7123,-17677.6,0,-139.761,-137,1.58106
52542, 828.884, 0, -1,-1,-1,51.6007,-2.3004,0.025119,8.68e+08,11,125000,1,0,-3.48116,-19195.7,0,-135.531,-135,0.790528
52544, 829.168, 9, -1,-1,-1,38.2779,25.7475,0.015849,8.68e+08,11,125000,1,0,-14.2466,-12216.1,0,-140.917,-135,0.790528
52561, 829.983, 22, -1,-1,-1,51.0484,10.8218,0.025119,8.68e+08,10,125000,1,0,-8.67419,-17676,0,-137.229,-133,0.436224
52563, 830.115, 58, -1,-1,-1,62.6808,-4.27248,0.015849,8.68e+08,12,125000,1,0,-10.0711,-19800.8,0,-139.663,-137,1.58106
52565, 830.49, 38, -1,-1,-1,46.6172,18.1503,0.019953,8.68e+08,11,125000,1,0,-10.9145,-15722.8,0,-138.928,-135,0.790528
52582, 831.239, 12, -1,-1,-1,53.1839,-3.87715,0.019953,8.68e+08,12,125000,1,0,-4.03321,-19551.9,0,-136.715,-137,1.58106
52584, 831.373, 35, -1,-1,-1,44.8964,23.9506,0.019953,8.68e+08,11,125000,1,0,-13.5376,-14772.5,0,-139.711,-135,0.790528
52586, 831.378, 48, -1,-1,-1,56.6076,12.8569,0.015849,8.68e+08,10,125000,1,0,-11.4838,-18550.8,0,-140.098,-133,0.436224
52593, 831.643, 29, -1,-1,-1,51.2316,20.2503,0.019953,8.68e+08,11,125000,1,0,-12.7474,-16899,0,-139.478,-135,0.790528
52605, 832.253, 1, -1,-1,-1,49.3743,3.30528,0.015849,8.68e+08,11,125000,1,0,-4.77404,-18151.9,0,-137.963,-135,0.790528
52607, 832.44, 7, -1,-1,-1,48.8156,14.5218,0.025119,8.68e+08,10,125000,1,0,-9.75018,-16762.8,0,-137.567,-133,0.436224
52619, 833.257, 26, -1,-1,-1,48.2338,8.18102,0.015849,8.68e+08,11,125000,1,0,-6.62785,-17270.7,0,-138.572,-135,0.790528
52621, 833.289, 56, -1,-1,-1,34.5758,13.0619,0.019953,8.68e+08,12,125000,1,0,-6.97744,-10781.5,0,-137.689,-137,1.58106
52624, 833.302, 3, -1,-1,-1,38.8081,-3.66631,0.019953,8.68e+08,11,125000,1,0,4.81803,-15070.4,1,-133.749,-135,0.790528
52641, 834.137, 44, -1,-1,-1,48.915,29.8997,0.015849,8.68e+08,10,125000,1,0,-16.6157,-15707.7,0,-141.58,-133,0.436224
52643, 834.554, 32, -1,-1,-1,50.6742,17.0701,0.019953,8.68e+08,11,125000,1,0,-11.3982,-17063.9,0,-139.074,-135,0.790528
52651, 834.813, 54, -1,-1,-1,31.4019,-15.4743,0.015849,8.68e+08,11,125000,1,0,28.851,-10195.3,1,-128.262,-135,0.790528
52658, 835.121, 19, -1,-1,-1,38.0115,0.007687,0.015849,8.68e+08,10,125000,1,0,1.9489,-13987.3,0,-135.708,-133,0.436224
52666, 835.518, 20, -1,-1,-1,39.7553,-9.35268,0.019953,8.68e+08,10,125000,1,0,9.07991,-17056.6,1,-132.37,-133,0.436224
52683, 835.869, 10, -1,-1,-1,29.0987,31.7557,0.015849,8.68e+08,10,125000,1,0,-18.5096,-8868.78,0,-142.084,-133,0.436224
52685, 836.128, 30, -1,-1,-1,50.4166,22.3874,0.025119,8.68e+08,10,125000,1,0,-13.6711,-16607.2,0,-138.749,-133,0.436224
52687, 836.162, 39, -1,-1,-1,44.7388,20.1372,0.015849,8.68e+08,10,125000,1,0,-11.8315,-15060.3,0,-140.206,-133,0.436224
52694, 837.102, 2, -1,-1,-1,52.1594,14.5236,0.019953,8.68e+08,12,125000,1,0,-10.8083,-17666.9,0,-138.893,-137,1.58106
52696, 837.193, 37, -1,-1,-1,40.6397,25.2461,0.019953,8.68e+08,10,125000,1,0,-14.1936,-13332.7,0,-139.901,-133,0.436224
52718, 838.117, 23, -1,-1,-1,52.3551,9.17867,0.015849,8.68e+08,11,125000,1,0,-8.80989,-18237,0,-139.27,-135,0.790528
52725, 838.396, 49, -1,-1,-1,45.6929,9.55674,0.015849,8.68e+08,10,125000,1,0,-6.72728,-16404.5,0,-138.605,-133,0.436224
52727, 838.489, 14, -1,-1,-1,53.9616,-4.16799,0.025119,8.68e+08,10,125000,1,0,-4.89869,-19727.8,0,-136.001,-133,0.436224
52749, 839.199, 27, -1,-1,-1,50.9263,3.96498,0.019953,8.68e+08,12,125000,1,0,-6.09353,-18507,0,-137.396,-137,1.58106
52751, 839.304, 5, -1,-1,-1,53.0128,4.81756,0.019953,8.68e+08,10,125000,1,0,-7.48131,-18807,0,-137.845,-133,0.436224
52753, 839.473, 41, -1,-1,-1,57.7942,23.9073,0.019953,8.68e+08,10,125000,1,0,-15.835,-18044.6,0,-140.363,-133,0.436224
52755, 839.718, 18, -1,-1,-1,41.6718,4.40735,0.025119,8.68e+08,12,125000,1,0,-2.55668,-15441.8,0,-135.226,-137,1.58106
52757, 839.723, 36, -1,-1,-1,42.8721,21.2682,0.025119,8.68e+08,11,125000,1,0,-12.3226,-14390.2,0,-138.353,-135,0.790528
52764, 839.89, 52, -1,-1,-1,38.853,34.58,0.019953,8.68e+08,11,125000,1,0,-18.9798,-12569,0,-141.208,-135,0.790528
52781, 840.299, 28, -1,-1,-1,54.4004,13.1066,0.019953,8.68e+08,10,125000,1,0,-11.1586,-18290.2,0,-138.999,-133,0.436224
52783, 840.394, 42, -1,-1,-1,55.9659,22.2357,0.019953,8.68e+08,10,125000,1,0,-14.8819,-17868.2,0,-140.095,-133,0.436224
52790, 840.761, 47, -1,-1,-1,60.7806,1.83536,0.015849,8.68e+08,11,125000,1,0,-10.6824,-19684.4,0,-139.851,-135,0.790528
52802, 841.488, 4, -1,-1,-1,42.7292,12.7851,0.025119,8.68e+08,11,125000,1,0,-7.86948,-14818.5,0,-136.974,-135,0.790528
52809, 841.54, 40, -1,-1,-1,59.1236,25.6898,0.015849,8.68e+08,10,125000,1,0,-16.7837,-17925.2,0,-141.624,-133,0.436224
52811, 841.573, 38, -1,-1,-1,46.6172,18.1503,0.019953,8.68e+08,11,125000,1,0,-11.3134,-15733.8,0,-139.048,-135,0.790528
52813, 841.704, 45, -1,-1,-1,49.1516,25.5874,0.025119,8.68e+08,12,125000,1,0,-15.0115,-15912.6,0,-139.133,-137,1.58106
52835, 842.73, 25, -1,-1,-1,47.4666,6.98245,0.025119,8.68e+08,10,125000,1,0,-6.19995,-17177,0,-136.432,-133,0.436224
52847, 843.109, 6, -1,-1,-1,57.9389,19.5301,0.019953,8.68e+08,12,125000,1,0,-14.5426,-18159.4,0,-139.998,-137,1.58106
52849, 843.165, 11, -1,-1,-1,55.1052,36.446,0.025119,8.68e+08,11,125000,1,0,-19.876,-16669.2,0,-140.438,-135,0.790528
52856, 843.284, 50, -1,-1,-1,39.8689,16.152,0.019953,8.68e+08,11,125000,1,0,-9.43433,-13394.7,0,-138.47,-135,0.790528
52858, 843.345, 1, -1,-1,-1,49.3743,3.30528,0.015849,8.68e+08,11,125000,1,0,-5.30385,-18135.9,0,-138.137,-135,0.790528
52860, 843.738, 8, -1,-1,-1,60.9564,9.93245,0.015849,8.68e+08,11,125000,1,0,-12.885,-19079.9,0,-140.515,-135,0.790528
52872, 844.032, 13, -1,-1,-1,57.1683,-5.07194,0.015849,8.68e+08,11,125000,1,0,-7.04606,-19770.5,0,-138.702,-135,0.790528
52874, 844.24, 53, -1,-1,-1,65.3284,-19.1561,0.025119,8.68e+08,10,125000,1,0,-11.0374,-19480,0,-137.958,-133,0.436224
52881, 844.551, 9, -1,-1,-1,38.2779,25.7475,0.015849,8.68e+08,11,125000,1,0,-14.6585,-12376.9,0,-141.034,-135,0.790528
52884, 844.685, 55, -1,-1,-1,29.3409,-14.2582,0.025119,8.68e+08,12,125000,1,0,25.7909,-7119.5,1,-126.904,-137,1.58106
52896, 845.614, 43, -1,-1,-1,55.2559,26.0605,0.025119,8.68e+08,10,125000,1,0,-16.2882,-17331.8,0,-139.488,-133,0.436224
52908, 845.902, 21, -1,-1,-1,40.7647,-7.46535,0.025119,8.68e+08,10,125000,1,0,5.8717,-17235.2,0,-132.399,-133,0.436224
52910, 845.947, 58, -1,-1,-1,62.6808,-4.27248,0.015849,8.68e+08,12,125000,1,0,-10.7944,-19713,0,-139.884,-137,1.58106
52927, 846.411, 17, -1,-1,-1,49.9949,1.85453,0.025119,8.68e+08,11,125000,1,0,-5.12925,-18490.4,0,-136.078,-135,0.790528
52929, 846.455, 3, -1,-1,-1,38.8081,-3.66631,0.019953,8.68e+08,11,125000,1,0,4.06244,-15371.1,0,-133.998,-135,0.790528
52931, 846.599, 15, -1,-1,-1,46.2746,7.09545,0.019953,8.68e+08,10,125000,1,0,-5.99357,-16871.7,0,-137.364,-133,0.436224
52933, 846.66, 22, -1,-1,-1,51.0484,10.8218,0.025119,8.68e+08,10,125000,1,0,-9.37649,-17727.8,0,-137.448,-133,0.436224
52940, 846.878, 34, -1,-1,-1,47.8921,18.1051,0.019953,8.68e+08,11,125000,1,0,-11.7181,-16220.4,0,-139.17,-135,0.790528
52947, 847.293, 7, -1,-1,-1,48.8156,14.5218,0.025119,8.68e+08,10,125000,1,0,-10.3308,-16818.2,0,-137.746,-133,0.436224
52959, 847.78, 46, -1,-1,-1,54.0139,24.7077,0.019953,8.68e+08,11,125000,1,0,-15.6356,-17207.6,0,-140.307,-135,0.790528
52961, 847.824, 33, -1,-1,-1,48.5351,16.7675,0.019953,8.68e+08,10,125000,1,0,-11.2935,-16542.1,0,-139.041,-133,0.436224
52963, 847.937, 37, -1,-1,-1,40.6397,25.2461,0.019953,8.68e+08,10,125000,1,0,-14.5047,-13364.5,0,-139.99,-133,0.436224
52980, 848.927, 24, -1,-1,-1,49.1334,13.5818,0.015849,8.68e+08,10,125000,1,0,-10.0599,-17021.8,0,-139.662,-133,0.436224
52982, 849.072, 23, -1,-1,-1,52.3551,9.17867,0.015849,8.68e+08,11,125000,1,0,-9.28296,-18187.3,0,-139.418,-135,0.790528
52984, 849.135, 51, -1,-1,-1,42.2294,28.194,0.015849,8.68e+08,10,125000,1,0,-16.0343,-13827.1,0,-141.419,-133,0.436224
52996, 849.889, 59, -1,-1,-1,70.3446,16.3551,0.019953,8.68e+08,10,125000,1,0,-18.4399,-19042.4,0,-141.065,-133,0.436224
53023, 850.402, 14, -1,-1,-1,53.9616,-4.16799,0.025119,8.68e+08,10,125000,1,0,-5.51089,-19653.2,0,-136.201,-133,0.436224
53030, 850.661, 29, -1,-1,-1,51.2316,20.2503,0.019953,8.68e+08,11,125000,1,0,-13.4586,-16976,0,-139.686,-135,0.790528
53032, 850.712, 28, -1,-1,-1,54.4004,13.1066,0.019953,8.68e+08,10,125000,1,0,-11.5887,-18215.2,0,-139.129,-133,0.436224
53034, 850.716, 57, -1,-1,-1,36.1272,33.7657,0.019953,8.68e+08,10,125000,1,0,-19.0634,-11655.4,0,-141.229,-133,0.436224
53036, 850.949, 32, -1,-1,-1,50.6742,17.0701,0.019953,8.68e+08,11,125000,1,0,-12.0298,-17112.6,0,-139.263,-135,0.790528
53178, 851.438, 48, -1,-1,-1,56.6076,12.8569,0.015849,8.68e+08,10,125000,1,0,-12.3206,-18566.8,0,-140.348,-133,0.436224
53180, 851.538, 49, -1,-1,-1,45.6929,9.55674,0.015849,8.68e+08,10,125000,1,0,-7.26452,-16482.6,0,-138.777,-133,0.436224
53187, 851.677, 30, -1,-1,-1,50.4166,22.3874,0.025119,8.68e+08,10,125000,1,0,-14.2339,-16637.1,0,-138.911,-133,0.436224
53189, 851.786, 0, -1,-1,-1,51.6007,-2.3004,0.025119,8.68e+08,11,125000,1,0,-4.67354,-19283,0,-135.926,-135,0.790528
53191, 851.858, 12, -1,-1,-1,53.1839,-3.87715,0.019953,8.68e+08,12,125000,1,0,-5.10822,-19578.3,0,-137.069,-137,1.58106
53193, 851.976, 20, -1,-1,-1,39.7553,-9.35268,0.019953,8.68e+08,10,125000,1,0,7.78586,-17390.8,0,-132.778,-133,0.436224
53200, 852.146, 31, -1,-1,-1,55.2698,20.8384,0.019953,8.68e+08,12,125000,1,0,-14.6293,-17759.9,0,-140.023,-137,1.58106
53202, 852.421, 16, -1,-1,-1,42.7786,6.94506,0.019953,8.68e+08,10,125000,1,0,-5.02119,-15756.4,0,-137.045,-133,0.436224
53209, 853.386, 26, -1,-1,-1,48.2338,8.18102,0.015849,8.68e+08,11,125000,1,0,-7.49561,-17428.9,0,-138.851,-135,0.790528
53226, 854.197, 47, -1,-1,-1,60.7806,1.83536,0.015849,8.68e+08,11,125000,1,0,-11.283,-19588.8,0,-140.033,-135,0.790528
53243, 854.816, 40, -1,-1,-1,59.1236,25.6898,0.015849,8.68e+08,10,125000,1,0,-17.2883,-18067.9,0,-141.76,-133,0.436224
53245, 854.825, 52, -1,-1,-1,38.853,34.58,0.019953,8.68e+08,11,125000,1,0,-19.3688,-12647.5,0,-141.308,-135,0.790528
53252, 855.049, 19, -1,-1,-1,38.0115,0.007687,0.015849,8.68e+08,10,125000,1,0,1.00943,-14537.8,0,-136.022,-133,0.436224
53254, 855.215, 39, -1,-1,-1,44.7388,20.1372,0.015849,8.68e+08,10,125000,1,0,-12.4764,-15240.7,0,-140.397,-133,0.436224
53261, 855.744, 2, -1,-1,-1,52.1594,14.5236,0.019953,8.68e+08,12,125000,1,0,-11.5576,-17726.5,0,-139.12,-137,1.58106
53268, 856.336, 35, -1,-1,-1,44.8964,23.9506,0.019953,8.68e+08,11,125000,1,0,-14.3487,-15047,0,-139.944,-135,0.790528
53276, 856.412, 55, -1,-1,-1,29.3409,-14.2582,0.025119,8.68e+08,12,125000,1,0,24.7695,-8527.96,1,-127.128,-137,1.58106
53288, 856.784, 44, -1,-1,-1,48.915,29.8997,0.015849,8.68e+08,10,125000,1,0,-17.3673,-15845.3,0,-141.782,-133,0.436224
53300, 857.355, 11, -1,-1,-1,55.1052,36.446,0.025119,8.68e+08,11,125000,1,0,-20.3673,-16844.9,0,-140.561,-135,0.790528
53302, 857.413, 38, -1,-1,-1,46.6172,18.1503,0.019953,8.68e+08,11,125000,1,0,-11.8828,-16026.5,0,-139.219,-135,0.790528
53314, 857.727, 56, -1,-1,-1,34.5758,13.0619,0.019953,8.68e+08,12,125000,1,0,-7.64691,-11414.8,0,-137.903,-137,1.58106
53316, 858.372, 8, -1,-1,-1,60.9564,9.93245,0.015849,8.68e+08,11,125000,1,0,-13.5025,-19212.6,0,-140.695,-135,0.790528
53318, 858.514, 18, -1,-1,-1,41.6718,4.40735,0.025119,8.68e+08,12,125000,1,0,-3.37588,-15760.9,0,-135.498,-137,1.58106
53320, 858.514, 54, -1,-1,-1,31.4019,-15.4743,0.015849,8.68e+08,11,125000,1,0,25.582,-12452.5,0,-128.947,-135,0.790528
53342, 858.932, 45, -1,-1,-1,49.1516,25.5874,0.025119,8.68e+08,12,125000,1,0,-15.6057,-16187.2,0,-139.299,-137,1.58106
53344, 859.257, 7, -1,-1,-1,48.8156,14.5218,0.025119,8.68e+08,10,125000,1,0,-10.7963,-17015.3,0,-137.888,-133,0.436224
53356, 859.399, 34, -1,-1,-1,47.8921,18.1051,0.019953,8.68e+08,11,125000,1,0,-12.1772,-16435.7,0,-139.307,-135,0.790528
53358, 859.413, 50, -1,-1,-1,39.8689,16.152,0.019953,8.68e+08,11,125000,1,0,-9.94853,-13804.4,0,-138.629,-135,0.790528
53370, 859.678, 4, -1,-1,-1,42.7292,12.7851,0.025119,8.68e+08,11,125000,1,0,-8.53167,-15240.5,0,-137.183,-135,0.790528
53372, 859.693, 10, -1,-1,-1,29.0987,31.7557,0.015849,8.68e+08,10,125000,1,0,-18.9553,-9251.95,0,-142.199,-133,0.436224
53374, 859.719, 51, -1,-1,-1,42.2294,28.194,0.015849,8.68e+08,10,125000,1,0,-16.3471,-14036.7,0,-141.505,-133,0.436224
53396, 860.346, 59, -1,-1,-1,70.3446,16.3551,0.019953,8.68e+08,10,125000,1,0,-18.8541,-19124.3,0,-141.172,-133,0.436224
53403, 860.368, 36, -1,-1,-1,42.8721,21.2682,0.025119,8.68e+08,11,125000,1,0,-12.9846,-14626.4,0,-138.548,-135,0.790528
53415, 860.73, 9, -1,-1,-1,38.2779,25.7475,0.015849,8.68e+08,11,125000,1,0,-15.0966,-12751.7,0,-141.157,-135,0.790528
53417, 860.758, 29, -1,-1,-1,51.2316,20.2503,0.019953,8.68e+08,11,125000,1,0,-13.8346,-17122.5,0,-139.794,-135,0.790528
53419, 860.893, 41, -1,-1,-1,57.7942,23.9073,0.019953,8.68e+08,10,125000,1,0,-16.6517,-17836.4,0,-140.586,-133,0.436224
53421, 860.915, 21, -1,-1,-1,40.7647,-7.46535,0.025119,8.68e+08,10,125000,1,0,4.84288,-17459,0,-132.736,-133,0.436224
53428, 861.024, 17, -1,-1,-1,49.9949,1.85453,0.025119,8.68e+08,11,125000,1,0,-5.83326,-18502.5,0,-136.308,-135,0.790528
53430, 861.156, 27, -1,-1,-1,50.9263,3.96498,0.019953,8.68e+08,12,125000,1,0,-7.11484,-18616.9,0,-137.726,-137,1.58106
53432, 861.364, 42, -1,-1,-1,55.9659,22.2357,0.019953,8.68e+08,10,125000,1,0,-15.6819,-17680.8,0,-140.319,-133,0.436224
53444, 861.944, 6, -1,-1,-1,57.9389,19.5301,0.019953,8.68e+08,12,125000,1,0,-15.2836,-18143.5,0,-140.207,-137,1.58106
53446, 862.081, 5, -1,-1,-1,53.0128,4.81756,0.019953,8.68e+08,10,125000,1,0,-8.51943,-18689.2,0,-138.175,-133,0.436224
53448, 863.303, 58, -1,-1,-1,62.6808,-4.27248,0.015849,8.68e+08,12,125000,1,0,-11.5746,-19633.3,0,-140.12,-137,1.58106
53455, 864.432, 57, -1,-1,-1,36.1272,33.7657,0.019953,8.68e+08,10,125000,1,0,-19.3973,-11723.6,0,-141.314,-133,0.436224
53477, 865.438, 39, -1,-1,-1,44.7388,20.1372,0.015849,8.68e+08,10,125000,1,0,-12.8228,-15234.4,0,-140.499,-133,0.436224
53479, 865.462, 25, -1,-1,-1,47.4666,6.98245,0.025119,8.68e+08,10,125000,1,0,-7.19013,-17384.3,0,-136.751,-133,0.436224
53481, 865.479, 1, -1,-1,-1,49.3743,3.30528,0.015849,8.68e+08,11,125000,1,0,-6.34318,-18274.6,0,-138.475,-135,0.790528
53483, 865.628, 32, -1,-1,-1,50.6742,17.0701,0.019953,8.68e+08,11,125000,1,0,-12.5922,-17123.7,0,-139.429,-135,0.790528
53500, 866.167, 30, -1,-1,-1,50.4166,22.3874,0.025119,8.68e+08,10,125000,1,0,-14.757,-16640.5,0,-139.059,-133,0.436224
53507, 866.462, 0, -1,-1,-1,51.6007,-2.3004,0.025119,8.68e+08,11,125000,1,0,-5.41725,-19258.7,0,-136.17,-135,0.790528
53509, 866.519, 53, -1,-1,-1,65.3284,-19.1561,0.025119,8.68e+08,10,125000,1,0,-12.0215,-19447.2,0,-138.254,-133,0.436224
53516, 866.782, 22, -1,-1,-1,51.0484,10.8218,0.025119,8.68e+08,10,125000,1,0,-10.2144,-17815,0,-137.707,-133,0.436224
53523, 867.267, 33, -1,-1,-1,48.5351,16.7675,0.019953,8.68e+08,10,125000,1,0,-12.0241,-16660.4,0,-139.26,-133,0.436224
53535, 867.505, 13, -1,-1,-1,57.1683,-5.07194,0.015849,8.68e+08,11,125000,1,0,-8.18735,-19770.3,0,-139.066,-135,0.790528
53537, 868.109, 46, -1,-1,-1,54.0139,24.7077,0.019953,8.68e+08,11,125000,1,0,-16.383,-17248.2,0,-140.513,-135,0.790528
53540, 868.283, 3, -1,-1,-1,38.8081,-3.66631,0.019953,8.68e+08,11,125000,1,0,2.82834,-15919.2,1,-134.408,-135,0.790528
53552, 869.388, 43, -1,-1,-1,55.2559,26.0605,0.025119,8.68e+08,10,125000,1,0,-17.1631,-17399.1,0,-139.725,-133,0.436224
53554, 869.491, 16, -1,-1,-1,42.7786,6.94506,0.019953,8.68e+08,10,125000,1,0,-5.72619,-15967.8,0,-137.276,-133,0.436224
53586, 870.668, 15, -1,-1,-1,46.2746,7.09545,0.019953,8.68e+08,10,125000,1,0,-7.02752,-17131.8,0,-137.698,-133,0.436224
53603, 870.982, 23, -1,-1,-1,52.3551,9.17867,0.015849,8.68e+08,11,125000,1,0,-10.218,-18271.7,0,-139.708,-135,0.790528
53605, 871.008, 34, -1,-1,-1,47.8921,18.1051,0.019953,8.68e+08,11,125000,1,0,-12.6018,-16426.2,0,-139.433,-135,0.790528
53612, 871.34, 52, -1,-1,-1,38.853,34.58,0.019953,8.68e+08,11,125000,1,0,-19.8025,-12747.1,0,-141.417,-135,0.790528
53614, 871.449, 24, -1,-1,-1,49.1334,13.5818,0.015849,8.68e+08,10,125000,1,0,-10.9484,-17180.4,0,-139.934,-133,0.436224
53621, 871.595, 38, -1,-1,-1,46.6172,18.1503,0.019953,8.68e+08,11,125000,1,0,-12.3919,-16076.6,0,-139.37,-135,0.790528
53623, 871.597, 26, -1,-1,-1,48.2338,8.18102,0.015849,8.68e+08,11,125000,1,0,-8.27117,-17533.8,0,-139.097,-135,0.790528
53636, 871.812, 55, -1,-1,-1,29.3409,-14.2582,0.025119,8.68e+08,12,125000,1,0,23.2906,-9972.39,1,-127.464,-137,1.58106
53638, 871.997, 31, -1,-1,-1,55.2698,20.8384,0.019953,8.68e+08,12,125000,1,0,-15.3887,-17781.5,0,-140.236,-137,1.58106
53640, 872.082, 28, -1,-1,-1,54.4004,13.1066,0.019953,8.68e+08,10,125000,1,0,-12.4632,-18264.5,0,-139.389,-133,0.436224
53642, 872.083, 37, -1,-1,-1,40.6397,25.2461,0.019953,8.68e+08,10,125000,1,0,-15.2097,-13672.1,0,-140.188,-133,0.436224
53659, 872.354, 18, -1,-1,-1,41.6718,4.40735,0.025119,8.68e+08,12,125000,1,0,-3.9756,-15924.1,0,-135.697,-137,1.58106
53661, 872.381, 35, -1,-1,-1,44.8964,23.9506,0.019953,8.68e+08,11,125000,1,0,-14.8716,-15133.9,0,-140.092,-135,0.790528
53668, 872.56, 59, -1,-1,-1,70.3446,16.3551,0.019953,8.68e+08,10,125000,1,0,-19.3353,-18979.3,0,-141.296,-133,0.436224
53670, 872.607, 44, -1,-1,-1,48.915,29.8997,0.015849,8.68e+08,10,125000,1,0,-17.8924,-15864,0,-141.921,-133,0.436224
53672, 872.941, 47, -1,-1,-1,60.7806,1.83536,0.015849,8.68e+08,11,125000,1,0,-12.109,-19532.6,0,-140.281,-135,0.790528
53689, 873.598, 48, -1,-1,-1,56.6076,12.8569,0.015849,8.68e+08,10,125000,1,0,-13.2329,-18595.2,0,-140.616,-133,0.436224
53691, 873.803, 19, -1,-1,-1,38.0115,0.007687,0.015849,8.68e+08,10,125000,1,0,0.127374,-14987,0,-136.318,-133,0.436224
53703, 874.02, 6, -1,-1,-1,57.9389,19.5301,0.019953,8.68e+08,12,125000,1,0,-15.7554,-18273.2,0,-140.338,-137,1.58106
53710, 874.334, 20, -1,-1,-1,39.7553,-9.35268,0.019953,8.68e+08,10,125000,1,0,6.1154,-17829.9,0,-133.316,-133,0.436224
53712, 874.385, 11, -1,-1,-1,55.1052,36.446,0.025119,8.68e+08,11,125000,1,0,-20.9555,-16812.6,0,-140.706,-135,0.790528
53714, 874.406, 40, -1,-1,-1,59.1236,25.6898,0.015849,8.68e+08,10,125000,1,0,-18.0284,-18045,0,-141.956,-133,0.436224
53721, 874.747, 14, -1,-1,-1,53.9616,-4.16799,0.025119,8.68e+08,10,125000,1,0,-6.73046,-19693.4,0,-136.597,-133,0.436224
53733, 875.226, 49, -1,-1,-1,45.6929,9.55674,0.015849,8.68e+08,10,125000,1,0,-8.22597,-16745.1,0,-139.084,-133,0.436224
53735, 875.428, 51, -1,-1,-1,42.2294,28.194,0.015849,8.68e+08,10,125000,1,0,-16.8134,-14125.5,0,-141.632,-133,0.436224
53762, 876.029, 12, -1,-1,-1,53.1839,-3.87715,0.019953,8.68e+08,12,125000,1,0,-6.32806,-19628.3,0,-137.467,-137,1.58106
53774, 876.461, 1, -1,-1,-1,49.3743,3.30528,0.015849,8.68e+08,11,125000,1,0,-6.85051,-18431.2,0,-138.639,-135,0.790528
53776, 876.636, 10, -1,-1,-1,29.0987,31.7557,0.015849,8.68e+08,10,125000,1,0,-19.2815,-9448.25,0,-142.283,-133,0.436224
53778, 876.802, 8, -1,-1,-1,60.9564,9.93245,0.015849,8.68e+08,11,125000,1,0,-14.2714,-19159.5,0,-140.916,-135,0.790528
53780, 876.966, 4, -1,-1,-1,42.7292,12.7851,0.025119,8.68e+08,11,125000,1,0,-9.16141,-15430.4,0,-137.381,-135,0.790528
53787, 877.31, 45, -1,-1,-1,49.1516,25.5874,0.025119,8.68e+08,12,125000,1,0,-16.2386,-16253.8,0,-139.473,-137,1.58106
53794, 877.551, 27, -1,-1,-1,50.9263,3.96498,0.019953,8.68e+08,12,125000,1,0,-7.86337,-18636.9,0,-137.965,-137,1.58106
53796, 877.609, 2, -1,-1,-1,52.1594,14.5236,0.019953,8.68e+08,12,125000,1,0,-12.4279,-17815.2,0,-139.379,-137,1.58106
53798, 877.757, 32, -1,-1,-1,50.6742,17.0701,0.019953,8.68e+08,11,125000,1,0,-13.0549,-17299.1,0,-139.565,-135,0.790528
53805, 878.111, 0, -1,-1,-1,51.6007,-2.3004,0.025119,8.68e+08,11,125000,1,0,-5.99712,-19389.5,0,-136.359,-135,0.790528
53807, 878.332, 21, -1,-1,-1,40.7647,-7.46535,0.025119,8.68e+08,10,125000,1,0,3.69062,-17895.8,0,-133.116,-133,0.436224
53814, 879.525, 7, -1,-1,-1,48.8156,14.5218,0.025119,8.68e+08,10,125000,1,0,-11.5804,-17136,0,-138.125,-133,0.436224
53851, 881.228, 5, -1,-1,-1,53.0128,4.81756,0.019953,8.68e+08,10,125000,1,0,-9.3755,-18710.2,0,-138.443,-133,0.436224
53853, 881.267, 39, -1,-1,-1,44.7388,20.1372,0.015849,8.68e+08,10,125000,1,0,-13.3598,-15324.3,0,-140.656,-133,0.436224
53885, 881.573, 3, -1,-1,-1,38.8081,-3.66631,0.019953,8.68e+08,11,125000,1,0,2.09027,-16140.9,0,-134.654,-135,0.790528
53887, 881.71, 52, -1,-1,-1,38.853,34.58,0.019953,8.68e+08,11,125000,1,0,-20.0766,-12717.1,0,-141.486,-135,0.790528
53889, 881.734, 56, -1,-1,-1,34.5758,13.0619,0.019953,8.68e+08,12,125000,1,0,-8.32661,-11796.5,0,-138.118,-137,1.58106
53891, 881.738, 58, -1,-1,-1,62.6808,-4.27248,0.015849,8.68e+08,12,125000,1,0,-12.3899,-19558.4,0,-140.363,-137,1.58106
53893, 881.767, 54, -1,-1,-1,31.4019,-15.4743,0.015849,8.68e+08,11,125000,1,0,22.3947,-13934.9,0,-129.672,-135,0.790528
53895, 881.943, 41, -1,-1,-1,57.7942,23.9073,0.019953,8.68e+08,10,125000,1,0,-17.4481,-17836.9,0,-140.8,-133,0.436224
53897, 881.974, 42, -1,-1,-1,55.9659,22.2357,0.019953,8.68e+08,10,125000,1,0,-16.4622,-17695.9,0,-140.533,-133,0.436224
53909, 882.188, 36, -1,-1,-1,42.8721,21.2682,0.025119,8.68e+08,11,125000,1,0,-13.6879,-14656.2,0,-138.752,-135,0.790528
53911, 882.218, 46, -1,-1,-1,54.0139,24.7077,0.019953,8.68e+08,11,125000,1,0,-16.8994,-17200.1,0,-140.653,-135,0.790528
53913, 882.357, 26, -1,-1,-1,48.2338,8.18102,0.015849,8.68e+08,11,125000,1,0,-8.72531,-17506,0,-139.24,-135,0.790528
53920, 882.496, 57, -1,-1,-1,36.1272,33.7657,0.019953,8.68e+08,10,125000,1,0,-19.8419,-11873.4,0,-141.427,-133,0.436224
53922, 882.57, 22, -1,-1,-1,51.0484,10.8218,0.025119,8.68e+08,10,125000,1,0,-10.8649,-17827.5,0,-137.906,-133,0.436224
53939, 883.006, 55, -1,-1,-1,29.3409,-14.2582,0.025119,8.68e+08,12,125000,1,0,22.1523,-10847.1,0,-127.731,-137,1.58106
53951, 883.27, 50, -1,-1,-1,39.8689,16.152,0.019953,8.68e+08,11,125000,1,0,-10.7161,-13991.1,0,-138.864,-135,0.790528
53953, 883.375, 17, -1,-1,-1,49.9949,1.85453,0.025119,8.68e+08,11,125000,1,0,-6.88856,-18606.2,0,-136.65,-135,0.790528
53955, 883.408, 25, -1,-1,-1,47.4666,6.98245,0.025119,8.68e+08,10,125000,1,0,-7.96133,-17485.6,0,-136.997,-133,0.436224
53957, 883.55, 38, -1,-1,-1,46.6172,18.1503,0.019953,8.68e+08,11,125000,1,0,-12.8205,-16076.8,0,-139.497,-135,0.790528
53959, 883.64, 43, -1,-1,-1,55.2559,26.0605,0.025119,8.68e+08,10,125000,1,0,-17.6849,-17341,0,-139.864,-133,0.436224
53961, 883.94, 9, -1,-1,-1,38.2779,25.7475,0.015849,8.68e+08,11,125000,1,0,-15.7334,-12849,0,-141.334,-135,0.790528
53978, 884.435, 24, -1,-1,-1,49.1334,13.5818,0.015849,8.68e+08,10,125000,1,0,-11.4571,-17174.9,0,-140.087,-133,0.436224
53985, 884.624, 44, -1,-1,-1,48.915,29.8997,0.015849,8.68e+08,10,125000,1,0,-18.2911,-15816.6,0,-142.026,-133,0.436224
53992, 885.125, 30, -1,-1,-1,50.4166,22.3874,0.025119,8.68e+08,10,125000,1,0,-15.4391,-16698.9,0,-139.25,-133,0.436224
53994, 885.154, 29, -1,-1,-1,51.2316,20.2503,0.019953,8.68e+08,11,125000,1,0,-14.7391,-17040.5,0,-140.052,-135,0.790528
54001, 885.242, 34, -1,-1,-1,47.8921,18.1051,0.019953,8.68e+08,11,125000,1,0,-13.1213,-16450,0,-139.585,-135,0.790528
54018, 885.811, 15, -1,-1,-1,46.2746,7.09545,0.019953,8.68e+08,10,125000,1,0,-7.67051,-17205.1,0,-137.904,-133,0.436224
54025, 886.116, 51, -1,-1,-1,42.2294,28.194,0.015849,8.68e+08,10,125000,1,0,-17.1319,-14108.5,0,-141.717,-133,0.436224
54027, 886.309, 33, -1,-1,-1,48.5351,16.7675,0.019953,8.68e+08,10,125000,1,0,-12.7361,-16755.4,0,-139.471,-133,0.436224
54029, 886.523, 13, -1,-1,-1,57.1683,-5.07194,0.015849,8.68e+08,11,125000,1,0,-9.08874,-19725,0,-139.35,-135,0.790528
54031, 886.813, 18, -1,-1,-1,41.6718,4.40735,0.025119,8.68e+08,12,125000,1,0,-4.59858,-16081.5,0,-135.902,-137,1.58106
54038, 887.643, 53, -1,-1,-1,65.3284,-19.1561,0.025119,8.68e+08,10,125000,1,0,-12.9374,-19399.9,0,-138.524,-133,0.436224
54060, 888.649, 28, -1,-1,-1,54.4004,13.1066,0.019953,8.68e+08,10,125000,1,0,-13.1339,-18246.3,0,-139.586,-133,0.436224
54067, 888.862, 20, -1,-1,-1,39.7553,-9.35268,0.019953,8.68e+08,10,125000,1,0,5.08009,-18004.8,0,-133.654,-133,0.436224
54069, 889.092, 40, -1,-1,-1,59.1236,25.6898,0.015849,8.68e+08,10,125000,1,0,-18.5799,-17964.2,0,-142.1,-133,0.436224
54071, 889.247, 11, -1,-1,-1,55.1052,36.446,0.025119,8.68e+08,11,125000,1,0,-21.4676,-16747.2,0,-140.831,-135,0.790528
54073, 889.318, 32, -1,-1,-1,50.6742,17.0701,0.019953,8.68e+08,11,125000,1,0,-13.494,-17252.5,0,-139.693,-135,0.790528
54080, 890.907, 45, -1,-1,-1,49.1516,25.5874,0.025119,8.68e+08,12,125000,1,0,-16.7063,-16237.6,0,-139.601,-137,1.58106
54092, 891.474, 37, -1,-1,-1,40.6397,25.2461,0.019953,8.68e+08,10,125000,1,0,-15.7812,-13857.8,0,-140.347,-133,0.436224
54104, 891.826, 47, -1,-1,-1,60.7806,1.83536,0.015849,8.68e+08,11,125000,1,0,-12.9283,-19472.7,0,-140.523,-135,0.790528
54111, 892.114, 59, -1,-1,-1,70.3446,16.3551,0.019953,8.68e+08,10,125000,1,0,-20.1,-18888.3,0,-141.489,-133,0.436224
54118, 892.384, 46, -1,-1,-1,54.0139,24.7077,0.019953,8.68e+08,11,125000,1,0,-17.2702,-17326.3,0,-140.752,-135,0.790528
54125, 892.7, 23, -1,-1,-1,52.3551,9.17867,0.015849,8.68e+08,11,125000,1,0,-11.1312,-18337.7,0,-139.986,-135,0.790528
54127, 892.781, 42, -1,-1,-1,55.9659,22.2357,0.019953,8.68e+08,10,125000,1,0,-16.8691,-17819.5,0,-140.643,-133,0.436224
54144, 893.823, 16, -1,-1,-1,42.7786,6.94506,0.019953,8.68e+08,10,125000,1,0,-6.7243,-16307.9,0,-137.599,-133,0.436224
54151, 893.998, 6, -1,-1,-1,57.9389,19.5301,0.019953,8.68e+08,12,125000,1,0,-16.5303,-18258.6,0,-140.55,-137,1.58106
54158, 894.153, 38, -1,-1,-1,46.6172,18.1503,0.019953,8.68e+08,11,125000,1,0,-13.2001,-16256.3,0,-139.607,-135,0.790528
54175, 894.68, 19, -1,-1,-1,38.0115,0.007687,0.015849,8.68e+08,10,125000,1,0,-0.848811,-15447.4,0,-136.645,-133,0.436224
54177, 894.729, 35, -1,-1,-1,44.8964,23.9506,0.019953,8.68e+08,11,125000,1,0,-15.6014,-15318.7,0,-140.296,-135,0.790528
54179, 894.913, 49, -1,-1,-1,45.6929,9.55674,0.015849,8.68e+08,10,125000,1,0,-9.01806,-16905.3,0,-139.333,-133,0.436224
54186, 895.004, 7, -1,-1,-1,48.8156,14.5218,0.025119,8.68e+08,10,125000,1,0,-12.1756,-17168.2,0,-138.303,-133,0.436224
54193, 895.392, 58, -1,-1,-1,62.6808,-4.27248,0.015849,8.68e+08,12,125000,1,0,-12.9855,-19665.2,0,-140.539,-137,1.58106
54195, 895.399, 22, -1,-1,-1,51.0484,10.8218,0.025119,8.68e+08,10,125000,1,0,-11.3892,-17998.7,0,-138.065,-133,0.436224
54197, 895.611, 31, -1,-1,-1,55.2698,20.8384,0.019953,8.68e+08,12,125000,1,0,-16.2848,-17836.3,0,-140.483,-137,1.58106
54199, 895.855, 1, -1,-1,-1,49.3743,3.30528,0.015849,8.68e+08,11,125000,1,0,-7.73372,-18501.3,0,-138.922,-135,0.790528
54221, 897.253, 34, -1,-1,-1,47.8921,18.1051,0.019953,8.68e+08,11,125000,1,0,-13.5586,-16640.5,0,-139.712,-135,0.790528
54223, 897.474, 12, -1,-1,-1,53.1839,-3.87715,0.019953,8.68e+08,12,125000,1,0,-7.37801,-19639,0,-137.805,-137,1.58106
54225, 897.602, 33, -1,-1,-1,48.5351,16.7675,0.019953,8.68e+08,10,125000,1,0,-13.1566,-16928.7,0,-139.594,-133,0.436224
54227, 897.756, 27, -1,-1,-1,50.9263,3.96498,0.019953,8.68e+08,12,125000,1,0,-8.77053,-18692.4,0,-138.252,-137,1.58106
54244, 898.348, 48, -1,-1,-1,56.6076,12.8569,0.015849,8.68e+08,10,125000,1,0,-14.2378,-18639.5,0,-140.906,-133,0.436224
54256, 899.49, 21, -1,-1,-1,40.7647,-7.46535,0.025119,8.68e+08,10,125000,1,0,2.34643,-18184.7,0,-133.564,-133,0.436224
54258, 899.513, 2, -1,-1,-1,52.1594,14.5236,0.019953,8.68e+08,12,125000,1,0,-13.2908,-17888.9,0,-139.632,-137,1.58106
54260, 899.519, 14, -1,-1,-1,53.9616,-4.16799,0.025119,8.68e+08,10,125000,1,0,-7.93245,-19725.4,0,-136.983,-133,0.436224
54272, 899.797, 56, -1,-1,-1,34.5758,13.0619,0.019953,8.68e+08,12,125000,1,0,-8.85029,-12335.8,0,-138.283,-137,1.58106
54279, 900.074, 10, -1,-1,-1,29.0987,31.7557,0.015849,8.68e+08,10,125000,1,0,-19.7445,-9788.15,0,-142.4,-133,0.436224
54301, 900.739, 54, -1,-1,-1,31.4019,-15.4743,0.015849,8.68e+08,11,125000,1,0,19.9177,-15250.7,0,-130.277,-135,0.790528
54303, 900.905, 5, -1,-1,-1,53.0128,4.81756,0.019953,8.68e+08,10,125000,1,0,-10.2407,-18726,0,-138.711,-133,0.436224
54305, 900.924, 32, -1,-1,-1,50.6742,17.0701,0.019953,8.68e+08,11,125000,1,0,-13.9332,-17198.6,0,-139.819,-135,0.790528
54427, 901.156, 8, -1,-1,-1,60.9564,9.93245,0.015849,8.68e+08,11,125000,1,0,-15.2737,-18927.3,0,-141.199,-135,0.790528
54429, 901.183, 18, -1,-1,-1,41.6718,4.40735,0.025119,8.68e+08,12,125000,1,0,-5.21378,-16405.1,0,-136.104,-137,1.58106
54431, 901.445, 4, -1,-1,-1,42.7292,12.7851,0.025119,8.68e+08,11,125000,1,0,-10.0528,-15547.8,0,-137.657,-135,0.790528
54448, 902.423, 0, -1,-1,-1,51.6007,-2.3004,0.025119,8.68e+08,11,125000,1,0,-7.18026,-19256,0,-136.741,-135,0.790528
54455, 902.848, 51, -1,-1,-1,42.2294,28.194,0.015849,8.68e+08,10,125000,1,0,-17.6325,-14195.3,0,-141.851,-133,0.436224
54468, 903.189, 55, -1,-1,-1,29.3409,-14.2582,0.025119,8.68e+08,12,125000,1,0,20.0391,-12394.9,1,-128.248,-137,1.58106
54475, 903.559, 36, -1,-1,-1,42.8721,21.2682,0.025119,8.68e+08,11,125000,1,0,-14.3797,-14858.6,0,-138.95,-135,0.790528
54477, 903.633, 44, -1,-1,-1,48.915,29.8997,0.015849,8.68e+08,10,125000,1,0,-18.9216,-15864.2,0,-142.189,-133,0.436224
54479, 903.678, 50, -1,-1,-1,39.8689,16.152,0.019953,8.68e+08,11,125000,1,0,-11.378,-14258.8,0,-139.065,-135,0.790528
54486, 903.88, 26, -1,-1,-1,48.2338,8.18102,0.015849,8.68e+08,11,125000,1,0,-9.62483,-17631.7,0,-139.521,-135,0.790528
54498, 904.361, 25, -1,-1,-1,47.4666,6.98245,0.025119,8.68e+08,10,125000,1,0,-8.85047,-17615.9,0,-137.278,-133,0.436224
54520, 904.528, 43, -1,-1,-1,55.2559,26.0605,0.025119,8.68e+08,10,125000,1,0,-18.446,-17354,0,-140.064,-133,0.436224
54527, 904.816, 41, -1,-1,-1,57.7942,23.9073,0.019953,8.68e+08,10,125000,1,0,-18.3067,-17848.3,0,-141.027,-133,0.436224
54529, 904.851, 57, -1,-1,-1,36.1272,33.7657,0.019953,8.68e+08,10,125000,1,0,-20.3993,-12097.7,0,-141.566,-133,0.436224
54546, 905.241, 3, -1,-1,-1,38.8081,-3.66631,0.019953,8.68e+08,11,125000,1,0,0.802268,-16616.6,0,-135.086,-135,0.790528
54553, 905.281, 17, -1,-1,-1,49.9949,1.85453,0.025119,8.68e+08,11,125000,1,0,-7.89961,-18685,0,-136.974,-135,0.790528
54555, 905.429, 15, -1,-1,-1,46.2746,7.09545,0.019953,8.68e+08,10,125000,1,0,-8.4951,-17337.7,0,-138.166,-133,0.436224
54557, 905.431, 45, -1,-1,-1,49.1516,25.5874,0.025119,8.68e+08,12,125000,1,0,-17.2052,-16226.3,0,-139.735,-137,1.58106
54564, 905.532, 16, -1,-1,-1,42.7786,6.94506,0.019953,8.68e+08,10,125000,1,0,-7.20152,-16356.7,0,-137.753,-133,0.436224
54571, 905.606, 52, -1,-1,-1,38.853,34.58,0.019953,8.68e+08,11,125000,1,0,-20.7133,-12937,0,-141.644,-135,0.790528
54578, 905.675, 29, -1,-1,-1,51.2316,20.2503,0.019953,8.68e+08,11,125000,1,0,-15.4951,-17100.3,0,-140.264,-135,0.790528
54590, 905.901, 59, -1,-1,-1,70.3446,16.3551,0.019953,8.68e+08,10,125000,1,0,-20.6353,-18748.2,0,-141.622,-133,0.436224
54592, 906.039, 42, -1,-1,-1,55.9659,22.2357,0.019953,8.68e+08,10,125000,1,0,-17.3662,-17740.1,0,-140.777,-133,0.436224
54594, 906.051, 9, -1,-1,-1,38.2779,25.7475,0.015849,8.68e+08,11,125000,1,0,-16.3479,-13108.2,0,-141.503,-135,0.790528
54596, 906.067, 24, -1,-1,-1,49.1334,13.5818,0.015849,8.68e+08,10,125000,1,0,-12.2986,-17286.4,0,-140.339,-133,0.436224
54598, 906.164, 39, -1,-1,-1,44.7388,20.1372,0.015849,8.68e+08,10,125000,1,0,-14.2049,-15562.3,0,-140.899,-133,0.436224
54605, 906.272, 49, -1,-1,-1,45.6929,9.55674,0.015849,8.68e+08,10,125000,1,0,-9.47215,-16903.8,0,-139.474,-133,0.436224
54607, 906.699, 30, -1,-1,-1,50.4166,22.3874,0.025119,8.68e+08,10,125000,1,0,-16.2123,-16781.4,0,-139.463,-133,0.436224
54624, 908.353, 13, -1,-1,-1,57.1683,-5.07194,0.015849,8.68e+08,11,125000,1,0,-10.1003,-19697.7,0,-139.665,-135,0.790528
54626, 908.419, 53, -1,-1,-1,65.3284,-19.1561,0.025119,8.68e+08,10,125000,1,0,-13.8235,-19345.4,0,-138.782,-133,0.436224
54628, 909.094, 6, -1,-1,-1,57.9389,19.5301,0.019953,8.68e+08,12,125000,1,0,-17.1115,-18186.3,0,-140.707,-137,1.58106
54645, 909.958, 47, -1,-1,-1,60.7806,1.83536,0.015849,8.68e+08,11,125000,1,0,-13.7037,-19401.9,0,-140.748,-135,0.790528
54647, 910.051, 28, -1,-1,-1,54.4004,13.1066,0.019953,8.68e+08,10,125000,1,0,-13.9916,-18273.9,0,-139.834,-133,0.436224
54654, 910.379, 34, -1,-1,-1,47.8921,18.1051,0.019953,8.68e+08,11,125000,1,0,-14.0352,-16632.4,0,-139.849,-135,0.790528
54656, 910.515, 40, -1,-1,-1,59.1236,25.6898,0.015849,8.68e+08,10,125000,1,0,-19.3795,-17946.5,0,-142.305,-133,0.436224
54673, 911.243, 37, -1,-1,-1,40.6397,25.2461,0.019953,8.68e+08,10,125000,1,0,-16.368,-14033.7,0,-140.508,-133,0.436224
54690, 911.958, 20, -1,-1,-1,39.7553,-9.35268,0.019953,8.68e+08,10,125000,1,0,3.50829,-18336.7,0,-134.173,-133,0.436224
54692, 912.029, 23, -1,-1,-1,52.3551,9.17867,0.015849,8.68e+08,11,125000,1,0,-11.9332,-18361.5,0,-140.227,-135,0.790528
54694, 912.405, 38, -1,-1,-1,46.6172,18.1503,0.019953,8.68e+08,11,125000,1,0,-13.8522,-16345.8,0,-139.796,-135,0.790528
54696, 912.47, 11, -1,-1,-1,55.1052,36.446,0.025119,8.68e+08,11,125000,1,0,-22.2656,-16773.5,0,-141.022,-135,0.790528
54698, 912.716, 56, -1,-1,-1,34.5758,13.0619,0.019953,8.68e+08,12,125000,1,0,-9.23053,-12516.6,0,-138.402,-137,1.58106
54705, 913.705, 14, -1,-1,-1,53.9616,-4.16799,0.025119,8.68e+08,10,125000,1,0,-8.60494,-19652.8,0,-137.196,-133,0.436224
54742, 915.259, 51, -1,-1,-1,42.2294,28.194,0.015849,8.68e+08,10,125000,1,0,-18.0052,-14420,0,-141.949,-133,0.436224
54749, 915.397, 2, -1,-1,-1,52.1594,14.5236,0.019953,8.68e+08,12,125000,1,0,-13.9113,-17875.2,0,-139.811,-137,1.58106
54751, 915.406, 57, -1,-1,-1,36.1272,33.7657,0.019953,8.68e+08,10,125000,1,0,-20.665,-12308.8,0,-141.632,-133,0.436224
54753, 915.49, 7, -1,-1,-1,48.8156,14.5218,0.025119,8.68e+08,10,125000,1,0,-12.9583,-17261.3,0,-138.534,-133,0.436224
54755, 915.613, 25, -1,-1,-1,47.4666,6.98245,0.025119,8.68e+08,10,125000,1,0,-9.32311,-17784.9,0,-137.426,-133,0.436224
54762, 915.789, 55, -1,-1,-1,29.3409,-14.2582,0.025119,8.68e+08,12,125000,1,0,18.7146,-13366.8,0,-128.586,-137,1.58106
54779, 916.677, 27, -1,-1,-1,50.9263,3.96498,0.019953,8.68e+08,12,125000,1,0,-9.60582,-18718.9,0,-138.513,-137,1.58106
54781, 916.742, 46, -1,-1,-1,54.0139,24.7077,0.019953,8.68e+08,11,125000,1,0,-18.1548,-17392.1,0,-140.987,-135,0.790528
54788, 916.866, 58, -1,-1,-1,62.6808,-4.27248,0.015849,8.68e+08,12,125000,1,0,-13.9091,-19609.7,0,-140.807,-137,1.58106
54790, 917.069, 35, -1,-1,-1,44.8964,23.9506,0.019953,8.68e+08,11,125000,1,0,-16.3323,-15483.8,0,-140.497,-135,0.790528
54792, 917.336, 32, -1,-1,-1,50.6742,17.0701,0.019953,8.68e+08,11,125000,1,0,-14.5514,-17420.4,0,-139.996,-135,0.790528
54799, 917.355, 45, -1,-1,-1,49.1516,25.5874,0.025119,8.68e+08,12,125000,1,0,-17.6143,-16398,0,-139.844,-137,1.58106
54811, 917.648, 17, -1,-1,-1,49.9949,1.85453,0.025119,8.68e+08,11,125000,1,0,-8.461,-18835,0,-137.152,-135,0.790528
54818, 917.777, 33, -1,-1,-1,48.5351,16.7675,0.019953,8.68e+08,10,125000,1,0,-13.9049,-17018.7,0,-139.81,-133,0.436224
54820, 917.82, 39, -1,-1,-1,44.7388,20.1372,0.015849,8.68e+08,10,125000,1,0,-14.6007,-15764.4,0,-141.012,-133,0.436224
54827, 918.098, 19, -1,-1,-1,38.0115,0.007687,0.015849,8.68e+08,10,125000,1,0,-1.93342,-15919.2,0,-137.009,-133,0.436224
54834, 918.296, 21, -1,-1,-1,40.7647,-7.46535,0.025119,8.68e+08,10,125000,1,0,1.19875,-18380.1,0,-133.948,-133,0.436224
54851, 919.071, 22, -1,-1,-1,51.0484,10.8218,0.025119,8.68e+08,10,125000,1,0,-12.3469,-18095.3,0,-138.351,-133,0.436224
54853, 919.122, 12, -1,-1,-1,53.1839,-3.87715,0.019953,8.68e+08,12,125000,1,0,-8.41044,-19642.1,0,-138.134,-137,1.58106
54855, 919.201, 10, -1,-1,-1,29.0987,31.7557,0.015849,8.68e+08,10,125000,1,0,-20.1319,-10009.9,0,-142.497,-133,0.436224
54867, 919.442, 36, -1,-1,-1,42.8721,21.2682,0.025119,8.68e+08,11,125000,1,0,-14.8952,-15154.2,0,-139.096,-135,0.790528
54869, 919.715, 5, -1,-1,-1,53.0128,4.81756,0.019953,8.68e+08,10,125000,1,0,-11.055,-18930.6,0,-138.96,-133,0.436224
54871, 919.868, 31, -1,-1,-1,55.2698,20.8384,0.019953,8.68e+08,12,125000,1,0,-17.1974,-17886.4,0,-140.73,-137,1.58106
54888, 920.178, 0, -1,-1,-1,51.6007,-2.3004,0.025119,8.68e+08,11,125000,1,0,-8.02301,-19440.2,0,-137.01,-135,0.790528
54900, 920.659, 1, -1,-1,-1,49.3743,3.30528,0.015849,8.68e+08,11,125000,1,0,-8.84125,-18623.9,0,-139.272,-135,0.790528
54902, 920.662, 43, -1,-1,-1,55.2559,26.0605,0.025119,8.68e+08,10,125000,1,0,-19.0311,-17303.3,0,-140.215,-133,0.436224
54904, 920.868, 42, -1,-1,-1,55.9659,22.2357,0.019953,8.68e+08,10,125000,1,0,-17.9196,-17671.9,0,-140.924,-133,0.436224
54906, 920.894, 26, -1,-1,-1,48.2338,8.18102,0.015849,8.68e+08,11,125000,1,0,-10.3279,-17673.8,0,-139.738,-135,0.790528
54908, 920.909, 50, -1,-1,-1,39.8689,16.152,0.019953,8.68e+08,11,125000,1,0,-11.94,-14433,0,-139.233,-135,0.790528
54935, 922.138, 34, -1,-1,-1,47.8921,18.1051,0.019953,8.68e+08,11,125000,1,0,-14.4611,-16594.7,0,-139.97,-135,0.790528
54937, 922.195, 44, -1,-1,-1,48.915,29.8997,0.015849,8.68e+08,10,125000,1,0,-19.5368,-15894.5,0,-142.346,-133,0.436224
54939, 922.232, 4, -1,-1,-1,42.7292,12.7851,0.025119,8.68e+08,11,125000,1,0,-10.8087,-15755.3,0,-137.888,-135,0.790528
54941, 922.314, 8, -1,-1,-1,60.9564,9.93245,0.015849,8.68e+08,11,125000,1,0,-16.1328,-18883.2,0,-141.437,-135,0.790528
54963, 922.831, 3, -1,-1,-1,38.8081,-3.66631,0.019953,8.68e+08,11,125000,1,0,-0.132713,-16874.9,0,-135.399,-135,0.790528
54970, 922.924, 16, -1,-1,-1,42.7786,6.94506,0.019953,8.68e+08,10,125000,1,0,-7.90645,-16503.7,0,-137.978,-133,0.436224
54977, 922.94, 48, -1,-1,-1,56.6076,12.8569,0.015849,8.68e+08,10,125000,1,0,-15.2229,-18449.3,0,-141.184,-133,0.436224
54984, 923.501, 29, -1,-1,-1,51.2316,20.2503,0.019953,8.68e+08,11,125000,1,0,-16.1486,-17112.5,0,-140.444,-135,0.790528
54986, 923.716, 47, -1,-1,-1,60.7806,1.83536,0.015849,8.68e+08,11,125000,1,0,-14.2851,-19290.8,0,-140.915,-135,0.790528
54988, 924.14, 54, -1,-1,-1,31.4019,-15.4743,0.015849,8.68e+08,11,125000,1,0,17.0697,-16115.9,0,-131.019,-135,0.790528
54990, 924.307, 56, -1,-1,-1,34.5758,13.0619,0.019953,8.68e+08,12,125000,1,0,-9.57527,-12646,0,-138.509,-137,1.58106
54992, 924.429, 18, -1,-1,-1,41.6718,4.40735,0.025119,8.68e+08,12,125000,1,0,-6.20033,-16518.5,0,-136.426,-137,1.58106
55004, 925.596, 53, -1,-1,-1,65.3284,-19.1561,0.025119,8.68e+08,10,125000,1,0,-14.5458,-19257.2,0,-138.988,-133,0.436224
55011, 926.684, 6, -1,-1,-1,57.9389,19.5301,0.019953,8.68e+08,12,125000,1,0,-17.7843,-18133.3,0,-140.887,-137,1.58106
55013, 926.69, 24, -1,-1,-1,49.1334,13.5818,0.015849,8.68e+08,10,125000,1,0,-13.0943,-17366.7,0,-140.573,-133,0.436224
55030, 927.172, 51, -1,-1,-1,42.2294,28.194,0.015849,8.68e+08,10,125000,1,0,-18.364,-14404.9,0,-142.043,-133,0.436224
55032, 927.308, 37, -1,-1,-1,40.6397,25.2461,0.019953,8.68e+08,10,125000,1,0,-16.8476,-14122.7,0,-140.638,-133,0.436224
55034, 927.432, 41, -1,-1,-1,57.7942,23.9073,0.019953,8.68e+08,10,125000,1,0,-19.1493,-17848.3,0,-141.245,-133,0.436224
55051, 928.399, 52, -1,-1,-1,38.853,34.58,0.019953,8.68e+08,11,125000,1,0,-21.3265,-13119.2,0,-141.794,-135,0.790528
55053, 928.478, 30, -1,-1,-1,50.4166,22.3874,0.025119,8.68e+08,10,125000,1,0,-16.9895,-16852.9,0,-139.674,-133,0.436224
55070, 928.74, 40, -1,-1,-1,59.1236,25.6898,0.015849,8.68e+08,10,125000,1,0,-20.0555,-17889.6,0,-142.476,-133,0.436224
55082, 929.017, 21, -1,-1,-1,40.7647,-7.46535,0.025119,8.68e+08,10,125000,1,0,0.562858,-18395.8,0,-134.162,-133,0.436224
55094, 929.141, 15, -1,-1,-1,46.2746,7.09545,0.019953,8.68e+08,10,125000,1,0,-9.47952,-17513.6,0,-138.474,-133,0.436224
55096, 929.199, 7, -1,-1,-1,48.8156,14.5218,0.025119,8.68e+08,10,125000,1,0,-13.4791,-17245,0,-138.685,-133,0.436224
55103, 929.539, 59, -1,-1,-1,70.3446,16.3551,0.019953,8.68e+08,10,125000,1,0,-21.546,-18683.6,0,-141.845,-133,0.436224
55105, 929.633, 13, -1,-1,-1,57.1683,-5.07194,0.015849,8.68e+08,11,125000,1,0,-11.065,-19660.2,0,-139.96,-135,0.790528
55122, 929.808, 23, -1,-1,-1,52.3551,9.17867,0.015849,8.68e+08,11,125000,1,0,-12.6625,-18356.8,0,-140.443,-135,0.790528
55124, 930.144, 27, -1,-1,-1,50.9263,3.96498,0.019953,8.68e+08,12,125000,1,0,-10.1925,-18671.8,0,-138.694,-137,1.58106
55126, 930.287, 9, -1,-1,-1,38.2779,25.7475,0.015849,8.68e+08,11,125000,1,0,-17.0292,-13389.3,0,-141.687,-135,0.790528
55133, 930.432, 38, -1,-1,-1,46.6172,18.1503,0.019953,8.68e+08,11,125000,1,0,-14.4946,-16417.7,0,-139.98,-135,0.790528
55140, 930.754, 49, -1,-1,-1,45.6929,9.55674,0.015849,8.68e+08,10,125000,1,0,-10.4437,-17107.1,0,-139.774,-133,0.436224
55142, 931.008, 42, -1,-1,-1,55.9659,22.2357,0.019953,8.68e+08,10,125000,1,0,-18.2965,-17783.4,0,-141.023,-133,0.436224
55149, 931.241, 55, -1,-1,-1,29.3409,-14.2582,0.025119,8.68e+08,12,125000,1,0,17.1123,-14200.7,0,-129.008,-137,1.58106
55151, 931.33, 12, -1,-1,-1,53.1839,-3.87715,0.019953,8.68e+08,12,125000,1,0,-8.98164,-19551.1,0,-138.313,-137,1.58106
55153, 931.578, 28, -1,-1,-1,54.4004,13.1066,0.019953,8.68e+08,10,125000,1,0,-14.8448,-18292.2,0,-140.077,-133,0.436224
55170, 932.44, 11, -1,-1,-1,55.1052,36.446,0.025119,8.68e+08,11,125000,1,0,-22.9498,-16753.6,0,-141.183,-135,0.790528
55177, 932.607, 35, -1,-1,-1,44.8964,23.9506,0.019953,8.68e+08,11,125000,1,0,-16.8412,-15520.6,0,-140.635,-135,0.790528
55189, 933.072, 0, -1,-1,-1,51.6007,-2.3004,0.025119,8.68e+08,11,125000,1,0,-8.62477,-19369.1,0,-137.201,-135,0.790528
55196, 933.238, 46, -1,-1,-1,54.0139,24.7077,0.019953,8.68e+08,11,125000,1,0,-18.7509,-17354.7,0,-141.142,-135,0.790528
55203, 933.409, 19, -1,-1,-1,38.0115,0.007687,0.015849,8.68e+08,10,125000,1,0,-2.63549,-16130.6,0,-137.243,-133,0.436224
55210, 933.522, 50, -1,-1,-1,39.8689,16.152,0.019953,8.68e+08,11,125000,1,0,-12.3529,-14700.3,0,-139.356,-135,0.790528
55212, 933.602, 22, -1,-1,-1,51.0484,10.8218,0.025119,8.68e+08,10,125000,1,0,-12.929,-18065.5,0,-138.523,-133,0.436224
55224, 933.94, 43, -1,-1,-1,55.2559,26.0605,0.025119,8.68e+08,10,125000,1,0,-19.5108,-17454.4,0,-140.338,-133,0.436224
55226, 934.188, 4, -1,-1,-1,42.7292,12.7851,0.025119,8.68e+08,11,125000,1,0,-11.2427,-15981.2,0,-138.02,-135,0.790528
55243, 935.065, 14, -1,-1,-1,53.9616,-4.16799,0.025119,8.68e+08,10,125000,1,0,-9.59787,-19638.3,0,-137.506,-133,0.436224
55255, 935.347, 31, -1,-1,-1,55.2698,20.8384,0.019953,8.68e+08,12,125000,1,0,-17.7759,-17829.8,0,-140.884,-137,1.58106
55257, 935.383, 2, -1,-1,-1,52.1594,14.5236,0.019953,8.68e+08,12,125000,1,0,-14.6861,-17901.9,0,-140.032,-137,1.58106
55259, 935.441, 20, -1,-1,-1,39.7553,-9.35268,0.019953,8.68e+08,10,125000,1,0,1.9942,-18615.5,0,-134.678,-133,0.436224
55271, 935.946, 1, -1,-1,-1,49.3743,3.30528,0.015849,8.68e+08,11,125000,1,0,-9.51239,-18612.7,0,-139.482,-135,0.790528
55273, 936.125, 53, -1,-1,-1,65.3284,-19.1561,0.025119,8.68e+08,10,125000,1,0,-14.9844,-19343.6,0,-139.112,-133,0.436224
55275, 936.131, 17, -1,-1,-1,49.9949,1.85453,0.025119,8.68e+08,11,125000,1,0,-9.2883,-18851.2,0,-137.411,-135,0.790528
55277, 936.329, 45, -1,-1,-1,49.1516,25.5874,0.025119,8.68e+08,12,125000,1,0,-18.2643,-16437,0,-140.015,-137,1.58106
55284, 936.444, 8, -1,-1,-1,60.9564,9.93245,0.015849,8.68e+08,11,125000,1,0,-16.7008,-19005.6,0,-141.592,-135,0.790528
55296, 937.125, 26, -1,-1,-1,48.2338,8.18102,0.015849,8.68e+08,11,125000,1,0,-10.9923,-17899.9,0,-139.941,-135,0.790528
55303, 937.464, 44, -1,-1,-1,48.915,29.8997,0.015849,8.68e+08,10,125000,1,0,-20.0426,-16108.3,0,-142.474,-133,0.436224
55310, 937.654, 36, -1,-1,-1,42.8721,21.2682,0.025119,8.68e+08,11,125000,1,0,-15.4875,-15268.3,0,-139.261,-135,0.790528
55312, 938.063, 25, -1,-1,-1,47.4666,6.98245,0.025119,8.68e+08,10,125000,1,0,-10.2565,-17907.2,0,-137.715,-133,0.436224
55314, 938.085, 3, -1,-1,-1,38.8081,-3.66631,0.019953,8.68e+08,11,125000,1,0,-0.928347,-17232.3,0,-135.667,-135,0.790528
55341, 939.816, 57, -1,-1,-1,36.1272,33.7657,0.019953,8.68e+08,10,125000,1,0,-21.2852,-12549.7,0,-141.784,-133,0.436224
55343, 940.01, 58, -1,-1,-1,62.6808,-4.27248,0.015849,8.68e+08,12,125000,1,0,-14.8882,-19563.3,0,-141.086,-137,1.58106
55360, 940.145, 47, -1,-1,-1,60.7806,1.83536,0.015849,8.68e+08,11,125000,1,0,-14.9722,-19423.9,0,-141.11,-135,0.790528
55362, 940.219, 51, -1,-1,-1,42.2294,28.194,0.015849,8.68e+08,10,125000,1,0,-18.7579,-14631.7,0,-142.145,-133,0.436224
55364, 940.452, 39, -1,-1,-1,44.7388,20.1372,0.015849,8.68e+08,10,125000,1,0,-15.369,-15712.2,0,-141.227,-133,0.436224
55371, 940.493, 33, -1,-1,-1,48.5351,16.7675,0.019953,8.68e+08,10,125000,1,0,-14.7426,-16912.1,0,-140.049,-133,0.436224
55373, 940.811, 56, -1,-1,-1,34.5758,13.0619,0.019953,8.68e+08,12,125000,1,0,-10.0715,-13090.3,0,-138.662,-137,1.58106
55385, 941.279, 32, -1,-1,-1,50.6742,17.0701,0.019953,8.68e+08,11,125000,1,0,-15.4474,-17294.2,0,-140.248,-135,0.790528
55387, 941.441, 7, -1,-1,-1,48.8156,14.5218,0.025119,8.68e+08,10,125000,1,0,-13.9421,-17199.4,0,-138.819,-133,0.436224
55394, 941.651, 6, -1,-1,-1,57.9389,19.5301,0.019953,8.68e+08,12,125000,1,0,-18.3532,-18047.5,0,-141.036,-137,1.58106
55396, 941.868, 29, -1,-1,-1,51.2316,20.2503,0.019953,8.68e+08,11,125000,1,0,-16.8187,-17121.8,0,-140.627,-135,0.790528
55408, 941.993, 42, -1,-1,-1,55.9659,22.2357,0.019953,8.68e+08,10,125000,1,0,-18.7035,-17666.1,0,-141.128,-133,0.436224
55415, 942.311, 30, -1,-1,-1,50.4166,22.3874,0.025119,8.68e+08,10,125000,1,0,-17.4814,-16807.5,0,-139.806,-133,0.436224
55417, 942.348, 10, -1,-1,-1,29.0987,31.7557,0.015849,8.68e+08,10,125000,1,0,-20.6114,-10075.7,0,-142.617,-133,0.436224
55429, 942.891, 13, -1,-1,-1,57.1683,-5.07194,0.015849,8.68e+08,11,125000,1,0,-11.6563,-19552.4,0,-140.138,-135,0.790528
55431, 943.139, 15, -1,-1,-1,46.2746,7.09545,0.019953,8.68e+08,10,125000,1,0,-10.0545,-17522,0,-138.652,-133,0.436224
55448, 943.648, 16, -1,-1,-1,42.7786,6.94506,0.019953,8.68e+08,10,125000,1,0,-8.7402,-16691.5,0,-138.241,-133,0.436224
55450, 943.663, 5, -1,-1,-1,53.0128,4.81756,0.019953,8.68e+08,10,125000,1,0,-12.0751,-18762.3,0,-139.266,-133,0.436224
55452, 943.671, 11, -1,-1,-1,55.1052,36.446,0.025119,8.68e+08,11,125000,1,0,-23.3338,-16626.7,0,-141.272,-135,0.790528
55454, 944.062, 19, -1,-1,-1,38.0115,0.007687,0.015849,8.68e+08,10,125000,1,0,-3.12037,-16205.2,0,-137.405,-133,0.436224
55471, 945.037, 0, -1,-1,-1,51.6007,-2.3004,0.025119,8.68e+08,11,125000,1,0,-9.17592,-19282.6,0,-137.374,-135,0.790528
55478, 945.243, 54, -1,-1,-1,31.4019,-15.4743,0.015849,8.68e+08,11,125000,1,0,14.7074,-16870,0,-131.672,-135,0.790528
55490, 945.466, 41, -1,-1,-1,57.7942,23.9073,0.019953,8.68e+08,10,125000,1,0,-19.8168,-17793.4,0,-141.415,-133,0.436224
55502, 946.162, 38, -1,-1,-1,46.6172,18.1503,0.019953,8.68e+08,11,125000,1,0,-15.0536,-16441.9,0,-140.138,-135,0.790528
55504, 946.203, 34, -1,-1,-1,47.8921,18.1051,0.019953,8.68e+08,11,125000,1,0,-15.3296,-16728.5,0,-140.215,-135,0.790528
55511, 946.373, 21, -1,-1,-1,40.7647,-7.46535,0.025119,8.68e+08,10,125000,1,0,-0.440481,-18516,0,-134.499,-133,0.436224
55519, 946.744, 55, -1,-1,-1,29.3409,-14.2582,0.025119,8.68e+08,12,125000,1,0,15.547,-14914.2,1,-129.436,-137,1.58106
55521, 946.766, 59, -1,-1,-1,70.3446,16.3551,0.019953,8.68e+08,10,125000,1,0,-22.2045,-18564.6,0,-142.003,-133,0.436224
55528, 946.853, 49, -1,-1,-1,45.6929,9.55674,0.015849,8.68e+08,10,125000,1,0,-11.0772,-17155.8,0,-139.967,-133,0.436224
55545, 947.234, 28, -1,-1,-1,54.4004,13.1066,0.019953,8.68e+08,10,125000,1,0,-15.4599,-18238.4,0,-140.249,-133,0.436224
55547, 947.329, 14, -1,-1,-1,53.9616,-4.16799,0.025119,8.68e+08,10,125000,1,0,-10.1581,-19537.8,0,-137.68,-133,0.436224
55549, 947.497, 48, -1,-1,-1,56.6076,12.8569,0.015849,8.68e+08,10,125000,1,0,-16.1943,-18468.4,0,-141.453,-133,0.436224
55551, 947.543, 18, -1,-1,-1,41.6718,4.40735,0.025119,8.68e+08,12,125000,1,0,-7.17019,-16778.9,0,-136.739,-137,1.58106
55558, 947.973, 35, -1,-1,-1,44.8964,23.9506,0.019953,8.68e+08,11,125000,1,0,-17.3447,-15544.2,0,-140.77,-135,0.790528
55565, 948.042, 24, -1,-1,-1,49.1334,13.5818,0.015849,8.68e+08,10,125000,1,0,-13.9117,-17442.1,0,-140.81,-133,0.436224
55567, 948.444, 20, -1,-1,-1,39.7553,-9.35268,0.019953,8.68e+08,10,125000,1,0,1.18859,-18663.2,0,-134.948,-133,0.436224
55594, 949.505, 50, -1,-1,-1,39.8689,16.152,0.019953,8.68e+08,11,125000,1,0,-12.8775,-14821.7,0,-139.51,-135,0.790528
55596, 949.542, 17, -1,-1,-1,49.9949,1.85453,0.025119,8.68e+08,11,125000,1,0,-9.88026,-18799.9,0,-137.595,-135,0.790528
55598, 949.568, 46, -1,-1,-1,54.0139,24.7077,0.019953,8.68e+08,11,125000,1,0,-19.3386,-17308.1,0,-141.293,-135,0.790528
55600, 949.674, 52, -1,-1,-1,38.853,34.58,0.019953,8.68e+08,11,125000,1,0,-21.9036,-13258.9,0,-141.934,-135,0.790528
55612, 950.357, 37, -1,-1,-1,40.6397,25.2461,0.019953,8.68e+08,10,125000,1,0,-17.5395,-14328.2,0,-140.823,-133,0.436224
55614, 950.557, 12, -1,-1,-1,53.1839,-3.87715,0.019953,8.68e+08,12,125000,1,0,-9.86642,-19518.3,0,-138.589,-137,1.58106
55621, 950.651, 4, -1,-1,-1,42.7292,12.7851,0.025119,8.68e+08,11,125000,1,0,-11.8395,-16077.3,0,-138.199,-135,0.790528
55763, 951.048, 33, -1,-1,-1,48.5351,16.7675,0.019953,8.68e+08,10,125000,1,0,-15.1302,-17059.4,0,-140.158,-133,0.436224
55765, 951.483, 3, -1,-1,-1,38.8081,-3.66631,0.019953,8.68e+08,11,125000,1,0,-1.61578,-17340.9,0,-135.897,-135,0.790528
55767, 951.641, 1, -1,-1,-1,49.3743,3.30528,0.015849,8.68e+08,11,125000,1,0,-10.193,-18597,0,-139.693,-135,0.790528
55769, 951.725, 8, -1,-1,-1,60.9564,9.93245,0.015849,8.68e+08,11,125000,1,0,-17.3105,-18905,0,-141.757,-135,0.790528
55771, 951.73, 32, -1,-1,-1,50.6742,17.0701,0.019953,8.68e+08,11,125000,1,0,-15.8364,-17427.6,0,-140.356,-135,0.790528
55793, 952.651, 57, -1,-1,-1,36.1272,33.7657,0.019953,8.68e+08,10,125000,1,0,-21.6143,-12555.7,0,-141.863,-133,0.436224
55805, 952.893, 51, -1,-1,-1,42.2294,28.194,0.015849,8.68e+08,10,125000,1,0,-19.1416,-14618.4,0,-142.244,-133,0.436224
55807, 952.906, 23, -1,-1,-1,52.3551,9.17867,0.015849,8.68e+08,11,125000,1,0,-13.5989,-18402,0,-140.717,-135,0.790528
55824, 953.186, 40, -1,-1,-1,59.1236,25.6898,0.015849,8.68e+08,10,125000,1,0,-20.9563,-17888.6,0,-142.7,-133,0.436224
55826, 953.475, 15, -1,-1,-1,46.2746,7.09545,0.019953,8.68e+08,10,125000,1,0,-10.4763,-17673.7,0,-138.782,-133,0.436224
55828, 953.698, 13, -1,-1,-1,57.1683,-5.07194,0.015849,8.68e+08,11,125000,1,0,-12.1331,-19639.9,0,-140.281,-135,0.790528
55840, 953.935, 36, -1,-1,-1,42.8721,21.2682,0.025119,8.68e+08,11,125000,1,0,-16.0179,-15335,0,-139.408,-135,0.790528
55847, 954.183, 27, -1,-1,-1,50.9263,3.96498,0.019953,8.68e+08,12,125000,1,0,-11.2247,-18735.1,0,-139.009,-137,1.58106
55849, 954.289, 45, -1,-1,-1,49.1516,25.5874,0.025119,8.68e+08,12,125000,1,0,-18.8782,-16451.8,0,-140.175,-137,1.58106
55851, 954.336, 30, -1,-1,-1,50.4166,22.3874,0.025119,8.68e+08,10,125000,1,0,-17.9079,-16964.2,0,-139.919,-133,0.436224
55863, 954.705, 9, -1,-1,-1,38.2779,25.7475,0.015849,8.68e+08,11,125000,1,0,-17.723,-13650.6,0,-141.872,-135,0.790528
55865, 954.843, 26, -1,-1,-1,48.2338,8.18102,0.015849,8.68e+08,11,125000,1,0,-11.7108,-17931.3,0,-140.158,-135,0.790528
55877, 955.906, 19, -1,-1,-1,38.0115,0.007687,0.015849,8.68e+08,10,125000,1,0,-3.65583,-16483.4,0,-137.583,-133,0.436224
55879, 956.206, 6, -1,-1,-1,57.9389,19.5301,0.019953,8.68e+08,12,125000,1,0,-18.9034,-18192.7,0,-141.179,-137,1.58106
55881, 956.277, 56, -1,-1,-1,34.5758,13.0619,0.019953,8.68e+08,12,125000,1,0,-10.5415,-13295.2,0,-138.806,-137,1.58106
55888, 956.947, 31, -1,-1,-1,55.2698,20.8384,0.019953,8.68e+08,12,125000,1,0,-18.5783,-17832.6,0,-141.095,-137,1.58106
55890, 957.321, 43, -1,-1,-1,55.2559,26.0605,0.025119,8.68e+08,10,125000,1,0,-20.3517,-17475.1,0,-140.549,-133,0.436224
55902, 958.129, 22, -1,-1,-1,51.0484,10.8218,0.025119,8.68e+08,10,125000,1,0,-13.9018,-18145.7,0,-138.805,-133,0.436224
55904, 958.192, 28, -1,-1,-1,54.4004,13.1066,0.019953,8.68e+08,10,125000,1,0,-15.8877,-18354.2,0,-140.368,-133,0.436224
55926, 958.725, 16, -1,-1,-1,42.7786,6.94506,0.019953,8.68e+08,10,125000,1,0,-9.34241,-16957.7,0,-138.43,-133,0.436224
55948, 959.2, 38, -1,-1,-1,46.6172,18.1503,0.019953,8.68e+08,11,125000,1,0,-15.516,-16636.3,0,-140.267,-135,0.790528
55950, 959.239, 25, -1,-1,-1,47.4666,6.98245,0.025119,8.68e+08,10,125000,1,0,-11.1258,-17993.6,0,-137.98,-133,0.436224
55962, 959.475, 44, -1,-1,-1,48.915,29.8997,0.015849,8.68e+08,10,125000,1,0,-20.7709,-16170.4,0,-142.655,-133,0.436224
55969, 959.571, 47, -1,-1,-1,60.7806,1.83536,0.015849,8.68e+08,11,125000,1,0,-15.7753,-19354.6,0,-141.334,-135,0.790528
55971, 959.681, 53, -1,-1,-1,65.3284,-19.1561,0.025119,8.68e+08,10,125000,1,0,-15.9547,-19303.5,0,-139.383,-133,0.436224
55973, 959.834, 54, -1,-1,-1,31.4019,-15.4743,0.015849,8.68e+08,11,125000,1,0,13.1836,-17444,0,-132.11,-135,0.790528
55975, 959.876, 2, -1,-1,-1,52.1594,14.5236,0.019953,8.68e+08,12,125000,1,0,-15.6268,-17970,0,-140.296,-137,1.58106
55977, 959.968, 39, -1,-1,-1,44.7388,20.1372,0.015849,8.68e+08,10,125000,1,0,-16.0311,-16027.7,0,-141.411,-133,0.436224
55984, 960.086, 58, -1,-1,-1,62.6808,-4.27248,0.015849,8.68e+08,12,125000,1,0,-15.7249,-19490.2,0,-141.32,-137,1.58106
55986, 960.257, 29, -1,-1,-1,51.2316,20.2503,0.019953,8.68e+08,11,125000,1,0,-17.4864,-17351.8,0,-140.806,-135,0.790528
55998, 960.812, 11, -1,-1,-1,55.1052,36.446,0.025119,8.68e+08,11,125000,1,0,-23.9186,-16561.8,0,-141.407,-135,0.790528
56000, 960.964, 5, -1,-1,-1,53.0128,4.81756,0.019953,8.68e+08,10,125000,1,0,-12.8014,-18723.8,0,-139.481,-133,0.436224
56007, 961.548, 46, -1,-1,-1,54.0139,24.7077,0.019953,8.68e+08,11,125000,1,0,-19.7683,-17204.7,0,-141.402,-135,0.790528
56014, 961.77, 41, -1,-1,-1,57.7942,23.9073,0.019953,8.68e+08,10,125000,1,0,-20.4172,-17714.7,0,-141.565,-133,0.436224
56016, 962.356, 0, -1,-1,-1,51.6007,-2.3004,0.025119,8.68e+08,11,125000,1,0,-9.96217,-19242.6,0,-137.618,-135,0.790528
56038, 963.136, 57, -1,-1,-1,36.1272,33.7657,0.019953,8.68e+08,10,125000,1,0,-21.8847,-12510,0,-141.928,-133,0.436224
56045, 963.335, 20, -1,-1,-1,39.7553,-9.35268,0.019953,8.68e+08,10,125000,1,0,0.292113,-18727.5,0,-135.25,-133,0.436224
56047, 963.538, 35, -1,-1,-1,44.8964,23.9506,0.019953,8.68e+08,11,125000,1,0,-17.8549,-15561.1,0,-140.906,-135,0.790528
56049, 963.551, 42, -1,-1,-1,55.9659,22.2357,0.019953,8.68e+08,10,125000,1,0,-19.4982,-17656.9,0,-141.332,-133,0.436224
56051, 964.093, 34, -1,-1,-1,47.8921,18.1051,0.019953,8.68e+08,11,125000,1,0,-15.9725,-16758.7,0,-140.393,-135,0.790528
56058, 965.106, 37, -1,-1,-1,40.6397,25.2461,0.019953,8.68e+08,10,125000,1,0,-17.9843,-14367.3,0,-140.941,-133,0.436224
56075, 966.134, 7, -1,-1,-1,48.8156,14.5218,0.025119,8.68e+08,10,125000,1,0,-14.8702,-17313,0,-139.083,-133,0.436224
56077, 966.181, 4, -1,-1,-1,42.7292,12.7851,0.025119,8.68e+08,11,125000,1,0,-12.4012,-16142.6,0,-138.366,-135,0.790528
56089, 966.733, 23, -1,-1,-1,52.3551,9.17867,0.015849,8.68e+08,11,125000,1,0,-14.1539,-18335.4,0,-140.877,-135,0.790528
56096, 966.799, 10, -1,-1,-1,29.0987,31.7557,0.015849,8.68e+08,10,125000,1,0,-21.1298,-10384.2,0,-142.744,-133,0.436224
56108, 967.182, 30, -1,-1,-1,50.4166,22.3874,0.025119,8.68e+08,10,125000,1,0,-18.3625,-16896.8,0,-140.038,-133,0.436224
56110, 967.232, 13, -1,-1,-1,57.1683,-5.07194,0.015849,8.68e+08,11,125000,1,0,-12.7241,-19530.5,0,-140.456,-135,0.790528
56112, 967.417, 15, -1,-1,-1,46.2746,7.09545,0.019953,8.68e+08,10,125000,1,0,-11.0416,-17667,0,-138.954,-133,0.436224
56134, 967.954, 48, -1,-1,-1,56.6076,12.8569,0.015849,8.68e+08,10,125000,1,0,-16.9948,-18438.7,0,-141.671,-133,0.436224
56141, 968.338, 1, -1,-1,-1,49.3743,3.30528,0.015849,8.68e+08,11,125000,1,0,-10.9083,-18584,0,-139.911,-135,0.790528
56143, 968.441, 18, -1,-1,-1,41.6718,4.40735,0.025119,8.68e+08,12,125000,1,0,-8.03744,-16966.4,0,-137.016,-137,1.58106
56145, 968.445, 50, -1,-1,-1,39.8689,16.152,0.019953,8.68e+08,11,125000,1,0,-13.501,-14985.9,0,-139.692,-135,0.790528
56157, 968.561, 24, -1,-1,-1,49.1334,13.5818,0.015849,8.68e+08,10,125000,1,0,-14.6912,-17492.8,0,-141.032,-133,0.436224
56164, 968.997, 28, -1,-1,-1,54.4004,13.1066,0.019953,8.68e+08,10,125000,1,0,-16.3075,-18242,0,-140.483,-133,0.436224
56176, 969.266, 9, -1,-1,-1,38.2779,25.7475,0.015849,8.68e+08,11,125000,1,0,-18.1398,-13704.3,0,-141.982,-135,0.790528
56183, 969.315, 12, -1,-1,-1,53.1839,-3.87715,0.019953,8.68e+08,12,125000,1,0,-10.7135,-19474.9,0,-138.849,-137,1.58106
56190, 969.493, 52, -1,-1,-1,38.853,34.58,0.019953,8.68e+08,11,125000,1,0,-22.4448,-13360.3,0,-142.062,-135,0.790528
56192, 969.528, 51, -1,-1,-1,42.2294,28.194,0.015849,8.68e+08,10,125000,1,0,-19.6464,-14662.9,0,-142.372,-133,0.436224
56199, 969.728, 59, -1,-1,-1,70.3446,16.3551,0.019953,8.68e+08,10,125000,1,0,-23.0757,-18488.9,0,-142.208,-133,0.436224
56206, 969.864, 14, -1,-1,-1,53.9616,-4.16799,0.025119,8.68e+08,10,125000,1,0,-11.1704,-19521.5,0,-137.989,-133,0.436224
56223, 970.527, 32, -1,-1,-1,50.6742,17.0701,0.019953,8.68e+08,11,125000,1,0,-16.5329,-17437,0,-140.546,-135,0.790528
56230, 970.648, 2, -1,-1,-1,52.1594,14.5236,0.019953,8.68e+08,12,125000,1,0,-16.0377,-17870.8,0,-140.409,-137,1.58106
56237, 970.711, 49, -1,-1,-1,45.6929,9.55674,0.015849,8.68e+08,10,125000,1,0,-12.0085,-17306.8,0,-140.247,-133,0.436224
56239, 970.8, 21, -1,-1,-1,40.7647,-7.46535,0.025119,8.68e+08,10,125000,1,0,-1.80214,-18725.8,0,-134.956,-133,0.436224
56241, 971.089, 5, -1,-1,-1,53.0128,4.81756,0.019953,8.68e+08,10,125000,1,0,-13.2226,-18826.2,0,-139.605,-133,0.436224
56244, 971.146, 55, -1,-1,-1,29.3409,-14.2582,0.025119,8.68e+08,12,125000,1,0,13.1944,-15947.8,1,-130.107,-137,1.58106
56246, 971.26, 29, -1,-1,-1,51.2316,20.2503,0.019953,8.68e+08,11,125000,1,0,-17.8845,-17257.6,0,-140.911,-135,0.790528
56263, 972.167, 56, -1,-1,-1,34.5758,13.0619,0.019953,8.68e+08,12,125000,1,0,-11.0289,-13492.7,0,-138.955,-137,1.58106
56265, 972.222, 41, -1,-1,-1,57.7942,23.9073,0.019953,8.68e+08,10,125000,1,0,-20.8006,-17820.7,0,-141.66,-133,0.436224
56272, 972.739, 47, -1,-1,-1,60.7806,1.83536,0.015849,8.68e+08,11,125000,1,0,-16.3142,-19231.6,0,-141.483,-135,0.790528
56294, 973.328, 33, -1,-1,-1,48.5351,16.7675,0.019953,8.68e+08,10,125000,1,0,-15.9448,-17139.8,0,-140.385,-133,0.436224
56296, 973.33, 44, -1,-1,-1,48.915,29.8997,0.015849,8.68e+08,10,125000,1,0,-21.2289,-16114,0,-142.767,-133,0.436224
56298, 973.363, 45, -1,-1,-1,49.1516,25.5874,0.025119,8.68e+08,12,125000,1,0,-19.529,-16471.9,0,-140.341,-137,1.58106
56315, 973.777, 17, -1,-1,-1,49.9949,1.85453,0.025119,8.68e+08,11,125000,1,0,-10.9337,-18859.5,0,-137.918,-135,0.790528
56322, 973.956, 25, -1,-1,-1,47.4666,6.98245,0.025119,8.68e+08,10,125000,1,0,-11.7239,-17981.3,0,-138.16,-133,0.436224
56324, 974.09, 27, -1,-1,-1,50.9263,3.96498,0.019953,8.68e+08,12,125000,1,0,-12.0659,-18740.8,0,-139.262,-137,1.58106
56326, 974.186, 8, -1,-1,-1,60.9564,9.93245,0.015849,8.68e+08,11,125000,1,0,-18.198,-18861.1,0,-141.992,-135,0.790528
56328, 974.441, 35, -1,-1,-1,44.8964,23.9506,0.019953,8.68e+08,11,125000,1,0,-18.2123,-15729.7,0,-141,-135,0.790528
56330, 974.711, 36, -1,-1,-1,42.8721,21.2682,0.025119,8.68e+08,11,125000,1,0,-16.6955,-15464.7,0,-139.593,-135,0.790528
56332, 974.836, 31, -1,-1,-1,55.2698,20.8384,0.019953,8.68e+08,12,125000,1,0,-19.2388,-17788,0,-141.265,-137,1.58106
56349, 975.283, 19, -1,-1,-1,38.0115,0.007687,0.015849,8.68e+08,10,125000,1,0,-4.5234,-16724.4,0,-137.87,-133,0.436224
56361, 975.681, 40, -1,-1,-1,59.1236,25.6898,0.015849,8.68e+08,10,125000,1,0,-21.7796,-17861.4,0,-142.9,-133,0.436224
56363, 975.758, 20, -1,-1,-1,39.7553,-9.35268,0.019953,8.68e+08,10,125000,1,0,-0.435885,-18928.7,0,-135.494,-133,0.436224
56365, 975.916, 16, -1,-1,-1,42.7786,6.94506,0.019953,8.68e+08,10,125000,1,0,-10.0246,-17049,0,-138.642,-133,0.436224
56372, 976.065, 3, -1,-1,-1,38.8081,-3.66631,0.019953,8.68e+08,11,125000,1,0,-2.85018,-17652.8,0,-136.31,-135,0.790528
56389, 977.555, 6, -1,-1,-1,57.9389,19.5301,0.019953,8.68e+08,12,125000,1,0,-19.7053,-18163,0,-141.384,-137,1.58106
56391, 977.654, 10, -1,-1,-1,29.0987,31.7557,0.015849,8.68e+08,10,125000,1,0,-21.3637,-10621.4,0,-142.801,-133,0.436224
56398, 977.875, 22, -1,-1,-1,51.0484,10.8218,0.025119,8.68e+08,10,125000,1,0,-14.6767,-18157.7,0,-139.026,-133,0.436224
56400, 978.024, 4, -1,-1,-1,42.7292,12.7851,0.025119,8.68e+08,11,125000,1,0,-12.8287,-16344.3,0,-138.492,-135,0.790528
56417, 978.207, 30, -1,-1,-1,50.4166,22.3874,0.025119,8.68e+08,10,125000,1,0,-18.7517,-17035.5,0,-140.14,-133,0.436224
56424, 978.898, 23, -1,-1,-1,52.3551,9.17867,0.015849,8.68e+08,11,125000,1,0,-14.6387,-18466.1,0,-141.015,-135,0.790528
56426, 978.926, 26, -1,-1,-1,48.2338,8.18102,0.015849,8.68e+08,11,125000,1,0,-12.6767,-18031.4,0,-140.445,-135,0.790528
56428, 978.995, 38, -1,-1,-1,46.6172,18.1503,0.019953,8.68e+08,11,125000,1,0,-16.2161,-16703.5,0,-140.46,-135,0.790528
56430, 979.28, 0, -1,-1,-1,51.6007,-2.3004,0.025119,8.68e+08,11,125000,1,0,-10.7182,-19402.9,0,-137.851,-135,0.790528
56457, 979.928, 37, -1,-1,-1,40.6397,25.2461,0.019953,8.68e+08,10,125000,1,0,-18.4327,-14628.2,0,-141.058,-133,0.436224
56464, 980.279, 43, -1,-1,-1,55.2559,26.0605,0.025119,8.68e+08,10,125000,1,0,-21.1729,-17482.3,0,-140.752,-133,0.436224
56466, 980.511, 54, -1,-1,-1,31.4019,-15.4743,0.015849,8.68e+08,11,125000,1,0,11.1657,-17936.6,0,-132.71,-135,0.790528
56468, 980.572, 34, -1,-1,-1,47.8921,18.1051,0.019953,8.68e+08,11,125000,1,0,-16.5626,-16984.6,0,-140.555,-135,0.790528
56470, 980.669, 13, -1,-1,-1,57.1683,-5.07194,0.015849,8.68e+08,11,125000,1,0,-13.3045,-19637.1,0,-140.626,-135,0.790528
56472, 981.051, 32, -1,-1,-1,50.6742,17.0701,0.019953,8.68e+08,11,125000,1,0,-16.9211,-17336.6,0,-140.652,-135,0.790528
56479, 982.185, 52, -1,-1,-1,38.853,34.58,0.019953,8.68e+08,11,125000,1,0,-22.7931,-13328.8,0,-142.144,-135,0.790528
56511, 983.496, 53, -1,-1,-1,65.3284,-19.1561,0.025119,8.68e+08,10,125000,1,0,-16.9216,-19024,0,-139.647,-133,0.436224
56513, 983.504, 51, -1,-1,-1,42.2294,28.194,0.015849,8.68e+08,10,125000,1,0,-20.0715,-14654.1,0,-142.479,-133,0.436224
56525, 983.703, 39, -1,-1,-1,44.7388,20.1372,0.015849,8.68e+08,10,125000,1,0,-16.8356,-15951.5,0,-141.63,-133,0.436224
56537, 983.904, 58, -1,-1,-1,62.6808,-4.27248,0.015849,8.68e+08,12,125000,1,0,-16.7037,-19208.3,0,-141.588,-137,1.58106
56539, 983.99, 7, -1,-1,-1,48.8156,14.5218,0.025119,8.68e+08,10,125000,1,0,-15.5369,-17322.6,0,-139.27,-133,0.436224
56546, 984.153, 11, -1,-1,-1,55.1052,36.446,0.025119,8.68e+08,11,125000,1,0,-24.7128,-16560.7,0,-141.586,-135,0.790528
56548, 984.182, 57, -1,-1,-1,36.1272,33.7657,0.019953,8.68e+08,10,125000,1,0,-22.431,-12652.6,0,-142.059,-133,0.436224
56550, 984.312, 50, -1,-1,-1,39.8689,16.152,0.019953,8.68e+08,11,125000,1,0,-14.0244,-15074.7,0,-139.843,-135,0.790528
56552, 984.496, 17, -1,-1,-1,49.9949,1.85453,0.025119,8.68e+08,11,125000,1,0,-11.3932,-18763.7,0,-138.057,-135,0.790528
56554, 984.619, 18, -1,-1,-1,41.6718,4.40735,0.025119,8.68e+08,12,125000,1,0,-8.70262,-17048.7,0,-137.226,-137,1.58106
56576, 985.721, 2, -1,-1,-1,52.1594,14.5236,0.019953,8.68e+08,12,125000,1,0,-16.6099,-17814.1,0,-140.566,-137,1.58106
56578, 985.851, 46, -1,-1,-1,54.0139,24.7077,0.019953,8.68e+08,11,125000,1,0,-20.6363,-17235.1,0,-141.619,-135,0.790528
56585, 986.116, 41, -1,-1,-1,57.7942,23.9073,0.019953,8.68e+08,10,125000,1,0,-21.3085,-17711.8,0,-141.784,-133,0.436224
56592, 986.852, 55, -1,-1,-1,29.3409,-14.2582,0.025119,8.68e+08,12,125000,1,0,11.7592,-16421.4,0,-130.532,-137,1.58106
56599, 987.137, 12, -1,-1,-1,53.1839,-3.87715,0.019953,8.68e+08,12,125000,1,0,-11.5049,-19417.5,0,-139.089,-137,1.58106
56601, 987.319, 36, -1,-1,-1,42.8721,21.2682,0.025119,8.68e+08,11,125000,1,0,-17.107,-15447,0,-139.704,-135,0.790528
56608, 987.689, 1, -1,-1,-1,49.3743,3.30528,0.015849,8.68e+08,11,125000,1,0,-11.7264,-18591.7,0,-140.159,-135,0.790528
56610, 987.693, 45, -1,-1,-1,49.1516,25.5874,0.025119,8.68e+08,12,125000,1,0,-20.0169,-16420.8,0,-140.464,-137,1.58106
56612, 988.045, 42, -1,-1,-1,55.9659,22.2357,0.019953,8.68e+08,10,125000,1,0,-20.395,-17670.7,0,-141.558,-133,0.436224
56624, 988.534, 49, -1,-1,-1,45.6929,9.55674,0.015849,8.68e+08,10,125000,1,0,-12.6985,-17352.3,0,-140.452,-133,0.436224
56636, 988.88, 15, -1,-1,-1,46.2746,7.09545,0.019953,8.68e+08,10,125000,1,0,-11.9039,-17752.9,0,-139.214,-133,0.436224
56643, 989.109, 48, -1,-1,-1,56.6076,12.8569,0.015849,8.68e+08,10,125000,1,0,-17.8149,-18409.1,0,-141.89,-133,0.436224
56645, 989.261, 16, -1,-1,-1,42.7786,6.94506,0.019953,8.68e+08,10,125000,1,0,-10.5508,-17063.6,0,-138.803,-133,0.436224
56652, 989.516, 59, -1,-1,-1,70.3446,16.3551,0.019953,8.68e+08,10,125000,1,0,-23.821,-18384.7,0,-142.38,-133,0.436224
56669, 990.067, 28, -1,-1,-1,54.4004,13.1066,0.019953,8.68e+08,10,125000,1,0,-17.1205,-18229.9,0,-140.704,-133,0.436224
56671, 990.111, 35, -1,-1,-1,44.8964,23.9506,0.019953,8.68e+08,11,125000,1,0,-18.726,-15735.4,0,-141.133,-135,0.790528
56678, 990.405, 14, -1,-1,-1,53.9616,-4.16799,0.025119,8.68e+08,10,125000,1,0,-12.0754,-19481.8,0,-138.261,-133,0.436224
56680, 990.594, 38, -1,-1,-1,46.6172,18.1503,0.019953,8.68e+08,11,125000,1,0,-16.6253,-16644.3,0,-140.572,-135,0.790528
56687, 990.66, 20, -1,-1,-1,39.7553,-9.35268,0.019953,8.68e+08,10,125000,1,0,-1.28708,-18965.9,0,-135.78,-133,0.436224
56694, 991.228, 40, -1,-1,-1,59.1236,25.6898,0.015849,8.68e+08,10,125000,1,0,-22.3456,-17761,0,-143.035,-133,0.436224
56716, 992.235, 27, -1,-1,-1,50.9263,3.96498,0.019953,8.68e+08,12,125000,1,0,-12.8228,-18718.8,0,-139.486,-137,1.58106
56723, 992.577, 8, -1,-1,-1,60.9564,9.93245,0.015849,8.68e+08,11,125000,1,0,-18.9178,-18778.2,0,-142.179,-135,0.790528
56725, 992.585, 9, -1,-1,-1,38.2779,25.7475,0.015849,8.68e+08,11,125000,1,0,-18.8114,-13909.9,0,-142.157,-135,0.790528
56727, 992.719, 24, -1,-1,-1,49.1334,13.5818,0.015849,8.68e+08,10,125000,1,0,-15.6017,-17576.5,0,-141.287,-133,0.436224
56729, 992.85, 29, -1,-1,-1,51.2316,20.2503,0.019953,8.68e+08,11,125000,1,0,-18.6625,-17284,0,-141.115,-135,0.790528
56731, 992.898, 52, -1,-1,-1,38.853,34.58,0.019953,8.68e+08,11,125000,1,0,-23.0881,-13510.7,0,-142.213,-135,0.790528
56758, 993.684, 44, -1,-1,-1,48.915,29.8997,0.015849,8.68e+08,10,125000,1,0,-21.901,-16135.7,0,-142.93,-133,0.436224
56765, 993.712, 32, -1,-1,-1,50.6742,17.0701,0.019953,8.68e+08,11,125000,1,0,-17.3866,-17489.3,0,-140.777,-135,0.790528
56782, 993.966, 43, -1,-1,-1,55.2559,26.0605,0.025119,8.68e+08,10,125000,1,0,-21.6605,-17383.2,0,-140.87,-133,0.436224
56784, 994.018, 39, -1,-1,-1,44.7388,20.1372,0.015849,8.68e+08,10,125000,1,0,-17.1848,-16107.9,0,-141.724,-133,0.436224
56786, 994.145, 10, -1,-1,-1,29.0987,31.7557,0.015849,8.68e+08,10,125000,1,0,-21.723,-10736.3,0,-142.888,-133,0.436224
56788, 994.222, 21, -1,-1,-1,40.7647,-7.46535,0.025119,8.68e+08,10,125000,1,0,-3.05804,-18884.6,0,-135.376,-133,0.436224
56790, 994.294, 5, -1,-1,-1,53.0128,4.81756,0.019953,8.68e+08,10,125000,1,0,-14.1776,-18836.6,0,-139.88,-133,0.436224
56797, 994.945, 6, -1,-1,-1,57.9389,19.5301,0.019953,8.68e+08,12,125000,1,0,-20.3542,-18089,0,-141.547,-137,1.58106
56804, 995.3, 56, -1,-1,-1,34.5758,13.0619,0.019953,8.68e+08,12,125000,1,0,-11.7455,-13842.2,0,-139.171,-137,1.58106
56806, 995.424, 47, -1,-1,-1,60.7806,1.83536,0.015849,8.68e+08,11,125000,1,0,-17.233,-19180.6,0,-141.732,-135,0.790528
56818, 995.618, 22, -1,-1,-1,51.0484,10.8218,0.025119,8.68e+08,10,125000,1,0,-15.3672,-18137.8,0,-139.22,-133,0.436224
56830, 996.298, 0, -1,-1,-1,51.6007,-2.3004,0.025119,8.68e+08,11,125000,1,0,-11.4672,-19350.8,0,-138.078,-135,0.790528
56832, 996.506, 3, -1,-1,-1,38.8081,-3.66631,0.019953,8.68e+08,11,125000,1,0,-3.85151,-17844.1,0,-136.643,-135,0.790528
56834, 997.069, 55, -1,-1,-1,29.3409,-14.2582,0.025119,8.68e+08,12,125000,1,0,10.8593,-16822.7,0,-130.804,-137,1.58106
56846, 997.219, 31, -1,-1,-1,55.2698,20.8384,0.019953,8.68e+08,12,125000,1,0,-20.0602,-17783.7,0,-141.473,-137,1.58106
56858, 997.508, 57, -1,-1,-1,36.1272,33.7657,0.019953,8.68e+08,10,125000,1,0,-22.7793,-12893.8,0,-142.141,-133,0.436224
56860, 997.551, 53, -1,-1,-1,65.3284,-19.1561,0.025119,8.68e+08,10,125000,1,0,-17.4861,-19138.5,0,-139.798,-133,0.436224
56882, 998.114, 33, -1,-1,-1,48.5351,16.7675,0.019953,8.68e+08,10,125000,1,0,-16.8456,-17238.4,0,-140.63,-133,0.436224
56884, 998.281, 54, -1,-1,-1,31.4019,-15.4743,0.015849,8.68e+08,11,125000,1,0,9.55164,-18252.5,0,-133.206,-135,0.790528
56886, 998.296, 34, -1,-1,-1,47.8921,18.1051,0.019953,8.68e+08,11,125000,1,0,-17.195,-16996.5,0,-140.725,-135,0.790528
56893, 998.455, 25, -1,-1,-1,47.4666,6.98245,0.025119,8.68e+08,10,125000,1,0,-12.709,-18082.3,0,-138.453,-133,0.436224
56895, 998.756, 26, -1,-1,-1,48.2338,8.18102,0.015849,8.68e+08,11,125000,1,0,-13.4633,-18064,0,-140.675,-135,0.790528
56897, 998.833, 19, -1,-1,-1,38.0115,0.007687,0.015849,8.68e+08,10,125000,1,0,-5.56353,-17017,0,-138.212,-133,0.436224
56899, 998.902, 17, -1,-1,-1,49.9949,1.85453,0.025119,8.68e+08,11,125000,1,0,-12.0052,-18914.8,0,-138.241,-135,0.790528
56921, 1000.2, 37, -1,-1,-1,40.6397,25.2461,0.019953,8.68e+08,10,125000,1,0,-19.0481,-14745.7,0,-141.217,-133,0.436224
56923, 1000.31, 48, -1,-1,-1,56.6076,12.8569,0.015849,8.68e+08,10,125000,1,0,-18.2461,-18515.1,0,-142.003,-133,0.436224
56930, 1000.59, 41, -1,-1,-1,57.7942,23.9073,0.019953,8.68e+08,10,125000,1,0,-21.8353,-17603.3,0,-141.912,-133,0.436224
56932, 1000.81, 23, -1,-1,-1,52.3551,9.17867,0.015849,8.68e+08,11,125000,1,0,-15.5046,-18250.8,0,-141.258,-135,0.790528
57069, 1001.2, 50, -1,-1,-1,39.8689,16.152,0.019953,8.68e+08,11,125000,1,0,-14.5826,-15169.1,0,-140.002,-135,0.790528
57071, 1001.37, 51, -1,-1,-1,42.2294,28.194,0.015849,8.68e+08,10,125000,1,0,-20.616,-14699.2,0,-142.615,-133,0.436224
57073, 1001.39, 7, -1,-1,-1,48.8156,14.5218,0.025119,8.68e+08,10,125000,1,0,-16.1829,-17316.6,0,-139.448,-133,0.436224
57075, 1001.98, 13, -1,-1,-1,57.1683,-5.07194,0.015849,8.68e+08,11,125000,1,0,-14.2127,-19361.2,0,-140.888,-135,0.790528
57092, 1002.78, 38, -1,-1,-1,46.6172,18.1503,0.019953,8.68e+08,11,125000,1,0,-17.0541,-16585.7,0,-140.687,-135,0.790528
57104, 1003.6, 40, -1,-1,-1,59.1236,25.6898,0.015849,8.68e+08,10,125000,1,0,-22.7945,-17624.7,0,-143.141,-133,0.436224
57106, 1003.74, 11, -1,-1,-1,55.1052,36.446,0.025119,8.68e+08,11,125000,1,0,-25.3776,-16510.8,0,-141.733,-135,0.790528
57123, 1004.16, 12, -1,-1,-1,53.1839,-3.87715,0.019953,8.68e+08,12,125000,1,0,-12.2495,-19347.8,0,-139.312,-137,1.58106
57125, 1004.32, 2, -1,-1,-1,52.1594,14.5236,0.019953,8.68e+08,12,125000,1,0,-17.3115,-17789.7,0,-140.755,-137,1.58106
57132, 1004.55, 35, -1,-1,-1,44.8964,23.9506,0.019953,8.68e+08,11,125000,1,0,-19.1992,-15713.8,0,-141.255,-135,0.790528
57134, 1004.94, 1, -1,-1,-1,49.3743,3.30528,0.015849,8.68e+08,11,125000,1,0,-12.447,-18566.8,0,-140.373,-135,0.790528
57141, 1005.27, 9, -1,-1,-1,38.2779,25.7475,0.015849,8.68e+08,11,125000,1,0,-19.1788,-13907.1,0,-142.251,-135,0.790528
57143, 1005.43, 58, -1,-1,-1,62.6808,-4.27248,0.015849,8.68e+08,12,125000,1,0,-17.5767,-19136.9,0,-141.823,-137,1.58106
57145, 1005.48, 28, -1,-1,-1,54.4004,13.1066,0.019953,8.68e+08,10,125000,1,0,-17.7107,-18153.1,0,-140.861,-133,0.436224
57162, 1005.96, 16, -1,-1,-1,42.7786,6.94506,0.019953,8.68e+08,10,125000,1,0,-11.2053,-17119.8,0,-139.002,-133,0.436224
57164, 1006.02, 44, -1,-1,-1,48.915,29.8997,0.015849,8.68e+08,10,125000,1,0,-22.3079,-16045.2,0,-143.027,-133,0.436224
57171, 1006.32, 47, -1,-1,-1,60.7806,1.83536,0.015849,8.68e+08,11,125000,1,0,-17.67,-19031.5,0,-141.848,-135,0.790528
57178, 1007.1, 46, -1,-1,-1,54.0139,24.7077,0.019953,8.68e+08,11,125000,1,0,-21.3914,-17222.5,0,-141.804,-135,0.790528
57185, 1007.25, 5, -1,-1,-1,53.0128,4.81756,0.019953,8.68e+08,10,125000,1,0,-14.7051,-18740.3,0,-140.031,-133,0.436224
57192, 1007.54, 10, -1,-1,-1,29.0987,31.7557,0.015849,8.68e+08,10,125000,1,0,-22.0182,-10776.3,0,-142.959,-133,0.436224
57204, 1007.75, 49, -1,-1,-1,45.6929,9.55674,0.015849,8.68e+08,10,125000,1,0,-13.4369,-17404.6,0,-140.667,-133,0.436224
57216, 1008.03, 14, -1,-1,-1,53.9616,-4.16799,0.025119,8.68e+08,10,125000,1,0,-12.8396,-19412.3,0,-138.487,-133,0.436224
57218, 1008.37, 24, -1,-1,-1,49.1334,13.5818,0.015849,8.68e+08,10,125000,1,0,-16.1877,-17543.7,0,-141.449,-133,0.436224
57220, 1009.27, 18, -1,-1,-1,41.6718,4.40735,0.025119,8.68e+08,12,125000,1,0,-9.70567,-17253.1,0,-137.54,-137,1.58106
57222, 1009.48, 6, -1,-1,-1,57.9389,19.5301,0.019953,8.68e+08,12,125000,1,0,-20.8937,-17982.3,0,-141.68,-137,1.58106
57249, 1011.03, 53, -1,-1,-1,65.3284,-19.1561,0.025119,8.68e+08,10,125000,1,0,-18.0233,-19006.9,0,-139.94,-133,0.436224
57251, 1011.3, 31, -1,-1,-1,55.2698,20.8384,0.019953,8.68e+08,12,125000,1,0,-20.5741,-17686.3,0,-141.601,-137,1.58106
57253, 1011.31, 21, -1,-1,-1,40.7647,-7.46535,0.025119,8.68e+08,10,125000,1,0,-3.94682,-18930.2,0,-135.671,-133,0.436224
57255, 1011.39, 32, -1,-1,-1,50.6742,17.0701,0.019953,8.68e+08,11,125000,1,0,-18.0336,-17466.2,0,-140.948,-135,0.790528
57262, 1011.81, 45, -1,-1,-1,49.1516,25.5874,0.025119,8.68e+08,12,125000,1,0,-20.8362,-16487.9,0,-140.668,-137,1.58106
57289, 1012.2, 36, -1,-1,-1,42.8721,21.2682,0.025119,8.68e+08,11,125000,1,0,-17.9197,-15615.3,0,-139.92,-135,0.790528
57291, 1012.27, 19, -1,-1,-1,38.0115,0.007687,0.015849,8.68e+08,10,125000,1,0,-6.14989,-17083.7,0,-138.403,-133,0.436224
57293, 1012.58, 15, -1,-1,-1,46.2746,7.09545,0.019953,8.68e+08,10,125000,1,0,-12.8454,-17852.2,0,-139.493,-133,0.436224
57300, 1012.87, 26, -1,-1,-1,48.2338,8.18102,0.015849,8.68e+08,11,125000,1,0,-14.0185,-18018,0,-140.835,-135,0.790528
57302, 1012.94, 8, -1,-1,-1,60.9564,9.93245,0.015849,8.68e+08,11,125000,1,0,-19.708,-18707.7,0,-142.381,-135,0.790528
57309, 1013.05, 59, -1,-1,-1,70.3446,16.3551,0.019953,8.68e+08,10,125000,1,0,-24.7012,-18308.3,0,-142.579,-133,0.436224
57316, 1013.55, 56, -1,-1,-1,34.5758,13.0619,0.019953,8.68e+08,12,125000,1,0,-12.3157,-14052.2,0,-139.341,-137,1.58106
57318, 1013.74, 50, -1,-1,-1,39.8689,16.152,0.019953,8.68e+08,11,125000,1,0,-14.997,-15393.6,0,-140.119,-135,0.790528
57321, 1014.33, 54, -1,-1,-1,31.4019,-15.4743,0.015849,8.68e+08,11,125000,1,0,8.17885,-18468.1,1,-133.638,-135,0.790528
57333, 1015.03, 39, -1,-1,-1,44.7388,20.1372,0.015849,8.68e+08,10,125000,1,0,-17.8956,-16190.2,0,-141.913,-133,0.436224
57360, 1015.8, 37, -1,-1,-1,40.6397,25.2461,0.019953,8.68e+08,10,125000,1,0,-19.523,-14773,0,-141.338,-133,0.436224
57362, 1015.96, 55, -1,-1,-1,29.3409,-14.2582,0.025119,8.68e+08,12,125000,1,0,9.26394,-17285.2,0,-131.296,-137,1.58106
57364, 1016.35, 11, -1,-1,-1,55.1052,36.446,0.025119,8.68e+08,11,125000,1,0,-25.8045,-16649.4,0,-141.826,-135,0.790528
57366, 1016.49, 1, -1,-1,-1,49.3743,3.30528,0.015849,8.68e+08,11,125000,1,0,-12.9246,-18690.6,0,-140.514,-135,0.790528
57373, 1016.7, 27, -1,-1,-1,50.9263,3.96498,0.019953,8.68e+08,12,125000,1,0,-13.8294,-18753,0,-139.779,-137,1.58106
57380, 1017.06, 12, -1,-1,-1,53.1839,-3.87715,0.019953,8.68e+08,12,125000,1,0,-12.8068,-19457.9,0,-139.477,-137,1.58106
57382, 1017.1, 25, -1,-1,-1,47.4666,6.98245,0.025119,8.68e+08,10,125000,1,0,-13.4504,-18097.1,0,-138.67,-133,0.436224
57389, 1017.27, 40, -1,-1,-1,59.1236,25.6898,0.015849,8.68e+08,10,125000,1,0,-23.2886,-17756.9,0,-143.256,-133,0.436224
57391, 1018.01, 3, -1,-1,-1,38.8081,-3.66631,0.019953,8.68e+08,11,125000,1,0,-4.88191,-18024.3,0,-136.984,-135,0.790528
57408, 1018.53, 33, -1,-1,-1,48.5351,16.7675,0.019953,8.68e+08,10,125000,1,0,-17.5834,-17268.3,0,-140.828,-133,0.436224
57410, 1018.89, 43, -1,-1,-1,55.2559,26.0605,0.025119,8.68e+08,10,125000,1,0,-22.5444,-17397.3,0,-141.081,-133,0.436224
57417, 1019.27, 34, -1,-1,-1,47.8921,18.1051,0.019953,8.68e+08,11,125000,1,0,-17.9404,-17040.4,0,-140.924,-135,0.790528
57419, 1019.32, 41, -1,-1,-1,57.7942,23.9073,0.019953,8.68e+08,10,125000,1,0,-22.5146,-17788.6,0,-142.074,-133,0.436224
57426, 1019.84, 16, -1,-1,-1,42.7786,6.94506,0.019953,8.68e+08,10,125000,1,0,-11.7463,-17330.3,0,-139.165,-133,0.436224
57443, 1020.46, 22, -1,-1,-1,51.0484,10.8218,0.025119,8.68e+08,10,125000,1,0,-16.3249,-17958.7,0,-139.485,-133,0.436224
57450, 1020.92, 46, -1,-1,-1,54.0139,24.7077,0.019953,8.68e+08,11,125000,1,0,-21.8807,-17121.3,0,-141.922,-135,0.790528
57457, 1021.21, 0, -1,-1,-1,51.6007,-2.3004,0.025119,8.68e+08,11,125000,1,0,-12.5448,-19146.5,0,-138.399,-135,0.790528
57469, 1021.93, 9, -1,-1,-1,38.2779,25.7475,0.015849,8.68e+08,11,125000,1,0,-19.6632,-13966.5,0,-142.374,-135,0.790528
57471, 1022.05, 7, -1,-1,-1,48.8156,14.5218,0.025119,8.68e+08,10,125000,1,0,-16.9457,-17341.8,0,-139.656,-133,0.436224
57473, 1022.25, 2, -1,-1,-1,52.1594,14.5236,0.019953,8.68e+08,12,125000,1,0,-17.9837,-17750.4,0,-140.934,-137,1.58106
57475, 1022.32, 17, -1,-1,-1,49.9949,1.85453,0.025119,8.68e+08,11,125000,1,0,-12.987,-18724.4,0,-138.532,-135,0.790528
57487, 1022.82, 44, -1,-1,-1,48.915,29.8997,0.015849,8.68e+08,10,125000,1,0,-22.8615,-16005.8,0,-143.157,-133,0.436224
57499, 1023.15, 51, -1,-1,-1,42.2294,28.194,0.015849,8.68e+08,10,125000,1,0,-21.2815,-14795,0,-142.778,-133,0.436224
57511, 1023.38, 48, -1,-1,-1,56.6076,12.8569,0.015849,8.68e+08,10,125000,1,0,-19.1283,-18255.4,0,-142.232,-133,0.436224
57523, 1023.67, 23, -1,-1,-1,52.3551,9.17867,0.015849,8.68e+08,11,125000,1,0,-16.3985,-18258.4,0,-141.504,-135,0.790528
57525, 1023.81, 19, -1,-1,-1,38.0115,0.007687,0.015849,8.68e+08,10,125000,1,0,-6.64979,-17101.9,0,-138.565,-133,0.436224
57527, 1023.96, 24, -1,-1,-1,49.1334,13.5818,0.015849,8.68e+08,10,125000,1,0,-16.7684,-17502.4,0,-141.607,-133,0.436224
57529, 1024.1, 47, -1,-1,-1,60.7806,1.83536,0.015849,8.68e+08,11,125000,1,0,-18.3782,-18933.8,0,-142.035,-135,0.790528
57546, 1025.04, 56, -1,-1,-1,34.5758,13.0619,0.019953,8.68e+08,12,125000,1,0,-12.6765,-14096.5,0,-139.447,-137,1.58106
57548, 1025.1, 39, -1,-1,-1,44.7388,20.1372,0.015849,8.68e+08,10,125000,1,0,-18.2356,-16103.6,0,-142.002,-133,0.436224
57550, 1025.2, 15, -1,-1,-1,46.2746,7.09545,0.019953,8.68e+08,10,125000,1,0,-13.3424,-17797.1,0,-139.638,-133,0.436224
57552, 1025.33, 13, -1,-1,-1,57.1683,-5.07194,0.015849,8.68e+08,11,125000,1,0,-15.1925,-19318.5,0,-141.165,-135,0.790528
57569, 1027.24, 1, -1,-1,-1,49.3743,3.30528,0.015849,8.68e+08,11,125000,1,0,-13.3664,-18587.5,0,-140.643,-135,0.790528
57571, 1027.94, 35, -1,-1,-1,44.8964,23.9506,0.019953,8.68e+08,11,125000,1,0,-19.9654,-15813.1,0,-141.449,-135,0.790528
57573, 1028.19, 18, -1,-1,-1,41.6718,4.40735,0.025119,8.68e+08,12,125000,1,0,-10.4676,-17343.3,0,-137.775,-137,1.58106
57600, 1029.78, 58, -1,-1,-1,62.6808,-4.27248,0.015849,8.68e+08,12,125000,1,0,-18.5516,-19084.3,0,-142.079,-137,1.58106
57602, 1030.08, 12, -1,-1,-1,53.1839,-3.87715,0.019953,8.68e+08,12,125000,1,0,-13.3636,-19349,0,-139.64,-137,1.58106
57604, 1030.09, 3, -1,-1,-1,38.8081,-3.66631,0.019953,8.68e+08,11,125000,1,0,-5.45061,-18028.2,0,-137.17,-135,0.790528
57621, 1030.29, 11, -1,-1,-1,55.1052,36.446,0.025119,8.68e+08,11,125000,1,0,-26.2755,-16531.1,0,-141.928,-135,0.790528
57623, 1030.67, 10, -1,-1,-1,29.0987,31.7557,0.015849,8.68e+08,10,125000,1,0,-22.5352,-11009.7,0,-143.082,-133,0.436224
57635, 1030.89, 31, -1,-1,-1,55.2698,20.8384,0.019953,8.68e+08,12,125000,1,0,-21.2863,-17640.3,0,-141.776,-137,1.58106
57637, 1030.98, 54, -1,-1,-1,31.4019,-15.4743,0.015849,8.68e+08,11,125000,1,0,6.83168,-18657.3,0,-134.069,-135,0.790528
57639, 1031.15, 21, -1,-1,-1,40.7647,-7.46535,0.025119,8.68e+08,10,125000,1,0,-4.95226,-18997,0,-136.004,-133,0.436224
57641, 1031.21, 14, -1,-1,-1,53.9616,-4.16799,0.025119,8.68e+08,10,125000,1,0,-13.8287,-19384.2,0,-138.775,-133,0.436224
57643, 1031.81, 6, -1,-1,-1,57.9389,19.5301,0.019953,8.68e+08,12,125000,1,0,-21.7178,-17945.3,0,-141.881,-137,1.58106
57665, 1032.46, 49, -1,-1,-1,45.6929,9.55674,0.015849,8.68e+08,10,125000,1,0,-14.3791,-17516.5,0,-140.938,-133,0.436224
57672, 1032.73, 32, -1,-1,-1,50.6742,17.0701,0.019953,8.68e+08,11,125000,1,0,-18.8107,-17477.2,0,-141.151,-135,0.790528
57674, 1033.15, 36, -1,-1,-1,42.8721,21.2682,0.025119,8.68e+08,11,125000,1,0,-18.6038,-15705.8,0,-140.099,-135,0.790528
57681, 1033.83, 27, -1,-1,-1,50.9263,3.96498,0.019953,8.68e+08,12,125000,1,0,-14.5257,-18704.7,0,-139.978,-137,1.58106
57683, 1033.88, 48, -1,-1,-1,56.6076,12.8569,0.015849,8.68e+08,10,125000,1,0,-19.5272,-18353.9,0,-142.334,-133,0.436224
57695, 1034.09, 45, -1,-1,-1,49.1516,25.5874,0.025119,8.68e+08,12,125000,1,0,-21.5913,-16520.8,0,-140.852,-137,1.58106
57697, 1034.46, 59, -1,-1,-1,70.3446,16.3551,0.019953,8.68e+08,10,125000,1,0,-25.4965,-18212.1,0,-142.755,-133,0.436224
57709, 1034.75, 23, -1,-1,-1,52.3551,9.17867,0.015849,8.68e+08,11,125000,1,0,-16.8285,-18371.1,0,-141.621,-135,0.790528
57716, 1035.04, 40, -1,-1,-1,59.1236,25.6898,0.015849,8.68e+08,10,125000,1,0,-23.9285,-17668.1,0,-143.403,-133,0.436224
57718, 1035.26, 26, -1,-1,-1,48.2338,8.18102,0.015849,8.68e+08,11,125000,1,0,-14.8922,-18060.6,0,-141.084,-135,0.790528
57730, 1035.7, 50, -1,-1,-1,39.8689,16.152,0.019953,8.68e+08,11,125000,1,0,-15.7241,-15554.2,0,-140.322,-135,0.790528
57732, 1035.82, 16, -1,-1,-1,42.7786,6.94506,0.019953,8.68e+08,10,125000,1,0,-12.3651,-17356.4,0,-139.35,-133,0.436224
57734, 1036.1, 8, -1,-1,-1,60.9564,9.93245,0.015849,8.68e+08,11,125000,1,0,-20.5986,-18656.7,0,-142.604,-135,0.790528
57751, 1037.27, 13, -1,-1,-1,57.1683,-5.07194,0.015849,8.68e+08,11,125000,1,0,-15.6872,-19412.4,0,-141.303,-135,0.790528
57753, 1037.63, 37, -1,-1,-1,40.6397,25.2461,0.019953,8.68e+08,10,125000,1,0,-20.1892,-14891,0,-141.506,-133,0.436224
57760, 1038.2, 55, -1,-1,-1,29.3409,-14.2582,0.025119,8.68e+08,12,125000,1,0,7.49258,-17763.4,0,-131.857,-137,1.58106
57762, 1038.65, 46, -1,-1,-1,54.0139,24.7077,0.019953,8.68e+08,11,125000,1,0,-22.5063,-17313.2,0,-142.071,-135,0.790528
57784, 1041.19, 17, -1,-1,-1,49.9949,1.85453,0.025119,8.68e+08,11,125000,1,0,-13.7669,-18692.5,0,-138.758,-135,0.790528
57786, 1041.24, 25, -1,-1,-1,47.4666,6.98245,0.025119,8.68e+08,10,125000,1,0,-14.4005,-17945.1,0,-138.943,-133,0.436224
57793, 1041.47, 43, -1,-1,-1,55.2559,26.0605,0.025119,8.68e+08,10,125000,1,0,-23.3413,-17120.7,0,-141.268,-133,0.436224
57795, 1041.47, 35, -1,-1,-1,44.8964,23.9506,0.019953,8.68e+08,11,125000,1,0,-20.4085,-15761.1,0,-141.56,-135,0.790528
57797, 1041.82, 33, -1,-1,-1,48.5351,16.7675,0.019953,8.68e+08,10,125000,1,0,-18.421,-17087.6,0,-141.049,-133,0.436224
57804, 1042.3, 22, -1,-1,-1,51.0484,10.8218,0.025119,8.68e+08,10,125000,1,0,-17.1592,-17962.1,0,-139.711,-133,0.436224
57816, 1044.81, 9, -1,-1,-1,38.2779,25.7475,0.015849,8.68e+08,11,125000,1,0,-20.3315,-14122.3,0,-142.542,-135,0.790528
57823, 1045.15, 1, -1,-1,-1,49.3743,3.30528,0.015849,8.68e+08,11,125000,1,0,-14.0954,-18552.8,0,-140.854,-135,0.790528
57840, 1045.67, 10, -1,-1,-1,29.0987,31.7557,0.015849,8.68e+08,10,125000,1,0,-22.8748,-11064.6,0,-143.161,-133,0.436224
57852, 1046.13, 24, -1,-1,-1,49.1334,13.5818,0.015849,8.68e+08,10,125000,1,0,-17.589,-17530.6,0,-141.827,-133,0.436224
57854, 1046.15, 7, -1,-1,-1,48.8156,14.5218,0.025119,8.68e+08,10,125000,1,0,-17.8294,-17397.6,0,-139.892,-133,0.436224
57861, 1046.53, 31, -1,-1,-1,55.2698,20.8384,0.019953,8.68e+08,12,125000,1,0,-21.8519,-17547.9,0,-141.913,-137,1.58106
57863, 1046.69, 16, -1,-1,-1,42.7786,6.94506,0.019953,8.68e+08,10,125000,1,0,-12.784,-17299.4,0,-139.473,-133,0.436224
57865, 1046.84, 18, -1,-1,-1,41.6718,4.40735,0.025119,8.68e+08,12,125000,1,0,-11.2117,-17413.6,0,-138.001,-137,1.58106
57867, 1046.89, 2, -1,-1,-1,52.1594,14.5236,0.019953,8.68e+08,12,125000,1,0,-18.9005,-17776,0,-141.173,-137,1.58106
57884, 1048.39, 47, -1,-1,-1,60.7806,1.83536,0.015849,8.68e+08,11,125000,1,0,-19.3359,-18885.3,0,-142.282,-135,0.790528
57886, 1049.35, 58, -1,-1,-1,62.6808,-4.27248,0.015849,8.68e+08,12,125000,1,0,-19.3266,-18991.6,0,-142.279,-137,1.58106
57893, 1049.71, 6, -1,-1,-1,57.9389,19.5301,0.019953,8.68e+08,12,125000,1,0,-22.3748,-17860.8,0,-142.038,-137,1.58106
57900, 1050.28, 14, -1,-1,-1,53.9616,-4.16799,0.025119,8.68e+08,10,125000,1,0,-14.6305,-19317.3,0,-139.005,-133,0.436224
57902, 1050.49, 3, -1,-1,-1,38.8081,-3.66631,0.019953,8.68e+08,11,125000,1,0,-6.39649,-18149.3,0,-137.479,-135,0.790528
58039, 1052.03, 23, -1,-1,-1,52.3551,9.17867,0.015849,8.68e+08,11,125000,1,0,-17.4949,-18312.4,0,-141.8,-135,0.790528
58041, 1052.28, 59, -1,-1,-1,70.3446,16.3551,0.019953,8.68e+08,10,125000,1,0,-26.1551,-18084,0,-142.899,-133,0.436224
58063, 1053.43, 33, -1,-1,-1,48.5351,16.7675,0.019953,8.68e+08,10,125000,1,0,-18.8366,-17228.1,0,-141.157,-133,0.436224
58065, 1053.58, 12, -1,-1,-1,53.1839,-3.87715,0.019953,8.68e+08,12,125000,1,0,-14.3557,-19323.4,0,-139.926,-137,1.58106
58092, 1054.05, 21, -1,-1,-1,40.7647,-7.46535,0.025119,8.68e+08,10,125000,1,0,-6.08057,-19084.6,0,-136.373,-133,0.436224
58094, 1054.06, 45, -1,-1,-1,49.1516,25.5874,0.025119,8.68e+08,12,125000,1,0,-22.2661,-16516,0,-141.014,-137,1.58106
58096, 1054.18, 48, -1,-1,-1,56.6076,12.8569,0.015849,8.68e+08,10,125000,1,0,-20.2941,-18298.3,0,-142.527,-133,0.436224
58098, 1054.2, 46, -1,-1,-1,54.0139,24.7077,0.019953,8.68e+08,11,125000,1,0,-23.0532,-17224.5,0,-142.199,-135,0.790528
58105, 1054.35, 40, -1,-1,-1,59.1236,25.6898,0.015849,8.68e+08,10,125000,1,0,-24.6211,-17589.3,0,-143.56,-133,0.436224
58107, 1054.74, 54, -1,-1,-1,31.4019,-15.4743,0.015849,8.68e+08,11,125000,1,0,5.02888,-18950.4,0,-134.657,-135,0.790528
58109, 1054.77, 22, -1,-1,-1,51.0484,10.8218,0.025119,8.68e+08,10,125000,1,0,-17.632,-18094.1,0,-139.837,-133,0.436224
58116, 1054.96, 27, -1,-1,-1,50.9263,3.96498,0.019953,8.68e+08,12,125000,1,0,-15.3751,-18688.9,0,-140.217,-137,1.58106
58123, 1055.49, 55, -1,-1,-1,29.3409,-14.2582,0.025119,8.68e+08,12,125000,1,0,6.19011,-18028.8,0,-132.278,-137,1.58106
58125, 1055.67, 35, -1,-1,-1,44.8964,23.9506,0.019953,8.68e+08,11,125000,1,0,-20.8731,-15958.8,0,-141.675,-135,0.790528
58132, 1056.12, 37, -1,-1,-1,40.6397,25.2461,0.019953,8.68e+08,10,125000,1,0,-20.7548,-14943.2,0,-141.647,-133,0.436224
58134, 1056.23, 13, -1,-1,-1,57.1683,-5.07194,0.015849,8.68e+08,11,125000,1,0,-16.4657,-19330.9,0,-141.518,-135,0.790528
58146, 1057.41, 36, -1,-1,-1,42.8721,21.2682,0.025119,8.68e+08,11,125000,1,0,-19.3962,-15831.8,0,-140.303,-135,0.790528
58153, 1057.69, 1, -1,-1,-1,49.3743,3.30528,0.015849,8.68e+08,11,125000,1,0,-14.6019,-18680.6,0,-140.998,-135,0.790528
58165, 1058.34, 24, -1,-1,-1,49.1334,13.5818,0.015849,8.68e+08,10,125000,1,0,-18.0387,-17670.8,0,-141.946,-133,0.436224
58167, 1058.43, 8, -1,-1,-1,60.9564,9.93245,0.015849,8.68e+08,11,125000,1,0,-21.4495,-18594.7,0,-142.813,-135,0.790528
58174, 1058.86, 17, -1,-1,-1,49.9949,1.85453,0.025119,8.68e+08,11,125000,1,0,-14.4893,-18865.7,0,-138.966,-135,0.790528
58181, 1060.3, 50, -1,-1,-1,39.8689,16.152,0.019953,8.68e+08,11,125000,1,0,-16.5386,-15739.2,0,-140.545,-135,0.790528
58183, 1060.37, 18, -1,-1,-1,41.6718,4.40735,0.025119,8.68e+08,12,125000,1,0,-11.7478,-17608.2,0,-138.163,-137,1.58106
58200, 1060.88, 10, -1,-1,-1,29.0987,31.7557,0.015849,8.68e+08,10,125000,1,0,-23.2224,-11115.2,0,-143.242,-133,0.436224
58207, 1061.23, 25, -1,-1,-1,47.4666,6.98245,0.025119,8.68e+08,10,125000,1,0,-15.1793,-17950.5,0,-139.163,-133,0.436224
58209, 1061.37, 3, -1,-1,-1,38.8081,-3.66631,0.019953,8.68e+08,11,125000,1,0,-6.89305,-18111.1,0,-137.639,-135,0.790528
58211, 1061.56, 14, -1,-1,-1,53.9616,-4.16799,0.025119,8.68e+08,10,125000,1,0,-15.0996,-19181.8,0,-139.137,-133,0.436224
58218, 1063.14, 6, -1,-1,-1,57.9389,19.5301,0.019953,8.68e+08,12,125000,1,0,-22.8656,-17729.1,0,-142.154,-137,1.58106
58225, 1064.61, 7, -1,-1,-1,48.8156,14.5218,0.025119,8.68e+08,10,125000,1,0,-18.5022,-17376.6,0,-140.068,-133,0.436224
58232, 1066.61, 31, -1,-1,-1,55.2698,20.8384,0.019953,8.68e+08,12,125000,1,0,-22.5751,-17495.3,0,-142.085,-137,1.58106
58244, 1068.99, 58, -1,-1,-1,62.6808,-4.27248,0.015849,8.68e+08,12,125000,1,0,-20.0974,-18896.6,0,-142.474,-137,1.58106
58251, 1069.51, 9, -1,-1,-1,38.2779,25.7475,0.015849,8.68e+08,11,125000,1,0,-21.0566,-14292.9,0,-142.721,-135,0.790528
58253, 1069.68, 16, -1,-1,-1,42.7786,6.94506,0.019953,8.68e+08,10,125000,1,0,-13.6637,-17402,0,-139.73,-133,0.436224
58260, 1070.14, 48, -1,-1,-1,56.6076,12.8569,0.015849,8.68e+08,10,125000,1,0,-20.8928,-18197.5,0,-142.676,-133,0.436224
58272, 1072.02, 33, -1,-1,-1,48.5351,16.7675,0.019953,8.68e+08,10,125000,1,0,-19.4997,-17209.4,0,-141.327,-133,0.436224
58279, 1072.54, 10, -1,-1,-1,29.0987,31.7557,0.015849,8.68e+08,10,125000,1,0,-23.4911,-11345.3,0,-143.305,-133,0.436224
58281, 1072.75, 47, -1,-1,-1,60.7806,1.83536,0.015849,8.68e+08,11,125000,1,0,-20.2854,-18833.7,0,-142.522,-135,0.790528
58288, 1073.6, 23, -1,-1,-1,52.3551,9.17867,0.015849,8.68e+08,11,125000,1,0,-18.3198,-18289.7,0,-142.018,-135,0.790528
58300, 1076.18, 1, -1,-1,-1,49.3743,3.30528,0.015849,8.68e+08,11,125000,1,0,-15.3421,-18642.5,0,-141.207,-135,0.790528
58302, 1076.49, 3, -1,-1,-1,38.8081,-3.66631,0.019953,8.68e+08,11,125000,1,0,-7.57583,-18328.6,0,-137.859,-135,0.790528
58309, 1077.29, 21, -1,-1,-1,40.7647,-7.46535,0.025119,8.68e+08,10,125000,1,0,-7.1943,-19158.1,0,-136.734,-133,0.436224
58326, 1078.65, 13, -1,-1,-1,57.1683,-5.07194,0.015849,8.68e+08,11,125000,1,0,-17.375,-19272.8,0,-141.763,-135,0.790528
58328, 1078.73, 37, -1,-1,-1,40.6397,25.2461,0.019953,8.68e+08,10,125000,1,0,-21.448,-15047.9,0,-141.816,-133,0.436224
58330, 1078.91, 27, -1,-1,-1,50.9263,3.96498,0.019953,8.68e+08,12,125000,1,0,-16.3262,-18692.5,0,-140.48,-137,1.58106
58347, 1081.95, 8, -1,-1,-1,60.9564,9.93245,0.015849,8.68e+08,11,125000,1,0,-22.3385,-18281.4,0,-143.026,-135,0.790528
58349, 1081.96, 17, -1,-1,-1,49.9949,1.85453,0.025119,8.68e+08,11,125000,1,0,-15.4221,-18637.2,0,-139.228,-135,0.790528
58351, 1082.5, 18, -1,-1,-1,41.6718,4.40735,0.025119,8.68e+08,12,125000,1,0,-12.6172,-17490.1,0,-138.421,-137,1.58106
58358, 1085.98, 33, -1,-1,-1,48.5351,16.7675,0.019953,8.68e+08,10,125000,1,0,-19.9959,-17129.3,0,-141.452,-133,0.436224
58370, 1088.47, 48, -1,-1,-1,56.6076,12.8569,0.015849,8.68e+08,10,125000,1,0,-21.5769,-18114.1,0,-142.843,-133,0.436224
58372, 1088.64, 10, -1,-1,-1,29.0987,31.7557,0.015849,8.68e+08,10,125000,1,0,-23.8649,-11401.8,0,-143.39,-133,0.436224
58384, 1092.95, 3, -1,-1,-1,38.8081,-3.66631,0.019953,8.68e+08,11,125000,1,0,-8.3086,-18353.9,0,-138.092,-135,0.790528
58386, 1093.06, 18, -1,-1,-1,41.6718,4.40735,0.025119,8.68e+08,12,125000,1,0,-13.0291,-17632.8,0,-138.543,-137,1.58106
58393, 1094.12, 9, -1,-1,-1,38.2779,25.7475,0.015849,8.68e+08,11,125000,1,0,-21.7823,-14445.5,0,-142.897,-135,0.790528
58400, 1096.25, 37, -1,-1,-1,40.6397,25.2461,0.019953,8.68e+08,10,125000,1,0,-21.9862,-15064.4,0,-141.946,-133,0.436224
58407, 1097.71, 17, -1,-1,-1,49.9949,1.85453,0.025119,8.68e+08,11,125000,1,0,-16.0516,-18786.4,0,-139.403,-135,0.790528
58414, 1100.6, 1, -1,-1,-1,49.3743,3.30528,0.015849,8.68e+08,11,125000,1,0,-16.3086,-18655.1,0,-141.474,-135,0.790528
58541, 1105.21, 18, -1,-1,-1,41.6718,4.40735,0.025119,8.68e+08,12,125000,1,0,-13.5004,-17575,0,-138.68,-137,1.58106
58548, 1109.18, 48, -1,-1,-1,56.6076,12.8569,0.015849,8.68e+08,10,125000,1,0,-22.3447,-18047.8,0,-143.027,-133,0.436224
58555, 1111.97, 9, -1,-1,-1,38.2779,25.7475,0.015849,8.68e+08,11,125000,1,0,-22.3103,-14477.6,0,-143.024,-135,0.790528
58562, 1123.63, 9, -1,-1,-1,38.2779,25.7475,0.015849,8.68e+08,11,125000,1,0,-22.6557,-14404.7,0,-143.105,-135,0.790528
