run,type,module,name,attrname,attrvalue,vectime,vecvalue
General-359-20260805-18:57:02-87901,runattr,,,configname,General,,
General-359-20260805-18:57:02-87901,runattr,,,datetime,20260805-18:57:02,,
General-359-20260805-18:57:02-87901,runattr,,,datetimef,20260805-185702,,
General-359-20260805-18:57:02-87901,runattr,,,experiment,General,,
General-359-20260805-18:57:02-87901,runattr,,,inifile,Test_MLModel_8.ini,,
General-359-20260805-18:57:02-87901,runattr,,,iterationvars,"$myraan=195, $threshold=0.60, $0=92115",,
General-359-20260805-18:57:02-87901,runattr,,,iterationvarsd,myraan=195/threshold=0.60/92115,,
General-359-20260805-18:57:02-87901,runattr,,,iterationvarsf,"myraan=195,threshold=0.60,92115-",,
General-359-20260805-18:57:02-87901,runattr,,,measurement,"$myraan=195, $threshold=0.60, $0=92115",,
General-359-20260805-18:57:02-87901,runattr,,,network,Florasat.Test_Individual.Florasat_Individual_Sats,,
General-359-20260805-18:57:02-87901,runattr,,,processid,87901,,
General-359-20260805-18:57:02-87901,runattr,,,repetition,9,,
General-359-20260805-18:57:02-87901,runattr,,,replication,#9,,
General-359-20260805-18:57:02-87901,runattr,,,resultdir,results,,
General-359-20260805-18:57:02-87901,runattr,,,runnumber,359,,
General-359-20260805-18:57:02-87901,runattr,,,seedset,359,,
General-359-20260805-18:57:02-87901,itervar,,,myraan,195,,
General-359-20260805-18:57:02-87901,itervar,,,threshold,0.60,,
General-359-20260805-18:57:02-87901,config,,,*.stats_altitude,670,,
General-359-20260805-18:57:02-87901,config,,,*.stats_raan,185,,
General-359-20260805-18:57:02-87901,config,,,image-path,../../images:../../../../samples/inet4.5_2/images,,
General-359-20260805-18:57:02-87901,config,,,network,Florasat.Test_Individual.Florasat_Individual_Sats,,
General-359-20260805-18:57:02-87901,config,,,rng-class,cMersenneTwister,,
General-359-20260805-18:57:02-87901,config,,,*.**.result-recording-modes,-,,
General-359-20260805-18:57:02-87901,config,,,**.result-recording-modes,-,,
General-359-20260805-18:57:02-87901,config,,,**.statistic-recording,true,,
General-359-20260805-18:57:02-87901,config,,,**.scalar-recording,true,,
General-359-20260805-18:57:02-87901,config,,,**.vector-recording,true,,
General-359-20260805-18:57:02-87901,config,,,**.vector-record-eventnumbers,true,,
General-359-20260805-18:57:02-87901,config,,,repeat,10,,
General-359-20260805-18:57:02-87901,config,,,seed-0-mt,92115,,
General-359-20260805-18:57:02-87901,config,,,sim-time-limit,749s,,
General-359-20260805-18:57:02-87901,config,,,simtime-resolution,-11,,
General-359-20260805-18:57:02-87901,config,,,**.stats_altitude,670,,
General-359-20260805-18:57:02-87901,config,,,**.stats_raan,185,,
General-359-20260805-18:57:02-87901,config,,,*.radioMedium.backgroundNoise.power,-110dBm,,
General-359-20260805-18:57:02-87901,config,,,*.radioMedium.mediumLimitCache.centerFrequency,868MHz,,
General-359-20260805-18:57:02-87901,config,,,*.radioMedium.mediumLimitCache.maxTransmissionDuration,4s,,
General-359-20260805-18:57:02-87901,config,,,*.radioMedium.mediumLimitCache.minInterferenceTime,0s,,
General-359-20260805-18:57:02-87901,config,,,**.numSatellites,1,,
General-359-20260805-18:57:02-87901,config,,,*.satellite[*].mobilityType,"""Sat_Mob_SatelliteMobility_Standalone""",,
General-359-20260805-18:57:02-87901,config,,,*.satellite[*].noradModuleType,"""Sat_Mob_NoradA""",,
General-359-20260805-18:57:02-87901,config,,,**.satellite[*].**.initFromDisplayString,false,,
General-359-20260805-18:57:02-87901,config,,,*.satellite[*].mobility.faceForward,true,,
General-359-20260805-18:57:02-87901,config,,,*.satellite[*].mobility.updateInterval,20s,,
General-359-20260805-18:57:02-87901,config,,,*.satellite[*].NoradModule.satName,"""FLoRaSat""",,
General-359-20260805-18:57:02-87901,config,,,*.satellite[*].NoradModule.satIndex,-1,,
General-359-20260805-18:57:02-87901,config,,,*.satellite[*].NoradModule.baseYear,20,,
General-359-20260805-18:57:02-87901,config,,,*.satellite[*].NoradModule.baseDay,1.5,,
General-359-20260805-18:57:02-87901,config,,,*.satellite[*].NoradModule.planes,1,,
General-359-20260805-18:57:02-87901,config,,,*.satellite[*].NoradModule.satPerPlane,1,,
General-359-20260805-18:57:02-87901,config,,,*.satellite[*].NoradModule.eccentricity,0.000001,,
General-359-20260805-18:57:02-87901,config,,,*.satellite[*].NoradModule.inclination,98,,
General-359-20260805-18:57:02-87901,config,,,*.satellite[*].NoradModule.altitude,670,,
General-359-20260805-18:57:02-87901,config,,,*.satellite[0].NoradModule.raan,195,,
General-359-20260805-18:57:02-87901,config,,,*.satellite[0].NoradModule.meanAnomaly,195,,
General-359-20260805-18:57:02-87901,config,,,*.satellite[*].phyDSL.radio.receiver.enableCollisionOverlap,true,,
General-359-20260805-18:57:02-87901,config,,,*.satellite[*].phyDSL.radio.receiver.minCollisionOverlap,0s,,
General-359-20260805-18:57:02-87901,config,,,*.satellite[*].phyDSL.radio.antenna.typename,ConstantGainAntenna,,
General-359-20260805-18:57:02-87901,config,,,*.satellite[*].phyDSL.radio.antenna.mobilityModule,"""^.^.^.mobility""",,
General-359-20260805-18:57:02-87901,config,,,*.satellite[*].phyISL.radio.antenna.mobilityModule,"""^.^.^.mobility""",,
General-359-20260805-18:57:02-87901,config,,,*.satellite[*].phyGSL.radio.antenna.mobilityModule,"""^.^.^.mobility""",,
General-359-20260805-18:57:02-87901,config,,,*.satellite[*].phyDSL.radio.antenna.gain,12dB,,
General-359-20260805-18:57:02-87901,config,,,*.satellite[*].net.routingType,"""Null_Routing""",,
General-359-20260805-18:57:02-87901,config,,,*.terminal[*].net.routingType,"""Ter_Null_Routing""",,
General-359-20260805-18:57:02-87901,config,,,*.**.numGroundLinks,40,,
General-359-20260805-18:57:02-87901,config,,,*.satellite[*].**.interfaceTableModule,"""""",,
General-359-20260805-18:57:02-87901,config,,,**.radioMedium.typename,LoRaMedium,,
General-359-20260805-18:57:02-87901,config,,,**.radioMedium.analogModel.typename,LoRaAnalogModel,,
General-359-20260805-18:57:02-87901,config,,,**.intraPlaneIslDisabled,false,,
General-359-20260805-18:57:02-87901,config,,,**.interPlaneIslDisabled,false,,
General-359-20260805-18:57:02-87901,config,,,**.numTerminals,60,,
General-359-20260805-18:57:02-87901,config,,,*.terminal[*].phy.radio.antenna.mobilityModule,"""^.^.^.mob""",,
General-359-20260805-18:57:02-87901,config,,,*.terminal[*].dlk.mac.interfaceTableModule,"""""",,
General-359-20260805-18:57:02-87901,config,,,*.terminal[*].dlk.energySourceModule,"""""",,
General-359-20260805-18:57:02-87901,config,,,*.terminal[*].dlk.mac.LoRaTP,"intuniform(12, 14)",,
General-359-20260805-18:57:02-87901,config,,,*.terminal[*].dlk.mac.LoRaSF,"intuniform(10, 12)",,
General-359-20260805-18:57:02-87901,config,,,*.terminal[*].dlk.mac.useMLBox,true,,
General-359-20260805-18:57:02-87901,config,,,*.terminal[*].dlk.mac.mlBox.modelPath,"""/home/ylnner/Documents/omnet++/omnetpp-6.3.0/projects/florasat_v4_ult_routing/simulations/Test_Individual/mlmodels/transformer_scripted.pt""",,
General-359-20260805-18:57:02-87901,config,,,*.terminal[*].dlk.mac.mlBox.threshold,0.60,,
General-359-20260805-18:57:02-87901,config,,,*.terminal[*].dlk.mac.mlBox.coldStart,true,,
General-359-20260805-18:57:02-87901,config,,,**.numberOfPacketsToSend,0,,
General-359-20260805-18:57:02-87901,config,,,**.timeToFirstPacket,1s,,
General-359-20260805-18:57:02-87901,config,,,**.timeToNextPacket,115s,,
General-359-20260805-18:57:02-87901,config,,,*.terminal[0].mob.radius,0.0,,
General-359-20260805-18:57:02-87901,config,,,*.terminal[0].mob.centerLatitude,54.978,,
General-359-20260805-18:57:02-87901,config,,,*.terminal[0].mob.centerLongitude,-1.617,,
General-359-20260805-18:57:02-87901,config,,,*.terminal[1].mob.radius,0.0,,
General-359-20260805-18:57:02-87901,config,,,*.terminal[1].mob.centerLatitude,52.630,,
General-359-20260805-18:57:02-87901,config,,,*.terminal[1].mob.centerLongitude,-1.139,,
General-359-20260805-18:57:02-87901,config,,,*.terminal[2].mob.radius,0.0,,
General-359-20260805-18:57:02-87901,config,,,*.terminal[2].mob.centerLatitude,52.612,,
General-359-20260805-18:57:02-87901,config,,,*.terminal[2].mob.centerLongitude,-6.295,,
General-359-20260805-18:57:02-87901,config,,,*.terminal[3].mob.radius,0.0,,
General-359-20260805-18:57:02-87901,config,,,*.terminal[3].mob.centerLatitude,47.243,,
General-359-20260805-18:57:02-87901,config,,,*.terminal[3].mob.centerLongitude,6.024,,
General-359-20260805-18:57:02-87901,config,,,*.terminal[4].mob.radius,0.0,,
General-359-20260805-18:57:02-87901,config,,,*.terminal[4].mob.centerLatitude,43.610,,
General-359-20260805-18:57:02-87901,config,,,*.terminal[4].mob.centerLongitude,3.876,,
General-359-20260805-18:57:02-87901,config,,,*.terminal[5].mob.radius,0.0,,
General-359-20260805-18:57:02-87901,config,,,*.terminal[5].mob.centerLatitude,49.443,,
General-359-20260805-18:57:02-87901,config,,,*.terminal[5].mob.centerLongitude,1.099,,
General-359-20260805-18:57:02-87901,config,,,*.terminal[6].mob.radius,0.0,,
General-359-20260805-18:57:02-87901,config,,,*.terminal[6].mob.centerLatitude,37.992,,
General-359-20260805-18:57:02-87901,config,,,*.terminal[6].mob.centerLongitude,-1.130,,
General-359-20260805-18:57:02-87901,config,,,*.terminal[7].mob.radius,0.0,,
General-359-20260805-18:57:02-87901,config,,,*.terminal[7].mob.centerLatitude,40.965,,
General-359-20260805-18:57:02-87901,config,,,*.terminal[7].mob.centerLongitude,-5.664,,
General-359-20260805-18:57:02-87901,config,,,*.terminal[8].mob.radius,0.0,,
General-359-20260805-18:57:02-87901,config,,,*.terminal[8].mob.centerLatitude,40.657,,
General-359-20260805-18:57:02-87901,config,,,*.terminal[8].mob.centerLongitude,-7.914,,
General-359-20260805-18:57:02-87901,config,,,*.terminal[9].mob.radius,0.0,,
General-359-20260805-18:57:02-87901,config,,,*.terminal[9].mob.centerLatitude,51.340,,
General-359-20260805-18:57:02-87901,config,,,*.terminal[9].mob.centerLongitude,12.373,,
General-359-20260805-18:57:02-87901,config,,,*.terminal[10].mob.radius,0.0,,
General-359-20260805-18:57:02-87901,config,,,*.terminal[10].mob.centerLatitude,51.455,,
General-359-20260805-18:57:02-87901,config,,,*.terminal[10].mob.centerLongitude,7.011,,
General-359-20260805-18:57:02-87901,config,,,*.terminal[11].mob.radius,0.0,,
General-359-20260805-18:57:02-87901,config,,,*.terminal[11].mob.centerLatitude,49.452,,
General-359-20260805-18:57:02-87901,config,,,*.terminal[11].mob.centerLongitude,11.076,,
General-359-20260805-18:57:02-87901,config,,,*.terminal[12].mob.radius,0.0,,
General-359-20260805-18:57:02-87901,config,,,*.terminal[12].mob.centerLatitude,43.769,,
General-359-20260805-18:57:02-87901,config,,,*.terminal[12].mob.centerLongitude,11.255,,
General-359-20260805-18:57:02-87901,config,,,*.terminal[13].mob.radius,0.0,,
General-359-20260805-18:57:02-87901,config,,,*.terminal[13].mob.centerLatitude,41.117,,
General-359-20260805-18:57:02-87901,config,,,*.terminal[13].mob.centerLongitude,16.871,,
General-359-20260805-18:57:02-87901,config,,,*.terminal[14].mob.radius,0.0,,
General-359-20260805-18:57:02-87901,config,,,*.terminal[14].mob.centerLatitude,52.132,,
General-359-20260805-18:57:02-87901,config,,,*.terminal[14].mob.centerLongitude,5.291,,
General-359-20260805-18:57:02-87901,config,,,*.terminal[15].mob.radius,0.0,,
General-359-20260805-18:57:02-87901,config,,,*.terminal[15].mob.centerLatitude,50.411,,
General-359-20260805-18:57:02-87901,config,,,*.terminal[15].mob.centerLongitude,4.444,,
General-359-20260805-18:57:02-87901,config,,,*.terminal[16].mob.radius,0.0,,
General-359-20260805-18:57:02-87901,config,,,*.terminal[16].mob.centerLatitude,47.559,,
General-359-20260805-18:57:02-87901,config,,,*.terminal[16].mob.centerLongitude,7.588,,
General-359-20260805-18:57:02-87901,config,,,*.terminal[17].mob.radius,0.0,,
General-359-20260805-18:57:02-87901,config,,,*.terminal[17].mob.centerLatitude,55.403,,
General-359-20260805-18:57:02-87901,config,,,*.terminal[17].mob.centerLongitude,10.402,,
General-359-20260805-18:57:02-87901,config,,,*.terminal[18].mob.radius,0.0,,
General-359-20260805-18:57:02-87901,config,,,*.terminal[18].mob.centerLatitude,59.858,,
General-359-20260805-18:57:02-87901,config,,,*.terminal[18].mob.centerLongitude,17.638,,
General-359-20260805-18:57:02-87901,config,,,*.terminal[19].mob.radius,0.0,,
General-359-20260805-18:57:02-87901,config,,,*.terminal[19].mob.centerLatitude,60.451,,
General-359-20260805-18:57:02-87901,config,,,*.terminal[19].mob.centerLongitude,22.266,,
General-359-20260805-18:57:02-87901,config,,,*.terminal[20].mob.radius,0.0,,
General-359-20260805-18:57:02-87901,config,,,*.terminal[20].mob.centerLatitude,56.325,,
General-359-20260805-18:57:02-87901,config,,,*.terminal[20].mob.centerLongitude,22.349,,
General-359-20260805-18:57:02-87901,config,,,*.terminal[21].mob.radius,0.0,,
General-359-20260805-18:57:02-87901,config,,,*.terminal[21].mob.centerLatitude,49.883,,
General-359-20260805-18:57:02-87901,config,,,*.terminal[21].mob.centerLongitude,18.568,,
General-359-20260805-18:57:02-87901,config,,,*.terminal[22].mob.radius,0.0,,
General-359-20260805-18:57:02-87901,config,,,*.terminal[22].mob.centerLatitude,47.531,,
General-359-20260805-18:57:02-87901,config,,,*.terminal[22].mob.centerLongitude,21.627,,
General-359-20260805-18:57:02-87901,config,,,*.terminal[23].mob.radius,0.0,,
General-359-20260805-18:57:02-87901,config,,,*.terminal[23].mob.centerLatitude,44.179,,
General-359-20260805-18:57:02-87901,config,,,*.terminal[23].mob.centerLongitude,28.649,,
General-359-20260805-18:57:02-87901,config,,,*.terminal[24].mob.radius,0.0,,
General-359-20260805-18:57:02-87901,config,,,*.terminal[24].mob.centerLatitude,45.327,,
General-359-20260805-18:57:02-87901,config,,,*.terminal[24].mob.centerLongitude,14.442,,
General-359-20260805-18:57:02-87901,config,,,*.terminal[25].mob.radius,0.0,,
General-359-20260805-18:57:02-87901,config,,,*.terminal[25].mob.centerLatitude,40.694,,
General-359-20260805-18:57:02-87901,config,,,*.terminal[25].mob.centerLongitude,30.400,,
General-359-20260805-18:57:02-87901,config,,,*.terminal[26].mob.radius,0.0,,
General-359-20260805-18:57:02-87901,config,,,*.terminal[26].mob.centerLatitude,37.066,,
General-359-20260805-18:57:02-87901,config,,,*.terminal[26].mob.centerLongitude,37.383,,
General-359-20260805-18:57:02-87901,config,,,*.terminal[27].mob.radius,0.0,,
General-359-20260805-18:57:02-87901,config,,,*.terminal[27].mob.centerLatitude,64.836,,
General-359-20260805-18:57:02-87901,config,,,*.terminal[27].mob.centerLongitude,-23.708,,
General-359-20260805-18:57:02-87901,config,,,*.terminal[28].mob.radius,0.0,,
General-359-20260805-18:57:02-87901,config,,,*.terminal[28].mob.centerLatitude,28.099,,
General-359-20260805-18:57:02-87901,config,,,*.terminal[28].mob.centerLongitude,-17.113,,
General-359-20260805-18:57:02-87901,config,,,*.terminal[29].mob.radius,0.0,,
General-359-20260805-18:57:02-87901,config,,,*.terminal[29].mob.centerLatitude,34.921,,
General-359-20260805-18:57:02-87901,config,,,*.terminal[29].mob.centerLongitude,33.623,,
General-359-20260805-18:57:02-87901,config,,,*.terminal[30].mob.radius,0.0,,
General-359-20260805-18:57:02-87901,config,,,*.terminal[30].mob.centerLatitude,55.953,,
General-359-20260805-18:57:02-87901,config,,,*.terminal[30].mob.centerLongitude,-3.188,,
General-359-20260805-18:57:02-87901,config,,,*.terminal[31].mob.radius,0.0,,
General-359-20260805-18:57:02-87901,config,,,*.terminal[31].mob.centerLatitude,51.481,,
General-359-20260805-18:57:02-87901,config,,,*.terminal[31].mob.centerLongitude,-3.179,,
General-359-20260805-18:57:02-87901,config,,,*.terminal[32].mob.radius,0.0,,
General-359-20260805-18:57:02-87901,config,,,*.terminal[32].mob.centerLatitude,53.349,,
General-359-20260805-18:57:02-87901,config,,,*.terminal[32].mob.centerLongitude,-6.260,,
General-359-20260805-18:57:02-87901,config,,,*.terminal[33].mob.radius,0.0,,
General-359-20260805-18:57:02-87901,config,,,*.terminal[33].mob.centerLatitude,45.764,,
General-359-20260805-18:57:02-87901,config,,,*.terminal[33].mob.centerLongitude,4.835,,
General-359-20260805-18:57:02-87901,config,,,*.terminal[34].mob.radius,0.0,,
General-359-20260805-18:57:02-87901,config,,,*.terminal[34].mob.centerLatitude,48.573,,
General-359-20260805-18:57:02-87901,config,,,*.terminal[34].mob.centerLongitude,7.752,,
General-359-20260805-18:57:02-87901,config,,,*.terminal[35].mob.radius,0.0,,
General-359-20260805-18:57:02-87901,config,,,*.terminal[35].mob.centerLatitude,44.837,,
General-359-20260805-18:57:02-87901,config,,,*.terminal[35].mob.centerLongitude,-0.579,,
General-359-20260805-18:57:02-87901,config,,,*.terminal[36].mob.radius,0.0,,
General-359-20260805-18:57:02-87901,config,,,*.terminal[36].mob.centerLatitude,41.385,,
General-359-20260805-18:57:02-87901,config,,,*.terminal[36].mob.centerLongitude,2.173,,
General-359-20260805-18:57:02-87901,config,,,*.terminal[37].mob.radius,0.0,,
General-359-20260805-18:57:02-87901,config,,,*.terminal[37].mob.centerLatitude,41.157,,
General-359-20260805-18:57:02-87901,config,,,*.terminal[37].mob.centerLongitude,-8.629,,
General-359-20260805-18:57:02-87901,config,,,*.terminal[38].mob.radius,0.0,,
General-359-20260805-18:57:02-87901,config,,,*.terminal[38].mob.centerLatitude,37.389,,
General-359-20260805-18:57:02-87901,config,,,*.terminal[38].mob.centerLongitude,-5.984,,
General-359-20260805-18:57:02-87901,config,,,*.terminal[39].mob.radius,0.0,,
General-359-20260805-18:57:02-87901,config,,,*.terminal[39].mob.centerLatitude,53.551,,
General-359-20260805-18:57:02-87901,config,,,*.terminal[39].mob.centerLongitude,9.993,,
General-359-20260805-18:57:02-87901,config,,,*.terminal[40].mob.radius,0.0,,
General-359-20260805-18:57:02-87901,config,,,*.terminal[40].mob.centerLatitude,48.135,,
General-359-20260805-18:57:02-87901,config,,,*.terminal[40].mob.centerLongitude,11.582,,
General-359-20260805-18:57:02-87901,config,,,*.terminal[41].mob.radius,0.0,,
General-359-20260805-18:57:02-87901,config,,,*.terminal[41].mob.centerLatitude,50.110,,
General-359-20260805-18:57:02-87901,config,,,*.terminal[41].mob.centerLongitude,8.682,,
General-359-20260805-18:57:02-87901,config,,,*.terminal[42].mob.radius,0.0,,
General-359-20260805-18:57:02-87901,config,,,*.terminal[42].mob.centerLatitude,45.464,,
General-359-20260805-18:57:02-87901,config,,,*.terminal[42].mob.centerLongitude,9.190,,
General-359-20260805-18:57:02-87901,config,,,*.terminal[43].mob.radius,0.0,,
General-359-20260805-18:57:02-87901,config,,,*.terminal[43].mob.centerLatitude,40.851,,
General-359-20260805-18:57:02-87901,config,,,*.terminal[43].mob.centerLongitude,14.268,,
General-359-20260805-18:57:02-87901,config,,,*.terminal[44].mob.radius,0.0,,
General-359-20260805-18:57:02-87901,config,,,*.terminal[44].mob.centerLatitude,51.209,,
General-359-20260805-18:57:02-87901,config,,,*.terminal[44].mob.centerLongitude,3.224,,
General-359-20260805-18:57:02-87901,config,,,*.terminal[45].mob.radius,0.0,,
General-359-20260805-18:57:02-87901,config,,,*.terminal[45].mob.centerLatitude,48.208,,
General-359-20260805-18:57:02-87901,config,,,*.terminal[45].mob.centerLongitude,16.373,,
General-359-20260805-18:57:02-87901,config,,,*.terminal[46].mob.radius,0.0,,
General-359-20260805-18:57:02-87901,config,,,*.terminal[46].mob.centerLatitude,52.229,,
General-359-20260805-18:57:02-87901,config,,,*.terminal[46].mob.centerLongitude,21.012,,
General-359-20260805-18:57:02-87901,config,,,*.terminal[47].mob.radius,0.0,,
General-359-20260805-18:57:02-87901,config,,,*.terminal[47].mob.centerLatitude,59.913,,
General-359-20260805-18:57:02-87901,config,,,*.terminal[47].mob.centerLongitude,10.752,,
General-359-20260805-18:57:02-87901,config,,,*.terminal[48].mob.radius,0.0,,
General-359-20260805-18:57:02-87901,config,,,*.terminal[48].mob.centerLatitude,56.949,,
General-359-20260805-18:57:02-87901,config,,,*.terminal[48].mob.centerLongitude,24.105,,
General-359-20260805-18:57:02-87901,config,,,*.terminal[49].mob.radius,0.0,,
General-359-20260805-18:57:02-87901,config,,,*.terminal[49].mob.centerLatitude,59.437,,
General-359-20260805-18:57:02-87901,config,,,*.terminal[49].mob.centerLongitude,24.753,,
General-359-20260805-18:57:02-87901,config,,,*.terminal[50].mob.radius,0.0,,
General-359-20260805-18:57:02-87901,config,,,*.terminal[50].mob.centerLatitude,50.075,,
General-359-20260805-18:57:02-87901,config,,,*.terminal[50].mob.centerLongitude,14.437,,
General-359-20260805-18:57:02-87901,config,,,*.terminal[51].mob.radius,0.0,,
General-359-20260805-18:57:02-87901,config,,,*.terminal[51].mob.centerLatitude,42.697,,
General-359-20260805-18:57:02-87901,config,,,*.terminal[51].mob.centerLongitude,23.321,,
General-359-20260805-18:57:02-87901,config,,,*.terminal[52].mob.radius,0.0,,
General-359-20260805-18:57:02-87901,config,,,*.terminal[52].mob.centerLatitude,45.815,,
General-359-20260805-18:57:02-87901,config,,,*.terminal[52].mob.centerLongitude,15.981,,
General-359-20260805-18:57:02-87901,config,,,*.terminal[53].mob.radius,0.0,,
General-359-20260805-18:57:02-87901,config,,,*.terminal[53].mob.centerLatitude,40.640,,
General-359-20260805-18:57:02-87901,config,,,*.terminal[53].mob.centerLongitude,22.944,,
General-359-20260805-18:57:02-87901,config,,,*.terminal[54].mob.radius,0.0,,
General-359-20260805-18:57:02-87901,config,,,*.terminal[54].mob.centerLatitude,39.933,,
General-359-20260805-18:57:02-87901,config,,,*.terminal[54].mob.centerLongitude,32.859,,
General-359-20260805-18:57:02-87901,config,,,*.terminal[55].mob.radius,0.0,,
General-359-20260805-18:57:02-87901,config,,,*.terminal[55].mob.centerLatitude,38.419,,
General-359-20260805-18:57:02-87901,config,,,*.terminal[55].mob.centerLongitude,27.128,,
General-359-20260805-18:57:02-87901,config,,,*.terminal[56].mob.radius,0.0,,
General-359-20260805-18:57:02-87901,config,,,*.terminal[56].mob.centerLatitude,35.898,,
General-359-20260805-18:57:02-87901,config,,,*.terminal[56].mob.centerLongitude,14.514,,
General-359-20260805-18:57:02-87901,config,,,*.terminal[57].mob.radius,0.0,,
General-359-20260805-18:57:02-87901,config,,,*.terminal[57].mob.centerLatitude,65.683,,
General-359-20260805-18:57:02-87901,config,,,*.terminal[57].mob.centerLongitude,-18.087,,
General-359-20260805-18:57:02-87901,config,,,*.terminal[58].mob.radius,0.0,,
General-359-20260805-18:57:02-87901,config,,,*.terminal[58].mob.centerLatitude,28.463,,
General-359-20260805-18:57:02-87901,config,,,*.terminal[58].mob.centerLongitude,-16.251,,
General-359-20260805-18:57:02-87901,config,,,*.terminal[59].mob.radius,0.0,,
General-359-20260805-18:57:02-87901,config,,,*.terminal[59].mob.centerLatitude,35.185,,
General-359-20260805-18:57:02-87901,config,,,*.terminal[59].mob.centerLongitude,33.382,,
General-359-20260805-18:57:02-87901,config,,,**.numStations,3,,
General-359-20260805-18:57:02-87901,config,,,**.numStations,3,,
General-359-20260805-18:57:02-87901,config,,,*.station[0].mobility.latitude,55.752,,
General-359-20260805-18:57:02-87901,config,,,*.station[0].mobility.longitude,37.616,,
General-359-20260805-18:57:02-87901,config,,,*.station[0].cityName,"""Moscow""",,
General-359-20260805-18:57:02-87901,config,,,*.station[0].groundStationId,7,,
General-359-20260805-18:57:02-87901,config,,,*.station[0].routerAddr,"""10.0.0.29""",,
General-359-20260805-18:57:02-87901,config,,,*.station[0].serving,"""10.0.0.29""",,
General-359-20260805-18:57:02-87901,config,,,*.station[1].mobility.latitude,28.652,,
General-359-20260805-18:57:02-87901,config,,,*.station[1].mobility.longitude,77.231,,
General-359-20260805-18:57:02-87901,config,,,*.station[1].cityName,"""Delhi""",,
General-359-20260805-18:57:02-87901,config,,,*.station[1].groundStationId,11,,
General-359-20260805-18:57:02-87901,config,,,*.station[1].routerAddr,"""10.0.0.45""",,
General-359-20260805-18:57:02-87901,config,,,*.station[1].serving,"""10.0.0.45""",,
General-359-20260805-18:57:02-87901,config,,,*.station[2].mobility.latitude,25.35,,
General-359-20260805-18:57:02-87901,config,,,*.station[2].mobility.longitude,51.24,,
General-359-20260805-18:57:02-87901,config,,,*.station[2].cityName,"""Katar""",,
General-359-20260805-18:57:02-87901,config,,,*.station[2].groundStationId,19,,
General-359-20260805-18:57:02-87901,config,,,*.station[2].routerAddr,"""10.0.0.77""",,
General-359-20260805-18:57:02-87901,config,,,*.station[2].serving,"""10.0.0.77""",,
General-359-20260805-18:57:02-87901,config,,,*.visualizer.canvasVisualizer.mediumVisualizer.typename,,,
General-359-20260805-18:57:02-87901,config,,,*.visualizer.*.radioVisualizer.displayAntennaLobes,true,,
General-359-20260805-18:57:02-87901,config,,,*.visualizer.*.dataLinkVisualizer.displayLinks,true,,
General-359-20260805-18:57:02-87901,config,,,*.visualizer.*.mobilityVisualizer.displayMovementTrails,true,,
General-359-20260805-18:57:02-87901,config,,,*.visualizer.*.mobilityVisualizer.movementTrailLineWidth,1,,
General-359-20260805-18:57:02-87901,config,,,*.visualizer.*.mobilityVisualizer.trailLength,3000,,
General-359-20260805-18:57:02-87901,config,,,**.ttxStart_max,1s,,
General-359-20260805-18:57:02-87901,config,,,**.ttxIdle_min,10s,,
General-359-20260805-18:57:02-87901,config,,,**.ttxIdle_max,15s,,
General-359-20260805-18:57:02-87901,config,,,**.Ntw,1,,
General-359-20260805-18:57:02-87901,config,,,**.Ntx,5,,
General-359-20260805-18:57:02-87901,config,,,**.ttwDuration,100s,,
General-359-20260805-18:57:02-87901,config,,,output-scalar-file,results/results_florasat_ml_trf_no_buffer/transformer-raan-195-th-0.60-General-9.sca,,
General-359-20260805-18:57:02-87901,config,,,output-vector-file,results/results_florasat_ml_trf_no_buffer/transformer-raan-195-th-0.60-General-9.vec,,
General-359-20260805-18:57:02-87901,vector,Florasat_Individual_Sats.terminal[40].dlk.mac,vector_preds_Transformer,,,"1.00945447292 15.84677969059 29.31998248049 41.26095495955 54.59779171459 116.17718564975 129.38947439007 141.88333191024 154.7846832294 168.18852692656 231.30989773478 241.67406417941 253.06012644711 264.95049283071 278.84139038319 346.11653115205 356.37849711068 368.1022211893 380.22191270324 394.89434704138 461.03114164993 475.88675685436 489.59127875254 503.14754885598 514.80642042565 576.59335823706 589.04289853735 599.317113013 614.16432926524 626.89644526667 691.8405337166 706.47593895788 717.7166612877 731.24169144313 741.48751334286","15082001 15082002 15082003 15082004 15082005 15088001 15088002 15088003 15088004 15088005 15094001 15094002 15094003 15094004 15094005 15100001 15100002 15100003 15100004 15100005 15106001 15106002 15106003 15106004 15106005 15112001 15112002 15112003 15112004 15112005 15118001 15118002 15118003 15118004 15118005"
General-359-20260805-18:57:02-87901,vector,Florasat_Individual_Sats.terminal[43].dlk.mac,vector_preds_Transformer,,,"1.01426395704 13.1335690245 25.87244017515 37.17185146873 48.60331865492 116.297715466 130.85853107296 142.03106870199 156.87518229032 168.47061972156 231.04582821345 244.44027193217 258.77779783658 273.70697824029 288.07687012573 346.8552918497 359.8883655956 372.47622323199 384.99099283689 397.59523569816 461.9748437393 475.66932950867 490.58972237049 500.81270826747 515.12759081087 576.06220275862 587.89086834993 602.59814805002 616.8582948111 631.67982532876 691.91579562984 704.64253220614 717.71850838466 728.57728496683 739.176350469","15082301 15082302 15082303 15082304 15082305 15088301 15088302 15088303 15088304 15088305 15094301 15094302 15094303 15094304 15094305 15100301 15100302 15100303 15100304.1 15100305.1 15106301.1 15106302.1 15106303.1 15106304.1 15106305.1 15112301.1 15112302.1 15112303.1 15112304.1 15112305 15118301 15118302 15118303 15118304 15118305"
General-359-20260805-18:57:02-87901,vector,Florasat_Individual_Sats.terminal[3].dlk.mac,vector_preds_Transformer,,,"1.0511981782 14.76268802816 27.64655353781 38.61202208488 48.89051812398 116.75539648416 131.21489019622 146.16751960036 160.2128027766 173.76809843606 231.72803496616 245.81659399811 258.89098934037 270.96762890135 283.48674999572 346.28401179356 358.53780148342 369.57661648538 384.49501961494 396.6731801841 461.04833289655 473.50241140951 487.52832224383 500.34819603339 513.38727391465 576.4753701149 586.95344320801 598.14799430035 613.11262836866 624.9347642432 691.71301122243 704.5721456369 718.25851351559 730.07692545607 741.71678198922","15078301 15078302 15078303 15078304 15078305 15084301 15084302 15084303 15084304 15084305 15090301 15090302 15090303 15090304 15090305 15096301 15096302 15096303 15096304 15096305 15102301 15102302 15102303 15102304 15102305 15108301 15108302 15108303 15108304 15108305 15114301 15114302 15114303 15114304 15114305"
General-359-20260805-18:57:02-87901,vector,Florasat_Individual_Sats.terminal[7].dlk.mac,vector_preds_Transformer,,,"1.06787980627 14.33952616155 27.01680091536 37.20106208208 47.29949689331 116.44042012608 127.58072720585 140.04521107162 153.44508853718 167.49500398385 231.88968878752 246.75505544339 259.87361003459 271.52688387246 283.68132308289 346.07526258216 360.74115380877 375.54631907841 386.45317992544 398.01395826157 461.64164912514 473.41895152558 484.08689605048 496.92868717806 510.58324552117 576.87759737321 587.94673479232 600.0388929348 611.55180762825 624.34083253798 691.65929260105 703.03404662199 716.4955990985 728.11987782153 742.81568905711","15078701 15078702 15078703 15078704 15078705 15084701 15084702 15084703 15084704 15084705 15090701 15090702 15090703 15090704 15090705 15096701 15096702 15096703 15096704 15096705 15102701 15102702 15102703 15102704 15102705 15108701 15108702 15108703 15108704 15108705 15114701 15114702 15114703 15114704 15114705"
General-359-20260805-18:57:02-87901,vector,Florasat_Individual_Sats.terminal[39].dlk.mac,vector_preds_Transformer,,,"1.10804384435 14.88917792077 27.90407294385 41.90293888539 52.96276015324 116.07784721092 127.27616528654 139.58908697729 150.27348704076 161.20845733582 231.06823689211 245.42656675819 257.13205614965 270.31820640456 285.19970995396 346.7978030995 360.4930500295 372.58721940033 383.3533271756 393.96914132917 461.19724261248 473.73528491263 483.96033982536 497.6995376069 509.32845405791 576.41095278994 589.42076026089 600.14970622234 611.95676664681 625.98074251296 691.42208844959 704.32308931905 714.73108307645 724.9943113823 738.9215660696","15081901 15081902 15081903 15081904 15081905 15087901 15087902 15087903 15087904 15087905 15093901.1 15093902.1 15093903.1 15093904.1 15093905.1 15099901.1 15099902.1 15099903 15099904 15099905 15105901 15105902 15105903 15105904 15105905 15111901 15111902 15111903 15111904 15111905 15117901 15117902 15117903 15117904 15117905"
General-359-20260805-18:57:02-87901,vector,Florasat_Individual_Sats.terminal[8].dlk.mac,vector_preds_Transformer,,,"1.11962924246 15.59567415621 27.4599622807 37.85999467946 49.08703147085 116.97860271344 131.19894778146 142.08754881075 156.26990311569 170.09103657701 231.66227248521 245.68602328096 256.72274404928 271.05801297259 283.60770884343 346.71404475393 359.72686790792 372.06608610857 386.62611194235 400.60982976389 461.20171215199 471.35869735899 482.80234645517 493.6560502816 504.29463608703 576.22640441195 590.21832887106 602.95206766016 613.92242614435 625.78604237082 691.55857889401 705.1442447335 719.4435488102 732.49947227025 747.1523955448","15078801 15078802 15078803 15078804 15078805 15084801 15084802 15084803 15084804 15084805 15090801 15090802 15090803 15090804 15090805 15096801 15096802 15096803 15096804 15096805 15102801 15102802 15102803 15102804 15102805 15108801 15108802 15108803 15108804 15108805 15114801 15114802 15114803 15114804 15114805"
General-359-20260805-18:57:02-87901,vector,Florasat_Individual_Sats.terminal[33].dlk.mac,vector_preds_Transformer,,,"1.13112418493 11.77599469479 23.41137323808 37.07394789718 48.13388118101 116.06238061911 130.9393352014 141.04457999929 155.83032886847 169.94873911841 231.8012143001 244.81101642177 259.03449642053 271.91787462146 282.67692600307 346.47134038317 356.63430118165 368.16085706162 380.22639005142 394.97108124359 461.23322220519 475.59235729859 489.93298575398 500.31058356398 514.76189615204 576.92690407368 587.01130514126 597.44883514102 611.13140433421 622.53679125779 691.60123162763 702.81333555211 714.41751459241 724.79991956824 737.46234628349","15081301 15081302 15081303 15081304 15081305 15087301 15087302 15087303 15087304 15087305 15093301 15093302 15093303 15093304 15093305 15099301 15099302 15099303 15099304 15099305 15105301 15105302 15105303 15105304 15105305 15111301 15111302 15111303 15111304 15111305 15117301 15117302 15117303 15117304 15117305"
General-359-20260805-18:57:02-87901,vector,Florasat_Individual_Sats.terminal[18].dlk.mac,vector_preds_Transformer,,,"1.15106932563 13.70651731012 25.58460960142 38.31407745928 52.08652178152 116.03850680008 129.90286751138 141.8498860551 156.78146865172 168.06674694013 231.15223321528 246.09379681456 258.90156113356 273.22524596867 284.51486444147 346.54726197897 356.82344143116 370.66585387755 385.24724330357 398.03726027906 461.4720006932 474.51074774423 489.46443458483 502.46474007191 516.20063658967 576.14580093371 587.63476909441 601.18712348701 613.24893227267 624.49452696788 691.74155511684 705.76189862122 716.00783739495 728.44625305757 742.92185749533","15079801.1 15079802.1 15079803.1 15079804.1 15079805.1 15085801.1 15085802.1 15085803.1 15085804.1 15085805.1 15091801.1 15091802.1 15091803.1 15091804.1 15091805.1 15097801 15097802 15097803 15097804 15097805 15103801 15103802 15103803 15103804 15103805 15109801 15109802 15109803 15109804 15109805 15115801 15115802 15115803 15115804 15115805"
General-359-20260805-18:57:02-87901,vector,Florasat_Individual_Sats.terminal[41].dlk.mac,vector_preds_Transformer,,,"1.17387304618 11.70110724238 22.98466418241 33.57739578537 46.90915668104 116.33184730308 126.864223273 140.53008115151 155.40929381735 170.15716822002 231.80203309492 245.76116403076 258.33234002208 268.93615123909 283.34061541571 346.81665606168 359.62996296072 370.90349140763 381.11122738174 394.63427076535 461.59209203837 473.39958750923 487.62979807379 498.49026288768 512.74420430815 576.56673757639 587.04831756698 600.68417571881 613.18938941625 627.23400272941 691.86341234925 704.50523301353 714.70564030203 729.17068203538 743.64293686207","15082101 15082102 15082103 15082104 15082105 15088101 15088102 15088103 15088104 15088105 15094101 15094102 15094103 15094104 15094105 15100101 15100102 15100103 15100104 15100105 15106101 15106102 15106103 15106104 15106105 15112101 15112102 15112103 15112104 15112105 15118101 15118102 15118103 15118104 15118105"
General-359-20260805-18:57:02-87901,vector,Florasat_Individual_Sats.terminal[5].dlk.mac,vector_preds_Transformer,,,"1.21704925736 13.25495326612 26.75669961679 37.26666588872 47.77114273003 116.90119282808 128.41076796176 139.49710454675 151.90161965671 165.1455121371 231.98109281994 242.40375224547 257.20700181834 268.08626155648 282.82703169668 346.07140047685 356.58338342421 371.47494217009 384.69897318958 398.92075663992 461.69099442218 474.23672869009 487.70971873215 500.00127027182 510.51200608046 576.60046727513 591.27782823402 601.68837836711 613.87812576839 624.34586632299 691.76963013969 702.28017524839 716.9394735645 730.20548793743 744.01166400429","15078501 15078502 15078503 15078504 15078505 15084501 15084502 15084503 15084504 15084505 15090501 15090502 15090503 15090504 15090505 15096501 15096502 15096503 15096504 15096505 15102501 15102502 15102503 15102504 15102505 15108501 15108502 15108503 15108504 15108505 15114501 15114502 15114503 15114504 15114505"
General-359-20260805-18:57:02-87901,vector,Florasat_Individual_Sats.terminal[35].dlk.mac,vector_preds_Transformer,,,"1.22709167562 13.20675491262 25.13286342518 37.80227662669 48.09085886715 116.02010413841 127.86119548557 140.49572806409 151.22454828186 163.57203475501 231.0850854537 241.1559985315 254.79280805844 265.59693456208 276.4832715427 346.64721672609 357.99710539705 368.23577767424 381.98852057405 392.4197718345 461.49845873774 475.21055312897 485.46395362192 499.10918582417 511.09180591139 576.78948360449 588.0962143275 598.36679518875 608.67928649485 623.32582912012 691.26950214291 704.41131065157 718.84746453864 730.4969661918 744.4819464793","15081501 15081502 15081503 15081504 15081505 15087501 15087502 15087503 15087504 15087505 15093501 15093502 15093503 15093504 15093505 15099501 15099502 15099503 15099504 15099505 15105501 15105502 15105503 15105504 15105505 15111501 15111502 15111503 15111504 15111505 15117501 15117502 15117503 15117504 15117505"
General-359-20260805-18:57:02-87901,vector,Florasat_Individual_Sats.terminal[32].dlk.mac,vector_preds_Transformer,,,"1.22720087925 14.22937844344 28.75690989126 39.04214175348 53.75219516852 116.1626251752 130.43184847221 143.12067162943 155.34666622755 168.4708455298 231.41404123697 242.76773021859 257.58796289633 271.88391000917 285.37118924502 346.0769601611 360.48941439856 372.08197031892 385.86612155684 397.91623673541 461.20140343532 474.12110982789 487.4005521657 500.71816055431 515.58853044618 576.99501335225 589.44925617846 604.30258003599 615.03228843631 626.82289153524 691.81127502769 702.94590807473 717.45751395309 727.53489365638 742.06058589928","15081201 15081202 15081203 15081204 15081205 15087201 15087202 15087203 15087204 15087205 15093201 15093202 15093203 15093204 15093205 15099201 15099202 15099203 15099204 15099205 15105201 15105202 15105203 15105204 15105205 15111201 15111202 15111203 15111204 15111205 15117201 15117202 15117203 15117204 15117205"
General-359-20260805-18:57:02-87901,vector,Florasat_Individual_Sats.terminal[56].dlk.mac,vector_preds_Transformer,,,"1.22737139161 13.5169072419 26.91343806731 39.53728036653 53.30447749631 116.40725333383 126.4794700921 137.01333616883 147.1535377358 160.83401199103 231.26579754101 245.68860991089 258.48022479028 269.07819281611 283.56313357176 346.67384036304 359.63607832859 371.76687267679 383.118927398 396.36070449208 461.66117220023 471.88619730017 483.86765418412 497.42788947258 507.47752923589 576.95384730934 587.59314454743 598.29325601342 609.35217536636 624.28385111736 691.3108007987 705.8249460957 719.16436589137 730.91119673616 740.9948948985","15083601 15083602 15083603 15083604 15083605 15089601 15089602 15089603 15089604 15089605 15095601 15095602 15095603 15095604 15095605 15101601 15101602 15101603 15101604 15101605 15107601 15107602 15107603.1 15107604.1 15107605.1 15113601.1 15113602.1 15113603.1 15113604.1 15113605.1 15119601.1 15119602.1 15119603.1 15119604.1 15119605.1"
General-359-20260805-18:57:02-87901,vector,Florasat_Individual_Sats.terminal[47].dlk.mac,vector_preds_Transformer,,,"1.23262915062 16.10565691372 26.16604609415 39.35982986121 52.8275309573 116.18487176881 130.31322868937 142.42892191443 155.74939327129 167.06407226669 231.55601025443 245.60560018174 259.25931318198 274.10481266678 288.16914458411 346.25623607053 358.56719658337 371.89846298866 383.31643660878 395.56677336431 461.81423807424 474.58894180274 487.91127793398 499.54142654687 513.6594717463 576.87392506236 588.35580752999 603.21280368557 618.17491506878 630.92200174299 691.21063875314 701.83498833724 714.84800982685 728.91941212514 742.34202457057","15082701.1 15082702.1 15082703.1 15082704.1 15082705.1 15088701.1 15088702.1 15088703.1 15088704.1 15088705.1 15094701.1 15094702.1 15094703.1 15094704.1 15094705.1 15100701 15100702 15100703 15100704 15100705 15106701 15106702 15106703 15106704 15106705 15112701 15112702 15112703 15112704 15112705 15118701 15118702 15118703 15118704 15118705"
General-359-20260805-18:57:02-87901,vector,Florasat_Individual_Sats.terminal[30].dlk.mac,vector_preds_Transformer,,,"1.26288277144 12.27887904318 26.17626986746 39.67700256198 51.9922281981 116.29945653793 128.62896846211 141.37432184489 155.91923367767 168.0368411641 231.99569147546 246.37969207717 259.28409104701 273.79485350801 285.81387001206 346.13835243648 358.19638772775 370.02509488515 381.48293138622 395.25353636966 461.98553436762 474.98576221732 486.62751779869 497.70371257305 510.57257170534 576.49142334051 590.81672353833 604.28348499862 616.37229660106 628.34929086896 691.63934329152 701.70556708332 712.14526100061 726.37975685625 739.87900891901","15081001 15081002 15081003 15081004 15081005 15087001 15087002 15087003 15087004 15087005 15093001 15093002 15093003 15093004 15093005 15099001 15099002 15099003 15099004 15099005 15105001 15105002 15105003 15105004 15105005 15111001 15111002 15111003 15111004 15111005 15117001 15117002 15117003 15117004 15117005"
General-359-20260805-18:57:02-87901,vector,Florasat_Individual_Sats.terminal[50].dlk.mac,vector_preds_Transformer,,,"1.27133408608 16.19859123067 28.54471648508 41.09216175438 54.54478543648 116.23794626701 127.13924631384 137.60451001954 150.60640805541 160.99266925035 231.05073141004 245.05347984564 257.82687850832 269.76204291987 283.50582341617 346.947343793 359.75606937893 371.58592529944 382.30392054771 392.52817455912 461.63637666148 474.14470882504 484.30151824956 494.72507863888 506.33453607094 576.02812734665 588.53088742355 599.23157948535 610.72128990316 622.93062373297 691.94760841131 702.237367308 715.86348983506 729.15813950636 739.6004021254","15083001 15083002 15083003 15083004 15083005 15089001 15089002 15089003 15089004 15089005 15095001.1 15095002.1 15095003.1 15095004.1 15095005.1 15101001.1 15101002.1 15101003.1 15101004.1 15101005.1 15107001.1 15107002.1 15107003 15107004 15107005 15113001 15113002 15113003 15113004 15113005 15119001 15119002 15119003 15119004 15119005"
General-359-20260805-18:57:02-87901,vector,Florasat_Individual_Sats.terminal[52].dlk.mac,vector_preds_Transformer,,,"1.27809432708 13.21143307281 27.03571368149 40.00254854002 54.89592358261 116.64125205716 128.91321774106 140.48847586032 155.45576188712 170.37915826192 231.72666088119 244.82731048623 259.82145691896 271.34354531672 282.80620733882 346.37646774924 358.50329573196 371.30246004136 385.4932436957 399.09446554887 461.64367978415 472.68782903627 486.77573388629 500.74347531027 511.14938249648 576.21135171154 590.37986591575 601.78955501528 612.81065312797 624.49570611353 691.46264067967 701.82451374363 712.11036776309 725.81307125278 737.97089219094","15083201 15083202 15083203 15083204 15083205 15089201 15089202 15089203 15089204 15089205 15095201 15095202 15095203 15095204 15095205 15101201.1 15101202.1 15101203.1 15101204.1 15101205.1 15107201.1 15107202.1 15107203.1 15107204.1 15107205.1 15113201 15113202 15113203 15113204 15113205 15119201 15119202 15119203 15119204 15119205"
General-359-20260805-18:57:02-87901,vector,Florasat_Individual_Sats.terminal[16].dlk.mac,vector_preds_Transformer,,,"1.28762164828 16.07604958326 28.80159277329 41.01924142893 55.93610397749 116.00118683069 127.76665090001 140.71503441431 154.41377475857 165.62825580942 231.58905906766 245.96117469529 257.53118153359 270.97944543977 281.67283958803 346.24496436352 360.25361448783 374.6609540321 385.04281471042 395.95699979948 461.40712360293 471.5229842302 484.12656050432 498.38217066974 512.56721060514 576.59143619216 588.22615328687 602.96331949625 617.8776024396 631.92663253145 691.51261939248 702.21729256026 713.47522287559 726.52326624421 740.69071815046","15079601 15079602 15079603 15079604 15079605 15085601 15085602 15085603 15085604 15085605 15091601 15091602 15091603 15091604 15091605 15097601 15097602 15097603 15097604 15097605 15103601 15103602 15103603 15103604 15103605 15109601 15109602 15109603 15109604 15109605 15115601 15115602 15115603 15115604 15115605"
General-359-20260805-18:57:02-87901,vector,Florasat_Individual_Sats.terminal[34].dlk.mac,vector_preds_Transformer,,,"1.2891479847 12.32848355407 24.15814498067 39.08213493973 51.67652320908 116.00351133617 126.14468559856 137.83952892409 151.97805043077 164.49311191682 231.96117082797 244.65580298402 255.01813600491 266.17280835122 278.13710250844 346.26719175372 358.65073023713 369.50304534985 380.80909574288 392.12542532245 461.11408625869 471.62958597555 483.73911864264 498.00463885907 510.19302327093 576.424534566 588.37096168147 601.74253029003 615.61349740088 628.49309781402 691.42157629854 703.77925813338 715.05627035303 725.89032809157 736.53120846395","15081401 15081402 15081403 15081404 15081405 15087401 15087402 15087403 15087404 15087405 15093401 15093402 15093403 15093404 15093405 15099401 15099402 15099403 15099404 15099405 15105401 15105402 15105403 15105404 15105405 15111401 15111402 15111403 15111404 15111405 15117401 15117402 15117403 15117404 15117405"
General-359-20260805-18:57:02-87901,vector,Florasat_Individual_Sats.terminal[1].dlk.mac,vector_preds_Transformer,,,"1.30533288885 15.0078733901 29.09940428752 40.88328187889 54.38558484264 116.51766426302 126.74012869619 140.41205716924 154.75139914452 165.33643321506 231.30623715464 245.77236432931 257.15654325089 270.97155699273 282.75753847556 346.2345583078 358.7440905096 371.44773410913 386.01703374344 399.16267970856 461.15597926104 475.43288140116 487.9782480714 501.0949347776 512.80181129487 576.14829576318 590.49365367833 604.2045888896 617.25441796332 627.57347865006 691.06024618656 705.34514172165 716.72866344963 730.67569928755 742.96547634922","15078101 15078102 15078103 15078104 15078105 15084101 15084102 15084103 15084104 15084105 15090101 15090102 15090103 15090104 15090105 15096101 15096102 15096103 15096104 15096105 15102101 15102102 15102103 15102104 15102105 15108101 15108102 15108103 15108104 15108105 15114101 15114102 15114103 15114104 15114105"
General-359-20260805-18:57:02-87901,vector,Florasat_Individual_Sats.terminal[22].dlk.mac,vector_preds_Transformer,,,"1.33759571193 15.02623208054 27.32932918892 39.769639235 50.48408126762 116.24616627721 129.82307967637 142.78263212438 154.49053586135 164.86614111252 231.70800991752 245.2136617112 255.90045053093 266.36732632458 277.88265242871 346.56273177546 357.51076282305 372.0049585863 382.57791293505 396.89315127045 461.68995164195 471.83347650082 485.72102266923 498.42406055169 512.98518796778 576.10740948771 588.87403070414 602.58727842778 615.36185115528 626.07047684792 691.65937148524 703.7136643068 715.10857818672 725.5905678405 738.02916221926","15080201 15080202 15080203 15080204 15080205 15086201 15086202 15086203 15086204 15086205 15092201.1 15092202.1 15092203.1 15092204.1 15092205.1 15098201.1 15098202.1 15098203.1 15098204.1 15098205.1 15104201.1 15104202.1 15104203.1 15104204.1 15104205 15110201 15110202 15110203 15110204 15110205 15116201 15116202 15116203 15116204 15116205"
General-359-20260805-18:57:02-87901,vector,Florasat_Individual_Sats.terminal[49].dlk.mac,vector_preds_Transformer,,,"1.33983661793 16.13507152092 26.65120548358 37.49754420038 51.92951407655 116.24523376278 128.00478987326 142.57976455311 156.94733223924 168.33837851695 231.3442659087 241.88765877508 256.27299470943 267.26147880661 282.1262076369 346.39167953259 356.55765195354 368.59667043178 383.57886099466 397.75436438713 461.46548109967 474.99534190772 487.94897319889 500.01389673469 513.08183847252 576.24568729359 587.09802327259 598.4920613647 610.74633957516 621.6756045241 691.67171351356 704.71430207929 718.58502387163 731.43023324991 745.68870092719","15082901.1 15082902.1 15082903.1 15082904.1 15082905.1 15088901.1 15088902.1 15088903.1 15088904.1 15088905.1 15094901.1 15094902.1 15094903.1 15094904.1 15094905.1 15100901 15100902 15100903 15100904 15100905 15106901 15106902 15106903 15106904 15106905 15112901 15112902 15112903 15112904 15112905 15118901 15118902 15118903 15118904 15118905"
General-359-20260805-18:57:02-87901,vector,Florasat_Individual_Sats.terminal[25].dlk.mac,vector_preds_Transformer,,,"1.35290261032 13.81376645202 25.84872114146 37.50116668432 49.14777803491 116.1810208424 127.15041812952 141.50532874954 152.16261847969 165.52455164003 231.45309738209 246.43546334793 258.21864328439 272.48360099014 286.82286205212 346.47267482011 358.28895917861 368.43733028043 381.7072041193 395.38597750244 461.04481039755 475.29760583607 486.76304056845 498.20420663292 510.87904817495 576.97010359843 587.71996148163 601.95531709818 614.34870080091 624.85937663121 691.86801679106 705.87288134638 718.74346405407 732.59410571097 744.46548251807","15080501 15080502 15080503 15080504 15080505 15086501 15086502 15086503 15086504 15086505 15092501 15092502 15092503 15092504 15092505 15098501 15098502 15098503 15098504 15098505 15104501 15104502.1 15104503.1 15104504.1 15104505.1 15110501 15110502 15110503 15110504 15110505 15116501 15116502 15116503 15116504 15116505"
General-359-20260805-18:57:02-87901,vector,Florasat_Individual_Sats.terminal[17].dlk.mac,vector_preds_Transformer,,,"1.35301859747 12.79070330016 26.84291531961 38.32925293525 52.79157166649 116.09807721432 130.64348574937 142.10073565459 156.49591710046 171.04978471855 231.84096679674 242.14365607244 252.30806170846 266.37951466604 280.38209514925 346.94399020309 359.69205801748 372.76777426619 387.34728247183 402.25791754806 461.54473098204 473.43694069515 486.68443764652 498.44535790243 509.95291272387 576.34770822804 591.2050599067 603.646646498 617.02630435093 631.88475891575 691.53439210495 702.38210212672 714.40374534926 727.53606668091 740.16247974941","15079701 15079702 15079703 15079704 15079705 15085701 15085702.1 15085703.1 15085704.1 15085705.1 15091701.1 15091702.1 15091703 15091704 15091705 15097701 15097702 15097703 15097704 15097705 15103701 15103702 15103703 15103704 15103705 15109701 15109702 15109703 15109704 15109705 15115701 15115702 15115703 15115704 15115705"
General-359-20260805-18:57:02-87901,vector,Florasat_Individual_Sats.terminal[23].dlk.mac,vector_preds_Transformer,,,"1.3749865077 12.56837704056 26.09924258618 37.64773633401 47.85617467668 116.03342645918 127.22796672722 138.9719165815 150.08924845606 160.37096839514 231.56060500001 243.66417197674 257.2882663149 270.09258841445 283.758070105 346.73591737403 358.8536748488 372.96496177442 384.48505845154 395.39016752737 461.23306486802 471.32562811067 481.94067030959 493.00131826825 507.93454806018 576.69162950572 589.11212107377 603.99181285036 614.9932770522 626.12533656044 691.95275875344 706.25310876593 719.19914714596 729.5347261494 744.04422422591","15080301 15080302 15080303 15080304 15080305 15086301 15086302 15086303 15086304 15086305 15092301 15092302 15092303 15092304.1 15092305.1 15098301.1 15098302.1 15098303.1 15098304.1 15098305.1 15104301.1 15104302.1 15104303.1 15104304.1 15104305.1 15110301 15110302 15110303 15110304 15110305 15116301 15116302 15116303 15116304 15116305"
General-359-20260805-18:57:02-87901,vector,Florasat_Individual_Sats.terminal[6].dlk.mac,vector_preds_Transformer,,,"1.44701354043 14.35132014403 27.88912682399 39.38074858231 50.27273997851 116.73998046643 127.64335312159 139.5370748858 152.55005739257 163.80099414708 231.76335097104 243.82427427498 257.06478108349 267.1677899179 281.25059693166 346.31320335786 359.62149407482 372.40231574862 385.84450295777 398.53554539033 461.27981018019 474.02577807522 484.13504240197 495.0518954415 507.11374225888 576.6283590172 589.14424277028 600.83599429113 613.58735585353 626.53663141071 691.63927479996 703.40341045987 714.63561417884 726.27807377139 737.62803410296","15078601 15078602 15078603 15078604 15078605 15084601 15084602 15084603 15084604 15084605 15090601 15090602 15090603 15090604 15090605 15096601 15096602 15096603 15096604 15096605 15102601 15102602 15102603 15102604 15102605 15108601 15108602 15108603 15108604 15108605 15114601 15114602 15114603 15114604 15114605"
General-359-20260805-18:57:02-87901,vector,Florasat_Individual_Sats.terminal[24].dlk.mac,vector_preds_Transformer,,,"1.44923193962 11.97698933538 23.35096527822 34.63414750178 47.94164551538 116.53854968515 127.03174268035 138.98265317338 150.22415031818 163.01229431433 231.30782096297 246.16943289292 256.77443129126 269.13346531218 279.66115347924 346.64596113306 359.21498234896 370.06080818758 384.75677201454 395.31587455235 461.36633979599 473.87481441582 488.80674570776 499.71793014999 511.00489126728 576.79766011075 587.36904986552 599.82440911583 609.93905444164 623.95295916475 691.74734732904 705.02771751675 717.82647534226 728.9675942955 743.84847469464","15080401 15080402 15080403 15080404 15080405 15086401 15086402 15086403 15086404 15086405 15092401 15092402 15092403 15092404 15092405 15098401.1 15098402.1 15098403.1 15098404.1 15098405.1 15104401.1 15104402.1 15104403.1 15104404.1 15104405.1 15110401 15110402 15110403 15110404 15110405 15116401 15116402 15116403 15116404 15116405"
General-359-20260805-18:57:02-87901,vector,Florasat_Individual_Sats.terminal[19].dlk.mac,vector_preds_Transformer,,,"1.46416907967 15.67698531854 28.62966837315 42.79587755166 57.06933934777 116.94220495992 127.14963105274 137.84386945888 152.23156900145 164.58674690802 231.87652401323 243.42723780358 253.98528406676 267.80613345956 278.28214137978 346.28478162992 358.27513879817 369.41374604078 380.61703915079 392.30292342324 461.39363312325 473.70215196674 487.31868843827 501.85826025251 514.11781334248 576.59996038349 586.65702697285 598.42567904666 611.82575644273 623.76038412144 691.49536061031 703.81713948026 714.67599099781 728.61260044668 739.50466797967","15079901.1 15079902.1 15079903.1 15079904.1 15079905.1 15085901.1 15085902.1 15085903.1 15085904.1 15085905.1 15091901.1 15091902.1 15091903.1 15091904.1 15091905.1 15097901 15097902 15097903 15097904 15097905 15103901 15103902 15103903 15103904 15103905 15109901 15109902 15109903 15109904 15109905 15115901 15115902 15115903 15115904 15115905"
General-359-20260805-18:57:02-87901,vector,Florasat_Individual_Sats.terminal[53].dlk.mac,vector_preds_Transformer,,,"1.46701051784 12.98679671181 25.53492367315 37.29566018959 51.48755449499 116.72803767351 129.97097633755 143.14472496253 156.45007323799 169.88980733067 231.80178856663 245.45860750204 259.10302782035 273.18829244305 286.76642823685 346.37654543342 361.35100506665 375.38339206786 387.32263424038 401.05313189165 461.20701095974 474.19968237355 487.48956999229 499.96783849038 510.9074783693 576.9308766122 588.04780037306 599.17398829526 613.05850856286 625.34592447384 691.56558902771 705.33769061276 715.88494518957 726.63278955919 736.92566302325","15083301 15083302 15083303 15083304 15083305 15089301 15089302 15089303 15089304 15089305 15095301 15095302 15095303 15095304 15095305 15101301 15101302 15101303.1 15101304.1 15101305.1 15107301.1 15107302.1 15107303.1 15107304.1 15107305.1 15113301.1 15113302.1 15113303.1 15113304.1 15113305.1 15119301 15119302 15119303 15119304 15119305"
General-359-20260805-18:57:02-87901,vector,Florasat_Individual_Sats.terminal[31].dlk.mac,vector_preds_Transformer,,,"1.49861307535 15.86038181977 28.72619286482 38.93717633514 51.52404636797 116.79209700995 127.61808918998 138.58257037098 150.1754797108 161.39869777346 231.05895866733 245.36177143548 257.66907895194 270.16525991704 283.47730059853 346.55130348145 360.11415743362 370.98083959753 384.13356321841 396.09830100299 461.66993615939 474.23064466007 487.68082815362 501.20038410323 514.43764973455 576.43721496733 587.80055015977 598.75589213963 609.48844438582 622.77385310666 691.58973226091 702.39174999995 714.17653574026 728.67844371125 743.04619851755","15081101 15081102 15081103 15081104 15081105 15087101 15087102 15087103 15087104 15087105 15093101 15093102 15093103 15093104 15093105 15099101 15099102 15099103 15099104 15099105 15105101 15105102 15105103 15105104 15105105 15111101 15111102 15111103 15111104 15111105 15117101 15117102 15117103 15117104 15117105"
General-359-20260805-18:57:02-87901,vector,Florasat_Individual_Sats.terminal[26].dlk.mac,vector_preds_Transformer,,,"1.50248974352 12.04053459945 22.99236684828 37.98706190917 49.83614782826 116.33610219532 128.34252194339 138.56804258726 151.35685367464 165.78791797697 231.7235971156 244.72595854848 258.3664512583 269.1060554115 283.76582926208 346.56517195445 357.80190156004 371.80007221922 384.36535347649 397.51892830874 461.2888012256 473.22117717005 487.44906704407 501.25150236767 511.78424381302 576.60672542709 589.93287959206 602.53828489524 613.29955777223 627.62986159138 691.12822253699 703.86667984747 718.78237155475 731.15535599505 741.25995983579","15080601 15080602 15080603 15080604 15080605 15086601 15086602 15086603 15086604 15086605 15092601 15092602 15092603 15092604 15092605 15098601 15098602 15098603 15098604 15098605 15104601 15104602 15104603 15104604 15104605 15110601 15110602 15110603 15110604 15110605 15116601 15116602 15116603 15116604 15116605"
General-359-20260805-18:57:02-87901,vector,Florasat_Individual_Sats.terminal[45].dlk.mac,vector_preds_Transformer,,,"1.51150518097 13.30597663997 24.4367731316 39.1956863855 50.17604070832 116.66407751106 128.36139234784 140.18918644357 150.96592524275 164.15099358489 231.30334127997 244.06629487243 254.18302833056 267.39752159291 279.86077089049 346.98148896103 357.63107226929 368.53082051734 379.40771342139 391.90963322646 461.38542731362 472.24431392341 484.82174159098 498.19889918156 511.50805529044 576.13194189104 588.2503334789 598.5468630325 610.54177839611 624.79407182731 691.21483610175 704.56029809826 718.39478123398 731.17018885143 746.11797257723","15082501 15082502 15082503 15082504 15082505 15088501 15088502 15088503 15088504 15088505 15094501.1 15094502.1 15094503.1 15094504.1 15094505.1 15100501.1 15100502.1 15100503.1 15100504.1 15100505.1 15106501.1 15106502 15106503 15106504 15106505 15112501 15112502 15112503 15112504 15112505 15118501 15118502 15118503 15118504 15118505"
General-359-20260805-18:57:02-87901,vector,Florasat_Individual_Sats.terminal[48].dlk.mac,vector_preds_Transformer,,,"1.55058033415 14.934839739 28.60410599387 43.37272098521 56.92977922503 116.7328114002 127.52588125155 141.08360259421 155.65786762838 167.92671046429 231.94226275315 242.09691356984 256.00235296181 268.98678916041 280.2327456302 346.91230930574 360.67588137416 373.90579933952 386.69272755342 398.69467049441 461.79305233946 473.57463492267 485.85716195009 498.26327761007 511.25064907666 576.76980524184 589.41161187808 603.70925549511 614.99691924057 628.9022079003 691.62771109492 705.87888891227 717.36145037809 731.8427663087 743.58315491002","15082801.1 15082802.1 15082803.1 15082804.1 15082805.1 15088801.1 15088802.1 15088803.1 15088804.1 15088805.1 15094801.1 15094802.1 15094803.1 15094804.1 15094805.1 15100801 15100802 15100803 15100804 15100805 15106801 15106802 15106803 15106804 15106805 15112801 15112802 15112803 15112804 15112805 15118801 15118802 15118803 15118804 15118805"
General-359-20260805-18:57:02-87901,vector,Florasat_Individual_Sats.terminal[55].dlk.mac,vector_preds_Transformer,,,"1.56208386621 13.0717708168 25.65101576479 39.60390401281 52.50831062532 116.65726748062 130.14560402487 141.92235430353 155.5927799223 169.48863406084 231.27701243153 244.62735522306 258.38660412585 271.98390893872 283.77548786463 346.80111761787 359.4515470101 370.44120017904 380.5031938164 391.47997572203 461.24885425041 473.92715274891 486.336653508 498.68791983764 509.01577462045 576.77915348951 591.2014031508 602.32838825835 615.01925362554 628.80048757117 691.66338667274 703.00323730102 716.59293623059 729.39920996781 743.79994287621","15083501 15083502 15083503 15083504 15083505 15089501 15089502 15089503 15089504 15089505 15095501 15095502 15095503 15095504 15095505 15101501 15101502 15101503.1 15101504.1 15101505.1 15107501.1 15107502.1 15107503.1 15107504.1 15107505.1 15113501.1 15113502.1 15113503.1 15113504.1 15113505.1 15119501 15119502 15119503 15119504 15119505"
General-359-20260805-18:57:02-87901,vector,Florasat_Individual_Sats.terminal[9].dlk.mac,vector_preds_Transformer,,,"1.57534221839 16.16190630663 31.12844202388 45.89553398848 60.13753391755 116.93042991031 129.90585703915 142.21202951088 155.03981736652 169.70971798688 231.73516126233 246.16581646493 259.40630706493 274.01277756901 287.551899408 346.92204879737 358.11589114974 371.60491480516 383.41555243266 394.07776621544 461.41776450747 476.08452807134 490.68397649983 502.12022198434 513.5082767969 576.44189374591 590.75476999697 601.40604859055 614.38379534706 625.60074107442 691.90956896544 703.89753345773 714.47159484169 727.28139285371 738.54108793685","15078901 15078902 15078903 15078904 15078905 15084901 15084902 15084903.1 15084904.1 15084905.1 15090901.1 15090902.1 15090903.1 15090904.1 15090905.1 15096901.1 15096902.1 15096903.1 15096904 15096905 15102901 15102902 15102903 15102904 15102905 15108901 15108902 15108903 15108904 15108905 15114901 15114902 15114903 15114904 15114905"
General-359-20260805-18:57:02-87901,vector,Florasat_Individual_Sats.terminal[15].dlk.mac,vector_preds_Transformer,,,"1.58852275042 16.50279447483 29.00706306147 43.85728361598 57.22849473987 116.50783481682 127.9446572219 138.15938890236 149.76141530927 162.67165004299 231.50322705205 243.2353239418 254.96124619082 268.93975756759 279.22980585414 346.18984108907 356.53542765416 366.66438772576 377.23230776261 389.87465768238 461.05822145822 474.28592258249 485.58859029435 499.04283893993 512.27028440335 576.37022949662 587.10906044487 598.51363225165 608.77661478613 619.35880287574 691.04054741492 703.28057209892 716.7136641515 728.06534349965 739.40842522122","15079501 15079502 15079503 15079504 15079505 15085501 15085502 15085503 15085504 15085505 15091501 15091502 15091503 15091504 15091505 15097501 15097502 15097503 15097504 15097505 15103501 15103502 15103503 15103504 15103505 15109501 15109502 15109503 15109504 15109505 15115501 15115502 15115503 15115504 15115505"
General-359-20260805-18:57:02-87901,vector,Florasat_Individual_Sats.terminal[51].dlk.mac,vector_preds_Transformer,,,"1.59264520137 15.64324905258 28.48096043896 39.00327287358 53.39905681065 116.67645121063 128.03013255424 141.61861946993 153.19976191223 166.19764362183 231.94091694825 243.68867537984 256.24276956124 266.54136916552 277.14799583121 346.06062266626 357.87243789876 368.80676089552 379.09859474631 392.79738649725 461.52736124303 475.50050518312 487.88824272877 498.69029597449 512.59515371243 576.46878656093 587.32271334599 600.43915287452 612.63019885845 626.31591024437 691.9803603543 703.31625789777 715.23614267493 726.87336767 738.13867720799","15083101 15083102 15083103 15083104 15083105 15089101 15089102 15089103 15089104 15089105 15095101 15095102 15095103 15095104 15095105 15101101.1 15101102.1 15101103.1 15101104.1 15101105.1 15107101.1 15107102.1 15107103.1 15107104.1 15107105.1 15113101.1 15113102 15113103 15113104 15113105 15119101 15119102 15119103 15119104 15119105"
General-359-20260805-18:57:02-87901,vector,Florasat_Individual_Sats.terminal[27].dlk.mac,vector_preds_Transformer,,,"1.60584700783 15.99978881562 26.96317148302 39.25116147637 50.54572582967 116.43071634532 129.99018105399 144.41879322822 154.82396690128 168.75524186133 231.91574772215 242.81223804201 253.08090149635 263.92336306605 277.70028647944 346.52839958132 358.47264106781 370.77513431944 383.08544554096 393.70905792038 461.15708999196 473.73758879583 484.62760679167 498.01231777737 512.88427565688 576.88364589517 591.2283063475 605.35300994454 619.04869671142 630.13254643813 691.97077171691 706.06132444972 716.39269094611 728.58527906984 742.81939921481","15080701 15080702 15080703 15080704 15080705 15086701 15086702 15086703 15086704 15086705 15092701 15092702 15092703 15092704 15092705 15098701 15098702 15098703 15098704 15098705 15104701 15104702 15104703 15104704 15104705 15110701 15110702 15110703 15110704 15110705 15116701 15116702 15116703 15116704 15116705"
General-359-20260805-18:57:02-87901,vector,Florasat_Individual_Sats.terminal[37].dlk.mac,vector_preds_Transformer,,,"1.61944065429 15.75240857736 27.14348649559 41.58063669293 54.84651559801 116.29367128527 129.21889243345 142.11656225659 156.75033561932 171.3783234281 231.10659429315 245.21604710701 259.34492121427 273.97695936821 287.78198716207 346.49328840245 358.32126591285 371.86521233921 386.82571084169 400.19772836752 461.71277751378 472.94606452505 485.26186279184 499.76839386555 510.67914265371 576.05150057748 587.27678340673 600.44513286603 614.03588799922 627.55502092465 691.57213633321 706.49926903331 718.14108214597 729.42074092943 740.63625289267","15081701 15081702 15081703 15081704 15081705 15087701 15087702 15087703 15087704 15087705 15093701 15093702 15093703 15093704 15093705 15099701 15099702 15099703 15099704 15099705 15105701 15105702 15105703 15105704 15105705 15111701 15111702 15111703 15111704 15111705 15117701 15117702 15117703 15117704 15117705"
General-359-20260805-18:57:02-87901,vector,Florasat_Individual_Sats.terminal[20].dlk.mac,vector_preds_Transformer,,,"1.63636511704 14.28711511591 24.78241393157 37.76985880733 48.90672168858 116.14669137262 127.21398098371 138.18986841221 152.17293685162 164.46363127534 231.69968520151 246.38779474399 256.88359328872 271.73516677553 285.01146301022 346.71717665577 361.07390023139 373.52995158359 385.90588472271 400.8907093103 461.49113193387 473.61759325722 485.79819793114 498.54670364409 513.40632958803 576.03691181913 587.43696578592 598.80508867023 613.34928714834 625.05360097905 691.52265149914 701.57260396565 715.10112477164 726.66979717021 737.14706299873","15080001.1 15080002.1 15080003.1 15080004.1 15080005.1 15086001.1 15086002.1 15086003.1 15086004.1 15086005.1 15092001.1 15092002.1 15092003.1 15092004.1 15092005.1 15098001.1 15098002.1 15098003 15098004 15098005 15104001 15104002 15104003 15104004 15104005 15110001 15110002 15110003 15110004 15110005 15116001 15116002 15116003 15116004 15116005"
General-359-20260805-18:57:02-87901,vector,Florasat_Individual_Sats.terminal[46].dlk.mac,vector_preds_Transformer,,,"1.64549168595 13.37553535984 24.72243425716 36.95261378121 48.62493218552 116.46506758686 128.35990277282 142.06044834736 155.87796224561 168.10405309592 231.43134055124 241.76677264902 253.99437803123 266.18230031617 279.01205661288 346.29865113925 360.40407243464 374.09069852368 384.56786680431 394.85326973651 461.84593558148 474.88522138632 489.81687745032 501.28451467444 513.96239844918 576.42098228028 589.42490489851 600.40945565608 610.75446203398 624.88165510865 691.2358515244 703.26838349924 716.99520746829 731.19641594473 743.05745831691","15082601 15082602 15082603 15082604 15082605 15088601 15088602.1 15088603.1 15088604.1 15088605.1 15094601.1 15094602.1 15094603.1 15094604.1 15094605.1 15100601.1 15100602.1 15100603.1 15100604.1 15100605.1 15106601 15106602 15106603 15106604 15106605 15112601 15112602 15112603 15112604 15112605 15118601 15118602 15118603 15118604 15118605"
General-359-20260805-18:57:02-87901,vector,Florasat_Individual_Sats.terminal[42].dlk.mac,vector_preds_Transformer,,,"1.6459735895 12.96571070258 27.65637930063 40.15719930105 53.17860333062 116.03804596048 129.88113801042 140.81406407454 154.54336734069 164.97077329712 231.10764740431 246.10023000092 257.48195940792 269.22050997895 283.99533843902 346.45298920223 359.84700004454 372.92031903053 383.87346394477 396.39692524914 461.60106738401 476.49621214322 489.13477117382 502.67381517868 515.19755613594 576.36696595838 588.65040893922 600.28345578489 611.06667845067 622.90982907079 691.32944972068 702.73498600628 716.163568496 728.35166250402 742.1533552946","15082201 15082202 15082203 15082204 15082205 15088201 15088202 15088203 15088204 15088205 15094201 15094202 15094203 15094204 15094205 15100201 15100202 15100203 15100204 15100205 15106201 15106202 15106203 15106204 15106205 15112201 15112202 15112203 15112204 15112205 15118201 15118202 15118203 15118204 15118205"
General-359-20260805-18:57:02-87901,vector,Florasat_Individual_Sats.terminal[10].dlk.mac,vector_preds_Transformer,,,"1.69410424284 13.01493691257 23.60809593089 35.73670482822 50.05046698824 116.852145307 131.31209748355 143.83644141513 155.0271379624 167.05794967152 231.79274753155 246.66646542679 257.31077235494 271.80022079567 284.7434902687 346.53361013834 358.17217040783 372.21552675333 383.88613025867 396.99156544613 461.87361384998 476.5298962642 488.67425933969 502.30339525873 512.7210496869 576.73694381327 591.42915200279 604.24962434056 615.12608725531 627.08460011473 691.45718727726 704.26058719051 718.86809416697 733.49369516596 745.61419323319","15079001 15079002 15079003 15079004 15079005 15085001 15085002 15085003 15085004 15085005 15091001 15091002 15091003 15091004 15091005 15097001 15097002 15097003 15097004 15097005 15103001 15103002 15103003 15103004 15103005 15109001 15109002 15109003 15109004 15109005 15115001 15115002 15115003 15115004 15115005"
General-359-20260805-18:57:02-87901,vector,Florasat_Individual_Sats.terminal[14].dlk.mac,vector_preds_Transformer,,,"1.71758676367 16.02304047276 26.84884861996 36.91420908388 50.29315193835 116.28611939563 129.47752974415 140.75889729848 153.26159546687 163.56470544659 231.13093978795 242.28486776189 254.54131830204 267.52991785831 278.51038148115 346.45952142263 357.43562506233 372.31294093142 382.37129430939 392.97622291092 461.73299639905 473.93492522952 484.08945084386 494.77056418848 509.30790603929 576.47143516154 586.47412921465 598.54408275499 612.43158303015 626.36530634062 691.92289158539 706.75153420842 717.50375336688 730.38555228687 742.45374785806","15079401 15079402 15079403 15079404 15079405 15085401 15085402 15085403 15085404 15085405 15091401 15091402 15091403 15091404 15091405 15097401 15097402 15097403 15097404 15097405 15103401 15103402 15103403 15103404 15103405 15109401 15109402 15109403 15109404 15109405 15115401 15115402 15115403 15115404 15115405"
General-359-20260805-18:57:02-87901,vector,Florasat_Individual_Sats.terminal[4].dlk.mac,vector_preds_Transformer,,,"1.71892222599 11.83665650198 23.9264354459 35.29699149774 49.80734316399 116.24988510367 127.19258040283 140.59499497269 154.53863246925 167.18090653512 231.02355818008 244.54302554112 255.39628486591 270.33860482717 284.7036926248 346.11280873627 357.82627241662 368.16517549659 379.83018261123 392.71173407299 461.71355199651 475.00724725425 489.97499322169 503.66634116391 518.52343488484 576.36012302223 586.80252998695 597.77210246516 609.92396605295 621.1512511035 691.96801213035 706.93626774544 720.75358323705 734.46767131052 747.73880404838","15078401 15078402 15078403 15078404 15078405 15084401 15084402 15084403 15084404 15084405 15090401 15090402 15090403 15090404 15090405 15096401 15096402 15096403 15096404 15096405 15102401 15102402 15102403 15102404 15102405 15108401 15108402 15108403 15108404 15108405 15114401 15114402 15114403 15114404 15114405"
General-359-20260805-18:57:02-87901,vector,Florasat_Individual_Sats.terminal[38].dlk.mac,vector_preds_Transformer,,,"1.74320625141 14.71285921754 27.70550724235 38.08650490711 50.02444644458 116.77253882098 130.10552053736 142.99873163621 154.04374237917 167.14023006311 231.90318337781 244.17085388815 258.07122115302 268.88685146021 281.39965998382 346.93816696573 358.13417021465 368.25010586577 378.58451372874 391.74707633257 461.94105845806 474.13864644524 487.23892250262 500.15054391977 513.8461250607 576.17391471379 588.85981322593 599.47214595718 612.58770037653 627.28633397353 691.16865153029 705.01420845115 716.13305586693 727.96199458023 740.30732000783","15081801 15081802 15081803 15081804 15081805 15087801 15087802 15087803 15087804 15087805 15093801 15093802 15093803 15093804 15093805 15099801 15099802 15099803 15099804 15099805 15105801 15105802 15105803 15105804 15105805 15111801 15111802 15111803 15111804 15111805 15117801 15117802 15117803 15117804 15117805"
General-359-20260805-18:57:02-87901,vector,Florasat_Individual_Sats.terminal[29].dlk.mac,vector_preds_Transformer,,,"1.7458436396 15.0498589864 28.45843009325 41.29638317647 52.70871724957 116.0853293445 129.15103264503 142.0204227185 152.11826956483 166.40465702746 231.73794927611 242.71854723291 256.55113957892 270.80524911824 282.78692263248 346.90719524468 360.42351827677 372.19369344599 386.28396702185 398.64464752795 461.25451493217 474.33684569109 489.31621209393 499.50506979973 512.61287053023 576.5232778783 590.36129692104 603.65541458596 614.14008004242 626.4545236365 691.82600095682 702.10456295335 714.31267831172 726.6263221337 741.36893071747","15080901 15080902 15080903 15080904 15080905 15086901 15086902 15086903 15086904 15086905 15092901 15092902 15092903 15092904 15092905 15098901 15098902 15098903 15098904 15098905 15104901 15104902 15104903 15104904 15104905 15110901 15110902 15110903 15110904 15110905 15116901 15116902 15116903 15116904 15116905"
General-359-20260805-18:57:02-87901,vector,Florasat_Individual_Sats.terminal[21].dlk.mac,vector_preds_Transformer,,,"1.76448147208 13.6824223916 26.98674792586 36.98706721467 48.69983034487 116.58490972035 127.74155430752 142.11599706113 154.27978763147 168.21719615743 231.50718167517 242.3594783477 256.93702560942 269.33102265559 280.81242367369 346.9786689952 358.688769778 370.26505598891 381.95512129319 396.03404098283 461.15921007935 473.99285310064 487.91178826359 499.56421619165 513.1286378298 576.58868080983 587.22179406253 600.09155147872 614.30494560208 627.72284835274 691.51164402673 702.84913365566 713.77624188154 724.33628187934 735.53286520136","15080101 15080102 15080103 15080104 15080105 15086101 15086102 15086103 15086104 15086105 15092101.1 15092102.1 15092103.1 15092104.1 15092105.1 15098101.1 15098102.1 15098103.1 15098104.1 15098105.1 15104101.1 15104102.1 15104103 15104104 15104105 15110101 15110102 15110103 15110104 15110105 15116101 15116102 15116103 15116104 15116105"
General-359-20260805-18:57:02-87901,vector,Florasat_Individual_Sats.terminal[57].dlk.mac,vector_preds_Transformer,,,"1.8295399691 15.55083640712 27.80357488758 39.46516313219 50.91816519016 116.70366367023 127.98605869106 138.83893186856 153.17850024138 165.39909807198 231.49273925694 243.23934677174 256.06615541387 270.04435777781 280.23328837008 346.06585627771 360.88537522242 371.59400330972 382.17427205526 392.60952611802 461.06758379727 475.89563231566 486.75885520526 499.77668316569 513.67288932786 576.03604689706 586.68788926676 599.01949687628 612.75026757154 624.93595210254 691.11383416899 701.14040477876 714.37524958257 727.20285366498 738.66158794005","15083701 15083702 15083703 15083704 15083705 15089701 15089702 15089703 15089704 15089705 15095701 15095702 15095703 15095704 15095705 15101701 15101702 15101703 15101704 15101705 15107701 15107702 15107703 15107704 15107705 15113701 15113702 15113703 15113704 15113705 15119701 15119702 15119703 15119704 15119705"
General-359-20260805-18:57:02-87901,vector,Florasat_Individual_Sats.terminal[36].dlk.mac,vector_preds_Transformer,,,"1.83025818854 15.18864514376 28.68778010202 43.03350255662 54.90775004682 116.09328599996 127.27623654879 137.30121409986 148.41603732784 161.53357642004 231.36622427707 242.96207847167 255.99170029373 266.89464121335 278.72183826263 346.47234377288 358.73241444188 372.08539181924 385.11697648046 397.73579159937 461.30267948983 476.0005397154 490.4619365572 502.93454622407 513.5033509056 576.37958858022 590.00948418024 602.07744834105 615.86789950005 627.04070791926 691.45093806996 706.00808217865 720.9380384346 734.14271627995 745.43829667358","15081601 15081602 15081603 15081604 15081605 15087601 15087602 15087603 15087604 15087605 15093601 15093602 15093603 15093604 15093605 15099601 15099602 15099603 15099604 15099605 15105601 15105602 15105603 15105604 15105605 15111601 15111602 15111603 15111604 15111605 15117601 15117602 15117603 15117604 15117605"
General-359-20260805-18:57:02-87901,vector,Florasat_Individual_Sats.terminal[58].dlk.mac,vector_preds_Transformer,,,"1.84390380327 16.68334951206 27.95360633918 39.12752417429 50.25483086752 116.25384309213 127.46039558086 139.27350686747 153.39451211505 168.255029656 231.87623238028 246.07486219215 257.55989746609 269.88088960014 280.31650388566 346.44762101816 359.6588204999 370.31653083977 381.45317387767 395.15364757739 461.9580345042 473.4291336243 484.15593295823 497.31768589932 507.72863944992 576.63780636131 591.40525884554 601.7783706924 612.85742024519 626.57557387231 691.97088071797 702.15656596539 712.37928932603 723.66424709163 734.89702929929","15083801 15083802 15083803 15083804 15083805 15089801 15089802 15089803 15089804 15089805 15095801 15095802 15095803 15095804 15095805 15101801 15101802 15101803 15101804 15101805 15107801 15107802 15107803 15107804 15107805 15113801 15113802 15113803 15113804 15113805 15119801 15119802 15119803 15119804 15119805"
General-359-20260805-18:57:02-87901,vector,Florasat_Individual_Sats.terminal[44].dlk.mac,vector_preds_Transformer,,,"1.8819921494 13.91520774062 25.25222872105 39.52981501539 50.03440362705 116.73891126201 130.18810970382 144.83736303308 157.36405798024 170.82594609027 231.57615227229 242.98606296722 254.20675551822 267.91263131029 279.66843322222 346.2437161156 359.5869558868 371.48844429338 384.71944332518 397.25331783108 461.02996808523 473.98844115948 484.70775572164 495.40585018741 509.39115312463 576.70488633448 587.97554588294 600.6724178791 614.31912121595 629.2227192223 691.01890387456 703.54917950207 714.87592809462 729.52413659404 742.92316804618","15082401 15082402 15082403 15082404 15082405 15088401 15088402 15088403 15088404 15088405 15094401 15094402 15094403 15094404 15094405 15100401 15100402 15100403 15100404 15100405 15106401 15106402 15106403 15106404 15106405 15112401 15112402 15112403 15112404 15112405 15118401 15118402 15118403 15118404 15118405"
General-359-20260805-18:57:02-87901,vector,Florasat_Individual_Sats.terminal[13].dlk.mac,vector_preds_Transformer,,,"1.90910200425 14.75571211264 27.06942096422 37.67728911084 49.89002529019 116.93960121926 130.69394061086 145.13690983854 157.4481073951 169.60112346547 231.67335042474 246.06976821646 260.00141548901 270.85318949982 285.51606270113 346.89421674982 357.7428904064 370.6216403509 381.38533212058 393.66565141757 461.61474961811 471.79788824194 483.85749218543 495.42055770662 506.69541789126 576.75188445253 588.93483173451 601.28333200817 613.96124178194 626.8826394726 691.96037285123 703.94092899025 714.74422070407 727.04111598176 738.5184218802","15079301 15079302 15079303 15079304 15079305 15085301 15085302 15085303 15085304 15085305 15091301 15091302 15091303 15091304 15091305 15097301 15097302.1 15097303.1 15097304.1 15097305.1 15103301.1 15103302.1 15103303.1 15103304.1 15103305.1 15109301.1 15109302.1 15109303.1 15109304.1 15109305 15115301 15115302 15115303 15115304 15115305"
General-359-20260805-18:57:02-87901,vector,Florasat_Individual_Sats.terminal[11].dlk.mac,vector_preds_Transformer,,,"1.91073534568 14.68087407551 28.23245185102 38.71283395473 51.76091080556 116.39573391248 129.97350164643 140.10882434738 152.01500555687 165.24805796054 231.88738039671 241.94328950345 253.1705767624 266.27382717537 278.67509947251 346.48851662432 356.59563614777 369.19575505913 381.93885632697 392.52233616798 461.70432090457 471.99201755855 483.78289423115 496.24138291623 510.39664090192 576.92104197736 591.39734773827 605.47334624967 618.98508962873 630.05715249153 691.82484858809 703.58040818153 716.07142235874 729.35929608671 741.74744572747","15079101 15079102 15079103 15079104 15079105 15085101 15085102 15085103 15085104 15085105 15091101 15091102 15091103 15091104 15091105 15097101.1 15097102.1 15097103 15097104 15097105 15103101 15103102 15103103 15103104 15103105 15109101 15109102 15109103 15109104 15109105 15115101 15115102 15115103 15115104 15115105"
General-359-20260805-18:57:02-87901,vector,Florasat_Individual_Sats.terminal[59].dlk.mac,vector_preds_Transformer,,,"1.91737831151 16.86058873706 30.76029768609 42.40044010966 55.29743870883 116.4647216876 128.90603666799 139.83478379459 149.95251176553 162.75180150196 231.52024349151 242.70219243201 256.74000950716 270.80769576784 282.23010375467 346.19172128942 360.71375944163 373.53475903604 384.52417502972 395.78534764448 461.19646478724 475.96671911469 487.91069166549 499.67806686811 512.47325839522 576.93020670046 588.76283939066 603.67092806217 615.66514803166 630.57661265903 691.21957232174 701.6097145311 716.00937065947 727.20230102003 738.2413413322","15083901 15083902 15083903 15083904 15083905 15089901 15089902 15089903 15089904 15089905 15095901 15095902 15095903 15095904 15095905 15101901 15101902 15101903 15101904 15101905 15107901 15107902 15107903 15107904 15107905 15113901 15113902 15113903 15113904 15113905 15119901 15119902 15119903 15119904 15119905"
General-359-20260805-18:57:02-87901,vector,Florasat_Individual_Sats.terminal[0].dlk.mac,vector_preds_Transformer,,,"1.9386363416 13.8869448707 26.98233033321 39.51084996946 51.59691112023 116.76598281134 131.16544290097 144.11236909219 155.11445619982 165.58296209202 231.44505247567 245.08073848882 256.92052785983 268.04230759014 280.61404136336 346.4226170273 356.51946013956 370.77693229238 382.21336801815 395.45414837356 461.32466256479 472.32646512892 484.54035625188 494.82022976014 505.88766428852 576.5794951315 590.38992422609 604.850780881 619.0312076474 631.38715776824 691.75952958805 702.97203622805 717.48072847305 728.04586882051 742.85996646783","15078001 15078002 15078003 15078004 15078005 15084001 15084002 15084003 15084004 15084005 15090001 15090002 15090003 15090004 15090005 15096001 15096002 15096003 15096004 15096005 15102001 15102002 15102003 15102004 15102005 15108001 15108002 15108003 15108004 15108005 15114001 15114002 15114003 15114004 15114005"
General-359-20260805-18:57:02-87901,vector,Florasat_Individual_Sats.terminal[54].dlk.mac,vector_preds_Transformer,,,"1.95528347092 12.33191238763 24.35573859653 35.73536374071 47.85052525043 116.21761722118 127.08943059645 138.07649849193 148.63177383762 159.81321198844 231.54089575261 246.21963252872 260.35578060406 274.13502246001 288.41253918339 346.86076202244 361.26411862602 371.89471045789 386.1954684211 397.87863495574 461.0790568206 474.35794050107 485.40481939679 498.06239487487 509.5048236486 576.74744535424 591.69029177935 606.34567749058 618.25144688436 630.35090984148 691.92616608134 706.3605530283 718.98334558611 732.65819576592 747.20898152119","15083401 15083402 15083403 15083404 15083405 15089401 15089402 15089403 15089404 15089405 15095401 15095402 15095403 15095404 15095405 15101401 15101402 15101403 15101404 15101405.1 15107401.1 15107402.1 15107403.1 15107404.1 15107405 15113401 15113402 15113403 15113404 15113405 15119401 15119402 15119403 15119404 15119405"
General-359-20260805-18:57:02-87901,vector,Florasat_Individual_Sats.terminal[12].dlk.mac,vector_preds_Transformer,,,"1.97286793613 14.83282854664 27.28725047898 38.80519277881 53.37950777145 116.16966014192 130.28305778093 141.82544421334 155.22486801538 169.23712107399 231.02952968515 243.652181576 258.56913791573 271.40032084844 284.794178345 346.55450122105 359.56429811567 369.81139075151 380.756330651 390.88588645007 461.39680384821 472.55756331188 487.21684776642 500.7830762309 515.71514452388 576.36815160909 589.20047353767 603.7390908394 616.13578871521 629.3204069701 691.82655294705 703.39782988466 717.24765062728 727.49073526869 742.14415121987","15079201 15079202 15079203 15079204 15079205 15085201 15085202 15085203 15085204 15085205 15091201 15091202 15091203 15091204 15091205 15097201 15097202 15097203 15097204 15097205 15103201.1 15103202.1 15103203.1 15103204.1 15103205.1 15109201.1 15109202.1 15109203 15109204 15109205 15115201 15115202 15115203 15115204 15115205"
General-359-20260805-18:57:02-87901,vector,Florasat_Individual_Sats.terminal[2].dlk.mac,vector_preds_Transformer,,,"1.97729337285 12.30208888207 27.15648188162 40.11012038239 52.48283788236 116.22717300802 130.72846053191 141.20720700151 153.79235287918 167.27360854763 231.80085064517 246.71673430618 259.8164490275 272.994252 283.47464126674 346.67649577837 359.27013681852 372.48845162685 385.29313896084 399.94691091124 461.34738091449 473.35818160395 485.95451137703 500.0747824572 512.94377162656 576.11214204342 586.14628386218 598.60017238418 613.35580133601 624.57750553499 691.6304806543 702.42981273843 714.87473565432 727.89985263183 742.38056360672","15078201 15078202 15078203 15078204 15078205 15084201 15084202 15084203 15084204 15084205 15090201 15090202 15090203 15090204 15090205 15096201 15096202 15096203 15096204 15096205 15102201 15102202 15102203 15102204 15102205 15108201 15108202 15108203 15108204 15108205 15114201 15114202 15114203 15114204 15114205"
General-359-20260805-18:57:02-87901,vector,Florasat_Individual_Sats.terminal[28].dlk.mac,vector_preds_Transformer,,,"1.97851230996 13.25430486608 24.6910659005 39.50053086295 52.69561496354 116.07058116375 127.60800823011 138.76586535736 153.13558230898 163.98177285585 231.65376002085 242.32300307019 253.39436140959 265.93438385054 279.25123281078 346.66920394776 358.74138235021 373.66072444152 386.22689114674 400.06969229924 461.38068845752 473.53707597498 487.51791270939 501.38035694743 514.13460362493 576.00187775539 588.20397327048 600.59606074564 614.05706637631 626.40232204319 691.84069167357 702.45196404052 715.61395547236 725.96122918534 738.69479928282","15080801 15080802 15080803 15080804 15080805 15086801 15086802 15086803 15086804 15086805 15092801 15092802 15092803 15092804 15092805 15098801 15098802 15098803 15098804 15098805 15104801 15104802 15104803 15104804 15104805 15110801 15110802 15110803 15110804 15110805 15116801 15116802 15116803 15116804 15116805"
General-359-20260805-18:57:02-87901,vector,Florasat_Individual_Sats.satellite[0].dlkDSL.mac,VectorTransmitMethod_ReceptionResult,,,"14.14274131012 25.57294193157 26.02083360142 27.44173348358 38.28807220038 38.75030145928 40.15035786121 49.69724968858 53.6180589573 116.47473080008 117.1690354002 127.94015905274 127.96210525155 128.79531787326 129.94095877282 130.33909151138 131.07970974937 131.10375668937 138.63439745888 141.51982659421 143.64150434736 153.02209700145 155.47604136652 156.09409162838 156.53992127129 157.21769265172 157.45901824561 157.73786023924 165.37727490802 167.85460026669 168.36293446429 169.12890651695 169.68510909592 170.14594198688 171.48600871855 231.58845721528 232.37848675315 232.66705201323 233.01239655124 242.53313756984 242.67818677508 243.34782864902 244.21776580358 246.0041897112 247.17832274399 254.77581206676 255.57543403123 256.43857696181 257.67412128872 259.84253106493 267.15785432458 267.76335631617 268.59666145956 269.42301316041 270.52881241445 272.52569477553 273.66146996867 274.44900156901 274.89534066678 279.07266937978 280.59311261288 280.65129889049 280.6689696302 282.39347967369 282.9167356369 284.194294105 284.95108844147 285.08687941617 285.80199101022 286.78076595396 287.988123408 288.95967258411 346.49684666626 347.35827279737 359.2898988488 359.29382373196 361.86442823139 369.24298489552 369.32134851734 372.04113880516 373.40118577442 375.67175452368 375.81961606786 379.53481874631 380.19824142139 381.2937218164 382.17586012058 384.92128245154 385.42721683689 386.2837716957 387.75885824038 392.70016122646 393.23361049725 394.10923055912 394.45617941757 395.82639152737 398.03145969816 398.66916295574 399.88499354887 401.48935589165 471.76185211067 472.58841624194 472.99378731188 473.47835703627 474.63590637355 474.71768074891 475.45587041582 482.37689430959 484.64802018543 485.44871018412 487.19926456845 490.38780170776 491.02594637049 493.43754226825 496.21108570662 499.00894547258 499.12651997449 499.47844783764 500.40406249038 501.24893226747 507.48594589126 508.37077206018 509.05858523589 509.80630262045 511.3437023693 513.03137771243 515.56381481087 516.15136852388 578.53490330934 589.17420054743 589.63669753767 589.72535973451 591.9919311508 599.61021229526 599.87431201342 602.07386000817 603.03437205002 603.11891625835 610.93323136636 613.49473256286 614.75176978194 615.80978162554 617.2945188111 625.78214847384 625.86490711736 629.59101557117 692.8918567987 707.4060020957 720.74542189137 732.49225273616 742.5759508985","15079802 15080003 15079803 15082903 15082904 15079804 15082704 15080005 15082705 15085801 15088801 15085902 15088802 15088902 15088602 15085802 15085702 15088702 15085903 15088803 15088603 15085904 15084904 15088804 15088704 15085804 15088604 15088904 15085905 15088705 15088805 15088905 15088605 15084905 15085705 15091801 15094801 15091901 15094601 15094802 15094902 15094602 15091902 15092202 15092002 15091903 15094603 15094803 15092003 15090903 15092204 15094604 15091904 15094804 15092304 15092004 15091804 15090904 15094704 15091905 15094605 15094505 15094805 15092105 15094905 15092305 15091805 15095005 15092005 15093905 15090905 15094705 15101101 15096901 15098302 15101202 15098002 15101103 15100503 15096903 15098303 15100603 15101303 15101104 15100504 15101504 15097304 15098304 15100304 15101204 15101304 15100505 15101105 15101005 15097305 15098305 15100305 15101405 15101205 15101305 15104302 15103302 15103202 15107202 15107302 15107502 15104402 15104303 15103303 15107603 15104503 15104403 15106303 15104304 15103304 15107604 15107104 15107504 15107304 15106304 15103305 15104305 15107605 15107505 15107305 15107105 15106305 15103205 15113601 15113602 15109202 15109302 15113502 15113303 15113603 15109303 15112303 15113503 15113604 15113304 15109304 15113504 15112304 15113305 15113605 15113505 15119601 15119602 15119603 15119604 15119605"
General-359-20260805-18:57:02-87901,vector,Florasat_Individual_Sats.satellite[0].dlkDSL.mac,Satellite Position when Repetition Received,,,"14.14274131012 25.57294193157 26.02083360142 27.44173348358 38.28807220038 38.75030145928 40.15035786121 49.69724968858 53.6180589573 116.47473080008 117.1690354002 127.94015905274 127.96210525155 128.79531787326 129.94095877282 130.33909151138 131.07970974937 131.10375668937 138.63439745888 141.51982659421 143.64150434736 153.02209700145 155.47604136652 156.09409162838 156.53992127129 157.21769265172 157.45901824561 157.73786023924 165.37727490802 167.85460026669 168.36293446429 169.12890651695 169.68510909592 170.14594198688 171.48600871855 231.58845721528 232.37848675315 232.66705201323 233.01239655124 242.53313756984 242.67818677508 243.34782864902 244.21776580358 246.0041897112 247.17832274399 254.77581206676 255.57543403123 256.43857696181 257.67412128872 259.84253106493 267.15785432458 267.76335631617 268.59666145956 269.42301316041 270.52881241445 272.52569477553 273.66146996867 274.44900156901 274.89534066678 279.07266937978 280.59311261288 280.65129889049 280.6689696302 282.39347967369 282.9167356369 284.194294105 284.95108844147 285.08687941617 285.80199101022 286.78076595396 287.988123408 288.95967258411 346.49684666626 347.35827279737 359.2898988488 359.29382373196 361.86442823139 369.24298489552 369.32134851734 372.04113880516 373.40118577442 375.67175452368 375.81961606786 379.53481874631 380.19824142139 381.2937218164 382.17586012058 384.92128245154 385.42721683689 386.2837716957 387.75885824038 392.70016122646 393.23361049725 394.10923055912 394.45617941757 395.82639152737 398.03145969816 398.66916295574 399.88499354887 401.48935589165 471.76185211067 472.58841624194 472.99378731188 473.47835703627 474.63590637355 474.71768074891 475.45587041582 482.37689430959 484.64802018543 485.44871018412 487.19926456845 490.38780170776 491.02594637049 493.43754226825 496.21108570662 499.00894547258 499.12651997449 499.47844783764 500.40406249038 501.24893226747 507.48594589126 508.37077206018 509.05858523589 509.80630262045 511.3437023693 513.03137771243 515.56381481087 516.15136852388 578.53490330934 589.17420054743 589.63669753767 589.72535973451 591.9919311508 599.61021229526 599.87431201342 602.07386000817 603.03437205002 603.11891625835 610.93323136636 613.49473256286 614.75176978194 615.80978162554 617.2945188111 625.78214847384 625.86490711736 629.59101557117 692.8918567987 707.4060020957 720.74542189137 732.49225273616 742.5759508985","180 180 180 180 180 180 180 180 180 180 180 180 180 180 180 180 180 180 180 180 180 180 180 180 180 180 180 180 180 180 180 180 180 180 180 180 180 180 180 180 180 180 180 180 180 180 180 180 180 180 180 180 180 180 180 180 180 180 180 180 180 180 180 180 180 180 180 180 180 180 180 180 180 180 180 180 180 180 180 180 180 180 180 180 180 180 180 180 180 180 180 180 180 180 180 180 180 180 180 180 180 180 180 180 180 180 180 180 180 180 180 180 180 180 180 180 180 180 180 180 180 180 180 180 180 180 180 180 180 180 180 180 180 180 180 180 180 180 180 180 180 180 180 180 180 180 180 180 180 180 180"
General-359-20260805-18:57:02-87901,vector,Florasat_Individual_Sats.satellite[0].dlkDSL.mac,Repetition Position for Node 357 at Satellite,,,"14.14274131012 26.02083360142 38.75030145928 116.47473080008 130.33909151138 157.21769265172 231.58845721528 273.66146996867 284.95108844147","180 180 180 180 180 180 180 180 180"
General-359-20260805-18:57:02-87901,vector,Florasat_Individual_Sats.satellite[0].dlkDSL.mac,All Nodes Repetition Generation Delay at Satellite,,,"14.14274131012 25.57294193157 26.02083360142 27.44173348358 38.28807220038 38.75030145928 40.15035786121 49.69724968858 53.6180589573 116.47473080008 117.1690354002 127.94015905274 127.96210525155 128.79531787326 129.94095877282 130.33909151138 131.07970974937 131.10375668937 138.63439745888 141.51982659421 143.64150434736 153.02209700145 155.47604136652 156.09409162838 156.53992127129 157.21769265172 157.45901824561 157.73786023924 165.37727490802 167.85460026669 168.36293446429 169.12890651695 169.68510909592 170.14594198688 171.48600871855 231.58845721528 232.37848675315 232.66705201323 233.01239655124 242.53313756984 242.67818677508 243.34782864902 244.21776580358 246.0041897112 247.17832274399 254.77581206676 255.57543403123 256.43857696181 257.67412128872 259.84253106493 267.15785432458 267.76335631617 268.59666145956 269.42301316041 270.52881241445 272.52569477553 273.66146996867 274.44900156901 274.89534066678 279.07266937978 280.59311261288 280.65129889049 280.6689696302 282.39347967369 282.9167356369 284.194294105 284.95108844147 285.08687941617 285.80199101022 286.78076595396 287.988123408 288.95967258411 346.49684666626 347.35827279737 359.2898988488 359.29382373196 361.86442823139 369.24298489552 369.32134851734 372.04113880516 373.40118577442 375.67175452368 375.81961606786 379.53481874631 380.19824142139 381.2937218164 382.17586012058 384.92128245154 385.42721683689 386.2837716957 387.75885824038 392.70016122646 393.23361049725 394.10923055912 394.45617941757 395.82639152737 398.03145969816 398.66916295574 399.88499354887 401.48935589165 471.76185211067 472.58841624194 472.99378731188 473.47835703627 474.63590637355 474.71768074891 475.45587041582 482.37689430959 484.64802018543 485.44871018412 487.19926456845 490.38780170776 491.02594637049 493.43754226825 496.21108570662 499.00894547258 499.12651997449 499.47844783764 500.40406249038 501.24893226747 507.48594589126 508.37077206018 509.05858523589 509.80630262045 511.3437023693 513.03137771243 515.56381481087 516.15136852388 578.53490330934 589.17420054743 589.63669753767 589.72535973451 591.9919311508 599.61021229526 599.87431201342 602.07386000817 603.03437205002 603.11891625835 610.93323136636 613.49473256286 614.75176978194 615.80978162554 617.2945188111 625.78214847384 625.86490711736 629.59101557117 692.8918567987 707.4060020957 720.74542189137 732.49225273616 742.5759508985","13.14274131012 24.57294193157 25.02083360142 26.44173348358 37.28807220038 37.75030145928 39.15035786121 48.69724968858 52.6180589573 0.47473080008 1.1690354002 11.94015905274 11.96210525155 12.79531787326 13.94095877282 14.33909151138 15.07970974937 15.10375668937 22.63439745888 25.51982659421 27.64150434736 37.02209700145 39.47604136652 40.09409162838 40.53992127129 41.21769265172 41.45901824561 41.73786023924 49.37727490802 51.85460026669 52.36293446429 53.12890651695 53.68510909592 54.14594198688 55.48600871855 0.58845721527999 1.37848675315 1.66705201323 2.01239655124 11.53313756984 11.67818677508 12.34782864902 13.21776580358 15.0041897112 16.17832274399 23.77581206676 24.57543403123 25.43857696181 26.67412128872 28.84253106493 36.15785432458 36.76335631617 37.59666145956 38.42301316041 39.52881241445 41.52569477553 42.66146996867 43.44900156901 43.89534066678 48.07266937978 49.59311261288 49.65129889049 49.6689696302 51.39347967369 51.9167356369 53.194294105 53.95108844147 54.08687941617 54.80199101022 55.78076595396 56.988123408 57.95967258411 0.49684666625996 1.35827279737 13.2898988488 13.29382373196 15.86442823139 23.24298489552 23.32134851734 26.04113880516 27.40118577442 29.67175452368 29.81961606786 33.53481874631 34.19824142139 35.2937218164 36.17586012058 38.92128245154 39.42721683689 40.2837716957 41.75885824038 46.70016122646 47.23361049725 48.10923055912 48.45617941757 49.82639152737 52.03145969816 52.66916295574 53.88499354887 55.48935589165 10.76185211067 11.58841624194 11.99378731188 12.47835703627 13.63590637355 13.71768074891 14.45587041582 21.37689430959 23.64802018543 24.44871018412 26.19926456845 29.38780170776 30.02594637049 32.43754226825 35.21108570662 38.00894547258 38.12651997449 38.47844783764 39.40406249038 40.24893226747 46.48594589126 47.37077206018 48.05858523589 48.80630262045 50.3437023693 52.03137771243 54.56381481087 55.15136852388 2.5349033093399 13.17420054743 13.63669753767 13.72535973451 15.9919311508 23.61021229526 23.87431201342 26.07386000817 27.03437205002 27.11891625835 34.93323136636 37.49473256286 38.75176978194 39.80978162554 41.2945188111 49.78214847384 49.86490711736 53.59101557117 1.8918567986999 16.4060020957 29.74542189137 41.49225273616 51.5759508985"
General-359-20260805-18:57:02-87901,vector,Florasat_Individual_Sats.satellite[0].dlkDSL.mac,Repetition Generation Delay for Node 357 at Satellite,,,"14.14274131012 26.02083360142 38.75030145928 116.47473080008 130.33909151138 157.21769265172 231.58845721528 273.66146996867 284.95108844147","13.14274131012 25.02083360142 37.75030145928 0.47473080008 14.33909151138 41.21769265172 0.58845721527999 42.66146996867 53.95108844147"
General-359-20260805-18:57:02-87901,vector,Florasat_Individual_Sats.satellite[0].dlkDSL.mac,Successful Repetition Number counted for MAC protocol,,,"14.14274131012 25.57294193157 27.44173348358 40.15035786121 116.47473080008 117.1690354002 127.94015905274 128.79531787326 129.94095877282 131.07970974937 131.10375668937 155.47604136652 231.58845721528 232.37848675315 232.66705201323 233.01239655124 242.67818677508 246.0041897112 247.17832274399 259.84253106493 270.52881241445 274.89534066678 280.65129889049 282.39347967369 285.08687941617 286.78076595396 346.49684666626 347.35827279737 359.2898988488 359.29382373196 361.86442823139 369.32134851734 375.67175452368 375.81961606786 381.2937218164 382.17586012058 385.42721683689 394.10923055912 398.66916295574 471.76185211067 472.58841624194 472.99378731188 473.47835703627 474.63590637355 474.71768074891 475.45587041582 485.44871018412 487.19926456845 491.02594637049 499.12651997449 578.53490330934 589.63669753767 589.72535973451 591.9919311508 599.61021229526 603.03437205002 692.8918567987","2 3 3 4 1 1 2 2 2 2 2 4 1 1 1 1 2 2 2 3 4 4 5 5 5 5 1 1 2 2 2 3 3 3 4 4 4 5 5 2 2 2 2 2 2 2 3 3 3 4 1 2 2 2 3 3 1"
General-359-20260805-18:57:02-87901,vector,Florasat_Individual_Sats.satellite[0].dlkDSL.mac,Successful Repetition Number counted for the Model,,,"14.14274131012 25.57294193157 27.44173348358 40.15035786121 116.47473080008 117.1690354002 127.94015905274 128.79531787326 129.94095877282 131.07970974937 131.10375668937 155.47604136652 231.58845721528 232.37848675315 232.66705201323 233.01239655124 242.67818677508 246.0041897112 247.17832274399 259.84253106493 270.52881241445 274.89534066678 280.65129889049 282.39347967369 285.08687941617 286.78076595396 346.49684666626 347.35827279737 359.2898988488 359.29382373196 361.86442823139 369.32134851734 375.67175452368 375.81961606786 381.2937218164 382.17586012058 385.42721683689 394.10923055912 398.66916295574 471.76185211067 472.58841624194 472.99378731188 473.47835703627 474.63590637355 474.71768074891 475.45587041582 485.44871018412 487.19926456845 491.02594637049 499.12651997449 578.53490330934 589.63669753767 589.72535973451 591.9919311508 599.61021229526 603.03437205002 692.8918567987","2 3 3 4 1 1 2 2 1 1 2 2 1 1 1 1 2 2 2 3 1 4 5 5 5 5 1 1 2 2 2 3 3 1 2 3 1 5 1 2 2 2 2 2 2 2 1 2 3 4 1 2 2 2 3 3 1"
General-359-20260805-18:57:02-87901,vector,Florasat_Individual_Sats.satellite[0].dlkDSL.mac,All Nodes Message Generation Delay at Satellite,,,"14.14274131012 25.57294193157 27.44173348358 40.15035786121 116.47473080008 117.1690354002 127.94015905274 128.79531787326 129.94095877282 131.07970974937 131.10375668937 155.47604136652 231.58845721528 232.37848675315 232.66705201323 233.01239655124 242.67818677508 246.0041897112 247.17832274399 259.84253106493 270.52881241445 274.89534066678 280.65129889049 282.39347967369 285.08687941617 286.78076595396 346.49684666626 347.35827279737 359.2898988488 359.29382373196 361.86442823139 369.32134851734 375.67175452368 375.81961606786 381.2937218164 382.17586012058 385.42721683689 394.10923055912 398.66916295574 471.76185211067 472.58841624194 472.99378731188 473.47835703627 474.63590637355 474.71768074891 475.45587041582 485.44871018412 487.19926456845 491.02594637049 499.12651997449 578.53490330934 589.63669753767 589.72535973451 591.9919311508 599.61021229526 603.03437205002 692.8918567987","13.14274131012 24.57294193157 26.44173348358 39.15035786121 0.47473080008 1.1690354002 11.94015905274 12.79531787326 13.94095877282 15.07970974937 15.10375668937 39.47604136652 0.58845721527999 1.37848675315 1.66705201323 2.01239655124 11.67818677508 15.0041897112 16.17832274399 28.84253106493 39.52881241445 43.89534066678 49.65129889049 51.39347967369 54.08687941617 55.78076595396 0.49684666625996 1.35827279737 13.2898988488 13.29382373196 15.86442823139 23.32134851734 29.67175452368 29.81961606786 35.2937218164 36.17586012058 39.42721683689 48.10923055912 52.66916295574 10.76185211067 11.58841624194 11.99378731188 12.47835703627 13.63590637355 13.71768074891 14.45587041582 24.44871018412 26.19926456845 30.02594637049 38.12651997449 2.5349033093399 13.63669753767 13.72535973451 15.9919311508 23.61021229526 27.03437205002 1.8918567986999"
General-359-20260805-18:57:02-87901,vector,Florasat_Individual_Sats.satellite[0].dlkDSL.mac,Message Generation Delay for Node 357 at Satellite,,,"14.14274131012 116.47473080008 231.58845721528","13.14274131012 0.47473080008 0.58845721527999"
General-359-20260805-18:57:02-87901,vector,Florasat_Individual_Sats.satellite[0].net.packetHandler,packets received,,,"14.14274131012 25.57294193157 26.02083360142 27.44173348358 38.28807220038 38.75030145928 40.15035786121 49.69724968858 53.6180589573 116.47473080008 117.1690354002 127.94015905274 127.96210525155 128.79531787326 129.94095877282 130.33909151138 131.07970974937 131.10375668937 138.63439745888 141.51982659421 143.64150434736 153.02209700145 155.47604136652 156.09409162838 156.53992127129 157.21769265172 157.45901824561 157.73786023924 165.37727490802 167.85460026669 168.36293446429 169.12890651695 169.68510909592 170.14594198688 171.48600871855 231.58845721528 232.37848675315 232.66705201323 233.01239655124 242.53313756984 242.67818677508 243.34782864902 244.21776580358 246.0041897112 247.17832274399 254.77581206676 255.57543403123 256.43857696181 257.67412128872 259.84253106493 267.15785432458 267.76335631617 268.59666145956 269.42301316041 270.52881241445 272.52569477553 273.66146996867 274.44900156901 274.89534066678 279.07266937978 280.59311261288 280.65129889049 280.6689696302 282.39347967369 282.9167356369 284.194294105 284.95108844147 285.08687941617 285.80199101022 286.78076595396 287.988123408 288.95967258411 346.49684666626 347.35827279737 359.2898988488 359.29382373196 361.86442823139 369.24298489552 369.32134851734 372.04113880516 373.40118577442 375.67175452368 375.81961606786 379.53481874631 380.19824142139 381.2937218164 382.17586012058 384.92128245154 385.42721683689 386.2837716957 387.75885824038 392.70016122646 393.23361049725 394.10923055912 394.45617941757 395.82639152737 398.03145969816 398.66916295574 399.88499354887 401.48935589165 471.76185211067 472.58841624194 472.99378731188 473.47835703627 474.63590637355 474.71768074891 475.45587041582 482.37689430959 484.64802018543 485.44871018412 487.19926456845 490.38780170776 491.02594637049 493.43754226825 496.21108570662 499.00894547258 499.12651997449 499.47844783764 500.40406249038 501.24893226747 507.48594589126 508.37077206018 509.05858523589 509.80630262045 511.3437023693 513.03137771243 515.56381481087 516.15136852388 578.53490330934 589.17420054743 589.63669753767 589.72535973451 591.9919311508 599.61021229526 599.87431201342 602.07386000817 603.03437205002 603.11891625835 610.93323136636 613.49473256286 614.75176978194 615.80978162554 617.2945188111 625.78214847384 625.86490711736 629.59101557117 692.8918567987 707.4060020957 720.74542189137 732.49225273616 742.5759508985","1 2 3 4 5 6 7 8 9 10 11 12 13 14 15 16 17 18 19 20 21 22 23 24 25 26 27 28 29 30 31 32 33 34 35 36 37 38 39 40 41 42 43 44 45 46 47 48 49 50 51 52 53 54 55 56 57 58 59 60 61 62 63 64 65 66 67 68 69 70 71 72 73 74 75 76 77 78 79 80 81 82 83 84 85 86 87 88 89 90 91 92 93 94 95 96 97 98 99 100 101 102 103 104 105 106 107 108 109 110 111 112 113 114 115 116 117 118 119 120 121 122 123 124 125 126 127 128 129 130 131 132 133 134 135 136 137 138 139 140 141 142 143 144 145 146 147 148 149 150 151"
General-359-20260805-18:57:02-87901,vector,Florasat_Individual_Sats.satellite[0].net.packetHandler,dropped unroutable,,,"14.14274131012 25.57294193157 26.02083360142 27.44173348358 38.28807220038 38.75030145928 40.15035786121 49.69724968858 53.6180589573 116.47473080008 117.1690354002 127.94015905274 127.96210525155 128.79531787326 129.94095877282 130.33909151138 131.07970974937 131.10375668937 138.63439745888 141.51982659421 143.64150434736 153.02209700145 155.47604136652 156.09409162838 156.53992127129 157.21769265172 157.45901824561 157.73786023924 165.37727490802 167.85460026669 168.36293446429 169.12890651695 169.68510909592 170.14594198688 171.48600871855 231.58845721528 232.37848675315 232.66705201323 233.01239655124 242.53313756984 242.67818677508 243.34782864902 244.21776580358 246.0041897112 247.17832274399 254.77581206676 255.57543403123 256.43857696181 257.67412128872 259.84253106493 267.15785432458 267.76335631617 268.59666145956 269.42301316041 270.52881241445 272.52569477553 273.66146996867 274.44900156901 274.89534066678 279.07266937978 280.59311261288 280.65129889049 280.6689696302 282.39347967369 282.9167356369 284.194294105 284.95108844147 285.08687941617 285.80199101022 286.78076595396 287.988123408 288.95967258411 346.49684666626 347.35827279737 359.2898988488 359.29382373196 361.86442823139 369.24298489552 369.32134851734 372.04113880516 373.40118577442 375.67175452368 375.81961606786 379.53481874631 380.19824142139 381.2937218164 382.17586012058 384.92128245154 385.42721683689 386.2837716957 387.75885824038 392.70016122646 393.23361049725 394.10923055912 394.45617941757 395.82639152737 398.03145969816 398.66916295574 399.88499354887 401.48935589165 471.76185211067 472.58841624194 472.99378731188 473.47835703627 474.63590637355 474.71768074891 475.45587041582 482.37689430959 484.64802018543 485.44871018412 487.19926456845 490.38780170776 491.02594637049 493.43754226825 496.21108570662 499.00894547258 499.12651997449 499.47844783764 500.40406249038 501.24893226747 507.48594589126 508.37077206018 509.05858523589 509.80630262045 511.3437023693 513.03137771243 515.56381481087 516.15136852388 578.53490330934 589.17420054743 589.63669753767 589.72535973451 591.9919311508 599.61021229526 599.87431201342 602.07386000817 603.03437205002 603.11891625835 610.93323136636 613.49473256286 614.75176978194 615.80978162554 617.2945188111 625.78214847384 625.86490711736 629.59101557117 692.8918567987 707.4060020957 720.74542189137 732.49225273616 742.5759508985","1 2 3 4 5 6 7 8 9 10 11 12 13 14 15 16 17 18 19 20 21 22 23 24 25 26 27 28 29 30 31 32 33 34 35 36 37 38 39 40 41 42 43 44 45 46 47 48 49 50 51 52 53 54 55 56 57 58 59 60 61 62 63 64 65 66 67 68 69 70 71 72 73 74 75 76 77 78 79 80 81 82 83 84 85 86 87 88 89 90 91 92 93 94 95 96 97 98 99 100 101 102 103 104 105 106 107 108 109 110 111 112 113 114 115 116 117 118 119 120 121 122 123 124 125 126 127 128 129 130 131 132 133 134 135 136 137 138 139 140 141 142 143 144 145 146 147 148 149 150 151"
General-359-20260805-18:57:02-87901,vector,Florasat_Individual_Sats.satellite[0].net.packetHandler,packets dropped,,,"14.14274131012 25.57294193157 26.02083360142 27.44173348358 38.28807220038 38.75030145928 40.15035786121 49.69724968858 53.6180589573 116.47473080008 117.1690354002 127.94015905274 127.96210525155 128.79531787326 129.94095877282 130.33909151138 131.07970974937 131.10375668937 138.63439745888 141.51982659421 143.64150434736 153.02209700145 155.47604136652 156.09409162838 156.53992127129 157.21769265172 157.45901824561 157.73786023924 165.37727490802 167.85460026669 168.36293446429 169.12890651695 169.68510909592 170.14594198688 171.48600871855 231.58845721528 232.37848675315 232.66705201323 233.01239655124 242.53313756984 242.67818677508 243.34782864902 244.21776580358 246.0041897112 247.17832274399 254.77581206676 255.57543403123 256.43857696181 257.67412128872 259.84253106493 267.15785432458 267.76335631617 268.59666145956 269.42301316041 270.52881241445 272.52569477553 273.66146996867 274.44900156901 274.89534066678 279.07266937978 280.59311261288 280.65129889049 280.6689696302 282.39347967369 282.9167356369 284.194294105 284.95108844147 285.08687941617 285.80199101022 286.78076595396 287.988123408 288.95967258411 346.49684666626 347.35827279737 359.2898988488 359.29382373196 361.86442823139 369.24298489552 369.32134851734 372.04113880516 373.40118577442 375.67175452368 375.81961606786 379.53481874631 380.19824142139 381.2937218164 382.17586012058 384.92128245154 385.42721683689 386.2837716957 387.75885824038 392.70016122646 393.23361049725 394.10923055912 394.45617941757 395.82639152737 398.03145969816 398.66916295574 399.88499354887 401.48935589165 471.76185211067 472.58841624194 472.99378731188 473.47835703627 474.63590637355 474.71768074891 475.45587041582 482.37689430959 484.64802018543 485.44871018412 487.19926456845 490.38780170776 491.02594637049 493.43754226825 496.21108570662 499.00894547258 499.12651997449 499.47844783764 500.40406249038 501.24893226747 507.48594589126 508.37077206018 509.05858523589 509.80630262045 511.3437023693 513.03137771243 515.56381481087 516.15136852388 578.53490330934 589.17420054743 589.63669753767 589.72535973451 591.9919311508 599.61021229526 599.87431201342 602.07386000817 603.03437205002 603.11891625835 610.93323136636 613.49473256286 614.75176978194 615.80978162554 617.2945188111 625.78214847384 625.86490711736 629.59101557117 692.8918567987 707.4060020957 720.74542189137 732.49225273616 742.5759508985","1 2 3 4 5 6 7 8 9 10 11 12 13 14 15 16 17 18 19 20 21 22 23 24 25 26 27 28 29 30 31 32 33 34 35 36 37 38 39 40 41 42 43 44 45 46 47 48 49 50 51 52 53 54 55 56 57 58 59 60 61 62 63 64 65 66 67 68 69 70 71 72 73 74 75 76 77 78 79 80 81 82 83 84 85 86 87 88 89 90 91 92 93 94 95 96 97 98 99 100 101 102 103 104 105 106 107 108 109 110 111 112 113 114 115 116 117 118 119 120 121 122 123 124 125 126 127 128 129 130 131 132 133 134 135 136 137 138 139 140 141 142 143 144 145 146 147 148 149 150 151"
General-359-20260805-18:57:02-87901,vector,Florasat_Individual_Sats.satellite[0].dlkDSL.mac,Repetition Position for Node 387 at Satellite,,,"25.57294193157 49.69724968858 247.17832274399 257.67412128872 272.52569477553 285.80199101022 361.86442823139","180 180 180 180 180 180 180"
General-359-20260805-18:57:02-87901,vector,Florasat_Individual_Sats.satellite[0].dlkDSL.mac,Repetition Generation Delay for Node 387 at Satellite,,,"25.57294193157 49.69724968858 247.17832274399 257.67412128872 272.52569477553 285.80199101022 361.86442823139","24.57294193157 48.69724968858 16.17832274399 26.67412128872 41.52569477553 54.80199101022 15.86442823139"
General-359-20260805-18:57:02-87901,vector,Florasat_Individual_Sats.satellite[0].dlkDSL.mac,Message Generation Delay for Node 387 at Satellite,,,"25.57294193157 247.17832274399 361.86442823139","24.57294193157 16.17832274399 15.86442823139"
General-359-20260805-18:57:02-87901,vector,Florasat_Individual_Sats.satellite[0].dlkDSL.mac,Repetition Position for Node 822 at Satellite,,,"27.44173348358 38.28807220038 128.79531787326 157.73786023924 169.12890651695 242.67818677508 282.9167356369","180 180 180 180 180 180 180"
General-359-20260805-18:57:02-87901,vector,Florasat_Individual_Sats.satellite[0].dlkDSL.mac,Repetition Generation Delay for Node 822 at Satellite,,,"27.44173348358 38.28807220038 128.79531787326 157.73786023924 169.12890651695 242.67818677508 282.9167356369","26.44173348358 37.28807220038 12.79531787326 41.73786023924 53.12890651695 11.67818677508 51.9167356369"
General-359-20260805-18:57:02-87901,vector,Florasat_Individual_Sats.satellite[0].dlkDSL.mac,Message Generation Delay for Node 822 at Satellite,,,"27.44173348358 128.79531787326 242.67818677508","26.44173348358 12.79531787326 11.67818677508"
General-359-20260805-18:57:02-87901,vector,Florasat_Individual_Sats.satellite[0].dlkDSL.mac,Repetition Position for Node 792 at Satellite,,,"40.15035786121 53.6180589573 131.10375668937 156.53992127129 167.85460026669 274.89534066678 288.95967258411","180 180 180 180 180 180 180"
General-359-20260805-18:57:02-87901,vector,Florasat_Individual_Sats.satellite[0].dlkDSL.mac,Repetition Generation Delay for Node 792 at Satellite,,,"40.15035786121 53.6180589573 131.10375668937 156.53992127129 167.85460026669 274.89534066678 288.95967258411","39.15035786121 52.6180589573 15.10375668937 40.53992127129 51.85460026669 43.89534066678 57.95967258411"
General-359-20260805-18:57:02-87901,vector,Florasat_Individual_Sats.satellite[0].dlkDSL.mac,Message Generation Delay for Node 792 at Satellite,,,"40.15035786121 131.10375668937 274.89534066678","39.15035786121 15.10375668937 43.89534066678"
General-359-20260805-18:57:02-87901,vector,Florasat_Individual_Sats.satellite[0].dlkDSL.mac,Repetition Position for Node 807 at Satellite,,,"117.1690354002 127.96210525155 141.51982659421 156.09409162838 168.36293446429 232.37848675315 242.53313756984 256.43857696181 269.42301316041 280.6689696302","180 180 180 180 180 180 180 180 180 180"
General-359-20260805-18:57:02-87901,vector,Florasat_Individual_Sats.satellite[0].dlkDSL.mac,Repetition Generation Delay for Node 807 at Satellite,,,"117.1690354002 127.96210525155 141.51982659421 156.09409162838 168.36293446429 232.37848675315 242.53313756984 256.43857696181 269.42301316041 280.6689696302","1.1690354002 11.96210525155 25.51982659421 40.09409162838 52.36293446429 1.37848675315 11.53313756984 25.43857696181 38.42301316041 49.6689696302"
General-359-20260805-18:57:02-87901,vector,Florasat_Individual_Sats.satellite[0].dlkDSL.mac,Message Generation Delay for Node 807 at Satellite,,,"117.1690354002 232.37848675315","1.1690354002 1.37848675315"
General-359-20260805-18:57:02-87901,vector,Florasat_Individual_Sats.satellite[0].dlkDSL.mac,Repetition Position for Node 372 at Satellite,,,"127.94015905274 138.63439745888 153.02209700145 165.37727490802 232.66705201323 244.21776580358 254.77581206676 268.59666145956 279.07266937978","180 180 180 180 180 180 180 180 180"
General-359-20260805-18:57:02-87901,vector,Florasat_Individual_Sats.satellite[0].dlkDSL.mac,Repetition Generation Delay for Node 372 at Satellite,,,"127.94015905274 138.63439745888 153.02209700145 165.37727490802 232.66705201323 244.21776580358 254.77581206676 268.59666145956 279.07266937978","11.94015905274 22.63439745888 37.02209700145 49.37727490802 1.66705201323 13.21776580358 23.77581206676 37.59666145956 48.07266937978"
General-359-20260805-18:57:02-87901,vector,Florasat_Individual_Sats.satellite[0].dlkDSL.mac,Message Generation Delay for Node 372 at Satellite,,,"127.94015905274 232.66705201323","11.94015905274 1.66705201323"
General-359-20260805-18:57:02-87901,vector,Florasat_Individual_Sats.satellite[0].dlkDSL.mac,Repetition Position for Node 777 at Satellite,,,"129.94095877282 143.64150434736 157.45901824561 169.68510909592 233.01239655124 243.34782864902 255.57543403123 267.76335631617 280.59311261288 375.67175452368","180 180 180 180 180 180 180 180 180 180"
General-359-20260805-18:57:02-87901,vector,Florasat_Individual_Sats.satellite[0].dlkDSL.mac,Repetition Generation Delay for Node 777 at Satellite,,,"129.94095877282 143.64150434736 157.45901824561 169.68510909592 233.01239655124 243.34782864902 255.57543403123 267.76335631617 280.59311261288 375.67175452368","13.94095877282 27.64150434736 41.45901824561 53.68510909592 2.01239655124 12.34782864902 24.57543403123 36.76335631617 49.59311261288 29.67175452368"
General-359-20260805-18:57:02-87901,vector,Florasat_Individual_Sats.satellite[0].dlkDSL.mac,Message Generation Delay for Node 777 at Satellite,,,"129.94095877282 233.01239655124 375.67175452368","13.94095877282 2.01239655124 29.67175452368"
General-359-20260805-18:57:02-87901,vector,Florasat_Individual_Sats.satellite[0].dlkDSL.mac,Repetition Position for Node 342 at Satellite,,,"131.07970974937 171.48600871855","180 180"
General-359-20260805-18:57:02-87901,vector,Florasat_Individual_Sats.satellite[0].dlkDSL.mac,Repetition Generation Delay for Node 342 at Satellite,,,"131.07970974937 171.48600871855","15.07970974937 55.48600871855"
General-359-20260805-18:57:02-87901,vector,Florasat_Individual_Sats.satellite[0].dlkDSL.mac,Message Generation Delay for Node 342 at Satellite,,,"131.07970974937","15.07970974937"
General-359-20260805-18:57:02-87901,vector,Florasat_Individual_Sats.satellite[0].dlkDSL.mac,Repetition Position for Node 222 at Satellite,,,"155.47604136652 170.14594198688 259.84253106493 274.44900156901 287.988123408 347.35827279737 372.04113880516","180 180 180 180 180 180 180"
General-359-20260805-18:57:02-87901,vector,Florasat_Individual_Sats.satellite[0].dlkDSL.mac,Repetition Generation Delay for Node 222 at Satellite,,,"155.47604136652 170.14594198688 259.84253106493 274.44900156901 287.988123408 347.35827279737 372.04113880516","39.47604136652 54.14594198688 28.84253106493 43.44900156901 56.988123408 1.35827279737 26.04113880516"
General-359-20260805-18:57:02-87901,vector,Florasat_Individual_Sats.satellite[0].dlkDSL.mac,Message Generation Delay for Node 222 at Satellite,,,"155.47604136652 259.84253106493 347.35827279737","39.47604136652 28.84253106493 1.35827279737"
General-359-20260805-18:57:02-87901,vector,Florasat_Individual_Sats.satellite[0].dlkDSL.mac,Repetition Position for Node 417 at Satellite,,,"246.0041897112 267.15785432458","180 180"
General-359-20260805-18:57:02-87901,vector,Florasat_Individual_Sats.satellite[0].dlkDSL.mac,Repetition Generation Delay for Node 417 at Satellite,,,"246.0041897112 267.15785432458","15.0041897112 36.15785432458"
General-359-20260805-18:57:02-87901,vector,Florasat_Individual_Sats.satellite[0].dlkDSL.mac,Message Generation Delay for Node 417 at Satellite,,,"246.0041897112","15.0041897112"
General-359-20260805-18:57:02-87901,vector,Florasat_Individual_Sats.satellite[0].dlkDSL.mac,Repetition Position for Node 432 at Satellite,,,"270.52881241445 284.194294105 359.2898988488 373.40118577442 384.92128245154 395.82639152737 471.76185211067 482.37689430959 493.43754226825 508.37077206018","180 180 180 180 180 180 180 180 180 180"
General-359-20260805-18:57:02-87901,vector,Florasat_Individual_Sats.satellite[0].dlkDSL.mac,Repetition Generation Delay for Node 432 at Satellite,,,"270.52881241445 284.194294105 359.2898988488 373.40118577442 384.92128245154 395.82639152737 471.76185211067 482.37689430959 493.43754226825 508.37077206018","39.52881241445 53.194294105 13.2898988488 27.40118577442 38.92128245154 49.82639152737 10.76185211067 21.37689430959 32.43754226825 47.37077206018"
General-359-20260805-18:57:02-87901,vector,Florasat_Individual_Sats.satellite[0].dlkDSL.mac,Message Generation Delay for Node 432 at Satellite,,,"270.52881241445 359.2898988488 471.76185211067","39.52881241445 13.2898988488 10.76185211067"
General-359-20260805-18:57:02-87901,vector,Florasat_Individual_Sats.satellite[0].dlkDSL.mac,Repetition Position for Node 762 at Satellite,,,"280.65129889049 369.32134851734 380.19824142139 392.70016122646","180 180 180 180"
General-359-20260805-18:57:02-87901,vector,Florasat_Individual_Sats.satellite[0].dlkDSL.mac,Repetition Generation Delay for Node 762 at Satellite,,,"280.65129889049 369.32134851734 380.19824142139 392.70016122646","49.65129889049 23.32134851734 34.19824142139 46.70016122646"
General-359-20260805-18:57:02-87901,vector,Florasat_Individual_Sats.satellite[0].dlkDSL.mac,Message Generation Delay for Node 762 at Satellite,,,"280.65129889049 369.32134851734","49.65129889049 23.32134851734"
General-359-20260805-18:57:02-87901,vector,Florasat_Individual_Sats.satellite[0].dlkDSL.mac,Repetition Position for Node 402 at Satellite,,,"282.39347967369","180"
General-359-20260805-18:57:02-87901,vector,Florasat_Individual_Sats.satellite[0].dlkDSL.mac,Repetition Generation Delay for Node 402 at Satellite,,,"282.39347967369","51.39347967369"
General-359-20260805-18:57:02-87901,vector,Florasat_Individual_Sats.satellite[0].dlkDSL.mac,Message Generation Delay for Node 402 at Satellite,,,"282.39347967369","51.39347967369"
General-359-20260805-18:57:02-87901,vector,Florasat_Individual_Sats.satellite[0].dlkDSL.mac,Repetition Position for Node 837 at Satellite,,,"285.08687941617 394.10923055912","180 180"
General-359-20260805-18:57:02-87901,vector,Florasat_Individual_Sats.satellite[0].dlkDSL.mac,Repetition Generation Delay for Node 837 at Satellite,,,"285.08687941617 394.10923055912","54.08687941617 48.10923055912"
General-359-20260805-18:57:02-87901,vector,Florasat_Individual_Sats.satellite[0].dlkDSL.mac,Message Generation Delay for Node 837 at Satellite,,,"285.08687941617 394.10923055912","54.08687941617 48.10923055912"
General-359-20260805-18:57:02-87901,vector,Florasat_Individual_Sats.satellite[0].dlkDSL.mac,Repetition Position for Node 672 at Satellite,,,"286.78076595396","180"
General-359-20260805-18:57:02-87901,vector,Florasat_Individual_Sats.satellite[0].dlkDSL.mac,Repetition Generation Delay for Node 672 at Satellite,,,"286.78076595396","55.78076595396"
General-359-20260805-18:57:02-87901,vector,Florasat_Individual_Sats.satellite[0].dlkDSL.mac,Message Generation Delay for Node 672 at Satellite,,,"286.78076595396","55.78076595396"
General-359-20260805-18:57:02-87901,vector,Florasat_Individual_Sats.satellite[0].dlkDSL.mac,Repetition Position for Node 852 at Satellite,,,"346.49684666626 369.24298489552 379.53481874631 393.23361049725 499.12651997449 513.03137771243","180 180 180 180 180 180"
General-359-20260805-18:57:02-87901,vector,Florasat_Individual_Sats.satellite[0].dlkDSL.mac,Repetition Generation Delay for Node 852 at Satellite,,,"346.49684666626 369.24298489552 379.53481874631 393.23361049725 499.12651997449 513.03137771243","0.49684666625996 23.24298489552 33.53481874631 47.23361049725 38.12651997449 52.03137771243"
General-359-20260805-18:57:02-87901,vector,Florasat_Individual_Sats.satellite[0].dlkDSL.mac,Message Generation Delay for Node 852 at Satellite,,,"346.49684666626 499.12651997449","0.49684666625996 38.12651997449"
General-359-20260805-18:57:02-87901,vector,Florasat_Individual_Sats.satellite[0].dlkDSL.mac,Repetition Position for Node 867 at Satellite,,,"359.29382373196 386.2837716957 399.88499354887 473.47835703627","180 180 180 180"
General-359-20260805-18:57:02-87901,vector,Florasat_Individual_Sats.satellite[0].dlkDSL.mac,Repetition Generation Delay for Node 867 at Satellite,,,"359.29382373196 386.2837716957 399.88499354887 473.47835703627","13.29382373196 40.2837716957 53.88499354887 12.47835703627"
General-359-20260805-18:57:02-87901,vector,Florasat_Individual_Sats.satellite[0].dlkDSL.mac,Message Generation Delay for Node 867 at Satellite,,,"359.29382373196 473.47835703627","13.29382373196 12.47835703627"
General-359-20260805-18:57:02-87901,vector,Florasat_Individual_Sats.satellite[0].dlkDSL.mac,Repetition Position for Node 882 at Satellite,,,"375.81961606786 387.75885824038 401.48935589165 474.63590637355 500.40406249038 511.3437023693 599.61021229526 613.49473256286 625.78214847384","180 180 180 180 180 180 180 180 180"
General-359-20260805-18:57:02-87901,vector,Florasat_Individual_Sats.satellite[0].dlkDSL.mac,Repetition Generation Delay for Node 882 at Satellite,,,"375.81961606786 387.75885824038 401.48935589165 474.63590637355 500.40406249038 511.3437023693 599.61021229526 613.49473256286 625.78214847384","29.81961606786 41.75885824038 55.48935589165 13.63590637355 39.40406249038 50.3437023693 23.61021229526 37.49473256286 49.78214847384"
General-359-20260805-18:57:02-87901,vector,Florasat_Individual_Sats.satellite[0].dlkDSL.mac,Message Generation Delay for Node 882 at Satellite,,,"375.81961606786 474.63590637355 599.61021229526","29.81961606786 13.63590637355 23.61021229526"
General-359-20260805-18:57:02-87901,vector,Florasat_Individual_Sats.satellite[0].dlkDSL.mac,Repetition Position for Node 912 at Satellite,,,"381.2937218164 474.71768074891 499.47844783764 509.80630262045 591.9919311508 603.11891625835 615.80978162554 629.59101557117","180 180 180 180 180 180 180 180"
General-359-20260805-18:57:02-87901,vector,Florasat_Individual_Sats.satellite[0].dlkDSL.mac,Repetition Generation Delay for Node 912 at Satellite,,,"381.2937218164 474.71768074891 499.47844783764 509.80630262045 591.9919311508 603.11891625835 615.80978162554 629.59101557117","35.2937218164 13.71768074891 38.47844783764 48.80630262045 15.9919311508 27.11891625835 39.80978162554 53.59101557117"
General-359-20260805-18:57:02-87901,vector,Florasat_Individual_Sats.satellite[0].dlkDSL.mac,Message Generation Delay for Node 912 at Satellite,,,"381.2937218164 474.71768074891 591.9919311508","35.2937218164 13.71768074891 15.9919311508"
General-359-20260805-18:57:02-87901,vector,Florasat_Individual_Sats.satellite[0].dlkDSL.mac,Repetition Position for Node 282 at Satellite,,,"382.17586012058 394.45617941757 472.58841624194 484.64802018543 496.21108570662 507.48594589126 589.72535973451 602.07386000817 614.75176978194","180 180 180 180 180 180 180 180 180"
General-359-20260805-18:57:02-87901,vector,Florasat_Individual_Sats.satellite[0].dlkDSL.mac,Repetition Generation Delay for Node 282 at Satellite,,,"382.17586012058 394.45617941757 472.58841624194 484.64802018543 496.21108570662 507.48594589126 589.72535973451 602.07386000817 614.75176978194","36.17586012058 48.45617941757 11.58841624194 23.64802018543 35.21108570662 46.48594589126 13.72535973451 26.07386000817 38.75176978194"
General-359-20260805-18:57:02-87901,vector,Florasat_Individual_Sats.satellite[0].dlkDSL.mac,Message Generation Delay for Node 282 at Satellite,,,"382.17586012058 472.58841624194 589.72535973451","36.17586012058 11.58841624194 13.72535973451"
General-359-20260805-18:57:02-87901,vector,Florasat_Individual_Sats.satellite[0].dlkDSL.mac,Repetition Position for Node 732 at Satellite,,,"385.42721683689 398.03145969816 491.02594637049 501.24893226747 515.56381481087 603.03437205002 617.2945188111","180 180 180 180 180 180 180"
General-359-20260805-18:57:02-87901,vector,Florasat_Individual_Sats.satellite[0].dlkDSL.mac,Repetition Generation Delay for Node 732 at Satellite,,,"385.42721683689 398.03145969816 491.02594637049 501.24893226747 515.56381481087 603.03437205002 617.2945188111","39.42721683689 52.03145969816 30.02594637049 40.24893226747 54.56381481087 27.03437205002 41.2945188111"
General-359-20260805-18:57:02-87901,vector,Florasat_Individual_Sats.satellite[0].dlkDSL.mac,Message Generation Delay for Node 732 at Satellite,,,"385.42721683689 491.02594637049 603.03437205002","39.42721683689 30.02594637049 27.03437205002"
General-359-20260805-18:57:02-87901,vector,Florasat_Individual_Sats.satellite[0].dlkDSL.mac,Repetition Position for Node 897 at Satellite,,,"398.66916295574","180"
General-359-20260805-18:57:02-87901,vector,Florasat_Individual_Sats.satellite[0].dlkDSL.mac,Repetition Generation Delay for Node 897 at Satellite,,,"398.66916295574","52.66916295574"
General-359-20260805-18:57:02-87901,vector,Florasat_Individual_Sats.satellite[0].dlkDSL.mac,Message Generation Delay for Node 897 at Satellite,,,"398.66916295574","52.66916295574"
General-359-20260805-18:57:02-87901,vector,Florasat_Individual_Sats.satellite[0].dlkDSL.mac,Repetition Position for Node 267 at Satellite,,,"472.99378731188 516.15136852388 589.63669753767","180 180 180"
General-359-20260805-18:57:02-87901,vector,Florasat_Individual_Sats.satellite[0].dlkDSL.mac,Repetition Generation Delay for Node 267 at Satellite,,,"472.99378731188 516.15136852388 589.63669753767","11.99378731188 55.15136852388 13.63669753767"
General-359-20260805-18:57:02-87901,vector,Florasat_Individual_Sats.satellite[0].dlkDSL.mac,Message Generation Delay for Node 267 at Satellite,,,"472.99378731188 589.63669753767","11.99378731188 13.63669753767"
General-359-20260805-18:57:02-87901,vector,Florasat_Individual_Sats.satellite[0].dlkDSL.mac,Repetition Position for Node 447 at Satellite,,,"475.45587041582 490.38780170776","180 180"
General-359-20260805-18:57:02-87901,vector,Florasat_Individual_Sats.satellite[0].dlkDSL.mac,Repetition Generation Delay for Node 447 at Satellite,,,"475.45587041582 490.38780170776","14.45587041582 29.38780170776"
General-359-20260805-18:57:02-87901,vector,Florasat_Individual_Sats.satellite[0].dlkDSL.mac,Message Generation Delay for Node 447 at Satellite,,,"475.45587041582","14.45587041582"
General-359-20260805-18:57:02-87901,vector,Florasat_Individual_Sats.satellite[0].dlkDSL.mac,Repetition Position for Node 927 at Satellite,,,"485.44871018412 499.00894547258 509.05858523589 578.53490330934 589.17420054743 599.87431201342 610.93323136636 625.86490711736 692.8918567987 707.4060020957 720.74542189137 732.49225273616 742.5759508985","180 180 180 180 180 180 180 180 180 180 180 180 180"
General-359-20260805-18:57:02-87901,vector,Florasat_Individual_Sats.satellite[0].dlkDSL.mac,Repetition Generation Delay for Node 927 at Satellite,,,"485.44871018412 499.00894547258 509.05858523589 578.53490330934 589.17420054743 599.87431201342 610.93323136636 625.86490711736 692.8918567987 707.4060020957 720.74542189137 732.49225273616 742.5759508985","24.44871018412 38.00894547258 48.05858523589 2.5349033093399 13.17420054743 23.87431201342 34.93323136636 49.86490711736 1.8918567986999 16.4060020957 29.74542189137 41.49225273616 51.5759508985"
General-359-20260805-18:57:02-87901,vector,Florasat_Individual_Sats.satellite[0].dlkDSL.mac,Message Generation Delay for Node 927 at Satellite,,,"485.44871018412 578.53490330934 692.8918567987","24.44871018412 2.5349033093399 1.8918567986999"
General-359-20260805-18:57:02-87901,vector,Florasat_Individual_Sats.satellite[0].dlkDSL.mac,Repetition Position for Node 462 at Satellite,,,"487.19926456845","180"
General-359-20260805-18:57:02-87901,vector,Florasat_Individual_Sats.satellite[0].dlkDSL.mac,Repetition Generation Delay for Node 462 at Satellite,,,"487.19926456845","26.19926456845"
General-359-20260805-18:57:02-87901,vector,Florasat_Individual_Sats.satellite[0].dlkDSL.mac,Message Generation Delay for Node 462 at Satellite,,,"487.19926456845","26.19926456845"
