pid,time,srcId,dstId,srcSat,dstSat,latDev,longDev,loraTP,loraCF,loraSF,loraBW,loraCR,satId,elevSat,doppler,rcvOk,minPowerdBm,sensitivitydBm,duration
270251, 1.47902, 43, -1,-1,-1,55.6658,27.4582,0.015849,8.68e+08,10,125000,1,0,4.90681,18965.8,0,-135.849,-133,0.436224
270293, 1.8296, 33, -1,-1,-1,47.239,17.4643,0.019953,8.68e+08,10,125000,1,0,-4.49262,19683.4,0,-137.672,-133,0.436224
270310, 1.88943, 18, -1,-1,-1,40.3252,0.458257,0.015849,8.68e+08,10,125000,1,0,-11.8227,19054,0,-140.774,-133,0.436224
270317, 1.94412, 3, -1,-1,-1,41.7537,-4.41958,0.015849,8.68e+08,11,125000,1,0,-11.4674,18562.7,0,-140.678,-135,0.790528
270319, 1.99417, 7, -1,-1,-1,47.6351,15.354,0.015849,8.68e+08,11,125000,1,0,-4.39668,19767.7,0,-138.644,-135,0.790528
270341, 2.1175, 35, -1,-1,-1,45.7431,26.4773,0.019953,8.68e+08,10,125000,1,0,-4.9645,18797.5,0,-137.811,-133,0.436224
270348, 2.14942, 8, -1,-1,-1,60.4856,7.73014,0.025119,8.68e+08,11,125000,1,0,7.38377,19048.2,0,-133.122,-135,0.790528
270350, 2.31215, 41, -1,-1,-1,59.5484,25.9088,0.019953,8.68e+08,11,125000,1,0,9.82807,19131.9,0,-133.421,-135,0.790528
270372, 2.47213, 32, -1,-1,-1,51.2589,12.3527,0.019953,8.68e+08,11,125000,1,0,-1.5393,19830.7,0,-136.788,-135,0.790528
270374, 2.48841, 47, -1,-1,-1,60.7194,5.65594,0.015849,8.68e+08,11,125000,1,0,7.18993,18765.6,0,-135.179,-135,0.790528
270376, 2.49493, 25, -1,-1,-1,47.5334,10.9197,0.019953,8.68e+08,10,125000,1,0,-4.97145,19763.1,0,-137.815,-133,0.436224
270378, 2.49528, 17, -1,-1,-1,50.975,1.0294,0.019953,8.68e+08,10,125000,1,0,-3.50543,19059.4,0,-137.38,-133,0.436224
270395, 2.56118, 23, -1,-1,-1,52.8622,11.1827,0.019953,8.68e+08,10,125000,1,0,-0.175578,19787.1,0,-136.376,-133,0.436224
270397, 2.57918, 30, -1,-1,-1,49.4973,17.4698,0.015849,8.68e+08,11,125000,1,0,-2.48993,19746.3,0,-138.073,-135,0.790528
270399, 2.60942, 40, -1,-1,-1,60.8808,23.4982,0.015849,8.68e+08,12,125000,1,0,11.3639,19326.2,0,-133.993,-137,1.58106
270401, 2.62481, 52, -1,-1,-1,39.7577,32.3711,0.019953,8.68e+08,11,125000,1,0,-9.45642,17530.2,0,-139.113,-135,0.790528
270408, 2.65339, 16, -1,-1,-1,42.4575,7.48746,0.019953,8.68e+08,11,125000,1,0,-9.3955,19544,0,-139.098,-135,0.790528
270410, 2.65797, 34, -1,-1,-1,48.7562,19.7846,0.025119,8.68e+08,11,125000,1,0,-2.8998,19601.7,0,-136.196,-135,0.790528
270432, 2.80332, 22, -1,-1,-1,49.8807,11.1424,0.019953,8.68e+08,11,125000,1,0,-2.93148,19797,0,-137.206,-135,0.790528
270434, 2.81004, 49, -1,-1,-1,46.408,9.75733,0.015849,8.68e+08,11,125000,1,0,-6.04425,19715,0,-139.131,-135,0.790528
270441, 2.83726, 53, -1,-1,-1,63.4292,-20.8181,0.019953,8.68e+08,10,125000,1,0,3.31738,12546.2,0,-135.327,-133,0.436224
270448, 2.90519, 39, -1,-1,-1,43.5465,21.5478,0.025119,8.68e+08,12,125000,1,0,-7.1597,19254.7,0,-137.456,-137,1.58106
270470, 3.08797, 48, -1,-1,-1,58.3997,11.2994,0.015849,8.68e+08,10,125000,1,0,5.75465,19551.8,0,-135.599,-133,0.436224
270482, 3.16225, 9, -1,-1,-1,39.6549,24.3091,0.025119,8.68e+08,10,125000,1,0,-9.90582,18748.9,0,-138.24,-133,0.436224
270484, 3.18303, 19, -1,-1,-1,38.1762,0.856056,0.025119,8.68e+08,11,125000,1,0,-13.2348,19023,0,-139.155,-135,0.790528
270486, 3.21416, 51, -1,-1,-1,41.8919,29.6462,0.019953,8.68e+08,10,125000,1,0,-7.87841,18112.9,0,-138.663,-133,0.436224
270493, 3.2322, 5, -1,-1,-1,53.5397,3.21519,0.015849,8.68e+08,12,125000,1,0,-0.881816,19191.9,0,-137.591,-137,1.58106
270500, 3.26317, 56, -1,-1,-1,36.3084,12.5542,0.019953,8.68e+08,12,125000,1,0,-13.3045,19326.1,0,-140.172,-137,1.58106
270502, 3.28637, 31, -1,-1,-1,54.7544,21.0473,0.025119,8.68e+08,11,125000,1,0,3.20908,19628.2,0,-134.356,-135,0.790528
270509, 3.298, 26, -1,-1,-1,45.7065,9.06593,0.025119,8.68e+08,11,125000,1,0,-6.66965,19676.3,0,-137.314,-135,0.790528
270511, 3.32504, 45, -1,-1,-1,51.1713,24.9679,0.025119,8.68e+08,11,125000,1,0,-0.087256,19189.3,0,-135.348,-135,0.790528
270513, 3.39506, 50, -1,-1,-1,39.4666,15.4567,0.025119,8.68e+08,12,125000,1,0,-10.7775,19421.4,0,-138.484,-137,1.58106
270515, 3.47678, 55, -1,-1,-1,29.3703,-15.3954,0.025119,8.68e+08,11,125000,1,0,-20.974,16815.7,0,-141.077,-135,0.790528
270527, 3.49706, 1, -1,-1,-1,47.2765,2.22214,0.015849,8.68e+08,12,125000,1,0,-6.37195,19264.5,0,-139.228,-137,1.58106
270534, 3.5561, 15, -1,-1,-1,44.3496,3.32595,0.025119,8.68e+08,11,125000,1,0,-8.4502,19341.7,0,-137.83,-135,0.790528
270536, 3.59299, 4, -1,-1,-1,41.4412,12.9351,0.019953,8.68e+08,10,125000,1,0,-9.49643,19566.8,0,-139.126,-133,0.436224
270543, 3.64885, 37, -1,-1,-1,39.3182,23.7585,0.025119,8.68e+08,11,125000,1,0,-10.1879,18791.1,0,-138.319,-135,0.790528
270545, 3.66584, 38, -1,-1,-1,44.5391,14.5207,0.025119,8.68e+08,10,125000,1,0,-6.93488,19666.7,0,-137.391,-133,0.436224
270547, 3.69962, 20, -1,-1,-1,37.9471,-10.2414,0.015849,8.68e+08,11,125000,1,0,-14.8041,17734.7,0,-141.57,-135,0.790528
270579, 3.9221, 6, -1,-1,-1,58.2129,16.2971,0.025119,8.68e+08,12,125000,1,0,6.48255,19723,0,-133.385,-137,1.58106
270581, 3.92875, 24, -1,-1,-1,47.5807,13.3667,0.025119,8.68e+08,12,125000,1,0,-4.61523,19781.9,0,-136.709,-137,1.58106
270593, 3.96794, 58, -1,-1,-1,60.5259,-7.32063,0.025119,8.68e+08,10,125000,1,0,3.85698,16536.3,0,-134.164,-133,0.436224
270595, 4.35483, 12, -1,-1,-1,52.0633,-2.10831,0.019953,8.68e+08,10,125000,1,0,-3.00946,18578.2,0,-137.232,-133,0.436224
270597, 4.37176, 28, -1,-1,-1,56.1214,14.8064,0.019953,8.68e+08,10,125000,1,0,3.88776,19777.9,0,-135.153,-133,0.436224
270599, 4.3986, 27, -1,-1,-1,50.6159,6.80471,0.025119,8.68e+08,12,125000,1,0,-2.86424,19588.4,0,-136.187,-137,1.58106
270601, 4.51753, 46, -1,-1,-1,52.8116,25.5221,0.025119,8.68e+08,12,125000,1,0,1.65665,19158,0,-134.822,-137,1.58106
270603, 4.51783, 13, -1,-1,-1,57.0723,-1.70621,0.015849,8.68e+08,11,125000,1,0,1.66033,18184.5,0,-136.824,-135,0.790528
270605, 4.51898, 42, -1,-1,-1,57.7616,26.6615,0.019953,8.68e+08,12,125000,1,0,7.57975,19047.1,0,-134.064,-137,1.58106
270608, 4.54266, 59, -1,-1,-1,68.2639,21.0486,0.015849,8.68e+08,11,125000,1,0,25.7629,17852.9,1,-130.513,-135,0.790528
270610, 4.65638, 54, -1,-1,-1,33.9169,-17.5406,0.019953,8.68e+08,11,125000,1,0,-18.3793,16509.2,0,-141.468,-135,0.790528
270612, 4.66337, 10, -1,-1,-1,28.9812,30.4875,0.019953,8.68e+08,12,125000,1,0,-17.0933,17200.3,0,-141.144,-137,1.58106
270614, 4.73382, 14, -1,-1,-1,53.0462,-6.68945,0.015849,8.68e+08,12,125000,1,0,-3.03256,17786.8,0,-138.239,-137,1.58106
270616, 4.81859, 29, -1,-1,-1,50.7851,21.7882,0.015849,8.68e+08,12,125000,1,0,-0.734367,19497.1,0,-137.544,-137,1.58106
270618, 4.8745, 21, -1,-1,-1,39.9798,-9.60875,0.019953,8.68e+08,12,125000,1,0,-13.3316,17827.4,0,-140.183,-137,1.58106
270620, 5.06968, 57, -1,-1,-1,35.1402,33.8726,0.025119,8.68e+08,12,125000,1,0,-12.7417,16972.1,0,-139.019,-137,1.58106
270622, 5.07183, 36, -1,-1,-1,43.7267,24.2592,0.019953,8.68e+08,12,125000,1,0,-6.70385,18963.5,0,-138.322,-137,1.58106
270624, 5.22703, 44, -1,-1,-1,50.511,28.5311,0.019953,8.68e+08,12,125000,1,0,-0.380678,18649.6,0,-136.437,-137,1.58106
270626, 5.31326, 11, -1,-1,-1,56.9993,38.0547,0.019953,8.68e+08,12,125000,1,0,7.52524,16577.9,0,-134.079,-137,1.58106
270628, 5.39696, 0, -1,-1,-1,52.8019,-0.140325,0.019953,8.68e+08,12,125000,1,0,-2.02293,18803.8,0,-136.935,-137,1.58106
270630, 5.51294, 2, -1,-1,-1,51.5344,12.7308,0.019953,8.68e+08,12,125000,1,0,-1.10006,19815.9,0,-136.655,-137,1.58106
270647, 13.7642, 33, -1,-1,-1,47.239,17.4643,0.019953,8.68e+08,10,125000,1,0,-3.86472,19574.7,0,-137.484,-133,0.436224
270650, 13.8939, 41, -1,-1,-1,59.5484,25.9088,0.019953,8.68e+08,11,125000,1,0,10.8602,18917.5,1,-133.131,-135,0.790528
270657, 13.9462, 4, -1,-1,-1,41.4412,12.9351,0.019953,8.68e+08,10,125000,1,0,-9.01669,19484,0,-138.989,-133,0.436224
270674, 14.9121, 26, -1,-1,-1,45.7065,9.06593,0.025119,8.68e+08,11,125000,1,0,-6.09319,19578,0,-137.145,-135,0.790528
270686, 15.512, 24, -1,-1,-1,47.5807,13.3667,0.025119,8.68e+08,12,125000,1,0,-4.00482,19681.3,0,-136.526,-137,1.58106
270688, 15.6272, 30, -1,-1,-1,49.4973,17.4698,0.015849,8.68e+08,11,125000,1,0,-1.75771,19621.8,0,-137.852,-135,0.790528
270695, 15.776, 34, -1,-1,-1,48.7562,19.7846,0.025119,8.68e+08,11,125000,1,0,-2.17844,19471,0,-135.978,-135,0.790528
270697, 15.7863, 54, -1,-1,-1,33.9169,-17.5406,0.019953,8.68e+08,11,125000,1,0,-17.9959,16367.1,0,-141.374,-135,0.790528
270699, 16.1414, 23, -1,-1,-1,52.8622,11.1827,0.019953,8.68e+08,10,125000,1,0,0.650051,19648.4,0,-136.126,-133,0.436224
270706, 16.4873, 2, -1,-1,-1,51.5344,12.7308,0.019953,8.68e+08,12,125000,1,0,-0.453953,19709.8,0,-136.459,-137,1.58106
270708, 16.8083, 17, -1,-1,-1,50.975,1.0294,0.019953,8.68e+08,10,125000,1,0,-2.75572,18889.4,0,-137.154,-133,0.436224
270730, 17.3966, 53, -1,-1,-1,63.4292,-20.8181,0.019953,8.68e+08,10,125000,1,0,3.9351,11956.1,0,-135.142,-133,0.436224
270757, 17.8369, 43, -1,-1,-1,55.6658,27.4582,0.015849,8.68e+08,10,125000,1,0,6.07194,18693.7,0,-135.503,-133,0.436224
270764, 18.0058, 55, -1,-1,-1,29.3703,-15.3954,0.025119,8.68e+08,11,125000,1,0,-20.4719,16650.5,0,-140.961,-135,0.790528
270766, 18.0565, 35, -1,-1,-1,45.7431,26.4773,0.019953,8.68e+08,10,125000,1,0,-4.17318,18603.2,0,-137.575,-133,0.436224
270773, 18.1991, 28, -1,-1,-1,56.1214,14.8064,0.019953,8.68e+08,10,125000,1,0,4.87197,19614.1,0,-134.859,-133,0.436224
270775, 18.4248, 52, -1,-1,-1,39.7577,32.3711,0.019953,8.68e+08,11,125000,1,0,-8.80109,17307.3,0,-138.926,-135,0.790528
270777, 18.4782, 42, -1,-1,-1,57.7616,26.6615,0.019953,8.68e+08,12,125000,1,0,8.70096,18800.2,0,-133.74,-137,1.58106
270784, 18.6259, 10, -1,-1,-1,28.9812,30.4875,0.019953,8.68e+08,12,125000,1,0,-16.5843,17035.6,0,-141.017,-137,1.58106
270786, 18.7085, 45, -1,-1,-1,51.1713,24.9679,0.025119,8.68e+08,11,125000,1,0,0.823759,18991.7,0,-135.072,-135,0.790528
270798, 19.3459, 5, -1,-1,-1,53.5397,3.21519,0.015849,8.68e+08,12,125000,1,0,0.044817,18989.4,0,-137.31,-137,1.58106
270805, 19.5558, 18, -1,-1,-1,40.3252,0.458257,0.015849,8.68e+08,10,125000,1,0,-11.0583,18894.9,0,-140.563,-133,0.436224
270812, 19.7077, 46, -1,-1,-1,52.8116,25.5221,0.025119,8.68e+08,12,125000,1,0,2.61459,18948.1,0,-134.533,-137,1.58106
270819, 19.8775, 25, -1,-1,-1,47.5334,10.9197,0.019953,8.68e+08,10,125000,1,0,-4.06164,19611,0,-137.543,-133,0.436224
270821, 20.1318, 56, -1,-1,-1,36.3084,12.5542,0.019953,8.68e+08,12,125000,1,0,-12.5799,19194.1,0,-139.976,-137,1.58106
270823, 20.6283, 21, -1,-1,-1,39.9798,-9.60875,0.019953,8.68e+08,12,125000,1,0,-12.7105,17642.5,0,-140.016,-137,1.58106
270845, 21.2419, 0, -1,-1,-1,52.8019,-0.140325,0.019953,8.68e+08,12,125000,1,0,-1.16414,18589.3,0,-136.675,-137,1.58106
270847, 21.3267, 44, -1,-1,-1,50.511,28.5311,0.019953,8.68e+08,12,125000,1,0,0.535952,18408.8,0,-136.159,-137,1.58106
270849, 21.4787, 32, -1,-1,-1,51.2589,12.3527,0.019953,8.68e+08,11,125000,1,0,-0.428308,19647.2,0,-136.451,-135,0.790528
270851, 21.6519, 20, -1,-1,-1,37.9471,-10.2414,0.015849,8.68e+08,11,125000,1,0,-14.1134,17528.8,0,-141.389,-135,0.790528
270853, 21.8091, 7, -1,-1,-1,47.6351,15.354,0.015849,8.68e+08,11,125000,1,0,-3.34039,19590.2,0,-138.327,-135,0.790528
270880, 22.5748, 38, -1,-1,-1,44.5391,14.5207,0.025119,8.68e+08,10,125000,1,0,-5.99766,19506.1,0,-137.115,-133,0.436224
270882, 22.635, 6, -1,-1,-1,58.2129,16.2971,0.025119,8.68e+08,12,125000,1,0,7.97838,19469,0,-132.948,-137,1.58106
270894, 22.9347, 12, -1,-1,-1,52.0633,-2.10831,0.019953,8.68e+08,10,125000,1,0,-2.04404,18318.3,0,-136.94,-133,0.436224
270901, 23.0577, 13, -1,-1,-1,57.0723,-1.70621,0.015849,8.68e+08,11,125000,1,0,2.76748,17844.7,0,-136.489,-135,0.790528
270903, 23.0786, 3, -1,-1,-1,41.7537,-4.41958,0.015849,8.68e+08,11,125000,1,0,-10.5717,18339.5,0,-140.429,-135,0.790528
270915, 23.2407, 48, -1,-1,-1,58.3997,11.2994,0.015849,8.68e+08,10,125000,1,0,7.30237,19265.2,0,-135.144,-133,0.436224
270922, 23.6237, 11, -1,-1,-1,56.9993,38.0547,0.019953,8.68e+08,12,125000,1,0,8.79406,16015.5,0,-133.713,-137,1.58106
270924, 23.8692, 22, -1,-1,-1,49.8807,11.1424,0.019953,8.68e+08,11,125000,1,0,-1.75446,19600.1,0,-136.851,-135,0.790528
270926, 24.2486, 39, -1,-1,-1,43.5465,21.5478,0.025119,8.68e+08,12,125000,1,0,-6.13,19043.6,0,-137.153,-137,1.58106
270928, 24.6047, 1, -1,-1,-1,47.2765,2.22214,0.015849,8.68e+08,12,125000,1,0,-5.33418,19050.3,0,-138.922,-137,1.58106
270935, 24.7306, 29, -1,-1,-1,50.7851,21.7882,0.015849,8.68e+08,12,125000,1,0,0.443366,19270.9,0,-137.187,-137,1.58106
270952, 25.147, 36, -1,-1,-1,43.7267,24.2592,0.019953,8.68e+08,12,125000,1,0,-5.73963,18743.2,0,-138.038,-137,1.58106
270959, 25.366, 51, -1,-1,-1,41.8919,29.6462,0.019953,8.68e+08,10,125000,1,0,-6.89219,17818.9,0,-138.375,-133,0.436224
270967, 25.5775, 8, -1,-1,-1,60.4856,7.73014,0.025119,8.68e+08,11,125000,1,0,9.27277,18620.9,1,-132.578,-135,0.790528
270974, 25.8215, 19, -1,-1,-1,38.1762,0.856056,0.025119,8.68e+08,11,125000,1,0,-12.2756,18825.4,0,-138.896,-135,0.790528
270981, 26.0478, 37, -1,-1,-1,39.3182,23.7585,0.025119,8.68e+08,11,125000,1,0,-9.20023,18560.4,0,-138.039,-135,0.790528
270993, 26.2336, 57, -1,-1,-1,35.1402,33.8726,0.025119,8.68e+08,12,125000,1,0,-11.9389,16672.8,0,-138.8,-137,1.58106
271000, 26.3717, 31, -1,-1,-1,54.7544,21.0473,0.025119,8.68e+08,11,125000,1,0,4.81373,19336.6,0,-133.875,-135,0.790528
271017, 26.9219, 9, -1,-1,-1,39.6549,24.3091,0.025119,8.68e+08,10,125000,1,0,-8.85439,18498.3,0,-137.941,-133,0.436224
271029, 27.0187, 16, -1,-1,-1,42.4575,7.48746,0.019953,8.68e+08,11,125000,1,0,-8.25823,19342.1,0,-138.773,-135,0.790528
271031, 27.1075, 47, -1,-1,-1,60.7194,5.65594,0.015849,8.68e+08,11,125000,1,0,9.12785,18278.9,0,-134.619,-135,0.790528
271034, 27.1214, 40, -1,-1,-1,60.8808,23.4982,0.015849,8.68e+08,12,125000,1,0,13.8057,18853.6,1,-133.331,-137,1.58106
271036, 27.1957, 49, -1,-1,-1,46.408,9.75733,0.015849,8.68e+08,11,125000,1,0,-4.80124,19502.9,0,-138.763,-135,0.790528
271043, 27.5804, 27, -1,-1,-1,50.6159,6.80471,0.025119,8.68e+08,12,125000,1,0,-1.57841,19350.8,0,-135.799,-137,1.58106
271045, 27.6502, 14, -1,-1,-1,53.0462,-6.68945,0.015849,8.68e+08,12,125000,1,0,-1.89479,17396.3,0,-137.896,-137,1.58106
271048, 27.7445, 41, -1,-1,-1,59.5484,25.9088,0.019953,8.68e+08,11,125000,1,0,12.155,18635.9,1,-132.774,-135,0.790528
271050, 27.7676, 26, -1,-1,-1,45.7065,9.06593,0.025119,8.68e+08,11,125000,1,0,-5.44452,19465,0,-136.953,-135,0.790528
271062, 28.1768, 50, -1,-1,-1,39.4666,15.4567,0.025119,8.68e+08,12,125000,1,0,-9.65826,19216.2,0,-138.169,-137,1.58106
271069, 28.2989, 15, -1,-1,-1,44.3496,3.32595,0.025119,8.68e+08,11,125000,1,0,-7.28421,19113.5,0,-137.492,-135,0.790528
271071, 28.4863, 58, -1,-1,-1,60.5259,-7.32063,0.025119,8.68e+08,10,125000,1,0,5.30297,15858.6,0,-133.733,-133,0.436224
271078, 28.6703, 33, -1,-1,-1,47.239,17.4643,0.019953,8.68e+08,10,125000,1,0,-3.06398,19432.1,0,-137.244,-133,0.436224
271086, 29.3723, 59, -1,-1,-1,68.2639,21.0486,0.015849,8.68e+08,11,125000,1,0,30.4851,16725.2,1,-129.593,-135,0.790528
271089, 29.634, 24, -1,-1,-1,47.5807,13.3667,0.025119,8.68e+08,12,125000,1,0,-3.24537,19552.9,1,-136.298,-137,1.58106
271096, 30.2155, 4, -1,-1,-1,41.4412,12.9351,0.019953,8.68e+08,10,125000,1,0,-8.25198,19349,0,-138.77,-133,0.436224
271098, 30.4053, 10, -1,-1,-1,28.9812,30.4875,0.019953,8.68e+08,12,125000,1,0,-16.1535,16892.5,0,-140.907,-137,1.58106
271110, 31.265, 34, -1,-1,-1,48.7562,19.7846,0.025119,8.68e+08,11,125000,1,0,-1.30548,19307.5,0,-135.714,-135,0.790528
271117, 31.8577, 54, -1,-1,-1,33.9169,-17.5406,0.019953,8.68e+08,11,125000,1,0,-17.44,16156.5,0,-141.237,-135,0.790528
271125, 32.1008, 45, -1,-1,-1,51.1713,24.9679,0.025119,8.68e+08,11,125000,1,0,1.63943,18807.2,1,-134.825,-135,0.790528
271137, 32.5094, 28, -1,-1,-1,56.1214,14.8064,0.019953,8.68e+08,10,125000,1,0,5.93303,19430.9,0,-134.544,-133,0.436224
271139, 33.1378, 20, -1,-1,-1,37.9471,-10.2414,0.015849,8.68e+08,11,125000,1,0,-13.6681,17392.5,0,-141.27,-135,0.790528
271147, 33.7484, 46, -1,-1,-1,52.8116,25.5221,0.025119,8.68e+08,12,125000,1,0,3.52903,18738.5,1,-134.257,-137,1.58106
271154, 33.8348, 35, -1,-1,-1,45.7431,26.4773,0.019953,8.68e+08,10,125000,1,0,-3.37436,18398.4,0,-137.335,-133,0.436224
271171, 35.041, 53, -1,-1,-1,63.4292,-20.8181,0.019953,8.68e+08,10,125000,1,0,4.67385,11193.6,0,-134.92,-133,0.436224
271173, 35.1901, 18, -1,-1,-1,40.3252,0.458257,0.015849,8.68e+08,10,125000,1,0,-10.372,18748.1,0,-140.371,-133,0.436224
271176, 35.3377, 44, -1,-1,-1,50.511,28.5311,0.019953,8.68e+08,12,125000,1,0,1.35436,18183.2,1,-135.911,-137,1.58106
271188, 35.7436, 55, -1,-1,-1,29.3703,-15.3954,0.025119,8.68e+08,11,125000,1,0,-19.856,16443.1,0,-140.816,-135,0.790528
271190, 35.9824, 25, -1,-1,-1,47.5334,10.9197,0.019953,8.68e+08,10,125000,1,0,-3.1963,19461.8,0,-137.283,-133,0.436224
271192, 36.0535, 43, -1,-1,-1,55.6658,27.4582,0.015849,8.68e+08,10,125000,1,0,7.43106,18356.7,0,-135.105,-133,0.436224
271209, 36.734, 23, -1,-1,-1,52.8622,11.1827,0.019953,8.68e+08,10,125000,1,0,1.95036,19421.3,0,-135.732,-133,0.436224
271212, 37.2887, 47, -1,-1,-1,60.7194,5.65594,0.015849,8.68e+08,11,125000,1,0,9.97395,18053.6,1,-134.379,-135,0.790528
271214, 37.3193, 30, -1,-1,-1,49.4973,17.4698,0.015849,8.68e+08,11,125000,1,0,-0.500782,19399.7,0,-137.471,-135,0.790528
271241, 38.7441, 49, -1,-1,-1,46.408,9.75733,0.015849,8.68e+08,11,125000,1,0,-4.19698,19396.5,0,-138.582,-135,0.790528
271258, 38.965, 17, -1,-1,-1,50.975,1.0294,0.019953,8.68e+08,10,125000,1,0,-1.56175,18606.6,0,-136.793,-133,0.436224
271290, 39.8409, 7, -1,-1,-1,47.6351,15.354,0.015849,8.68e+08,11,125000,1,0,-2.34896,19417.2,0,-138.028,-135,0.790528
271292, 39.8512, 5, -1,-1,-1,53.5397,3.21519,0.015849,8.68e+08,12,125000,1,0,1.26638,18709.7,0,-136.939,-137,1.58106
271299, 39.8977, 52, -1,-1,-1,39.7577,32.3711,0.019953,8.68e+08,11,125000,1,0,-7.90109,16985.3,0,-138.666,-135,0.790528
271306, 39.9988, 13, -1,-1,-1,57.0723,-1.70621,0.015849,8.68e+08,11,125000,1,0,3.81399,17504.7,0,-136.174,-135,0.790528
271308, 40.1276, 14, -1,-1,-1,53.0462,-6.68945,0.015849,8.68e+08,12,125000,1,0,-1.26172,17167.7,0,-137.704,-137,1.58106
271310, 40.221, 37, -1,-1,-1,39.3182,23.7585,0.025119,8.68e+08,11,125000,1,0,-8.56556,18406.1,0,-137.857,-135,0.790528
271312, 40.2645, 58, -1,-1,-1,60.5259,-7.32063,0.025119,8.68e+08,10,125000,1,0,6.01562,15500.3,0,-133.522,-133,0.436224
271314, 40.298, 12, -1,-1,-1,52.0633,-2.10831,0.019953,8.68e+08,10,125000,1,0,-1.11755,18056.8,0,-136.66,-133,0.436224
271316, 40.3214, 56, -1,-1,-1,36.3084,12.5542,0.019953,8.68e+08,12,125000,1,0,-11.6998,19029.4,0,-139.736,-137,1.58106
271323, 40.4706, 27, -1,-1,-1,50.6159,6.80471,0.025119,8.68e+08,12,125000,1,0,-0.839807,19209,0,-135.575,-137,1.58106
271325, 40.528, 0, -1,-1,-1,52.8019,-0.140325,0.019953,8.68e+08,12,125000,1,0,-0.087984,18307.7,0,-136.349,-137,1.58106
271327, 40.5413, 21, -1,-1,-1,39.9798,-9.60875,0.019953,8.68e+08,12,125000,1,0,-11.917,17398.2,0,-139.799,-137,1.58106
271329, 40.7785, 22, -1,-1,-1,49.8807,11.1424,0.019953,8.68e+08,11,125000,1,0,-0.775968,19430.1,0,-136.555,-135,0.790528
271346, 41.0505, 2, -1,-1,-1,51.5344,12.7308,0.019953,8.68e+08,12,125000,1,0,1.04679,19453.8,0,-136.004,-137,1.58106
271354, 41.1704, 8, -1,-1,-1,60.4856,7.73014,0.025119,8.68e+08,11,125000,1,0,10.6146,18534.5,1,-132.199,-135,0.790528
271361, 41.5527, 38, -1,-1,-1,44.5391,14.5207,0.025119,8.68e+08,10,125000,1,0,-5.03288,19543,0,-136.829,-133,0.436224
271363, 41.5784, 26, -1,-1,-1,45.7065,9.06593,0.025119,8.68e+08,11,125000,1,0,-4.73441,19553,0,-136.742,-135,0.790528
271375, 41.7302, 3, -1,-1,-1,41.7537,-4.41958,0.015849,8.68e+08,11,125000,1,0,-9.76836,18369.1,0,-140.203,-135,0.790528
271382, 42.5199, 33, -1,-1,-1,47.239,17.4643,0.019953,8.68e+08,10,125000,1,0,-2.30227,19495.4,0,-137.014,-133,0.436224
271384, 42.5502, 42, -1,-1,-1,57.7616,26.6615,0.019953,8.68e+08,12,125000,1,0,10.7592,18522,0,-133.158,-137,1.58106
271391, 42.9918, 57, -1,-1,-1,35.1402,33.8726,0.025119,8.68e+08,12,125000,1,0,-11.2995,16619,0,-138.624,-137,1.58106
271393, 43.2484, 6, -1,-1,-1,58.2129,16.2971,0.025119,8.68e+08,12,125000,1,0,9.74325,19373.4,0,-132.443,-137,1.58106
271395, 43.2933, 39, -1,-1,-1,43.5465,21.5478,0.025119,8.68e+08,12,125000,1,0,-5.18882,19041.2,0,-136.875,-137,1.58106
271417, 43.8791, 51, -1,-1,-1,41.8919,29.6462,0.019953,8.68e+08,10,125000,1,0,-6.0542,17745.9,0,-138.129,-133,0.436224
271439, 44.2485, 48, -1,-1,-1,58.3997,11.2994,0.015849,8.68e+08,10,125000,1,0,9.02814,19154.2,0,-134.646,-133,0.436224
271446, 44.2784, 11, -1,-1,-1,56.9993,38.0547,0.019953,8.68e+08,12,125000,1,0,10.2736,15486.4,0,-133.293,-137,1.58106
271448, 44.3272, 4, -1,-1,-1,41.4412,12.9351,0.019953,8.68e+08,10,125000,1,0,-7.57725,19440.9,0,-138.574,-133,0.436224
271460, 44.6795, 19, -1,-1,-1,38.1762,0.856056,0.025119,8.68e+08,11,125000,1,0,-11.4634,18888.4,0,-138.673,-135,0.790528
271462, 44.9563, 29, -1,-1,-1,50.7851,21.7882,0.015849,8.68e+08,12,125000,1,0,1.68928,19217.2,0,-136.809,-137,1.58106
271464, 44.9691, 31, -1,-1,-1,54.7544,21.0473,0.025119,8.68e+08,11,125000,1,0,6.18313,19278.8,0,-133.469,-135,0.790528
271466, 45.0613, 32, -1,-1,-1,51.2589,12.3527,0.019953,8.68e+08,11,125000,1,0,1.01199,19610.2,0,-136.015,-135,0.790528
271468, 45.1953, 16, -1,-1,-1,42.4575,7.48746,0.019953,8.68e+08,11,125000,1,0,-7.38925,19403.3,0,-138.521,-135,0.790528
271480, 45.2152, 50, -1,-1,-1,39.4666,15.4567,0.025119,8.68e+08,12,125000,1,0,-8.87294,19280.1,0,-137.946,-137,1.58106
271483, 45.2573, 41, -1,-1,-1,59.5484,25.9088,0.019953,8.68e+08,11,125000,1,0,13.8977,18453.4,1,-132.305,-135,0.790528
271490, 45.6444, 36, -1,-1,-1,43.7267,24.2592,0.019953,8.68e+08,12,125000,1,0,-4.7319,18697.4,0,-137.739,-137,1.58106
271497, 45.9966, 54, -1,-1,-1,33.9169,-17.5406,0.019953,8.68e+08,11,125000,1,0,-16.9488,16234.3,0,-141.114,-135,0.790528
271499, 46.7912, 10, -1,-1,-1,28.9812,30.4875,0.019953,8.68e+08,12,125000,1,0,-15.5519,16900.7,0,-140.753,-137,1.58106
271501, 46.8793, 1, -1,-1,-1,47.2765,2.22214,0.015849,8.68e+08,12,125000,1,0,-4.20689,19032.2,0,-138.586,-137,1.58106
271504, 47.541, 40, -1,-1,-1,60.8808,23.4982,0.015849,8.68e+08,12,125000,1,0,16.0543,18614.2,1,-132.745,-137,1.58106
271551, 49.9518, 43, -1,-1,-1,55.6658,27.4582,0.015849,8.68e+08,10,125000,1,0,8.51626,18274.8,0,-134.791,-133,0.436224
271553, 49.998, 15, -1,-1,-1,44.3496,3.32595,0.025119,8.68e+08,11,125000,1,0,-6.23334,19125.9,0,-137.184,-135,0.790528
271555, 50.3232, 53, -1,-1,-1,63.4292,-20.8181,0.019953,8.68e+08,10,125000,1,0,5.30187,10749.3,0,-134.733,-133,0.436224
271557, 50.3237, 14, -1,-1,-1,53.0462,-6.68945,0.015849,8.68e+08,12,125000,1,0,-0.736906,17209.3,0,-137.545,-137,1.58106
271560, 50.36, 59, -1,-1,-1,68.2639,21.0486,0.015849,8.68e+08,11,125000,1,0,35.2086,15802.2,1,-128.777,-135,0.790528
271562, 50.3937, 7, -1,-1,-1,47.6351,15.354,0.015849,8.68e+08,11,125000,1,0,-1.75413,19519.3,0,-137.849,-135,0.790528
271565, 50.4389, 46, -1,-1,-1,52.8116,25.5221,0.025119,8.68e+08,12,125000,1,0,4.65568,18666,1,-133.92,-137,1.58106
271577, 50.5423, 21, -1,-1,-1,39.9798,-9.60875,0.019953,8.68e+08,12,125000,1,0,-11.5148,17520.1,0,-139.689,-137,1.58106
271579, 50.9397, 25, -1,-1,-1,47.5334,10.9197,0.019953,8.68e+08,10,125000,1,0,-2.37147,19530.8,0,-137.035,-133,0.436224
271716, 51.2832, 49, -1,-1,-1,46.408,9.75733,0.015849,8.68e+08,11,125000,1,0,-3.52847,19493.3,0,-138.382,-135,0.790528
271723, 51.3794, 23, -1,-1,-1,52.8622,11.1827,0.019953,8.68e+08,10,125000,1,0,2.91459,19464.4,0,-135.441,-133,0.436224
271725, 51.3811, 5, -1,-1,-1,53.5397,3.21519,0.015849,8.68e+08,12,125000,1,0,1.97612,18768.3,0,-136.725,-137,1.58106
271737, 51.8216, 9, -1,-1,-1,39.6549,24.3091,0.025119,8.68e+08,10,125000,1,0,-7.72912,18418,0,-137.616,-133,0.436224
271739, 51.8224, 13, -1,-1,-1,57.0723,-1.70621,0.015849,8.68e+08,11,125000,1,0,4.56557,17487.9,0,-135.949,-135,0.790528
271741, 51.8431, 35, -1,-1,-1,45.7431,26.4773,0.019953,8.68e+08,10,125000,1,0,-2.44239,18342.6,0,-137.054,-133,0.436224
271743, 51.9786, 22, -1,-1,-1,49.8807,11.1424,0.019953,8.68e+08,11,125000,1,0,-0.109603,19526.8,0,-136.353,-135,0.790528
271750, 52.1001, 20, -1,-1,-1,37.9471,-10.2414,0.015849,8.68e+08,11,125000,1,0,-12.9266,17413.2,0,-141.072,-135,0.790528
271752, 52.8732, 3, -1,-1,-1,41.7537,-4.41958,0.015849,8.68e+08,11,125000,1,0,-9.28233,18243.6,0,-140.065,-135,0.790528
271779, 53.3785, 18, -1,-1,-1,40.3252,0.458257,0.015849,8.68e+08,10,125000,1,0,-9.56123,18806.1,0,-140.142,-133,0.436224
271781, 53.424, 17, -1,-1,-1,50.975,1.0294,0.019953,8.68e+08,10,125000,1,0,-0.758686,18637.6,0,-136.55,-133,0.436224
271784, 54.0668, 8, -1,-1,-1,60.4856,7.73014,0.025119,8.68e+08,11,125000,1,0,11.7822,18248.2,1,-131.875,-135,0.790528
271801, 54.618, 24, -1,-1,-1,47.5807,13.3667,0.025119,8.68e+08,12,125000,1,0,-1.85658,19522.2,0,-135.879,-137,1.58106
271803, 54.7344, 39, -1,-1,-1,43.5465,21.5478,0.025119,8.68e+08,12,125000,1,0,-4.61241,18917.3,0,-136.703,-137,1.58106
271810, 54.8183, 58, -1,-1,-1,60.5259,-7.32063,0.025119,8.68e+08,10,125000,1,0,6.91238,15277.3,0,-133.258,-133,0.436224
271812, 55.1829, 4, -1,-1,-1,41.4412,12.9351,0.019953,8.68e+08,10,125000,1,0,-7.05048,19347.4,0,-138.421,-133,0.436224
271824, 55.3125, 19, -1,-1,-1,38.1762,0.856056,0.025119,8.68e+08,11,125000,1,0,-10.9997,18791,0,-138.544,-135,0.790528
271841, 55.8453, 11, -1,-1,-1,56.9993,38.0547,0.019953,8.68e+08,12,125000,1,0,11.1238,15045.8,0,-133.055,-137,1.58106
271848, 56.0276, 38, -1,-1,-1,44.5391,14.5207,0.025119,8.68e+08,10,125000,1,0,-4.27921,19410.5,0,-136.605,-133,0.436224
271850, 56.0369, 34, -1,-1,-1,48.7562,19.7846,0.025119,8.68e+08,11,125000,1,0,0.143587,19227.9,0,-135.275,-135,0.790528
271857, 56.3776, 45, -1,-1,-1,51.1713,24.9679,0.025119,8.68e+08,11,125000,1,0,3.1772,18639.1,0,-134.361,-135,0.790528
271879, 56.7702, 6, -1,-1,-1,58.2129,16.2971,0.025119,8.68e+08,12,125000,1,0,10.978,19149.8,0,-132.096,-137,1.58106
271886, 56.87, 47, -1,-1,-1,60.7194,5.65594,0.015849,8.68e+08,11,125000,1,0,11.6842,17823.6,0,-133.902,-135,0.790528
271888, 56.9378, 28, -1,-1,-1,56.1214,14.8064,0.019953,8.68e+08,10,125000,1,0,7.85829,19305.8,0,-133.98,-133,0.436224
271900, 57.3345, 27, -1,-1,-1,50.6159,6.80471,0.025119,8.68e+08,12,125000,1,0,0.154782,19235.8,0,-135.273,-137,1.58106
271902, 57.535, 42, -1,-1,-1,57.7616,26.6615,0.019953,8.68e+08,12,125000,1,0,12.1308,18184.3,0,-132.779,-137,1.58106
271904, 57.6022, 55, -1,-1,-1,29.3703,-15.3954,0.025119,8.68e+08,11,125000,1,0,-19.0923,16456.2,0,-140.634,-135,0.790528
271906, 57.6189, 12, -1,-1,-1,52.0633,-2.10831,0.019953,8.68e+08,10,125000,1,0,-0.167902,18011.9,0,-136.372,-133,0.436224
271908, 57.8215, 30, -1,-1,-1,49.4973,17.4698,0.015849,8.68e+08,11,125000,1,0,0.738012,19379.9,0,-137.096,-135,0.790528
271915, 58.1136, 0, -1,-1,-1,52.8019,-0.140325,0.019953,8.68e+08,12,125000,1,0,0.925603,18263.3,0,-136.041,-137,1.58106
271917, 58.1705, 44, -1,-1,-1,50.511,28.5311,0.019953,8.68e+08,12,125000,1,0,2.73291,17974.2,0,-135.494,-137,1.58106
271919, 58.1929, 56, -1,-1,-1,36.3084,12.5542,0.019953,8.68e+08,12,125000,1,0,-10.908,19103,0,-139.516,-137,1.58106
271931, 58.7982, 52, -1,-1,-1,39.7577,32.3711,0.019953,8.68e+08,11,125000,1,0,-7.09965,16876.4,0,-138.433,-135,0.790528
271933, 59.0809, 26, -1,-1,-1,45.7065,9.06593,0.025119,8.68e+08,11,125000,1,0,-3.81312,19390.9,0,-136.466,-135,0.790528
271946, 59.9114, 2, -1,-1,-1,51.5344,12.7308,0.019953,8.68e+08,12,125000,1,0,2.25673,19455.9,1,-135.638,-137,1.58106
271954, 60.1778, 41, -1,-1,-1,59.5484,25.9088,0.019953,8.68e+08,11,125000,1,0,15.4875,18075,1,-131.889,-135,0.790528
271961, 60.4129, 32, -1,-1,-1,51.2589,12.3527,0.019953,8.68e+08,11,125000,1,0,1.9912,19441,0,-135.718,-135,0.790528
271978, 61.0182, 16, -1,-1,-1,42.4575,7.48746,0.019953,8.68e+08,11,125000,1,0,-6.61706,19481,0,-138.295,-135,0.790528
271980, 61.0337, 33, -1,-1,-1,47.239,17.4643,0.019953,8.68e+08,10,125000,1,0,-1.2549,19505.4,0,-136.697,-133,0.436224
271992, 61.6764, 5, -1,-1,-1,53.5397,3.21519,0.015849,8.68e+08,12,125000,1,0,2.62497,18838.5,0,-136.529,-137,1.58106
271994, 61.8366, 53, -1,-1,-1,63.4292,-20.8181,0.019953,8.68e+08,10,125000,1,0,5.76577,10454.1,0,-134.595,-133,0.436224
272001, 62.2973, 36, -1,-1,-1,43.7267,24.2592,0.019953,8.68e+08,12,125000,1,0,-3.89438,18685.9,0,-137.489,-137,1.58106
272003, 62.4477, 13, -1,-1,-1,57.0723,-1.70621,0.015849,8.68e+08,11,125000,1,0,5.25676,17485.9,0,-135.743,-135,0.790528
272005, 62.5987, 29, -1,-1,-1,50.7851,21.7882,0.015849,8.68e+08,12,125000,1,0,2.82191,19181.5,0,-136.467,-137,1.58106
272007, 62.6873, 9, -1,-1,-1,39.6549,24.3091,0.025119,8.68e+08,10,125000,1,0,-7.22996,18488.5,0,-137.471,-133,0.436224
272024, 63.5324, 37, -1,-1,-1,39.3182,23.7585,0.025119,8.68e+08,11,125000,1,0,-7.50396,18544.2,0,-137.55,-135,0.790528
272027, 63.5398, 59, -1,-1,-1,68.2639,21.0486,0.015849,8.68e+08,11,125000,1,0,38.5941,15194.5,1,-128.251,-135,0.790528
272049, 64.6881, 7, -1,-1,-1,47.6351,15.354,0.015849,8.68e+08,11,125000,1,0,-0.929673,19579.2,0,-137.599,-135,0.790528
272056, 64.9884, 57, -1,-1,-1,35.1402,33.8726,0.025119,8.68e+08,12,125000,1,0,-10.4551,16471.6,0,-138.388,-137,1.58106
272058, 65.015, 15, -1,-1,-1,44.3496,3.32595,0.025119,8.68e+08,11,125000,1,0,-5.48896,19198.2,0,-136.964,-135,0.790528
272070, 65.0901, 43, -1,-1,-1,55.6658,27.4582,0.015849,8.68e+08,10,125000,1,0,9.75069,18144.3,0,-134.438,-133,0.436224
272082, 65.5107, 20, -1,-1,-1,37.9471,-10.2414,0.015849,8.68e+08,11,125000,1,0,-12.3974,17495.8,0,-140.928,-135,0.790528
272084, 65.5242, 35, -1,-1,-1,45.7431,26.4773,0.019953,8.68e+08,10,125000,1,0,-1.71891,18335.3,0,-136.836,-133,0.436224
272086, 65.5699, 39, -1,-1,-1,43.5465,21.5478,0.025119,8.68e+08,12,125000,1,0,-4.05839,18993.4,0,-136.537,-137,1.58106
272098, 66.3193, 23, -1,-1,-1,52.8622,11.1827,0.019953,8.68e+08,10,125000,1,0,3.93604,19497.1,0,-135.134,-133,0.436224
272100, 66.6692, 14, -1,-1,-1,53.0462,-6.68945,0.015849,8.68e+08,12,125000,1,0,0.119141,17120.4,0,-137.286,-137,1.58106
272102, 66.7865, 10, -1,-1,-1,28.9812,30.4875,0.019953,8.68e+08,12,125000,1,0,-14.8142,16854.4,0,-140.562,-137,1.58106
272104, 66.8018, 1, -1,-1,-1,47.2765,2.22214,0.015849,8.68e+08,12,125000,1,0,-3.16753,19030.4,0,-138.274,-137,1.58106
272111, 67.2857, 48, -1,-1,-1,58.3997,11.2994,0.015849,8.68e+08,10,125000,1,0,11.0766,18975.2,0,-134.068,-133,0.436224
272118, 67.7138, 50, -1,-1,-1,39.4666,15.4567,0.025119,8.68e+08,12,125000,1,0,-7.81418,19291.3,0,-137.64,-137,1.58106
272135, 68.185, 51, -1,-1,-1,41.8919,29.6462,0.019953,8.68e+08,10,125000,1,0,-4.93367,17568.9,0,-137.797,-133,0.436224
272137, 68.4204, 3, -1,-1,-1,41.7537,-4.41958,0.015849,8.68e+08,11,125000,1,0,-8.59609,18299.7,0,-139.868,-135,0.790528
272144, 68.6168, 22, -1,-1,-1,49.8807,11.1424,0.019953,8.68e+08,11,125000,1,0,0.909772,19561.3,0,-136.044,-135,0.790528
272171, 69.1923, 18, -1,-1,-1,40.3252,0.458257,0.015849,8.68e+08,10,125000,1,0,-8.84463,18882.5,0,-139.938,-133,0.436224
272173, 69.3187, 45, -1,-1,-1,51.1713,24.9679,0.025119,8.68e+08,11,125000,1,0,4.03125,18625.9,0,-134.104,-135,0.790528
272180, 69.4189, 34, -1,-1,-1,48.7562,19.7846,0.025119,8.68e+08,11,125000,1,0,0.956453,19268.5,0,-135.029,-135,0.790528
272198, 69.5198, 31, -1,-1,-1,54.7544,21.0473,0.025119,8.68e+08,11,125000,1,0,8.11365,19107.3,1,-132.905,-135,0.790528
272200, 69.6843, 44, -1,-1,-1,50.511,28.5311,0.019953,8.68e+08,12,125000,1,0,3.45079,17947.6,0,-135.278,-137,1.58106
272202, 69.7622, 12, -1,-1,-1,52.0633,-2.10831,0.019953,8.68e+08,10,125000,1,0,0.51417,18040.4,0,-136.165,-133,0.436224
272204, 69.9113, 38, -1,-1,-1,44.5391,14.5207,0.025119,8.68e+08,10,125000,1,0,-3.54054,19487,0,-136.383,-133,0.436224
272206, 70.2109, 42, -1,-1,-1,57.7616,26.6615,0.019953,8.68e+08,12,125000,1,0,13.3522,18082.9,0,-132.448,-137,1.58106
272208, 70.2979, 54, -1,-1,-1,33.9169,-17.5406,0.019953,8.68e+08,11,125000,1,0,-16.0996,16167.5,0,-140.899,-135,0.790528
272215, 70.6791, 21, -1,-1,-1,39.9798,-9.60875,0.019953,8.68e+08,12,125000,1,0,-10.697,17507.3,0,-139.461,-137,1.58106
272217, 71.0721, 40, -1,-1,-1,60.8808,23.4982,0.015849,8.68e+08,12,125000,1,0,18.9426,18221,0,-132.029,-137,1.58106
272220, 71.229, 47, -1,-1,-1,60.7194,5.65594,0.015849,8.68e+08,11,125000,1,0,13.0148,17689.2,1,-133.54,-135,0.790528
272238, 72.5789, 58, -1,-1,-1,60.5259,-7.32063,0.025119,8.68e+08,10,125000,1,0,8.03046,14907.6,1,-132.932,-133,0.436224
272256, 73.2111, 8, -1,-1,-1,60.4856,7.73014,0.025119,8.68e+08,11,125000,1,0,13.6243,18021.7,1,-131.376,-135,0.790528
272258, 73.3802, 46, -1,-1,-1,52.8116,25.5221,0.025119,8.68e+08,12,125000,1,0,6.28252,18460.9,0,-133.437,-137,1.58106
272265, 73.8588, 49, -1,-1,-1,46.408,9.75733,0.015849,8.68e+08,11,125000,1,0,-2.28936,19489.7,0,-138.008,-135,0.790528
272277, 74.2356, 25, -1,-1,-1,47.5334,10.9197,0.019953,8.68e+08,10,125000,1,0,-1.04173,19512.1,0,-136.632,-133,0.436224
272284, 74.3718, 0, -1,-1,-1,52.8019,-0.140325,0.019953,8.68e+08,12,125000,1,0,1.89275,18226,0,-135.749,-137,1.58106
272287, 74.5534, 6, -1,-1,-1,58.2129,16.2971,0.025119,8.68e+08,12,125000,1,0,12.7096,19054.7,1,-131.621,-137,1.58106
272289, 74.7413, 17, -1,-1,-1,50.975,1.0294,0.019953,8.68e+08,10,125000,1,0,0.463459,18561.9,0,-136.179,-133,0.436224
272291, 74.7672, 30, -1,-1,-1,49.4973,17.4698,0.015849,8.68e+08,11,125000,1,0,1.80401,19389.9,0,-136.773,-135,0.790528
272298, 75.2708, 33, -1,-1,-1,47.239,17.4643,0.019953,8.68e+08,10,125000,1,0,-0.424661,19353.8,0,-136.445,-133,0.436224
272310, 75.7781, 29, -1,-1,-1,50.7851,21.7882,0.015849,8.68e+08,12,125000,1,0,3.699,18998.9,0,-136.203,-137,1.58106
272322, 76.199, 26, -1,-1,-1,45.7065,9.06593,0.025119,8.68e+08,11,125000,1,0,-2.88683,19442.2,0,-136.188,-135,0.790528
272324, 76.3155, 55, -1,-1,-1,29.3703,-15.3954,0.025119,8.68e+08,11,125000,1,0,-18.4344,16501.2,0,-140.475,-135,0.790528
272331, 76.5231, 28, -1,-1,-1,56.1214,14.8064,0.019953,8.68e+08,10,125000,1,0,9.52284,19225.6,0,-133.503,-133,0.436224
272348, 77.7376, 27, -1,-1,-1,50.6159,6.80471,0.025119,8.68e+08,12,125000,1,0,1.40556,19211.7,0,-134.894,-137,1.58106
272365, 78.005, 24, -1,-1,-1,47.5807,13.3667,0.025119,8.68e+08,12,125000,1,0,-0.497423,19496.1,0,-135.468,-137,1.58106
272367, 78.31, 9, -1,-1,-1,39.6549,24.3091,0.025119,8.68e+08,10,125000,1,0,-6.50306,18301.7,0,-137.258,-133,0.436224
272369, 78.4226, 15, -1,-1,-1,44.3496,3.32595,0.025119,8.68e+08,11,125000,1,0,-4.81151,19062,0,-136.763,-135,0.790528
272376, 78.4998, 19, -1,-1,-1,38.1762,0.856056,0.025119,8.68e+08,11,125000,1,0,-9.97313,18808,0,-138.256,-135,0.790528
272388, 78.9756, 2, -1,-1,-1,51.5344,12.7308,0.019953,8.68e+08,12,125000,1,0,3.5381,19445.6,0,-135.252,-137,1.58106
272395, 79.259, 20, -1,-1,-1,37.9471,-10.2414,0.015849,8.68e+08,11,125000,1,0,-11.8506,17322.7,0,-140.778,-135,0.790528
272397, 79.3131, 4, -1,-1,-1,41.4412,12.9351,0.019953,8.68e+08,10,125000,1,0,-5.85346,19346,0,-138.069,-133,0.436224
272400, 79.3365, 45, -1,-1,-1,51.1713,24.9679,0.025119,8.68e+08,11,125000,1,0,4.71031,18457.1,1,-133.901,-135,0.790528
272402, 79.4945, 56, -1,-1,-1,36.3084,12.5542,0.019953,8.68e+08,12,125000,1,0,-9.94716,19143.6,0,-139.247,-137,1.58106
272404, 79.5683, 11, -1,-1,-1,56.9993,38.0547,0.019953,8.68e+08,12,125000,1,0,12.9117,14229,0,-132.565,-137,1.58106
272436, 80.4127, 38, -1,-1,-1,44.5391,14.5207,0.025119,8.68e+08,10,125000,1,0,-2.97082,19385.8,0,-136.212,-133,0.436224
272448, 80.5276, 53, -1,-1,-1,63.4292,-20.8181,0.019953,8.68e+08,10,125000,1,0,6.49766,9770.39,0,-134.379,-133,0.436224
272451, 80.6847, 41, -1,-1,-1,59.5484,25.9088,0.019953,8.68e+08,11,125000,1,0,17.8543,17707.3,1,-131.292,-135,0.790528
272453, 80.7885, 42, -1,-1,-1,57.7616,26.6615,0.019953,8.68e+08,12,125000,1,0,14.4184,17800.4,0,-132.165,-137,1.58106
272455, 80.89, 34, -1,-1,-1,48.7562,19.7846,0.025119,8.68e+08,11,125000,1,0,1.67179,19325.2,0,-134.812,-135,0.790528
272462, 80.9653, 3, -1,-1,-1,41.7537,-4.41958,0.015849,8.68e+08,11,125000,1,0,-8.03513,18385.1,0,-139.707,-135,0.790528
272464, 81.0287, 16, -1,-1,-1,42.4575,7.48746,0.019953,8.68e+08,11,125000,1,0,-5.61755,19517.9,0,-138,-135,0.790528
272466, 81.3927, 18, -1,-1,-1,40.3252,0.458257,0.015849,8.68e+08,10,125000,1,0,-8.28384,18989.9,0,-139.777,-133,0.436224
272478, 82.0342, 5, -1,-1,-1,53.5397,3.21519,0.015849,8.68e+08,12,125000,1,0,3.95366,18745.6,0,-136.129,-137,1.58106
272480, 82.095, 36, -1,-1,-1,43.7267,24.2592,0.019953,8.68e+08,12,125000,1,0,-2.87483,18623,0,-137.182,-137,1.58106
272507, 82.9086, 22, -1,-1,-1,49.8807,11.1424,0.019953,8.68e+08,11,125000,1,0,1.81616,19614.9,0,-135.769,-135,0.790528
272509, 83.0132, 54, -1,-1,-1,33.9169,-17.5406,0.019953,8.68e+08,11,125000,1,0,-15.6528,16252.8,0,-140.785,-135,0.790528
272521, 83.2217, 48, -1,-1,-1,58.3997,11.2994,0.015849,8.68e+08,10,125000,1,0,12.6059,18896.3,0,-133.648,-133,0.436224
272523, 83.3349, 39, -1,-1,-1,43.5465,21.5478,0.025119,8.68e+08,12,125000,1,0,-3.13178,18984.3,0,-136.259,-137,1.58106
272525, 83.3928, 10, -1,-1,-1,28.9812,30.4875,0.019953,8.68e+08,12,125000,1,0,-14.1984,16842.2,0,-140.4,-137,1.58106
272532, 83.4547, 12, -1,-1,-1,52.0633,-2.10831,0.019953,8.68e+08,10,125000,1,0,1.30051,18033.3,0,-135.927,-133,0.436224
272534, 83.4783, 52, -1,-1,-1,39.7577,32.3711,0.019953,8.68e+08,11,125000,1,0,-6.03962,16835.9,0,-138.122,-135,0.790528
272536, 83.6376, 58, -1,-1,-1,60.5259,-7.32063,0.025119,8.68e+08,10,125000,1,0,8.73926,14745.9,0,-132.728,-133,0.436224
272539, 83.6535, 59, -1,-1,-1,68.2639,21.0486,0.015849,8.68e+08,11,125000,1,0,44.4986,13802.6,1,-127.442,-135,0.790528
272551, 84.2036, 37, -1,-1,-1,39.3182,23.7585,0.025119,8.68e+08,11,125000,1,0,-6.54265,18498.4,0,-137.269,-135,0.790528
272564, 84.491, 8, -1,-1,-1,60.4856,7.73014,0.025119,8.68e+08,11,125000,1,0,14.7774,17966.4,1,-131.072,-135,0.790528
272576, 84.8199, 30, -1,-1,-1,49.4973,17.4698,0.015849,8.68e+08,11,125000,1,0,2.45631,19473.2,0,-136.576,-135,0.790528
272578, 85.1635, 32, -1,-1,-1,51.2589,12.3527,0.019953,8.68e+08,11,125000,1,0,3.64951,19577.2,0,-135.218,-135,0.790528
272580, 85.1713, 25, -1,-1,-1,47.5334,10.9197,0.019953,8.68e+08,10,125000,1,0,-0.396641,19611.1,0,-136.437,-133,0.436224
272582, 85.2681, 13, -1,-1,-1,57.0723,-1.70621,0.015849,8.68e+08,11,125000,1,0,6.7953,17176.3,0,-135.289,-135,0.790528
272614, 86.0797, 29, -1,-1,-1,50.7851,21.7882,0.015849,8.68e+08,12,125000,1,0,4.40467,19046.7,0,-135.992,-137,1.58106
272621, 86.1406, 17, -1,-1,-1,50.975,1.0294,0.019953,8.68e+08,10,125000,1,0,1.13731,18618.6,0,-135.975,-133,0.436224
272623, 86.1779, 7, -1,-1,-1,47.6351,15.354,0.015849,8.68e+08,11,125000,1,0,0.354273,19558.7,0,-137.209,-135,0.790528
272631, 86.2706, 47, -1,-1,-1,60.7194,5.65594,0.015849,8.68e+08,11,125000,1,0,14.4861,17504,1,-133.148,-135,0.790528
272633, 86.2982, 49, -1,-1,-1,46.408,9.75733,0.015849,8.68e+08,11,125000,1,0,-1.5852,19578.8,0,-137.795,-135,0.790528
272635, 86.421, 43, -1,-1,-1,55.6658,27.4582,0.015849,8.68e+08,10,125000,1,0,11.593,17829.9,0,-133.923,-133,0.436224
272652, 87.3018, 44, -1,-1,-1,50.511,28.5311,0.019953,8.68e+08,12,125000,1,0,4.58114,17784.6,0,-134.939,-137,1.58106
272654, 87.4832, 55, -1,-1,-1,29.3703,-15.3954,0.025119,8.68e+08,11,125000,1,0,-18.0398,16633.4,0,-140.379,-135,0.790528
272661, 87.7144, 57, -1,-1,-1,35.1402,33.8726,0.025119,8.68e+08,12,125000,1,0,-9.57667,16292.3,0,-138.14,-137,1.58106
272663, 87.7689, 14, -1,-1,-1,53.0462,-6.68945,0.015849,8.68e+08,12,125000,1,0,1.2524,16910.9,0,-136.942,-137,1.58106
272675, 88.5757, 24, -1,-1,-1,47.5807,13.3667,0.025119,8.68e+08,12,125000,1,0,0.13802,19594.3,0,-135.275,-137,1.58106
272687, 88.8636, 0, -1,-1,-1,52.8019,-0.140325,0.019953,8.68e+08,12,125000,1,0,2.78133,18205.3,0,-135.48,-137,1.58106
272694, 89.0421, 35, -1,-1,-1,45.7431,26.4773,0.019953,8.68e+08,10,125000,1,0,-0.441445,18165,0,-136.449,-133,0.436224
272697, 89.1503, 40, -1,-1,-1,60.8808,23.4982,0.015849,8.68e+08,12,125000,1,0,21.4232,17896.7,1,-131.447,-137,1.58106
272699, 89.1809, 28, -1,-1,-1,56.1214,14.8064,0.019953,8.68e+08,10,125000,1,0,10.6654,19240.1,0,-133.181,-133,0.436224
272706, 89.4527, 21, -1,-1,-1,39.9798,-9.60875,0.019953,8.68e+08,12,125000,1,0,-9.92463,17503.3,0,-139.244,-137,1.58106
272708, 89.6758, 33, -1,-1,-1,47.239,17.4643,0.019953,8.68e+08,10,125000,1,0,0.439477,19395.4,0,-136.183,-133,0.436224
272715, 89.8409, 46, -1,-1,-1,52.8116,25.5221,0.025119,8.68e+08,12,125000,1,0,7.5123,18342.1,0,-133.077,-137,1.58106
272722, 90.2757, 23, -1,-1,-1,52.8622,11.1827,0.019953,8.68e+08,10,125000,1,0,5.66448,19404.2,0,-134.619,-133,0.436224
272724, 90.496, 50, -1,-1,-1,39.4666,15.4567,0.025119,8.68e+08,12,125000,1,0,-6.71422,19293,0,-137.319,-137,1.58106
272741, 91.4808, 1, -1,-1,-1,47.2765,2.22214,0.015849,8.68e+08,12,125000,1,0,-1.83424,18962.4,0,-137.871,-137,1.58106
272743, 91.8162, 18, -1,-1,-1,40.3252,0.458257,0.015849,8.68e+08,10,125000,1,0,-7.79893,18886.6,0,-139.637,-133,0.436224
272765, 92.2676, 56, -1,-1,-1,36.3084,12.5542,0.019953,8.68e+08,12,125000,1,0,-9.36144,19252.3,0,-139.081,-137,1.58106
272767, 92.279, 51, -1,-1,-1,41.8919,29.6462,0.019953,8.68e+08,10,125000,1,0,-3.79858,17366.8,0,-137.457,-133,0.436224
272769, 92.7154, 27, -1,-1,-1,50.6159,6.80471,0.025119,8.68e+08,12,125000,1,0,2.36063,19244.3,0,-134.605,-137,1.58106
272776, 92.9056, 45, -1,-1,-1,51.1713,24.9679,0.025119,8.68e+08,11,125000,1,0,5.65691,18411.9,0,-133.62,-135,0.790528
272778, 92.9375, 20, -1,-1,-1,37.9471,-10.2414,0.015849,8.68e+08,11,125000,1,0,-11.3019,17394.7,0,-140.627,-135,0.790528
272785, 93.4414, 2, -1,-1,-1,51.5344,12.7308,0.019953,8.68e+08,12,125000,1,0,4.55457,19481.6,0,-134.948,-137,1.58106
272788, 93.6528, 31, -1,-1,-1,54.7544,21.0473,0.025119,8.68e+08,11,125000,1,0,10.1723,18899.1,1,-132.318,-135,0.790528
272790, 93.677, 38, -1,-1,-1,44.5391,14.5207,0.025119,8.68e+08,10,125000,1,0,-2.23667,19462.5,0,-135.99,-133,0.436224
272797, 94.8364, 16, -1,-1,-1,42.4575,7.48746,0.019953,8.68e+08,11,125000,1,0,-4.9116,19392.7,0,-137.79,-135,0.790528
272809, 95.2861, 9, -1,-1,-1,39.6549,24.3091,0.025119,8.68e+08,10,125000,1,0,-5.7001,18286.7,0,-137.021,-133,0.436224
272827, 96.4348, 6, -1,-1,-1,58.2129,16.2971,0.025119,8.68e+08,12,125000,1,0,15.0373,18843.4,1,-131.002,-137,1.58106
272844, 96.9764, 10, -1,-1,-1,28.9812,30.4875,0.019953,8.68e+08,12,125000,1,0,-13.6925,16659.1,0,-140.265,-137,1.58106
272851, 96.9988, 34, -1,-1,-1,48.7562,19.7846,0.025119,8.68e+08,11,125000,1,0,2.70777,19119.8,0,-134.499,-135,0.790528
272854, 97.1865, 58, -1,-1,-1,60.5259,-7.32063,0.025119,8.68e+08,10,125000,1,0,9.61993,14208,1,-132.476,-133,0.436224
272857, 97.2484, 59, -1,-1,-1,68.2639,21.0486,0.015849,8.68e+08,11,125000,1,0,49.0571,12352.6,1,-126.906,-135,0.790528
272864, 97.3914, 36, -1,-1,-1,43.7267,24.2592,0.019953,8.68e+08,12,125000,1,0,-2.06787,18416.9,0,-136.938,-137,1.58106
272886, 97.6929, 8, -1,-1,-1,60.4856,7.73014,0.025119,8.68e+08,11,125000,1,0,16.1982,17580.5,0,-130.705,-135,0.790528
272888, 97.7871, 26, -1,-1,-1,45.7065,9.06593,0.025119,8.68e+08,11,125000,1,0,-1.67907,19443.4,0,-135.823,-135,0.790528
272890, 97.834, 48, -1,-1,-1,58.3997,11.2994,0.015849,8.68e+08,10,125000,1,0,14.1021,18582.6,0,-133.247,-133,0.436224
272902, 98.461, 19, -1,-1,-1,38.1762,0.856056,0.025119,8.68e+08,11,125000,1,0,-9.07118,18850,0,-138,-135,0.790528
272909, 98.7933, 7, -1,-1,-1,47.6351,15.354,0.015849,8.68e+08,11,125000,1,0,1.13551,19421.1,0,-136.973,-135,0.790528
272926, 98.8581, 39, -1,-1,-1,43.5465,21.5478,0.025119,8.68e+08,12,125000,1,0,-2.30211,18798.4,0,-136.009,-137,1.58106
272933, 98.9879, 29, -1,-1,-1,50.7851,21.7882,0.015849,8.68e+08,12,125000,1,0,5.31581,18849.9,0,-135.72,-137,1.58106
272935, 99.0021, 49, -1,-1,-1,46.408,9.75733,0.015849,8.68e+08,11,125000,1,0,-0.848855,19450.7,0,-137.572,-135,0.790528
272937, 99.0051, 5, -1,-1,-1,53.5397,3.21519,0.015849,8.68e+08,12,125000,1,0,5.11237,18461.2,0,-135.783,-137,1.58106
272949, 99.2491, 43, -1,-1,-1,55.6658,27.4582,0.015849,8.68e+08,10,125000,1,0,12.7649,17483,0,-133.603,-133,0.436224
272951, 99.2587, 35, -1,-1,-1,45.7431,26.4773,0.019953,8.68e+08,10,125000,1,0,0.127778,17999.3,0,-136.276,-133,0.436224
272953, 99.4598, 4, -1,-1,-1,41.4412,12.9351,0.019953,8.68e+08,10,125000,1,0,-4.82373,19373.9,0,-137.763,-133,0.436224
272955, 99.5063, 15, -1,-1,-1,44.3496,3.32595,0.025119,8.68e+08,11,125000,1,0,-3.7195,19063.3,0,-136.436,-135,0.790528
272967, 100.387, 53, -1,-1,-1,63.4292,-20.8181,0.019953,8.68e+08,10,125000,1,0,7.23942,8703.11,0,-134.161,-133,0.436224
272969, 100.407, 42, -1,-1,-1,57.7616,26.6615,0.019953,8.68e+08,12,125000,1,0,16.521,17435.2,0,-131.622,-137,1.58106
272971, 100.56, 11, -1,-1,-1,56.9993,38.0547,0.019953,8.68e+08,12,125000,1,0,14.5341,13400.4,0,-132.133,-137,1.58106
272978, 100.747, 40, -1,-1,-1,60.8808,23.4982,0.015849,8.68e+08,12,125000,1,0,23.156,17481.8,0,-131.059,-137,1.58106
273110, 101.334, 57, -1,-1,-1,35.1402,33.8726,0.025119,8.68e+08,12,125000,1,0,-9.04732,16060.3,0,-137.989,-137,1.58106
273117, 101.419, 17, -1,-1,-1,50.975,1.0294,0.019953,8.68e+08,10,125000,1,0,2.06472,18608.4,0,-135.694,-133,0.436224
273119, 101.52, 3, -1,-1,-1,41.7537,-4.41958,0.015849,8.68e+08,11,125000,1,0,-7.10103,18369.5,0,-139.435,-135,0.790528
273122, 101.605, 41, -1,-1,-1,59.5484,25.9088,0.019953,8.68e+08,11,125000,1,0,20.5211,17466.8,1,-130.653,-135,0.790528
273139, 102.652, 12, -1,-1,-1,52.0633,-2.10831,0.019953,8.68e+08,10,125000,1,0,2.43607,17913.1,0,-135.583,-133,0.436224
273141, 102.935, 56, -1,-1,-1,36.3084,12.5542,0.019953,8.68e+08,12,125000,1,0,-8.86639,19374.7,0,-138.939,-137,1.58106
273158, 103.917, 50, -1,-1,-1,39.4666,15.4567,0.025119,8.68e+08,12,125000,1,0,-6.05182,19374.2,0,-137.124,-137,1.58106
273166, 104.195, 27, -1,-1,-1,50.6159,6.80471,0.025119,8.68e+08,12,125000,1,0,3.11601,19314.6,1,-134.377,-137,1.58106
273178, 104.438, 22, -1,-1,-1,49.8807,11.1424,0.019953,8.68e+08,11,125000,1,0,3.24186,19579.7,0,-135.339,-135,0.790528
273180, 104.606, 54, -1,-1,-1,33.9169,-17.5406,0.019953,8.68e+08,11,125000,1,0,-14.8899,16206.6,0,-140.587,-135,0.790528
273187, 104.905, 13, -1,-1,-1,57.0723,-1.70621,0.015849,8.68e+08,11,125000,1,0,8.1828,16895.6,0,-134.885,-135,0.790528
273189, 105.286, 18, -1,-1,-1,40.3252,0.458257,0.015849,8.68e+08,10,125000,1,0,-7.16393,18976.9,0,-139.452,-133,0.436224
273196, 105.472, 21, -1,-1,-1,39.9798,-9.60875,0.019953,8.68e+08,12,125000,1,0,-9.25744,17527.9,0,-139.055,-137,1.58106
273208, 105.791, 1, -1,-1,-1,47.2765,2.22214,0.015849,8.68e+08,12,125000,1,0,-1.03533,19008.1,0,-137.629,-137,1.58106
273211, 105.852, 0, -1,-1,-1,52.8019,-0.140325,0.019953,8.68e+08,12,125000,1,0,3.85758,18125.4,1,-135.156,-137,1.58106
273213, 105.96, 23, -1,-1,-1,52.8622,11.1827,0.019953,8.68e+08,10,125000,1,0,6.86508,19405.2,0,-134.265,-133,0.436224
273220, 106.259, 55, -1,-1,-1,29.3703,-15.3954,0.025119,8.68e+08,11,125000,1,0,-17.373,16667.4,0,-140.214,-135,0.790528
273252, 106.999, 20, -1,-1,-1,37.9471,-10.2414,0.015849,8.68e+08,11,125000,1,0,-10.7329,17456,0,-140.469,-135,0.790528
273254, 107, 33, -1,-1,-1,47.239,17.4643,0.019953,8.68e+08,10,125000,1,0,1.51398,19395.9,0,-135.857,-133,0.436224
273271, 107.216, 16, -1,-1,-1,42.4575,7.48746,0.019953,8.68e+08,11,125000,1,0,-4.26642,19493,0,-137.598,-135,0.790528
273278, 107.343, 14, -1,-1,-1,53.0462,-6.68945,0.015849,8.68e+08,12,125000,1,0,2.33387,16702.8,0,-136.614,-137,1.58106
273281, 107.5, 31, -1,-1,-1,54.7544,21.0473,0.025119,8.68e+08,11,125000,1,0,11.4381,18846.9,1,-131.964,-135,0.790528
273283, 107.504, 32, -1,-1,-1,51.2589,12.3527,0.019953,8.68e+08,11,125000,1,0,5.24388,19513.3,0,-134.742,-135,0.790528
273285, 107.556, 25, -1,-1,-1,47.5334,10.9197,0.019953,8.68e+08,10,125000,1,0,0.970603,19586.4,0,-136.022,-133,0.436224
273292, 107.628, 30, -1,-1,-1,49.4973,17.4698,0.015849,8.68e+08,11,125000,1,0,3.99762,19393.3,0,-136.112,-135,0.790528
273294, 107.84, 37, -1,-1,-1,39.3182,23.7585,0.025119,8.68e+08,11,125000,1,0,-5.41831,18402.4,0,-136.937,-135,0.790528
273296, 107.998, 45, -1,-1,-1,51.1713,24.9679,0.025119,8.68e+08,11,125000,1,0,6.7488,18321.4,0,-133.298,-135,0.790528
273303, 108.033, 44, -1,-1,-1,50.511,28.5311,0.019953,8.68e+08,12,125000,1,0,5.96445,17521.3,0,-134.528,-137,1.58106
273305, 108.109, 52, -1,-1,-1,39.7577,32.3711,0.019953,8.68e+08,11,125000,1,0,-4.96601,16577.1,0,-137.803,-135,0.790528
273308, 108.456, 48, -1,-1,-1,58.3997,11.2994,0.015849,8.68e+08,10,125000,1,0,15.2531,18578.8,1,-132.946,-133,0.436224
273330, 109.095, 51, -1,-1,-1,41.8919,29.6462,0.019953,8.68e+08,10,125000,1,0,-2.99112,17262.5,0,-137.214,-133,0.436224
273333, 109.145, 6, -1,-1,-1,58.2129,16.2971,0.025119,8.68e+08,12,125000,1,0,16.5067,18794.9,1,-130.625,-137,1.58106
273346, 109.726, 59, -1,-1,-1,68.2639,21.0486,0.015849,8.68e+08,11,125000,1,0,53.6716,11189.5,1,-126.434,-135,0.790528
273348, 109.774, 47, -1,-1,-1,60.7194,5.65594,0.015849,8.68e+08,11,125000,1,0,16.9628,16987.9,0,-132.512,-135,0.790528
273351, 109.859, 28, -1,-1,-1,56.1214,14.8064,0.019953,8.68e+08,10,125000,1,0,12.6629,19097.2,1,-132.63,-133,0.436224
273353, 110.063, 19, -1,-1,-1,38.1762,0.856056,0.025119,8.68e+08,11,125000,1,0,-8.53856,18967.9,0,-137.847,-135,0.790528
273360, 110.574, 46, -1,-1,-1,52.8116,25.5221,0.025119,8.68e+08,12,125000,1,0,9.14521,18103,0,-132.606,-137,1.58106
273362, 110.654, 35, -1,-1,-1,45.7431,26.4773,0.019953,8.68e+08,10,125000,1,0,0.773572,17995.6,0,-136.08,-133,0.436224
273384, 111.595, 3, -1,-1,-1,41.7537,-4.41958,0.015849,8.68e+08,11,125000,1,0,-6.63598,18245.5,0,-139.299,-135,0.790528
273396, 112.21, 43, -1,-1,-1,55.6658,27.4582,0.015849,8.68e+08,10,125000,1,0,14.0026,17310.2,0,-133.271,-133,0.436224
273399, 112.222, 8, -1,-1,-1,60.4856,7.73014,0.025119,8.68e+08,11,125000,1,0,17.8595,17370.5,1,-130.289,-135,0.790528
273401, 112.258, 24, -1,-1,-1,47.5807,13.3667,0.025119,8.68e+08,12,125000,1,0,1.61551,19547.7,0,-134.827,-137,1.58106
273408, 112.49, 42, -1,-1,-1,57.7616,26.6615,0.019953,8.68e+08,12,125000,1,0,17.9051,17255.7,0,-131.277,-137,1.58106
273420, 113.406, 38, -1,-1,-1,44.5391,14.5207,0.025119,8.68e+08,10,125000,1,0,-1.11205,19468.6,0,-135.65,-133,0.436224
273422, 113.675, 40, -1,-1,-1,60.8808,23.4982,0.015849,8.68e+08,12,125000,1,0,25.2367,17223.2,0,-130.614,-137,1.58106
273424, 113.906, 2, -1,-1,-1,51.5344,12.7308,0.019953,8.68e+08,12,125000,1,0,6.06675,19430.9,0,-134.498,-137,1.58106
273426, 114.09, 5, -1,-1,-1,53.5397,3.21519,0.015849,8.68e+08,12,125000,1,0,6.18572,18419.9,0,-135.465,-137,1.58106
273453, 115.359, 15, -1,-1,-1,44.3496,3.32595,0.025119,8.68e+08,11,125000,1,0,-2.87492,19113.7,0,-136.182,-135,0.790528
273456, 115.549, 13, -1,-1,-1,57.0723,-1.70621,0.015849,8.68e+08,11,125000,1,0,8.96123,16589.9,1,-134.661,-135,0.790528
273458, 115.634, 9, -1,-1,-1,39.6549,24.3091,0.025119,8.68e+08,10,125000,1,0,-4.71842,18216,0,-136.729,-133,0.436224
273470, 116.125, 12, -1,-1,-1,52.0633,-2.10831,0.019953,8.68e+08,10,125000,1,0,3.2579,17652,0,-135.335,-133,0.436224
273487, 116.566, 57, -1,-1,-1,35.1402,33.8726,0.025119,8.68e+08,12,125000,1,0,-8.45279,15980.8,0,-137.819,-137,1.58106
273489, 116.713, 26, -1,-1,-1,45.7065,9.06593,0.025119,8.68e+08,11,125000,1,0,-0.579559,19463.7,0,-135.489,-135,0.790528
273496, 116.81, 50, -1,-1,-1,39.4666,15.4567,0.025119,8.68e+08,12,125000,1,0,-5.40454,19253.2,0,-136.933,-137,1.58106
273503, 116.935, 55, -1,-1,-1,29.3703,-15.3954,0.025119,8.68e+08,11,125000,1,0,-16.9919,16533.5,0,-140.119,-135,0.790528
273505, 116.998, 34, -1,-1,-1,48.7562,19.7846,0.025119,8.68e+08,11,125000,1,0,4.05042,19046.1,0,-134.095,-135,0.790528
273508, 117.045, 41, -1,-1,-1,59.5484,25.9088,0.019953,8.68e+08,11,125000,1,0,22.6785,16860.7,1,-130.163,-135,0.790528
273510, 117.325, 53, -1,-1,-1,63.4292,-20.8181,0.019953,8.68e+08,10,125000,1,0,7.83584,8001.87,0,-133.987,-133,0.436224
273517, 118.35, 1, -1,-1,-1,47.2765,2.22214,0.015849,8.68e+08,12,125000,1,0,-0.317106,18848.9,0,-137.411,-137,1.58106
273569, 119.501, 51, -1,-1,-1,41.8919,29.6462,0.019953,8.68e+08,10,125000,1,0,-2.4849,17075.2,0,-137.062,-133,0.436224
273571, 119.667, 4, -1,-1,-1,41.4412,12.9351,0.019953,8.68e+08,10,125000,1,0,-3.75988,19394.8,0,-137.444,-133,0.436224
273573, 119.809, 7, -1,-1,-1,47.6351,15.354,0.015849,8.68e+08,11,125000,1,0,2.48777,19386,0,-136.563,-135,0.790528
273575, 119.876, 27, -1,-1,-1,50.6159,6.80471,0.025119,8.68e+08,12,125000,1,0,4.18383,19104.2,0,-134.056,-137,1.58106
273577, 120, 49, -1,-1,-1,46.408,9.75733,0.015849,8.68e+08,11,125000,1,0,0.410153,19443.6,0,-137.19,-135,0.790528
273589, 120.121, 39, -1,-1,-1,43.5465,21.5478,0.025119,8.68e+08,12,125000,1,0,-1.13251,18724.8,0,-135.655,-137,1.58106
273596, 120.258, 20, -1,-1,-1,37.9471,-10.2414,0.015849,8.68e+08,11,125000,1,0,-10.1915,17278.7,0,-140.317,-135,0.790528
273598, 120.328, 56, -1,-1,-1,36.3084,12.5542,0.019953,8.68e+08,12,125000,1,0,-8.04695,19225.3,0,-138.703,-137,1.58106
273600, 120.355, 10, -1,-1,-1,28.9812,30.4875,0.019953,8.68e+08,12,125000,1,0,-12.8172,16536.8,0,-140.03,-137,1.58106
273603, 120.566, 58, -1,-1,-1,60.5259,-7.32063,0.025119,8.68e+08,10,125000,1,0,11.1669,13702.5,1,-132.041,-133,0.436224
273605, 120.59, 36, -1,-1,-1,43.7267,24.2592,0.019953,8.68e+08,12,125000,1,0,-0.809107,18274.5,0,-136.557,-137,1.58106
273608, 120.796, 45, -1,-1,-1,51.1713,24.9679,0.025119,8.68e+08,11,125000,1,0,7.70972,18257.3,1,-133.017,-135,0.790528
273610, 120.819, 44, -1,-1,-1,50.511,28.5311,0.019953,8.68e+08,12,125000,1,0,6.84845,17217.5,0,-134.268,-137,1.58106
273627, 121.649, 29, -1,-1,-1,50.7851,21.7882,0.015849,8.68e+08,12,125000,1,0,6.9955,18875.4,0,-135.225,-137,1.58106
273634, 121.684, 37, -1,-1,-1,39.3182,23.7585,0.025119,8.68e+08,11,125000,1,0,-4.74629,18416.2,0,-136.737,-135,0.790528
273636, 121.726, 33, -1,-1,-1,47.239,17.4643,0.019953,8.68e+08,10,125000,1,0,2.4607,19417.9,0,-135.571,-133,0.436224
273648, 122.092, 17, -1,-1,-1,50.975,1.0294,0.019953,8.68e+08,10,125000,1,0,3.36789,18497.2,0,-135.301,-133,0.436224
273660, 122.826, 14, -1,-1,-1,53.0462,-6.68945,0.015849,8.68e+08,12,125000,1,0,3.21096,16563.7,0,-136.35,-137,1.58106
273672, 123.376, 21, -1,-1,-1,39.9798,-9.60875,0.019953,8.68e+08,12,125000,1,0,-8.50244,17518.3,0,-138.839,-137,1.58106
273674, 123.451, 54, -1,-1,-1,33.9169,-17.5406,0.019953,8.68e+08,11,125000,1,0,-14.2197,16190.3,0,-140.411,-135,0.790528
273676, 123.625, 11, -1,-1,-1,56.9993,38.0547,0.019953,8.68e+08,12,125000,1,0,16.3396,12510,0,-131.666,-137,1.58106
273679, 123.658, 8, -1,-1,-1,60.4856,7.73014,0.025119,8.68e+08,11,125000,1,0,19.2464,17230.1,1,-129.952,-135,0.790528
273681, 123.95, 52, -1,-1,-1,39.7577,32.3711,0.019953,8.68e+08,11,125000,1,0,-4.26711,16455.8,0,-137.594,-135,0.790528
273684, 123.991, 40, -1,-1,-1,60.8808,23.4982,0.015849,8.68e+08,12,125000,1,0,27.0229,17030,1,-130.248,-137,1.58106
273707, 124.486, 28, -1,-1,-1,56.1214,14.8064,0.019953,8.68e+08,10,125000,1,0,14.1891,19040.3,1,-132.222,-133,0.436224
273714, 125.109, 30, -1,-1,-1,49.4973,17.4698,0.015849,8.68e+08,11,125000,1,0,5.24367,19364.5,0,-135.74,-135,0.790528
273746, 125.452, 16, -1,-1,-1,42.4575,7.48746,0.019953,8.68e+08,11,125000,1,0,-3.2931,19534.3,0,-137.305,-135,0.790528
273754, 125.728, 43, -1,-1,-1,55.6658,27.4582,0.015849,8.68e+08,10,125000,1,0,15.355,17086.2,1,-132.917,-133,0.436224
273756, 125.904, 46, -1,-1,-1,52.8116,25.5221,0.025119,8.68e+08,12,125000,1,0,10.4194,17945.7,0,-132.246,-137,1.58106
273758, 125.967, 3, -1,-1,-1,41.7537,-4.41958,0.015849,8.68e+08,11,125000,1,0,-5.96389,18294.5,0,-139.101,-135,0.790528
273760, 125.97, 13, -1,-1,-1,57.0723,-1.70621,0.015849,8.68e+08,11,125000,1,0,9.7421,16519.2,0,-134.439,-135,0.790528
273767, 126.052, 18, -1,-1,-1,40.3252,0.458257,0.015849,8.68e+08,10,125000,1,0,-6.1652,18987.6,0,-139.158,-133,0.436224
273770, 126.063, 6, -1,-1,-1,58.2129,16.2971,0.025119,8.68e+08,12,125000,1,0,18.6204,18618,1,-130.102,-137,1.58106
273773, 126.108, 31, -1,-1,-1,54.7544,21.0473,0.025119,8.68e+08,11,125000,1,0,13.2519,18673,1,-131.47,-135,0.790528
273775, 126.197, 32, -1,-1,-1,51.2589,12.3527,0.019953,8.68e+08,11,125000,1,0,6.66131,19479.4,0,-134.323,-135,0.790528
273777, 126.435, 25, -1,-1,-1,47.5334,10.9197,0.019953,8.68e+08,10,125000,1,0,2.17832,19589,0,-135.656,-133,0.436224
273789, 126.755, 5, -1,-1,-1,53.5397,3.21519,0.015849,8.68e+08,12,125000,1,0,7.12165,18409.6,0,-135.19,-137,1.58106
273796, 127.002, 35, -1,-1,-1,45.7431,26.4773,0.019953,8.68e+08,10,125000,1,0,1.72109,17892.1,0,-135.793,-133,0.436224
273798, 127.062, 23, -1,-1,-1,52.8622,11.1827,0.019953,8.68e+08,10,125000,1,0,8.58079,19312.7,0,-133.767,-133,0.436224
273806, 127.561, 22, -1,-1,-1,49.8807,11.1424,0.019953,8.68e+08,11,125000,1,0,4.86563,19509.9,1,-134.852,-135,0.790528
273819, 127.978, 48, -1,-1,-1,58.3997,11.2994,0.015849,8.68e+08,10,125000,1,0,17.5278,18327,1,-132.369,-133,0.436224
273831, 128.379, 26, -1,-1,-1,45.7065,9.06593,0.025119,8.68e+08,11,125000,1,0,0.119187,19553.9,0,-135.277,-135,0.790528
273834, 128.454, 47, -1,-1,-1,60.7194,5.65594,0.015849,8.68e+08,11,125000,1,0,19.1048,16538.7,1,-131.986,-135,0.790528
273846, 129.577, 0, -1,-1,-1,52.8019,-0.140325,0.019953,8.68e+08,12,125000,1,0,5.42955,17888.7,0,-134.687,-137,1.58106
273848, 129.91, 57, -1,-1,-1,35.1402,33.8726,0.025119,8.68e+08,12,125000,1,0,-7.92981,15923.3,0,-137.668,-137,1.58106
273850, 130.325, 24, -1,-1,-1,47.5807,13.3667,0.025119,8.68e+08,12,125000,1,0,2.79876,19551,0,-134.469,-137,1.58106
273852, 130.353, 49, -1,-1,-1,46.408,9.75733,0.015849,8.68e+08,11,125000,1,0,1.05202,19544.4,0,-136.996,-135,0.790528
273874, 131.554, 51, -1,-1,-1,41.8919,29.6462,0.019953,8.68e+08,10,125000,1,0,-1.89209,17033.9,0,-136.882,-133,0.436224
273876, 131.741, 55, -1,-1,-1,29.3703,-15.3954,0.025119,8.68e+08,11,125000,1,0,-16.461,16610,0,-139.985,-135,0.790528
273908, 132.588, 20, -1,-1,-1,37.9471,-10.2414,0.015849,8.68e+08,11,125000,1,0,-9.6837,17354.9,0,-140.173,-135,0.790528
273911, 132.747, 2, -1,-1,-1,51.5344,12.7308,0.019953,8.68e+08,12,125000,1,0,7.5468,19385.5,1,-134.064,-137,1.58106
273914, 132.753, 58, -1,-1,-1,60.5259,-7.32063,0.025119,8.68e+08,10,125000,1,0,11.9835,13120.6,1,-131.816,-133,0.436224
273916, 132.932, 15, -1,-1,-1,44.3496,3.32595,0.025119,8.68e+08,11,125000,1,0,-1.91268,19138.7,0,-135.891,-135,0.790528
273919, 133.012, 59, -1,-1,-1,68.2639,21.0486,0.015849,8.68e+08,11,125000,1,0,63.3101,8064.89,1,-125.658,-135,0.790528
273921, 133.129, 1, -1,-1,-1,47.2765,2.22214,0.015849,8.68e+08,12,125000,1,0,0.550266,18877,0,-137.148,-137,1.58106
273928, 133.473, 39, -1,-1,-1,43.5465,21.5478,0.025119,8.68e+08,12,125000,1,0,-0.376729,18741.8,0,-135.425,-137,1.58106
273930, 134.01, 19, -1,-1,-1,38.1762,0.856056,0.025119,8.68e+08,11,125000,1,0,-7.4179,18961.2,0,-137.523,-135,0.790528
273932, 134.053, 56, -1,-1,-1,36.3084,12.5542,0.019953,8.68e+08,12,125000,1,0,-7.3889,19317.9,0,-138.512,-137,1.58106
273949, 134.639, 9, -1,-1,-1,39.6549,24.3091,0.025119,8.68e+08,10,125000,1,0,-3.78103,18148,0,-136.448,-133,0.436224
273962, 135.411, 41, -1,-1,-1,59.5484,25.9088,0.019953,8.68e+08,11,125000,1,0,25.4845,16266.6,1,-129.56,-135,0.790528
273970, 135.819, 42, -1,-1,-1,57.7616,26.6615,0.019953,8.68e+08,12,125000,1,0,20.7941,16589.3,1,-130.587,-137,1.58106
273972, 135.922, 52, -1,-1,-1,39.7577,32.3711,0.019953,8.68e+08,11,125000,1,0,-3.73454,16217.2,0,-137.435,-135,0.790528
273979, 136.537, 44, -1,-1,-1,50.511,28.5311,0.019953,8.68e+08,12,125000,1,0,7.96953,17005.8,0,-133.941,-137,1.58106
273981, 137.049, 5, -1,-1,-1,53.5397,3.21519,0.015849,8.68e+08,12,125000,1,0,7.90756,18203.2,0,-134.961,-137,1.58106
273988, 137.803, 36, -1,-1,-1,43.7267,24.2592,0.019953,8.68e+08,12,125000,1,0,0.154556,18200.5,0,-136.264,-137,1.58106
274005, 138.264, 38, -1,-1,-1,44.5391,14.5207,0.025119,8.68e+08,10,125000,1,0,0.367354,19410,0,-135.201,-133,0.436224
274012, 138.848, 7, -1,-1,-1,47.6351,15.354,0.015849,8.68e+08,11,125000,1,0,3.77445,19361.1,0,-136.176,-135,0.790528
274020, 138.947, 34, -1,-1,-1,48.7562,19.7846,0.025119,8.68e+08,11,125000,1,0,5.60573,18921.3,1,-133.631,-135,0.790528
274027, 139.226, 50, -1,-1,-1,39.4666,15.4567,0.025119,8.68e+08,12,125000,1,0,-4.25157,19240.2,0,-136.589,-137,1.58106
274030, 139.23, 28, -1,-1,-1,56.1214,14.8064,0.019953,8.68e+08,10,125000,1,0,15.8379,18721.9,1,-131.792,-133,0.436224
274032, 139.289, 12, -1,-1,-1,52.0633,-2.10831,0.019953,8.68e+08,10,125000,1,0,4.72301,17400,0,-134.896,-133,0.436224
274039, 139.601, 17, -1,-1,-1,50.975,1.0294,0.019953,8.68e+08,10,125000,1,0,4.51964,18189.3,0,-134.956,-133,0.436224
274041, 139.867, 4, -1,-1,-1,41.4412,12.9351,0.019953,8.68e+08,10,125000,1,0,-2.66174,19408.7,0,-137.114,-133,0.436224
274058, 140.435, 53, -1,-1,-1,63.4292,-20.8181,0.019953,8.68e+08,10,125000,1,0,8.58326,6872.52,0,-133.77,-133,0.436224
274066, 141.113, 48, -1,-1,-1,58.3997,11.2994,0.015849,8.68e+08,10,125000,1,0,19.191,18204.9,1,-131.963,-133,0.436224
274073, 141.207, 54, -1,-1,-1,33.9169,-17.5406,0.019953,8.68e+08,11,125000,1,0,-13.5845,16181.4,0,-140.242,-135,0.790528
274085, 141.54, 24, -1,-1,-1,47.5807,13.3667,0.025119,8.68e+08,12,125000,1,0,3.56082,19418.2,0,-134.24,-137,1.58106
274107, 142.685, 22, -1,-1,-1,49.8807,11.1424,0.019953,8.68e+08,11,125000,1,0,5.98739,19527,0,-134.519,-135,0.790528
274109, 142.688, 32, -1,-1,-1,51.2589,12.3527,0.019953,8.68e+08,11,125000,1,0,7.98469,19461.9,0,-133.937,-135,0.790528
274111, 142.718, 10, -1,-1,-1,28.9812,30.4875,0.019953,8.68e+08,12,125000,1,0,-11.9743,16611.4,0,-139.8,-137,1.58106
274113, 142.822, 33, -1,-1,-1,47.239,17.4643,0.019953,8.68e+08,10,125000,1,0,3.87689,19349.5,0,-135.144,-133,0.436224
274115, 142.895, 27, -1,-1,-1,50.6159,6.80471,0.025119,8.68e+08,12,125000,1,0,5.83571,19216.3,0,-133.564,-137,1.58106
274117, 142.917, 57, -1,-1,-1,35.1402,33.8726,0.025119,8.68e+08,12,125000,1,0,-7.41825,15860.9,0,-137.519,-137,1.58106
274139, 143.149, 0, -1,-1,-1,52.8019,-0.140325,0.019953,8.68e+08,12,125000,1,0,6.36858,17831.6,0,-134.409,-137,1.58106
274146, 143.814, 45, -1,-1,-1,51.1713,24.9679,0.025119,8.68e+08,11,125000,1,0,9.52702,17942.9,0,-132.495,-135,0.790528
274149, 143.857, 59, -1,-1,-1,68.2639,21.0486,0.015849,8.68e+08,11,125000,1,0,68.0914,6566.1,1,-125.37,-135,0.790528
274166, 144.563, 21, -1,-1,-1,39.9798,-9.60875,0.019953,8.68e+08,12,125000,1,0,-7.59544,17451.3,0,-138.576,-137,1.58106
274168, 144.657, 14, -1,-1,-1,53.0462,-6.68945,0.015849,8.68e+08,12,125000,1,0,4.48155,16230.9,0,-135.968,-137,1.58106
274171, 144.767, 6, -1,-1,-1,58.2129,16.2971,0.025119,8.68e+08,12,125000,1,0,21.2039,18339.2,1,-129.492,-137,1.58106
274173, 144.918, 25, -1,-1,-1,47.5334,10.9197,0.019953,8.68e+08,10,125000,1,0,3.41603,19586.5,0,-135.283,-133,0.436224
274180, 145.057, 26, -1,-1,-1,45.7065,9.06593,0.025119,8.68e+08,11,125000,1,0,1.14888,19585.9,0,-134.965,-135,0.790528
274182, 145.307, 30, -1,-1,-1,49.4973,17.4698,0.015849,8.68e+08,11,125000,1,0,6.7639,19281.5,0,-135.29,-135,0.790528
274204, 145.798, 9, -1,-1,-1,39.6549,24.3091,0.025119,8.68e+08,10,125000,1,0,-3.22082,18178.7,0,-136.28,-133,0.436224
274216, 146.132, 20, -1,-1,-1,37.9471,-10.2414,0.015849,8.68e+08,11,125000,1,0,-9.12084,17408.2,0,-140.013,-135,0.790528
274223, 146.322, 37, -1,-1,-1,39.3182,23.7585,0.025119,8.68e+08,11,125000,1,0,-3.52353,18274.2,0,-136.37,-135,0.790528
274231, 146.422, 58, -1,-1,-1,60.5259,-7.32063,0.025119,8.68e+08,10,125000,1,0,12.9042,12685.2,1,-131.565,-133,0.436224
274233, 146.463, 16, -1,-1,-1,42.4575,7.48746,0.019953,8.68e+08,11,125000,1,0,-2.13441,19543,0,-136.956,-135,0.790528
274245, 146.551, 29, -1,-1,-1,50.7851,21.7882,0.015849,8.68e+08,12,125000,1,0,8.97614,18619.6,0,-134.651,-137,1.58106
274252, 146.815, 19, -1,-1,-1,38.1762,0.856056,0.025119,8.68e+08,11,125000,1,0,-6.80602,19059,0,-137.344,-135,0.790528
274254, 146.963, 35, -1,-1,-1,45.7431,26.4773,0.019953,8.68e+08,10,125000,1,0,2.91421,17697.1,0,-135.432,-133,0.436224
274262, 147.293, 8, -1,-1,-1,60.4856,7.73014,0.025119,8.68e+08,11,125000,1,0,22.3613,16543.4,1,-129.231,-135,0.790528
274264, 147.422, 13, -1,-1,-1,57.0723,-1.70621,0.015849,8.68e+08,11,125000,1,0,11.4107,16057.8,0,-133.971,-135,0.790528
274272, 147.714, 40, -1,-1,-1,60.8808,23.4982,0.015849,8.68e+08,12,125000,1,0,31.6208,16056,1,-129.378,-137,1.58106
274284, 147.933, 49, -1,-1,-1,46.408,9.75733,0.015849,8.68e+08,11,125000,1,0,2.17738,19560.6,0,-136.655,-135,0.790528
274286, 147.982, 11, -1,-1,-1,56.9993,38.0547,0.019953,8.68e+08,12,125000,1,0,18.2339,11144.6,0,-131.194,-137,1.58106
274289, 148.275, 43, -1,-1,-1,55.6658,27.4582,0.015849,8.68e+08,10,125000,1,0,17.7628,16474.7,1,-132.308,-133,0.436224
274292, 148.37, 47, -1,-1,-1,60.7194,5.65594,0.015849,8.68e+08,11,125000,1,0,21.5777,15929.4,1,-131.407,-135,0.790528
274299, 148.675, 55, -1,-1,-1,29.3703,-15.3954,0.025119,8.68e+08,11,125000,1,0,-15.8504,16653.5,0,-139.83,-135,0.790528
274307, 149.294, 31, -1,-1,-1,54.7544,21.0473,0.025119,8.68e+08,11,125000,1,0,15.7227,18339.6,1,-130.821,-135,0.790528
274324, 149.953, 18, -1,-1,-1,40.3252,0.458257,0.015849,8.68e+08,10,125000,1,0,-4.98302,18956.7,0,-138.808,-133,0.436224
274326, 150.165, 23, -1,-1,-1,52.8622,11.1827,0.019953,8.68e+08,10,125000,1,0,10.6142,19158.9,0,-133.19,-133,0.436224
274328, 150.499, 3, -1,-1,-1,41.7537,-4.41958,0.015849,8.68e+08,11,125000,1,0,-4.79123,18202.1,0,-138.752,-135,0.790528
274341, 150.699, 46, -1,-1,-1,52.8116,25.5221,0.025119,8.68e+08,12,125000,1,0,12.6161,17496.3,1,-131.639,-137,1.58106
274478, 151.33, 15, -1,-1,-1,44.3496,3.32595,0.025119,8.68e+08,11,125000,1,0,-0.873017,19146.3,0,-135.576,-135,0.790528
274490, 151.827, 12, -1,-1,-1,52.0633,-2.10831,0.019953,8.68e+08,10,125000,1,0,5.54584,17352.9,0,-134.651,-133,0.436224
274492, 152.204, 39, -1,-1,-1,43.5465,21.5478,0.025119,8.68e+08,12,125000,1,0,0.713935,18673.1,0,-135.094,-137,1.58106
274499, 152.417, 56, -1,-1,-1,36.3084,12.5542,0.019953,8.68e+08,12,125000,1,0,-6.49126,19364.9,0,-138.249,-137,1.58106
274501, 152.449, 24, -1,-1,-1,47.5807,13.3667,0.025119,8.68e+08,12,125000,1,0,4.32425,19494.7,0,-134.011,-137,1.58106
274504, 152.453, 41, -1,-1,-1,59.5484,25.9088,0.019953,8.68e+08,11,125000,1,0,28.3478,15601.6,1,-128.985,-135,0.790528
274506, 152.481, 1, -1,-1,-1,47.2765,2.22214,0.015849,8.68e+08,12,125000,1,0,1.72576,18832.5,0,-136.792,-137,1.58106
274519, 152.983, 28, -1,-1,-1,56.1214,14.8064,0.019953,8.68e+08,10,125000,1,0,17.4906,18636.1,1,-131.375,-133,0.436224
274536, 153.69, 51, -1,-1,-1,41.8919,29.6462,0.019953,8.68e+08,10,125000,1,0,-0.784746,16776.5,0,-136.546,-133,0.436224
274538, 153.789, 2, -1,-1,-1,51.5344,12.7308,0.019953,8.68e+08,12,125000,1,0,9.31625,19287.7,0,-133.555,-137,1.58106
274546, 153.97, 32, -1,-1,-1,51.2589,12.3527,0.019953,8.68e+08,11,125000,1,0,8.9345,19293.1,1,-133.663,-135,0.790528
274553, 154.276, 0, -1,-1,-1,52.8019,-0.140325,0.019953,8.68e+08,12,125000,1,0,7.16192,17580.2,0,-134.176,-137,1.58106
274555, 154.577, 33, -1,-1,-1,47.239,17.4643,0.019953,8.68e+08,10,125000,1,0,4.70003,19190.8,0,-134.898,-133,0.436224
274562, 154.594, 5, -1,-1,-1,53.5397,3.21519,0.015849,8.68e+08,12,125000,1,0,9.30411,18061.3,0,-134.559,-137,1.58106
274584, 155.374, 42, -1,-1,-1,57.7616,26.6615,0.019953,8.68e+08,12,125000,1,0,23.46,15927.5,0,-129.988,-137,1.58106
274586, 155.654, 52, -1,-1,-1,39.7577,32.3711,0.019953,8.68e+08,11,125000,1,0,-2.84859,15982.1,0,-137.168,-135,0.790528
274588, 155.72, 7, -1,-1,-1,47.6351,15.354,0.015849,8.68e+08,11,125000,1,0,4.97042,19351.4,0,-135.818,-135,0.790528
274601, 156.012, 34, -1,-1,-1,48.7562,19.7846,0.025119,8.68e+08,11,125000,1,0,6.88235,18849,1,-133.255,-135,0.790528
274603, 156.173, 6, -1,-1,-1,58.2129,16.2971,0.025119,8.68e+08,12,125000,1,0,22.9288,17971.6,0,-129.104,-137,1.58106
274605, 156.262, 17, -1,-1,-1,50.975,1.0294,0.019953,8.68e+08,10,125000,1,0,5.6612,18105.4,0,-134.616,-133,0.436224
274607, 156.56, 57, -1,-1,-1,35.1402,33.8726,0.025119,8.68e+08,12,125000,1,0,-6.87979,15593.6,0,-137.361,-137,1.58106
274609, 157.502, 36, -1,-1,-1,43.7267,24.2592,0.019953,8.68e+08,12,125000,1,0,1.29134,18066.6,0,-135.919,-137,1.58106
274621, 158.349, 38, -1,-1,-1,44.5391,14.5207,0.025119,8.68e+08,10,125000,1,0,1.6208,19390.2,0,-134.821,-133,0.436224
274628, 158.86, 4, -1,-1,-1,41.4412,12.9351,0.019953,8.68e+08,10,125000,1,0,-1.5938,19427.2,0,-136.791,-133,0.436224
274646, 159.831, 44, -1,-1,-1,50.511,28.5311,0.019953,8.68e+08,12,125000,1,0,9.70473,16532.1,1,-133.443,-137,1.58106
274649, 159.95, 59, -1,-1,-1,68.2639,21.0486,0.015849,8.68e+08,11,125000,1,0,74.8569,3391.73,1,-125.064,-135,0.790528
274651, 160.266, 37, -1,-1,-1,39.3182,23.7585,0.025119,8.68e+08,11,125000,1,0,-2.81516,18074.5,0,-136.157,-135,0.790528
274668, 160.612, 22, -1,-1,-1,49.8807,11.1424,0.019953,8.68e+08,11,125000,1,0,7.3874,19278.3,0,-134.108,-135,0.790528
274680, 161.278, 13, -1,-1,-1,57.0723,-1.70621,0.015849,8.68e+08,11,125000,1,0,12.5334,15803.3,0,-133.663,-135,0.790528
274683, 161.556, 48, -1,-1,-1,58.3997,11.2994,0.015849,8.68e+08,10,125000,1,0,22.0299,17801.2,1,-131.304,-133,0.436224
274685, 161.683, 15, -1,-1,-1,44.3496,3.32595,0.025119,8.68e+08,11,125000,1,0,-0.2721,19241.5,0,-135.394,-135,0.790528
274697, 162.007, 10, -1,-1,-1,28.9812,30.4875,0.019953,8.68e+08,12,125000,1,0,-11.2428,16514.9,0,-139.599,-137,1.58106
274700, 162.085, 50, -1,-1,-1,39.4666,15.4567,0.025119,8.68e+08,12,125000,1,0,-3.03575,19413.7,1,-136.224,-137,1.58106
274713, 162.543, 47, -1,-1,-1,60.7194,5.65594,0.015849,8.68e+08,11,125000,1,0,23.4653,15492.6,1,-130.987,-135,0.790528
274720, 162.605, 9, -1,-1,-1,39.6549,24.3091,0.025119,8.68e+08,10,125000,1,0,-2.36244,18117,0,-136.021,-133,0.436224
274727, 162.719, 49, -1,-1,-1,46.408,9.75733,0.015849,8.68e+08,11,125000,1,0,3.16191,19601,0,-136.357,-135,0.790528
274734, 163.101, 58, -1,-1,-1,60.5259,-7.32063,0.025119,8.68e+08,10,125000,1,0,14.0276,12029.7,0,-131.264,-133,0.436224
274741, 163.168, 19, -1,-1,-1,38.1762,0.856056,0.025119,8.68e+08,11,125000,1,0,-6.01067,19116.7,0,-137.11,-135,0.790528
274748, 163.357, 54, -1,-1,-1,33.9169,-17.5406,0.019953,8.68e+08,11,125000,1,0,-12.7867,16095.7,0,-140.028,-135,0.790528
274750, 163.426, 28, -1,-1,-1,56.1214,14.8064,0.019953,8.68e+08,10,125000,1,0,18.8296,18612.7,0,-131.047,-133,0.436224
274762, 164.291, 25, -1,-1,-1,47.5334,10.9197,0.019953,8.68e+08,10,125000,1,0,4.78023,19562.3,0,-134.874,-133,0.436224
274769, 164.546, 18, -1,-1,-1,40.3252,0.458257,0.015849,8.68e+08,10,125000,1,0,-4.2423,19018.8,0,-138.587,-133,0.436224
274777, 164.707, 27, -1,-1,-1,50.6159,6.80471,0.025119,8.68e+08,12,125000,1,0,7.50792,19100.9,1,-133.073,-137,1.58106
274779, 164.775, 21, -1,-1,-1,39.9798,-9.60875,0.019953,8.68e+08,12,125000,1,0,-6.71569,17384.8,0,-138.319,-137,1.58106
274791, 165.016, 53, -1,-1,-1,63.4292,-20.8181,0.019953,8.68e+08,10,125000,1,0,9.27651,5830.2,0,-133.57,-133,0.436224
274793, 165.134, 55, -1,-1,-1,29.3703,-15.3954,0.025119,8.68e+08,11,125000,1,0,-15.2531,16697,0,-139.676,-135,0.790528
274796, 165.608, 45, -1,-1,-1,51.1713,24.9679,0.025119,8.68e+08,11,125000,1,0,11.3655,17591,1,-131.979,-135,0.790528
274813, 166.558, 5, -1,-1,-1,53.5397,3.21519,0.015849,8.68e+08,12,125000,1,0,10.3013,18022.3,0,-134.277,-137,1.58106
274820, 166.86, 33, -1,-1,-1,47.239,17.4643,0.019953,8.68e+08,10,125000,1,0,5.58896,19219,0,-134.633,-133,0.436224
274833, 167.094, 26, -1,-1,-1,45.7065,9.06593,0.025119,8.68e+08,11,125000,1,0,2.57133,19550.1,1,-134.534,-135,0.790528
274835, 167.375, 46, -1,-1,-1,52.8116,25.5221,0.025119,8.68e+08,12,125000,1,0,14.1985,17201.1,0,-131.215,-137,1.58106
274842, 167.82, 20, -1,-1,-1,37.9471,-10.2414,0.015849,8.68e+08,11,125000,1,0,-8.20803,17337.4,0,-139.751,-135,0.790528
274854, 168.302, 11, -1,-1,-1,56.9993,38.0547,0.019953,8.68e+08,12,125000,1,0,19.7603,9860.22,0,-130.826,-137,1.58106
274857, 168.661, 43, -1,-1,-1,55.6658,27.4582,0.015849,8.68e+08,10,125000,1,0,20.1166,15813.8,1,-131.741,-133,0.436224
274859, 168.667, 14, -1,-1,-1,53.0462,-6.68945,0.015849,8.68e+08,12,125000,1,0,5.92631,15777.3,0,-135.538,-137,1.58106
274866, 168.818, 16, -1,-1,-1,42.4575,7.48746,0.019953,8.68e+08,11,125000,1,0,-0.852273,19530.2,0,-136.567,-135,0.790528
274874, 169.177, 40, -1,-1,-1,60.8808,23.4982,0.015849,8.68e+08,12,125000,1,0,36.469,14904,1,-128.565,-137,1.58106
274876, 169.551, 30, -1,-1,-1,49.4973,17.4698,0.015849,8.68e+08,11,125000,1,0,8.72126,19108.7,0,-134.722,-135,0.790528
274884, 169.96, 31, -1,-1,-1,54.7544,21.0473,0.025119,8.68e+08,11,125000,1,0,18.1599,17989.9,1,-130.209,-135,0.790528
274921, 170.847, 35, -1,-1,-1,45.7431,26.4773,0.019953,8.68e+08,10,125000,1,0,4.39833,17381,0,-134.986,-133,0.436224
274923, 170.88, 17, -1,-1,-1,50.975,1.0294,0.019953,8.68e+08,10,125000,1,0,6.70283,18042.9,0,-134.308,-133,0.436224
274926, 170.954, 8, -1,-1,-1,60.4856,7.73014,0.025119,8.68e+08,11,125000,1,0,25.8593,15651.9,1,-128.48,-135,0.790528
274929, 171.085, 23, -1,-1,-1,52.8622,11.1827,0.019953,8.68e+08,10,125000,1,0,12.6232,19005.5,1,-132.635,-133,0.436224
274932, 171.321, 29, -1,-1,-1,50.7851,21.7882,0.015849,8.68e+08,12,125000,1,0,11.1116,18303.2,1,-134.049,-137,1.58106
274934, 171.496, 22, -1,-1,-1,49.8807,11.1424,0.019953,8.68e+08,11,125000,1,0,8.27911,19337.7,0,-133.849,-135,0.790528
274936, 171.519, 32, -1,-1,-1,51.2589,12.3527,0.019953,8.68e+08,11,125000,1,0,10.493,19232.1,0,-133.221,-135,0.790528
274958, 172.415, 1, -1,-1,-1,47.2765,2.22214,0.015849,8.68e+08,12,125000,1,0,2.98889,18763.5,0,-136.41,-137,1.58106
274965, 172.512, 3, -1,-1,-1,41.7537,-4.41958,0.015849,8.68e+08,11,125000,1,0,-3.70926,18126.9,0,-138.428,-135,0.790528
274967, 172.526, 51, -1,-1,-1,41.8919,29.6462,0.019953,8.68e+08,10,125000,1,0,0.177079,16553.8,0,-136.254,-133,0.436224
274984, 172.854, 12, -1,-1,-1,52.0633,-2.10831,0.019953,8.68e+08,10,125000,1,0,6.97676,17078.3,0,-134.229,-133,0.436224
274986, 172.96, 15, -1,-1,-1,44.3496,3.32595,0.025119,8.68e+08,11,125000,1,0,0.396419,19105,0,-135.191,-135,0.790528
274993, 173.328, 7, -1,-1,-1,47.6351,15.354,0.015849,8.68e+08,11,125000,1,0,6.28191,19318.9,0,-135.429,-135,0.790528
275005, 173.628, 9, -1,-1,-1,39.6549,24.3091,0.025119,8.68e+08,10,125000,1,0,-1.78937,17946.3,0,-135.847,-133,0.436224
275017, 173.868, 56, -1,-1,-1,36.3084,12.5542,0.019953,8.68e+08,12,125000,1,0,-5.41565,19378.4,0,-137.931,-137,1.58106
275020, 174.113, 28, -1,-1,-1,56.1214,14.8064,0.019953,8.68e+08,10,125000,1,0,20.2844,18314.3,1,-130.701,-133,0.436224
275022, 174.142, 47, -1,-1,-1,60.7194,5.65594,0.015849,8.68e+08,11,125000,1,0,25.0922,14832.5,0,-130.639,-135,0.790528
275034, 174.299, 36, -1,-1,-1,43.7267,24.2592,0.019953,8.68e+08,12,125000,1,0,2.29169,17959.8,0,-135.616,-137,1.58106
275037, 174.345, 41, -1,-1,-1,59.5484,25.9088,0.019953,8.68e+08,11,125000,1,0,32.4265,14429.3,1,-128.233,-135,0.790528
275039, 174.376, 0, -1,-1,-1,52.8019,-0.140325,0.019953,8.68e+08,12,125000,1,0,8.65303,17325.7,0,-133.744,-137,1.58106
275041, 174.422, 34, -1,-1,-1,48.7562,19.7846,0.025119,8.68e+08,11,125000,1,0,8.33479,18731.2,0,-132.832,-135,0.790528
275044, 174.715, 58, -1,-1,-1,60.5259,-7.32063,0.025119,8.68e+08,10,125000,1,0,14.805,11336.7,1,-131.058,-133,0.436224
275071, 175.795, 24, -1,-1,-1,47.5807,13.3667,0.025119,8.68e+08,12,125000,1,0,6.03995,19403.5,0,-133.5,-137,1.58106
275073, 176.149, 52, -1,-1,-1,39.7577,32.3711,0.019953,8.68e+08,11,125000,1,0,-1.91788,15698.7,0,-136.886,-135,0.790528
275076, 176.369, 45, -1,-1,-1,51.1713,24.9679,0.025119,8.68e+08,11,125000,1,0,12.3201,17288.7,1,-131.716,-135,0.790528
275093, 176.92, 39, -1,-1,-1,43.5465,21.5478,0.025119,8.68e+08,12,125000,1,0,2.21325,18493.1,0,-134.64,-137,1.58106
275101, 177.05, 48, -1,-1,-1,58.3997,11.2994,0.015849,8.68e+08,10,125000,1,0,24.4186,17207.2,1,-130.78,-133,0.436224
275103, 177.099, 2, -1,-1,-1,51.5344,12.7308,0.019953,8.68e+08,12,125000,1,0,11.4472,19121.3,0,-132.956,-137,1.58106
275105, 177.18, 57, -1,-1,-1,35.1402,33.8726,0.025119,8.68e+08,12,125000,1,0,-6.06273,15351.2,0,-137.121,-137,1.58106
275117, 177.817, 19, -1,-1,-1,38.1762,0.856056,0.025119,8.68e+08,11,125000,1,0,-5.28396,18965.3,0,-136.894,-135,0.790528
275119, 177.989, 42, -1,-1,-1,57.7616,26.6615,0.019953,8.68e+08,12,125000,1,0,26.8475,14916.3,0,-129.278,-137,1.58106
275121, 178.218, 10, -1,-1,-1,28.9812,30.4875,0.019953,8.68e+08,12,125000,1,0,-10.6249,16260,0,-139.426,-137,1.58106
275128, 178.667, 4, -1,-1,-1,41.4412,12.9351,0.019953,8.68e+08,10,125000,1,0,-0.439181,19429.1,0,-136.44,-133,0.436224
275135, 179.203, 38, -1,-1,-1,44.5391,14.5207,0.025119,8.68e+08,10,125000,1,0,2.98534,19348.5,0,-134.408,-133,0.436224
275138, 179.321, 6, -1,-1,-1,58.2129,16.2971,0.025119,8.68e+08,12,125000,1,0,26.8512,17363,1,-128.277,-137,1.58106
275140, 179.325, 21, -1,-1,-1,39.9798,-9.60875,0.019953,8.68e+08,12,125000,1,0,-6.07305,17157.3,0,-138.13,-137,1.58106
275147, 180.18, 53, -1,-1,-1,63.4292,-20.8181,0.019953,8.68e+08,10,125000,1,0,9.64281,4812.57,0,-133.465,-133,0.436224
275164, 180.761, 25, -1,-1,-1,47.5334,10.9197,0.019953,8.68e+08,10,125000,1,0,6.00142,19562.7,0,-134.511,-133,0.436224
275177, 181.019, 59, -1,-1,-1,68.2639,21.0486,0.015849,8.68e+08,11,125000,1,0,79.0237,-154.025,1,-124.931,-135,0.790528
275179, 181.092, 17, -1,-1,-1,50.975,1.0294,0.019953,8.68e+08,10,125000,1,0,7.45471,18058.3,0,-134.088,-133,0.436224
275186, 181.807, 20, -1,-1,-1,37.9471,-10.2414,0.015849,8.68e+08,11,125000,1,0,-7.61139,17368.2,0,-139.578,-135,0.790528
275199, 182.457, 11, -1,-1,-1,56.9993,38.0547,0.019953,8.68e+08,12,125000,1,0,20.7674,8928.87,1,-130.589,-137,1.58106
275206, 182.887, 18, -1,-1,-1,40.3252,0.458257,0.015849,8.68e+08,10,125000,1,0,-3.28903,19032.8,0,-138.3,-133,0.436224
275209, 183.296, 13, -1,-1,-1,57.0723,-1.70621,0.015849,8.68e+08,11,125000,1,0,14.3916,15163.5,1,-133.165,-135,0.790528
275211, 183.349, 27, -1,-1,-1,50.6159,6.80471,0.025119,8.68e+08,12,125000,1,0,9.03335,19011.3,0,-132.633,-137,1.58106
275213, 183.567, 44, -1,-1,-1,50.511,28.5311,0.019953,8.68e+08,12,125000,1,0,11.5689,16142.5,0,-132.921,-137,1.58106
275240, 184.42, 7, -1,-1,-1,47.6351,15.354,0.015849,8.68e+08,11,125000,1,0,7.14527,19367.3,0,-135.175,-135,0.790528
275262, 184.974, 33, -1,-1,-1,47.239,17.4643,0.019953,8.68e+08,10,125000,1,0,6.95907,19149.4,0,-134.229,-133,0.436224
275264, 184.98, 32, -1,-1,-1,51.2589,12.3527,0.019953,8.68e+08,11,125000,1,0,11.7641,19223.4,0,-132.868,-135,0.790528
275267, 185.148, 47, -1,-1,-1,60.7194,5.65594,0.015849,8.68e+08,11,125000,1,0,26.7042,14442.7,1,-130.307,-135,0.790528
275269, 185.201, 37, -1,-1,-1,39.3182,23.7585,0.025119,8.68e+08,11,125000,1,0,-1.51633,18074,0,-135.764,-135,0.790528
275271, 185.387, 54, -1,-1,-1,33.9169,-17.5406,0.019953,8.68e+08,11,125000,1,0,-11.9874,15998.1,0,-139.81,-135,0.790528
275283, 185.929, 36, -1,-1,-1,43.7267,24.2592,0.019953,8.68e+08,12,125000,1,0,3.00235,17930.7,0,-135.402,-137,1.58106
275285, 186.058, 14, -1,-1,-1,53.0462,-6.68945,0.015849,8.68e+08,12,125000,1,0,7.00424,15467.7,0,-135.221,-137,1.58106
275287, 186.267, 49, -1,-1,-1,46.408,9.75733,0.015849,8.68e+08,11,125000,1,0,4.8114,19526.9,0,-135.863,-135,0.790528
275289, 186.503, 50, -1,-1,-1,39.4666,15.4567,0.025119,8.68e+08,12,125000,1,0,-1.68643,19357.3,0,-135.816,-137,1.58106
275291, 186.622, 16, -1,-1,-1,42.4575,7.48746,0.019953,8.68e+08,11,125000,1,0,0.209928,19555.7,0,-136.245,-135,0.790528
275314, 187.272, 58, -1,-1,-1,60.5259,-7.32063,0.025119,8.68e+08,10,125000,1,0,15.6351,10814.7,1,-130.843,-133,0.436224
275317, 187.419, 30, -1,-1,-1,49.4973,17.4698,0.015849,8.68e+08,11,125000,1,0,10.2723,19008.7,1,-134.281,-135,0.790528
275324, 187.689, 9, -1,-1,-1,39.6549,24.3091,0.025119,8.68e+08,10,125000,1,0,-1.04619,17905.8,0,-135.622,-133,0.436224
275327, 188.275, 46, -1,-1,-1,52.8116,25.5221,0.025119,8.68e+08,12,125000,1,0,16.3147,16694.8,1,-130.666,-137,1.58106
275359, 189.057, 48, -1,-1,-1,58.3997,11.2994,0.015849,8.68e+08,10,125000,1,0,26.4335,16969.4,0,-130.36,-133,0.436224
275367, 189.121, 26, -1,-1,-1,45.7065,9.06593,0.025119,8.68e+08,11,125000,1,0,4.07386,19499.9,1,-134.082,-135,0.790528
275369, 189.164, 0, -1,-1,-1,52.8019,-0.140325,0.019953,8.68e+08,12,125000,1,0,9.80147,17171.1,0,-133.416,-137,1.58106
275371, 189.219, 43, -1,-1,-1,55.6658,27.4582,0.015849,8.68e+08,10,125000,1,0,22.669,14990.7,0,-131.158,-133,0.436224
275373, 189.268, 55, -1,-1,-1,29.3703,-15.3954,0.025119,8.68e+08,11,125000,1,0,-14.3704,16630.7,0,-139.445,-135,0.790528
275380, 189.353, 28, -1,-1,-1,56.1214,14.8064,0.019953,8.68e+08,10,125000,1,0,22.5264,18098,0,-130.189,-133,0.436224
275393, 190.143, 31, -1,-1,-1,54.7544,21.0473,0.025119,8.68e+08,11,125000,1,0,20.7963,17564.1,1,-129.581,-135,0.790528
275400, 190.466, 39, -1,-1,-1,43.5465,21.5478,0.025119,8.68e+08,12,125000,1,0,3.06704,18466.1,0,-134.382,-137,1.58106
275402, 190.672, 5, -1,-1,-1,53.5397,3.21519,0.015849,8.68e+08,12,125000,1,0,12.4353,17647.9,0,-133.686,-137,1.58106
275409, 190.991, 24, -1,-1,-1,47.5807,13.3667,0.025119,8.68e+08,12,125000,1,0,7.22465,19405.1,0,-133.152,-137,1.58106
275412, 191.248, 15, -1,-1,-1,44.3496,3.32595,0.025119,8.68e+08,11,125000,1,0,1.51439,19092.7,1,-134.851,-135,0.790528
275414, 191.41, 57, -1,-1,-1,35.1402,33.8726,0.025119,8.68e+08,12,125000,1,0,-5.4969,15223.4,0,-136.953,-137,1.58106
275432, 192.321, 40, -1,-1,-1,60.8808,23.4982,0.015849,8.68e+08,12,125000,1,0,42.5424,13204.2,1,-127.684,-137,1.58106
275434, 192.577, 51, -1,-1,-1,41.8919,29.6462,0.019953,8.68e+08,10,125000,1,0,1.22118,16269.7,0,-135.937,-133,0.436224
275437, 192.68, 45, -1,-1,-1,51.1713,24.9679,0.025119,8.68e+08,11,125000,1,0,13.831,16993.3,1,-131.309,-135,0.790528
275454, 193.329, 29, -1,-1,-1,50.7851,21.7882,0.015849,8.68e+08,12,125000,1,0,13.172,17978.5,0,-133.485,-137,1.58106
275457, 193.413, 23, -1,-1,-1,52.8622,11.1827,0.019953,8.68e+08,10,125000,1,0,14.9804,18778.4,1,-132.008,-133,0.436224
275469, 193.703, 25, -1,-1,-1,47.5334,10.9197,0.019953,8.68e+08,10,125000,1,0,7.00566,19387.5,0,-134.216,-133,0.436224
275472, 193.863, 8, -1,-1,-1,60.4856,7.73014,0.025119,8.68e+08,11,125000,1,0,29.6498,14540.8,1,-127.734,-135,0.790528
275474, 193.922, 35, -1,-1,-1,45.7431,26.4773,0.019953,8.68e+08,10,125000,1,0,5.89576,17025,0,-134.54,-133,0.436224
275476, 194.204, 13, -1,-1,-1,57.0723,-1.70621,0.015849,8.68e+08,11,125000,1,0,15.3453,14669,0,-132.916,-135,0.790528
275499, 195.252, 41, -1,-1,-1,59.5484,25.9088,0.019953,8.68e+08,11,125000,1,0,36.7485,12995.9,1,-127.518,-135,0.790528
275516, 195.781, 3, -1,-1,-1,41.7537,-4.41958,0.015849,8.68e+08,11,125000,1,0,-2.53172,18015.5,0,-138.073,-135,0.790528
275518, 195.851, 54, -1,-1,-1,33.9169,-17.5406,0.019953,8.68e+08,11,125000,1,0,-11.6056,15826.5,0,-139.705,-135,0.790528
275520, 196.097, 36, -1,-1,-1,43.7267,24.2592,0.019953,8.68e+08,12,125000,1,0,3.63644,17732.3,0,-135.211,-137,1.58106
275523, 196.474, 22, -1,-1,-1,49.8807,11.1424,0.019953,8.68e+08,11,125000,1,0,10.4631,19161.7,1,-133.227,-135,0.790528
275550, 197.24, 1, -1,-1,-1,47.2765,2.22214,0.015849,8.68e+08,12,125000,1,0,4.64647,18594.5,0,-135.912,-137,1.58106
275552, 197.266, 56, -1,-1,-1,36.3084,12.5542,0.019953,8.68e+08,12,125000,1,0,-4.20519,19366,0,-137.57,-137,1.58106
275554, 197.275, 17, -1,-1,-1,50.975,1.0294,0.019953,8.68e+08,10,125000,1,0,8.69012,17690.7,0,-133.73,-133,0.436224
275556, 197.439, 12, -1,-1,-1,52.0633,-2.10831,0.019953,8.68e+08,10,125000,1,0,8.73768,16649.2,0,-133.717,-133,0.436224
275558, 197.535, 49, -1,-1,-1,46.408,9.75733,0.015849,8.68e+08,11,125000,1,0,5.64062,19380.9,0,-135.616,-135,0.790528
275565, 197.674, 4, -1,-1,-1,41.4412,12.9351,0.019953,8.68e+08,10,125000,1,0,0.713034,19430.5,0,-136.091,-133,0.436224
275577, 198.505, 38, -1,-1,-1,44.5391,14.5207,0.025119,8.68e+08,10,125000,1,0,4.31387,19311.2,0,-134.009,-133,0.436224
275589, 198.748, 14, -1,-1,-1,53.0462,-6.68945,0.015849,8.68e+08,12,125000,1,0,7.80723,15032.7,0,-134.986,-137,1.58106
275602, 199.248, 2, -1,-1,-1,51.5344,12.7308,0.019953,8.68e+08,12,125000,1,0,13.6732,18932,1,-132.351,-137,1.58106
275604, 199.369, 34, -1,-1,-1,48.7562,19.7846,0.025119,8.68e+08,11,125000,1,0,10.4469,18449.7,0,-132.231,-135,0.790528
275616, 199.633, 32, -1,-1,-1,51.2589,12.3527,0.019953,8.68e+08,11,125000,1,0,13.2327,18948.6,0,-132.468,-135,0.790528
275618, 199.761, 55, -1,-1,-1,29.3703,-15.3954,0.025119,8.68e+08,11,125000,1,0,-13.9839,16486.2,0,-139.342,-135,0.790528
275625, 199.842, 21, -1,-1,-1,39.9798,-9.60875,0.019953,8.68e+08,12,125000,1,0,-5.15283,17060.1,0,-137.857,-137,1.58106
275627, 200.185, 52, -1,-1,-1,39.7577,32.3711,0.019953,8.68e+08,11,125000,1,0,-0.813584,15288.7,0,-136.551,-135,0.790528
275634, 200.217, 33, -1,-1,-1,47.239,17.4643,0.019953,8.68e+08,10,125000,1,0,8.17315,18900.9,0,-133.876,-133,0.436224
275636, 200.289, 10, -1,-1,-1,28.9812,30.4875,0.019953,8.68e+08,12,125000,1,0,-9.7789,16090.8,0,-139.188,-137,1.58106
275773, 201.006, 19, -1,-1,-1,38.1762,0.856056,0.025119,8.68e+08,11,125000,1,0,-4.10338,19161.9,0,-136.542,-135,0.790528
275776, 201.105, 42, -1,-1,-1,57.7616,26.6615,0.019953,8.68e+08,12,125000,1,0,30.6542,13579.5,1,-128.547,-137,1.58106
275798, 202.004, 37, -1,-1,-1,39.3182,23.7585,0.025119,8.68e+08,11,125000,1,0,-0.616077,17987.4,0,-135.491,-135,0.790528
275805, 202.216, 57, -1,-1,-1,35.1402,33.8726,0.025119,8.68e+08,12,125000,1,0,-5.06631,15158.4,0,-136.825,-137,1.58106
275807, 202.379, 27, -1,-1,-1,50.6159,6.80471,0.025119,8.68e+08,12,125000,1,0,10.6968,18888.9,0,-132.162,-137,1.58106
275809, 202.433, 46, -1,-1,-1,52.8116,25.5221,0.025119,8.68e+08,12,125000,1,0,17.8389,16358,0,-130.284,-137,1.58106
275812, 202.433, 43, -1,-1,-1,55.6658,27.4582,0.015849,8.68e+08,10,125000,1,0,24.4032,14448.6,1,-130.78,-133,0.436224
275814, 202.446, 53, -1,-1,-1,63.4292,-20.8181,0.019953,8.68e+08,10,125000,1,0,10.0841,3804.99,0,-133.339,-133,0.436224
275816, 202.846, 0, -1,-1,-1,52.8019,-0.140325,0.019953,8.68e+08,12,125000,1,0,10.906,17019.7,0,-133.105,-137,1.58106
275829, 203.385, 6, -1,-1,-1,58.2129,16.2971,0.025119,8.68e+08,12,125000,1,0,31.6732,16794,1,-127.363,-137,1.58106
275852, 203.955, 58, -1,-1,-1,60.5259,-7.32063,0.025119,8.68e+08,10,125000,1,0,16.7101,9955.06,1,-130.568,-133,0.436224
275854, 204.251, 51, -1,-1,-1,41.8919,29.6462,0.019953,8.68e+08,10,125000,1,0,1.83875,16160.2,0,-135.75,-133,0.436224
275856, 204.272, 35, -1,-1,-1,45.7431,26.4773,0.019953,8.68e+08,10,125000,1,0,6.58905,16947.6,0,-134.335,-133,0.436224
275859, 204.311, 59, -1,-1,-1,68.2639,21.0486,0.015849,8.68e+08,11,125000,1,0,72.2392,-4574.27,1,-125.163,-135,0.790528
275871, 204.537, 44, -1,-1,-1,50.511,28.5311,0.019953,8.68e+08,12,125000,1,0,13.2988,15550.9,0,-132.45,-137,1.58106
275873, 204.587, 50, -1,-1,-1,39.4666,15.4567,0.025119,8.68e+08,12,125000,1,0,-0.649071,19356.5,0,-135.501,-137,1.58106
275875, 204.764, 18, -1,-1,-1,40.3252,0.458257,0.015849,8.68e+08,10,125000,1,0,-2.11608,18996.5,0,-137.946,-133,0.436224
275893, 205.827, 48, -1,-1,-1,58.3997,11.2994,0.015849,8.68e+08,10,125000,1,0,29.5217,16428.4,1,-129.756,-133,0.436224
275896, 205.983, 40, -1,-1,-1,60.8808,23.4982,0.015849,8.68e+08,12,125000,1,0,46.5526,12075.3,1,-127.18,-137,1.58106
275903, 206.554, 20, -1,-1,-1,37.9471,-10.2414,0.015849,8.68e+08,11,125000,1,0,-6.53951,17224.2,0,-139.264,-135,0.790528
275916, 207.016, 7, -1,-1,-1,47.6351,15.354,0.015849,8.68e+08,11,125000,1,0,9.00514,19229.4,1,-134.637,-135,0.790528
275918, 207.078, 11, -1,-1,-1,56.9993,38.0547,0.019953,8.68e+08,12,125000,1,0,22.3421,6957.92,0,-130.229,-137,1.58106
275930, 208.327, 1, -1,-1,-1,47.2765,2.22214,0.015849,8.68e+08,12,125000,1,0,5.42076,18633.2,0,-135.681,-137,1.58106
275933, 208.329, 30, -1,-1,-1,49.4973,17.4698,0.015849,8.68e+08,11,125000,1,0,12.2254,18819.8,1,-133.739,-135,0.790528
275935, 208.34, 3, -1,-1,-1,41.7537,-4.41958,0.015849,8.68e+08,11,125000,1,0,-1.88039,18051.9,0,-137.876,-135,0.790528
275937, 208.507, 29, -1,-1,-1,50.7851,21.7882,0.015849,8.68e+08,12,125000,1,0,14.696,17776.5,0,-133.08,-137,1.58106
275960, 209.745, 47, -1,-1,-1,60.7194,5.65594,0.015849,8.68e+08,11,125000,1,0,30.5297,12947.5,1,-129.569,-135,0.790528
275962, 209.774, 16, -1,-1,-1,42.4575,7.48746,0.019953,8.68e+08,11,125000,1,0,1.65344,19514.4,0,-135.807,-135,0.790528
275969, 210.337, 15, -1,-1,-1,44.3496,3.32595,0.025119,8.68e+08,11,125000,1,0,2.73042,19057.6,0,-134.483,-135,0.790528
275982, 210.808, 14, -1,-1,-1,53.0462,-6.68945,0.015849,8.68e+08,12,125000,1,0,8.58289,14842.8,1,-134.762,-137,1.58106
275984, 210.837, 26, -1,-1,-1,45.7065,9.06593,0.025119,8.68e+08,11,125000,1,0,5.64736,19436.7,0,-133.613,-135,0.790528
275986, 210.845, 9, -1,-1,-1,39.6549,24.3091,0.025119,8.68e+08,10,125000,1,0,0.209424,17691.5,0,-135.241,-133,0.436224
275998, 211.16, 45, -1,-1,-1,51.1713,24.9679,0.025119,8.68e+08,11,125000,1,0,15.6432,16563,0,-130.834,-135,0.790528
276005, 211.365, 25, -1,-1,-1,47.5334,10.9197,0.019953,8.68e+08,10,125000,1,0,8.44784,19348.6,0,-133.796,-133,0.436224
276008, 211.641, 31, -1,-1,-1,54.7544,21.0473,0.025119,8.68e+08,11,125000,1,0,23.9359,16966.9,1,-128.879,-135,0.790528
276025, 212.785, 5, -1,-1,-1,53.5397,3.21519,0.015849,8.68e+08,12,125000,1,0,14.5575,17244.8,0,-133.117,-137,1.58106
276027, 212.959, 12, -1,-1,-1,52.0633,-2.10831,0.019953,8.68e+08,10,125000,1,0,9.90197,16425.2,0,-133.385,-133,0.436224
276049, 213.399, 10, -1,-1,-1,28.9812,30.4875,0.019953,8.68e+08,12,125000,1,0,-9.27392,16058.2,0,-139.044,-137,1.58106
276061, 213.622, 38, -1,-1,-1,44.5391,14.5207,0.025119,8.68e+08,10,125000,1,0,5.40427,19316.2,0,-133.683,-133,0.436224
276064, 213.763, 28, -1,-1,-1,56.1214,14.8064,0.019953,8.68e+08,10,125000,1,0,26.6096,17460.9,1,-129.322,-133,0.436224
276072, 213.926, 13, -1,-1,-1,57.0723,-1.70621,0.015849,8.68e+08,11,125000,1,0,17.1212,13949.2,1,-132.463,-135,0.790528
276074, 213.933, 53, -1,-1,-1,63.4292,-20.8181,0.019953,8.68e+08,10,125000,1,0,10.2631,2985.69,0,-133.288,-133,0.436224
276081, 214.199, 39, -1,-1,-1,43.5465,21.5478,0.025119,8.68e+08,12,125000,1,0,4.62412,18243.2,0,-133.914,-137,1.58106
276083, 214.338, 52, -1,-1,-1,39.7577,32.3711,0.019953,8.68e+08,11,125000,1,0,-0.157537,15094.4,0,-136.352,-135,0.790528
276095, 214.661, 0, -1,-1,-1,52.8019,-0.140325,0.019953,8.68e+08,12,125000,1,0,11.8942,16652.2,0,-132.831,-137,1.58106
276098, 214.735, 8, -1,-1,-1,60.4856,7.73014,0.025119,8.68e+08,11,125000,1,0,33.4581,13272.2,1,-127.052,-135,0.790528
276100, 214.927, 33, -1,-1,-1,47.239,17.4643,0.019953,8.68e+08,10,125000,1,0,9.40428,18851.1,0,-133.523,-133,0.436224
276122, 215.452, 24, -1,-1,-1,47.5807,13.3667,0.025119,8.68e+08,12,125000,1,0,9.26389,19252.2,0,-132.563,-137,1.58106
276124, 215.595, 17, -1,-1,-1,50.975,1.0294,0.019953,8.68e+08,10,125000,1,0,10.1597,17473.4,0,-133.312,-133,0.436224
276131, 216.17, 2, -1,-1,-1,51.5344,12.7308,0.019953,8.68e+08,12,125000,1,0,15.5331,18808.6,0,-131.863,-137,1.58106
276138, 216.519, 50, -1,-1,-1,39.4666,15.4567,0.025119,8.68e+08,12,125000,1,0,0.055108,19219.9,0,-135.287,-137,1.58106
276141, 216.578, 46, -1,-1,-1,52.8116,25.5221,0.025119,8.68e+08,12,125000,1,0,19.4391,15740.6,1,-129.896,-137,1.58106
276148, 216.671, 57, -1,-1,-1,35.1402,33.8726,0.025119,8.68e+08,12,125000,1,0,-4.48935,14821.3,0,-136.653,-137,1.58106
276161, 216.953, 41, -1,-1,-1,59.5484,25.9088,0.019953,8.68e+08,11,125000,1,0,41.5966,11073.8,1,-126.809,-135,0.790528
276163, 217.129, 54, -1,-1,-1,33.9169,-17.5406,0.019953,8.68e+08,11,125000,1,0,-10.825,15720.1,0,-139.488,-135,0.790528
276170, 217.291, 18, -1,-1,-1,40.3252,0.458257,0.015849,8.68e+08,10,125000,1,0,-1.42517,18842.8,0,-137.737,-133,0.436224
276172, 217.395, 22, -1,-1,-1,49.8807,11.1424,0.019953,8.68e+08,11,125000,1,0,12.4656,19014.7,0,-132.673,-135,0.790528
276174, 217.475, 55, -1,-1,-1,29.3703,-15.3954,0.025119,8.68e+08,11,125000,1,0,-13.3277,16494.4,0,-139.167,-135,0.790528
276186, 218.007, 32, -1,-1,-1,51.2589,12.3527,0.019953,8.68e+08,11,125000,1,0,15.2187,18800.9,0,-131.943,-135,0.790528
276189, 218.164, 23, -1,-1,-1,52.8622,11.1827,0.019953,8.68e+08,10,125000,1,0,17.9106,18423.1,1,-131.265,-133,0.436224
276206, 219.109, 36, -1,-1,-1,43.7267,24.2592,0.019953,8.68e+08,12,125000,1,0,5.11849,17435,0,-134.767,-137,1.58106
276233, 219.887, 44, -1,-1,-1,50.511,28.5311,0.019953,8.68e+08,12,125000,1,0,14.6137,14899.5,0,-132.1,-137,1.58106
276235, 219.936, 56, -1,-1,-1,36.3084,12.5542,0.019953,8.68e+08,12,125000,1,0,-2.9907,19351.2,0,-137.205,-137,1.58106
276237, 219.943, 35, -1,-1,-1,45.7431,26.4773,0.019953,8.68e+08,10,125000,1,0,7.66544,16518,0,-134.02,-133,0.436224
276244, 220.06, 4, -1,-1,-1,41.4412,12.9351,0.019953,8.68e+08,10,125000,1,0,2.13324,19382.3,0,-135.66,-133,0.436224
276247, 220.328, 42, -1,-1,-1,57.7616,26.6615,0.019953,8.68e+08,12,125000,1,0,34.0512,12229.1,1,-127.951,-137,1.58106
276250, 220.33, 34, -1,-1,-1,48.7562,19.7846,0.025119,8.68e+08,11,125000,1,0,12.3709,18192.4,1,-131.698,-135,0.790528
276262, 220.742, 30, -1,-1,-1,49.4973,17.4698,0.015849,8.68e+08,11,125000,1,0,13.4655,18554.1,0,-133.403,-135,0.790528
276264, 220.775, 21, -1,-1,-1,39.9798,-9.60875,0.019953,8.68e+08,12,125000,1,0,-4.19603,16937.3,0,-137.571,-137,1.58106
276266, 220.802, 27, -1,-1,-1,50.6159,6.80471,0.025119,8.68e+08,12,125000,1,0,12.4259,18509.6,0,-131.684,-137,1.58106
276274, 221.146, 43, -1,-1,-1,55.6658,27.4582,0.015849,8.68e+08,10,125000,1,0,26.9722,13428.5,1,-130.248,-133,0.436224
276281, 221.725, 37, -1,-1,-1,39.3182,23.7585,0.025119,8.68e+08,11,125000,1,0,0.468397,17831.1,0,-135.161,-135,0.790528
276288, 221.741, 9, -1,-1,-1,39.6549,24.3091,0.025119,8.68e+08,10,125000,1,0,0.81474,17675.4,0,-135.057,-133,0.436224
276295, 222.209, 14, -1,-1,-1,53.0462,-6.68945,0.015849,8.68e+08,12,125000,1,0,9.32676,14653.5,0,-134.548,-137,1.58106
276312, 222.517, 49, -1,-1,-1,46.408,9.75733,0.015849,8.68e+08,11,125000,1,0,7.58596,19468.5,0,-135.044,-135,0.790528
276314, 222.801, 19, -1,-1,-1,38.1762,0.856056,0.025119,8.68e+08,11,125000,1,0,-2.95646,19141.7,0,-136.196,-135,0.790528
276331, 223.046, 15, -1,-1,-1,44.3496,3.32595,0.025119,8.68e+08,11,125000,1,0,3.57093,19099.6,0,-134.23,-135,0.790528
276333, 223.118, 20, -1,-1,-1,37.9471,-10.2414,0.015849,8.68e+08,11,125000,1,0,-5.80986,17192.9,0,-139.049,-135,0.790528
276335, 223.209, 47, -1,-1,-1,60.7194,5.65594,0.015849,8.68e+08,11,125000,1,0,32.7276,12105.9,0,-129.176,-135,0.790528
276337, 223.254, 58, -1,-1,-1,60.5259,-7.32063,0.025119,8.68e+08,10,125000,1,0,17.8918,8803.96,0,-130.272,-133,0.436224
276340, 223.447, 48, -1,-1,-1,58.3997,11.2994,0.015849,8.68e+08,10,125000,1,0,33.1618,15691.5,1,-129.101,-133,0.436224
276348, 223.667, 59, -1,-1,-1,68.2639,21.0486,0.015849,8.68e+08,11,125000,1,0,63.756,-7754.11,1,-125.618,-135,0.790528
276360, 223.931, 38, -1,-1,-1,44.5391,14.5207,0.025119,8.68e+08,10,125000,1,0,6.17586,19378.6,0,-133.455,-133,0.436224
276368, 224.606, 31, -1,-1,-1,54.7544,21.0473,0.025119,8.68e+08,11,125000,1,0,26.021,16628.4,1,-128.44,-135,0.790528
276370, 225.292, 40, -1,-1,-1,60.8808,23.4982,0.015849,8.68e+08,12,125000,1,0,52.662,9942.39,0,-126.519,-137,1.58106
276372, 225.794, 6, -1,-1,-1,58.2129,16.2971,0.025119,8.68e+08,12,125000,1,0,37.0469,15733.2,0,-126.469,-137,1.58106
276399, 226.465, 51, -1,-1,-1,41.8919,29.6462,0.019953,8.68e+08,10,125000,1,0,3.03335,15749.1,0,-135.389,-133,0.436224
276402, 226.66, 7, -1,-1,-1,47.6351,15.354,0.015849,8.68e+08,11,125000,1,0,10.7489,19107.9,1,-134.143,-135,0.790528
276409, 226.976, 52, -1,-1,-1,39.7577,32.3711,0.019953,8.68e+08,11,125000,1,0,0.431469,14920.8,0,-136.173,-135,0.790528
276411, 227.473, 29, -1,-1,-1,50.7851,21.7882,0.015849,8.68e+08,12,125000,1,0,16.7347,17409.5,0,-132.556,-137,1.58106
276418, 228.026, 0, -1,-1,-1,52.8019,-0.140325,0.019953,8.68e+08,12,125000,1,0,13.0527,16454.2,0,-132.516,-137,1.58106
276426, 228.541, 11, -1,-1,-1,56.9993,38.0547,0.019953,8.68e+08,12,125000,1,0,23.452,5077.81,1,-129.983,-137,1.58106
276448, 229.207, 22, -1,-1,-1,49.8807,11.1424,0.019953,8.68e+08,11,125000,1,0,13.6786,19016.1,0,-132.346,-135,0.790528
276451, 229.4, 41, -1,-1,-1,59.5484,25.9088,0.019953,8.68e+08,11,125000,1,0,44.4522,9887.97,1,-126.433,-135,0.790528
276453, 229.445, 1, -1,-1,-1,47.2765,2.22214,0.015849,8.68e+08,12,125000,1,0,6.96104,18479.1,0,-135.227,-137,1.58106
276465, 229.694, 55, -1,-1,-1,29.3703,-15.3954,0.025119,8.68e+08,11,125000,1,0,-12.8723,16573.9,0,-139.045,-135,0.790528
276472, 229.79, 26, -1,-1,-1,45.7065,9.06593,0.025119,8.68e+08,11,125000,1,0,7.10782,19392.9,0,-133.182,-135,0.790528
276474, 229.801, 32, -1,-1,-1,51.2589,12.3527,0.019953,8.68e+08,11,125000,1,0,16.5908,18771.7,0,-131.592,-135,0.790528
276476, 230.036, 12, -1,-1,-1,52.0633,-2.10831,0.019953,8.68e+08,10,125000,1,0,11.2332,16109.4,0,-133.012,-133,0.436224
276478, 230.143, 33, -1,-1,-1,47.239,17.4643,0.019953,8.68e+08,10,125000,1,0,10.7466,18773.1,0,-133.144,-133,0.436224
276480, 230.276, 3, -1,-1,-1,41.7537,-4.41958,0.015849,8.68e+08,11,125000,1,0,-0.714024,17927.7,0,-137.522,-135,0.790528
276493, 231.108, 13, -1,-1,-1,57.0723,-1.70621,0.015849,8.68e+08,11,125000,1,0,18.7152,13253.8,1,-132.07,-135,0.790528
276496, 231.401, 17, -1,-1,-1,50.975,1.0294,0.019953,8.68e+08,10,125000,1,0,11.494,17284.2,1,-132.939,-133,0.436224
276524, 233.095, 45, -1,-1,-1,51.1713,24.9679,0.025119,8.68e+08,11,125000,1,0,17.9424,15897,1,-130.255,-135,0.790528
276527, 233.321, 28, -1,-1,-1,56.1214,14.8064,0.019953,8.68e+08,10,125000,1,0,30.4247,16845.7,1,-128.585,-133,0.436224
276529, 233.482, 50, -1,-1,-1,39.4666,15.4567,0.025119,8.68e+08,12,125000,1,0,1.08563,19216.4,0,-134.974,-137,1.58106
276547, 233.865, 24, -1,-1,-1,47.5807,13.3667,0.025119,8.68e+08,12,125000,1,0,10.9249,19164.7,1,-132.094,-137,1.58106
276554, 234.127, 25, -1,-1,-1,47.5334,10.9197,0.019953,8.68e+08,10,125000,1,0,10.4473,19208.1,0,-133.227,-133,0.436224
276556, 234.16, 57, -1,-1,-1,35.1402,33.8726,0.025119,8.68e+08,12,125000,1,0,-3.7904,14568.8,0,-136.443,-137,1.58106
276563, 234.281, 37, -1,-1,-1,39.3182,23.7585,0.025119,8.68e+08,11,125000,1,0,1.1755,17599.9,0,-134.947,-135,0.790528
276570, 234.601, 16, -1,-1,-1,42.4575,7.48746,0.019953,8.68e+08,11,125000,1,0,3.29161,19438.1,0,-135.311,-135,0.790528
276592, 235.378, 53, -1,-1,-1,63.4292,-20.8181,0.019953,8.68e+08,10,125000,1,0,10.5017,1697.8,0,-133.219,-133,0.436224
276599, 235.602, 10, -1,-1,-1,28.9812,30.4875,0.019953,8.68e+08,12,125000,1,0,-8.41461,15850.3,0,-138.797,-137,1.58106
276607, 235.705, 15, -1,-1,-1,44.3496,3.32595,0.025119,8.68e+08,11,125000,1,0,4.43517,18914.2,1,-133.97,-135,0.790528
276609, 235.791, 5, -1,-1,-1,53.5397,3.21519,0.015849,8.68e+08,12,125000,1,0,16.9584,16711.7,0,-132.5,-137,1.58106
276617, 236.106, 43, -1,-1,-1,55.6658,27.4582,0.015849,8.68e+08,10,125000,1,0,29.0996,12256.3,1,-129.832,-133,0.436224
276619, 236.117, 44, -1,-1,-1,50.511,28.5311,0.019953,8.68e+08,12,125000,1,0,16.0457,14337.2,0,-131.729,-137,1.58106
276621, 236.515, 2, -1,-1,-1,51.5344,12.7308,0.019953,8.68e+08,12,125000,1,0,17.9895,18563.3,0,-131.244,-137,1.58106
276623, 236.775, 14, -1,-1,-1,53.0462,-6.68945,0.015849,8.68e+08,12,125000,1,0,10.291,14053.3,0,-134.275,-137,1.58106
276626, 237.112, 40, -1,-1,-1,60.8808,23.4982,0.015849,8.68e+08,12,125000,1,0,56.5136,8150.17,1,-126.163,-137,1.58106
276648, 237.603, 36, -1,-1,-1,43.7267,24.2592,0.019953,8.68e+08,12,125000,1,0,6.36014,17192.8,0,-134.399,-137,1.58106
276666, 237.993, 48, -1,-1,-1,58.3997,11.2994,0.015849,8.68e+08,10,125000,1,0,36.5139,14655.3,1,-128.55,-133,0.436224
276668, 238.083, 18, -1,-1,-1,40.3252,0.458257,0.015849,8.68e+08,10,125000,1,0,-0.244218,18798.8,0,-137.378,-133,0.436224
276671, 238.203, 8, -1,-1,-1,60.4856,7.73014,0.025119,8.68e+08,11,125000,1,0,38.08,11394.6,1,-126.31,-135,0.790528
276678, 238.404, 52, -1,-1,-1,39.7577,32.3711,0.019953,8.68e+08,11,125000,1,0,0.966283,14590.4,0,-136.01,-135,0.790528
276680, 238.753, 39, -1,-1,-1,43.5465,21.5478,0.025119,8.68e+08,12,125000,1,0,6.32683,17956.2,0,-133.409,-137,1.58106
276688, 238.978, 42, -1,-1,-1,57.7616,26.6615,0.019953,8.68e+08,12,125000,1,0,37.4613,10635.7,1,-127.403,-137,1.58106
276691, 239.101, 47, -1,-1,-1,60.7194,5.65594,0.015849,8.68e+08,11,125000,1,0,35.3637,10531.4,1,-128.734,-135,0.790528
276703, 239.407, 51, -1,-1,-1,41.8919,29.6462,0.019953,8.68e+08,10,125000,1,0,3.74068,15377.1,0,-135.176,-133,0.436224
276705, 239.466, 46, -1,-1,-1,52.8116,25.5221,0.025119,8.68e+08,12,125000,1,0,22.1962,14803.3,0,-129.257,-137,1.58106
276717, 239.924, 54, -1,-1,-1,33.9169,-17.5406,0.019953,8.68e+08,11,125000,1,0,-9.98232,15570.5,0,-139.251,-135,0.790528
276724, 240.088, 31, -1,-1,-1,54.7544,21.0473,0.025119,8.68e+08,11,125000,1,0,28.7246,15809.5,0,-127.903,-135,0.790528
276726, 240.275, 30, -1,-1,-1,49.4973,17.4698,0.015849,8.68e+08,11,125000,1,0,15.5582,18312.7,0,-132.853,-135,0.790528
276728, 240.564, 55, -1,-1,-1,29.3703,-15.3954,0.025119,8.68e+08,11,125000,1,0,-12.465,16415.6,0,-138.934,-135,0.790528
276731, 240.87, 59, -1,-1,-1,68.2639,21.0486,0.015849,8.68e+08,11,125000,1,0,56.4609,-10078.5,1,-126.167,-135,0.790528
276753, 241.619, 12, -1,-1,-1,52.0633,-2.10831,0.019953,8.68e+08,10,125000,1,0,12.167,15945.9,0,-132.754,-133,0.436224
276761, 241.744, 58, -1,-1,-1,60.5259,-7.32063,0.025119,8.68e+08,10,125000,1,0,18.9319,7598.36,1,-130.018,-133,0.436224
276788, 242.907, 56, -1,-1,-1,36.3084,12.5542,0.019953,8.68e+08,12,125000,1,0,-1.7126,19525.8,0,-136.818,-137,1.58106
276791, 242.952, 23, -1,-1,-1,52.8622,11.1827,0.019953,8.68e+08,10,125000,1,0,21.2665,18218.2,1,-130.467,-133,0.436224
276793, 243.031, 21, -1,-1,-1,39.9798,-9.60875,0.019953,8.68e+08,12,125000,1,0,-3.15765,17003.9,0,-137.258,-137,1.58106
276805, 243.069, 20, -1,-1,-1,37.9471,-10.2414,0.015849,8.68e+08,11,125000,1,0,-4.91718,17092,0,-138.783,-135,0.790528
276807, 243.079, 9, -1,-1,-1,39.6549,24.3091,0.025119,8.68e+08,10,125000,1,0,2.02887,17440.9,0,-134.688,-133,0.436224
276819, 243.293, 0, -1,-1,-1,52.8019,-0.140325,0.019953,8.68e+08,12,125000,1,0,14.4311,16149.3,0,-132.148,-137,1.58106
276831, 243.476, 35, -1,-1,-1,45.7431,26.4773,0.019953,8.68e+08,10,125000,1,0,9.34423,16179.5,0,-133.537,-133,0.436224
276833, 243.528, 26, -1,-1,-1,45.7065,9.06593,0.025119,8.68e+08,11,125000,1,0,8.22469,19410.3,0,-132.857,-135,0.790528
276845, 243.848, 49, -1,-1,-1,46.408,9.75733,0.015849,8.68e+08,11,125000,1,0,9.3825,19366.2,0,-134.526,-135,0.790528
276847, 243.88, 4, -1,-1,-1,41.4412,12.9351,0.019953,8.68e+08,10,125000,1,0,3.73079,19505.6,0,-135.178,-133,0.436224
276850, 244.226, 34, -1,-1,-1,48.7562,19.7846,0.025119,8.68e+08,11,125000,1,0,14.7612,18010.3,1,-131.059,-135,0.790528
276852, 244.432, 24, -1,-1,-1,47.5807,13.3667,0.025119,8.68e+08,12,125000,1,0,11.9347,19196.8,0,-131.814,-137,1.58106
276854, 244.473, 19, -1,-1,-1,38.1762,0.856056,0.025119,8.68e+08,11,125000,1,0,-1.77564,19111.8,0,-135.839,-135,0.790528
276866, 244.789, 50, -1,-1,-1,39.4666,15.4567,0.025119,8.68e+08,12,125000,1,0,1.79339,19273.9,0,-134.759,-137,1.58106
276868, 244.863, 29, -1,-1,-1,50.7851,21.7882,0.015849,8.68e+08,12,125000,1,0,18.7506,17018.4,0,-132.057,-137,1.58106
276870, 245.339, 27, -1,-1,-1,50.6159,6.80471,0.025119,8.68e+08,12,125000,1,0,14.9432,18419.6,0,-131.013,-137,1.58106
276878, 245.552, 13, -1,-1,-1,57.0723,-1.70621,0.015849,8.68e+08,11,125000,1,0,20.0791,12630.7,1,-131.744,-135,0.790528
276881, 245.939, 38, -1,-1,-1,44.5391,14.5207,0.025119,8.68e+08,10,125000,1,0,7.90834,19260.4,1,-132.947,-133,0.436224
276889, 246.256, 11, -1,-1,-1,56.9993,38.0547,0.019953,8.68e+08,12,125000,1,0,24.1245,3455.15,1,-129.836,-137,1.58106
276897, 246.745, 22, -1,-1,-1,49.8807,11.1424,0.019953,8.68e+08,11,125000,1,0,15.6074,18879.9,1,-131.84,-135,0.790528
276905, 247.785, 15, -1,-1,-1,44.3496,3.32595,0.025119,8.68e+08,11,125000,1,0,5.28721,18952.1,1,-133.716,-135,0.790528
276908, 248.042, 6, -1,-1,-1,58.2129,16.2971,0.025119,8.68e+08,12,125000,1,0,43.4625,14290.5,1,-125.557,-137,1.58106
276915, 248.868, 16, -1,-1,-1,42.4575,7.48746,0.019953,8.68e+08,11,125000,1,0,4.28163,19476.6,0,-135.014,-135,0.790528
276937, 249.766, 53, -1,-1,-1,63.4292,-20.8181,0.019953,8.68e+08,10,125000,1,0,10.589,908.674,0,-133.193,-133,0.436224
276939, 249.845, 52, -1,-1,-1,39.7577,32.3711,0.019953,8.68e+08,11,125000,1,0,1.50338,14419,0,-135.847,-135,0.790528
276946, 250.073, 25, -1,-1,-1,47.5334,10.9197,0.019953,8.68e+08,10,125000,1,0,11.9586,19155.1,0,-132.807,-133,0.436224
277074, 251.254, 7, -1,-1,-1,47.6351,15.354,0.015849,8.68e+08,11,125000,1,0,13.132,18852.8,1,-133.489,-135,0.790528
277077, 251.255, 42, -1,-1,-1,57.7616,26.6615,0.019953,8.68e+08,12,125000,1,0,39.6925,9518.09,1,-127.071,-137,1.58106
277079, 251.475, 44, -1,-1,-1,50.511,28.5311,0.019953,8.68e+08,12,125000,1,0,17.435,13737.8,0,-131.379,-137,1.58106
277127, 252.613, 41, -1,-1,-1,59.5484,25.9088,0.019953,8.68e+08,11,125000,1,0,49.5235,6930.14,1,-125.838,-135,0.790528
277130, 252.632, 17, -1,-1,-1,50.975,1.0294,0.019953,8.68e+08,10,125000,1,0,13.3937,16883.7,1,-132.421,-133,0.436224
277147, 253.256, 32, -1,-1,-1,51.2589,12.3527,0.019953,8.68e+08,11,125000,1,0,19.5888,18413.7,0,-130.856,-135,0.790528
277154, 253.335, 46, -1,-1,-1,52.8116,25.5221,0.025119,8.68e+08,12,125000,1,0,23.9655,14218.6,0,-128.868,-137,1.58106
277156, 253.349, 5, -1,-1,-1,53.5397,3.21519,0.015849,8.68e+08,12,125000,1,0,18.9394,16280.3,0,-132.013,-137,1.58106
277164, 253.576, 40, -1,-1,-1,60.8808,23.4982,0.015849,8.68e+08,12,125000,1,0,61.6009,5718.51,1,-125.762,-137,1.58106
277167, 253.578, 8, -1,-1,-1,60.4856,7.73014,0.025119,8.68e+08,11,125000,1,0,41.2025,10015.3,1,-125.859,-135,0.790528
277174, 253.667, 1, -1,-1,-1,47.2765,2.22214,0.015849,8.68e+08,12,125000,1,0,8.84735,18223.7,0,-134.679,-137,1.58106
277182, 254.081, 23, -1,-1,-1,52.8622,11.1827,0.019953,8.68e+08,10,125000,1,0,22.941,17847.2,1,-130.09,-133,0.436224
277184, 254.091, 45, -1,-1,-1,51.1713,24.9679,0.025119,8.68e+08,11,125000,1,0,20.301,15123.8,0,-129.688,-135,0.790528
277186, 254.096, 57, -1,-1,-1,35.1402,33.8726,0.025119,8.68e+08,12,125000,1,0,-2.99343,14224.4,0,-136.203,-137,1.58106
277188, 254.164, 2, -1,-1,-1,51.5344,12.7308,0.019953,8.68e+08,12,125000,1,0,20.354,18328.4,0,-130.676,-137,1.58106
277190, 254.255, 3, -1,-1,-1,41.7537,-4.41958,0.015849,8.68e+08,11,125000,1,0,0.606733,17742.2,0,-137.121,-135,0.790528
277192, 254.364, 0, -1,-1,-1,52.8019,-0.140325,0.019953,8.68e+08,12,125000,1,0,15.4687,15706.4,0,-131.877,-137,1.58106
277194, 254.467, 33, -1,-1,-1,47.239,17.4643,0.019953,8.68e+08,10,125000,1,0,13.0601,18470.8,0,-132.508,-133,0.436224
277201, 254.723, 21, -1,-1,-1,39.9798,-9.60875,0.019953,8.68e+08,12,125000,1,0,-2.60295,16781.9,0,-137.091,-137,1.58106
277214, 255.137, 12, -1,-1,-1,52.0633,-2.10831,0.019953,8.68e+08,10,125000,1,0,13.289,15423.8,1,-132.45,-133,0.436224
277221, 255.464, 51, -1,-1,-1,41.8919,29.6462,0.019953,8.68e+08,10,125000,1,0,4.62928,15063.6,0,-134.909,-133,0.436224
277234, 255.935, 43, -1,-1,-1,55.6658,27.4582,0.015849,8.68e+08,10,125000,1,0,31.9578,10715.5,1,-129.306,-133,0.436224
277246, 256.433, 36, -1,-1,-1,43.7267,24.2592,0.019953,8.68e+08,12,125000,1,0,7.67434,16899.2,0,-134.014,-137,1.58106
277253, 256.956, 14, -1,-1,-1,53.0462,-6.68945,0.015849,8.68e+08,12,125000,1,0,11.6483,13397.4,0,-133.896,-137,1.58106
277260, 257.074, 34, -1,-1,-1,48.7562,19.7846,0.025119,8.68e+08,11,125000,1,0,16.146,17637.7,0,-130.701,-135,0.790528
277267, 257.168, 56, -1,-1,-1,36.3084,12.5542,0.019953,8.68e+08,12,125000,1,0,-0.892208,19377.1,0,-136.569,-137,1.58106
277270, 257.21, 59, -1,-1,-1,68.2639,21.0486,0.015849,8.68e+08,11,125000,1,0,50.1771,-12251.7,1,-126.768,-135,0.790528
277272, 257.376, 37, -1,-1,-1,39.3182,23.7585,0.025119,8.68e+08,11,125000,1,0,2.51251,17326.7,0,-134.541,-135,0.790528
277279, 257.554, 4, -1,-1,-1,41.4412,12.9351,0.019953,8.68e+08,10,125000,1,0,4.69401,19331.5,0,-134.889,-133,0.436224
277286, 257.767, 20, -1,-1,-1,37.9471,-10.2414,0.015849,8.68e+08,11,125000,1,0,-4.24939,16832.6,0,-138.583,-135,0.790528
277289, 257.966, 28, -1,-1,-1,56.1214,14.8064,0.019953,8.68e+08,10,125000,1,0,36.1199,15703.9,1,-127.609,-133,0.436224
277301, 258.818, 18, -1,-1,-1,40.3252,0.458257,0.015849,8.68e+08,10,125000,1,0,0.98053,18740.5,0,-137.006,-133,0.436224
277308, 259.215, 39, -1,-1,-1,43.5465,21.5478,0.025119,8.68e+08,12,125000,1,0,7.82616,17703.2,0,-132.97,-137,1.58106
277310, 259.591, 10, -1,-1,-1,28.9812,30.4875,0.019953,8.68e+08,12,125000,1,0,-7.48077,15582,0,-138.527,-137,1.58106
277328, 260.527, 11, -1,-1,-1,56.9993,38.0547,0.019953,8.68e+08,12,125000,1,0,24.4779,1915.58,1,-129.759,-137,1.58106
277341, 260.705, 31, -1,-1,-1,54.7544,21.0473,0.025119,8.68e+08,11,125000,1,0,32.7249,14769.8,1,-127.171,-135,0.790528
277343, 260.803, 35, -1,-1,-1,45.7431,26.4773,0.019953,8.68e+08,10,125000,1,0,10.6292,15776.9,0,-133.173,-133,0.436224
277351, 261.011, 48, -1,-1,-1,58.3997,11.2994,0.015849,8.68e+08,10,125000,1,0,42.5301,13329.5,1,-127.678,-133,0.436224
277353, 261.339, 54, -1,-1,-1,33.9169,-17.5406,0.019953,8.68e+08,11,125000,1,0,-9.1847,15675.4,0,-139.024,-135,0.790528
277375, 261.755, 29, -1,-1,-1,50.7851,21.7882,0.015849,8.68e+08,12,125000,1,0,20.8581,16563.8,0,-131.558,-137,1.58106
277378, 261.891, 58, -1,-1,-1,60.5259,-7.32063,0.025119,8.68e+08,10,125000,1,0,19.9235,6135.15,1,-129.78,-133,0.436224
277390, 262.166, 49, -1,-1,-1,46.408,9.75733,0.015849,8.68e+08,11,125000,1,0,11.0439,19286.5,0,-134.058,-135,0.790528
277393, 262.211, 47, -1,-1,-1,60.7194,5.65594,0.015849,8.68e+08,11,125000,1,0,39.0947,8563.09,1,-128.157,-135,0.790528
277395, 262.436, 24, -1,-1,-1,47.5807,13.3667,0.025119,8.68e+08,12,125000,1,0,13.7644,19075.1,0,-131.319,-137,1.58106
277397, 262.468, 30, -1,-1,-1,49.4973,17.4698,0.015849,8.68e+08,11,125000,1,0,18.1807,18164.4,0,-132.193,-135,0.790528
277414, 263.396, 55, -1,-1,-1,29.3703,-15.3954,0.025119,8.68e+08,11,125000,1,0,-11.6033,16577.2,0,-138.698,-135,0.790528
277416, 263.547, 27, -1,-1,-1,50.6159,6.80471,0.025119,8.68e+08,12,125000,1,0,16.9991,18182.4,0,-130.486,-137,1.58106
277418, 263.55, 44, -1,-1,-1,50.511,28.5311,0.019953,8.68e+08,12,125000,1,0,18.5455,13252.1,0,-131.105,-137,1.58106
277420, 263.789, 9, -1,-1,-1,39.6549,24.3091,0.025119,8.68e+08,10,125000,1,0,3.24589,17180.5,0,-134.321,-133,0.436224
277433, 264.489, 46, -1,-1,-1,52.8116,25.5221,0.025119,8.68e+08,12,125000,1,0,25.4375,13728,1,-128.556,-137,1.58106
277441, 265.186, 22, -1,-1,-1,49.8807,11.1424,0.019953,8.68e+08,11,125000,1,0,17.8272,18682.7,1,-131.28,-135,0.790528
277453, 265.912, 2, -1,-1,-1,51.5344,12.7308,0.019953,8.68e+08,12,125000,1,0,22.0703,18224.5,0,-130.282,-137,1.58106
277455, 265.958, 16, -1,-1,-1,42.4575,7.48746,0.019953,8.68e+08,11,125000,1,0,5.52081,19470.7,0,-134.644,-135,0.790528
277462, 266.31, 13, -1,-1,-1,57.0723,-1.70621,0.015849,8.68e+08,11,125000,1,0,22.052,11459.4,0,-131.289,-135,0.790528
277470, 266.621, 41, -1,-1,-1,59.5484,25.9088,0.019953,8.68e+08,11,125000,1,0,52.0658,5009.69,1,-125.572,-135,0.790528
277492, 267.359, 26, -1,-1,-1,45.7065,9.06593,0.025119,8.68e+08,11,125000,1,0,10.2972,19254.9,0,-132.266,-135,0.790528
277494, 267.475, 15, -1,-1,-1,44.3496,3.32595,0.025119,8.68e+08,11,125000,1,0,6.73916,18855.6,0,-133.287,-135,0.790528
277506, 267.692, 53, -1,-1,-1,63.4292,-20.8181,0.019953,8.68e+08,10,125000,1,0,10.6139,-148.785,0,-133.185,-133,0.436224
277509, 267.747, 45, -1,-1,-1,51.1713,24.9679,0.025119,8.68e+08,11,125000,1,0,21.9172,14610.1,1,-129.316,-135,0.790528
277516, 267.866, 14, -1,-1,-1,53.0462,-6.68945,0.015849,8.68e+08,12,125000,1,0,12.3896,13123.3,0,-133.692,-137,1.58106
277533, 268.203, 50, -1,-1,-1,39.4666,15.4567,0.025119,8.68e+08,12,125000,1,0,3.31803,19164.8,0,-134.299,-137,1.58106
277535, 268.311, 33, -1,-1,-1,47.239,17.4643,0.019953,8.68e+08,10,125000,1,0,14.4826,18358.6,0,-132.129,-133,0.436224
277537, 268.322, 52, -1,-1,-1,39.7577,32.3711,0.019953,8.68e+08,11,125000,1,0,2.37301,13999.3,0,-135.584,-135,0.790528
277540, 268.561, 23, -1,-1,-1,52.8622,11.1827,0.019953,8.68e+08,10,125000,1,0,25.3045,17578.4,1,-129.583,-133,0.436224
277542, 268.633, 19, -1,-1,-1,38.1762,0.856056,0.025119,8.68e+08,11,125000,1,0,-0.405677,19038.6,0,-135.423,-135,0.790528
277549, 268.754, 20, -1,-1,-1,37.9471,-10.2414,0.015849,8.68e+08,11,125000,1,0,-3.74431,16867.9,0,-138.432,-135,0.790528
277557, 269.081, 6, -1,-1,-1,58.2129,16.2971,0.025119,8.68e+08,12,125000,1,0,50.7549,12456,1,-124.705,-137,1.58106
277565, 269.523, 7, -1,-1,-1,47.6351,15.354,0.015849,8.68e+08,11,125000,1,0,15.0741,18675.9,1,-132.974,-135,0.790528
277587, 270.032, 17, -1,-1,-1,50.975,1.0294,0.019953,8.68e+08,10,125000,1,0,15.0508,16537.4,0,-131.983,-133,0.436224
277589, 270.111, 25, -1,-1,-1,47.5334,10.9197,0.019953,8.68e+08,10,125000,1,0,14.0111,18999.7,0,-132.253,-133,0.436224
277596, 270.354, 18, -1,-1,-1,40.3252,0.458257,0.015849,8.68e+08,10,125000,1,0,1.68444,18800.2,0,-136.792,-133,0.436224
277599, 270.373, 8, -1,-1,-1,60.4856,7.73014,0.025119,8.68e+08,11,125000,1,0,44.5265,8209.79,1,-125.419,-135,0.790528
277606, 270.419, 5, -1,-1,-1,53.5397,3.21519,0.015849,8.68e+08,12,125000,1,0,21.0004,15781.6,0,-131.526,-137,1.58106
277608, 270.619, 38, -1,-1,-1,44.5391,14.5207,0.025119,8.68e+08,10,125000,1,0,10.0112,19064.1,0,-132.345,-133,0.436224
277615, 270.752, 1, -1,-1,-1,47.2765,2.22214,0.015849,8.68e+08,12,125000,1,0,10.2659,18078.3,0,-134.276,-137,1.58106
277618, 270.841, 28, -1,-1,-1,56.1214,14.8064,0.019953,8.68e+08,10,125000,1,0,39.5804,15095.7,1,-127.085,-133,0.436224
277636, 271.582, 43, -1,-1,-1,55.6658,27.4582,0.015849,8.68e+08,10,125000,1,0,34.166,9349.97,1,-128.925,-133,0.436224
277638, 271.589, 35, -1,-1,-1,45.7431,26.4773,0.019953,8.68e+08,10,125000,1,0,11.4499,15375.4,0,-132.944,-133,0.436224
277651, 272.047, 48, -1,-1,-1,58.3997,11.2994,0.015849,8.68e+08,10,125000,1,0,45.7317,12155.3,1,-127.27,-133,0.436224
277653, 272.308, 36, -1,-1,-1,43.7267,24.2592,0.019953,8.68e+08,12,125000,1,0,8.82384,16642.5,0,-133.681,-137,1.58106
277655, 272.816, 56, -1,-1,-1,36.3084,12.5542,0.019953,8.68e+08,12,125000,1,0,0.03438,19410.1,0,-136.287,-137,1.58106
277668, 273.284, 40, -1,-1,-1,60.8808,23.4982,0.015849,8.68e+08,12,125000,1,0,66.0334,2340.7,1,-125.47,-137,1.58106
277675, 274.269, 4, -1,-1,-1,41.4412,12.9351,0.019953,8.68e+08,10,125000,1,0,5.92319,19313.1,0,-134.523,-133,0.436224
277682, 274.651, 39, -1,-1,-1,43.5465,21.5478,0.025119,8.68e+08,12,125000,1,0,9.01087,17528.1,0,-132.628,-137,1.58106
277685, 274.863, 42, -1,-1,-1,57.7616,26.6615,0.019953,8.68e+08,12,125000,1,0,43.6458,6686.54,1,-126.53,-137,1.58106
277712, 276.063, 57, -1,-1,-1,35.1402,33.8726,0.025119,8.68e+08,12,125000,1,0,-2.11688,13784.9,0,-135.938,-137,1.58106
277714, 276.456, 16, -1,-1,-1,42.4575,7.48746,0.019953,8.68e+08,11,125000,1,0,6.3139,19328,0,-134.409,-135,0.790528
277721, 276.6, 13, -1,-1,-1,57.0723,-1.70621,0.015849,8.68e+08,11,125000,1,0,23.022,10656.5,0,-131.072,-135,0.790528
277723, 276.614, 0, -1,-1,-1,52.8019,-0.140325,0.019953,8.68e+08,12,125000,1,0,17.6528,14971.8,0,-131.324,-137,1.58106
277735, 276.896, 29, -1,-1,-1,50.7851,21.7882,0.015849,8.68e+08,12,125000,1,0,22.8828,15859.1,0,-131.1,-137,1.58106
277743, 277.329, 32, -1,-1,-1,51.2589,12.3527,0.019953,8.68e+08,11,125000,1,0,23.1228,17921,1,-130.048,-135,0.790528
277745, 277.484, 37, -1,-1,-1,39.3182,23.7585,0.025119,8.68e+08,11,125000,1,0,3.7174,17073.8,0,-134.178,-135,0.790528
277747, 277.513, 54, -1,-1,-1,33.9169,-17.5406,0.019953,8.68e+08,11,125000,1,0,-8.57846,15367.6,0,-138.85,-135,0.790528
277749, 277.553, 21, -1,-1,-1,39.9798,-9.60875,0.019953,8.68e+08,12,125000,1,0,-1.50075,16558.7,0,-136.757,-137,1.58106
277756, 278.014, 53, -1,-1,-1,63.4292,-20.8181,0.019953,8.68e+08,10,125000,1,0,10.5856,-913.652,0,-133.191,-133,0.436224
277784, 278.691, 50, -1,-1,-1,39.4666,15.4567,0.025119,8.68e+08,12,125000,1,0,4.02947,19017.7,1,-134.084,-137,1.58106
277796, 278.822, 12, -1,-1,-1,52.0633,-2.10831,0.019953,8.68e+08,10,125000,1,0,15.338,14653.1,0,-131.908,-133,0.436224
277803, 278.977, 3, -1,-1,-1,41.7537,-4.41958,0.015849,8.68e+08,11,125000,1,0,2.02391,17507.1,0,-136.691,-135,0.790528
277810, 279.139, 33, -1,-1,-1,47.239,17.4643,0.019953,8.68e+08,10,125000,1,0,15.6563,18076.6,0,-131.823,-133,0.436224
277818, 279.227, 59, -1,-1,-1,68.2639,21.0486,0.015849,8.68e+08,11,125000,1,0,42.8232,-14203.4,1,-127.637,-135,0.790528
277825, 279.367, 55, -1,-1,-1,29.3703,-15.3954,0.025119,8.68e+08,11,125000,1,0,-10.9953,16331.8,0,-138.529,-135,0.790528
277827, 279.401, 30, -1,-1,-1,49.4973,17.4698,0.015849,8.68e+08,11,125000,1,0,20.3892,17625.6,0,-131.665,-135,0.790528
277834, 279.674, 51, -1,-1,-1,41.8919,29.6462,0.019953,8.68e+08,10,125000,1,0,5.98938,14425.1,0,-134.504,-133,0.436224
277836, 279.694, 49, -1,-1,-1,46.408,9.75733,0.015849,8.68e+08,11,125000,1,0,12.7545,18966.9,0,-133.588,-135,0.790528
277839, 279.985, 34, -1,-1,-1,48.7562,19.7846,0.025119,8.68e+08,11,125000,1,0,18.8151,17098.9,1,-130.037,-135,0.790528
277841, 280.287, 26, -1,-1,-1,45.7065,9.06593,0.025119,8.68e+08,11,125000,1,0,11.5041,19028.8,0,-131.929,-135,0.790528
277843, 280.311, 44, -1,-1,-1,50.511,28.5311,0.019953,8.68e+08,12,125000,1,0,20.1015,12184.2,0,-130.732,-137,1.58106
277845, 280.698, 27, -1,-1,-1,50.6159,6.80471,0.025119,8.68e+08,12,125000,1,0,19.109,17658.4,0,-129.968,-137,1.58106
277863, 282.241, 47, -1,-1,-1,60.7194,5.65594,0.015849,8.68e+08,11,125000,1,0,41.9291,6234.25,1,-127.756,-135,0.790528
277866, 282.292, 2, -1,-1,-1,51.5344,12.7308,0.019953,8.68e+08,12,125000,1,0,24.6866,17924,1,-129.711,-137,1.58106
277868, 282.368, 7, -1,-1,-1,47.6351,15.354,0.015849,8.68e+08,11,125000,1,0,16.5425,18592.5,0,-132.597,-135,0.790528
277905, 283.196, 45, -1,-1,-1,51.1713,24.9679,0.025119,8.68e+08,11,125000,1,0,23.8181,13900.2,0,-128.896,-135,0.790528
277927, 283.549, 19, -1,-1,-1,38.1762,0.856056,0.025119,8.68e+08,11,125000,1,0,0.471746,19067.9,0,-135.157,-135,0.790528
277934, 283.714, 9, -1,-1,-1,39.6549,24.3091,0.025119,8.68e+08,10,125000,1,0,4.45484,16895.8,0,-133.957,-133,0.436224
277937, 283.917, 58, -1,-1,-1,60.5259,-7.32063,0.025119,8.68e+08,10,125000,1,0,20.7868,4375.38,1,-129.576,-133,0.436224
277939, 283.943, 31, -1,-1,-1,54.7544,21.0473,0.025119,8.68e+08,11,125000,1,0,37.8189,13496.9,0,-126.343,-135,0.790528
277941, 284.05, 10, -1,-1,-1,28.9812,30.4875,0.019953,8.68e+08,12,125000,1,0,-6.52346,15454.6,0,-138.246,-137,1.58106
277943, 284.129, 5, -1,-1,-1,53.5397,3.21519,0.015849,8.68e+08,12,125000,1,0,22.7574,15363.5,0,-131.128,-137,1.58106
277945, 284.155, 52, -1,-1,-1,39.7577,32.3711,0.019953,8.68e+08,11,125000,1,0,3.11864,13627.2,0,-135.358,-135,0.790528
277947, 284.255, 15, -1,-1,-1,44.3496,3.32595,0.025119,8.68e+08,11,125000,1,0,8.04575,18787,0,-132.905,-135,0.790528
277955, 284.422, 8, -1,-1,-1,60.4856,7.73014,0.025119,8.68e+08,11,125000,1,0,47.0516,6551.46,1,-125.112,-135,0.790528
277957, 284.525, 11, -1,-1,-1,56.9993,38.0547,0.019953,8.68e+08,12,125000,1,0,24.6542,-278.998,0,-129.719,-137,1.58106
277960, 284.565, 6, -1,-1,-1,58.2129,16.2971,0.025119,8.68e+08,12,125000,1,0,57.0031,10829.7,1,-124.115,-137,1.58106
277982, 286.002, 24, -1,-1,-1,47.5807,13.3667,0.025119,8.68e+08,12,125000,1,0,16.4031,18791.3,0,-130.632,-137,1.58106
277985, 286.248, 17, -1,-1,-1,50.975,1.0294,0.019953,8.68e+08,10,125000,1,0,16.6834,16171.6,1,-131.564,-133,0.436224
277988, 286.255, 41, -1,-1,-1,59.5484,25.9088,0.019953,8.68e+08,11,125000,1,0,54.3128,1917.11,1,-125.354,-135,0.790528
277996, 286.806, 46, -1,-1,-1,52.8116,25.5221,0.025119,8.68e+08,12,125000,1,0,28.4832,12290.2,1,-127.944,-137,1.58106
278018, 287.197, 39, -1,-1,-1,43.5465,21.5478,0.025119,8.68e+08,12,125000,1,0,10.0106,17399.1,0,-132.343,-137,1.58106
278021, 287.59, 23, -1,-1,-1,52.8622,11.1827,0.019953,8.68e+08,10,125000,1,0,28.7834,17029.5,1,-128.886,-133,0.436224
278028, 287.9, 54, -1,-1,-1,33.9169,-17.5406,0.019953,8.68e+08,11,125000,1,0,-8.18745,15411.2,0,-138.737,-135,0.790528
278035, 288.048, 14, -1,-1,-1,53.0462,-6.68945,0.015849,8.68e+08,12,125000,1,0,13.7669,12313.5,0,-133.32,-137,1.58106
278042, 288.135, 18, -1,-1,-1,40.3252,0.458257,0.015849,8.68e+08,10,125000,1,0,2.80416,18759.6,0,-136.453,-133,0.436224
278044, 288.459, 1, -1,-1,-1,47.2765,2.22214,0.015849,8.68e+08,12,125000,1,0,11.8236,17883.8,0,-133.842,-137,1.58106
278061, 288.661, 36, -1,-1,-1,43.7267,24.2592,0.019953,8.68e+08,12,125000,1,0,10.0494,16329.3,0,-133.332,-137,1.58106
278064, 288.997, 25, -1,-1,-1,47.5334,10.9197,0.019953,8.68e+08,10,125000,1,0,16.1307,18827.3,1,-131.701,-133,0.436224
278081, 289.443, 20, -1,-1,-1,37.9471,-10.2414,0.015849,8.68e+08,11,125000,1,0,-2.77917,16707.9,0,-138.141,-135,0.790528
278083, 289.501, 21, -1,-1,-1,39.9798,-9.60875,0.019953,8.68e+08,12,125000,1,0,-0.913402,16540.7,0,-136.579,-137,1.58106
278085, 289.54, 35, -1,-1,-1,45.7431,26.4773,0.019953,8.68e+08,10,125000,1,0,12.8496,14838.7,0,-132.561,-133,0.436224
278087, 289.644, 57, -1,-1,-1,35.1402,33.8726,0.025119,8.68e+08,12,125000,1,0,-1.57689,13555.4,0,-135.774,-137,1.58106
278089, 289.657, 38, -1,-1,-1,44.5391,14.5207,0.025119,8.68e+08,10,125000,1,0,11.7707,18926.9,0,-131.854,-133,0.436224
278102, 290.11, 22, -1,-1,-1,49.8807,11.1424,0.019953,8.68e+08,11,125000,1,0,21.2095,18236.4,1,-130.474,-135,0.790528
278109, 290.202, 0, -1,-1,-1,52.8019,-0.140325,0.019953,8.68e+08,12,125000,1,0,19.0508,14554.2,0,-130.982,-137,1.58106
278111, 290.39, 51, -1,-1,-1,41.8919,29.6462,0.019953,8.68e+08,10,125000,1,0,6.5978,14212.1,0,-134.324,-133,0.436224
278129, 291.147, 48, -1,-1,-1,58.3997,11.2994,0.015849,8.68e+08,10,125000,1,0,51.6881,10136.1,1,-126.607,-133,0.436224
278131, 291.256, 56, -1,-1,-1,36.3084,12.5542,0.019953,8.68e+08,12,125000,1,0,1.16531,19403.5,0,-135.944,-137,1.58106
278143, 291.715, 27, -1,-1,-1,50.6159,6.80471,0.025119,8.68e+08,12,125000,1,0,20.5655,17547.7,0,-129.623,-137,1.58106
278145, 291.731, 13, -1,-1,-1,57.0723,-1.70621,0.015849,8.68e+08,11,125000,1,0,24.4164,9682.52,0,-130.769,-135,0.790528
278148, 291.839, 33, -1,-1,-1,47.239,17.4643,0.019953,8.68e+08,10,125000,1,0,17.1082,17943.5,1,-131.454,-133,0.436224
278160, 292.5, 32, -1,-1,-1,51.2589,12.3527,0.019953,8.68e+08,11,125000,1,0,25.6462,17630.7,0,-129.509,-135,0.790528
278162, 292.64, 2, -1,-1,-1,51.5344,12.7308,0.019953,8.68e+08,12,125000,1,0,26.4935,17519,0,-129.336,-137,1.58106
278165, 292.668, 43, -1,-1,-1,55.6658,27.4582,0.015849,8.68e+08,10,125000,1,0,36.8949,7113.46,1,-128.484,-133,0.436224
278167, 292.788, 34, -1,-1,-1,48.7562,19.7846,0.025119,8.68e+08,11,125000,1,0,20.4309,16840.7,0,-129.653,-135,0.790528
278185, 293.402, 12, -1,-1,-1,52.0633,-2.10831,0.019953,8.68e+08,10,125000,1,0,16.6496,14204.3,1,-131.572,-133,0.436224
278203, 293.912, 28, -1,-1,-1,56.1214,14.8064,0.019953,8.68e+08,10,125000,1,0,46.8063,13353.7,1,-126.139,-133,0.436224
278210, 294.495, 10, -1,-1,-1,28.9812,30.4875,0.019953,8.68e+08,12,125000,1,0,-6.11328,15232.8,0,-138.125,-137,1.58106
278212, 294.808, 50, -1,-1,-1,39.4666,15.4567,0.025119,8.68e+08,12,125000,1,0,5.16081,18980.6,0,-133.746,-137,1.58106
278215, 294.882, 16, -1,-1,-1,42.4575,7.48746,0.019953,8.68e+08,11,125000,1,0,7.77184,19281.6,1,-133.982,-135,0.790528
278227, 295.14, 29, -1,-1,-1,50.7851,21.7882,0.015849,8.68e+08,12,125000,1,0,25.5039,15116.2,0,-130.538,-137,1.58106
278229, 295.412, 42, -1,-1,-1,57.7616,26.6615,0.019953,8.68e+08,12,125000,1,0,46.2465,3870.21,0,-126.205,-137,1.58106
278231, 295.559, 4, -1,-1,-1,41.4412,12.9351,0.019953,8.68e+08,10,125000,1,0,7.58265,19212,0,-134.036,-133,0.436224
278253, 296.271, 9, -1,-1,-1,39.6549,24.3091,0.025119,8.68e+08,10,125000,1,0,5.23682,16576.1,0,-133.724,-133,0.436224
278255, 296.494, 40, -1,-1,-1,60.8808,23.4982,0.015849,8.68e+08,12,125000,1,0,66.3707,-1947.09,0,-125.448,-137,1.58106
278263, 296.612, 45, -1,-1,-1,51.1713,24.9679,0.025119,8.68e+08,11,125000,1,0,25.5213,12976,1,-128.534,-135,0.790528
278265, 296.778, 3, -1,-1,-1,41.7537,-4.41958,0.015849,8.68e+08,11,125000,1,0,3.0827,17376.5,0,-136.37,-135,0.790528
278268, 296.989, 17, -1,-1,-1,50.975,1.0294,0.019953,8.68e+08,10,125000,1,0,17.814,15714.2,1,-131.281,-133,0.436224
278281, 297.681, 6, -1,-1,-1,58.2129,16.2971,0.025119,8.68e+08,12,125000,1,0,62.9183,8811.99,1,-123.664,-137,1.58106
278289, 297.854, 7, -1,-1,-1,47.6351,15.354,0.015849,8.68e+08,11,125000,1,0,18.4434,18175.4,1,-132.125,-135,0.790528
278301, 298.884, 52, -1,-1,-1,39.7577,32.3711,0.019953,8.68e+08,11,125000,1,0,3.81079,13087.2,0,-135.149,-135,0.790528
278303, 298.947, 44, -1,-1,-1,50.511,28.5311,0.019953,8.68e+08,12,125000,1,0,21.8266,11064.1,0,-130.334,-137,1.58106
278311, 299.343, 46, -1,-1,-1,52.8116,25.5221,0.025119,8.68e+08,12,125000,1,0,30.2232,11191.5,1,-127.614,-137,1.58106
278319, 299.563, 23, -1,-1,-1,52.8622,11.1827,0.019953,8.68e+08,10,125000,1,0,31.2269,16409.9,1,-128.431,-133,0.436224
278336, 300.166, 39, -1,-1,-1,43.5465,21.5478,0.025119,8.68e+08,12,125000,1,0,11.0811,17033.6,0,-132.043,-137,1.58106
278338, 300.256, 37, -1,-1,-1,39.3182,23.7585,0.025119,8.68e+08,11,125000,1,0,5.13108,16710.4,0,-133.754,-135,0.790528
278340, 300.456, 19, -1,-1,-1,38.1762,0.856056,0.025119,8.68e+08,11,125000,1,0,1.49888,18841.9,0,-134.845,-135,0.790528
278343, 300.754, 59, -1,-1,-1,68.2639,21.0486,0.015849,8.68e+08,11,125000,1,0,36.7738,-15604.7,1,-128.502,-135,0.790528
278345, 300.754, 26, -1,-1,-1,45.7065,9.06593,0.025119,8.68e+08,11,125000,1,0,13.5546,18866.7,0,-131.371,-135,0.790528
278488, 301.689, 49, -1,-1,-1,46.408,9.75733,0.015849,8.68e+08,11,125000,1,0,15.0993,18985,1,-132.964,-135,0.790528
278495, 302.043, 20, -1,-1,-1,37.9471,-10.2414,0.015849,8.68e+08,11,125000,1,0,-2.18199,16689.5,0,-137.96,-135,0.790528
278512, 302.482, 36, -1,-1,-1,43.7267,24.2592,0.019953,8.68e+08,12,125000,1,0,11.1189,16056,0,-133.032,-137,1.58106
278515, 302.533, 8, -1,-1,-1,60.4856,7.73014,0.025119,8.68e+08,11,125000,1,0,49.6102,4046.89,1,-124.823,-135,0.790528
278517, 302.688, 53, -1,-1,-1,63.4292,-20.8181,0.019953,8.68e+08,10,125000,1,0,10.3934,-2188.19,0,-133.243,-133,0.436224
278519, 302.884, 30, -1,-1,-1,49.4973,17.4698,0.015849,8.68e+08,11,125000,1,0,23.8086,17232.2,0,-130.895,-135,0.790528
278522, 302.923, 11, -1,-1,-1,56.9993,38.0547,0.019953,8.68e+08,12,125000,1,0,24.4247,-2076.11,1,-129.766,-137,1.58106
278569, 303.752, 14, -1,-1,-1,53.0462,-6.68945,0.015849,8.68e+08,12,125000,1,0,14.8349,11663.4,0,-133.037,-137,1.58106
278577, 303.936, 31, -1,-1,-1,54.7544,21.0473,0.025119,8.68e+08,11,125000,1,0,42.6649,11794.8,1,-125.654,-135,0.790528
278579, 303.999, 55, -1,-1,-1,29.3703,-15.3954,0.025119,8.68e+08,11,125000,1,0,-10.0487,16434.3,0,-138.263,-135,0.790528
278581, 304.292, 54, -1,-1,-1,33.9169,-17.5406,0.019953,8.68e+08,11,125000,1,0,-7.56772,15325.6,0,-138.557,-135,0.790528
278583, 304.314, 15, -1,-1,-1,44.3496,3.32595,0.025119,8.68e+08,11,125000,1,0,9.70313,18632.5,0,-132.43,-135,0.790528
278585, 304.371, 47, -1,-1,-1,60.7194,5.65594,0.015849,8.68e+08,11,125000,1,0,44.1551,3280.56,0,-127.462,-135,0.790528
278588, 304.372, 43, -1,-1,-1,55.6658,27.4582,0.015849,8.68e+08,10,125000,1,0,38.1875,5860.1,1,-128.285,-133,0.436224
278590, 304.392, 32, -1,-1,-1,51.2589,12.3527,0.019953,8.68e+08,11,125000,1,0,27.8165,17413.4,0,-129.071,-135,0.790528
278607, 304.761, 5, -1,-1,-1,53.5397,3.21519,0.015849,8.68e+08,12,125000,1,0,25.5749,14441,0,-130.523,-137,1.58106
278610, 304.766, 2, -1,-1,-1,51.5344,12.7308,0.019953,8.68e+08,12,125000,1,0,28.7858,17270.6,1,-128.883,-137,1.58106
278622, 305.134, 57, -1,-1,-1,35.1402,33.8726,0.025119,8.68e+08,12,125000,1,0,-0.96399,13245,0,-135.588,-137,1.58106
278629, 305.42, 22, -1,-1,-1,49.8807,11.1424,0.019953,8.68e+08,11,125000,1,0,23.5535,17993.8,0,-129.95,-135,0.790528
278632, 305.91, 41, -1,-1,-1,59.5484,25.9088,0.019953,8.68e+08,11,125000,1,0,54.4389,-1309.85,1,-125.339,-135,0.790528
278639, 306.033, 56, -1,-1,-1,36.3084,12.5542,0.019953,8.68e+08,12,125000,1,0,2.10539,19430.1,0,-135.659,-137,1.58106
278641, 306.143, 29, -1,-1,-1,50.7851,21.7882,0.015849,8.68e+08,12,125000,1,0,27.1823,14690.5,0,-130.196,-137,1.58106
278653, 306.435, 4, -1,-1,-1,41.4412,12.9351,0.019953,8.68e+08,10,125000,1,0,8.47612,19253.1,0,-133.777,-133,0.436224
278655, 306.519, 21, -1,-1,-1,39.9798,-9.60875,0.019953,8.68e+08,12,125000,1,0,-0.064017,16397.3,0,-136.32,-137,1.58106
278657, 306.672, 51, -1,-1,-1,41.8919,29.6462,0.019953,8.68e+08,10,125000,1,0,7.52747,13754.1,0,-134.052,-133,0.436224
278669, 306.802, 1, -1,-1,-1,47.2765,2.22214,0.015849,8.68e+08,12,125000,1,0,13.5429,17628.4,0,-133.375,-137,1.58106
278676, 307.362, 18, -1,-1,-1,40.3252,0.458257,0.015849,8.68e+08,10,125000,1,0,4.06721,18680,0,-136.073,-133,0.436224
278679, 307.513, 16, -1,-1,-1,42.4575,7.48746,0.019953,8.68e+08,11,125000,1,0,8.82528,19309.2,1,-133.678,-135,0.790528
278686, 307.966, 0, -1,-1,-1,52.8019,-0.140325,0.019953,8.68e+08,12,125000,1,0,20.9463,13823.9,0,-130.535,-137,1.58106
278689, 308.217, 25, -1,-1,-1,47.5334,10.9197,0.019953,8.68e+08,10,125000,1,0,18.5097,18598,1,-131.108,-133,0.436224
278701, 308.336, 24, -1,-1,-1,47.5807,13.3667,0.025119,8.68e+08,12,125000,1,0,19.2159,18457,0,-129.938,-137,1.58106
278704, 308.675, 58, -1,-1,-1,60.5259,-7.32063,0.025119,8.68e+08,10,125000,1,0,21.4167,2231.38,1,-129.428,-133,0.436224
278726, 309.207, 33, -1,-1,-1,47.239,17.4643,0.019953,8.68e+08,10,125000,1,0,19.241,17624.7,0,-130.931,-133,0.436224
278743, 309.598, 12, -1,-1,-1,52.0633,-2.10831,0.019953,8.68e+08,10,125000,1,0,18.1462,13597.8,0,-131.199,-133,0.436224
278746, 309.61, 48, -1,-1,-1,58.3997,11.2994,0.015849,8.68e+08,10,125000,1,0,57.6653,7735.28,1,-126.057,-133,0.436224
278748, 309.804, 50, -1,-1,-1,39.4666,15.4567,0.025119,8.68e+08,12,125000,1,0,6.25893,18946,0,-133.42,-137,1.58106
278755, 309.824, 17, -1,-1,-1,50.975,1.0294,0.019953,8.68e+08,10,125000,1,0,19.218,15390.5,0,-130.939,-133,0.436224
278757, 309.881, 9, -1,-1,-1,39.6549,24.3091,0.025119,8.68e+08,10,125000,1,0,6.10241,16392.3,0,-133.467,-133,0.436224
278769, 310.352, 39, -1,-1,-1,43.5465,21.5478,0.025119,8.68e+08,12,125000,1,0,11.9496,16927.5,0,-131.802,-137,1.58106
278776, 310.696, 3, -1,-1,-1,41.7537,-4.41958,0.015849,8.68e+08,11,125000,1,0,3.93485,17307.8,0,-136.114,-135,0.790528
278779, 310.717, 38, -1,-1,-1,44.5391,14.5207,0.025119,8.68e+08,10,125000,1,0,13.8835,18709,1,-131.281,-133,0.436224
278781, 310.854, 10, -1,-1,-1,28.9812,30.4875,0.019953,8.68e+08,12,125000,1,0,-5.46952,15052.3,0,-137.934,-137,1.58106
278784, 311.378, 26, -1,-1,-1,45.7065,9.06593,0.025119,8.68e+08,11,125000,1,0,14.696,18880.7,1,-131.068,-135,0.790528
278787, 311.405, 27, -1,-1,-1,50.6159,6.80471,0.025119,8.68e+08,12,125000,1,0,23.3952,17059.3,1,-128.984,-137,1.58106
278805, 311.854, 23, -1,-1,-1,52.8622,11.1827,0.019953,8.68e+08,10,125000,1,0,33.9733,15997.1,1,-127.952,-133,0.436224
278808, 312.227, 7, -1,-1,-1,47.6351,15.354,0.015849,8.68e+08,11,125000,1,0,20.3532,17979.8,1,-131.669,-135,0.790528
278810, 312.294, 52, -1,-1,-1,39.7577,32.3711,0.019953,8.68e+08,11,125000,1,0,4.43799,12739.7,0,-134.961,-135,0.790528
278818, 312.762, 35, -1,-1,-1,45.7431,26.4773,0.019953,8.68e+08,10,125000,1,0,14.7164,13958.9,1,-132.063,-133,0.436224
278855, 314.413, 46, -1,-1,-1,52.8116,25.5221,0.025119,8.68e+08,12,125000,1,0,32.294,9982.28,0,-127.24,-137,1.58106
278867, 314.841, 45, -1,-1,-1,51.1713,24.9679,0.025119,8.68e+08,11,125000,1,0,27.8855,11791.5,0,-128.056,-135,0.790528
278869, 314.885, 34, -1,-1,-1,48.7562,19.7846,0.025119,8.68e+08,11,125000,1,0,23.4557,16096.8,0,-128.97,-135,0.790528
278871, 315.038, 30, -1,-1,-1,49.4973,17.4698,0.015849,8.68e+08,11,125000,1,0,25.7674,16693,0,-130.481,-135,0.790528
278873, 315.063, 59, -1,-1,-1,68.2639,21.0486,0.015849,8.68e+08,11,125000,1,0,33.2883,-16223,0,-129.069,-135,0.790528
278876, 315.17, 28, -1,-1,-1,56.1214,14.8064,0.019953,8.68e+08,10,125000,1,0,54.8391,11200.6,1,-125.301,-133,0.436224
278879, 315.222, 42, -1,-1,-1,57.7616,26.6615,0.019953,8.68e+08,12,125000,1,0,47.4946,935.272,1,-126.057,-137,1.58106
278891, 315.493, 14, -1,-1,-1,53.0462,-6.68945,0.015849,8.68e+08,12,125000,1,0,15.6244,10924.9,0,-132.831,-137,1.58106
278893, 316.033, 15, -1,-1,-1,44.3496,3.32595,0.025119,8.68e+08,11,125000,1,0,10.7255,18387.6,0,-132.141,-135,0.790528
278896, 316.146, 13, -1,-1,-1,57.0723,-1.70621,0.015849,8.68e+08,11,125000,1,0,26.5082,7681.08,1,-130.332,-135,0.790528
278898, 316.318, 29, -1,-1,-1,50.7851,21.7882,0.015849,8.68e+08,12,125000,1,0,28.7982,13996.5,0,-129.879,-137,1.58106
278910, 317.387, 19, -1,-1,-1,38.1762,0.856056,0.025119,8.68e+08,11,125000,1,0,2.56562,18825.7,0,-134.521,-135,0.790528
278928, 317.992, 31, -1,-1,-1,54.7544,21.0473,0.025119,8.68e+08,11,125000,1,0,46.2401,10094.3,1,-125.203,-135,0.790528
278930, 318.12, 53, -1,-1,-1,63.4292,-20.8181,0.019953,8.68e+08,10,125000,1,0,10.1867,-3303.85,0,-133.299,-133,0.436224
278932, 318.546, 54, -1,-1,-1,33.9169,-17.5406,0.019953,8.68e+08,11,125000,1,0,-7.0263,15027.3,0,-138.399,-135,0.790528
278940, 319.1, 1, -1,-1,-1,47.2765,2.22214,0.015849,8.68e+08,12,125000,1,0,14.7624,17256.9,1,-133.051,-137,1.58106
278952, 319.532, 51, -1,-1,-1,41.8919,29.6462,0.019953,8.68e+08,10,125000,1,0,8.26407,13212.5,0,-133.838,-133,0.436224
278965, 319.821, 58, -1,-1,-1,60.5259,-7.32063,0.025119,8.68e+08,10,125000,1,0,21.5673,1100.2,1,-129.393,-133,0.436224
278997, 321.045, 56, -1,-1,-1,36.3084,12.5542,0.019953,8.68e+08,12,125000,1,0,3.09444,19243.9,0,-135.36,-137,1.58106
279000, 321.147, 49, -1,-1,-1,46.408,9.75733,0.015849,8.68e+08,11,125000,1,0,17.395,18775.5,1,-132.38,-135,0.790528
279002, 321.235, 50, -1,-1,-1,39.4666,15.4567,0.025119,8.68e+08,12,125000,1,0,7.12853,18754.5,0,-133.165,-137,1.58106
279004, 321.304, 24, -1,-1,-1,47.5807,13.3667,0.025119,8.68e+08,12,125000,1,0,21.018,18071.6,0,-129.514,-137,1.58106
279011, 321.44, 40, -1,-1,-1,60.8808,23.4982,0.015849,8.68e+08,12,125000,1,0,60.8108,-6323.92,0,-125.81,-137,1.58106
279029, 322.226, 8, -1,-1,-1,60.4856,7.73014,0.025119,8.68e+08,11,125000,1,0,51,1062.71,1,-124.673,-135,0.790528
279032, 322.243, 23, -1,-1,-1,52.8622,11.1827,0.019953,8.68e+08,10,125000,1,0,36.506,15628.8,1,-127.54,-133,0.436224
279035, 322.436, 6, -1,-1,-1,58.2129,16.2971,0.025119,8.68e+08,12,125000,1,0,75.5491,5124.32,1,-123.019,-137,1.58106
279037, 322.457, 5, -1,-1,-1,53.5397,3.21519,0.015849,8.68e+08,12,125000,1,0,28.1489,13518.6,0,-130.005,-137,1.58106
279044, 322.526, 0, -1,-1,-1,52.8019,-0.140325,0.019953,8.68e+08,12,125000,1,0,22.5489,13181.1,0,-130.17,-137,1.58106
279046, 322.595, 11, -1,-1,-1,56.9993,38.0547,0.019953,8.68e+08,12,125000,1,0,23.8464,-3957.42,0,-129.888,-137,1.58106
279053, 323.035, 44, -1,-1,-1,50.511,28.5311,0.019953,8.68e+08,12,125000,1,0,23.9797,9531.41,0,-129.857,-137,1.58106
279055, 323.072, 39, -1,-1,-1,43.5465,21.5478,0.025119,8.68e+08,12,125000,1,0,13.0702,16716.9,0,-131.497,-137,1.58106
279073, 323.486, 32, -1,-1,-1,51.2589,12.3527,0.019953,8.68e+08,11,125000,1,0,31.7215,16772.8,1,-128.339,-135,0.790528
279081, 323.647, 38, -1,-1,-1,44.5391,14.5207,0.025119,8.68e+08,10,125000,1,0,15.2813,18634.4,1,-130.914,-133,0.436224
279088, 324, 37, -1,-1,-1,39.3182,23.7585,0.025119,8.68e+08,11,125000,1,0,6.66372,16442.5,0,-133.3,-135,0.790528
279090, 324.063, 21, -1,-1,-1,39.9798,-9.60875,0.019953,8.68e+08,12,125000,1,0,0.827904,16218.4,0,-136.049,-137,1.58106
279093, 324.324, 41, -1,-1,-1,59.5484,25.9088,0.019953,8.68e+08,11,125000,1,0,52.5787,-4226.04,1,-125.514,-135,0.790528
279105, 324.641, 16, -1,-1,-1,42.4575,7.48746,0.019953,8.68e+08,11,125000,1,0,10.3337,19252.9,0,-133.249,-135,0.790528
279123, 325.024, 33, -1,-1,-1,47.239,17.4643,0.019953,8.68e+08,10,125000,1,0,21.3506,17290.7,1,-130.437,-133,0.436224
279126, 325.054, 36, -1,-1,-1,43.7267,24.2592,0.019953,8.68e+08,12,125000,1,0,12.9322,15399.1,1,-132.534,-137,1.58106
279128, 325.06, 18, -1,-1,-1,40.3252,0.458257,0.015849,8.68e+08,10,125000,1,0,5.28349,18605.9,0,-135.709,-133,0.436224
279156, 325.723, 47, -1,-1,-1,60.7194,5.65594,0.015849,8.68e+08,11,125000,1,0,44.9594,238.008,1,-127.358,-135,0.790528
279158, 325.747, 22, -1,-1,-1,49.8807,11.1424,0.019953,8.68e+08,11,125000,1,0,27.0535,17480,0,-129.219,-135,0.790528
279160, 325.751, 20, -1,-1,-1,37.9471,-10.2414,0.015849,8.68e+08,11,125000,1,0,-1.03832,16421.7,0,-137.613,-135,0.790528
279177, 326.176, 7, -1,-1,-1,47.6351,15.354,0.015849,8.68e+08,11,125000,1,0,22.3602,17752.4,0,-131.209,-135,0.790528
279184, 326.331, 30, -1,-1,-1,49.4973,17.4698,0.015849,8.68e+08,11,125000,1,0,27.7187,16395.8,0,-130.087,-135,0.790528
279186, 326.369, 59, -1,-1,-1,68.2639,21.0486,0.015849,8.68e+08,11,125000,1,0,30.7938,-16561.2,0,-129.507,-135,0.790528
279188, 326.435, 26, -1,-1,-1,45.7065,9.06593,0.025119,8.68e+08,11,125000,1,0,16.418,18780.3,0,-130.624,-135,0.790528
279190, 326.578, 25, -1,-1,-1,47.5334,10.9197,0.019953,8.68e+08,10,125000,1,0,21.0346,18330.7,0,-130.51,-133,0.436224
279193, 326.592, 45, -1,-1,-1,51.1713,24.9679,0.025119,8.68e+08,11,125000,1,0,29.4148,11008,1,-127.761,-135,0.790528
279196, 326.642, 43, -1,-1,-1,55.6658,27.4582,0.015849,8.68e+08,10,125000,1,0,39.9606,2982.72,1,-128.023,-133,0.436224
279203, 326.902, 55, -1,-1,-1,29.3703,-15.3954,0.025119,8.68e+08,11,125000,1,0,-9.15857,16298.2,0,-138.01,-135,0.790528
279206, 326.991, 29, -1,-1,-1,50.7851,21.7882,0.015849,8.68e+08,12,125000,1,0,30.5545,13460.5,1,-129.549,-137,1.58106
279223, 327.33, 17, -1,-1,-1,50.975,1.0294,0.019953,8.68e+08,10,125000,1,0,21.2266,14760,0,-130.467,-133,0.436224
279225, 327.525, 12, -1,-1,-1,52.0633,-2.10831,0.019953,8.68e+08,10,125000,1,0,19.8404,12787.7,0,-130.79,-133,0.436224
279228, 327.847, 15, -1,-1,-1,44.3496,3.32595,0.025119,8.68e+08,11,125000,1,0,11.8012,18361.4,1,-131.842,-135,0.790528
279245, 328.526, 9, -1,-1,-1,39.6549,24.3091,0.025119,8.68e+08,10,125000,1,0,7.31919,16028.2,0,-133.109,-133,0.436224
279252, 328.814, 57, -1,-1,-1,35.1402,33.8726,0.025119,8.68e+08,12,125000,1,0,-0.036025,12628.4,0,-135.305,-137,1.58106
279255, 329.097, 48, -1,-1,-1,58.3997,11.2994,0.015849,8.68e+08,10,125000,1,0,63.3671,4698.9,1,-125.63,-133,0.436224
279263, 329.258, 19, -1,-1,-1,38.1762,0.856056,0.025119,8.68e+08,11,125000,1,0,3.33855,18873.4,1,-134.288,-135,0.790528
279271, 329.603, 35, -1,-1,-1,45.7431,26.4773,0.019953,8.68e+08,10,125000,1,0,16.1007,13272.8,1,-131.704,-133,0.436224
279274, 329.647, 2, -1,-1,-1,51.5344,12.7308,0.019953,8.68e+08,12,125000,1,0,34.1968,16241.7,1,-127.912,-137,1.58106
279286, 329.968, 53, -1,-1,-1,63.4292,-20.8181,0.019953,8.68e+08,10,125000,1,0,9.98517,-3878.31,0,-133.355,-133,0.436224
279288, 330.173, 4, -1,-1,-1,41.4412,12.9351,0.019953,8.68e+08,10,125000,1,0,10.5508,19065.9,0,-133.186,-133,0.436224
279295, 330.533, 54, -1,-1,-1,33.9169,-17.5406,0.019953,8.68e+08,11,125000,1,0,-6.56926,15013.7,0,-138.265,-135,0.790528
279302, 331.95, 10, -1,-1,-1,28.9812,30.4875,0.019953,8.68e+08,12,125000,1,0,-4.63763,14738.5,0,-137.686,-137,1.58106
279315, 332.863, 52, -1,-1,-1,39.7577,32.3711,0.019953,8.68e+08,11,125000,1,0,5.39021,12055.4,1,-134.676,-135,0.790528
279322, 333.313, 5, -1,-1,-1,53.5397,3.21519,0.015849,8.68e+08,12,125000,1,0,29.7889,12664.6,0,-129.691,-137,1.58106
279330, 333.904, 8, -1,-1,-1,60.4856,7.73014,0.025119,8.68e+08,11,125000,1,0,50.976,-994.416,1,-124.674,-135,0.790528
279342, 334.156, 40, -1,-1,-1,60.8808,23.4982,0.015849,8.68e+08,12,125000,1,0,56.8357,-8101.33,0,-126.123,-137,1.58106
279365, 334.892, 28, -1,-1,-1,56.1214,14.8064,0.019953,8.68e+08,10,125000,1,0,63.6107,8628.99,1,-124.613,-133,0.436224
279367, 334.93, 3, -1,-1,-1,41.7537,-4.41958,0.015849,8.68e+08,11,125000,1,0,5.47341,16972.6,0,-135.653,-135,0.790528
279379, 335.422, 27, -1,-1,-1,50.6159,6.80471,0.025119,8.68e+08,12,125000,1,0,27.3048,16213.9,0,-128.168,-137,1.58106
279381, 335.515, 46, -1,-1,-1,52.8116,25.5221,0.025119,8.68e+08,12,125000,1,0,35.0261,7896.29,0,-126.776,-137,1.58106
279388, 335.815, 39, -1,-1,-1,43.5465,21.5478,0.025119,8.68e+08,12,125000,1,0,14.2343,16266,0,-131.186,-137,1.58106
279390, 335.851, 1, -1,-1,-1,47.2765,2.22214,0.015849,8.68e+08,12,125000,1,0,16.5187,16953.6,0,-132.599,-137,1.58106
279393, 336.22, 6, -1,-1,-1,58.2129,16.2971,0.025119,8.68e+08,12,125000,1,0,83.218,2236.53,1,-122.822,-137,1.58106
279400, 336.529, 14, -1,-1,-1,53.0462,-6.68945,0.015849,8.68e+08,12,125000,1,0,17.0016,9761.25,0,-132.48,-137,1.58106
279402, 336.534, 42, -1,-1,-1,57.7616,26.6615,0.019953,8.68e+08,12,125000,1,0,47.1223,-2309.74,0,-126.097,-137,1.58106
279424, 337.122, 34, -1,-1,-1,48.7562,19.7846,0.025119,8.68e+08,11,125000,1,0,26.8308,15137.1,0,-128.261,-135,0.790528
279426, 337.129, 50, -1,-1,-1,39.4666,15.4567,0.025119,8.68e+08,12,125000,1,0,8.38901,18675.3,0,-132.798,-137,1.58106
279428, 337.303, 25, -1,-1,-1,47.5334,10.9197,0.019953,8.68e+08,10,125000,1,0,22.6441,17987.1,0,-130.145,-133,0.436224
279430, 337.391, 58, -1,-1,-1,60.5259,-7.32063,0.025119,8.68e+08,10,125000,1,0,21.6264,-394.972,0,-129.377,-133,0.436224
279432, 337.681, 49, -1,-1,-1,46.408,9.75733,0.015849,8.68e+08,11,125000,1,0,19.5427,18337.4,0,-131.856,-135,0.790528
279435, 337.718, 31, -1,-1,-1,54.7544,21.0473,0.025119,8.68e+08,11,125000,1,0,51.2011,7637.27,1,-124.65,-135,0.790528
279458, 338.931, 45, -1,-1,-1,51.1713,24.9679,0.025119,8.68e+08,11,125000,1,0,30.9957,9810.29,1,-127.468,-135,0.790528
279460, 339.092, 13, -1,-1,-1,57.0723,-1.70621,0.015849,8.68e+08,11,125000,1,0,28.1613,5552.88,0,-130.001,-135,0.790528
279492, 340.074, 33, -1,-1,-1,47.239,17.4643,0.019953,8.68e+08,10,125000,1,0,23.5252,16665.4,0,-129.951,-133,0.436224
279495, 340.099, 23, -1,-1,-1,52.8622,11.1827,0.019953,8.68e+08,10,125000,1,0,41.3744,14218.5,1,-126.823,-133,0.436224
279497, 340.196, 11, -1,-1,-1,56.9993,38.0547,0.019953,8.68e+08,12,125000,1,0,23.0703,-5754.71,0,-130.054,-137,1.58106
279504, 340.362, 56, -1,-1,-1,36.3084,12.5542,0.019953,8.68e+08,12,125000,1,0,4.42342,19193.3,0,-134.96,-137,1.58106
279507, 340.429, 22, -1,-1,-1,49.8807,11.1424,0.019953,8.68e+08,11,125000,1,0,29.9124,16796.3,1,-128.666,-135,0.790528
279519, 340.765, 24, -1,-1,-1,47.5807,13.3667,0.025119,8.68e+08,12,125000,1,0,24.0024,17662,0,-128.848,-137,1.58106
279521, 340.848, 44, -1,-1,-1,50.511,28.5311,0.019953,8.68e+08,12,125000,1,0,25.4475,7870.49,0,-129.545,-137,1.58106
279529, 341.047, 4, -1,-1,-1,41.4412,12.9351,0.019953,8.68e+08,10,125000,1,0,11.5656,19080.8,1,-132.903,-133,0.436224
279531, 341.205, 36, -1,-1,-1,43.7267,24.2592,0.019953,8.68e+08,12,125000,1,0,14.2788,14705.3,0,-132.174,-137,1.58106
279544, 341.305, 26, -1,-1,-1,45.7065,9.06593,0.025119,8.68e+08,11,125000,1,0,18.2549,18654.8,1,-130.166,-135,0.790528
279562, 341.72, 38, -1,-1,-1,44.5391,14.5207,0.025119,8.68e+08,10,125000,1,0,17.3846,18400.6,1,-130.379,-133,0.436224
279564, 341.84, 57, -1,-1,-1,35.1402,33.8726,0.025119,8.68e+08,12,125000,1,0,0.468025,12336.9,0,-135.152,-137,1.58106
279571, 342.045, 15, -1,-1,-1,44.3496,3.32595,0.025119,8.68e+08,11,125000,1,0,13.1593,18261,0,-131.472,-135,0.790528
279573, 342.058, 51, -1,-1,-1,41.8919,29.6462,0.019953,8.68e+08,10,125000,1,0,9.55212,12541.3,0,-133.467,-133,0.436224
279575, 342.112, 55, -1,-1,-1,29.3703,-15.3954,0.025119,8.68e+08,11,125000,1,0,-8.56193,16278.1,0,-137.839,-135,0.790528
279577, 342.182, 7, -1,-1,-1,47.6351,15.354,0.015849,8.68e+08,11,125000,1,0,24.8777,17387.5,0,-130.662,-135,0.790528
279579, 342.433, 21, -1,-1,-1,39.9798,-9.60875,0.019953,8.68e+08,12,125000,1,0,1.77986,15991.4,0,-135.76,-137,1.58106
279582, 342.805, 47, -1,-1,-1,60.7194,5.65594,0.015849,8.68e+08,11,125000,1,0,44.5046,-2135.79,1,-127.412,-135,0.790528
279599, 344.078, 16, -1,-1,-1,42.4575,7.48746,0.019953,8.68e+08,11,125000,1,0,12.1735,19133.4,0,-132.737,-135,0.790528
279611, 344.804, 37, -1,-1,-1,39.3182,23.7585,0.025119,8.68e+08,11,125000,1,0,8.05748,15999.3,0,-132.893,-135,0.790528
279619, 345.049, 48, -1,-1,-1,58.3997,11.2994,0.015849,8.68e+08,10,125000,1,0,66.4099,2016.73,1,-125.438,-133,0.436224
279621, 345.191, 0, -1,-1,-1,52.8019,-0.140325,0.019953,8.68e+08,12,125000,1,0,25.0973,11817.7,0,-129.618,-137,1.58106
279639, 345.914, 2, -1,-1,-1,51.5344,12.7308,0.019953,8.68e+08,12,125000,1,0,38.3611,15466.4,1,-127.253,-137,1.58106
279647, 346.292, 8, -1,-1,-1,60.4856,7.73014,0.025119,8.68e+08,11,125000,1,0,50.2485,-2738.82,1,-124.748,-135,0.790528
279649, 346.487, 39, -1,-1,-1,43.5465,21.5478,0.025119,8.68e+08,12,125000,1,0,15.2422,16064.6,0,-130.921,-137,1.58106
279651, 346.589, 18, -1,-1,-1,40.3252,0.458257,0.015849,8.68e+08,10,125000,1,0,6.84126,18438.8,0,-135.248,-133,0.436224
279653, 346.64, 54, -1,-1,-1,33.9169,-17.5406,0.019953,8.68e+08,11,125000,1,0,-5.95277,14897.5,0,-138.083,-135,0.790528
279685, 347.107, 29, -1,-1,-1,50.7851,21.7882,0.015849,8.68e+08,12,125000,1,0,34.0005,11990.3,0,-128.943,-137,1.58106
279687, 347.15, 12, -1,-1,-1,52.0633,-2.10831,0.019953,8.68e+08,10,125000,1,0,21.7168,11723.9,0,-130.354,-133,0.436224
279690, 347.248, 28, -1,-1,-1,56.1214,14.8064,0.019953,8.68e+08,10,125000,1,0,69.7461,6869.96,1,-124.259,-133,0.436224
279697, 347.346, 43, -1,-1,-1,55.6658,27.4582,0.015849,8.68e+08,10,125000,1,0,40.5556,162.751,0,-127.936,-133,0.436224
279705, 347.448, 32, -1,-1,-1,51.2589,12.3527,0.019953,8.68e+08,11,125000,1,0,37.522,15594.9,1,-127.38,-135,0.790528
279707, 347.523, 30, -1,-1,-1,49.4973,17.4698,0.015849,8.68e+08,11,125000,1,0,31.7596,15428.7,0,-129.329,-135,0.790528
279709, 347.695, 17, -1,-1,-1,50.975,1.0294,0.019953,8.68e+08,10,125000,1,0,23.6936,13823.6,0,-129.916,-133,0.436224
279711, 347.702, 20, -1,-1,-1,37.9471,-10.2414,0.015849,8.68e+08,11,125000,1,0,0.044747,16154.6,0,-137.283,-135,0.790528
279748, 348.767, 52, -1,-1,-1,39.7577,32.3711,0.019953,8.68e+08,11,125000,1,0,6.114,11514.6,0,-134.461,-135,0.790528
279756, 348.825, 35, -1,-1,-1,45.7431,26.4773,0.019953,8.68e+08,10,125000,1,0,17.6959,12340.8,1,-131.302,-133,0.436224
279759, 349.011, 46, -1,-1,-1,52.8116,25.5221,0.025119,8.68e+08,12,125000,1,0,36.5654,6492.81,1,-126.528,-137,1.58106
279772, 349.278, 41, -1,-1,-1,59.5484,25.9088,0.019953,8.68e+08,11,125000,1,0,47.9342,-7884.34,1,-126.002,-135,0.790528
279779, 349.393, 49, -1,-1,-1,46.408,9.75733,0.015849,8.68e+08,11,125000,1,0,21.1923,18246.3,0,-131.47,-135,0.790528
279786, 349.823, 19, -1,-1,-1,38.1762,0.856056,0.025119,8.68e+08,11,125000,1,0,4.73164,18776.2,0,-133.87,-135,0.790528
279798, 350.121, 10, -1,-1,-1,28.9812,30.4875,0.019953,8.68e+08,12,125000,1,0,-3.9204,14465.3,0,-137.471,-137,1.58106
279801, 350.143, 34, -1,-1,-1,48.7562,19.7846,0.025119,8.68e+08,11,125000,1,0,28.9695,14564,1,-127.842,-135,0.790528
279803, 350.183, 1, -1,-1,-1,47.2765,2.22214,0.015849,8.68e+08,12,125000,1,0,18.1165,16682.5,0,-132.2,-137,1.58106
279810, 350.347, 14, -1,-1,-1,53.0462,-6.68945,0.015849,8.68e+08,12,125000,1,0,17.8649,9013.93,0,-132.264,-137,1.58106
279822, 350.393, 5, -1,-1,-1,53.5397,3.21519,0.015849,8.68e+08,12,125000,1,0,32.4303,11472.9,0,-129.212,-137,1.58106
279824, 350.425, 3, -1,-1,-1,41.7537,-4.41958,0.015849,8.68e+08,11,125000,1,0,6.49625,16811.2,0,-135.35,-135,0.790528
279826, 350.523, 33, -1,-1,-1,47.239,17.4643,0.019953,8.68e+08,10,125000,1,0,25.1414,16431.3,0,-129.606,-133,0.436224
279833, 350.801, 25, -1,-1,-1,47.5334,10.9197,0.019953,8.68e+08,10,125000,1,0,24.8339,17773.8,0,-129.67,-133,0.436224
279835, 350.829, 56, -1,-1,-1,36.3084,12.5542,0.019953,8.68e+08,12,125000,1,0,5.17287,19252.7,0,-134.736,-137,1.58106
279837, 350.963, 53, -1,-1,-1,63.4292,-20.8181,0.019953,8.68e+08,10,125000,1,0,9.54237,-5065.96,0,-133.478,-133,0.436224
279960, 351.101, 59, -1,-1,-1,68.2639,21.0486,0.015849,8.68e+08,11,125000,1,0,26.0086,-17444.2,1,-130.429,-135,0.790528
279972, 351.523, 40, -1,-1,-1,60.8808,23.4982,0.015849,8.68e+08,12,125000,1,0,51.1696,-10324.4,0,-126.652,-137,1.58106
279979, 351.63, 9, -1,-1,-1,39.6549,24.3091,0.025119,8.68e+08,10,125000,1,0,8.87665,15452.8,0,-132.657,-133,0.436224
279982, 351.93, 6, -1,-1,-1,58.2129,16.2971,0.025119,8.68e+08,12,125000,1,0,87.7381,-731.766,1,-122.772,-137,1.58106
279985, 351.931, 58, -1,-1,-1,60.5259,-7.32063,0.025119,8.68e+08,10,125000,1,0,21.5087,-1577.83,1,-129.402,-133,0.436224
279992, 353.155, 11, -1,-1,-1,56.9993,38.0547,0.019953,8.68e+08,12,125000,1,0,22.367,-6790.38,0,-130.208,-137,1.58106
279995, 353.368, 7, -1,-1,-1,47.6351,15.354,0.015849,8.68e+08,11,125000,1,0,26.7918,16893.4,1,-130.267,-135,0.790528
280017, 355.091, 16, -1,-1,-1,42.4575,7.48746,0.019953,8.68e+08,11,125000,1,0,13.2853,18919,0,-132.436,-135,0.790528
280020, 355.195, 31, -1,-1,-1,54.7544,21.0473,0.025119,8.68e+08,11,125000,1,0,55.0368,5125.45,1,-124.278,-135,0.790528
280022, 355.217, 55, -1,-1,-1,29.3703,-15.3954,0.025119,8.68e+08,11,125000,1,0,-8.04433,16045,0,-137.689,-135,0.790528
280040, 355.771, 27, -1,-1,-1,50.6159,6.80471,0.025119,8.68e+08,12,125000,1,0,31.0805,15327.5,1,-127.45,-137,1.58106
280042, 355.791, 51, -1,-1,-1,41.8919,29.6462,0.019953,8.68e+08,10,125000,1,0,10.3304,11852.3,0,-133.247,-133,0.436224
280045, 356.21, 22, -1,-1,-1,49.8807,11.1424,0.019953,8.68e+08,11,125000,1,0,33.358,16233.7,1,-128.05,-135,0.790528
280052, 357.178, 50, -1,-1,-1,39.4666,15.4567,0.025119,8.68e+08,12,125000,1,0,10.0743,18489,0,-132.316,-137,1.58106
280060, 357.751, 37, -1,-1,-1,39.3182,23.7585,0.025119,8.68e+08,11,125000,1,0,8.94901,15568.2,1,-132.636,-135,0.790528
280068, 358.029, 4, -1,-1,-1,41.4412,12.9351,0.019953,8.68e+08,10,125000,1,0,13.244,18741.9,1,-132.446,-133,0.436224
280095, 358.994, 32, -1,-1,-1,51.2589,12.3527,0.019953,8.68e+08,11,125000,1,0,40.7528,14703.1,0,-126.906,-135,0.790528
280098, 359.102, 35, -1,-1,-1,45.7431,26.4773,0.019953,8.68e+08,10,125000,1,0,18.5476,11671.7,1,-131.093,-133,0.436224
280106, 359.482, 46, -1,-1,-1,52.8116,25.5221,0.025119,8.68e+08,12,125000,1,0,37.5878,5095.15,1,-126.369,-137,1.58106
280108, 359.623, 45, -1,-1,-1,51.1713,24.9679,0.025119,8.68e+08,11,125000,1,0,33.4904,7817.9,0,-127.028,-135,0.790528
280110, 359.646, 24, -1,-1,-1,47.5807,13.3667,0.025119,8.68e+08,12,125000,1,0,27.2825,17159.8,0,-128.168,-137,1.58106
280117, 359.864, 44, -1,-1,-1,50.511,28.5311,0.019953,8.68e+08,12,125000,1,0,26.8174,6156.24,0,-129.263,-137,1.58106
280119, 359.955, 15, -1,-1,-1,44.3496,3.32595,0.025119,8.68e+08,11,125000,1,0,14.9867,17784,0,-130.987,-135,0.790528
280136, 361.317, 42, -1,-1,-1,57.7616,26.6615,0.019953,8.68e+08,12,125000,1,0,44.6211,-5925.18,0,-126.395,-137,1.58106
280139, 361.376, 38, -1,-1,-1,44.5391,14.5207,0.025119,8.68e+08,10,125000,1,0,19.9021,18057.5,1,-129.768,-133,0.436224
280146, 361.979, 21, -1,-1,-1,39.9798,-9.60875,0.019953,8.68e+08,12,125000,1,0,2.81321,15698.8,0,-135.446,-137,1.58106
280154, 362.278, 6, -1,-1,-1,58.2129,16.2971,0.025119,8.68e+08,12,125000,1,0,81.8639,-2516.42,1,-122.843,-137,1.58106
280182, 362.723, 47, -1,-1,-1,60.7194,5.65594,0.015849,8.68e+08,11,125000,1,0,42.8383,-4846.71,1,-127.624,-135,0.790528
280185, 362.788, 23, -1,-1,-1,52.8622,11.1827,0.019953,8.68e+08,10,125000,1,0,48.6354,12664.3,1,-125.92,-133,0.436224
280187, 362.828, 19, -1,-1,-1,38.1762,0.856056,0.025119,8.68e+08,11,125000,1,0,5.65162,18784.6,0,-133.595,-135,0.790528
280194, 363.201, 26, -1,-1,-1,45.7065,9.06593,0.025119,8.68e+08,11,125000,1,0,21.2532,18283.4,0,-129.455,-135,0.790528
280196, 363.208, 13, -1,-1,-1,57.0723,-1.70621,0.015849,8.68e+08,11,125000,1,0,29.3956,3397.78,0,-129.762,-135,0.790528
280204, 363.654, 8, -1,-1,-1,60.4856,7.73014,0.025119,8.68e+08,11,125000,1,0,48.1788,-5223.5,1,-124.972,-135,0.790528
280211, 364.053, 57, -1,-1,-1,35.1402,33.8726,0.025119,8.68e+08,12,125000,1,0,1.31334,11671.4,0,-134.895,-137,1.58106
280213, 364.099, 40, -1,-1,-1,60.8808,23.4982,0.015849,8.68e+08,12,125000,1,0,47.1867,-11582.4,0,-127.085,-137,1.58106
280235, 364.583, 59, -1,-1,-1,68.2639,21.0486,0.015849,8.68e+08,11,125000,1,0,23.7256,-17697.5,0,-130.907,-135,0.790528
280237, 364.789, 2, -1,-1,-1,51.5344,12.7308,0.019953,8.68e+08,12,125000,1,0,43.9618,14237.8,0,-126.477,-137,1.58106
280250, 365.264, 30, -1,-1,-1,49.4973,17.4698,0.015849,8.68e+08,11,125000,1,0,35.5611,14441.2,1,-128.684,-135,0.790528
280262, 365.316, 20, -1,-1,-1,37.9471,-10.2414,0.015849,8.68e+08,11,125000,1,0,0.931046,15958,0,-137.014,-135,0.790528
280265, 365.749, 28, -1,-1,-1,56.1214,14.8064,0.019953,8.68e+08,10,125000,1,0,79.6869,3625.31,1,-123.89,-133,0.436224
280267, 365.767, 55, -1,-1,-1,29.3703,-15.3954,0.025119,8.68e+08,11,125000,1,0,-7.62523,16094.3,0,-137.567,-135,0.790528
280269, 365.827, 36, -1,-1,-1,43.7267,24.2592,0.019953,8.68e+08,12,125000,1,0,16.4016,13905.5,0,-131.623,-137,1.58106
280286, 366.144, 14, -1,-1,-1,53.0462,-6.68945,0.015849,8.68e+08,12,125000,1,0,18.7932,8041.55,0,-132.036,-137,1.58106
280288, 366.425, 18, -1,-1,-1,40.3252,0.458257,0.015849,8.68e+08,10,125000,1,0,8.36281,18269.4,0,-134.805,-133,0.436224
280291, 366.454, 17, -1,-1,-1,50.975,1.0294,0.019953,8.68e+08,10,125000,1,0,26.0708,12806.4,1,-129.413,-133,0.436224
280299, 366.79, 29, -1,-1,-1,50.7851,21.7882,0.015849,8.68e+08,12,125000,1,0,37.4403,10232.3,1,-128.39,-137,1.58106
280306, 366.861, 56, -1,-1,-1,36.3084,12.5542,0.019953,8.68e+08,12,125000,1,0,6.36523,19223.6,0,-134.382,-137,1.58106
280313, 366.894, 3, -1,-1,-1,41.7537,-4.41958,0.015849,8.68e+08,11,125000,1,0,7.61904,16593.3,0,-135.021,-135,0.790528
280326, 367.449, 33, -1,-1,-1,47.239,17.4643,0.019953,8.68e+08,10,125000,1,0,27.9614,15794.6,1,-129.033,-133,0.436224
280328, 367.631, 49, -1,-1,-1,46.408,9.75733,0.015849,8.68e+08,11,125000,1,0,24.0105,17898.9,0,-130.843,-135,0.790528
280341, 367.668, 34, -1,-1,-1,48.7562,19.7846,0.025119,8.68e+08,11,125000,1,0,32.0324,13534.1,1,-127.278,-135,0.790528
280343, 367.745, 52, -1,-1,-1,39.7577,32.3711,0.019953,8.68e+08,11,125000,1,0,6.95681,10774.1,0,-134.212,-135,0.790528
280360, 368.156, 10, -1,-1,-1,28.9812,30.4875,0.019953,8.68e+08,12,125000,1,0,-3.20894,14167.6,0,-137.256,-137,1.58106
280363, 368.311, 58, -1,-1,-1,60.5259,-7.32063,0.025119,8.68e+08,10,125000,1,0,21.2002,-2926.78,1,-129.47,-133,0.436224
280370, 368.426, 37, -1,-1,-1,39.3182,23.7585,0.025119,8.68e+08,11,125000,1,0,9.69777,15379.1,0,-132.422,-135,0.790528
280387, 369.245, 39, -1,-1,-1,43.5465,21.5478,0.025119,8.68e+08,12,125000,1,0,17.494,15292.3,0,-130.349,-137,1.58106
280389, 369.43, 1, -1,-1,-1,47.2765,2.22214,0.015849,8.68e+08,12,125000,1,0,20.413,16140,0,-131.649,-137,1.58106
280396, 369.562, 0, -1,-1,-1,52.8019,-0.140325,0.019953,8.68e+08,12,125000,1,0,27.8216,10011.9,0,-129.063,-137,1.58106
280399, 369.616, 48, -1,-1,-1,58.3997,11.2994,0.015849,8.68e+08,10,125000,1,0,65.8548,-2512.7,1,-125.467,-133,0.436224
280407, 369.857, 32, -1,-1,-1,51.2589,12.3527,0.019953,8.68e+08,11,125000,1,0,44.0952,14091.7,1,-126.459,-135,0.790528
280414, 369.912, 46, -1,-1,-1,52.8116,25.5221,0.025119,8.68e+08,12,125000,1,0,38.4154,3931.38,0,-126.243,-137,1.58106
280416, 369.981, 12, -1,-1,-1,52.0633,-2.10831,0.019953,8.68e+08,10,125000,1,0,23.8744,10214.9,0,-129.875,-133,0.436224
280423, 370.311, 50, -1,-1,-1,39.4666,15.4567,0.025119,8.68e+08,12,125000,1,0,11.243,18416.4,0,-131.989,-137,1.58106
280430, 370.514, 16, -1,-1,-1,42.4575,7.48746,0.019953,8.68e+08,11,125000,1,0,14.9386,18829.4,0,-131.997,-135,0.790528
280433, 370.746, 9, -1,-1,-1,39.6549,24.3091,0.025119,8.68e+08,10,125000,1,0,10.2052,14932.2,1,-132.279,-133,0.436224
280445, 371.124, 54, -1,-1,-1,33.9169,-17.5406,0.019953,8.68e+08,11,125000,1,0,-5.01106,14564.6,0,-137.803,-135,0.790528
280453, 371.448, 27, -1,-1,-1,50.6159,6.80471,0.025119,8.68e+08,12,125000,1,0,34.3162,14547,1,-126.887,-137,1.58106
280456, 371.542, 22, -1,-1,-1,49.8807,11.1424,0.019953,8.68e+08,11,125000,1,0,37.1428,15553.8,1,-127.434,-135,0.790528
280458, 371.552, 53, -1,-1,-1,63.4292,-20.8181,0.019953,8.68e+08,10,125000,1,0,9.01148,-6170.81,0,-133.627,-133,0.436224
280466, 371.656, 43, -1,-1,-1,55.6658,27.4582,0.015849,8.68e+08,10,125000,1,0,39.8073,-3198.53,1,-128.039,-133,0.436224
280474, 372.355, 41, -1,-1,-1,59.5484,25.9088,0.019953,8.68e+08,11,125000,1,0,42.7146,-10641.5,1,-126.639,-135,0.790528
280492, 373.316, 51, -1,-1,-1,41.8919,29.6462,0.019953,8.68e+08,10,125000,1,0,11.3074,11087.7,1,-132.973,-133,0.436224
280494, 373.564, 44, -1,-1,-1,50.511,28.5311,0.019953,8.68e+08,12,125000,1,0,27.6307,4890.11,0,-129.099,-137,1.58106
280501, 374.291, 11, -1,-1,-1,56.9993,38.0547,0.019953,8.68e+08,12,125000,1,0,21.0304,-8480.45,0,-130.509,-137,1.58106
280508, 374.486, 5, -1,-1,-1,53.5397,3.21519,0.015849,8.68e+08,12,125000,1,0,36.1437,9274.46,0,-128.591,-137,1.58106
280521, 374.802, 25, -1,-1,-1,47.5334,10.9197,0.019953,8.68e+08,10,125000,1,0,29.2672,17029.5,1,-128.782,-133,0.436224
280523, 375.046, 26, -1,-1,-1,45.7065,9.06593,0.025119,8.68e+08,11,125000,1,0,23.0471,17891.9,0,-129.051,-135,0.790528
280530, 375.287, 7, -1,-1,-1,47.6351,15.354,0.015849,8.68e+08,11,125000,1,0,30.9714,16016.7,0,-129.466,-135,0.790528
280532, 375.3, 15, -1,-1,-1,44.3496,3.32595,0.025119,8.68e+08,11,125000,1,0,16.6664,17578,0,-130.556,-135,0.790528
280545, 375.711, 4, -1,-1,-1,41.4412,12.9351,0.019953,8.68e+08,10,125000,1,0,15.1296,18570.8,1,-131.946,-133,0.436224
280548, 376.229, 45, -1,-1,-1,51.1713,24.9679,0.025119,8.68e+08,11,125000,1,0,35.2255,6059.83,1,-126.738,-135,0.790528
280561, 377.136, 47, -1,-1,-1,60.7194,5.65594,0.015849,8.68e+08,11,125000,1,0,41.0401,-6928.38,1,-127.865,-135,0.790528
280564, 377.283, 24, -1,-1,-1,47.5807,13.3667,0.025119,8.68e+08,12,125000,1,0,30.7632,16578.2,1,-127.504,-137,1.58106
280571, 377.539, 13, -1,-1,-1,57.0723,-1.70621,0.015849,8.68e+08,11,125000,1,0,29.818,1643.44,0,-129.68,-135,0.790528
280574, 377.968, 38, -1,-1,-1,44.5391,14.5207,0.025119,8.68e+08,10,125000,1,0,22.2473,17485.9,1,-129.227,-133,0.436224
280597, 378.458, 17, -1,-1,-1,50.975,1.0294,0.019953,8.68e+08,10,125000,1,0,27.6272,11852,1,-129.099,-133,0.436224
280615, 378.983, 35, -1,-1,-1,45.7431,26.4773,0.019953,8.68e+08,10,125000,1,0,20.1699,10463.4,1,-130.704,-133,0.436224
280622, 379.075, 3, -1,-1,-1,41.7537,-4.41958,0.015849,8.68e+08,11,125000,1,0,8.47413,16229.5,0,-134.773,-135,0.790528
280644, 379.641, 42, -1,-1,-1,57.7616,26.6615,0.019953,8.68e+08,12,125000,1,0,41.7894,-8215.3,0,-126.762,-137,1.58106
280651, 379.833, 8, -1,-1,-1,60.4856,7.73014,0.025119,8.68e+08,11,125000,1,0,45.459,-7692.3,0,-125.289,-135,0.790528
280654, 379.88, 31, -1,-1,-1,54.7544,21.0473,0.025119,8.68e+08,11,125000,1,0,58.1326,976.68,1,-124.008,-135,0.790528
280656, 379.921, 39, -1,-1,-1,43.5465,21.5478,0.025119,8.68e+08,12,125000,1,0,18.5976,14768.1,0,-130.077,-137,1.58106
280659, 379.944, 48, -1,-1,-1,58.3997,11.2994,0.015849,8.68e+08,10,125000,1,0,63.7601,-4535.59,1,-125.597,-133,0.436224
280671, 380.376, 46, -1,-1,-1,52.8116,25.5221,0.025119,8.68e+08,12,125000,1,0,39.0195,2417.47,0,-126.152,-137,1.58106
280673, 380.428, 40, -1,-1,-1,60.8808,23.4982,0.015849,8.68e+08,12,125000,1,0,42.353,-13369.6,0,-127.686,-137,1.58106
280680, 380.527, 59, -1,-1,-1,68.2639,21.0486,0.015849,8.68e+08,11,125000,1,0,21.2702,-18243.3,0,-131.452,-135,0.790528
280687, 381.097, 21, -1,-1,-1,39.9798,-9.60875,0.019953,8.68e+08,12,125000,1,0,3.84417,15138.2,0,-135.135,-137,1.58106
280694, 381.2, 36, -1,-1,-1,43.7267,24.2592,0.019953,8.68e+08,12,125000,1,0,17.7596,13041.8,0,-131.282,-137,1.58106
280702, 381.789, 23, -1,-1,-1,52.8622,11.1827,0.019953,8.68e+08,10,125000,1,0,55.7196,10619.7,1,-125.212,-133,0.436224
280704, 381.864, 57, -1,-1,-1,35.1402,33.8726,0.025119,8.68e+08,12,125000,1,0,1.97446,11123.9,0,-134.694,-137,1.58106
280707, 381.918, 27, -1,-1,-1,50.6159,6.80471,0.025119,8.68e+08,12,125000,1,0,36.6443,14040,1,-126.511,-137,1.58106
280709, 381.958, 20, -1,-1,-1,37.9471,-10.2414,0.015849,8.68e+08,11,125000,1,0,1.78264,15759.3,0,-136.755,-135,0.790528
280711, 382.1, 1, -1,-1,-1,47.2765,2.22214,0.015849,8.68e+08,12,125000,1,0,22.0258,15812.1,0,-131.279,-137,1.58106
280723, 382.469, 50, -1,-1,-1,39.4666,15.4567,0.025119,8.68e+08,12,125000,1,0,12.3758,18346.5,0,-131.677,-137,1.58106
280726, 382.997, 30, -1,-1,-1,49.4973,17.4698,0.015849,8.68e+08,11,125000,1,0,39.758,13197.7,1,-128.044,-135,0.790528
280739, 383.538, 28, -1,-1,-1,56.1214,14.8064,0.019953,8.68e+08,10,125000,1,0,88.7958,238.403,1,-123.763,-133,0.436224
280747, 383.738, 29, -1,-1,-1,50.7851,21.7882,0.015849,8.68e+08,12,125000,1,0,40.2969,8479.53,1,-127.967,-137,1.58106
280754, 383.912, 19, -1,-1,-1,38.1762,0.856056,0.025119,8.68e+08,11,125000,1,0,7.21532,18636.2,0,-133.134,-135,0.790528
280757, 383.991, 33, -1,-1,-1,47.239,17.4643,0.019953,8.68e+08,10,125000,1,0,30.9778,15032.2,1,-128.464,-133,0.436224
280759, 384.593, 52, -1,-1,-1,39.7577,32.3711,0.019953,8.68e+08,11,125000,1,0,7.67942,10077.7,0,-134.001,-135,0.790528
280791, 385.46, 53, -1,-1,-1,63.4292,-20.8181,0.019953,8.68e+08,10,125000,1,0,8.60482,-6797.93,0,-133.742,-133,0.436224
280794, 385.496, 41, -1,-1,-1,59.5484,25.9088,0.019953,8.68e+08,11,125000,1,0,39.7047,-11809.3,1,-127.052,-135,0.790528
280796, 386.047, 7, -1,-1,-1,47.6351,15.354,0.015849,8.68e+08,11,125000,1,0,33.2584,15636.7,0,-129.062,-135,0.790528
280799, 386.247, 6, -1,-1,-1,58.2129,16.2971,0.025119,8.68e+08,12,125000,1,0,68.8869,-6898.52,1,-123.297,-137,1.58106
280806, 386.452, 2, -1,-1,-1,51.5344,12.7308,0.019953,8.68e+08,12,125000,1,0,51.6064,12287.2,0,-125.602,-137,1.58106
280808, 386.791, 0, -1,-1,-1,52.8019,-0.140325,0.019953,8.68e+08,12,125000,1,0,29.6492,8615.53,0,-128.71,-137,1.58106
280820, 387.899, 10, -1,-1,-1,28.9812,30.4875,0.019953,8.68e+08,12,125000,1,0,-2.43199,13791.4,0,-137.021,-137,1.58106
280827, 388.031, 55, -1,-1,-1,29.3703,-15.3954,0.025119,8.68e+08,11,125000,1,0,-6.73358,15912.6,0,-137.306,-135,0.790528
280864, 389.116, 18, -1,-1,-1,40.3252,0.458257,0.015849,8.68e+08,10,125000,1,0,10.2195,17994.5,0,-134.274,-133,0.436224
280866, 389.276, 37, -1,-1,-1,39.3182,23.7585,0.025119,8.68e+08,11,125000,1,0,11.1939,14758.8,0,-132.001,-135,0.790528
280874, 389.412, 5, -1,-1,-1,53.5397,3.21519,0.015849,8.68e+08,12,125000,1,0,38.2996,7810.7,1,-128.258,-137,1.58106
280876, 389.545, 56, -1,-1,-1,36.3084,12.5542,0.019953,8.68e+08,12,125000,1,0,8.15567,19071.6,0,-133.858,-137,1.58106
280879, 389.611, 34, -1,-1,-1,48.7562,19.7846,0.025119,8.68e+08,11,125000,1,0,36.1138,11843.7,1,-126.593,-135,0.790528
280881, 389.696, 15, -1,-1,-1,44.3496,3.32595,0.025119,8.68e+08,11,125000,1,0,18.3501,17359.1,0,-130.137,-135,0.790528
280883, 389.708, 49, -1,-1,-1,46.408,9.75733,0.015849,8.68e+08,11,125000,1,0,27.9125,17283.9,0,-130.04,-135,0.790528
280885, 389.815, 16, -1,-1,-1,42.4575,7.48746,0.019953,8.68e+08,11,125000,1,0,17.1906,18616,0,-131.421,-135,0.790528
280888, 389.819, 12, -1,-1,-1,52.0633,-2.10831,0.019953,8.68e+08,10,125000,1,0,25.6565,8732.85,1,-129.496,-133,0.436224
280895, 390.122, 14, -1,-1,-1,53.0462,-6.68945,0.015849,8.68e+08,12,125000,1,0,20.037,6259.69,0,-131.737,-137,1.58106
280903, 390.558, 38, -1,-1,-1,44.5391,14.5207,0.025119,8.68e+08,10,125000,1,0,24.1826,17245,1,-128.803,-133,0.436224
280905, 390.616, 9, -1,-1,-1,39.6549,24.3091,0.025119,8.68e+08,10,125000,1,0,11.6203,14298,0,-131.883,-133,0.436224
280927, 391.474, 54, -1,-1,-1,33.9169,-17.5406,0.019953,8.68e+08,11,125000,1,0,-4.22493,14298.9,0,-137.567,-135,0.790528
280930, 391.614, 32, -1,-1,-1,51.2589,12.3527,0.019953,8.68e+08,11,125000,1,0,51.796,12107.4,1,-125.582,-135,0.790528
280932, 391.961, 22, -1,-1,-1,49.8807,11.1424,0.019953,8.68e+08,11,125000,1,0,42.9853,14248,0,-126.599,-135,0.790528
280960, 392.629, 23, -1,-1,-1,52.8622,11.1827,0.019953,8.68e+08,10,125000,1,0,60.1401,8973,1,-124.849,-133,0.436224
280977, 392.989, 40, -1,-1,-1,60.8808,23.4982,0.015849,8.68e+08,12,125000,1,0,38.9397,-14204.1,0,-128.162,-137,1.58106
280980, 393.106, 58, -1,-1,-1,60.5259,-7.32063,0.025119,8.68e+08,10,125000,1,0,20.4075,-5035.78,1,-129.65,-133,0.436224
280987, 393.229, 20, -1,-1,-1,37.9471,-10.2414,0.015849,8.68e+08,11,125000,1,0,2.3672,15449.4,0,-136.577,-135,0.790528
280994, 393.347, 4, -1,-1,-1,41.4412,12.9351,0.019953,8.68e+08,10,125000,1,0,17.174,18356.8,0,-131.424,-133,0.436224
280997, 393.392, 45, -1,-1,-1,51.1713,24.9679,0.025119,8.68e+08,11,125000,1,0,36.6221,4059.55,1,-126.513,-135,0.790528
281000, 393.558, 46, -1,-1,-1,52.8116,25.5221,0.025119,8.68e+08,12,125000,1,0,39.4165,761.039,1,-126.092,-137,1.58106
281007, 393.907, 26, -1,-1,-1,45.7065,9.06593,0.025119,8.68e+08,11,125000,1,0,26.2032,17446.1,0,-128.381,-135,0.790528
281009, 393.907, 57, -1,-1,-1,35.1402,33.8726,0.025119,8.68e+08,12,125000,1,0,2.41107,10615.1,0,-134.561,-137,1.58106
281016, 394.258, 11, -1,-1,-1,56.9993,38.0547,0.019953,8.68e+08,12,125000,1,0,19.6115,-9897.08,0,-130.838,-137,1.58106
281018, 394.29, 17, -1,-1,-1,50.975,1.0294,0.019953,8.68e+08,10,125000,1,0,29.6903,10767.2,0,-128.701,-133,0.436224
281026, 394.633, 48, -1,-1,-1,58.3997,11.2994,0.015849,8.68e+08,10,125000,1,0,59.6576,-6791.29,1,-125.886,-133,0.436224
281028, 394.851, 1, -1,-1,-1,47.2765,2.22214,0.015849,8.68e+08,12,125000,1,0,23.7336,15134.5,0,-130.901,-137,1.58106
281036, 395.091, 30, -1,-1,-1,49.4973,17.4698,0.015849,8.68e+08,11,125000,1,0,42.8322,11947.4,1,-127.619,-135,0.790528
281039, 395.417, 35, -1,-1,-1,45.7431,26.4773,0.019953,8.68e+08,10,125000,1,0,21.458,9373.96,1,-130.405,-133,0.436224
281057, 396.595, 43, -1,-1,-1,55.6658,27.4582,0.015849,8.68e+08,10,125000,1,0,37.6224,-6410.9,1,-128.359,-133,0.436224
281065, 397.256, 31, -1,-1,-1,54.7544,21.0473,0.025119,8.68e+08,11,125000,1,0,57.857,-1939.83,1,-124.028,-135,0.790528
281072, 397.836, 39, -1,-1,-1,43.5465,21.5478,0.025119,8.68e+08,12,125000,1,0,20.5133,14010.1,0,-129.621,-137,1.58106
281080, 398.111, 51, -1,-1,-1,41.8919,29.6462,0.019953,8.68e+08,10,125000,1,0,12.6379,9790.4,1,-132.606,-133,0.436224
281087, 398.425, 44, -1,-1,-1,50.511,28.5311,0.019953,8.68e+08,12,125000,1,0,28.6249,2229.17,0,-128.903,-137,1.58106
281090, 398.652, 13, -1,-1,-1,57.0723,-1.70621,0.015849,8.68e+08,11,125000,1,0,29.9608,-656.951,1,-129.651,-135,0.790528
281097, 399.053, 59, -1,-1,-1,68.2639,21.0486,0.015849,8.68e+08,11,125000,1,0,18.6989,-18533.8,0,-132.054,-135,0.790528
281110, 399.705, 25, -1,-1,-1,47.5334,10.9197,0.019953,8.68e+08,10,125000,1,0,34.7907,15948.7,1,-127.804,-133,0.436224
281118, 400.305, 24, -1,-1,-1,47.5807,13.3667,0.025119,8.68e+08,12,125000,1,0,36.0525,15467.1,1,-126.601,-137,1.58106
281255, 401.127, 10, -1,-1,-1,28.9812,30.4875,0.019953,8.68e+08,12,125000,1,0,-1.91338,13400.6,0,-136.864,-137,1.58106
281267, 401.778, 21, -1,-1,-1,39.9798,-9.60875,0.019953,8.68e+08,12,125000,1,0,4.98103,14959.5,0,-134.794,-137,1.58106
281274, 401.897, 47, -1,-1,-1,60.7194,5.65594,0.015849,8.68e+08,11,125000,1,0,37.2587,-9368.46,0,-128.413,-135,0.790528
281276, 401.954, 50, -1,-1,-1,39.4666,15.4567,0.025119,8.68e+08,12,125000,1,0,14.3051,18065.1,0,-131.158,-137,1.58106
281279, 401.964, 33, -1,-1,-1,47.239,17.4643,0.019953,8.68e+08,10,125000,1,0,34.5594,13975.7,1,-127.842,-133,0.436224
281306, 402.417, 36, -1,-1,-1,43.7267,24.2592,0.019953,8.68e+08,12,125000,1,0,19.6523,12124.1,0,-130.823,-137,1.58106
281314, 402.629, 8, -1,-1,-1,60.4856,7.73014,0.025119,8.68e+08,11,125000,1,0,40.9755,-9962.84,1,-125.87,-135,0.790528
281316, 402.678, 53, -1,-1,-1,63.4292,-20.8181,0.019953,8.68e+08,10,125000,1,0,8.05432,-7595.74,0,-133.899,-133,0.436224
281328, 402.873, 3, -1,-1,-1,41.7537,-4.41958,0.015849,8.68e+08,11,125000,1,0,10.2079,15937.7,0,-134.278,-135,0.790528
281330, 403.025, 42, -1,-1,-1,57.7616,26.6615,0.019953,8.68e+08,12,125000,1,0,37.613,-10466.8,0,-127.359,-137,1.58106
281332, 403.101, 7, -1,-1,-1,47.6351,15.354,0.015849,8.68e+08,11,125000,1,0,37.2409,14702.5,0,-128.414,-135,0.790528
281345, 403.197, 9, -1,-1,-1,39.6549,24.3091,0.025119,8.68e+08,10,125000,1,0,12.5313,13917.1,1,-131.633,-133,0.436224
281352, 403.313, 55, -1,-1,-1,29.3703,-15.3954,0.025119,8.68e+08,11,125000,1,0,-6.11585,15848.6,0,-137.124,-135,0.790528
281364, 403.605, 41, -1,-1,-1,59.5484,25.9088,0.019953,8.68e+08,11,125000,1,0,35.7159,-13259.4,0,-127.655,-135,0.790528
281367, 403.67, 28, -1,-1,-1,56.1214,14.8064,0.019953,8.68e+08,10,125000,1,0,78.609,-3652.91,1,-123.912,-133,0.436224
281369, 403.868, 56, -1,-1,-1,36.3084,12.5542,0.019953,8.68e+08,12,125000,1,0,9.35736,19032.8,0,-133.513,-137,1.58106
281371, 403.892, 29, -1,-1,-1,50.7851,21.7882,0.015849,8.68e+08,12,125000,1,0,43.2664,6000.46,0,-127.561,-137,1.58106
281373, 403.914, 4, -1,-1,-1,41.4412,12.9351,0.019953,8.68e+08,10,125000,1,0,18.4888,18298.1,0,-131.1,-133,0.436224
281376, 404.367, 22, -1,-1,-1,49.8807,11.1424,0.019953,8.68e+08,11,125000,1,0,47.0562,13392.3,1,-126.094,-135,0.790528
281378, 404.685, 27, -1,-1,-1,50.6159,6.80471,0.025119,8.68e+08,12,125000,1,0,42.1525,12205.3,0,-125.709,-137,1.58106
281380, 404.698, 2, -1,-1,-1,51.5344,12.7308,0.019953,8.68e+08,12,125000,1,0,59.2012,10198.6,0,-124.919,-137,1.58106
281403, 405.529, 52, -1,-1,-1,39.7577,32.3711,0.019953,8.68e+08,11,125000,1,0,8.53297,9091.32,1,-133.752,-135,0.790528
281406, 405.766, 48, -1,-1,-1,58.3997,11.2994,0.015849,8.68e+08,10,125000,1,0,56.1195,-8229.25,1,-126.174,-133,0.436224
281408, 405.84, 58, -1,-1,-1,60.5259,-7.32063,0.025119,8.68e+08,10,125000,1,0,19.8668,-5919.03,0,-129.775,-133,0.436224
281416, 406.609, 6, -1,-1,-1,58.2129,16.2971,0.025119,8.68e+08,12,125000,1,0,59.1099,-9915.36,1,-123.926,-137,1.58106
281449, 407.25, 16, -1,-1,-1,42.4575,7.48746,0.019953,8.68e+08,11,125000,1,0,19.4316,18397.8,1,-130.873,-135,0.790528
281451, 407.263, 43, -1,-1,-1,55.6658,27.4582,0.015849,8.68e+08,10,125000,1,0,36.3685,-7496.88,0,-128.551,-133,0.436224
281458, 407.432, 19, -1,-1,-1,38.1762,0.856056,0.025119,8.68e+08,11,125000,1,0,9.0797,18402.3,0,-132.594,-135,0.790528
281466, 407.586, 23, -1,-1,-1,52.8622,11.1827,0.019953,8.68e+08,10,125000,1,0,66.5161,6825.11,1,-124.423,-133,0.436224
281473, 407.851, 18, -1,-1,-1,40.3252,0.458257,0.015849,8.68e+08,10,125000,1,0,11.8592,17762.1,0,-133.817,-133,0.436224
281480, 408.291, 40, -1,-1,-1,60.8808,23.4982,0.015849,8.68e+08,12,125000,1,0,35.1451,-15101.5,0,-128.746,-137,1.58106
281483, 408.448, 46, -1,-1,-1,52.8116,25.5221,0.025119,8.68e+08,12,125000,1,0,39.3435,-1166.77,1,-126.101,-137,1.58106
281485, 408.465, 5, -1,-1,-1,53.5397,3.21519,0.015849,8.68e+08,12,125000,1,0,40.6675,5591.22,0,-127.912,-137,1.58106
281488, 408.489, 32, -1,-1,-1,51.2589,12.3527,0.019953,8.68e+08,11,125000,1,0,58.7987,10203.4,1,-124.95,-135,0.790528
281500, 408.693, 17, -1,-1,-1,50.975,1.0294,0.019953,8.68e+08,10,125000,1,0,31.535,9668.69,0,-128.362,-133,0.436224
281512, 409.018, 38, -1,-1,-1,44.5391,14.5207,0.025119,8.68e+08,10,125000,1,0,27.3003,16669.5,0,-128.158,-133,0.436224
281514, 409.151, 0, -1,-1,-1,52.8019,-0.140325,0.019953,8.68e+08,12,125000,1,0,31.7468,6442.32,0,-128.325,-137,1.58106
281522, 409.649, 15, -1,-1,-1,44.3496,3.32595,0.025119,8.68e+08,11,125000,1,0,20.8784,16871.2,1,-129.535,-135,0.790528
281524, 410.102, 57, -1,-1,-1,35.1402,33.8726,0.025119,8.68e+08,12,125000,1,0,2.98232,10067.3,0,-134.388,-137,1.58106
281531, 410.341, 44, -1,-1,-1,50.511,28.5311,0.019953,8.68e+08,12,125000,1,0,28.8461,1033.39,0,-128.859,-137,1.58106
281543, 410.821, 14, -1,-1,-1,53.0462,-6.68945,0.015849,8.68e+08,12,125000,1,0,20.8975,4621.8,0,-131.534,-137,1.58106
281551, 411.116, 49, -1,-1,-1,46.408,9.75733,0.015849,8.68e+08,11,125000,1,0,32.339,16497.4,1,-129.218,-135,0.790528
281553, 411.179, 37, -1,-1,-1,39.3182,23.7585,0.025119,8.68e+08,11,125000,1,0,12.808,13985,0,-131.557,-135,0.790528
281566, 411.406, 12, -1,-1,-1,52.0633,-2.10831,0.019953,8.68e+08,10,125000,1,0,27.3943,6867.07,1,-129.142,-133,0.436224
281578, 412.033, 54, -1,-1,-1,33.9169,-17.5406,0.019953,8.68e+08,11,125000,1,0,-3.42863,13997.6,0,-137.327,-135,0.790528
281581, 412.046, 47, -1,-1,-1,60.7194,5.65594,0.015849,8.68e+08,11,125000,1,0,35.5839,-10510.9,1,-128.675,-135,0.790528
281594, 412.145, 39, -1,-1,-1,43.5465,21.5478,0.025119,8.68e+08,12,125000,1,0,22.0925,13353.9,1,-129.258,-137,1.58106
281596, 412.255, 59, -1,-1,-1,68.2639,21.0486,0.015849,8.68e+08,11,125000,1,0,17.0234,-18632.4,0,-132.465,-135,0.790528
281613, 412.579, 20, -1,-1,-1,37.9471,-10.2414,0.015849,8.68e+08,11,125000,1,0,3.38522,15120.5,0,-136.269,-135,0.790528
281616, 412.834, 35, -1,-1,-1,45.7431,26.4773,0.019953,8.68e+08,10,125000,1,0,22.7321,8076.2,1,-130.117,-133,0.436224
281618, 412.908, 26, -1,-1,-1,45.7065,9.06593,0.025119,8.68e+08,11,125000,1,0,29.8283,16863.1,0,-127.671,-135,0.790528
281620, 412.94, 51, -1,-1,-1,41.8919,29.6462,0.019953,8.68e+08,10,125000,1,0,13.3901,9010.5,0,-132.402,-133,0.436224
281623, 413.23, 34, -1,-1,-1,48.7562,19.7846,0.025119,8.68e+08,11,125000,1,0,40.6151,9510.62,1,-125.918,-135,0.790528
281640, 413.65, 36, -1,-1,-1,43.7267,24.2592,0.019953,8.68e+08,12,125000,1,0,20.6502,11332.5,0,-130.587,-137,1.58106
281653, 414.279, 45, -1,-1,-1,51.1713,24.9679,0.025119,8.68e+08,11,125000,1,0,37.5856,1391.69,1,-126.361,-135,0.790528
281656, 414.653, 28, -1,-1,-1,56.1214,14.8064,0.019953,8.68e+08,10,125000,1,0,72.6463,-5883.8,1,-124.116,-133,0.436224
281658, 414.875, 11, -1,-1,-1,56.9993,38.0547,0.019953,8.68e+08,12,125000,1,0,18.0485,-11194.4,0,-131.212,-137,1.58106
281665, 414.952, 10, -1,-1,-1,28.9812,30.4875,0.019953,8.68e+08,12,125000,1,0,-1.37397,13149.1,0,-136.7,-137,1.58106
281672, 415.519, 1, -1,-1,-1,47.2765,2.22214,0.015849,8.68e+08,12,125000,1,0,26.6841,14156.3,0,-130.282,-137,1.58106
281675, 416.165, 30, -1,-1,-1,49.4973,17.4698,0.015849,8.68e+08,11,125000,1,0,48.462,9683.51,1,-126.932,-135,0.790528
281683, 416.491, 24, -1,-1,-1,47.5807,13.3667,0.025119,8.68e+08,12,125000,1,0,40.381,14545.8,1,-125.95,-137,1.58106
281690, 417.006, 53, -1,-1,-1,63.4292,-20.8181,0.019953,8.68e+08,10,125000,1,0,7.56149,-8436.8,0,-134.04,-133,0.436224
281697, 417.912, 42, -1,-1,-1,57.7616,26.6615,0.019953,8.68e+08,12,125000,1,0,34.8723,-12016.6,0,-127.79,-137,1.58106
281700, 418.128, 41, -1,-1,-1,59.5484,25.9088,0.019953,8.68e+08,11,125000,1,0,32.7179,-14445.1,1,-128.153,-135,0.790528
281713, 419.195, 8, -1,-1,-1,60.4856,7.73014,0.025119,8.68e+08,11,125000,1,0,37.5956,-11821.7,1,-126.359,-135,0.790528
281730, 419.997, 5, -1,-1,-1,53.5397,3.21519,0.015849,8.68e+08,12,125000,1,0,41.7778,3897.76,0,-127.757,-137,1.58106
281737, 420.235, 38, -1,-1,-1,44.5391,14.5207,0.025119,8.68e+08,10,125000,1,0,29.3784,16075.7,0,-127.754,-133,0.436224
281749, 420.57, 33, -1,-1,-1,47.239,17.4643,0.019953,8.68e+08,10,125000,1,0,38.5828,12594.9,0,-127.209,-133,0.436224
281756, 421.023, 40, -1,-1,-1,60.8808,23.4982,0.015849,8.68e+08,12,125000,1,0,32.2758,-15957.1,0,-129.229,-137,1.58106
281769, 421.267, 46, -1,-1,-1,52.8116,25.5221,0.025119,8.68e+08,12,125000,1,0,38.8422,-3058.28,1,-126.173,-137,1.58106
281776, 421.292, 19, -1,-1,-1,38.1762,0.856056,0.025119,8.68e+08,11,125000,1,0,10.2461,18334.8,0,-132.262,-135,0.790528
281788, 421.477, 52, -1,-1,-1,39.7577,32.3711,0.019953,8.68e+08,11,125000,1,0,9.14153,8322.59,0,-133.577,-135,0.790528
281791, 421.661, 25, -1,-1,-1,47.5334,10.9197,0.019953,8.68e+08,10,125000,1,0,40.6733,15019.1,1,-126.908,-133,0.436224
281793, 421.916, 29, -1,-1,-1,50.7851,21.7882,0.015849,8.68e+08,12,125000,1,0,45.184,3551.48,0,-127.316,-137,1.58106
281801, 422.055, 31, -1,-1,-1,54.7544,21.0473,0.025119,8.68e+08,11,125000,1,0,54.1278,-5662.22,1,-124.351,-135,0.790528
281803, 422.063, 7, -1,-1,-1,47.6351,15.354,0.015849,8.68e+08,11,125000,1,0,42.2231,13334.3,0,-127.696,-135,0.790528
281810, 422.264, 13, -1,-1,-1,57.0723,-1.70621,0.015849,8.68e+08,11,125000,1,0,29.4321,-2910.11,0,-129.747,-135,0.790528
281822, 422.777, 37, -1,-1,-1,39.3182,23.7585,0.025119,8.68e+08,11,125000,1,0,13.6761,13615.4,0,-131.323,-135,0.790528
281824, 422.918, 50, -1,-1,-1,39.4666,15.4567,0.025119,8.68e+08,12,125000,1,0,16.5583,17671.6,0,-130.575,-137,1.58106
281831, 423.508, 59, -1,-1,-1,68.2639,21.0486,0.015849,8.68e+08,11,125000,1,0,15.6846,-18661.4,0,-132.803,-135,0.790528
281833, 423.796, 56, -1,-1,-1,36.3084,12.5542,0.019953,8.68e+08,12,125000,1,0,11.135,18869.4,0,-133.011,-137,1.58106
281841, 424.05, 22, -1,-1,-1,49.8807,11.1424,0.019953,8.68e+08,11,125000,1,0,54.4353,11426.4,1,-125.322,-135,0.790528
281843, 424.243, 21, -1,-1,-1,39.9798,-9.60875,0.019953,8.68e+08,12,125000,1,0,6.23923,14416.5,0,-134.42,-137,1.58106
281855, 424.614, 26, -1,-1,-1,45.7065,9.06593,0.025119,8.68e+08,11,125000,1,0,32.3278,16537.7,0,-127.218,-135,0.790528
281888, 425.628, 4, -1,-1,-1,41.4412,12.9351,0.019953,8.68e+08,10,125000,1,0,21.4375,17855.7,1,-130.403,-133,0.436224
281890, 425.635, 16, -1,-1,-1,42.4575,7.48746,0.019953,8.68e+08,11,125000,1,0,22.05,18089.4,0,-130.266,-135,0.790528
281897, 425.868, 55, -1,-1,-1,29.3703,-15.3954,0.025119,8.68e+08,11,125000,1,0,-5.19578,15617.8,0,-136.85,-135,0.790528
281899, 425.933, 6, -1,-1,-1,58.2129,16.2971,0.025119,8.68e+08,12,125000,1,0,51.0944,-12157.2,0,-124.648,-137,1.58106
281901, 425.941, 14, -1,-1,-1,53.0462,-6.68945,0.015849,8.68e+08,12,125000,1,0,21.3717,3438.35,0,-131.424,-137,1.58106
281914, 426.211, 47, -1,-1,-1,60.7194,5.65594,0.015849,8.68e+08,11,125000,1,0,33.2193,-11611.2,1,-129.065,-135,0.790528
281926, 426.458, 18, -1,-1,-1,40.3252,0.458257,0.015849,8.68e+08,10,125000,1,0,13.5962,17482.7,0,-133.345,-133,0.436224
281928, 426.533, 58, -1,-1,-1,60.5259,-7.32063,0.025119,8.68e+08,10,125000,1,0,18.83,-7439.4,0,-130.02,-133,0.436224
281930, 426.634, 10, -1,-1,-1,28.9812,30.4875,0.019953,8.68e+08,12,125000,1,0,-0.920833,12946.7,0,-136.562,-137,1.58106
281938, 426.79, 23, -1,-1,-1,52.8622,11.1827,0.019953,8.68e+08,10,125000,1,0,74.213,3504.72,1,-124.052,-133,0.436224
281940, 426.881, 9, -1,-1,-1,39.6549,24.3091,0.025119,8.68e+08,10,125000,1,0,14.266,12909.2,0,-131.167,-133,0.436224
281942, 427.1, 11, -1,-1,-1,56.9993,38.0547,0.019953,8.68e+08,12,125000,1,0,17.0959,-11799.6,0,-131.446,-137,1.58106
281954, 427.447, 27, -1,-1,-1,50.6159,6.80471,0.025119,8.68e+08,12,125000,1,0,48.0993,9804.91,0,-124.971,-137,1.58106
281957, 427.489, 3, -1,-1,-1,41.7537,-4.41958,0.015849,8.68e+08,11,125000,1,0,12.091,15265.2,1,-133.753,-135,0.790528
281969, 427.81, 17, -1,-1,-1,50.975,1.0294,0.019953,8.68e+08,10,125000,1,0,33.8362,7882.93,0,-127.96,-133,0.436224
281971, 427.811, 35, -1,-1,-1,45.7431,26.4773,0.019953,8.68e+08,10,125000,1,0,23.7182,6887.28,0,-129.899,-133,0.436224
281979, 428.12, 48, -1,-1,-1,58.3997,11.2994,0.015849,8.68e+08,10,125000,1,0,48.8904,-11041.4,1,-126.883,-133,0.436224
281996, 428.812, 54, -1,-1,-1,33.9169,-17.5406,0.019953,8.68e+08,11,125000,1,0,-2.77804,13771.7,0,-137.131,-135,0.790528
281999, 428.952, 43, -1,-1,-1,55.6658,27.4582,0.015849,8.68e+08,10,125000,1,0,33.4678,-9740.74,1,-129.023,-133,0.436224
282007, 429.276, 2, -1,-1,-1,51.5344,12.7308,0.019953,8.68e+08,12,125000,1,0,71.1619,6407.46,1,-124.179,-137,1.58106
282020, 429.669, 12, -1,-1,-1,52.0633,-2.10831,0.019953,8.68e+08,10,125000,1,0,28.6074,5166.92,1,-128.902,-133,0.436224
282032, 430.179, 39, -1,-1,-1,43.5465,21.5478,0.025119,8.68e+08,12,125000,1,0,24.1253,12327.1,0,-128.81,-137,1.58106
282034, 430.238, 0, -1,-1,-1,52.8019,-0.140325,0.019953,8.68e+08,12,125000,1,0,33.2602,4165.57,0,-128.058,-137,1.58106
282041, 430.828, 49, -1,-1,-1,46.408,9.75733,0.015849,8.68e+08,11,125000,1,0,37.1205,15560.9,0,-128.429,-135,0.790528
282043, 430.921, 1, -1,-1,-1,47.2765,2.22214,0.015849,8.68e+08,12,125000,1,0,29.0213,13354.6,0,-129.822,-137,1.58106
282055, 431.221, 36, -1,-1,-1,43.7267,24.2592,0.019953,8.68e+08,12,125000,1,0,22.1805,10195.8,0,-130.237,-137,1.58106
282057, 431.308, 42, -1,-1,-1,57.7616,26.6615,0.019953,8.68e+08,12,125000,1,0,32.4487,-12953,0,-128.198,-137,1.58106
282059, 431.41, 45, -1,-1,-1,51.1713,24.9679,0.025119,8.68e+08,11,125000,1,0,37.6664,-804.45,0,-126.347,-135,0.790528
282062, 431.632, 51, -1,-1,-1,41.8919,29.6462,0.019953,8.68e+08,10,125000,1,0,14.2737,7892.35,1,-132.166,-133,0.436224
282075, 431.843, 32, -1,-1,-1,51.2589,12.3527,0.019953,8.68e+08,11,125000,1,0,70.0183,6669.71,1,-124.233,-135,0.790528
282078, 432.214, 25, -1,-1,-1,47.5334,10.9197,0.019953,8.68e+08,10,125000,1,0,43.9132,14093.8,1,-126.473,-133,0.436224
282080, 432.594, 15, -1,-1,-1,44.3496,3.32595,0.025119,8.68e+08,11,125000,1,0,24.1044,16111.3,0,-128.815,-135,0.790528
282117, 433.479, 19, -1,-1,-1,38.1762,0.856056,0.025119,8.68e+08,11,125000,1,0,11.3179,18051.3,0,-131.962,-135,0.790528
282119, 433.536, 59, -1,-1,-1,68.2639,21.0486,0.015849,8.68e+08,11,125000,1,0,14.5536,-18887.4,0,-133.095,-135,0.790528
282126, 433.634, 53, -1,-1,-1,63.4292,-20.8181,0.019953,8.68e+08,10,125000,1,0,6.95565,-9113.48,0,-134.215,-133,0.436224
282129, 433.66, 28, -1,-1,-1,56.1214,14.8064,0.019953,8.68e+08,10,125000,1,0,63.0628,-8895.15,1,-124.635,-133,0.436224
282132, 433.675, 7, -1,-1,-1,47.6351,15.354,0.015849,8.68e+08,11,125000,1,0,45.5624,12097.3,1,-127.267,-135,0.790528
282134, 433.786, 20, -1,-1,-1,37.9471,-10.2414,0.015849,8.68e+08,11,125000,1,0,4.52087,14684.6,0,-135.928,-135,0.790528
282146, 434.713, 57, -1,-1,-1,35.1402,33.8726,0.025119,8.68e+08,12,125000,1,0,3.80841,9074.04,0,-134.138,-137,1.58106
282148, 435.137, 44, -1,-1,-1,50.511,28.5311,0.019953,8.68e+08,12,125000,1,0,28.7317,-1743.1,0,-128.878,-137,1.58106
282155, 435.52, 5, -1,-1,-1,53.5397,3.21519,0.015849,8.68e+08,12,125000,1,0,42.7555,1890.69,0,-127.624,-137,1.58106
282163, 435.789, 38, -1,-1,-1,44.5391,14.5207,0.025119,8.68e+08,10,125000,1,0,32.5181,15412.4,1,-127.183,-133,0.436224
282166, 435.916, 24, -1,-1,-1,47.5807,13.3667,0.025119,8.68e+08,12,125000,1,0,46.3593,13039.9,1,-125.171,-137,1.58106
282179, 436.983, 47, -1,-1,-1,60.7194,5.65594,0.015849,8.68e+08,11,125000,1,0,31.4362,-12594.6,1,-129.375,-135,0.790528
282186, 437.132, 29, -1,-1,-1,50.7851,21.7882,0.015849,8.68e+08,12,125000,1,0,46.0197,1073.68,0,-127.212,-137,1.58106
282194, 437.801, 34, -1,-1,-1,48.7562,19.7846,0.025119,8.68e+08,11,125000,1,0,44.9122,6483.09,1,-125.347,-135,0.790528
282197, 437.814, 9, -1,-1,-1,39.6549,24.3091,0.025119,8.68e+08,10,125000,1,0,15.0694,12292.1,1,-130.955,-133,0.436224
282204, 438.339, 46, -1,-1,-1,52.8116,25.5221,0.025119,8.68e+08,12,125000,1,0,37.6101,-5182.41,0,-126.355,-137,1.58106
282226, 439.182, 41, -1,-1,-1,59.5484,25.9088,0.019953,8.68e+08,11,125000,1,0,28.7324,-15591.7,0,-128.877,-135,0.790528
282229, 439.329, 30, -1,-1,-1,49.4973,17.4698,0.015849,8.68e+08,11,125000,1,0,54.4857,6520.13,1,-126.315,-135,0.790528
282236, 439.374, 43, -1,-1,-1,55.6658,27.4582,0.015849,8.68e+08,10,125000,1,0,31.9806,-10818.5,0,-129.279,-133,0.436224
282239, 439.442, 33, -1,-1,-1,47.239,17.4643,0.019953,8.68e+08,10,125000,1,0,42.8986,10516.2,1,-126.604,-133,0.436224
282246, 439.709, 11, -1,-1,-1,56.9993,38.0547,0.019953,8.68e+08,12,125000,1,0,16.1046,-12577.6,0,-131.695,-137,1.58106
282248, 439.789, 17, -1,-1,-1,50.975,1.0294,0.019953,8.68e+08,10,125000,1,0,35.1245,6417.09,0,-127.746,-133,0.436224
282255, 440.476, 52, -1,-1,-1,39.7577,32.3711,0.019953,8.68e+08,11,125000,1,0,9.80857,7129.63,0,-133.386,-135,0.790528
282268, 440.885, 31, -1,-1,-1,54.7544,21.0473,0.025119,8.68e+08,11,125000,1,0,49.7383,-8302.01,1,-124.789,-135,0.790528
282296, 441.322, 4, -1,-1,-1,41.4412,12.9351,0.019953,8.68e+08,10,125000,1,0,23.8087,17526.9,1,-129.876,-133,0.436224
282298, 441.368, 49, -1,-1,-1,46.408,9.75733,0.015849,8.68e+08,11,125000,1,0,40.0104,15098.6,0,-127.999,-135,0.790528
282326, 441.899, 22, -1,-1,-1,49.8807,11.1424,0.019953,8.68e+08,11,125000,1,0,62.1572,9187.18,1,-124.695,-135,0.790528
282328, 441.986, 26, -1,-1,-1,45.7065,9.06593,0.025119,8.68e+08,11,125000,1,0,36.4811,15762.4,0,-126.527,-135,0.790528
282341, 442.294, 23, -1,-1,-1,52.8622,11.1827,0.019953,8.68e+08,10,125000,1,0,77.6378,679.659,1,-123.934,-133,0.436224
282343, 442.302, 40, -1,-1,-1,60.8808,23.4982,0.015849,8.68e+08,12,125000,1,0,28.0029,-16583.6,0,-130.017,-137,1.58106
282345, 442.491, 6, -1,-1,-1,58.2129,16.2971,0.025119,8.68e+08,12,125000,1,0,45.1725,-13610.7,0,-125.314,-137,1.58106
282347, 442.497, 54, -1,-1,-1,33.9169,-17.5406,0.019953,8.68e+08,11,125000,1,0,-2.24755,13613.9,0,-136.97,-135,0.790528
282349, 442.897, 56, -1,-1,-1,36.3084,12.5542,0.019953,8.68e+08,12,125000,1,0,12.9719,18683,0,-132.507,-137,1.58106
282351, 443.002, 10, -1,-1,-1,28.9812,30.4875,0.019953,8.68e+08,12,125000,1,0,-0.291281,12567.1,0,-136.37,-137,1.58106
282354, 443.01, 8, -1,-1,-1,60.4856,7.73014,0.025119,8.68e+08,11,125000,1,0,32.9092,-13353.9,1,-127.116,-135,0.790528
282361, 443.292, 50, -1,-1,-1,39.4666,15.4567,0.025119,8.68e+08,12,125000,1,0,18.9515,17201.6,0,-129.983,-137,1.58106
282363, 443.408, 0, -1,-1,-1,52.8019,-0.140325,0.019953,8.68e+08,12,125000,1,0,33.8936,2780.42,0,-127.949,-137,1.58106
282370, 443.611, 27, -1,-1,-1,50.6159,6.80471,0.025119,8.68e+08,12,125000,1,0,52.2926,7834.68,0,-124.525,-137,1.58106
282383, 444.126, 35, -1,-1,-1,45.7431,26.4773,0.019953,8.68e+08,10,125000,1,0,24.6384,5469.77,1,-129.701,-133,0.436224
282385, 444.229, 13, -1,-1,-1,57.0723,-1.70621,0.015849,8.68e+08,11,125000,1,0,28.3501,-5173.65,0,-129.95,-135,0.790528
282388, 444.549, 15, -1,-1,-1,44.3496,3.32595,0.025119,8.68e+08,11,125000,1,0,25.9358,15771.6,1,-128.429,-135,0.790528
282395, 444.816, 57, -1,-1,-1,35.1402,33.8726,0.025119,8.68e+08,12,125000,1,0,4.1302,8740.56,0,-134.041,-137,1.58106
282403, 445.034, 58, -1,-1,-1,60.5259,-7.32063,0.025119,8.68e+08,10,125000,1,0,17.7719,-8654.18,1,-130.276,-133,0.436224
282405, 445.358, 18, -1,-1,-1,40.3252,0.458257,0.015849,8.68e+08,10,125000,1,0,15.4847,17132.8,0,-132.848,-133,0.436224
282438, 447.21, 39, -1,-1,-1,43.5465,21.5478,0.025119,8.68e+08,12,125000,1,0,26.0557,11210.3,1,-128.404,-137,1.58106
282440, 447.212, 59, -1,-1,-1,68.2639,21.0486,0.015849,8.68e+08,11,125000,1,0,13.0954,-18938.5,0,-133.481,-135,0.790528
282447, 447.329, 37, -1,-1,-1,39.3182,23.7585,0.025119,8.68e+08,11,125000,1,0,15.5292,12478.1,0,-130.835,-135,0.790528
282449, 447.498, 21, -1,-1,-1,39.9798,-9.60875,0.019953,8.68e+08,12,125000,1,0,7.56243,13760,0,-134.031,-137,1.58106
282451, 447.68, 19, -1,-1,-1,38.1762,0.856056,0.025119,8.68e+08,11,125000,1,0,12.6269,17933.4,0,-131.602,-135,0.790528
282458, 447.711, 55, -1,-1,-1,29.3703,-15.3954,0.025119,8.68e+08,11,125000,1,0,-4.29544,15373.3,0,-136.581,-135,0.790528
282465, 448.062, 3, -1,-1,-1,41.7537,-4.41958,0.015849,8.68e+08,11,125000,1,0,13.7335,14639.7,0,-133.308,-135,0.790528
282478, 448.127, 28, -1,-1,-1,56.1214,14.8064,0.019953,8.68e+08,10,125000,1,0,56.5331,-10711.4,1,-125.132,-133,0.436224
282480, 448.238, 51, -1,-1,-1,41.8919,29.6462,0.019953,8.68e+08,10,125000,1,0,14.982,6842.28,0,-131.979,-133,0.436224
282493, 449.161, 7, -1,-1,-1,47.6351,15.354,0.015849,8.68e+08,11,125000,1,0,50.3063,10529.3,1,-126.726,-135,0.790528
282510, 449.539, 16, -1,-1,-1,42.4575,7.48746,0.019953,8.68e+08,11,125000,1,0,25.9357,17472.6,0,-129.427,-135,0.790528
282517, 449.666, 46, -1,-1,-1,52.8116,25.5221,0.025119,8.68e+08,12,125000,1,0,36.4984,-6406.67,0,-126.525,-137,1.58106
282519, 449.689, 29, -1,-1,-1,50.7851,21.7882,0.015849,8.68e+08,12,125000,1,0,46.0772,-674.556,0,-127.204,-137,1.58106
282522, 449.723, 25, -1,-1,-1,47.5334,10.9197,0.019953,8.68e+08,10,125000,1,0,49.9772,12627,1,-125.761,-133,0.436224
282524, 449.989, 53, -1,-1,-1,63.4292,-20.8181,0.019953,8.68e+08,10,125000,1,0,6.32987,-9731.04,0,-134.397,-133,0.436224
282552, 450.823, 2, -1,-1,-1,51.5344,12.7308,0.019953,8.68e+08,12,125000,1,0,82.9762,2442.36,1,-123.809,-137,1.58106
282554, 450.867, 14, -1,-1,-1,53.0462,-6.68945,0.015849,8.68e+08,12,125000,1,0,21.8232,1207.9,0,-131.318,-137,1.58106
282557, 450.977, 45, -1,-1,-1,51.1713,24.9679,0.025119,8.68e+08,11,125000,1,0,36.9604,-3316.03,1,-126.452,-135,0.790528
282680, 451.229, 48, -1,-1,-1,58.3997,11.2994,0.015849,8.68e+08,10,125000,1,0,42.0006,-13276.9,1,-127.722,-133,0.436224
282692, 451.376, 49, -1,-1,-1,46.408,9.75733,0.015849,8.68e+08,11,125000,1,0,42.9996,14241.3,0,-127.589,-135,0.790528
282699, 451.925, 11, -1,-1,-1,56.9993,38.0547,0.019953,8.68e+08,12,125000,1,0,15.1427,-13073.4,0,-131.941,-137,1.58106
282706, 452.086, 20, -1,-1,-1,37.9471,-10.2414,0.015849,8.68e+08,11,125000,1,0,5.51584,14292.2,0,-135.63,-135,0.790528
282708, 452.133, 1, -1,-1,-1,47.2765,2.22214,0.015849,8.68e+08,12,125000,1,0,32.391,11879.4,0,-129.204,-137,1.58106
282725, 452.909, 36, -1,-1,-1,43.7267,24.2592,0.019953,8.68e+08,12,125000,1,0,23.9612,8536.76,0,-129.843,-137,1.58106
282737, 453.344, 22, -1,-1,-1,49.8807,11.1424,0.019953,8.68e+08,11,125000,1,0,67.5869,7205.88,0,-124.355,-135,0.790528
282744, 453.447, 31, -1,-1,-1,54.7544,21.0473,0.025119,8.68e+08,11,125000,1,0,46.5372,-10062.2,0,-125.148,-135,0.790528
282746, 453.463, 50, -1,-1,-1,39.4666,15.4567,0.025119,8.68e+08,12,125000,1,0,20.2302,16807.6,0,-129.678,-137,1.58106
282749, 453.577, 5, -1,-1,-1,53.5397,3.21519,0.015849,8.68e+08,12,125000,1,0,43.0161,-581.576,1,-127.587,-137,1.58106
282751, 453.632, 12, -1,-1,-1,52.0633,-2.10831,0.019953,8.68e+08,10,125000,1,0,29.6993,2642.22,0,-128.692,-133,0.436224
282753, 453.736, 40, -1,-1,-1,60.8808,23.4982,0.015849,8.68e+08,12,125000,1,0,25.945,-17126.5,0,-130.428,-137,1.58106
282761, 453.879, 17, -1,-1,-1,50.975,1.0294,0.019953,8.68e+08,10,125000,1,0,36.4118,4927.66,1,-127.538,-133,0.436224
282769, 454.651, 34, -1,-1,-1,48.7562,19.7846,0.025119,8.68e+08,11,125000,1,0,47.1893,4196.55,1,-125.071,-135,0.790528
282771, 454.796, 56, -1,-1,-1,36.3084,12.5542,0.019953,8.68e+08,12,125000,1,0,14.1916,18407.1,0,-132.181,-137,1.58106
282784, 455.281, 33, -1,-1,-1,47.239,17.4643,0.019953,8.68e+08,10,125000,1,0,46.5407,8786.64,1,-126.147,-133,0.436224
282787, 455.616, 42, -1,-1,-1,57.7616,26.6615,0.019953,8.68e+08,12,125000,1,0,28.2796,-14536.5,1,-128.962,-137,1.58106
282790, 455.796, 32, -1,-1,-1,51.2589,12.3527,0.019953,8.68e+08,11,125000,1,0,82.9104,2234.99,1,-123.809,-135,0.790528
282798, 456.311, 9, -1,-1,-1,39.6549,24.3091,0.025119,8.68e+08,10,125000,1,0,16.4193,11356.8,1,-130.607,-133,0.436224
282831, 457.765, 38, -1,-1,-1,44.5391,14.5207,0.025119,8.68e+08,10,125000,1,0,37.52,14067.1,1,-126.364,-133,0.436224
282833, 457.906, 10, -1,-1,-1,28.9812,30.4875,0.019953,8.68e+08,12,125000,1,0,0.275101,12037.1,0,-136.198,-137,1.58106
282845, 458.041, 13, -1,-1,-1,57.0723,-1.70621,0.015849,8.68e+08,11,125000,1,0,27.4309,-6704.53,0,-130.128,-135,0.790528
282852, 458.173, 44, -1,-1,-1,50.511,28.5311,0.019953,8.68e+08,12,125000,1,0,27.9515,-4229.37,0,-129.026,-137,1.58106
282855, 458.358, 30, -1,-1,-1,49.4973,17.4698,0.015849,8.68e+08,11,125000,1,0,58.3507,3534.39,1,-125.979,-135,0.790528
282858, 458.381, 28, -1,-1,-1,56.1214,14.8064,0.019953,8.68e+08,10,125000,1,0,52.3264,-12084.3,1,-125.519,-133,0.436224
282860, 458.386, 43, -1,-1,-1,55.6658,27.4582,0.015849,8.68e+08,10,125000,1,0,29.2264,-12297.5,0,-129.78,-133,0.436224
282863, 458.422, 24, -1,-1,-1,47.5807,13.3667,0.025119,8.68e+08,12,125000,1,0,54.4554,10649.5,1,-124.315,-137,1.58106
282865, 458.926, 59, -1,-1,-1,68.2639,21.0486,0.015849,8.68e+08,11,125000,1,0,11.9158,-19164.2,0,-133.8,-135,0.790528
282887, 459.846, 54, -1,-1,-1,33.9169,-17.5406,0.019953,8.68e+08,11,125000,1,0,-1.5762,13084.6,0,-136.766,-135,0.790528
282895, 460.072, 41, -1,-1,-1,59.5484,25.9088,0.019953,8.68e+08,11,125000,1,0,25.1936,-16472.3,1,-129.582,-135,0.790528
282917, 460.887, 19, -1,-1,-1,38.1762,0.856056,0.025119,8.68e+08,11,125000,1,0,13.9078,17815.7,0,-131.257,-135,0.790528
282930, 461.159, 27, -1,-1,-1,50.6159,6.80471,0.025119,8.68e+08,12,125000,1,0,56.2881,4894.11,1,-124.151,-137,1.58106
282933, 461.41, 7, -1,-1,-1,47.6351,15.354,0.015849,8.68e+08,11,125000,1,0,54.1954,9145.75,1,-126.339,-135,0.790528
282935, 461.418, 21, -1,-1,-1,39.9798,-9.60875,0.019953,8.68e+08,12,125000,1,0,8.36153,13170.3,0,-133.798,-137,1.58106
282942, 461.555, 47, -1,-1,-1,60.7194,5.65594,0.015849,8.68e+08,11,125000,1,0,27.524,-13886.4,0,-130.108,-135,0.790528
282945, 461.583, 58, -1,-1,-1,60.5259,-7.32063,0.025119,8.68e+08,10,125000,1,0,16.7489,-9616.92,1,-130.528,-133,0.436224
282947, 461.607, 29, -1,-1,-1,50.7851,21.7882,0.015849,8.68e+08,12,125000,1,0,45.5932,-2302.07,0,-127.26,-137,1.58106
282949, 461.774, 37, -1,-1,-1,39.3182,23.7585,0.025119,8.68e+08,11,125000,1,0,16.6166,11797.7,0,-130.557,-135,0.790528
282961, 462.077, 57, -1,-1,-1,35.1402,33.8726,0.025119,8.68e+08,12,125000,1,0,4.65282,8016.56,0,-133.884,-137,1.58106
282964, 462.273, 23, -1,-1,-1,52.8622,11.1827,0.019953,8.68e+08,10,125000,1,0,74.2824,-3117.31,1,-124.044,-133,0.436224
282986, 463.017, 46, -1,-1,-1,52.8116,25.5221,0.025119,8.68e+08,12,125000,1,0,34.9618,-7794.16,0,-126.769,-137,1.58106
282994, 463.284, 18, -1,-1,-1,40.3252,0.458257,0.015849,8.68e+08,10,125000,1,0,17.4047,16743.6,1,-132.36,-133,0.436224
283001, 463.415, 52, -1,-1,-1,39.7577,32.3711,0.019953,8.68e+08,11,125000,1,0,10.5126,5955.13,0,-133.186,-135,0.790528
283003, 463.417, 26, -1,-1,-1,45.7065,9.06593,0.025119,8.68e+08,11,125000,1,0,42.4744,14406.5,0,-125.656,-135,0.790528
283005, 463.446, 1, -1,-1,-1,47.2765,2.22214,0.015849,8.68e+08,12,125000,1,0,34.2251,11113,0,-128.89,-137,1.58106
283008, 463.736, 51, -1,-1,-1,41.8919,29.6462,0.019953,8.68e+08,10,125000,1,0,15.5632,5813.18,1,-131.827,-133,0.436224
283015, 463.886, 45, -1,-1,-1,51.1713,24.9679,0.025119,8.68e+08,11,125000,1,0,36.0743,-4802.8,0,-126.59,-135,0.790528
283022, 464.005, 6, -1,-1,-1,58.2129,16.2971,0.025119,8.68e+08,12,125000,1,0,38.6264,-15145.6,0,-126.197,-137,1.58106
283025, 464.298, 4, -1,-1,-1,41.4412,12.9351,0.019953,8.68e+08,10,125000,1,0,27.7181,16771.5,1,-129.067,-133,0.436224
283043, 465.029, 25, -1,-1,-1,47.5334,10.9197,0.019953,8.68e+08,10,125000,1,0,56.0601,11062.7,1,-125.17,-133,0.436224
283045, 465.411, 48, -1,-1,-1,58.3997,11.2994,0.015849,8.68e+08,10,125000,1,0,38.2094,-14222,0,-128.259,-133,0.436224
283052, 465.509, 11, -1,-1,-1,56.9993,38.0547,0.019953,8.68e+08,12,125000,1,0,14.0782,-13590.1,0,-132.218,-137,1.58106
283060, 465.548, 31, -1,-1,-1,54.7544,21.0473,0.025119,8.68e+08,11,125000,1,0,43.4361,-11229,1,-125.53,-135,0.790528
283072, 466.3, 20, -1,-1,-1,37.9471,-10.2414,0.015849,8.68e+08,11,125000,1,0,6.29675,14006.9,0,-135.398,-135,0.790528
283105, 466.745, 17, -1,-1,-1,50.975,1.0294,0.019953,8.68e+08,10,125000,1,0,37.3083,3510.25,1,-127.396,-133,0.436224
283107, 466.901, 16, -1,-1,-1,42.4575,7.48746,0.019953,8.68e+08,11,125000,1,0,29.1786,16973.3,0,-128.785,-135,0.790528
283109, 466.984, 53, -1,-1,-1,63.4292,-20.8181,0.019953,8.68e+08,10,125000,1,0,5.65393,-10337,0,-134.595,-133,0.436224
283111, 467.077, 14, -1,-1,-1,53.0462,-6.68945,0.015849,8.68e+08,12,125000,1,0,21.8783,-166.403,0,-131.303,-137,1.58106
283113, 467.122, 9, -1,-1,-1,39.6549,24.3091,0.025119,8.68e+08,10,125000,1,0,17.1951,10840,0,-130.411,-133,0.436224
283115, 467.313, 8, -1,-1,-1,60.4856,7.73014,0.025119,8.68e+08,11,125000,1,0,28.5289,-14831.6,0,-127.911,-135,0.790528
283117, 467.44, 0, -1,-1,-1,52.8019,-0.140325,0.019953,8.68e+08,12,125000,1,0,34.3063,-133.557,0,-127.876,-137,1.58106
283120, 467.448, 22, -1,-1,-1,49.8807,11.1424,0.019953,8.68e+08,11,125000,1,0,74.6136,4933.36,1,-124.031,-135,0.790528
283132, 468.185, 2, -1,-1,-1,51.5344,12.7308,0.019953,8.68e+08,12,125000,1,0,86.9809,-894.022,0,-123.759,-137,1.58106
283135, 468.202, 35, -1,-1,-1,45.7431,26.4773,0.019953,8.68e+08,10,125000,1,0,25.6191,3103.83,1,-129.492,-133,0.436224
283153, 469.174, 32, -1,-1,-1,51.2589,12.3527,0.019953,8.68e+08,11,125000,1,0,87.7508,-226.139,1,-123.754,-135,0.790528
283155, 469.311, 24, -1,-1,-1,47.5807,13.3667,0.025119,8.68e+08,12,125000,1,0,58.8011,9434.48,0,-123.941,-137,1.58106
283157, 469.378, 15, -1,-1,-1,44.3496,3.32595,0.025119,8.68e+08,11,125000,1,0,30.0963,14521.2,0,-127.614,-135,0.790528
283195, 470.46, 30, -1,-1,-1,49.4973,17.4698,0.015849,8.68e+08,11,125000,1,0,59.7555,1632.58,1,-125.867,-135,0.790528
283197, 470.477, 39, -1,-1,-1,43.5465,21.5478,0.025119,8.68e+08,12,125000,1,0,28.6161,9315.23,0,-127.893,-137,1.58106
283204, 470.745, 55, -1,-1,-1,29.3703,-15.3954,0.025119,8.68e+08,11,125000,1,0,-3.33646,15068.5,0,-136.292,-135,0.790528
283206, 470.763, 59, -1,-1,-1,68.2639,21.0486,0.015849,8.68e+08,11,125000,1,0,10.7821,-19152.2,0,-134.113,-135,0.790528
283208, 471.102, 40, -1,-1,-1,60.8808,23.4982,0.015849,8.68e+08,12,125000,1,0,23.093,-17579.6,0,-131.031,-137,1.58106
283221, 471.491, 3, -1,-1,-1,41.7537,-4.41958,0.015849,8.68e+08,11,125000,1,0,15.6726,13753.1,1,-132.798,-135,0.790528
283228, 471.518, 36, -1,-1,-1,43.7267,24.2592,0.019953,8.68e+08,12,125000,1,0,25.324,6966.59,0,-129.553,-137,1.58106
283230, 471.892, 42, -1,-1,-1,57.7616,26.6615,0.019953,8.68e+08,12,125000,1,0,25.6952,-15300.1,0,-129.477,-137,1.58106
283233, 471.981, 27, -1,-1,-1,50.6159,6.80471,0.025119,8.68e+08,12,125000,1,0,58.1386,3353.37,1,-123.994,-137,1.58106
283236, 472.284, 49, -1,-1,-1,46.408,9.75733,0.015849,8.68e+08,11,125000,1,0,50.1132,12429.1,1,-126.743,-135,0.790528
283248, 472.927, 5, -1,-1,-1,53.5397,3.21519,0.015849,8.68e+08,12,125000,1,0,42.2091,-3228.74,0,-127.691,-137,1.58106
283255, 472.968, 50, -1,-1,-1,39.4666,15.4567,0.025119,8.68e+08,12,125000,1,0,22.8551,16186.7,0,-129.079,-137,1.58106
283257, 473.28, 28, -1,-1,-1,56.1214,14.8064,0.019953,8.68e+08,10,125000,1,0,46.814,-13419.1,0,-126.112,-133,0.436224
283259, 473.372, 33, -1,-1,-1,47.239,17.4643,0.019953,8.68e+08,10,125000,1,0,50.3843,6420.44,0,-125.715,-133,0.436224
283267, 473.597, 7, -1,-1,-1,47.6351,15.354,0.015849,8.68e+08,11,125000,1,0,58.012,7184.68,1,-126.004,-135,0.790528
283280, 474.289, 12, -1,-1,-1,52.0633,-2.10831,0.019953,8.68e+08,10,125000,1,0,30.0821,403.533,1,-128.618,-133,0.436224
283283, 474.509, 47, -1,-1,-1,60.7194,5.65594,0.015849,8.68e+08,11,125000,1,0,25.5801,-14744.6,1,-130.499,-135,0.790528
283291, 475.082, 10, -1,-1,-1,28.9812,30.4875,0.019953,8.68e+08,12,125000,1,0,0.917529,11565.2,1,-136.002,-137,1.58106
283299, 475.237, 18, -1,-1,-1,40.3252,0.458257,0.015849,8.68e+08,10,125000,1,0,18.761,16261.2,1,-132.026,-133,0.436224
283317, 476.26, 25, -1,-1,-1,47.5334,10.9197,0.019953,8.68e+08,10,125000,1,0,61.0173,9385.41,1,-124.771,-133,0.436224
283324, 476.53, 48, -1,-1,-1,58.3997,11.2994,0.015849,8.68e+08,10,125000,1,0,35.475,-15100.8,0,-128.682,-133,0.436224
283336, 476.682, 29, -1,-1,-1,50.7851,21.7882,0.015849,8.68e+08,12,125000,1,0,44.2981,-4699.54,0,-127.419,-137,1.58106
283339, 477.117, 51, -1,-1,-1,41.8919,29.6462,0.019953,8.68e+08,10,125000,1,0,15.9931,4711.73,1,-131.715,-133,0.436224
283342, 477.117, 41, -1,-1,-1,59.5484,25.9088,0.019953,8.68e+08,11,125000,1,0,22.5867,-16999.7,1,-130.142,-135,0.790528
283359, 477.502, 56, -1,-1,-1,36.3084,12.5542,0.019953,8.68e+08,12,125000,1,0,16.7049,18034.8,0,-131.53,-137,1.58106
283367, 477.879, 38, -1,-1,-1,44.5391,14.5207,0.025119,8.68e+08,10,125000,1,0,42.7094,12481,1,-125.623,-133,0.436224
283369, 477.911, 9, -1,-1,-1,39.6549,24.3091,0.025119,8.68e+08,10,125000,1,0,17.9529,10073.9,0,-130.222,-133,0.436224
283371, 477.922, 53, -1,-1,-1,63.4292,-20.8181,0.019953,8.68e+08,10,125000,1,0,5.20756,-10861.9,0,-134.726,-133,0.436224
283378, 478.234, 6, -1,-1,-1,58.2129,16.2971,0.025119,8.68e+08,12,125000,1,0,34.904,-16140.2,0,-126.775,-137,1.58106
283381, 478.773, 34, -1,-1,-1,48.7562,19.7846,0.025119,8.68e+08,11,125000,1,0,48.7743,484.37,1,-124.888,-135,0.790528
283388, 479.221, 46, -1,-1,-1,52.8116,25.5221,0.025119,8.68e+08,12,125000,1,0,32.8736,-9643.66,0,-127.117,-137,1.58106
283391, 479.399, 58, -1,-1,-1,60.5259,-7.32063,0.025119,8.68e+08,10,125000,1,0,15.5922,-10846.7,1,-130.82,-133,0.436224
283409, 480.474, 23, -1,-1,-1,52.8622,11.1827,0.019953,8.68e+08,10,125000,1,0,67.0173,-6276.26,1,-124.383,-133,0.436224
283412, 480.489, 8, -1,-1,-1,60.4856,7.73014,0.025119,8.68e+08,11,125000,1,0,26.3479,-15638.4,1,-128.341,-135,0.790528
283429, 480.985, 54, -1,-1,-1,33.9169,-17.5406,0.019953,8.68e+08,11,125000,1,0,-0.76169,12883.5,0,-136.518,-135,0.790528
283437, 481.575, 15, -1,-1,-1,44.3496,3.32595,0.025119,8.68e+08,11,125000,1,0,32.3196,13929.1,1,-127.212,-135,0.790528
283440, 481.623, 4, -1,-1,-1,41.4412,12.9351,0.019953,8.68e+08,10,125000,1,0,31.0726,16107.7,1,-128.432,-133,0.436224
283452, 482.236, 42, -1,-1,-1,57.7616,26.6615,0.019953,8.68e+08,12,125000,1,0,24.1442,-15623,0,-129.802,-137,1.58106
283454, 482.385, 44, -1,-1,-1,50.511,28.5311,0.019953,8.68e+08,12,125000,1,0,26.5405,-6425.76,0,-129.303,-137,1.58106
283466, 482.612, 13, -1,-1,-1,57.0723,-1.70621,0.015849,8.68e+08,11,125000,1,0,25.4642,-8573.75,0,-130.523,-135,0.790528
283474, 483.11, 43, -1,-1,-1,55.6658,27.4582,0.015849,8.68e+08,10,125000,1,0,25.7181,-13679.9,1,-130.471,-133,0.436224
283477, 483.319, 49, -1,-1,-1,46.408,9.75733,0.015849,8.68e+08,11,125000,1,0,54.3863,11428.6,1,-126.318,-135,0.790528
283479, 483.328, 1, -1,-1,-1,47.2765,2.22214,0.015849,8.68e+08,12,125000,1,0,37.4014,9261.21,0,-128.38,-137,1.58106
283481, 483.357, 16, -1,-1,-1,42.4575,7.48746,0.019953,8.68e+08,11,125000,1,0,32.6521,16388.1,0,-128.153,-135,0.790528
283524, 484.187, 35, -1,-1,-1,45.7431,26.4773,0.019953,8.68e+08,10,125000,1,0,25.9743,1536.57,1,-129.417,-133,0.436224
283526, 484.211, 22, -1,-1,-1,49.8807,11.1424,0.019953,8.68e+08,11,125000,1,0,82.3853,1863.39,0,-123.814,-135,0.790528
283528, 484.286, 45, -1,-1,-1,51.1713,24.9679,0.025119,8.68e+08,11,125000,1,0,34.1379,-7136.5,0,-126.902,-135,0.790528
283540, 484.503, 19, -1,-1,-1,38.1762,0.856056,0.025119,8.68e+08,11,125000,1,0,16.3696,17337.2,0,-130.616,-135,0.790528
283542, 484.55, 26, -1,-1,-1,45.7065,9.06593,0.025119,8.68e+08,11,125000,1,0,49.5053,12603.1,0,-124.807,-135,0.790528
283549, 484.97, 57, -1,-1,-1,35.1402,33.8726,0.025119,8.68e+08,12,125000,1,0,5.28534,6936.07,0,-133.694,-137,1.58106
283551, 485.318, 50, -1,-1,-1,39.4666,15.4567,0.025119,8.68e+08,12,125000,1,0,24.643,15808.6,0,-128.691,-137,1.58106
283553, 485.538, 14, -1,-1,-1,53.0462,-6.68945,0.015849,8.68e+08,12,125000,1,0,21.7071,-1768.9,0,-131.339,-137,1.58106
283560, 485.987, 36, -1,-1,-1,43.7267,24.2592,0.019953,8.68e+08,12,125000,1,0,26.2299,5692.23,0,-129.364,-137,1.58106
283567, 486.057, 21, -1,-1,-1,39.9798,-9.60875,0.019953,8.68e+08,12,125000,1,0,9.78021,12530.9,0,-133.391,-137,1.58106
283575, 486.334, 37, -1,-1,-1,39.3182,23.7585,0.025119,8.68e+08,11,125000,1,0,18.4236,10321.5,1,-130.106,-135,0.790528
283578, 486.52, 27, -1,-1,-1,50.6159,6.80471,0.025119,8.68e+08,12,125000,1,0,59.4786,1025.52,1,-123.886,-137,1.58106
283585, 486.797, 52, -1,-1,-1,39.7577,32.3711,0.019953,8.68e+08,11,125000,1,0,11.0943,4481.22,0,-133.021,-135,0.790528
283603, 487.776, 31, -1,-1,-1,54.7544,21.0473,0.025119,8.68e+08,11,125000,1,0,37.984,-13231.9,1,-126.29,-135,0.790528
283605, 487.883, 11, -1,-1,-1,56.9993,38.0547,0.019953,8.68e+08,12,125000,1,0,12.3512,-14452.2,0,-132.68,-137,1.58106
283607, 488.348, 5, -1,-1,-1,53.5397,3.21519,0.015849,8.68e+08,12,125000,1,0,40.8532,-5156.61,0,-127.874,-137,1.58106
283610, 488.385, 2, -1,-1,-1,51.5344,12.7308,0.019953,8.68e+08,12,125000,1,0,75.6471,-4740.13,1,-123.99,-137,1.58106
283612, 488.488, 0, -1,-1,-1,52.8019,-0.140325,0.019953,8.68e+08,12,125000,1,0,33.8357,-2640.24,0,-127.952,-137,1.58106
283649, 490.11, 59, -1,-1,-1,68.2639,21.0486,0.015849,8.68e+08,11,125000,1,0,9.04046,-19253.6,0,-134.603,-135,0.790528
283652, 490.17, 7, -1,-1,-1,47.6351,15.354,0.015849,8.68e+08,11,125000,1,0,62.6013,4600.05,1,-125.657,-135,0.790528
283654, 490.205, 53, -1,-1,-1,63.4292,-20.8181,0.019953,8.68e+08,10,125000,1,0,4.69757,-11182.1,0,-134.877,-133,0.436224
283656, 490.266, 20, -1,-1,-1,37.9471,-10.2414,0.015849,8.68e+08,11,125000,1,0,7.62484,13282.4,0,-135.008,-135,0.790528
283658, 490.354, 41, -1,-1,-1,59.5484,25.9088,0.019953,8.68e+08,11,125000,1,0,20.7183,-17285.2,0,-130.564,-135,0.790528
283666, 490.974, 24, -1,-1,-1,47.5807,13.3667,0.025119,8.68e+08,12,125000,1,0,67.8804,6091.58,1,-123.334,-137,1.58106
283683, 491.297, 6, -1,-1,-1,58.2129,16.2971,0.025119,8.68e+08,12,125000,1,0,31.8453,-16608.3,0,-127.294,-137,1.58106
283690, 491.423, 18, -1,-1,-1,40.3252,0.458257,0.015849,8.68e+08,10,125000,1,0,20.7009,15802.1,0,-131.565,-133,0.436224
283693, 491.639, 17, -1,-1,-1,50.975,1.0294,0.019953,8.68e+08,10,125000,1,0,38.0975,274.8,1,-127.273,-133,0.436224
283700, 492.024, 47, -1,-1,-1,60.7194,5.65594,0.015849,8.68e+08,11,125000,1,0,23.098,-15466.9,0,-131.026,-135,0.790528
283713, 492.114, 30, -1,-1,-1,49.4973,17.4698,0.015849,8.68e+08,11,125000,1,0,59.4614,-2158.82,1,-125.886,-135,0.790528
283715, 492.294, 40, -1,-1,-1,60.8808,23.4982,0.015849,8.68e+08,12,125000,1,0,19.9948,-18062.6,0,-131.733,-137,1.58106
283717, 492.31, 58, -1,-1,-1,60.5259,-7.32063,0.025119,8.68e+08,10,125000,1,0,14.7308,-11402.7,0,-131.042,-133,0.436224
283730, 492.543, 12, -1,-1,-1,52.0633,-2.10831,0.019953,8.68e+08,10,125000,1,0,29.95,-1553.44,1,-128.64,-133,0.436224
283753, 493.441, 32, -1,-1,-1,51.2589,12.3527,0.019953,8.68e+08,11,125000,1,0,75.2729,-4952.33,1,-124.003,-135,0.790528
283760, 493.69, 42, -1,-1,-1,57.7616,26.6615,0.019953,8.68e+08,12,125000,1,0,22.5081,-16201.3,0,-130.157,-137,1.58106
283763, 493.755, 33, -1,-1,-1,47.239,17.4643,0.019953,8.68e+08,10,125000,1,0,53.6277,3323.72,1,-125.387,-133,0.436224
283770, 494.052, 28, -1,-1,-1,56.1214,14.8064,0.019953,8.68e+08,10,125000,1,0,40.2058,-14986.7,0,-126.964,-133,0.436224
283772, 494.071, 56, -1,-1,-1,36.3084,12.5542,0.019953,8.68e+08,12,125000,1,0,18.7163,17763.7,0,-131.032,-137,1.58106
283774, 494.11, 39, -1,-1,-1,43.5465,21.5478,0.025119,8.68e+08,12,125000,1,0,30.9511,7039.42,0,-127.454,-137,1.58106
283776, 494.131, 3, -1,-1,-1,41.7537,-4.41958,0.015849,8.68e+08,11,125000,1,0,17.5987,12739.9,0,-132.31,-135,0.790528
283778, 494.297, 51, -1,-1,-1,41.8919,29.6462,0.019953,8.68e+08,10,125000,1,0,16.434,3441.91,0,-131.602,-133,0.436224
283795, 494.716, 29, -1,-1,-1,50.7851,21.7882,0.015849,8.68e+08,12,125000,1,0,41.9624,-7040.13,0,-127.721,-137,1.58106
283818, 495.194, 25, -1,-1,-1,47.5334,10.9197,0.019953,8.68e+08,10,125000,1,0,70.2974,6509.06,1,-124.209,-133,0.436224
283820, 495.286, 55, -1,-1,-1,29.3703,-15.3954,0.025119,8.68e+08,11,125000,1,0,-2.30488,14685.4,0,-135.98,-135,0.790528
283822, 495.299, 43, -1,-1,-1,55.6658,27.4582,0.015849,8.68e+08,10,125000,1,0,24.0592,-14476.8,0,-130.818,-133,0.436224
283834, 495.934, 35, -1,-1,-1,45.7431,26.4773,0.019953,8.68e+08,10,125000,1,0,26.0697,191.18,0,-129.396,-133,0.436224
283837, 495.948, 49, -1,-1,-1,46.408,9.75733,0.015849,8.68e+08,11,125000,1,0,59.7342,9597,1,-125.864,-135,0.790528
283844, 495.984, 9, -1,-1,-1,39.6549,24.3091,0.025119,8.68e+08,10,125000,1,0,19.1677,8899.17,0,-129.926,-133,0.436224
283846, 496.022, 10, -1,-1,-1,28.9812,30.4875,0.019953,8.68e+08,12,125000,1,0,1.68185,10900.2,0,-135.77,-137,1.58106
283848, 496.248, 44, -1,-1,-1,50.511,28.5311,0.019953,8.68e+08,12,125000,1,0,25.5228,-7846.2,0,-129.51,-137,1.58106
283850, 496.332, 1, -1,-1,-1,47.2765,2.22214,0.015849,8.68e+08,12,125000,1,0,39.3502,7629.97,0,-128.087,-137,1.58106
283857, 497.544, 46, -1,-1,-1,52.8116,25.5221,0.025119,8.68e+08,12,125000,1,0,30.3581,-11214.2,0,-127.563,-137,1.58106
283860, 497.558, 15, -1,-1,-1,44.3496,3.32595,0.025119,8.68e+08,11,125000,1,0,35.3974,12554.9,1,-126.692,-135,0.790528
283873, 498.143, 48, -1,-1,-1,58.3997,11.2994,0.015849,8.68e+08,10,125000,1,0,30.7171,-16202.1,1,-129.496,-133,0.436224
283886, 498.813, 4, -1,-1,-1,41.4412,12.9351,0.019953,8.68e+08,10,125000,1,0,34.804,14973.5,1,-127.787,-133,0.436224
283899, 499.251, 38, -1,-1,-1,44.5391,14.5207,0.025119,8.68e+08,10,125000,1,0,48.7746,10274.4,1,-124.884,-133,0.436224
283906, 499.585, 52, -1,-1,-1,39.7577,32.3711,0.019953,8.68e+08,11,125000,1,0,11.3464,3542.52,0,-132.95,-135,0.790528
283909, 499.623, 16, -1,-1,-1,42.4575,7.48746,0.019953,8.68e+08,11,125000,1,0,36.5402,15327.4,1,-127.509,-135,0.790528
283912, 499.669, 36, -1,-1,-1,43.7267,24.2592,0.019953,8.68e+08,12,125000,1,0,26.9285,4183.26,1,-129.221,-137,1.58106
283914, 500.22, 19, -1,-1,-1,38.1762,0.856056,0.025119,8.68e+08,11,125000,1,0,18.1446,16774.8,0,-130.172,-135,0.790528
284056, 501.124, 54, -1,-1,-1,33.9169,-17.5406,0.019953,8.68e+08,11,125000,1,0,0.008091,12431.3,0,-136.283,-135,0.790528
284059, 501.553, 34, -1,-1,-1,48.7562,19.7846,0.025119,8.68e+08,11,125000,1,0,48.0286,-2714.88,1,-124.968,-135,0.790528
284061, 501.762, 13, -1,-1,-1,57.0723,-1.70621,0.015849,8.68e+08,11,125000,1,0,23.7395,-10002.8,0,-130.886,-135,0.790528
284074, 502.602, 2, -1,-1,-1,51.5344,12.7308,0.019953,8.68e+08,12,125000,1,0,68.1388,-7056,1,-124.318,-137,1.58106
284081, 502.962, 37, -1,-1,-1,39.3182,23.7585,0.025119,8.68e+08,11,125000,1,0,19.5859,9256.38,0,-129.825,-135,0.790528
284084, 503.579, 31, -1,-1,-1,54.7544,21.0473,0.025119,8.68e+08,11,125000,1,0,34.4174,-14275,1,-126.852,-135,0.790528
284091, 503.877, 5, -1,-1,-1,53.5397,3.21519,0.015849,8.68e+08,12,125000,1,0,38.9999,-6953.29,0,-128.137,-137,1.58106
284118, 504.821, 45, -1,-1,-1,51.1713,24.9679,0.025119,8.68e+08,11,125000,1,0,31.7387,-9208.76,0,-127.312,-135,0.790528
284130, 505.232, 8, -1,-1,-1,60.4856,7.73014,0.025119,8.68e+08,11,125000,1,0,22.6114,-16341.3,0,-129.132,-135,0.790528
284138, 505.298, 22, -1,-1,-1,49.8807,11.1424,0.019953,8.68e+08,11,125000,1,0,80.7792,-2268.65,1,-123.843,-135,0.790528
284141, 505.36, 23, -1,-1,-1,52.8622,11.1827,0.019953,8.68e+08,10,125000,1,0,56.514,-10025.6,1,-125.124,-133,0.436224
284143, 505.394, 14, -1,-1,-1,53.0462,-6.68945,0.015849,8.68e+08,12,125000,1,0,21.2552,-3475.34,0,-131.44,-137,1.58106
284145, 505.474, 56, -1,-1,-1,36.3084,12.5542,0.019953,8.68e+08,12,125000,1,0,20.2005,17615.8,0,-130.677,-137,1.58106
284147, 505.761, 47, -1,-1,-1,60.7194,5.65594,0.015849,8.68e+08,11,125000,1,0,21.2701,-15883.2,0,-131.434,-135,0.790528
284170, 506.208, 12, -1,-1,-1,52.0633,-2.10831,0.019953,8.68e+08,10,125000,1,0,29.5668,-2911.23,1,-128.709,-133,0.436224
284172, 506.353, 6, -1,-1,-1,58.2129,16.2971,0.025119,8.68e+08,12,125000,1,0,28.685,-17083.5,0,-127.875,-137,1.58106
284184, 506.818, 55, -1,-1,-1,29.3703,-15.3954,0.025119,8.68e+08,11,125000,1,0,-1.81706,14614.6,0,-135.832,-135,0.790528
284186, 506.855, 0, -1,-1,-1,52.8019,-0.140325,0.019953,8.68e+08,12,125000,1,0,32.8382,-4692.8,0,-128.119,-137,1.58106
284189, 506.889, 18, -1,-1,-1,40.3252,0.458257,0.015849,8.68e+08,10,125000,1,0,22.6711,15290.8,1,-131.117,-133,0.436224
284192, 506.911, 41, -1,-1,-1,59.5484,25.9088,0.019953,8.68e+08,11,125000,1,0,18.5526,-17632.9,1,-131.075,-135,0.790528
284200, 507.423, 58, -1,-1,-1,60.5259,-7.32063,0.025119,8.68e+08,10,125000,1,0,13.7085,-12037.3,1,-131.31,-133,0.436224
284202, 507.511, 57, -1,-1,-1,35.1402,33.8726,0.025119,8.68e+08,12,125000,1,0,5.82969,5805.78,0,-133.531,-137,1.58106
284224, 508.099, 21, -1,-1,-1,39.9798,-9.60875,0.019953,8.68e+08,12,125000,1,0,11.0411,11647.9,0,-133.035,-137,1.58106
284227, 508.11, 9, -1,-1,-1,39.6549,24.3091,0.025119,8.68e+08,10,125000,1,0,19.9297,8111.99,1,-129.744,-133,0.436224
284254, 509.157, 40, -1,-1,-1,60.8808,23.4982,0.015849,8.68e+08,12,125000,1,0,17.7813,-18320.2,0,-132.264,-137,1.58106
284256, 509.258, 50, -1,-1,-1,39.4666,15.4567,0.025119,8.68e+08,12,125000,1,0,28.4034,14629.6,0,-127.927,-137,1.58106
284259, 509.277, 27, -1,-1,-1,50.6159,6.80471,0.025119,8.68e+08,12,125000,1,0,58.4003,-2904.43,1,-123.967,-137,1.58106
284262, 509.345, 26, -1,-1,-1,45.7065,9.06593,0.025119,8.68e+08,11,125000,1,0,59.3379,9640.81,1,-123.893,-135,0.790528
284264, 509.701, 39, -1,-1,-1,43.5465,21.5478,0.025119,8.68e+08,12,125000,1,0,32.2255,5449.03,0,-127.225,-137,1.58106
284266, 509.728, 1, -1,-1,-1,47.2765,2.22214,0.015849,8.68e+08,12,125000,1,0,41.1427,6165.32,0,-127.831,-137,1.58106
284273, 509.898, 44, -1,-1,-1,50.511,28.5311,0.019953,8.68e+08,12,125000,1,0,24.4124,-8912.78,0,-129.741,-137,1.58106
284275, 510.264, 11, -1,-1,-1,56.9993,38.0547,0.019953,8.68e+08,12,125000,1,0,10.6706,-15182.4,0,-133.141,-137,1.58106
284297, 510.581, 16, -1,-1,-1,42.4575,7.48746,0.019953,8.68e+08,11,125000,1,0,39.4527,14826,0,-127.069,-135,0.790528
284300, 510.79, 33, -1,-1,-1,47.239,17.4643,0.019953,8.68e+08,10,125000,1,0,54.8197,596.239,1,-125.274,-133,0.436224
284312, 511.075, 3, -1,-1,-1,41.7537,-4.41958,0.015849,8.68e+08,11,125000,1,0,19.0557,11930.2,0,-131.953,-135,0.790528
284324, 511.32, 49, -1,-1,-1,46.408,9.75733,0.015849,8.68e+08,11,125000,1,0,66.8561,7437.6,0,-125.387,-135,0.790528
284326, 511.323, 20, -1,-1,-1,37.9471,-10.2414,0.015849,8.68e+08,11,125000,1,0,8.79631,12586.6,0,-134.668,-135,0.790528
284328, 511.36, 53, -1,-1,-1,63.4292,-20.8181,0.019953,8.68e+08,10,125000,1,0,3.80241,-11858.4,0,-135.142,-133,0.436224
284345, 511.662, 48, -1,-1,-1,58.3997,11.2994,0.015849,8.68e+08,10,125000,1,0,28.0767,-16638.1,0,-129.992,-133,0.436224
284347, 511.809, 35, -1,-1,-1,45.7431,26.4773,0.019953,8.68e+08,10,125000,1,0,25.9698,-1391.43,0,-129.415,-133,0.436224
284354, 511.971, 7, -1,-1,-1,47.6351,15.354,0.015849,8.68e+08,11,125000,1,0,65.869,701.585,0,-125.445,-135,0.790528
284356, 512.182, 59, -1,-1,-1,68.2639,21.0486,0.015849,8.68e+08,11,125000,1,0,7.19897,-19371.1,0,-135.133,-135,0.790528
284358, 512.205, 32, -1,-1,-1,51.2589,12.3527,0.019953,8.68e+08,11,125000,1,0,65.5657,-8068.48,0,-124.463,-135,0.790528
284361, 512.248, 28, -1,-1,-1,56.1214,14.8064,0.019953,8.68e+08,10,125000,1,0,35.2979,-15984.3,1,-127.706,-133,0.436224
284364, 512.538, 42, -1,-1,-1,57.7616,26.6615,0.019953,8.68e+08,12,125000,1,0,19.9937,-16792.5,1,-130.731,-137,1.58106
284387, 513.773, 17, -1,-1,-1,50.975,1.0294,0.019953,8.68e+08,10,125000,1,0,37.641,-2587.81,1,-127.339,-133,0.436224
284409, 514.483, 31, -1,-1,-1,54.7544,21.0473,0.025119,8.68e+08,11,125000,1,0,32.1261,-15078.9,0,-127.242,-135,0.790528
284411, 514.551, 51, -1,-1,-1,41.8919,29.6462,0.019953,8.68e+08,10,125000,1,0,16.7761,1853.62,0,-131.513,-133,0.436224
284419, 514.744, 4, -1,-1,-1,41.4412,12.9351,0.019953,8.68e+08,10,125000,1,0,38.6597,14014.5,1,-127.184,-133,0.436224
284421, 514.978, 13, -1,-1,-1,57.0723,-1.70621,0.015849,8.68e+08,11,125000,1,0,22.496,-11086.4,0,-131.157,-135,0.790528
284424, 515.07, 24, -1,-1,-1,47.5807,13.3667,0.025119,8.68e+08,12,125000,1,0,76.0481,1627.83,1,-122.973,-137,1.58106
284427, 515.105, 30, -1,-1,-1,49.4973,17.4698,0.015849,8.68e+08,11,125000,1,0,55.5708,-5979.92,1,-126.206,-135,0.790528
284429, 515.273, 29, -1,-1,-1,50.7851,21.7882,0.015849,8.68e+08,12,125000,1,0,38.6544,-9415.18,0,-128.186,-137,1.58106
284436, 516.183, 46, -1,-1,-1,52.8116,25.5221,0.025119,8.68e+08,12,125000,1,0,27.7609,-12570.5,0,-128.055,-137,1.58106
284444, 516.214, 37, -1,-1,-1,39.3182,23.7585,0.025119,8.68e+08,11,125000,1,0,20.4556,8156.25,1,-129.619,-135,0.790528
284451, 516.643, 43, -1,-1,-1,55.6658,27.4582,0.015849,8.68e+08,10,125000,1,0,21.2989,-15444.1,0,-131.427,-133,0.436224
284454, 516.909, 25, -1,-1,-1,47.5334,10.9197,0.019953,8.68e+08,10,125000,1,0,82.0473,2533.27,1,-123.815,-133,0.436224
284467, 517.497, 18, -1,-1,-1,40.3252,0.458257,0.015849,8.68e+08,10,125000,1,0,24.0894,14685.2,1,-130.807,-133,0.436224
284475, 517.852, 34, -1,-1,-1,48.7562,19.7846,0.025119,8.68e+08,11,125000,1,0,46.2643,-5366.14,1,-125.171,-135,0.790528
284492, 519.223, 36, -1,-1,-1,43.7267,24.2592,0.019953,8.68e+08,12,125000,1,0,27.6068,2168.5,0,-129.084,-137,1.58106
284494, 519.365, 54, -1,-1,-1,33.9169,-17.5406,0.019953,8.68e+08,11,125000,1,0,0.697538,11764.5,0,-136.073,-135,0.790528
284497, 519.669, 2, -1,-1,-1,51.5344,12.7308,0.019953,8.68e+08,12,125000,1,0,59.9158,-9949.26,1,-124.847,-137,1.58106
284504, 520.733, 10, -1,-1,-1,28.9812,30.4875,0.019953,8.68e+08,12,125000,1,0,2.54949,10008,0,-135.506,-137,1.58106
284521, 522.188, 11, -1,-1,-1,56.9993,38.0547,0.019953,8.68e+08,12,125000,1,0,9.79807,-15432.6,0,-133.385,-137,1.58106
284524, 522.292, 15, -1,-1,-1,44.3496,3.32595,0.025119,8.68e+08,11,125000,1,0,40.4114,10665,1,-125.931,-135,0.790528
284526, 522.367, 19, -1,-1,-1,38.1762,0.856056,0.025119,8.68e+08,11,125000,1,0,20.8556,16395.1,0,-129.525,-135,0.790528
284553, 523.713, 0, -1,-1,-1,52.8019,-0.140325,0.019953,8.68e+08,12,125000,1,0,31.5283,-6422.89,0,-128.347,-137,1.58106
284555, 523.739, 23, -1,-1,-1,52.8622,11.1827,0.019953,8.68e+08,10,125000,1,0,49.5235,-12086.1,0,-125.799,-133,0.436224
284558, 523.826, 38, -1,-1,-1,44.5391,14.5207,0.025119,8.68e+08,10,125000,1,0,55.8959,7333,1,-124.175,-133,0.436224
284565, 524.05, 52, -1,-1,-1,39.7577,32.3711,0.019953,8.68e+08,11,125000,1,0,11.6852,2061.39,0,-132.855,-135,0.790528
284592, 524.735, 32, -1,-1,-1,51.2589,12.3527,0.019953,8.68e+08,11,125000,1,0,59.6575,-9712.48,0,-124.866,-135,0.790528
284595, 524.834, 51, -1,-1,-1,41.8919,29.6462,0.019953,8.68e+08,10,125000,1,0,16.8711,1130.42,1,-131.488,-133,0.436224
284597, 524.851, 14, -1,-1,-1,53.0462,-6.68945,0.015849,8.68e+08,12,125000,1,0,20.5686,-5068.87,0,-131.595,-137,1.58106
284599, 524.887, 22, -1,-1,-1,49.8807,11.1424,0.019953,8.68e+08,11,125000,1,0,71.188,-5847.97,0,-124.163,-135,0.790528
284616, 525.27, 5, -1,-1,-1,53.5397,3.21519,0.015849,8.68e+08,12,125000,1,0,35.9395,-9265.21,0,-128.601,-137,1.58106
284623, 525.439, 58, -1,-1,-1,60.5259,-7.32063,0.025119,8.68e+08,10,125000,1,0,12.4826,-12761.1,0,-131.638,-133,0.436224
284630, 525.54, 9, -1,-1,-1,39.6549,24.3091,0.025119,8.68e+08,10,125000,1,0,20.9239,6791.43,0,-129.51,-133,0.436224
284632, 525.704, 48, -1,-1,-1,58.3997,11.2994,0.015849,8.68e+08,10,125000,1,0,25.5721,-17018.1,0,-130.493,-133,0.436224
284634, 525.788, 21, -1,-1,-1,39.9798,-9.60875,0.019953,8.68e+08,12,125000,1,0,12.035,10904.9,0,-132.759,-137,1.58106
284641, 526.17, 56, -1,-1,-1,36.3084,12.5542,0.019953,8.68e+08,12,125000,1,0,23.1316,17060.3,0,-130.011,-137,1.58106
284643, 526.242, 6, -1,-1,-1,58.2129,16.2971,0.025119,8.68e+08,12,125000,1,0,25.0114,-17655.8,0,-128.61,-137,1.58106
284646, 526.777, 8, -1,-1,-1,60.4856,7.73014,0.025119,8.68e+08,11,125000,1,0,19.7061,-16982.7,1,-129.795,-135,0.790528
284649, 526.952, 27, -1,-1,-1,50.6159,6.80471,0.025119,8.68e+08,12,125000,1,0,55.2594,-5676.64,1,-124.232,-137,1.58106
284651, 527.097, 50, -1,-1,-1,39.4666,15.4567,0.025119,8.68e+08,12,125000,1,0,31.455,13593.6,0,-127.357,-137,1.58106
284693, 528.2, 13, -1,-1,-1,57.0723,-1.70621,0.015849,8.68e+08,11,125000,1,0,21.232,-11792.6,0,-131.44,-135,0.790528
284695, 528.265, 30, -1,-1,-1,49.4973,17.4698,0.015849,8.68e+08,11,125000,1,0,52.3551,-7774.28,0,-126.506,-135,0.790528
284698, 528.282, 4, -1,-1,-1,41.4412,12.9351,0.019953,8.68e+08,10,125000,1,0,42.2512,13068.5,1,-126.676,-133,0.436224
284701, 528.295, 7, -1,-1,-1,47.6351,15.354,0.015849,8.68e+08,11,125000,1,0,65.0768,-2187.29,1,-125.49,-135,0.790528
284713, 528.573, 35, -1,-1,-1,45.7431,26.4773,0.019953,8.68e+08,10,125000,1,0,25.5852,-3047.27,0,-129.492,-133,0.436224
284715, 528.58, 28, -1,-1,-1,56.1214,14.8064,0.019953,8.68e+08,10,125000,1,0,31.4725,-16649.7,0,-128.355,-133,0.436224
284717, 528.581, 12, -1,-1,-1,52.0633,-2.10831,0.019953,8.68e+08,10,125000,1,0,28.4673,-5237.61,0,-128.915,-133,0.436224
284735, 529.341, 45, -1,-1,-1,51.1713,24.9679,0.025119,8.68e+08,11,125000,1,0,28.59,-11342.3,1,-127.892,-135,0.790528
284742, 529.405, 47, -1,-1,-1,60.7194,5.65594,0.015849,8.68e+08,11,125000,1,0,18.3575,-16646.2,0,-132.119,-135,0.790528
284750, 529.591, 39, -1,-1,-1,43.5465,21.5478,0.025119,8.68e+08,12,125000,1,0,33.4029,3177.59,1,-127.019,-137,1.58106
284752, 529.91, 57, -1,-1,-1,35.1402,33.8726,0.025119,8.68e+08,12,125000,1,0,6.28205,4622.65,0,-133.396,-137,1.58106
284774, 530.169, 20, -1,-1,-1,37.9471,-10.2414,0.015849,8.68e+08,11,125000,1,0,9.84001,11912.3,0,-134.369,-135,0.790528
284776, 530.215, 29, -1,-1,-1,50.7851,21.7882,0.015849,8.68e+08,12,125000,1,0,36.0553,-10816,0,-128.583,-137,1.58106
284778, 530.28, 40, -1,-1,-1,60.8808,23.4982,0.015849,8.68e+08,12,125000,1,0,15.2696,-18628.9,0,-132.896,-137,1.58106
284785, 530.755, 41, -1,-1,-1,59.5484,25.9088,0.019953,8.68e+08,11,125000,1,0,15.7252,-18122.6,0,-131.779,-135,0.790528
284787, 530.764, 59, -1,-1,-1,68.2639,21.0486,0.015849,8.68e+08,11,125000,1,0,5.75098,-19416,0,-135.557,-135,0.790528
284795, 530.91, 49, -1,-1,-1,46.408,9.75733,0.015849,8.68e+08,11,125000,1,0,76.4806,4067.3,1,-124.956,-135,0.790528
284797, 531.109, 44, -1,-1,-1,50.511,28.5311,0.019953,8.68e+08,12,125000,1,0,22.544,-10515.3,0,-130.145,-137,1.58106
284799, 531.224, 55, -1,-1,-1,29.3703,-15.3954,0.025119,8.68e+08,11,125000,1,0,-0.779413,14161.3,0,-135.516,-135,0.790528
284801, 531.556, 42, -1,-1,-1,57.7616,26.6615,0.019953,8.68e+08,12,125000,1,0,17.6632,-17277.2,0,-131.29,-137,1.58106
284809, 532.365, 26, -1,-1,-1,45.7065,9.06593,0.025119,8.68e+08,11,125000,1,0,69.7401,6062.11,1,-123.231,-135,0.790528
284816, 532.441, 10, -1,-1,-1,28.9812,30.4875,0.019953,8.68e+08,12,125000,1,0,2.94462,9646.91,0,-135.386,-137,1.58106
284834, 533.18, 33, -1,-1,-1,47.239,17.4643,0.019953,8.68e+08,10,125000,1,0,53.7818,-3130.13,1,-125.367,-133,0.436224
284846, 533.529, 53, -1,-1,-1,63.4292,-20.8181,0.019953,8.68e+08,10,125000,1,0,2.84826,-12510,0,-135.427,-133,0.436224
284849, 533.685, 3, -1,-1,-1,41.7537,-4.41958,0.015849,8.68e+08,11,125000,1,0,20.9828,10576.3,1,-131.497,-135,0.790528
284862, 534.02, 1, -1,-1,-1,47.2765,2.22214,0.015849,8.68e+08,12,125000,1,0,43.4747,2890.61,1,-127.515,-137,1.58106
284864, 534.028, 54, -1,-1,-1,33.9169,-17.5406,0.019953,8.68e+08,11,125000,1,0,1.24445,11442.5,0,-135.906,-135,0.790528
284872, 534.437, 18, -1,-1,-1,40.3252,0.458257,0.015849,8.68e+08,10,125000,1,0,26.4646,13891.8,1,-130.309,-133,0.436224
284879, 534.931, 14, -1,-1,-1,53.0462,-6.68945,0.015849,8.68e+08,12,125000,1,0,20.1297,-6007.17,0,-131.696,-137,1.58106
284881, 535.142, 16, -1,-1,-1,42.4575,7.48746,0.019953,8.68e+08,11,125000,1,0,46.9719,12855.2,0,-126.084,-135,0.790528
284903, 535.586, 15, -1,-1,-1,44.3496,3.32595,0.025119,8.68e+08,11,125000,1,0,43.1103,9011,0,-125.562,-135,0.790528
284905, 535.599, 46, -1,-1,-1,52.8116,25.5221,0.025119,8.68e+08,12,125000,1,0,25.1116,-13757,0,-128.59,-137,1.58106
284913, 536.057, 22, -1,-1,-1,49.8807,11.1424,0.019953,8.68e+08,11,125000,1,0,65.6898,-7924.27,1,-124.452,-135,0.790528
284915, 536.289, 37, -1,-1,-1,39.3182,23.7585,0.025119,8.68e+08,11,125000,1,0,21.6385,6574.66,0,-129.345,-135,0.790528
284917, 536.336, 34, -1,-1,-1,48.7562,19.7846,0.025119,8.68e+08,11,125000,1,0,43.3923,-7781.24,0,-125.526,-135,0.790528
284920, 536.381, 17, -1,-1,-1,50.975,1.0294,0.019953,8.68e+08,10,125000,1,0,36.135,-5373.06,1,-127.569,-133,0.436224
284932, 537.143, 5, -1,-1,-1,53.5397,3.21519,0.015849,8.68e+08,12,125000,1,0,34.1098,-10574.7,0,-128.898,-137,1.58106
284945, 538.021, 24, -1,-1,-1,47.5807,13.3667,0.025119,8.68e+08,12,125000,1,0,74.6836,-2836.01,1,-123.017,-137,1.58106
284952, 538.183, 50, -1,-1,-1,39.4666,15.4567,0.025119,8.68e+08,12,125000,1,0,33.4457,12656.4,0,-127.008,-137,1.58106
284954, 538.22, 31, -1,-1,-1,54.7544,21.0473,0.025119,8.68e+08,11,125000,1,0,27.6068,-16254.2,0,-128.081,-135,0.790528
284957, 538.445, 7, -1,-1,-1,47.6351,15.354,0.015849,8.68e+08,11,125000,1,0,63.2482,-4182.21,1,-125.606,-135,0.790528
284985, 539.62, 2, -1,-1,-1,51.5344,12.7308,0.019953,8.68e+08,12,125000,1,0,51.5258,-12308.1,1,-125.587,-137,1.58106
284987, 539.958, 19, -1,-1,-1,38.1762,0.856056,0.025119,8.68e+08,11,125000,1,0,23.2008,15539.8,0,-128.996,-135,0.790528
284995, 540.379, 30, -1,-1,-1,49.4973,17.4698,0.015849,8.68e+08,11,125000,1,0,49.1309,-9576.92,1,-126.839,-135,0.790528
285007, 540.433, 0, -1,-1,-1,52.8019,-0.140325,0.019953,8.68e+08,12,125000,1,0,29.9523,-8313.13,0,-128.632,-137,1.58106
285009, 540.459, 6, -1,-1,-1,58.2129,16.2971,0.025119,8.68e+08,12,125000,1,0,22.6772,-18168.8,0,-129.112,-137,1.58106
285011, 540.479, 40, -1,-1,-1,60.8808,23.4982,0.015849,8.68e+08,12,125000,1,0,14.1465,-18861.2,0,-133.189,-137,1.58106
285019, 540.825, 4, -1,-1,-1,41.4412,12.9351,0.019953,8.68e+08,10,125000,1,0,45.8268,12046.7,1,-126.219,-133,0.436224
285021, 540.857, 43, -1,-1,-1,55.6658,27.4582,0.015849,8.68e+08,10,125000,1,0,18.4033,-16119.5,0,-132.108,-133,0.436224
285023, 540.987, 12, -1,-1,-1,52.0633,-2.10831,0.019953,8.68e+08,10,125000,1,0,27.6445,-6304.37,0,-129.074,-133,0.436224
285051, 541.615, 25, -1,-1,-1,47.5334,10.9197,0.019953,8.68e+08,10,125000,1,0,83.3549,-1943.84,1,-123.789,-133,0.436224
285053, 541.803, 47, -1,-1,-1,60.7194,5.65594,0.015849,8.68e+08,11,125000,1,0,16.9401,-16856.4,0,-132.468,-135,0.790528
285055, 541.886, 21, -1,-1,-1,39.9798,-9.60875,0.019953,8.68e+08,12,125000,1,0,12.915,10182.9,0,-132.518,-137,1.58106
285057, 541.954, 23, -1,-1,-1,52.8622,11.1827,0.019953,8.68e+08,10,125000,1,0,43.4439,-13682,0,-126.517,-133,0.436224
285069, 542.213, 13, -1,-1,-1,57.0723,-1.70621,0.015849,8.68e+08,11,125000,1,0,19.8886,-12476.7,0,-131.751,-135,0.790528
285072, 542.512, 58, -1,-1,-1,60.5259,-7.32063,0.025119,8.68e+08,10,125000,1,0,11.3245,-13356.3,1,-131.953,-133,0.436224
285085, 543.115, 36, -1,-1,-1,43.7267,24.2592,0.019953,8.68e+08,12,125000,1,0,27.8519,-185.457,1,-129.033,-137,1.58106
285092, 543.546, 57, -1,-1,-1,35.1402,33.8726,0.025119,8.68e+08,12,125000,1,0,6.50972,3943.86,0,-133.328,-137,1.58106
285099, 543.742, 8, -1,-1,-1,60.4856,7.73014,0.025119,8.68e+08,11,125000,1,0,17.6187,-17336.9,0,-130.298,-135,0.790528
285117, 543.897, 26, -1,-1,-1,45.7065,9.06593,0.025119,8.68e+08,11,125000,1,0,74.9432,4216.11,1,-123.007,-135,0.790528
285135, 544.243, 9, -1,-1,-1,39.6549,24.3091,0.025119,8.68e+08,10,125000,1,0,21.82,5241.96,1,-129.303,-133,0.436224
285137, 544.26, 51, -1,-1,-1,41.8919,29.6462,0.019953,8.68e+08,10,125000,1,0,16.9002,-423.639,0,-131.479,-133,0.436224
285139, 544.293, 20, -1,-1,-1,37.9471,-10.2414,0.015849,8.68e+08,11,125000,1,0,10.6135,11418.7,0,-134.15,-135,0.790528
285146, 544.521, 3, -1,-1,-1,41.7537,-4.41958,0.015849,8.68e+08,11,125000,1,0,21.8822,10000.2,0,-131.29,-135,0.790528
285149, 544.772, 32, -1,-1,-1,51.2589,12.3527,0.019953,8.68e+08,11,125000,1,0,51.283,-12087.9,1,-125.61,-135,0.790528
285151, 544.774, 41, -1,-1,-1,59.5484,25.9088,0.019953,8.68e+08,11,125000,1,0,14.2016,-18267.2,0,-132.174,-135,0.790528
285169, 545.362, 27, -1,-1,-1,50.6159,6.80471,0.025119,8.68e+08,12,125000,1,0,50.7972,-8252.41,1,-124.661,-137,1.58106
285172, 545.363, 38, -1,-1,-1,44.5391,14.5207,0.025119,8.68e+08,10,125000,1,0,60.9895,3872.8,1,-123.763,-133,0.436224
285174, 545.507, 29, -1,-1,-1,50.7851,21.7882,0.015849,8.68e+08,12,125000,1,0,33.3689,-12055.2,0,-129.023,-137,1.58106
285186, 546.078, 10, -1,-1,-1,28.9812,30.4875,0.019953,8.68e+08,12,125000,1,0,3.38965,9173,0,-135.251,-137,1.58106
285198, 546.751, 11, -1,-1,-1,56.9993,38.0547,0.019953,8.68e+08,12,125000,1,0,8.05416,-16067.8,0,-133.882,-137,1.58106
285200, 546.765, 14, -1,-1,-1,53.0462,-6.68945,0.015849,8.68e+08,12,125000,1,0,19.5518,-6781.57,0,-131.831,-137,1.58106
285202, 546.904, 52, -1,-1,-1,39.7577,32.3711,0.019953,8.68e+08,11,125000,1,0,11.8202,483.516,0,-132.816,-135,0.790528
285205, 547.205, 34, -1,-1,-1,48.7562,19.7846,0.025119,8.68e+08,11,125000,1,0,41.4401,-8920.66,1,-125.784,-135,0.790528
285207, 547.271, 44, -1,-1,-1,50.511,28.5311,0.019953,8.68e+08,12,125000,1,0,21.0546,-11532.5,0,-130.48,-137,1.58106
285210, 547.424, 1, -1,-1,-1,47.2765,2.22214,0.015849,8.68e+08,12,125000,1,0,44.0679,1138.14,1,-127.437,-137,1.58106
285232, 548.243, 53, -1,-1,-1,63.4292,-20.8181,0.019953,8.68e+08,10,125000,1,0,2.20933,-12825.7,0,-135.619,-133,0.436224
285235, 548.447, 33, -1,-1,-1,47.239,17.4643,0.019953,8.68e+08,10,125000,1,0,51.5771,-5412.95,1,-125.58,-133,0.436224
285248, 548.777, 31, -1,-1,-1,54.7544,21.0473,0.025119,8.68e+08,11,125000,1,0,25.7894,-16531.8,1,-128.446,-135,0.790528
285261, 549.376, 48, -1,-1,-1,58.3997,11.2994,0.015849,8.68e+08,10,125000,1,0,21.8203,-17690.4,1,-131.302,-133,0.436224
285268, 549.712, 56, -1,-1,-1,36.3084,12.5542,0.019953,8.68e+08,12,125000,1,0,26.8961,16199.9,0,-129.218,-137,1.58106
285271, 549.89, 35, -1,-1,-1,45.7431,26.4773,0.019953,8.68e+08,10,125000,1,0,24.7192,-5124.32,1,-129.67,-133,0.436224
285273, 549.892, 59, -1,-1,-1,68.2639,21.0486,0.015849,8.68e+08,11,125000,1,0,4.34422,-19453.2,0,-135.974,-135,0.790528
285280, 550.134, 42, -1,-1,-1,57.7616,26.6615,0.019953,8.68e+08,12,125000,1,0,15.5658,-17656.7,0,-131.817,-137,1.58106
285298, 550.348, 39, -1,-1,-1,43.5465,21.5478,0.025119,8.68e+08,12,125000,1,0,33.9608,665.002,1,-126.922,-137,1.58106
285300, 550.816, 19, -1,-1,-1,38.1762,0.856056,0.025119,8.68e+08,11,125000,1,0,24.7387,15230.5,0,-128.663,-135,0.790528
285427, 551.065, 55, -1,-1,-1,29.3703,-15.3954,0.025119,8.68e+08,11,125000,1,0,0.06783,13794.8,0,-135.258,-135,0.790528
285430, 551.106, 16, -1,-1,-1,42.4575,7.48746,0.019953,8.68e+08,11,125000,1,0,52.6617,11314.3,1,-125.471,-135,0.790528
285438, 551.493, 4, -1,-1,-1,41.4412,12.9351,0.019953,8.68e+08,10,125000,1,0,49.0253,10727.4,1,-125.849,-133,0.436224
285445, 551.798, 40, -1,-1,-1,60.8808,23.4982,0.015849,8.68e+08,12,125000,1,0,12.9599,-18879.9,0,-133.504,-137,1.58106
285457, 552.095, 45, -1,-1,-1,51.1713,24.9679,0.025119,8.68e+08,11,125000,1,0,25.6182,-12939.8,0,-128.482,-135,0.790528
285465, 552.322, 17, -1,-1,-1,50.975,1.0294,0.019953,8.68e+08,10,125000,1,0,34.581,-7074.19,1,-127.818,-133,0.436224
285467, 552.362, 18, -1,-1,-1,40.3252,0.458257,0.015849,8.68e+08,10,125000,1,0,29.1103,12860.6,0,-129.787,-133,0.436224
285469, 552.452, 7, -1,-1,-1,47.6351,15.354,0.015849,8.68e+08,11,125000,1,0,59.6074,-6373.37,0,-125.865,-135,0.790528
285477, 552.971, 49, -1,-1,-1,46.408,9.75733,0.015849,8.68e+08,11,125000,1,0,83.4942,-219.71,1,-124.785,-135,0.790528
285485, 553.361, 28, -1,-1,-1,56.1214,14.8064,0.019953,8.68e+08,10,125000,1,0,26.5117,-17544,1,-129.297,-133,0.436224
285488, 553.766, 15, -1,-1,-1,44.3496,3.32595,0.025119,8.68e+08,11,125000,1,0,46.5506,6821.32,1,-125.131,-135,0.790528
285496, 554.631, 43, -1,-1,-1,55.6658,27.4582,0.015849,8.68e+08,10,125000,1,0,16.8662,-16676.3,1,-132.486,-133,0.436224
285509, 556.523, 8, -1,-1,-1,60.4856,7.73014,0.025119,8.68e+08,11,125000,1,0,16.1495,-17750,1,-130.666,-135,0.790528
285536, 557.325, 58, -1,-1,-1,60.5259,-7.32063,0.025119,8.68e+08,10,125000,1,0,10.3287,-14033.1,0,-132.229,-133,0.436224
285539, 557.567, 13, -1,-1,-1,57.0723,-1.70621,0.015849,8.68e+08,11,125000,1,0,18.4285,-13437.1,1,-132.098,-135,0.790528
285542, 557.613, 46, -1,-1,-1,52.8116,25.5221,0.025119,8.68e+08,12,125000,1,0,22.2484,-14883.8,1,-129.207,-137,1.58106
285545, 557.68, 25, -1,-1,-1,47.5334,10.9197,0.019953,8.68e+08,10,125000,1,0,74.5242,-5320.29,1,-124.02,-133,0.436224
285562, 557.934, 54, -1,-1,-1,33.9169,-17.5406,0.019953,8.68e+08,11,125000,1,0,2.11777,10707.5,0,-135.64,-135,0.790528
285574, 558.471, 41, -1,-1,-1,59.5484,25.9088,0.019953,8.68e+08,11,125000,1,0,12.7995,-18593.7,0,-132.547,-135,0.790528
285581, 558.51, 21, -1,-1,-1,39.9798,-9.60875,0.019953,8.68e+08,12,125000,1,0,13.7876,9092.96,0,-132.282,-137,1.58106
285583, 558.626, 52, -1,-1,-1,39.7577,32.3711,0.019953,8.68e+08,11,125000,1,0,11.8191,-425.009,0,-132.815,-135,0.790528
285626, 559.289, 23, -1,-1,-1,52.8622,11.1827,0.019953,8.68e+08,10,125000,1,0,38.4088,-15185.9,1,-127.215,-133,0.436224
285628, 559.325, 2, -1,-1,-1,51.5344,12.7308,0.019953,8.68e+08,12,125000,1,0,44.4899,-14081.9,0,-126.381,-137,1.58106
285635, 559.418, 30, -1,-1,-1,49.4973,17.4698,0.015849,8.68e+08,11,125000,1,0,43.9935,-11670.7,0,-127.445,-135,0.790528
285642, 559.593, 37, -1,-1,-1,39.3182,23.7585,0.025119,8.68e+08,11,125000,1,0,22.7374,4524.03,0,-129.096,-135,0.790528
285645, 559.615, 34, -1,-1,-1,48.7562,19.7846,0.025119,8.68e+08,11,125000,1,0,39.0944,-10441.7,1,-126.115,-135,0.790528
285657, 559.848, 44, -1,-1,-1,50.511,28.5311,0.019953,8.68e+08,12,125000,1,0,19.8804,-12413.2,0,-130.752,-137,1.58106
285659, 560.001, 31, -1,-1,-1,54.7544,21.0473,0.025119,8.68e+08,11,125000,1,0,23.9752,-17050.4,0,-128.826,-135,0.790528
285661, 560.044, 5, -1,-1,-1,53.5397,3.21519,0.015849,8.68e+08,12,125000,1,0,30.5278,-12435.4,0,-129.522,-137,1.58106
285663, 560.058, 10, -1,-1,-1,28.9812,30.4875,0.019953,8.68e+08,12,125000,1,0,3.82665,8482.5,0,-135.119,-137,1.58106
285665, 560.313, 56, -1,-1,-1,36.3084,12.5542,0.019953,8.68e+08,12,125000,1,0,28.7606,15601.9,0,-128.851,-137,1.58106
285667, 560.455, 50, -1,-1,-1,39.4666,15.4567,0.025119,8.68e+08,12,125000,1,0,37.5829,10737.7,0,-126.339,-137,1.58106
285670, 560.543, 22, -1,-1,-1,49.8807,11.1424,0.019953,8.68e+08,11,125000,1,0,54.7557,-11335.4,1,-125.272,-135,0.790528
285672, 560.596, 14, -1,-1,-1,53.0462,-6.68945,0.015849,8.68e+08,12,125000,1,0,18.8029,-7964.23,0,-132.009,-137,1.58106
285674, 560.936, 11, -1,-1,-1,56.9993,38.0547,0.019953,8.68e+08,12,125000,1,0,7.08053,-16496.2,0,-134.164,-137,1.58106
285676, 561.019, 0, -1,-1,-1,52.8019,-0.140325,0.019953,8.68e+08,12,125000,1,0,27.769,-10078,0,-129.046,-137,1.58106
285683, 561.267, 29, -1,-1,-1,50.7851,21.7882,0.015849,8.68e+08,12,125000,1,0,30.6607,-13420.5,0,-129.498,-137,1.58106
285700, 561.866, 12, -1,-1,-1,52.0633,-2.10831,0.019953,8.68e+08,10,125000,1,0,26.0022,-8160.47,0,-129.401,-133,0.436224
285713, 562.231, 4, -1,-1,-1,41.4412,12.9351,0.019953,8.68e+08,10,125000,1,0,52.3344,9607.31,1,-125.502,-133,0.436224
285725, 562.601, 36, -1,-1,-1,43.7267,24.2592,0.019953,8.68e+08,12,125000,1,0,27.5538,-2256.32,0,-129.089,-137,1.58106
285727, 562.707, 55, -1,-1,-1,29.3703,-15.3954,0.025119,8.68e+08,11,125000,1,0,0.565642,13658.2,0,-135.106,-135,0.790528
285735, 562.836, 38, -1,-1,-1,44.5391,14.5207,0.025119,8.68e+08,10,125000,1,0,62.9568,864.27,1,-123.622,-133,0.436224
285738, 562.926, 24, -1,-1,-1,47.5807,13.3667,0.025119,8.68e+08,12,125000,1,0,65.1579,-6886.25,1,-123.48,-137,1.58106
285745, 563.246, 35, -1,-1,-1,45.7431,26.4773,0.019953,8.68e+08,10,125000,1,0,23.9922,-6262.94,0,-129.824,-133,0.436224
285747, 563.658, 6, -1,-1,-1,58.2129,16.2971,0.025119,8.68e+08,12,125000,1,0,19.2923,-18370.8,0,-129.889,-137,1.58106
285749, 563.832, 57, -1,-1,-1,35.1402,33.8726,0.025119,8.68e+08,12,125000,1,0,6.77624,2820.65,0,-133.248,-137,1.58106
285752, 563.965, 49, -1,-1,-1,46.408,9.75733,0.015849,8.68e+08,11,125000,1,0,80.5554,-2148.94,1,-124.839,-135,0.790528
285775, 564.559, 51, -1,-1,-1,41.8919,29.6462,0.019953,8.68e+08,10,125000,1,0,16.7204,-2046.76,1,-131.522,-133,0.436224
285788, 565.257, 16, -1,-1,-1,42.4575,7.48746,0.019953,8.68e+08,11,125000,1,0,58.221,9697.05,1,-124.973,-135,0.790528
285790, 565.29, 3, -1,-1,-1,41.7537,-4.41958,0.015849,8.68e+08,11,125000,1,0,23.5185,8484.41,0,-130.925,-135,0.790528
285793, 565.424, 9, -1,-1,-1,39.6549,24.3091,0.025119,8.68e+08,10,125000,1,0,22.567,3335.51,1,-129.134,-133,0.436224
285801, 565.747, 27, -1,-1,-1,50.6159,6.80471,0.025119,8.68e+08,12,125000,1,0,45.4068,-10675.7,1,-125.267,-137,1.58106
285803, 565.781, 47, -1,-1,-1,60.7194,5.65594,0.015849,8.68e+08,11,125000,1,0,14.3913,-17405.2,0,-133.12,-135,0.790528
285806, 566.321, 32, -1,-1,-1,51.2589,12.3527,0.019953,8.68e+08,11,125000,1,0,43.6931,-14043.7,1,-126.481,-135,0.790528
285819, 566.77, 17, -1,-1,-1,50.975,1.0294,0.019953,8.68e+08,10,125000,1,0,32.9303,-8445.99,1,-128.094,-133,0.436224
285827, 567.431, 26, -1,-1,-1,45.7065,9.06593,0.025119,8.68e+08,11,125000,1,0,80.5612,-362.006,1,-122.838,-135,0.790528
285829, 567.82, 20, -1,-1,-1,37.9471,-10.2414,0.015849,8.68e+08,11,125000,1,0,11.8706,10322.7,0,-133.799,-135,0.790528
285846, 568.353, 43, -1,-1,-1,55.6658,27.4582,0.015849,8.68e+08,10,125000,1,0,15.4099,-16955,0,-132.855,-133,0.436224
285853, 568.604, 48, -1,-1,-1,58.3997,11.2994,0.015849,8.68e+08,10,125000,1,0,19.1362,-18066.5,0,-131.925,-133,0.436224
285856, 569.212, 19, -1,-1,-1,38.1762,0.856056,0.025119,8.68e+08,11,125000,1,0,27.5051,14377.9,1,-128.096,-135,0.790528
285878, 569.87, 46, -1,-1,-1,52.8116,25.5221,0.025119,8.68e+08,12,125000,1,0,20.7336,-15309.2,0,-129.55,-137,1.58106
285886, 570.079, 23, -1,-1,-1,52.8622,11.1827,0.019953,8.68e+08,10,125000,1,0,35.6069,-15643.6,1,-127.647,-133,0.436224
285889, 570.151, 41, -1,-1,-1,59.5484,25.9088,0.019953,8.68e+08,11,125000,1,0,11.6645,-18635.1,1,-132.856,-135,0.790528
285921, 571.064, 7, -1,-1,-1,47.6351,15.354,0.015849,8.68e+08,11,125000,1,0,53.8375,-9050.36,0,-126.356,-135,0.790528
285928, 571.206, 10, -1,-1,-1,28.9812,30.4875,0.019953,8.68e+08,12,125000,1,0,4.15952,8085.66,0,-135.019,-137,1.58106
285940, 571.407, 39, -1,-1,-1,43.5465,21.5478,0.025119,8.68e+08,12,125000,1,0,33.7475,-1917.04,0,-126.955,-137,1.58106
285942, 571.449, 8, -1,-1,-1,60.4856,7.73014,0.025119,8.68e+08,11,125000,1,0,14.5348,-17938.4,0,-131.081,-135,0.790528
285944, 571.504, 59, -1,-1,-1,68.2639,21.0486,0.015849,8.68e+08,11,125000,1,0,2.84313,-19506.6,0,-136.423,-135,0.790528
285951, 571.635, 15, -1,-1,-1,44.3496,3.32595,0.025119,8.68e+08,11,125000,1,0,49.2725,4375.74,0,-124.819,-135,0.790528
285953, 571.637, 42, -1,-1,-1,57.7616,26.6615,0.019953,8.68e+08,12,125000,1,0,13.3319,-18043.2,0,-132.402,-137,1.58106
285956, 571.756, 33, -1,-1,-1,47.239,17.4643,0.019953,8.68e+08,10,125000,1,0,46.8042,-8669.71,1,-126.099,-133,0.436224
285963, 571.789, 54, -1,-1,-1,33.9169,-17.5406,0.019953,8.68e+08,11,125000,1,0,2.61074,10350.6,0,-135.49,-135,0.790528
285970, 571.989, 22, -1,-1,-1,49.8807,11.1424,0.019953,8.68e+08,11,125000,1,0,50.2717,-12404,0,-125.711,-135,0.790528
285972, 572.065, 53, -1,-1,-1,63.4292,-20.8181,0.019953,8.68e+08,10,125000,1,0,1.17017,-13428.5,0,-135.931,-133,0.436224
285974, 572.113, 45, -1,-1,-1,51.1713,24.9679,0.025119,8.68e+08,11,125000,1,0,23.0745,-14063.3,0,-129.022,-135,0.790528
285976, 572.171, 1, -1,-1,-1,47.2765,2.22214,0.015849,8.68e+08,12,125000,1,0,43.6434,-2459.42,0,-127.488,-137,1.58106
285979, 572.199, 28, -1,-1,-1,56.1214,14.8064,0.019953,8.68e+08,10,125000,1,0,23.2855,-17993.6,1,-129.973,-133,0.436224
285991, 573.521, 0, -1,-1,-1,52.8019,-0.140325,0.019953,8.68e+08,12,125000,1,0,26.3709,-10905.9,0,-129.324,-137,1.58106
285999, 573.967, 24, -1,-1,-1,47.5807,13.3667,0.025119,8.68e+08,12,125000,1,0,60.495,-8795.96,1,-123.795,-137,1.58106
286012, 574.474, 4, -1,-1,-1,41.4412,12.9351,0.019953,8.68e+08,10,125000,1,0,56.093,7710.55,1,-125.15,-133,0.436224
286014, 574.696, 40, -1,-1,-1,60.8808,23.4982,0.015849,8.68e+08,12,125000,1,0,10.7291,-19102.9,0,-134.115,-137,1.58106
286021, 575.241, 56, -1,-1,-1,36.3084,12.5542,0.019953,8.68e+08,12,125000,1,0,31.5808,14922.3,0,-128.327,-137,1.58106
286024, 575.567, 52, -1,-1,-1,39.7577,32.3711,0.019953,8.68e+08,11,125000,1,0,11.7331,-1549.64,1,-132.837,-135,0.790528
286041, 575.973, 29, -1,-1,-1,50.7851,21.7882,0.015849,8.68e+08,12,125000,1,0,28.2366,-14253.1,0,-129.953,-137,1.58106
286064, 576.824, 25, -1,-1,-1,47.5334,10.9197,0.019953,8.68e+08,10,125000,1,0,64.6742,-8462.92,1,-124.508,-133,0.436224
286071, 577.05, 32, -1,-1,-1,51.2589,12.3527,0.019953,8.68e+08,11,125000,1,0,40.4034,-14986.3,0,-126.923,-135,0.790528
286078, 577.152, 18, -1,-1,-1,40.3252,0.458257,0.015849,8.68e+08,10,125000,1,0,32.9111,10955.5,0,-129.096,-133,0.436224
286080, 577.236, 6, -1,-1,-1,58.2129,16.2971,0.025119,8.68e+08,12,125000,1,0,17.5149,-18731.8,0,-130.32,-137,1.58106
286083, 577.345, 50, -1,-1,-1,39.4666,15.4567,0.025119,8.68e+08,12,125000,1,0,40.7072,9048.49,1,-125.88,-137,1.58106
286085, 577.513, 36, -1,-1,-1,43.7267,24.2592,0.019953,8.68e+08,12,125000,1,0,27.0385,-3984.97,0,-129.189,-137,1.58106
286088, 577.664, 26, -1,-1,-1,45.7065,9.06593,0.025119,8.68e+08,11,125000,1,0,78.2235,-2574.28,1,-122.896,-135,0.790528
286090, 577.847, 30, -1,-1,-1,49.4973,17.4698,0.015849,8.68e+08,11,125000,1,0,39.2631,-13285.8,0,-128.087,-135,0.790528
286118, 578.323, 38, -1,-1,-1,44.5391,14.5207,0.025119,8.68e+08,10,125000,1,0,62.374,-2209.29,1,-123.659,-133,0.436224
286120, 578.331, 44, -1,-1,-1,50.511,28.5311,0.019953,8.68e+08,12,125000,1,0,18.1576,-13358.4,0,-131.164,-137,1.58106
286122, 578.433, 58, -1,-1,-1,60.5259,-7.32063,0.025119,8.68e+08,10,125000,1,0,8.93175,-14663.5,0,-132.623,-133,0.436224
286139, 579.019, 13, -1,-1,-1,57.0723,-1.70621,0.015849,8.68e+08,11,125000,1,0,16.4341,-14352.5,0,-132.591,-135,0.790528
286141, 579.076, 31, -1,-1,-1,54.7544,21.0473,0.025119,8.68e+08,11,125000,1,0,21.1438,-17565.6,0,-129.453,-135,0.790528
286149, 579.312, 16, -1,-1,-1,42.4575,7.48746,0.019953,8.68e+08,11,125000,1,0,64.0967,7364.17,1,-124.544,-135,0.790528
286156, 579.432, 51, -1,-1,-1,41.8919,29.6462,0.019953,8.68e+08,10,125000,1,0,16.457,-3359.47,0,-131.587,-133,0.436224
286159, 579.441, 5, -1,-1,-1,53.5397,3.21519,0.015849,8.68e+08,12,125000,1,0,27.5726,-13670,1,-130.081,-137,1.58106
286161, 579.515, 20, -1,-1,-1,37.9471,-10.2414,0.015849,8.68e+08,11,125000,1,0,12.4738,9596.21,0,-133.633,-135,0.790528
286174, 579.81, 35, -1,-1,-1,45.7431,26.4773,0.019953,8.68e+08,10,125000,1,0,22.9323,-7864.95,1,-130.052,-133,0.436224
286176, 580.022, 55, -1,-1,-1,29.3703,-15.3954,0.025119,8.68e+08,11,125000,1,0,1.30573,13074.4,0,-134.881,-135,0.790528
286179, 580.543, 49, -1,-1,-1,46.408,9.75733,0.015849,8.68e+08,11,125000,1,0,72.7091,-5597.74,1,-125.088,-135,0.790528
286191, 581.214, 21, -1,-1,-1,39.9798,-9.60875,0.019953,8.68e+08,12,125000,1,0,14.8956,7744.19,0,-131.988,-137,1.58106
286209, 581.402, 37, -1,-1,-1,39.3182,23.7585,0.025119,8.68e+08,11,125000,1,0,23.4227,2711.11,1,-128.943,-135,0.790528
286212, 581.75, 12, -1,-1,-1,52.0633,-2.10831,0.019953,8.68e+08,10,125000,1,0,24.2323,-9712.08,1,-129.769,-133,0.436224
286234, 582.446, 46, -1,-1,-1,52.8116,25.5221,0.025119,8.68e+08,12,125000,1,0,19.2417,-15691.8,0,-129.9,-137,1.58106
286241, 582.635, 19, -1,-1,-1,38.1762,0.856056,0.025119,8.68e+08,11,125000,1,0,29.6468,13719.4,0,-127.682,-135,0.790528
286243, 582.795, 54, -1,-1,-1,33.9169,-17.5406,0.019953,8.68e+08,11,125000,1,0,2.99402,10098.5,0,-135.374,-135,0.790528
286245, 582.81, 14, -1,-1,-1,53.0462,-6.68945,0.015849,8.68e+08,12,125000,1,0,17.4702,-9168.85,0,-132.332,-137,1.58106
286247, 582.83, 2, -1,-1,-1,51.5344,12.7308,0.019953,8.68e+08,12,125000,1,0,37.506,-15369.3,0,-127.348,-137,1.58106
286249, 583.01, 34, -1,-1,-1,48.7562,19.7846,0.025119,8.68e+08,11,125000,1,0,34.6153,-12287.9,0,-126.808,-135,0.790528
286261, 583.695, 57, -1,-1,-1,35.1402,33.8726,0.025119,8.68e+08,12,125000,1,0,6.9488,1698.56,0,-133.196,-137,1.58106
286264, 583.99, 41, -1,-1,-1,59.5484,25.9088,0.019953,8.68e+08,11,125000,1,0,10.385,-18704.4,1,-133.21,-135,0.790528
286267, 584.165, 27, -1,-1,-1,50.6159,6.80471,0.025119,8.68e+08,12,125000,1,0,40.656,-12408.6,1,-125.887,-137,1.58106
286274, 584.88, 11, -1,-1,-1,56.9993,38.0547,0.019953,8.68e+08,12,125000,1,0,5.49185,-16768.8,0,-134.629,-137,1.58106
286282, 585.222, 9, -1,-1,-1,39.6549,24.3091,0.025119,8.68e+08,10,125000,1,0,22.9622,1485.94,1,-129.044,-133,0.436224
286299, 585.764, 53, -1,-1,-1,63.4292,-20.8181,0.019953,8.68e+08,10,125000,1,0,0.571915,-13644.8,0,-136.111,-133,0.436224
286302, 585.789, 28, -1,-1,-1,56.1214,14.8064,0.019953,8.68e+08,10,125000,1,0,21.1944,-18182.6,1,-130.44,-133,0.436224
286320, 586.397, 4, -1,-1,-1,41.4412,12.9351,0.019953,8.68e+08,10,125000,1,0,59.5217,6057.94,1,-124.867,-133,0.436224
286327, 586.661, 10, -1,-1,-1,28.9812,30.4875,0.019953,8.68e+08,12,125000,1,0,4.59554,7439.71,0,-134.887,-137,1.58106
286330, 586.875, 15, -1,-1,-1,44.3496,3.32595,0.025119,8.68e+08,11,125000,1,0,50.7255,2172.57,1,-124.662,-135,0.790528
286332, 586.998, 43, -1,-1,-1,55.6658,27.4582,0.015849,8.68e+08,10,125000,1,0,13.5433,-17343.1,0,-133.344,-133,0.436224
286335, 587.119, 1, -1,-1,-1,47.2765,2.22214,0.015849,8.68e+08,12,125000,1,0,42.4819,-4400.17,1,-127.638,-137,1.58106
286337, 587.131, 3, -1,-1,-1,41.7537,-4.41958,0.015849,8.68e+08,11,125000,1,0,25.0399,6665.64,0,-130.597,-135,0.790528
286359, 587.929, 32, -1,-1,-1,51.2589,12.3527,0.019953,8.68e+08,11,125000,1,0,37.3597,-15488.8,0,-127.369,-135,0.790528
286366, 588.183, 7, -1,-1,-1,47.6351,15.354,0.015849,8.68e+08,11,125000,1,0,48.4152,-11069,0,-126.911,-135,0.790528
286369, 588.256, 25, -1,-1,-1,47.5334,10.9197,0.019953,8.68e+08,10,125000,1,0,59.3203,-9901.83,1,-124.882,-133,0.436224
286376, 588.384, 47, -1,-1,-1,60.7194,5.65594,0.015849,8.68e+08,11,125000,1,0,12.1945,-17806,0,-133.707,-135,0.790528
286378, 588.405, 23, -1,-1,-1,52.8622,11.1827,0.019953,8.68e+08,10,125000,1,0,31.3558,-16467.7,0,-128.367,-133,0.436224
286391, 589.179, 48, -1,-1,-1,58.3997,11.2994,0.015849,8.68e+08,10,125000,1,0,16.5591,-18399.4,1,-132.557,-133,0.436224
286394, 589.617, 52, -1,-1,-1,39.7577,32.3711,0.019953,8.68e+08,11,125000,1,0,11.5874,-2439.66,1,-132.876,-135,0.790528
286407, 589.943, 39, -1,-1,-1,43.5465,21.5478,0.025119,8.68e+08,12,125000,1,0,32.932,-4088.26,1,-127.091,-137,1.58106
286420, 590.214, 17, -1,-1,-1,50.975,1.0294,0.019953,8.68e+08,10,125000,1,0,29.9714,-10576.2,1,-128.62,-133,0.436224
286438, 590.781, 26, -1,-1,-1,45.7065,9.06593,0.025119,8.68e+08,11,125000,1,0,72.8372,-4845.2,1,-123.081,-135,0.790528
286446, 590.948, 18, -1,-1,-1,40.3252,0.458257,0.015849,8.68e+08,10,125000,1,0,35.0238,9840.99,1,-128.739,-133,0.436224
286448, 591.157, 22, -1,-1,-1,49.8807,11.1424,0.019953,8.68e+08,11,125000,1,0,43.6401,-14073.2,0,-126.484,-135,0.790528
286460, 591.508, 0, -1,-1,-1,52.8019,-0.140325,0.019953,8.68e+08,12,125000,1,0,24.3261,-12078.8,0,-129.747,-137,1.58106
286478, 591.714, 56, -1,-1,-1,36.3084,12.5542,0.019953,8.68e+08,12,125000,1,0,34.9677,13969,1,-127.747,-137,1.58106
286480, 591.727, 45, -1,-1,-1,51.1713,24.9679,0.025119,8.68e+08,11,125000,1,0,20.6954,-14966.8,0,-129.556,-135,0.790528
286487, 592.011, 40, -1,-1,-1,60.8808,23.4982,0.015849,8.68e+08,12,125000,1,0,9.17236,-19188,0,-134.552,-137,1.58106
286489, 592.223, 30, -1,-1,-1,49.4973,17.4698,0.015849,8.68e+08,11,125000,1,0,35.8454,-14242.5,0,-128.606,-135,0.790528
286492, 592.34, 49, -1,-1,-1,46.408,9.75733,0.015849,8.68e+08,11,125000,1,0,66.9028,-7396.81,1,-125.372,-135,0.790528
286499, 592.528, 59, -1,-1,-1,68.2639,21.0486,0.015849,8.68e+08,11,125000,1,0,1.46063,-19538.7,0,-136.839,-135,0.790528
286506, 592.763, 44, -1,-1,-1,50.511,28.5311,0.019953,8.68e+08,12,125000,1,0,16.8302,-13956.1,0,-131.491,-137,1.58106
286509, 592.898, 33, -1,-1,-1,47.239,17.4643,0.019953,8.68e+08,10,125000,1,0,41.9219,-11063.4,1,-126.712,-133,0.436224
286521, 593.189, 42, -1,-1,-1,57.7616,26.6615,0.019953,8.68e+08,12,125000,1,0,11.2738,-18355,0,-132.961,-137,1.58106
286523, 593.22, 5, -1,-1,-1,53.5397,3.21519,0.015849,8.68e+08,12,125000,1,0,25.5621,-14322.8,0,-130.486,-137,1.58106
286526, 593.461, 51, -1,-1,-1,41.8919,29.6462,0.019953,8.68e+08,10,125000,1,0,16.1129,-4367.71,1,-131.673,-133,0.436224
286534, 593.962, 19, -1,-1,-1,38.1762,0.856056,0.025119,8.68e+08,11,125000,1,0,31.5256,12805.4,1,-127.336,-135,0.790528
286541, 594.174, 29, -1,-1,-1,50.7851,21.7882,0.015849,8.68e+08,12,125000,1,0,25.4078,-15164.7,0,-130.519,-137,1.58106
286548, 595.123, 46, -1,-1,-1,52.8116,25.5221,0.025119,8.68e+08,12,125000,1,0,17.8019,-16252.4,0,-130.248,-137,1.58106
286551, 595.326, 8, -1,-1,-1,60.4856,7.73014,0.025119,8.68e+08,11,125000,1,0,12.1507,-18311.9,1,-131.718,-135,0.790528
286559, 595.749, 24, -1,-1,-1,47.5807,13.3667,0.025119,8.68e+08,12,125000,1,0,51.8457,-11589.7,1,-124.546,-137,1.58106
286582, 596.348, 16, -1,-1,-1,42.4575,7.48746,0.019953,8.68e+08,11,125000,1,0,71.1533,4579.4,1,-124.154,-135,0.790528
286590, 596.648, 4, -1,-1,-1,41.4412,12.9351,0.019953,8.68e+08,10,125000,1,0,62.0388,4162.13,1,-124.68,-133,0.436224
286592, 596.898, 13, -1,-1,-1,57.0723,-1.70621,0.015849,8.68e+08,11,125000,1,0,14.8269,-14959,0,-133.002,-135,0.790528
286595, 597.189, 15, -1,-1,-1,44.3496,3.32595,0.025119,8.68e+08,11,125000,1,0,51.1224,352.584,1,-124.62,-135,0.790528
286597, 597.734, 6, -1,-1,-1,58.2129,16.2971,0.025119,8.68e+08,12,125000,1,0,15.0662,-18972.2,0,-130.939,-137,1.58106
286600, 597.812, 27, -1,-1,-1,50.6159,6.80471,0.025119,8.68e+08,12,125000,1,0,37.3512,-13718.2,1,-126.369,-137,1.58106
286613, 598.666, 32, -1,-1,-1,51.2589,12.3527,0.019953,8.68e+08,11,125000,1,0,34.6138,-16213.7,1,-127.805,-135,0.790528
286626, 599.848, 50, -1,-1,-1,39.4666,15.4567,0.025119,8.68e+08,12,125000,1,0,44.473,6263.58,1,-125.378,-137,1.58106
286629, 600.141, 9, -1,-1,-1,39.6549,24.3091,0.025119,8.68e+08,10,125000,1,0,23.0484,-105.541,1,-129.023,-133,0.436224
286641, 600.86, 57, -1,-1,-1,35.1402,33.8726,0.025119,8.68e+08,12,125000,1,0,7.02456,565.089,0,-133.173,-137,1.58106
286764, 601.215, 35, -1,-1,-1,45.7431,26.4773,0.019953,8.68e+08,10,125000,1,0,21.3694,-9300.3,1,-130.4,-133,0.436224
286786, 601.741, 36, -1,-1,-1,43.7267,24.2592,0.019953,8.68e+08,12,125000,1,0,25.7438,-6152.92,0,-129.449,-137,1.58106
286793, 601.968, 53, -1,-1,-1,63.4292,-20.8181,0.019953,8.68e+08,10,125000,1,0,-0.134971,-13918.4,0,-136.325,-133,0.436224
286795, 602.01, 58, -1,-1,-1,60.5259,-7.32063,0.025119,8.68e+08,10,125000,1,0,7.4096,-15057.1,0,-133.061,-133,0.436224
286803, 602.283, 38, -1,-1,-1,44.5391,14.5207,0.025119,8.68e+08,10,125000,1,0,57.7597,-5906.91,1,-124.005,-133,0.436224
286811, 602.519, 31, -1,-1,-1,54.7544,21.0473,0.025119,8.68e+08,11,125000,1,0,18.0403,-17874.5,1,-130.187,-135,0.790528
286813, 602.581, 43, -1,-1,-1,55.6658,27.4582,0.015849,8.68e+08,10,125000,1,0,12.0745,-17580.2,0,-133.739,-133,0.436224
286830, 603.098, 2, -1,-1,-1,51.5344,12.7308,0.019953,8.68e+08,12,125000,1,0,32.4914,-16369.8,0,-128.164,-137,1.58106
286852, 603.504, 52, -1,-1,-1,39.7577,32.3711,0.019953,8.68e+08,11,125000,1,0,11.3794,-3300.77,0,-132.932,-135,0.790528
286859, 603.605, 47, -1,-1,-1,60.7194,5.65594,0.015849,8.68e+08,11,125000,1,0,10.8137,-17954.2,0,-134.086,-135,0.790528
286861, 603.957, 20, -1,-1,-1,37.9471,-10.2414,0.015849,8.68e+08,11,125000,1,0,13.6659,8486.33,0,-133.309,-135,0.790528
286863, 603.989, 1, -1,-1,-1,47.2765,2.22214,0.015849,8.68e+08,12,125000,1,0,40.5295,-6484.22,0,-127.902,-137,1.58106
286866, 604.019, 23, -1,-1,-1,52.8622,11.1827,0.019953,8.68e+08,10,125000,1,0,28.1685,-16977.2,1,-128.96,-133,0.436224
286869, 604.105, 37, -1,-1,-1,39.3182,23.7585,0.025119,8.68e+08,11,125000,1,0,23.7213,494.679,1,-128.876,-135,0.790528
286871, 604.11, 55, -1,-1,-1,29.3703,-15.3954,0.025119,8.68e+08,11,125000,1,0,2.33121,12678.3,0,-134.569,-135,0.790528
286873, 604.187, 41, -1,-1,-1,59.5484,25.9088,0.019953,8.68e+08,11,125000,1,0,8.63051,-18870.9,0,-133.707,-135,0.790528
286895, 604.641, 21, -1,-1,-1,39.9798,-9.60875,0.019953,8.68e+08,12,125000,1,0,15.8997,6472.52,0,-131.726,-137,1.58106
286917, 605.54, 48, -1,-1,-1,58.3997,11.2994,0.015849,8.68e+08,10,125000,1,0,14.6924,-18563.6,0,-133.035,-133,0.436224
286919, 605.628, 45, -1,-1,-1,51.1713,24.9679,0.025119,8.68e+08,11,125000,1,0,19.0887,-15442.7,0,-129.933,-135,0.790528
286921, 605.77, 46, -1,-1,-1,52.8116,25.5221,0.025119,8.68e+08,12,125000,1,0,16.6412,-16458.3,0,-130.536,-137,1.58106
286923, 605.913, 14, -1,-1,-1,53.0462,-6.68945,0.015849,8.68e+08,12,125000,1,0,15.9678,-10548.6,0,-132.707,-137,1.58106
286930, 605.989, 40, -1,-1,-1,60.8808,23.4982,0.015849,8.68e+08,12,125000,1,0,7.98611,-19200.1,0,-134.892,-137,1.58106
286933, 606.159, 56, -1,-1,-1,36.3084,12.5542,0.019953,8.68e+08,12,125000,1,0,38.169,12990.9,1,-127.243,-137,1.58106
286935, 606.212, 54, -1,-1,-1,33.9169,-17.5406,0.019953,8.68e+08,11,125000,1,0,3.77998,9234.81,0,-135.136,-135,0.790528
286938, 606.212, 34, -1,-1,-1,48.7562,19.7846,0.025119,8.68e+08,11,125000,1,0,30.3771,-13956.1,1,-127.544,-135,0.790528
286946, 606.392, 12, -1,-1,-1,52.0633,-2.10831,0.019953,8.68e+08,10,125000,1,0,21.8961,-11430.9,1,-130.278,-133,0.436224
286969, 607.031, 49, -1,-1,-1,46.408,9.75733,0.015849,8.68e+08,11,125000,1,0,60.0567,-9462.45,1,-125.823,-135,0.790528
286976, 607.346, 13, -1,-1,-1,57.0723,-1.70621,0.015849,8.68e+08,11,125000,1,0,13.9143,-15167.3,0,-133.241,-135,0.790528
286979, 607.744, 28, -1,-1,-1,56.1214,14.8064,0.019953,8.68e+08,10,125000,1,0,18.1607,-18561.4,1,-131.156,-133,0.436224
286982, 607.981, 0, -1,-1,-1,52.8019,-0.140325,0.019953,8.68e+08,12,125000,1,0,22.4621,-12980.4,1,-130.151,-137,1.58106
286989, 608.079, 10, -1,-1,-1,28.9812,30.4875,0.019953,8.68e+08,12,125000,1,0,5.14473,6424.71,0,-134.722,-137,1.58106
286991, 608.409, 11, -1,-1,-1,56.9993,38.0547,0.019953,8.68e+08,12,125000,1,0,3.99532,-17150.4,0,-135.074,-137,1.58106
286994, 608.797, 26, -1,-1,-1,45.7065,9.06593,0.025119,8.68e+08,11,125000,1,0,64.5338,-7809.85,1,-123.512,-135,0.790528
287021, 609.98, 18, -1,-1,-1,40.3252,0.458257,0.015849,8.68e+08,10,125000,1,0,37.7893,7923.7,0,-128.302,-133,0.436224
287023, 610.027, 17, -1,-1,-1,50.975,1.0294,0.019953,8.68e+08,10,125000,1,0,27.3721,-12035.2,0,-129.117,-133,0.436224
287026, 610.043, 15, -1,-1,-1,44.3496,3.32595,0.025119,8.68e+08,11,125000,1,0,50.8936,-1516.07,1,-124.641,-135,0.790528
287033, 610.161, 59, -1,-1,-1,68.2639,21.0486,0.015849,8.68e+08,11,125000,1,0,0.35278,-19522.6,0,-137.174,-135,0.790528
287055, 610.959, 7, -1,-1,-1,47.6351,15.354,0.015849,8.68e+08,11,125000,1,0,41.7065,-13287.4,0,-127.738,-135,0.790528
287057, 611.036, 22, -1,-1,-1,49.8807,11.1424,0.019953,8.68e+08,11,125000,1,0,37.8006,-15393.9,0,-127.299,-135,0.790528
287065, 611.247, 33, -1,-1,-1,47.239,17.4643,0.019953,8.68e+08,10,125000,1,0,37.739,-12701.9,1,-127.309,-133,0.436224
287068, 611.392, 24, -1,-1,-1,47.5807,13.3667,0.025119,8.68e+08,12,125000,1,0,46.3248,-13068.5,1,-125.149,-137,1.58106
287070, 611.646, 5, -1,-1,-1,53.5397,3.21519,0.015849,8.68e+08,12,125000,1,0,23.013,-15145.6,0,-131.028,-137,1.58106
287078, 611.974, 3, -1,-1,-1,41.7537,-4.41958,0.015849,8.68e+08,11,125000,1,0,26.3892,4317.4,1,-130.316,-135,0.790528
287086, 612.214, 25, -1,-1,-1,47.5334,10.9197,0.019953,8.68e+08,10,125000,1,0,49.5033,-12716.4,1,-125.787,-133,0.436224
287088, 612.296, 29, -1,-1,-1,50.7851,21.7882,0.015849,8.68e+08,12,125000,1,0,22.7917,-15903.1,0,-131.078,-137,1.58106
287101, 613.595, 39, -1,-1,-1,43.5465,21.5478,0.025119,8.68e+08,12,125000,1,0,31.1835,-6729.8,1,-127.396,-137,1.58106
287119, 614.257, 30, -1,-1,-1,49.4973,17.4698,0.015849,8.68e+08,11,125000,1,0,31.1167,-15544.1,1,-129.407,-135,0.790528
287121, 614.387, 8, -1,-1,-1,60.4856,7.73014,0.025119,8.68e+08,11,125000,1,0,10.3996,-18508.4,0,-132.201,-135,0.790528
287123, 614.492, 43, -1,-1,-1,55.6658,27.4582,0.015849,8.68e+08,10,125000,1,0,11.0032,-17894.6,0,-134.034,-133,0.436224
287130, 614.62, 42, -1,-1,-1,57.7616,26.6615,0.019953,8.68e+08,12,125000,1,0,9.38134,-18604.1,0,-133.491,-137,1.58106
287153, 615.487, 4, -1,-1,-1,41.4412,12.9351,0.019953,8.68e+08,10,125000,1,0,64.7133,859.207,1,-124.5,-133,0.436224
287160, 615.642, 23, -1,-1,-1,52.8622,11.1827,0.019953,8.68e+08,10,125000,1,0,26.0173,-17497.8,0,-129.388,-133,0.436224
287172, 615.819, 6, -1,-1,-1,58.2129,16.2971,0.025119,8.68e+08,12,125000,1,0,13.1034,-19113.7,0,-131.456,-137,1.58106
287179, 616.11, 44, -1,-1,-1,50.511,28.5311,0.019953,8.68e+08,12,125000,1,0,14.7398,-14902.4,0,-132.024,-137,1.58106
287181, 616.145, 31, -1,-1,-1,54.7544,21.0473,0.025119,8.68e+08,11,125000,1,0,16.399,-18270.6,0,-130.595,-135,0.790528
287189, 616.207, 16, -1,-1,-1,42.4575,7.48746,0.019953,8.68e+08,11,125000,1,0,76.772,881.643,1,-123.933,-135,0.790528
287201, 616.428, 32, -1,-1,-1,51.2589,12.3527,0.019953,8.68e+08,11,125000,1,0,30.5614,-16923.6,0,-128.507,-135,0.790528
287203, 616.508, 34, -1,-1,-1,48.7562,19.7846,0.025119,8.68e+08,11,125000,1,0,28.6052,-14688.9,0,-127.876,-135,0.790528
287205, 616.584, 19, -1,-1,-1,38.1762,0.856056,0.025119,8.68e+08,11,125000,1,0,35.41,10997.4,0,-126.673,-135,0.790528
287207, 616.619, 52, -1,-1,-1,39.7577,32.3711,0.019953,8.68e+08,11,125000,1,0,11.1274,-4270.12,0,-133,-135,0.790528
287210, 616.837, 51, -1,-1,-1,41.8919,29.6462,0.019953,8.68e+08,10,125000,1,0,15.3544,-6096.52,1,-131.865,-133,0.436224
287217, 617.093, 49, -1,-1,-1,46.408,9.75733,0.015849,8.68e+08,11,125000,1,0,55.7165,-10963.8,0,-126.177,-135,0.790528
287235, 617.744, 27, -1,-1,-1,50.6159,6.80471,0.025119,8.68e+08,12,125000,1,0,32.9268,-14978.7,1,-127.086,-137,1.58106
287242, 618.156, 54, -1,-1,-1,33.9169,-17.5406,0.019953,8.68e+08,11,125000,1,0,4.16278,8640.28,0,-135.02,-135,0.790528
287244, 618.196, 47, -1,-1,-1,60.7194,5.65594,0.015849,8.68e+08,11,125000,1,0,9.55622,-18292.8,0,-134.439,-135,0.790528
287246, 618.567, 2, -1,-1,-1,51.5344,12.7308,0.019953,8.68e+08,12,125000,1,0,29.1712,-17185.3,0,-128.766,-137,1.58106
287263, 618.959, 40, -1,-1,-1,60.8808,23.4982,0.015849,8.68e+08,12,125000,1,0,6.93526,-19395.7,0,-135.197,-137,1.58106
287266, 619.361, 50, -1,-1,-1,39.4666,15.4567,0.025119,8.68e+08,12,125000,1,0,46.8885,3540.69,1,-125.082,-137,1.58106
287269, 619.539, 13, -1,-1,-1,57.0723,-1.70621,0.015849,8.68e+08,11,125000,1,0,12.875,-15669.6,1,-133.518,-135,0.790528
287282, 620.063, 38, -1,-1,-1,44.5391,14.5207,0.025119,8.68e+08,10,125000,1,0,52.8085,-8833.42,1,-124.447,-133,0.436224
287289, 620.18, 56, -1,-1,-1,36.3084,12.5542,0.019953,8.68e+08,12,125000,1,0,41.4523,11537.5,0,-126.771,-137,1.58106
287296, 620.427, 1, -1,-1,-1,47.2765,2.22214,0.015849,8.68e+08,12,125000,1,0,38.1795,-8657.29,0,-128.241,-137,1.58106
287304, 620.586, 18, -1,-1,-1,40.3252,0.458257,0.015849,8.68e+08,10,125000,1,0,39.1783,6888.73,1,-128.094,-133,0.436224
287307, 620.592, 45, -1,-1,-1,51.1713,24.9679,0.025119,8.68e+08,11,125000,1,0,17.4359,-16120.3,1,-130.335,-135,0.790528
287309, 620.682, 58, -1,-1,-1,60.5259,-7.32063,0.025119,8.68e+08,10,125000,1,0,6.23619,-15446.2,0,-133.403,-133,0.436224
287317, 621.561, 26, -1,-1,-1,45.7065,9.06593,0.025119,8.68e+08,11,125000,1,0,58.8691,-9498.42,1,-123.912,-135,0.790528
287325, 622.05, 36, -1,-1,-1,43.7267,24.2592,0.019953,8.68e+08,12,125000,1,0,24.3183,-7950.22,1,-129.746,-137,1.58106
287328, 622.295, 28, -1,-1,-1,56.1214,14.8064,0.019953,8.68e+08,10,125000,1,0,16.3473,-18682,1,-131.606,-133,0.436224
287361, 623.199, 12, -1,-1,-1,52.0633,-2.10831,0.019953,8.68e+08,10,125000,1,0,20.2742,-12347.3,1,-130.649,-133,0.436224
287379, 623.758, 35, -1,-1,-1,45.7431,26.4773,0.019953,8.68e+08,10,125000,1,0,19.5748,-10845.9,1,-130.816,-133,0.436224
287381, 623.79, 59, -1,-1,-1,68.2639,21.0486,0.015849,8.68e+08,11,125000,1,0,-0.47482,-19456.8,0,-137.424,-135,0.790528
287383, 623.887, 53, -1,-1,-1,63.4292,-20.8181,0.019953,8.68e+08,10,125000,1,0,-1.08774,-14330.8,0,-136.612,-133,0.436224
287386, 623.923, 15, -1,-1,-1,44.3496,3.32595,0.025119,8.68e+08,11,125000,1,0,49.7831,-3518.42,1,-124.756,-135,0.790528
287388, 623.961, 57, -1,-1,-1,35.1402,33.8726,0.025119,8.68e+08,12,125000,1,0,7.01699,-615.823,0,-133.173,-137,1.58106
287390, 624.134, 0, -1,-1,-1,52.8019,-0.140325,0.019953,8.68e+08,12,125000,1,0,20.6722,-13736.9,0,-130.556,-137,1.58106
287398, 624.298, 39, -1,-1,-1,43.5465,21.5478,0.025119,8.68e+08,12,125000,1,0,30.1944,-7679.34,1,-127.576,-137,1.58106
287410, 624.402, 20, -1,-1,-1,37.9471,-10.2414,0.015849,8.68e+08,11,125000,1,0,14.5666,7264.8,0,-133.069,-135,0.790528
287423, 624.754, 9, -1,-1,-1,39.6549,24.3091,0.025119,8.68e+08,10,125000,1,0,22.7843,-2265.4,1,-129.079,-133,0.436224
287431, 625.439, 7, -1,-1,-1,47.6351,15.354,0.015849,8.68e+08,11,125000,1,0,37.8697,-14279.1,1,-128.287,-135,0.790528
287433, 625.54, 41, -1,-1,-1,59.5484,25.9088,0.019953,8.68e+08,11,125000,1,0,6.90228,-19022.4,0,-134.206,-135,0.790528
287435, 625.653, 3, -1,-1,-1,41.7537,-4.41958,0.015849,8.68e+08,11,125000,1,0,26.9057,3078.67,0,-130.209,-135,0.790528
287442, 625.767, 21, -1,-1,-1,39.9798,-9.60875,0.019953,8.68e+08,12,125000,1,0,16.6463,4994.36,0,-131.533,-137,1.58106
287449, 625.92, 14, -1,-1,-1,53.0462,-6.68945,0.015849,8.68e+08,12,125000,1,0,14.6122,-11566,0,-133.056,-137,1.58106
287461, 626.528, 55, -1,-1,-1,29.3703,-15.3954,0.025119,8.68e+08,11,125000,1,0,3.27601,12036.2,0,-134.282,-135,0.790528
287463, 626.601, 8, -1,-1,-1,60.4856,7.73014,0.025119,8.68e+08,11,125000,1,0,9.33932,-18531.9,0,-132.499,-135,0.790528
287466, 626.797, 31, -1,-1,-1,54.7544,21.0473,0.025119,8.68e+08,11,125000,1,0,15.1886,-18325.5,1,-130.904,-135,0.790528
287503, 627.745, 37, -1,-1,-1,39.3182,23.7585,0.025119,8.68e+08,11,125000,1,0,23.5524,-1837.15,0,-128.91,-135,0.790528
287506, 627.895, 51, -1,-1,-1,41.8919,29.6462,0.019953,8.68e+08,10,125000,1,0,14.9248,-6765.88,1,-131.975,-133,0.436224
287508, 627.91, 46, -1,-1,-1,52.8116,25.5221,0.025119,8.68e+08,12,125000,1,0,14.3624,-17032.3,0,-131.121,-137,1.58106
287510, 628.02, 48, -1,-1,-1,58.3997,11.2994,0.015849,8.68e+08,10,125000,1,0,12.3482,-18822.3,0,-133.659,-133,0.436224
287512, 628.163, 22, -1,-1,-1,49.8807,11.1424,0.019953,8.68e+08,11,125000,1,0,33.4842,-16222.2,0,-127.989,-135,0.790528
287525, 628.522, 24, -1,-1,-1,47.5807,13.3667,0.025119,8.68e+08,12,125000,1,0,40.9793,-14385.2,1,-125.835,-137,1.58106
287537, 628.717, 27, -1,-1,-1,50.6159,6.80471,0.025119,8.68e+08,12,125000,1,0,30.6987,-15408.6,0,-127.48,-137,1.58106
287540, 628.857, 17, -1,-1,-1,50.975,1.0294,0.019953,8.68e+08,10,125000,1,0,24.9267,-13183.9,1,-129.614,-133,0.436224
287542, 628.871, 43, -1,-1,-1,55.6658,27.4582,0.015849,8.68e+08,10,125000,1,0,9.76446,-18037.1,0,-134.38,-133,0.436224
287544, 629.314, 10, -1,-1,-1,28.9812,30.4875,0.019953,8.68e+08,12,125000,1,0,5.61757,5363.06,0,-134.581,-137,1.58106
287552, 629.498, 49, -1,-1,-1,46.408,9.75733,0.015849,8.68e+08,11,125000,1,0,50.7917,-12194.7,1,-126.648,-135,0.790528
287554, 629.503, 47, -1,-1,-1,60.7194,5.65594,0.015849,8.68e+08,11,125000,1,0,8.62232,-18307.6,0,-134.705,-135,0.790528
287567, 630.09, 23, -1,-1,-1,52.8622,11.1827,0.019953,8.68e+08,10,125000,1,0,23.5702,-17791.1,1,-129.903,-133,0.436224
287584, 630.922, 6, -1,-1,-1,58.2129,16.2971,0.025119,8.68e+08,12,125000,1,0,11.584,-19170.6,0,-131.869,-137,1.58106
287596, 631.209, 29, -1,-1,-1,50.7851,21.7882,0.015849,8.68e+08,12,125000,1,0,20.2705,-16538.8,0,-131.649,-137,1.58106
287599, 631.463, 18, -1,-1,-1,40.3252,0.458257,0.015849,8.68e+08,10,125000,1,0,40.4261,5369.5,1,-127.913,-133,0.436224
287611, 631.874, 5, -1,-1,-1,53.5397,3.21519,0.015849,8.68e+08,12,125000,1,0,20.4077,-15907.3,0,-131.616,-137,1.58106
287613, 631.993, 30, -1,-1,-1,49.4973,17.4698,0.015849,8.68e+08,11,125000,1,0,27.74,-16304.8,0,-130.041,-135,0.790528
287615, 632.303, 54, -1,-1,-1,33.9169,-17.5406,0.019953,8.68e+08,11,125000,1,0,4.59779,8155.17,0,-134.889,-135,0.790528
287617, 632.351, 11, -1,-1,-1,56.9993,38.0547,0.019953,8.68e+08,12,125000,1,0,2.53403,-17481.2,0,-135.512,-137,1.58106
287620, 632.425, 50, -1,-1,-1,39.4666,15.4567,0.025119,8.68e+08,12,125000,1,0,47.8104,1705.57,1,-124.973,-137,1.58106
287623, 632.443, 19, -1,-1,-1,38.1762,0.856056,0.025119,8.68e+08,11,125000,1,0,38.1412,9574.55,1,-126.245,-135,0.790528
287631, 633.182, 33, -1,-1,-1,47.239,17.4643,0.019953,8.68e+08,10,125000,1,0,33.0746,-14302.4,1,-128.06,-133,0.436224
287639, 633.886, 28, -1,-1,-1,56.1214,14.8064,0.019953,8.68e+08,10,125000,1,0,14.9983,-18946.3,1,-131.952,-133,0.436224
287657, 634.871, 34, -1,-1,-1,48.7562,19.7846,0.025119,8.68e+08,11,125000,1,0,25.6314,-15562.5,1,-128.467,-135,0.790528
287665, 634.919, 9, -1,-1,-1,39.6549,24.3091,0.025119,8.68e+08,10,125000,1,0,22.5327,-3324.49,1,-129.133,-133,0.436224
287667, 635.001, 13, -1,-1,-1,57.0723,-1.70621,0.015849,8.68e+08,11,125000,1,0,11.5977,-16008.3,0,-133.865,-135,0.790528
287689, 635.69, 52, -1,-1,-1,39.7577,32.3711,0.019953,8.68e+08,11,125000,1,0,10.6717,-5451.89,0,-133.126,-135,0.790528
287692, 635.729, 38, -1,-1,-1,44.5391,14.5207,0.025119,8.68e+08,10,125000,1,0,48.1947,-10685.2,1,-124.929,-133,0.436224
287694, 635.772, 53, -1,-1,-1,63.4292,-20.8181,0.019953,8.68e+08,10,125000,1,0,-1.60205,-14662.2,0,-136.767,-133,0.436224
287707, 636.563, 25, -1,-1,-1,47.5334,10.9197,0.019953,8.68e+08,10,125000,1,0,41.3485,-14780,1,-126.783,-133,0.436224
287714, 636.832, 44, -1,-1,-1,50.511,28.5311,0.019953,8.68e+08,12,125000,1,0,12.9578,-15581.6,0,-132.496,-137,1.58106
287716, 636.893, 40, -1,-1,-1,60.8808,23.4982,0.015849,8.68e+08,12,125000,1,0,5.55288,-19441,0,-135.603,-137,1.58106
287724, 637.585, 32, -1,-1,-1,51.2589,12.3527,0.019953,8.68e+08,11,125000,1,0,26.3986,-17617.1,1,-129.308,-135,0.790528
287731, 637.723, 14, -1,-1,-1,53.0462,-6.68945,0.015849,8.68e+08,12,125000,1,0,13.8009,-12260.7,0,-133.268,-137,1.58106
287773, 638.864, 58, -1,-1,-1,60.5259,-7.32063,0.025119,8.68e+08,10,125000,1,0,5.12208,-16004,0,-133.731,-133,0.436224
287776, 639.033, 27, -1,-1,-1,50.6159,6.80471,0.025119,8.68e+08,12,125000,1,0,28.7325,-16035.1,1,-127.847,-137,1.58106
287788, 639.191, 3, -1,-1,-1,41.7537,-4.41958,0.015849,8.68e+08,11,125000,1,0,27.2316,1500.34,0,-130.142,-135,0.790528
287795, 639.292, 42, -1,-1,-1,57.7616,26.6615,0.019953,8.68e+08,12,125000,1,0,7.36479,-18862.9,0,-134.069,-137,1.58106
287807, 639.476, 31, -1,-1,-1,54.7544,21.0473,0.025119,8.68e+08,11,125000,1,0,13.8229,-18634.6,0,-131.261,-135,0.790528
287814, 639.547, 59, -1,-1,-1,68.2639,21.0486,0.015849,8.68e+08,11,125000,1,0,-1.40331,-19619.2,0,-137.705,-135,0.790528
287816, 639.559, 51, -1,-1,-1,41.8919,29.6462,0.019953,8.68e+08,10,125000,1,0,14.4295,-7648.06,0,-132.104,-133,0.436224
287818, 639.56, 35, -1,-1,-1,45.7431,26.4773,0.019953,8.68e+08,10,125000,1,0,18.2696,-11950.5,0,-131.128,-133,0.436224
287820, 639.641, 37, -1,-1,-1,39.3182,23.7585,0.025119,8.68e+08,11,125000,1,0,23.2857,-3105.59,0,-128.967,-135,0.790528
287828, 639.982, 4, -1,-1,-1,41.4412,12.9351,0.019953,8.68e+08,10,125000,1,0,62.9517,-3627.57,1,-124.611,-133,0.436224
287830, 640.026, 36, -1,-1,-1,43.7267,24.2592,0.019953,8.68e+08,12,125000,1,0,22.8792,-9586.18,0,-130.056,-137,1.58106
287832, 640.056, 26, -1,-1,-1,45.7065,9.06593,0.025119,8.68e+08,11,125000,1,0,51.3938,-12087.5,0,-124.585,-135,0.790528
287834, 640.171, 10, -1,-1,-1,28.9812,30.4875,0.019953,8.68e+08,12,125000,1,0,5.82884,4710.29,0,-134.518,-137,1.58106
287836, 640.218, 15, -1,-1,-1,44.3496,3.32595,0.025119,8.68e+08,11,125000,1,0,47.5426,-6188.13,0,-125.003,-135,0.790528
287838, 640.247, 16, -1,-1,-1,42.4575,7.48746,0.019953,8.68e+08,11,125000,1,0,73.3152,-3783.73,0,-124.054,-135,0.790528
287840, 640.413, 2, -1,-1,-1,51.5344,12.7308,0.019953,8.68e+08,12,125000,1,0,25.0862,-17844,0,-129.578,-137,1.58106
287858, 641.445, 39, -1,-1,-1,43.5465,21.5478,0.025119,8.68e+08,12,125000,1,0,28.4365,-9478.27,1,-127.906,-137,1.58106
287861, 641.559, 45, -1,-1,-1,51.1713,24.9679,0.025119,8.68e+08,11,125000,1,0,15.2522,-16510.4,1,-130.887,-135,0.790528
287869, 641.746, 17, -1,-1,-1,50.975,1.0294,0.019953,8.68e+08,10,125000,1,0,23.2979,-13768.6,1,-129.961,-133,0.436224
287886, 642.494, 47, -1,-1,-1,60.7194,5.65594,0.015849,8.68e+08,11,125000,1,0,7.58951,-18344.4,0,-135.002,-135,0.790528
287888, 642.816, 0, -1,-1,-1,52.8019,-0.140325,0.019953,8.68e+08,12,125000,1,0,18.6717,-14522.3,0,-131.027,-137,1.58106
287890, 643.458, 56, -1,-1,-1,36.3084,12.5542,0.019953,8.68e+08,12,125000,1,0,47.0762,9303.53,0,-126.056,-137,1.58106
287897, 643.739, 21, -1,-1,-1,39.9798,-9.60875,0.019953,8.68e+08,12,125000,1,0,17.1376,3704.92,0,-131.408,-137,1.58106
287899, 643.824, 24, -1,-1,-1,47.5807,13.3667,0.025119,8.68e+08,12,125000,1,0,36.777,-15281.7,0,-126.452,-137,1.58106
287912, 644.423, 28, -1,-1,-1,56.1214,14.8064,0.019953,8.68e+08,10,125000,1,0,13.8372,-18936.1,1,-132.256,-133,0.436224
287934, 645.131, 1, -1,-1,-1,47.2765,2.22214,0.015849,8.68e+08,12,125000,1,0,34.2426,-10784.1,0,-128.86,-137,1.58106
287936, 645.259, 48, -1,-1,-1,58.3997,11.2994,0.015849,8.68e+08,10,125000,1,0,10.6973,-18929.8,0,-134.113,-133,0.436224
287938, 645.259, 43, -1,-1,-1,55.6658,27.4582,0.015849,8.68e+08,10,125000,1,0,8.41933,-18196.9,0,-134.763,-133,0.436224
287941, 645.549, 12, -1,-1,-1,52.0633,-2.10831,0.019953,8.68e+08,10,125000,1,0,18.1372,-13474.9,1,-131.157,-133,0.436224
287944, 645.758, 13, -1,-1,-1,57.0723,-1.70621,0.015849,8.68e+08,11,125000,1,0,10.7357,-16142.6,1,-134.103,-135,0.790528
287951, 645.8, 29, -1,-1,-1,50.7851,21.7882,0.015849,8.68e+08,12,125000,1,0,18.4624,-16892.6,0,-132.079,-137,1.58106
287974, 646.56, 41, -1,-1,-1,59.5484,25.9088,0.019953,8.68e+08,11,125000,1,0,5.31001,-19138.3,1,-134.674,-135,0.790528
287976, 646.794, 53, -1,-1,-1,63.4292,-20.8181,0.019953,8.68e+08,10,125000,1,0,-2.07719,-14725.7,0,-136.91,-133,0.436224
287984, 646.965, 23, -1,-1,-1,52.8622,11.1827,0.019953,8.68e+08,10,125000,1,0,20.9863,-18104.8,1,-130.479,-133,0.436224
288002, 647.636, 19, -1,-1,-1,38.1762,0.856056,0.025119,8.68e+08,11,125000,1,0,40.6343,8018.45,1,-125.881,-135,0.790528
288004, 647.656, 6, -1,-1,-1,58.2129,16.2971,0.025119,8.68e+08,12,125000,1,0,10.0099,-19236.9,0,-132.307,-137,1.58106
288011, 647.716, 57, -1,-1,-1,35.1402,33.8726,0.025119,8.68e+08,12,125000,1,0,6.87858,-2004.96,0,-133.212,-137,1.58106
288023, 648.012, 7, -1,-1,-1,47.6351,15.354,0.015849,8.68e+08,11,125000,1,0,32.5694,-15639.8,0,-129.144,-135,0.790528
288030, 648.123, 49, -1,-1,-1,46.408,9.75733,0.015849,8.68e+08,11,125000,1,0,44.2625,-13853.7,0,-127.397,-135,0.790528
288032, 648.187, 32, -1,-1,-1,51.2589,12.3527,0.019953,8.68e+08,11,125000,1,0,24.5382,-17762.8,0,-129.693,-135,0.790528
288034, 648.469, 20, -1,-1,-1,37.9471,-10.2414,0.015849,8.68e+08,11,125000,1,0,15.4756,5648.27,0,-132.829,-135,0.790528
288036, 648.531, 22, -1,-1,-1,49.8807,11.1424,0.019953,8.68e+08,11,125000,1,0,29.0571,-17028.3,0,-128.783,-135,0.790528
288058, 649.065, 58, -1,-1,-1,60.5259,-7.32063,0.025119,8.68e+08,10,125000,1,0,4.50944,-16065.7,0,-133.913,-133,0.436224
288060, 649.359, 5, -1,-1,-1,53.5397,3.21519,0.015849,8.68e+08,12,125000,1,0,18.3151,-16412.8,0,-132.113,-137,1.58106
288072, 649.653, 30, -1,-1,-1,49.4973,17.4698,0.015849,8.68e+08,11,125000,1,0,24.7189,-16905.4,0,-130.655,-135,0.790528
288074, 649.672, 55, -1,-1,-1,29.3703,-15.3954,0.025119,8.68e+08,11,125000,1,0,4.23422,11290.3,0,-133.993,-135,0.790528
288076, 649.68, 44, -1,-1,-1,50.511,28.5311,0.019953,8.68e+08,12,125000,1,0,11.8909,-15869.9,0,-132.785,-137,1.58106
288088, 650.324, 46, -1,-1,-1,52.8116,25.5221,0.025119,8.68e+08,12,125000,1,0,12.227,-17504.9,0,-131.692,-137,1.58106
288095, 650.354, 34, -1,-1,-1,48.7562,19.7846,0.025119,8.68e+08,11,125000,1,0,23.3102,-16127.6,0,-128.958,-135,0.790528
288102, 650.387, 3, -1,-1,-1,41.7537,-4.41958,0.015849,8.68e+08,11,125000,1,0,27.352,491.65,0,-130.117,-135,0.790528
288110, 650.588, 15, -1,-1,-1,44.3496,3.32595,0.025119,8.68e+08,11,125000,1,0,45.7407,-7375.3,1,-125.214,-135,0.790528
288113, 650.78, 18, -1,-1,-1,40.3252,0.458257,0.015849,8.68e+08,10,125000,1,0,42.0333,2853.38,1,-127.689,-133,0.436224
288115, 650.961, 37, -1,-1,-1,39.3182,23.7585,0.025119,8.68e+08,11,125000,1,0,22.9266,-4056.48,0,-129.044,-135,0.790528
288242, 651.155, 52, -1,-1,-1,39.7577,32.3711,0.019953,8.68e+08,11,125000,1,0,10.2315,-6332.45,0,-133.248,-135,0.790528
288244, 651.306, 8, -1,-1,-1,60.4856,7.73014,0.025119,8.68e+08,11,125000,1,0,7.32367,-18773.9,0,-133.078,-135,0.790528
288247, 651.424, 9, -1,-1,-1,39.6549,24.3091,0.025119,8.68e+08,10,125000,1,0,21.9618,-4769.28,1,-129.259,-133,0.436224
288275, 653.309, 35, -1,-1,-1,45.7431,26.4773,0.019953,8.68e+08,10,125000,1,0,17.1224,-12611.3,1,-131.41,-133,0.436224
288283, 653.622, 54, -1,-1,-1,33.9169,-17.5406,0.019953,8.68e+08,11,125000,1,0,5.21002,7248.02,1,-134.704,-135,0.790528
288285, 653.647, 11, -1,-1,-1,56.9993,38.0547,0.019953,8.68e+08,12,125000,1,0,1.28259,-17710.7,0,-135.889,-137,1.58106
288292, 654.253, 27, -1,-1,-1,50.6159,6.80471,0.025119,8.68e+08,12,125000,1,0,26.0442,-16553.8,0,-128.378,-137,1.58106
288300, 654.682, 56, -1,-1,-1,36.3084,12.5542,0.019953,8.68e+08,12,125000,1,0,49.6966,7664.28,1,-125.761,-137,1.58106
288303, 654.736, 16, -1,-1,-1,42.4575,7.48746,0.019953,8.68e+08,11,125000,1,0,67.6464,-6212.3,1,-124.321,-135,0.790528
288305, 654.996, 36, -1,-1,-1,43.7267,24.2592,0.019953,8.68e+08,12,125000,1,0,21.5992,-10593.6,0,-130.341,-137,1.58106
288313, 655.602, 33, -1,-1,-1,47.239,17.4643,0.019953,8.68e+08,10,125000,1,0,28.7867,-15560.7,1,-128.835,-133,0.436224
288335, 655.975, 0, -1,-1,-1,52.8019,-0.140325,0.019953,8.68e+08,12,125000,1,0,17.315,-15185.2,0,-131.359,-137,1.58106
288342, 656.273, 51, -1,-1,-1,41.8919,29.6462,0.019953,8.68e+08,10,125000,1,0,13.6552,-8650.76,0,-132.307,-133,0.436224
288344, 656.332, 12, -1,-1,-1,52.0633,-2.10831,0.019953,8.68e+08,10,125000,1,0,17.1262,-14077.9,0,-131.406,-133,0.436224
288361, 657.134, 43, -1,-1,-1,55.6658,27.4582,0.015849,8.68e+08,10,125000,1,0,7.48539,-18441.5,0,-135.032,-133,0.436224
288373, 657.201, 10, -1,-1,-1,28.9812,30.4875,0.019953,8.68e+08,12,125000,1,0,6.11528,3838.34,0,-134.432,-137,1.58106
288375, 657.215, 59, -1,-1,-1,68.2639,21.0486,0.015849,8.68e+08,11,125000,1,0,-2.41167,-19586,0,-138.009,-135,0.790528
288378, 657.288, 50, -1,-1,-1,39.4666,15.4567,0.025119,8.68e+08,12,125000,1,0,47.6579,-2182.18,1,-124.987,-137,1.58106
288381, 657.592, 31, -1,-1,-1,54.7544,21.0473,0.025119,8.68e+08,11,125000,1,0,11.9972,-18814.7,1,-131.753,-135,0.790528
288384, 657.61, 4, -1,-1,-1,41.4412,12.9351,0.019953,8.68e+08,10,125000,1,0,58.7292,-6499.22,1,-124.918,-133,0.436224
288391, 657.816, 2, -1,-1,-1,51.5344,12.7308,0.019953,8.68e+08,12,125000,1,0,22.245,-18197.6,0,-130.192,-137,1.58106
288408, 658.721, 29, -1,-1,-1,50.7851,21.7882,0.015849,8.68e+08,12,125000,1,0,16.9532,-17358.3,0,-132.45,-137,1.58106
288420, 659.05, 25, -1,-1,-1,47.5334,10.9197,0.019953,8.68e+08,10,125000,1,0,35.1779,-16122.4,0,-127.703,-133,0.436224
288423, 659.119, 26, -1,-1,-1,45.7065,9.06593,0.025119,8.68e+08,11,125000,1,0,44.696,-13836.7,1,-125.34,-135,0.790528
288426, 659.205, 38, -1,-1,-1,44.5391,14.5207,0.025119,8.68e+08,10,125000,1,0,41.5765,-13055.5,1,-125.749,-133,0.436224
288429, 659.207, 24, -1,-1,-1,47.5807,13.3667,0.025119,8.68e+08,12,125000,1,0,33.032,-16305.1,1,-127.063,-137,1.58106
288441, 659.47, 28, -1,-1,-1,56.1214,14.8064,0.019953,8.68e+08,10,125000,1,0,12.2752,-19229.5,0,-132.675,-133,0.436224
288443, 659.927, 39, -1,-1,-1,43.5465,21.5478,0.025119,8.68e+08,12,125000,1,0,26.3951,-10947.9,0,-128.308,-137,1.58106
288450, 660.138, 47, -1,-1,-1,60.7194,5.65594,0.015849,8.68e+08,11,125000,1,0,6.24933,-18678,0,-135.393,-135,0.790528
288462, 660.982, 40, -1,-1,-1,60.8808,23.4982,0.015849,8.68e+08,12,125000,1,0,3.80848,-19548.6,0,-136.122,-137,1.58106
288465, 661.144, 37, -1,-1,-1,39.3182,23.7585,0.025119,8.68e+08,11,125000,1,0,22.5225,-4861.46,1,-129.132,-135,0.790528
288473, 661.68, 5, -1,-1,-1,53.5397,3.21519,0.015849,8.68e+08,12,125000,1,0,16.9245,-16639.5,1,-132.455,-137,1.58106
288476, 662.06, 17, -1,-1,-1,50.975,1.0294,0.019953,8.68e+08,10,125000,1,0,20.8341,-14700.8,1,-130.513,-133,0.436224
288478, 662.199, 14, -1,-1,-1,53.0462,-6.68945,0.015849,8.68e+08,12,125000,1,0,12.1134,-13060.2,0,-133.721,-137,1.58106
288505, 663.097, 55, -1,-1,-1,29.3703,-15.3954,0.025119,8.68e+08,11,125000,1,0,4.77847,10921.1,0,-133.829,-135,0.790528
288512, 663.193, 32, -1,-1,-1,51.2589,12.3527,0.019953,8.68e+08,11,125000,1,0,22.1216,-18028,0,-130.219,-135,0.790528
288515, 663.367, 19, -1,-1,-1,38.1762,0.856056,0.025119,8.68e+08,11,125000,1,0,42.9195,6184.43,1,-125.569,-135,0.790528
288527, 663.886, 20, -1,-1,-1,37.9471,-10.2414,0.015849,8.68e+08,11,125000,1,0,15.9522,4642.74,0,-132.705,-135,0.790528
288529, 663.962, 45, -1,-1,-1,51.1713,24.9679,0.025119,8.68e+08,11,125000,1,0,13.0804,-17058.1,0,-131.458,-135,0.790528
288531, 664.049, 42, -1,-1,-1,57.7616,26.6615,0.019953,8.68e+08,12,125000,1,0,5.4891,-18870.6,0,-134.619,-137,1.58106
288538, 664.542, 34, -1,-1,-1,48.7562,19.7846,0.025119,8.68e+08,11,125000,1,0,21.3258,-16539.1,0,-129.4,-135,0.790528
288550, 664.889, 7, -1,-1,-1,47.6351,15.354,0.015849,8.68e+08,11,125000,1,0,29.102,-16352.5,0,-129.773,-135,0.790528
288562, 665.001, 44, -1,-1,-1,50.511,28.5311,0.019953,8.68e+08,12,125000,1,0,10.6575,-16205.5,0,-133.125,-137,1.58106
288565, 665.17, 18, -1,-1,-1,40.3252,0.458257,0.015849,8.68e+08,10,125000,1,0,42.5931,976.614,1,-127.612,-133,0.436224
288582, 665.742, 13, -1,-1,-1,57.0723,-1.70621,0.015849,8.68e+08,11,125000,1,0,9.19083,-16546.8,0,-134.537,-135,0.790528
288585, 665.851, 35, -1,-1,-1,45.7431,26.4773,0.019953,8.68e+08,10,125000,1,0,16.0767,-13134,1,-131.673,-133,0.436224
288592, 665.875, 53, -1,-1,-1,63.4292,-20.8181,0.019953,8.68e+08,10,125000,1,0,-2.8951,-14982.7,0,-137.155,-133,0.436224
288609, 666.337, 57, -1,-1,-1,35.1402,33.8726,0.025119,8.68e+08,12,125000,1,0,6.68011,-3036.17,0,-133.269,-137,1.58106
288617, 666.397, 9, -1,-1,-1,39.6549,24.3091,0.025119,8.68e+08,10,125000,1,0,21.2888,-5994.51,1,-129.41,-133,0.436224
288620, 666.494, 49, -1,-1,-1,46.408,9.75733,0.015849,8.68e+08,11,125000,1,0,38.7441,-15104.3,1,-128.149,-135,0.790528
288622, 666.523, 21, -1,-1,-1,39.9798,-9.60875,0.019953,8.68e+08,12,125000,1,0,17.5417,1924.39,0,-131.305,-137,1.58106
288645, 667.237, 33, -1,-1,-1,47.239,17.4643,0.019953,8.68e+08,10,125000,1,0,26.7546,-15963.1,1,-129.233,-133,0.436224
288657, 667.441, 36, -1,-1,-1,43.7267,24.2592,0.019953,8.68e+08,12,125000,1,0,20.5017,-11313.1,0,-130.592,-137,1.58106
288659, 667.45, 30, -1,-1,-1,49.4973,17.4698,0.015849,8.68e+08,11,125000,1,0,21.9758,-17389.3,0,-131.252,-135,0.790528
288662, 667.507, 50, -1,-1,-1,39.4666,15.4567,0.025119,8.68e+08,12,125000,1,0,46.8754,-3537.61,1,-125.077,-137,1.58106
288664, 667.553, 48, -1,-1,-1,58.3997,11.2994,0.015849,8.68e+08,10,125000,1,0,8.7206,-19098.8,0,-134.671,-133,0.436224
288667, 667.679, 4, -1,-1,-1,41.4412,12.9351,0.019953,8.68e+08,10,125000,1,0,55.774,-7814.8,1,-125.165,-133,0.436224
288669, 667.818, 46, -1,-1,-1,52.8116,25.5221,0.025119,8.68e+08,12,125000,1,0,10.6681,-17765.3,0,-132.121,-137,1.58106
288671, 667.972, 10, -1,-1,-1,28.9812,30.4875,0.019953,8.68e+08,12,125000,1,0,6.26656,3338.9,0,-134.387,-137,1.58106
288679, 668.094, 15, -1,-1,-1,44.3496,3.32595,0.025119,8.68e+08,11,125000,1,0,42.3226,-9410.71,1,-125.647,-135,0.790528
288686, 668.462, 51, -1,-1,-1,41.8919,29.6462,0.019953,8.68e+08,10,125000,1,0,13.0506,-9280.64,0,-132.468,-133,0.436224
288693, 668.749, 12, -1,-1,-1,52.0633,-2.10831,0.019953,8.68e+08,10,125000,1,0,15.9839,-14458.8,0,-131.693,-133,0.436224
288700, 668.794, 1, -1,-1,-1,47.2765,2.22214,0.015849,8.68e+08,12,125000,1,0,30.4018,-12675.2,0,-129.529,-137,1.58106
288708, 669.367, 22, -1,-1,-1,49.8807,11.1424,0.019953,8.68e+08,11,125000,1,0,25.1699,-17657.3,1,-129.556,-135,0.790528
288710, 669.69, 8, -1,-1,-1,60.4856,7.73014,0.025119,8.68e+08,11,125000,1,0,5.92174,-18866.5,0,-133.489,-135,0.790528
288728, 670.356, 27, -1,-1,-1,50.6159,6.80471,0.025119,8.68e+08,12,125000,1,0,23.4503,-17014.4,1,-128.924,-137,1.58106
288750, 671.116, 43, -1,-1,-1,55.6658,27.4582,0.015849,8.68e+08,10,125000,1,0,6.42586,-18509.4,0,-135.341,-133,0.436224
288752, 671.125, 41, -1,-1,-1,59.5484,25.9088,0.019953,8.68e+08,11,125000,1,0,3.56607,-19277.1,0,-135.194,-135,0.790528
288754, 671.362, 59, -1,-1,-1,68.2639,21.0486,0.015849,8.68e+08,11,125000,1,0,-3.19635,-19513.4,0,-138.245,-135,0.790528
288757, 671.452, 3, -1,-1,-1,41.7537,-4.41958,0.015849,8.68e+08,11,125000,1,0,27.2015,-1689.02,1,-130.144,-135,0.790528
288764, 671.576, 6, -1,-1,-1,58.2129,16.2971,0.025119,8.68e+08,12,125000,1,0,7.93009,-19393.1,0,-132.9,-137,1.58106
288766, 671.578, 11, -1,-1,-1,56.9993,38.0547,0.019953,8.68e+08,12,125000,1,0,0.261562,-17846.4,0,-136.197,-137,1.58106
288769, 671.891, 23, -1,-1,-1,52.8622,11.1827,0.019953,8.68e+08,10,125000,1,0,17.6149,-18571.4,1,-131.281,-133,0.436224
288771, 671.953, 40, -1,-1,-1,60.8808,23.4982,0.015849,8.68e+08,12,125000,1,0,3.05158,-19479.3,0,-136.349,-137,1.58106
288789, 672.951, 37, -1,-1,-1,39.3182,23.7585,0.025119,8.68e+08,11,125000,1,0,21.9672,-6022.5,1,-129.255,-135,0.790528
288791, 673.29, 58, -1,-1,-1,60.5259,-7.32063,0.025119,8.68e+08,10,125000,1,0,3.08976,-16481.6,0,-134.337,-133,0.436224
288799, 673.974, 56, -1,-1,-1,36.3084,12.5542,0.019953,8.68e+08,12,125000,1,0,53.5862,4870.88,1,-125.364,-137,1.58106
288807, 674.35, 52, -1,-1,-1,39.7577,32.3711,0.019953,8.68e+08,11,125000,1,0,9.46841,-7664.81,1,-133.462,-135,0.790528
288820, 675.462, 19, -1,-1,-1,38.1762,0.856056,0.025119,8.68e+08,11,125000,1,0,44.3419,4350.82,1,-125.384,-135,0.790528
288827, 675.617, 31, -1,-1,-1,54.7544,21.0473,0.025119,8.68e+08,11,125000,1,0,10.3092,-18956.6,0,-132.22,-135,0.790528
288830, 675.694, 42, -1,-1,-1,57.7616,26.6615,0.019953,8.68e+08,12,125000,1,0,4.65136,-19051.4,1,-134.868,-137,1.58106
288848, 676.393, 20, -1,-1,-1,37.9471,-10.2414,0.015849,8.68e+08,11,125000,1,0,16.269,3574.25,1,-132.623,-135,0.790528
288866, 676.577, 38, -1,-1,-1,44.5391,14.5207,0.025119,8.68e+08,10,125000,1,0,37.139,-14331.1,1,-126.391,-133,0.436224
288873, 676.717, 17, -1,-1,-1,50.975,1.0294,0.019953,8.68e+08,10,125000,1,0,19.1445,-15461.4,0,-130.909,-133,0.436224
288880, 677.207, 55, -1,-1,-1,29.3703,-15.3954,0.025119,8.68e+08,11,125000,1,0,5.33852,10249.4,0,-133.661,-135,0.790528
288882, 677.238, 54, -1,-1,-1,33.9169,-17.5406,0.019953,8.68e+08,11,125000,1,0,5.81744,6145.9,0,-134.522,-135,0.790528
288889, 677.371, 47, -1,-1,-1,60.7194,5.65594,0.015849,8.68e+08,11,125000,1,0,5.00305,-18757.2,0,-135.761,-135,0.790528
288897, 677.76, 35, -1,-1,-1,45.7431,26.4773,0.019953,8.68e+08,10,125000,1,0,15.0904,-13780.7,1,-131.925,-133,0.436224
288900, 677.791, 45, -1,-1,-1,51.1713,24.9679,0.025119,8.68e+08,11,125000,1,0,11.817,-17472.9,1,-131.801,-135,0.790528
288902, 677.852, 14, -1,-1,-1,53.0462,-6.68945,0.015849,8.68e+08,12,125000,1,0,11.0416,-13811.9,0,-134.015,-137,1.58106
288904, 677.974, 48, -1,-1,-1,58.3997,11.2994,0.015849,8.68e+08,10,125000,1,0,7.85,-19267.8,0,-134.922,-133,0.436224
288911, 678.066, 0, -1,-1,-1,52.8019,-0.140325,0.019953,8.68e+08,12,125000,1,0,15.1417,-15906.8,0,-131.909,-137,1.58106
288934, 678.559, 33, -1,-1,-1,47.239,17.4643,0.019953,8.68e+08,10,125000,1,0,24.8971,-16547.2,1,-129.614,-133,0.436224
288951, 679.231, 26, -1,-1,-1,45.7065,9.06593,0.025119,8.68e+08,11,125000,1,0,38.666,-15251.8,0,-126.159,-135,0.790528
288954, 679.252, 16, -1,-1,-1,42.4575,7.48746,0.019953,8.68e+08,11,125000,1,0,57.3498,-9976.42,1,-125.027,-135,0.790528
288961, 679.586, 1, -1,-1,-1,47.2765,2.22214,0.015849,8.68e+08,12,125000,1,0,28.6989,-13540.3,0,-129.848,-137,1.58106
288964, 679.677, 50, -1,-1,-1,39.4666,15.4567,0.025119,8.68e+08,12,125000,1,0,45.4836,-5482.82,1,-125.242,-137,1.58106
288966, 679.705, 8, -1,-1,-1,60.4856,7.73014,0.025119,8.68e+08,11,125000,1,0,5.18902,-19027,0,-133.705,-135,0.790528
288968, 679.763, 49, -1,-1,-1,46.408,9.75733,0.015849,8.68e+08,11,125000,1,0,35.251,-16052,0,-128.689,-135,0.790528
288975, 679.994, 28, -1,-1,-1,56.1214,14.8064,0.019953,8.68e+08,10,125000,1,0,10.3026,-19366.9,0,-133.22,-133,0.436224
288977, 680.187, 2, -1,-1,-1,51.5344,12.7308,0.019953,8.68e+08,12,125000,1,0,19.0229,-18613.8,0,-130.937,-137,1.58106
288980, 680.605, 22, -1,-1,-1,49.8807,11.1424,0.019953,8.68e+08,11,125000,1,0,23.2948,-18074.7,1,-129.956,-135,0.790528
288998, 681.147, 25, -1,-1,-1,47.5334,10.9197,0.019953,8.68e+08,10,125000,1,0,30.1231,-16784.9,1,-128.579,-133,0.436224
289021, 681.599, 7, -1,-1,-1,47.6351,15.354,0.015849,8.68e+08,11,125000,1,0,26.0314,-16910.8,1,-130.377,-135,0.790528
289028, 681.664, 59, -1,-1,-1,68.2639,21.0486,0.015849,8.68e+08,11,125000,1,0,-3.75601,-19399.3,0,-138.412,-135,0.790528
289041, 681.93, 4, -1,-1,-1,41.4412,12.9351,0.019953,8.68e+08,10,125000,1,0,51.3702,-9618.17,1,-125.582,-133,0.436224
289043, 681.985, 12, -1,-1,-1,52.0633,-2.10831,0.019953,8.68e+08,10,125000,1,0,14.7952,-14832.6,0,-131.999,-133,0.436224
289050, 682.049, 23, -1,-1,-1,52.8622,11.1827,0.019953,8.68e+08,10,125000,1,0,16.3687,-18583.4,0,-131.593,-133,0.436224
289057, 682.245, 9, -1,-1,-1,39.6549,24.3091,0.025119,8.68e+08,10,125000,1,0,20.4413,-7224.8,0,-129.604,-133,0.436224
289074, 682.831, 24, -1,-1,-1,47.5807,13.3667,0.025119,8.68e+08,12,125000,1,0,28.0683,-16987.3,0,-127.969,-137,1.58106
289076, 683.128, 10, -1,-1,-1,28.9812,30.4875,0.019953,8.68e+08,12,125000,1,0,6.43825,2550.08,0,-134.335,-137,1.58106
289079, 683.15, 32, -1,-1,-1,51.2589,12.3527,0.019953,8.68e+08,11,125000,1,0,19.2414,-18382.6,1,-130.884,-135,0.790528
289081, 683.331, 36, -1,-1,-1,43.7267,24.2592,0.019953,8.68e+08,12,125000,1,0,19.0797,-12194.9,0,-130.926,-137,1.58106
289088, 683.585, 44, -1,-1,-1,50.511,28.5311,0.019953,8.68e+08,12,125000,1,0,9.21729,-16594.7,0,-133.53,-137,1.58106
289090, 683.706, 29, -1,-1,-1,50.7851,21.7882,0.015849,8.68e+08,12,125000,1,0,14.2558,-17694.3,0,-133.142,-137,1.58106
289097, 683.884, 39, -1,-1,-1,43.5465,21.5478,0.025119,8.68e+08,12,125000,1,0,23.6683,-12379.7,0,-128.877,-137,1.58106
289099, 683.939, 58, -1,-1,-1,60.5259,-7.32063,0.025119,8.68e+08,10,125000,1,0,2.48104,-16517.4,0,-134.52,-133,0.436224
289101, 684.224, 27, -1,-1,-1,50.6159,6.80471,0.025119,8.68e+08,12,125000,1,0,21.3999,-17302.7,0,-129.379,-137,1.58106
289108, 684.278, 43, -1,-1,-1,55.6658,27.4582,0.015849,8.68e+08,10,125000,1,0,5.46498,-18545.9,0,-135.624,-133,0.436224
289125, 685.294, 34, -1,-1,-1,48.7562,19.7846,0.025119,8.68e+08,11,125000,1,0,18.6503,-17131.2,0,-130.028,-135,0.790528
289133, 685.338, 18, -1,-1,-1,40.3252,0.458257,0.015849,8.68e+08,10,125000,1,0,42.3421,-1835.32,1,-127.642,-133,0.436224
289135, 685.412, 3, -1,-1,-1,41.7537,-4.41958,0.015849,8.68e+08,11,125000,1,0,26.8369,-3002.86,0,-130.215,-135,0.790528
289143, 685.82, 5, -1,-1,-1,53.5397,3.21519,0.015849,8.68e+08,12,125000,1,0,14.3844,-17226,1,-133.106,-137,1.58106
289151, 686.004, 51, -1,-1,-1,41.8919,29.6462,0.019953,8.68e+08,10,125000,1,0,12.1343,-10201.9,1,-132.715,-133,0.436224
289158, 686.123, 52, -1,-1,-1,39.7577,32.3711,0.019953,8.68e+08,11,125000,1,0,9.04042,-8209.73,0,-133.583,-135,0.790528
289175, 686.602, 53, -1,-1,-1,63.4292,-20.8181,0.019953,8.68e+08,10,125000,1,0,-3.77629,-15251.4,0,-137.419,-133,0.436224
289182, 687.442, 40, -1,-1,-1,60.8808,23.4982,0.015849,8.68e+08,12,125000,1,0,2.01852,-19457.7,0,-136.659,-137,1.58106
289184, 687.619, 11, -1,-1,-1,56.9993,38.0547,0.019953,8.68e+08,12,125000,1,0,-0.628269,-17928.3,0,-136.466,-137,1.58106
289191, 687.979, 42, -1,-1,-1,57.7616,26.6615,0.019953,8.68e+08,12,125000,1,0,3.79522,-19030.9,0,-135.123,-137,1.58106
289193, 688.03, 13, -1,-1,-1,57.0723,-1.70621,0.015849,8.68e+08,11,125000,1,0,7.55061,-16951.6,0,-135.008,-135,0.790528
289195, 688.074, 14, -1,-1,-1,53.0462,-6.68945,0.015849,8.68e+08,12,125000,1,0,10.3481,-14023.9,0,-134.208,-137,1.58106
289208, 688.563, 15, -1,-1,-1,44.3496,3.32595,0.025119,8.68e+08,11,125000,1,0,38.1163,-11457.8,1,-126.24,-135,0.790528
289225, 688.989, 20, -1,-1,-1,37.9471,-10.2414,0.015849,8.68e+08,11,125000,1,0,16.5192,2745.44,0,-132.558,-135,0.790528
289227, 689.261, 45, -1,-1,-1,51.1713,24.9679,0.025119,8.68e+08,11,125000,1,0,10.8105,-17581.7,0,-132.078,-135,0.790528
289239, 689.716, 47, -1,-1,-1,60.7194,5.65594,0.015849,8.68e+08,11,125000,1,0,4.14461,-18740.6,0,-136.016,-135,0.790528
289241, 690.158, 21, -1,-1,-1,39.9798,-9.60875,0.019953,8.68e+08,12,125000,1,0,17.6786,19.2803,0,-131.268,-137,1.58106
289243, 690.298, 0, -1,-1,-1,52.8019,-0.140325,0.019953,8.68e+08,12,125000,1,0,13.9948,-16139,0,-132.209,-137,1.58106
289255, 691.15, 6, -1,-1,-1,58.2129,16.2971,0.025119,8.68e+08,12,125000,1,0,6.35436,-19457.2,0,-133.359,-137,1.58106
289257, 691.17, 57, -1,-1,-1,35.1402,33.8726,0.025119,8.68e+08,12,125000,1,0,6.29927,-4429.13,0,-133.379,-137,1.58106
289265, 691.814, 30, -1,-1,-1,49.4973,17.4698,0.015849,8.68e+08,11,125000,1,0,18.6363,-17986.4,1,-132.03,-135,0.790528
289273, 691.99, 4, -1,-1,-1,41.4412,12.9351,0.019953,8.68e+08,10,125000,1,0,48.2722,-10986.1,1,-125.912,-133,0.436224
289280, 692.308, 46, -1,-1,-1,52.8116,25.5221,0.025119,8.68e+08,12,125000,1,0,8.62626,-18139.3,0,-132.698,-137,1.58106
289282, 692.685, 59, -1,-1,-1,68.2639,21.0486,0.015849,8.68e+08,11,125000,1,0,-4.34455,-19504,0,-138.588,-135,0.790528
289285, 692.705, 25, -1,-1,-1,47.5334,10.9197,0.019953,8.68e+08,10,125000,1,0,27.8026,-17341.7,1,-129.02,-133,0.436224
289313, 693.539, 19, -1,-1,-1,38.1762,0.856056,0.025119,8.68e+08,11,125000,1,0,45.6991,1827.78,1,-125.213,-135,0.790528
289315, 693.674, 55, -1,-1,-1,29.3703,-15.3954,0.025119,8.68e+08,11,125000,1,0,5.97291,9665.85,0,-133.472,-135,0.790528
289318, 693.955, 17, -1,-1,-1,50.975,1.0294,0.019953,8.68e+08,10,125000,1,0,17.2555,-15988.8,1,-131.368,-133,0.436224
289320, 694.136, 49, -1,-1,-1,46.408,9.75733,0.015849,8.68e+08,11,125000,1,0,31.8666,-16611.7,0,-129.261,-135,0.790528
289322, 694.253, 41, -1,-1,-1,59.5484,25.9088,0.019953,8.68e+08,11,125000,1,0,2.02249,-19370.6,0,-135.658,-135,0.790528
289345, 695.15, 16, -1,-1,-1,42.4575,7.48746,0.019953,8.68e+08,11,125000,1,0,51.1875,-11783.8,1,-125.598,-135,0.790528
289347, 695.416, 26, -1,-1,-1,45.7065,9.06593,0.025119,8.68e+08,11,125000,1,0,34.4826,-16067,0,-126.812,-135,0.790528
289354, 695.771, 37, -1,-1,-1,39.3182,23.7585,0.025119,8.68e+08,11,125000,1,0,20.6734,-7898.07,0,-129.549,-135,0.790528
289372, 696.167, 23, -1,-1,-1,52.8622,11.1827,0.019953,8.68e+08,10,125000,1,0,14.7409,-18911.7,1,-132.01,-133,0.436224
289389, 696.64, 24, -1,-1,-1,47.5807,13.3667,0.025119,8.68e+08,12,125000,1,0,25.5354,-17595.6,0,-128.477,-137,1.58106
289392, 696.661, 31, -1,-1,-1,54.7544,21.0473,0.025119,8.68e+08,11,125000,1,0,8.47748,-19120.1,1,-132.739,-135,0.790528
289395, 696.744, 18, -1,-1,-1,40.3252,0.458257,0.015849,8.68e+08,10,125000,1,0,41.6786,-3599.34,1,-127.73,-133,0.436224
289427, 697.467, 29, -1,-1,-1,50.7851,21.7882,0.015849,8.68e+08,12,125000,1,0,12.8811,-18070.5,0,-133.507,-137,1.58106
289429, 697.536, 2, -1,-1,-1,51.5344,12.7308,0.019953,8.68e+08,12,125000,1,0,16.7964,-18815,0,-131.483,-137,1.58106
289432, 697.57, 38, -1,-1,-1,44.5391,14.5207,0.025119,8.68e+08,10,125000,1,0,32.3621,-15585.8,1,-127.174,-133,0.436224
289439, 697.755, 35, -1,-1,-1,45.7431,26.4773,0.019953,8.68e+08,10,125000,1,0,13.461,-14552.8,0,-132.353,-133,0.436224
289441, 697.826, 40, -1,-1,-1,60.8808,23.4982,0.015849,8.68e+08,12,125000,1,0,1.34742,-19576.3,0,-136.862,-137,1.58106
289453, 697.911, 34, -1,-1,-1,48.7562,19.7846,0.025119,8.68e+08,11,125000,1,0,17.1432,-17570,0,-130.397,-135,0.790528
289455, 698.021, 32, -1,-1,-1,51.2589,12.3527,0.019953,8.68e+08,11,125000,1,0,17.3031,-18775.6,0,-131.356,-135,0.790528
289458, 698.099, 56, -1,-1,-1,36.3084,12.5542,0.019953,8.68e+08,12,125000,1,0,56.1998,856.875,1,-125.123,-137,1.58106
289465, 698.182, 48, -1,-1,-1,58.3997,11.2994,0.015849,8.68e+08,10,125000,1,0,6.24625,-19355.8,0,-135.389,-133,0.436224
289467, 698.204, 22, -1,-1,-1,49.8807,11.1424,0.019953,8.68e+08,11,125000,1,0,20.6191,-18387.2,0,-130.557,-135,0.790528
289469, 698.326, 43, -1,-1,-1,55.6658,27.4582,0.015849,8.68e+08,10,125000,1,0,4.47544,-18784.5,0,-135.918,-133,0.436224
289471, 698.339, 28, -1,-1,-1,56.1214,14.8064,0.019953,8.68e+08,10,125000,1,0,8.67137,-19441,0,-133.682,-133,0.436224
289478, 698.547, 36, -1,-1,-1,43.7267,24.2592,0.019953,8.68e+08,12,125000,1,0,17.7157,-13151.6,0,-131.257,-137,1.58106
289490, 699.325, 7, -1,-1,-1,47.6351,15.354,0.015849,8.68e+08,11,125000,1,0,23.1132,-17653.5,0,-130.994,-135,0.790528
289493, 699.411, 15, -1,-1,-1,44.3496,3.32595,0.025119,8.68e+08,11,125000,1,0,35.9139,-12556,1,-126.58,-135,0.790528
289495, 699.72, 42, -1,-1,-1,57.7616,26.6615,0.019953,8.68e+08,12,125000,1,0,3.00163,-19195.9,0,-135.361,-137,1.58106
289503, 699.739, 33, -1,-1,-1,47.239,17.4643,0.019953,8.68e+08,10,125000,1,0,21.7131,-17230,1,-130.307,-133,0.436224
289515, 700.511, 54, -1,-1,-1,33.9169,-17.5406,0.019953,8.68e+08,11,125000,1,0,6.33113,4995.6,0,-134.368,-135,0.790528
289523, 700.767, 9, -1,-1,-1,39.6549,24.3091,0.025119,8.68e+08,10,125000,1,0,19.3112,-8585.05,1,-129.869,-133,0.436224
289650, 701.075, 8, -1,-1,-1,60.4856,7.73014,0.025119,8.68e+08,11,125000,1,0,3.69102,-18914.4,0,-134.151,-135,0.790528
289657, 701.302, 52, -1,-1,-1,39.7577,32.3711,0.019953,8.68e+08,11,125000,1,0,8.45463,-8924.72,0,-133.75,-135,0.790528
289669, 702.505, 46, -1,-1,-1,52.8116,25.5221,0.025119,8.68e+08,12,125000,1,0,7.81972,-18153.5,0,-132.93,-137,1.58106
289686, 702.817, 57, -1,-1,-1,35.1402,33.8726,0.025119,8.68e+08,12,125000,1,0,6.07785,-4966.45,0,-133.444,-137,1.58106
289694, 703.29, 12, -1,-1,-1,52.0633,-2.10831,0.019953,8.68e+08,10,125000,1,0,12.9505,-15492.6,1,-132.487,-133,0.436224
289696, 703.442, 5, -1,-1,-1,53.5397,3.21519,0.015849,8.68e+08,12,125000,1,0,12.6699,-17512.2,0,-133.562,-137,1.58106
289704, 703.607, 19, -1,-1,-1,38.1762,0.856056,0.025119,8.68e+08,11,125000,1,0,45.9746,547.126,1,-125.179,-135,0.790528
289711, 703.958, 1, -1,-1,-1,47.2765,2.22214,0.015849,8.68e+08,12,125000,1,0,25.0466,-14619.9,0,-130.578,-137,1.58106
289713, 703.96, 53, -1,-1,-1,63.4292,-20.8181,0.019953,8.68e+08,10,125000,1,0,-4.50788,-15416.1,0,-137.637,-133,0.436224
289720, 704.215, 27, -1,-1,-1,50.6159,6.80471,0.025119,8.68e+08,12,125000,1,0,18.7048,-17743.4,0,-130.01,-137,1.58106
289728, 704.32, 17, -1,-1,-1,50.975,1.0294,0.019953,8.68e+08,10,125000,1,0,16.1701,-16162.5,1,-131.641,-133,0.436224
289731, 704.395, 50, -1,-1,-1,39.4666,15.4567,0.025119,8.68e+08,12,125000,1,0,41.5829,-8388.21,1,-125.742,-137,1.58106
289744, 704.803, 3, -1,-1,-1,41.7537,-4.41958,0.015849,8.68e+08,11,125000,1,0,26.0128,-4874.05,1,-130.38,-135,0.790528
289747, 704.91, 51, -1,-1,-1,41.8919,29.6462,0.019953,8.68e+08,10,125000,1,0,11.1016,-11116.9,1,-132.998,-133,0.436224
289754, 705.088, 58, -1,-1,-1,60.5259,-7.32063,0.025119,8.68e+08,10,125000,1,0,1.29883,-16783.2,0,-134.876,-133,0.436224
289756, 705.805, 21, -1,-1,-1,39.9798,-9.60875,0.019953,8.68e+08,12,125000,1,0,17.6055,-1152.61,0,-131.284,-137,1.58106
289778, 706.618, 41, -1,-1,-1,59.5484,25.9088,0.019953,8.68e+08,11,125000,1,0,1.23144,-19318,0,-135.897,-135,0.790528
289781, 706.641, 39, -1,-1,-1,43.5465,21.5478,0.025119,8.68e+08,12,125000,1,0,21.1072,-13679.8,1,-129.446,-137,1.58106
289803, 707.542, 20, -1,-1,-1,37.9471,-10.2414,0.015849,8.68e+08,11,125000,1,0,16.7527,1363.17,0,-132.497,-135,0.790528
289805, 707.578, 2, -1,-1,-1,51.5344,12.7308,0.019953,8.68e+08,12,125000,1,0,15.5993,-18811.6,0,-131.786,-137,1.58106
289807, 707.736, 59, -1,-1,-1,68.2639,21.0486,0.015849,8.68e+08,11,125000,1,0,-5.13237,-19430.7,0,-138.822,-135,0.790528
289824, 707.854, 10, -1,-1,-1,28.9812,30.4875,0.019953,8.68e+08,12,125000,1,0,6.61053,1124.92,0,-134.283,-137,1.58106
289826, 708.072, 44, -1,-1,-1,50.511,28.5311,0.019953,8.68e+08,12,125000,1,0,7.40976,-17083.5,0,-134.05,-137,1.58106
289838, 708.206, 22, -1,-1,-1,49.8807,11.1424,0.019953,8.68e+08,11,125000,1,0,19.2217,-18426.2,0,-130.885,-135,0.790528
289840, 708.278, 47, -1,-1,-1,60.7194,5.65594,0.015849,8.68e+08,11,125000,1,0,2.90264,-18810.6,0,-136.388,-135,0.790528
289843, 708.283, 35, -1,-1,-1,45.7431,26.4773,0.019953,8.68e+08,10,125000,1,0,12.6204,-14816.1,1,-132.579,-133,0.436224
289850, 708.59, 55, -1,-1,-1,29.3703,-15.3954,0.025119,8.68e+08,11,125000,1,0,6.52586,9121.3,0,-133.308,-135,0.790528
289852, 708.597, 13, -1,-1,-1,57.0723,-1.70621,0.015849,8.68e+08,11,125000,1,0,6.10905,-17249.5,0,-135.429,-135,0.790528
289869, 708.907, 32, -1,-1,-1,51.2589,12.3527,0.019953,8.68e+08,11,125000,1,0,15.9805,-18796.9,0,-131.688,-135,0.790528
289876, 709.469, 45, -1,-1,-1,51.1713,24.9679,0.025119,8.68e+08,11,125000,1,0,9.12143,-17883.7,0,-132.554,-135,0.790528
289888, 709.745, 14, -1,-1,-1,53.0462,-6.68945,0.015849,8.68e+08,12,125000,1,0,8.90034,-14675.2,0,-134.616,-137,1.58106
289890, 709.872, 11, -1,-1,-1,56.9993,38.0547,0.019953,8.68e+08,12,125000,1,0,-1.82857,-18091.4,0,-136.829,-137,1.58106
289893, 710.181, 38, -1,-1,-1,44.5391,14.5207,0.025119,8.68e+08,10,125000,1,0,29.7859,-16076.7,1,-127.638,-133,0.436224
289896, 710.425, 36, -1,-1,-1,43.7267,24.2592,0.019953,8.68e+08,12,125000,1,0,16.6593,-13615.7,1,-131.519,-137,1.58106
289898, 710.453, 0, -1,-1,-1,52.8019,-0.140325,0.019953,8.68e+08,12,125000,1,0,12.1903,-16611.3,0,-132.692,-137,1.58106
289900, 710.661, 6, -1,-1,-1,58.2129,16.2971,0.025119,8.68e+08,12,125000,1,0,4.87932,-19502.9,0,-133.794,-137,1.58106
289907, 711.303, 42, -1,-1,-1,57.7616,26.6615,0.019953,8.68e+08,12,125000,1,0,2.24047,-19152.2,0,-135.59,-137,1.58106
289919, 711.921, 54, -1,-1,-1,33.9169,-17.5406,0.019953,8.68e+08,11,125000,1,0,6.54854,4535.23,0,-134.303,-135,0.790528
289927, 712.118, 7, -1,-1,-1,47.6351,15.354,0.015849,8.68e+08,11,125000,1,0,21.1947,-17864.4,1,-131.423,-135,0.790528
289945, 712.932, 49, -1,-1,-1,46.408,9.75733,0.015849,8.68e+08,11,125000,1,0,27.9717,-17268.3,1,-129.984,-135,0.790528
289947, 712.956, 8, -1,-1,-1,60.4856,7.73014,0.025119,8.68e+08,11,125000,1,0,2.89306,-19085.4,0,-134.391,-135,0.790528
289954, 712.989, 30, -1,-1,-1,49.4973,17.4698,0.015849,8.68e+08,11,125000,1,0,16.0589,-18360,0,-132.669,-135,0.790528
289957, 713.023, 24, -1,-1,-1,47.5807,13.3667,0.025119,8.68e+08,12,125000,1,0,22.8214,-17951.2,1,-129.056,-137,1.58106
289959, 713.395, 28, -1,-1,-1,56.1214,14.8064,0.019953,8.68e+08,10,125000,1,0,7.41239,-19449,0,-134.045,-133,0.436224
289966, 713.502, 40, -1,-1,-1,60.8808,23.4982,0.015849,8.68e+08,12,125000,1,0,0.364083,-19545.3,0,-137.159,-137,1.58106
289974, 713.877, 4, -1,-1,-1,41.4412,12.9351,0.019953,8.68e+08,10,125000,1,0,41.9042,-13139.2,1,-126.697,-133,0.436224
289982, 715.203, 31, -1,-1,-1,54.7544,21.0473,0.025119,8.68e+08,11,125000,1,0,6.97048,-19211.7,1,-133.175,-135,0.790528
289985, 715.44, 46, -1,-1,-1,52.8116,25.5221,0.025119,8.68e+08,12,125000,1,0,6.82998,-18415.9,1,-133.218,-137,1.58106
289998, 716.383, 23, -1,-1,-1,52.8622,11.1827,0.019953,8.68e+08,10,125000,1,0,12.5936,-19097.2,1,-132.581,-133,0.436224
290010, 716.742, 58, -1,-1,-1,60.5259,-7.32063,0.025119,8.68e+08,10,125000,1,0,0.662089,-17037.3,0,-135.068,-133,0.436224
290017, 717.117, 33, -1,-1,-1,47.239,17.4643,0.019953,8.68e+08,10,125000,1,0,19.3533,-17634.9,0,-130.854,-133,0.436224
290020, 717.187, 16, -1,-1,-1,42.4575,7.48746,0.019953,8.68e+08,11,125000,1,0,43.6827,-13865.9,1,-126.461,-135,0.790528
290022, 717.266, 25, -1,-1,-1,47.5334,10.9197,0.019953,8.68e+08,10,125000,1,0,23.4662,-18045.5,0,-129.914,-133,0.436224
290045, 717.972, 12, -1,-1,-1,52.0633,-2.10831,0.019953,8.68e+08,10,125000,1,0,11.73,-16051.4,1,-132.818,-133,0.436224
290052, 718.335, 3, -1,-1,-1,41.7537,-4.41958,0.015849,8.68e+08,11,125000,1,0,25.2488,-6318.19,0,-130.536,-135,0.790528
290064, 718.742, 37, -1,-1,-1,39.3182,23.7585,0.025119,8.68e+08,11,125000,1,0,19.1526,-9583.84,0,-129.905,-135,0.790528
290067, 719.253, 26, -1,-1,-1,45.7065,9.06593,0.025119,8.68e+08,11,125000,1,0,29.2152,-17101,1,-127.743,-135,0.790528
290070, 719.282, 1, -1,-1,-1,47.2765,2.22214,0.015849,8.68e+08,12,125000,1,0,22.9075,-15505.1,1,-131.036,-137,1.58106
290077, 719.473, 32, -1,-1,-1,51.2589,12.3527,0.019953,8.68e+08,11,125000,1,0,14.7655,-19031.6,0,-132.001,-135,0.790528
290084, 719.618, 44, -1,-1,-1,50.511,28.5311,0.019953,8.68e+08,12,125000,1,0,6.59122,-17376.4,0,-134.288,-137,1.58106
290091, 719.799, 48, -1,-1,-1,58.3997,11.2994,0.015849,8.68e+08,10,125000,1,0,4.63862,-19442.1,0,-135.865,-133,0.436224
290099, 719.972, 18, -1,-1,-1,40.3252,0.458257,0.015849,8.68e+08,10,125000,1,0,39.3687,-6608.72,1,-128.052,-133,0.436224
290136, 721.358, 39, -1,-1,-1,43.5465,21.5478,0.025119,8.68e+08,12,125000,1,0,19.5,-14539.3,0,-129.82,-137,1.58106
290138, 721.371, 34, -1,-1,-1,48.7562,19.7846,0.025119,8.68e+08,11,125000,1,0,14.5528,-17831.9,0,-131.058,-135,0.790528
290146, 721.414, 9, -1,-1,-1,39.6549,24.3091,0.025119,8.68e+08,10,125000,1,0,17.9239,-9972.33,1,-130.203,-133,0.436224
290154, 721.476, 56, -1,-1,-1,36.3084,12.5542,0.019953,8.68e+08,12,125000,1,0,55.2813,-3126.27,1,-125.202,-137,1.58106
290157, 721.619, 15, -1,-1,-1,44.3496,3.32595,0.025119,8.68e+08,11,125000,1,0,31.616,-13822.4,1,-127.302,-135,0.790528
290164, 721.755, 21, -1,-1,-1,39.9798,-9.60875,0.019953,8.68e+08,12,125000,1,0,17.3986,-2339.37,0,-131.333,-137,1.58106
290176, 721.834, 35, -1,-1,-1,45.7431,26.4773,0.019953,8.68e+08,10,125000,1,0,11.5587,-15172.2,0,-132.868,-133,0.436224
290178, 721.948, 2, -1,-1,-1,51.5344,12.7308,0.019953,8.68e+08,12,125000,1,0,13.9883,-18888.9,0,-132.206,-137,1.58106
290185, 722.197, 29, -1,-1,-1,50.7851,21.7882,0.015849,8.68e+08,12,125000,1,0,10.5823,-18240.1,0,-134.138,-137,1.58106
290187, 722.198, 51, -1,-1,-1,41.8919,29.6462,0.019953,8.68e+08,10,125000,1,0,10.1301,-11855.3,0,-133.269,-133,0.436224
290189, 722.208, 45, -1,-1,-1,51.1713,24.9679,0.025119,8.68e+08,11,125000,1,0,8.1076,-17970.4,0,-132.844,-135,0.790528
290201, 722.571, 14, -1,-1,-1,53.0462,-6.68945,0.015849,8.68e+08,12,125000,1,0,8.06014,-14920.1,0,-134.857,-137,1.58106
290208, 722.612, 41, -1,-1,-1,59.5484,25.9088,0.019953,8.68e+08,11,125000,1,0,0.23996,-19301.1,0,-136.196,-135,0.790528
290210, 722.914, 52, -1,-1,-1,39.7577,32.3711,0.019953,8.68e+08,11,125000,1,0,7.56569,-9942.04,0,-134.005,-135,0.790528
290212, 723.036, 43, -1,-1,-1,55.6658,27.4582,0.015849,8.68e+08,10,125000,1,0,2.81596,-18772.6,0,-136.415,-133,0.436224
290214, 723.251, 27, -1,-1,-1,50.6159,6.80471,0.025119,8.68e+08,12,125000,1,0,16.3839,-18066,0,-130.583,-137,1.58106
290217, 723.263, 19, -1,-1,-1,38.1762,0.856056,0.025119,8.68e+08,11,125000,1,0,45.4487,-2321.66,1,-125.24,-135,0.790528
290224, 724.026, 57, -1,-1,-1,35.1402,33.8726,0.025119,8.68e+08,12,125000,1,0,5.61048,-6051.98,0,-133.58,-137,1.58106
290241, 724.984, 59, -1,-1,-1,68.2639,21.0486,0.015849,8.68e+08,11,125000,1,0,-6.01421,-19373.2,0,-139.083,-135,0.790528
290253, 725.428, 0, -1,-1,-1,52.8019,-0.140325,0.019953,8.68e+08,12,125000,1,0,10.9151,-16849.4,0,-133.043,-137,1.58106
290256, 725.449, 22, -1,-1,-1,49.8807,11.1424,0.019953,8.68e+08,11,125000,1,0,16.9925,-18635.3,1,-131.43,-135,0.790528
290263, 725.916, 31, -1,-1,-1,54.7544,21.0473,0.025119,8.68e+08,11,125000,1,0,6.13999,-19167.1,0,-133.418,-135,0.790528
290265, 725.965, 5, -1,-1,-1,53.5397,3.21519,0.015849,8.68e+08,12,125000,1,0,10.629,-17872.9,0,-134.122,-137,1.58106
290267, 726.207, 13, -1,-1,-1,57.0723,-1.70621,0.015849,8.68e+08,11,125000,1,0,4.92544,-17434.9,0,-135.779,-135,0.790528
290269, 726.317, 55, -1,-1,-1,29.3703,-15.3954,0.025119,8.68e+08,11,125000,1,0,7.15047,8379.91,0,-133.123,-135,0.790528
290301, 727.022, 53, -1,-1,-1,63.4292,-20.8181,0.019953,8.68e+08,10,125000,1,0,-5.47059,-15682.7,0,-137.922,-133,0.436224
290309, 727.218, 17, -1,-1,-1,50.975,1.0294,0.019953,8.68e+08,10,125000,1,0,13.9009,-16761.7,1,-132.229,-133,0.436224
290311, 727.313, 28, -1,-1,-1,56.1214,14.8064,0.019953,8.68e+08,10,125000,1,0,6.30476,-19430.2,0,-134.369,-133,0.436224
290319, 727.501, 16, -1,-1,-1,42.4575,7.48746,0.019953,8.68e+08,11,125000,1,0,40.5827,-14458.7,1,-126.876,-135,0.790528
290326, 728.013, 36, -1,-1,-1,43.7267,24.2592,0.019953,8.68e+08,12,125000,1,0,15.1202,-14317.3,0,-131.912,-137,1.58106
290329, 728.1, 50, -1,-1,-1,39.4666,15.4567,0.025119,8.68e+08,12,125000,1,0,37.2076,-10933.7,1,-126.374,-137,1.58106
290331, 728.105, 8, -1,-1,-1,60.4856,7.73014,0.025119,8.68e+08,11,125000,1,0,1.90831,-19076.7,0,-134.687,-135,0.790528
290338, 728.721, 11, -1,-1,-1,56.9993,38.0547,0.019953,8.68e+08,12,125000,1,0,-2.81654,-18179,0,-137.126,-137,1.58106
290350, 729.121, 47, -1,-1,-1,60.7194,5.65594,0.015849,8.68e+08,11,125000,1,0,1.57078,-18896.1,0,-136.79,-135,0.790528
290357, 729.287, 6, -1,-1,-1,58.2129,16.2971,0.025119,8.68e+08,12,125000,1,0,3.54803,-19523.3,0,-134.192,-137,1.58106
290369, 729.664, 49, -1,-1,-1,46.408,9.75733,0.015849,8.68e+08,11,125000,1,0,24.926,-17694.9,0,-130.6,-135,0.790528
290371, 729.821, 7, -1,-1,-1,47.6351,15.354,0.015849,8.68e+08,11,125000,1,0,18.7624,-18184.2,0,-131.994,-135,0.790528
290374, 730.174, 26, -1,-1,-1,45.7065,9.06593,0.025119,8.68e+08,11,125000,1,0,27.0987,-17322,1,-128.154,-135,0.790528
290376, 730.299, 20, -1,-1,-1,37.9471,-10.2414,0.015849,8.68e+08,11,125000,1,0,16.8083,-420.354,0,-132.48,-135,0.790528
290388, 730.778, 10, -1,-1,-1,28.9812,30.4875,0.019953,8.68e+08,12,125000,1,0,6.6469,-197.556,0,-134.271,-137,1.58106
290411, 731.322, 3, -1,-1,-1,41.7537,-4.41958,0.015849,8.68e+08,11,125000,1,0,24.396,-7333.53,1,-130.714,-135,0.790528
290413, 731.559, 48, -1,-1,-1,58.3997,11.2994,0.015849,8.68e+08,10,125000,1,0,3.80516,-19384.2,0,-136.113,-133,0.436224
290426, 732.15, 33, -1,-1,-1,47.239,17.4643,0.019953,8.68e+08,10,125000,1,0,17.4722,-17890.5,1,-131.31,-133,0.436224
290438, 732.327, 40, -1,-1,-1,60.8808,23.4982,0.015849,8.68e+08,12,125000,1,0,-0.773821,-19540.3,0,-137.504,-137,1.58106
290440, 732.383, 46, -1,-1,-1,52.8116,25.5221,0.025119,8.68e+08,12,125000,1,0,5.58585,-18532.4,0,-133.583,-137,1.58106
290442, 732.406, 39, -1,-1,-1,43.5465,21.5478,0.025119,8.68e+08,12,125000,1,0,18.3269,-14896.8,0,-130.102,-137,1.58106
290449, 732.604, 12, -1,-1,-1,52.0633,-2.10831,0.019953,8.68e+08,10,125000,1,0,10.5546,-16320.3,0,-133.143,-133,0.436224
290457, 732.792, 56, -1,-1,-1,36.3084,12.5542,0.019953,8.68e+08,12,125000,1,0,53.6852,-4772.66,1,-125.347,-137,1.58106
290464, 732.971, 45, -1,-1,-1,51.1713,24.9679,0.025119,8.68e+08,11,125000,1,0,7.27923,-18202.4,0,-133.084,-135,0.790528
290466, 733.226, 54, -1,-1,-1,33.9169,-17.5406,0.019953,8.68e+08,11,125000,1,0,6.88809,3427.4,0,-134.202,-135,0.790528
290478, 733.53, 30, -1,-1,-1,49.4973,17.4698,0.015849,8.68e+08,11,125000,1,0,13.7971,-18640.1,0,-133.256,-135,0.790528
290480, 733.534, 42, -1,-1,-1,57.7616,26.6615,0.019953,8.68e+08,12,125000,1,0,0.834676,-19235.8,0,-136.015,-137,1.58106
290492, 733.954, 23, -1,-1,-1,52.8622,11.1827,0.019953,8.68e+08,10,125000,1,0,10.8773,-19196.6,0,-133.052,-133,0.436224
290499, 734.022, 58, -1,-1,-1,60.5259,-7.32063,0.025119,8.68e+08,10,125000,1,0,-0.263819,-17170.9,0,-135.348,-133,0.436224
290501, 734.399, 1, -1,-1,-1,47.2765,2.22214,0.015849,8.68e+08,12,125000,1,0,20.9201,-15995.5,0,-131.483,-137,1.58106
290504, 734.453, 38, -1,-1,-1,44.5391,14.5207,0.025119,8.68e+08,10,125000,1,0,25.375,-17044,1,-128.506,-133,0.436224
290511, 734.896, 27, -1,-1,-1,50.6159,6.80471,0.025119,8.68e+08,12,125000,1,0,15.0662,-18379.3,0,-130.921,-137,1.58106
290524, 735.134, 24, -1,-1,-1,47.5807,13.3667,0.025119,8.68e+08,12,125000,1,0,19.576,-18404,1,-129.798,-137,1.58106
290527, 735.485, 52, -1,-1,-1,39.7577,32.3711,0.019953,8.68e+08,11,125000,1,0,7.02474,-10599.2,1,-134.162,-135,0.790528
290539, 735.887, 41, -1,-1,-1,59.5484,25.9088,0.019953,8.68e+08,11,125000,1,0,-0.55817,-19450.6,0,-136.438,-135,0.790528
290557, 736.305, 37, -1,-1,-1,39.3182,23.7585,0.025119,8.68e+08,11,125000,1,0,17.8941,-10679.4,1,-130.209,-135,0.790528
290559, 736.638, 43, -1,-1,-1,55.6658,27.4582,0.015849,8.68e+08,10,125000,1,0,1.94219,-18971.2,0,-136.678,-133,0.436224
290566, 736.712, 2, -1,-1,-1,51.5344,12.7308,0.019953,8.68e+08,12,125000,1,0,12.4432,-19181.5,0,-132.62,-137,1.58106
290578, 737.304, 5, -1,-1,-1,53.5397,3.21519,0.015849,8.68e+08,12,125000,1,0,9.65889,-18143.9,0,-134.395,-137,1.58106
290581, 737.594, 4, -1,-1,-1,41.4412,12.9351,0.019953,8.68e+08,10,125000,1,0,35.8159,-14906.4,1,-127.591,-133,0.436224
290583, 737.601, 0, -1,-1,-1,52.8019,-0.140325,0.019953,8.68e+08,12,125000,1,0,9.91736,-17207.7,0,-133.322,-137,1.58106
290585, 737.855, 14, -1,-1,-1,53.0462,-6.68945,0.015849,8.68e+08,12,125000,1,0,7.07683,-15456.7,0,-135.142,-137,1.58106
290593, 738.254, 36, -1,-1,-1,43.7267,24.2592,0.019953,8.68e+08,12,125000,1,0,14.242,-14803.3,1,-132.141,-137,1.58106
290600, 738.722, 44, -1,-1,-1,50.511,28.5311,0.019953,8.68e+08,12,125000,1,0,5.28117,-17628,0,-134.674,-137,1.58106
290613, 739.043, 18, -1,-1,-1,40.3252,0.458257,0.015849,8.68e+08,10,125000,1,0,36.8051,-8728.02,1,-128.435,-133,0.436224
290615, 739.352, 25, -1,-1,-1,47.5334,10.9197,0.019953,8.68e+08,10,125000,1,0,20.1249,-18494.5,0,-130.667,-133,0.436224
290618, 739.602, 22, -1,-1,-1,49.8807,11.1424,0.019953,8.68e+08,11,125000,1,0,15.3107,-18967.2,1,-131.857,-135,0.790528
290620, 739.822, 57, -1,-1,-1,35.1402,33.8726,0.025119,8.68e+08,12,125000,1,0,5.21317,-6957.7,0,-133.697,-137,1.58106
290633, 740.711, 7, -1,-1,-1,47.6351,15.354,0.015849,8.68e+08,11,125000,1,0,17.3788,-18492.1,1,-132.332,-135,0.790528
290635, 740.86, 13, -1,-1,-1,57.0723,-1.70621,0.015849,8.68e+08,11,125000,1,0,3.97358,-17528.9,0,-136.062,-135,0.790528
290653, 741.765, 15, -1,-1,-1,44.3496,3.32595,0.025119,8.68e+08,11,125000,1,0,28.0379,-14937.8,1,-127.967,-135,0.790528
290655, 741.908, 53, -1,-1,-1,63.4292,-20.8181,0.019953,8.68e+08,10,125000,1,0,-6.0862,-15756.1,0,-138.104,-133,0.436224
290672, 742.655, 35, -1,-1,-1,45.7431,26.4773,0.019953,8.68e+08,10,125000,1,0,9.97541,-15747.6,0,-133.308,-133,0.436224
290675, 742.988, 16, -1,-1,-1,42.4575,7.48746,0.019953,8.68e+08,11,125000,1,0,36.3784,-15345.3,1,-127.5,-135,0.790528
290683, 743.208, 39, -1,-1,-1,43.5465,21.5478,0.025119,8.68e+08,12,125000,1,0,17.2102,-15199.7,1,-130.376,-137,1.58106
290700, 743.76, 29, -1,-1,-1,50.7851,21.7882,0.015849,8.68e+08,12,125000,1,0,8.73468,-18486.3,0,-134.66,-137,1.58106
290717, 743.974, 55, -1,-1,-1,29.3703,-15.3954,0.025119,8.68e+08,11,125000,1,0,7.73079,7590.15,0,-132.953,-135,0.790528
290729, 744.251, 47, -1,-1,-1,60.7194,5.65594,0.015849,8.68e+08,11,125000,1,0,0.641104,-18887,0,-137.071,-135,0.790528
290741, 744.419, 32, -1,-1,-1,51.2589,12.3527,0.019953,8.68e+08,11,125000,1,0,12.1299,-19070.8,0,-132.704,-135,0.790528
290744, 744.557, 9, -1,-1,-1,39.6549,24.3091,0.025119,8.68e+08,10,125000,1,0,16.2709,-11360.7,1,-130.614,-133,0.436224
290746, 744.613, 33, -1,-1,-1,47.239,17.4643,0.019953,8.68e+08,10,125000,1,0,16.0127,-18027,0,-131.677,-133,0.436224
290749, 744.618, 26, -1,-1,-1,45.7065,9.06593,0.025119,8.68e+08,11,125000,1,0,24.5386,-17640.7,1,-128.68,-135,0.790528
290751, 744.723, 34, -1,-1,-1,48.7562,19.7846,0.025119,8.68e+08,11,125000,1,0,12.2122,-18218.8,0,-131.683,-135,0.790528
290753, 745.051, 31, -1,-1,-1,54.7544,21.0473,0.025119,8.68e+08,11,125000,1,0,4.72146,-19235.2,0,-133.838,-135,0.790528
290760, 745.273, 40, -1,-1,-1,60.8808,23.4982,0.015849,8.68e+08,12,125000,1,0,-1.53173,-19467.4,0,-137.733,-137,1.58106
290767, 745.463, 1, -1,-1,-1,47.2765,2.22214,0.015849,8.68e+08,12,125000,1,0,19.5407,-16232.4,0,-131.805,-137,1.58106
290770, 745.852, 19, -1,-1,-1,38.1762,0.856056,0.025119,8.68e+08,11,125000,1,0,43.286,-5497.82,1,-125.509,-135,0.790528
290772, 745.855, 51, -1,-1,-1,41.8919,29.6462,0.019953,8.68e+08,10,125000,1,0,8.77794,-12819.9,0,-133.651,-133,0.436224
290774, 745.963, 21, -1,-1,-1,39.9798,-9.60875,0.019953,8.68e+08,12,125000,1,0,16.844,-4225.51,0,-131.469,-137,1.58106
290786, 747.405, 8, -1,-1,-1,60.4856,7.73014,0.025119,8.68e+08,11,125000,1,0,0.701719,-19112.3,0,-135.052,-135,0.790528
290799, 748.033, 50, -1,-1,-1,39.4666,15.4567,0.025119,8.68e+08,12,125000,1,0,33.4891,-12613.8,1,-126.974,-137,1.58106
290807, 748.204, 49, -1,-1,-1,46.408,9.75733,0.015849,8.68e+08,11,125000,1,0,21.9315,-18091.8,1,-131.25,-135,0.790528
290819, 748.414, 12, -1,-1,-1,52.0633,-2.10831,0.019953,8.68e+08,10,125000,1,0,9.32945,-16588.4,0,-133.488,-133,0.436224
290826, 748.857, 59, -1,-1,-1,68.2639,21.0486,0.015849,8.68e+08,11,125000,1,0,-7.20139,-19370.5,0,-139.431,-135,0.790528
290833, 749.171, 45, -1,-1,-1,51.1713,24.9679,0.025119,8.68e+08,11,125000,1,0,6.07748,-18325.2,0,-133.436,-135,0.790528
290835, 749.239, 30, -1,-1,-1,49.4973,17.4698,0.015849,8.68e+08,11,125000,1,0,12.2015,-18763.2,0,-133.685,-135,0.790528
290842, 749.814, 20, -1,-1,-1,37.9471,-10.2414,0.015849,8.68e+08,11,125000,1,0,16.6507,-1905.93,0,-132.518,-135,0.790528
290845, 749.885, 14, -1,-1,-1,53.0462,-6.68945,0.015849,8.68e+08,12,125000,1,0,6.31715,-15618.4,1,-135.364,-137,1.58106
290862, 750.347, 23, -1,-1,-1,52.8622,11.1827,0.019953,8.68e+08,10,125000,1,0,9.38305,-19253.1,0,-133.472,-133,0.436224
290864, 750.449, 41, -1,-1,-1,59.5484,25.9088,0.019953,8.68e+08,11,125000,1,0,-1.40985,-19405.7,0,-136.695,-135,0.790528
290887, 750.768, 38, -1,-1,-1,44.5391,14.5207,0.025119,8.68e+08,10,125000,1,0,22.7616,-17466.9,1,-129.065,-133,0.436224
290899, 750.991, 28, -1,-1,-1,56.1214,14.8064,0.019953,8.68e+08,10,125000,1,0,4.52885,-19528.7,0,-134.894,-133,0.436224
291026, 751.056, 43, -1,-1,-1,55.6658,27.4582,0.015849,8.68e+08,10,125000,1,0,1.04367,-18972.2,0,-136.949,-133,0.436224
291038, 751.149, 17, -1,-1,-1,50.975,1.0294,0.019953,8.68e+08,10,125000,1,0,11.7045,-17278.7,0,-132.82,-133,0.436224
291045, 751.446, 18, -1,-1,-1,40.3252,0.458257,0.015849,8.68e+08,10,125000,1,0,34.9593,-9831.81,0,-128.728,-133,0.436224
291057, 751.554, 4, -1,-1,-1,41.4412,12.9351,0.019953,8.68e+08,10,125000,1,0,32.643,-15595.3,0,-128.118,-133,0.436224
291060, 751.693, 3, -1,-1,-1,41.7537,-4.41958,0.015849,8.68e+08,11,125000,1,0,22.8779,-8950.37,1,-131.041,-135,0.790528
291062, 751.826, 0, -1,-1,-1,52.8019,-0.140325,0.019953,8.68e+08,12,125000,1,0,8.79291,-17363,0,-133.641,-137,1.58106
291064, 751.889, 52, -1,-1,-1,39.7577,32.3711,0.019953,8.68e+08,11,125000,1,0,6.29838,-11223.8,0,-134.374,-135,0.790528
291066, 751.897, 48, -1,-1,-1,58.3997,11.2994,0.015849,8.68e+08,10,125000,1,0,2.42389,-19427,0,-136.528,-133,0.436224
291078, 752.158, 6, -1,-1,-1,58.2129,16.2971,0.025119,8.68e+08,12,125000,1,0,2.00208,-19580.6,0,-134.657,-137,1.58106
291085, 752.542, 2, -1,-1,-1,51.5344,12.7308,0.019953,8.68e+08,12,125000,1,0,10.8949,-19242.9,0,-133.045,-137,1.58106
291092, 752.821, 42, -1,-1,-1,57.7616,26.6615,0.019953,8.68e+08,12,125000,1,0,-0.332276,-19266.8,0,-136.368,-137,1.58106
291094, 752.892, 54, -1,-1,-1,33.9169,-17.5406,0.019953,8.68e+08,11,125000,1,0,7.11937,2391.01,0,-134.132,-135,0.790528
291096, 753.069, 11, -1,-1,-1,56.9993,38.0547,0.019953,8.68e+08,12,125000,1,0,-4.05713,-18325.2,0,-137.498,-137,1.58106
291098, 753.248, 7, -1,-1,-1,47.6351,15.354,0.015849,8.68e+08,11,125000,1,0,15.8795,-18584.5,0,-132.709,-135,0.790528
291110, 753.54, 10, -1,-1,-1,28.9812,30.4875,0.019953,8.68e+08,12,125000,1,0,6.56449,-1506.07,0,-134.294,-137,1.58106
291113, 753.554, 16, -1,-1,-1,42.4575,7.48746,0.019953,8.68e+08,11,125000,1,0,33.7901,-16060.3,1,-127.92,-135,0.790528
291116, 754.318, 55, -1,-1,-1,29.3703,-15.3954,0.025119,8.68e+08,11,125000,1,0,8.04831,6960.3,1,-132.86,-135,0.790528
291138, 754.834, 58, -1,-1,-1,60.5259,-7.32063,0.025119,8.68e+08,10,125000,1,0,-1.3515,-17350.8,0,-135.677,-133,0.436224
291146, 755.013, 9, -1,-1,-1,39.6549,24.3091,0.025119,8.68e+08,10,125000,1,0,15.5055,-12019.3,1,-130.809,-133,0.436224
291149, 755.025, 56, -1,-1,-1,36.3084,12.5542,0.019953,8.68e+08,12,125000,1,0,49.1495,-8032.85,1,-125.807,-137,1.58106
291161, 755.175, 53, -1,-1,-1,63.4292,-20.8181,0.019953,8.68e+08,10,125000,1,0,-6.63102,-16018.8,0,-138.263,-133,0.436224
291163, 755.67, 13, -1,-1,-1,57.0723,-1.70621,0.015849,8.68e+08,11,125000,1,0,3.0399,-17832.4,0,-136.342,-135,0.790528
291165, 756.154, 46, -1,-1,-1,52.8116,25.5221,0.025119,8.68e+08,12,125000,1,0,3.92994,-18738.5,0,-134.076,-137,1.58106
291173, 756.63, 27, -1,-1,-1,50.6159,6.80471,0.025119,8.68e+08,12,125000,1,0,12.7853,-18661.1,1,-131.524,-137,1.58106
291175, 756.747, 5, -1,-1,-1,53.5397,3.21519,0.015849,8.68e+08,12,125000,1,0,8.07504,-18342.3,0,-134.847,-137,1.58106
291193, 757.282, 25, -1,-1,-1,47.5334,10.9197,0.019953,8.68e+08,10,125000,1,0,17.7204,-18734.6,1,-131.245,-133,0.436224
291195, 757.334, 31, -1,-1,-1,54.7544,21.0473,0.025119,8.68e+08,11,125000,1,0,3.85054,-19400.9,0,-134.098,-135,0.790528
291197, 757.689, 8, -1,-1,-1,60.4856,7.73014,0.025119,8.68e+08,11,125000,1,0,0.078817,-19239.9,0,-135.24,-135,0.790528
291205, 758.027, 26, -1,-1,-1,45.7065,9.06593,0.025119,8.68e+08,11,125000,1,0,22.374,-18125.5,1,-129.15,-135,0.790528
291222, 759.293, 57, -1,-1,-1,35.1402,33.8726,0.025119,8.68e+08,12,125000,1,0,4.67222,-7847.34,0,-133.857,-137,1.58106
291234, 759.798, 35, -1,-1,-1,45.7431,26.4773,0.019953,8.68e+08,10,125000,1,0,8.71713,-16319.3,0,-133.666,-133,0.436224
291237, 759.957, 19, -1,-1,-1,38.1762,0.856056,0.025119,8.68e+08,11,125000,1,0,41.3173,-7529.2,1,-125.771,-135,0.790528
291240, 759.993, 24, -1,-1,-1,47.5807,13.3667,0.025119,8.68e+08,12,125000,1,0,16.3888,-18818,1,-130.578,-137,1.58106
291257, 760.163, 36, -1,-1,-1,43.7267,24.2592,0.019953,8.68e+08,12,125000,1,0,12.4155,-15530.4,0,-132.628,-137,1.58106
291260, 760.592, 33, -1,-1,-1,47.239,17.4643,0.019953,8.68e+08,10,125000,1,0,14.2596,-18227,1,-132.131,-133,0.436224
291273, 760.887, 37, -1,-1,-1,39.3182,23.7585,0.025119,8.68e+08,11,125000,1,0,16.0581,-11885.8,1,-130.667,-135,0.790528
291280, 761.163, 44, -1,-1,-1,50.511,28.5311,0.019953,8.68e+08,12,125000,1,0,3.80808,-17907.9,0,-135.113,-137,1.58106
291282, 761.17, 28, -1,-1,-1,56.1214,14.8064,0.019953,8.68e+08,10,125000,1,0,3.8025,-19443.3,0,-135.111,-133,0.436224
291299, 761.445, 43, -1,-1,-1,55.6658,27.4582,0.015849,8.68e+08,10,125000,1,0,0.412621,-18910,0,-137.14,-133,0.436224
291301, 761.583, 22, -1,-1,-1,49.8807,11.1424,0.019953,8.68e+08,11,125000,1,0,12.9208,-18961.3,0,-132.487,-135,0.790528
291304, 761.594, 39, -1,-1,-1,43.5465,21.5478,0.025119,8.68e+08,12,125000,1,0,15.3817,-15788.5,1,-130.839,-137,1.58106
291322, 762.168, 15, -1,-1,-1,44.3496,3.32595,0.025119,8.68e+08,11,125000,1,0,24.7452,-15833.9,1,-128.634,-135,0.790528
291325, 762.271, 38, -1,-1,-1,44.5391,14.5207,0.025119,8.68e+08,10,125000,1,0,21.0649,-17640,1,-129.447,-133,0.436224
291327, 762.768, 6, -1,-1,-1,58.2129,16.2971,0.025119,8.68e+08,12,125000,1,0,1.31426,-19489.4,0,-134.864,-137,1.58106
291329, 762.787, 29, -1,-1,-1,50.7851,21.7882,0.015849,8.68e+08,12,125000,1,0,7.2085,-18639.7,0,-135.101,-137,1.58106
291351, 763.382, 42, -1,-1,-1,57.7616,26.6615,0.019953,8.68e+08,12,125000,1,0,-0.952619,-19186.4,0,-136.555,-137,1.58106
291363, 763.671, 10, -1,-1,-1,28.9812,30.4875,0.019953,8.68e+08,12,125000,1,0,6.49032,-1982.21,0,-134.315,-137,1.58106
291370, 763.755, 59, -1,-1,-1,68.2639,21.0486,0.015849,8.68e+08,11,125000,1,0,-7.92432,-19283.1,0,-139.64,-135,0.790528
291372, 763.798, 52, -1,-1,-1,39.7577,32.3711,0.019953,8.68e+08,11,125000,1,0,5.75944,-11593.6,0,-134.533,-135,0.790528
291379, 764.143, 54, -1,-1,-1,33.9169,-17.5406,0.019953,8.68e+08,11,125000,1,0,7.2143,1892.05,0,-134.104,-135,0.790528
291391, 764.438, 40, -1,-1,-1,60.8808,23.4982,0.015849,8.68e+08,12,125000,1,0,-2.62046,-19452,0,-138.061,-137,1.58106
291404, 764.642, 34, -1,-1,-1,48.7562,19.7846,0.025119,8.68e+08,11,125000,1,0,10.3754,-18454.4,1,-132.191,-135,0.790528
291406, 764.686, 51, -1,-1,-1,41.8919,29.6462,0.019953,8.68e+08,10,125000,1,0,7.69543,-13457.9,0,-133.962,-133,0.436224
291408, 764.976, 14, -1,-1,-1,53.0462,-6.68945,0.015849,8.68e+08,12,125000,1,0,5.38223,-15851.7,0,-135.639,-137,1.58106
291410, 765.007, 12, -1,-1,-1,52.0633,-2.10831,0.019953,8.68e+08,10,125000,1,0,8.09175,-16840.2,0,-133.842,-133,0.436224
291418, 765.101, 56, -1,-1,-1,36.3084,12.5542,0.019953,8.68e+08,12,125000,1,0,46.7678,-9134.88,1,-126.076,-137,1.58106
291425, 765.322, 21, -1,-1,-1,39.9798,-9.60875,0.019953,8.68e+08,12,125000,1,0,16.2134,-5605.29,0,-131.626,-137,1.58106
291428, 765.876, 32, -1,-1,-1,51.2589,12.3527,0.019953,8.68e+08,11,125000,1,0,10.0823,-19225.9,1,-133.272,-135,0.790528
291430, 765.881, 1, -1,-1,-1,47.2765,2.22214,0.015849,8.68e+08,12,125000,1,0,17.1527,-16798.7,0,-132.385,-137,1.58106
291432, 766.104, 50, -1,-1,-1,39.4666,15.4567,0.025119,8.68e+08,12,125000,1,0,30.2594,-13826.6,0,-127.544,-137,1.58106
291434, 766.69, 2, -1,-1,-1,51.5344,12.7308,0.019953,8.68e+08,12,125000,1,0,9.59387,-19258.7,0,-133.41,-137,1.58106
291451, 767.397, 17, -1,-1,-1,50.975,1.0294,0.019953,8.68e+08,10,125000,1,0,10.3056,-17497.9,0,-133.208,-133,0.436224
291463, 767.626, 41, -1,-1,-1,59.5484,25.9088,0.019953,8.68e+08,11,125000,1,0,-2.38528,-19381.8,0,-136.99,-135,0.790528
291470, 768.077, 7, -1,-1,-1,47.6351,15.354,0.015849,8.68e+08,11,125000,1,0,14.2209,-18706.8,0,-133.139,-135,0.790528
291477, 768.259, 20, -1,-1,-1,37.9471,-10.2414,0.015849,8.68e+08,11,125000,1,0,16.3335,-3267.6,0,-132.596,-135,0.790528
291479, 768.295, 30, -1,-1,-1,49.4973,17.4698,0.015849,8.68e+08,11,125000,1,0,10.3994,-18923.2,0,-134.183,-135,0.790528
291496, 768.852, 45, -1,-1,-1,51.1713,24.9679,0.025119,8.68e+08,11,125000,1,0,4.68423,-18486.7,0,-133.848,-135,0.790528
291499, 768.89, 3, -1,-1,-1,41.7537,-4.41958,0.015849,8.68e+08,11,125000,1,0,21.4785,-10125.8,1,-131.353,-135,0.790528
291501, 769.131, 47, -1,-1,-1,60.7194,5.65594,0.015849,8.68e+08,11,125000,1,0,-0.827377,-18994.2,0,-137.515,-135,0.790528
291504, 769.247, 18, -1,-1,-1,40.3252,0.458257,0.015849,8.68e+08,10,125000,1,0,32.2101,-11350.9,1,-129.191,-133,0.436224
291517, 769.821, 4, -1,-1,-1,41.4412,12.9351,0.019953,8.68e+08,10,125000,1,0,28.9117,-16397.9,1,-128.796,-133,0.436224
291524, 770.189, 53, -1,-1,-1,63.4292,-20.8181,0.019953,8.68e+08,10,125000,1,0,-7.24324,-16074,0,-138.442,-133,0.436224
291527, 770.297, 36, -1,-1,-1,43.7267,24.2592,0.019953,8.68e+08,12,125000,1,0,11.5965,-15715.6,1,-132.852,-137,1.58106
291539, 771.582, 46, -1,-1,-1,52.8116,25.5221,0.025119,8.68e+08,12,125000,1,0,2.90519,-18782.2,0,-134.383,-137,1.58106
291556, 771.815, 49, -1,-1,-1,46.408,9.75733,0.015849,8.68e+08,11,125000,1,0,18.5868,-18542.9,0,-132.031,-135,0.790528
291558, 772.119, 11, -1,-1,-1,56.9993,38.0547,0.019953,8.68e+08,12,125000,1,0,-5.00217,-18379.6,0,-137.78,-137,1.58106
291560, 772.136, 58, -1,-1,-1,60.5259,-7.32063,0.025119,8.68e+08,10,125000,1,0,-2.23422,-17443.4,0,-135.943,-133,0.436224
291568, 772.412, 15, -1,-1,-1,44.3496,3.32595,0.025119,8.68e+08,11,125000,1,0,23.2128,-16349.9,1,-128.962,-135,0.790528
291581, 773.229, 9, -1,-1,-1,39.6549,24.3091,0.025119,8.68e+08,10,125000,1,0,14.1621,-12864.8,1,-131.159,-133,0.436224
291583, 773.295, 0, -1,-1,-1,52.8019,-0.140325,0.019953,8.68e+08,12,125000,1,0,7.17439,-17666.7,0,-134.108,-137,1.58106
291595, 773.761, 44, -1,-1,-1,50.511,28.5311,0.019953,8.68e+08,12,125000,1,0,3.00993,-17959.9,0,-135.352,-137,1.58106
291598, 774.136, 31, -1,-1,-1,54.7544,21.0473,0.025119,8.68e+08,11,125000,1,0,2.70422,-19412.2,1,-134.442,-135,0.790528
291605, 774.466, 59, -1,-1,-1,68.2639,21.0486,0.015849,8.68e+08,11,125000,1,0,-8.43627,-19376.3,0,-139.788,-135,0.790528
291613, 774.562, 24, -1,-1,-1,47.5807,13.3667,0.025119,8.68e+08,12,125000,1,0,14.7055,-18918.9,1,-131.011,-137,1.58106
291625, 774.869, 23, -1,-1,-1,52.8622,11.1827,0.019953,8.68e+08,10,125000,1,0,7.3117,-19413.7,0,-134.067,-133,0.436224
291642, 775.337, 22, -1,-1,-1,49.8807,11.1424,0.019953,8.68e+08,11,125000,1,0,11.5431,-19221.2,0,-132.862,-135,0.790528
291650, 775.605, 25, -1,-1,-1,47.5334,10.9197,0.019953,8.68e+08,10,125000,1,0,15.4963,-18932.1,1,-131.804,-133,0.436224
291652, 775.617, 13, -1,-1,-1,57.0723,-1.70621,0.015849,8.68e+08,11,125000,1,0,1.82417,-17990.8,0,-136.708,-135,0.790528
291655, 776.006, 37, -1,-1,-1,39.3182,23.7585,0.025119,8.68e+08,11,125000,1,0,14.9114,-12783.7,1,-130.961,-135,0.790528
291662, 776.439, 5, -1,-1,-1,53.5397,3.21519,0.015849,8.68e+08,12,125000,1,0,6.56293,-18509.7,0,-135.287,-137,1.58106
291669, 776.732, 42, -1,-1,-1,57.7616,26.6615,0.019953,8.68e+08,12,125000,1,0,-1.71937,-19336.9,0,-136.787,-137,1.58106
291671, 776.824, 48, -1,-1,-1,58.3997,11.2994,0.015849,8.68e+08,10,125000,1,0,0.822252,-19508.6,0,-137.012,-133,0.436224
291679, 776.912, 38, -1,-1,-1,44.5391,14.5207,0.025119,8.68e+08,10,125000,1,0,19.0586,-18123.9,1,-129.917,-133,0.436224
291682, 777.161, 56, -1,-1,-1,36.3084,12.5542,0.019953,8.68e+08,12,125000,1,0,43.837,-10716.2,1,-126.434,-137,1.58106
291694, 777.623, 55, -1,-1,-1,29.3703,-15.3954,0.025119,8.68e+08,11,125000,1,0,8.69369,5723.79,0,-132.672,-135,0.790528
291711, 778.117, 51, -1,-1,-1,41.8919,29.6462,0.019953,8.68e+08,10,125000,1,0,6.92486,-14005.4,0,-134.186,-133,0.436224
291713, 778.153, 16, -1,-1,-1,42.4575,7.48746,0.019953,8.68e+08,11,125000,1,0,28.5144,-17117.3,0,-128.87,-135,0.790528
291715, 778.199, 26, -1,-1,-1,45.7065,9.06593,0.025119,8.68e+08,11,125000,1,0,19.4422,-18494.1,0,-129.824,-135,0.790528
291737, 778.77, 20, -1,-1,-1,37.9471,-10.2414,0.015849,8.68e+08,11,125000,1,0,16.0838,-4175.87,0,-132.658,-135,0.790528
291739, 778.964, 28, -1,-1,-1,56.1214,14.8064,0.019953,8.68e+08,10,125000,1,0,2.58016,-19654.7,0,-135.478,-133,0.436224
291742, 779.393, 27, -1,-1,-1,50.6159,6.80471,0.025119,8.68e+08,12,125000,1,0,10.6096,-18905.2,1,-132.121,-137,1.58106
291744, 779.514, 52, -1,-1,-1,39.7577,32.3711,0.019953,8.68e+08,11,125000,1,0,5.0371,-12288.4,0,-134.746,-135,0.790528
291766, 779.933, 57, -1,-1,-1,35.1402,33.8726,0.025119,8.68e+08,12,125000,1,0,4.04499,-8741.81,0,-134.044,-137,1.58106
291773, 780.239, 43, -1,-1,-1,55.6658,27.4582,0.015849,8.68e+08,10,125000,1,0,-0.696868,-19149.7,0,-137.476,-133,0.436224
291775, 780.253, 6, -1,-1,-1,58.2129,16.2971,0.025119,8.68e+08,12,125000,1,0,0.21691,-19677.7,0,-135.196,-137,1.58106
291778, 780.512, 19, -1,-1,-1,38.1762,0.856056,0.025119,8.68e+08,11,125000,1,0,37.9682,-9804.82,1,-126.251,-135,0.790528
291780, 780.634, 3, -1,-1,-1,41.7537,-4.41958,0.015849,8.68e+08,11,125000,1,0,20.4848,-11042.5,0,-131.58,-135,0.790528
291782, 780.701, 7, -1,-1,-1,47.6351,15.354,0.015849,8.68e+08,11,125000,1,0,12.8959,-18978.5,0,-133.492,-135,0.790528
291789, 780.871, 8, -1,-1,-1,60.4856,7.73014,0.025119,8.68e+08,11,125000,1,0,-1.27949,-19087.7,0,-135.651,-135,0.790528
291807, 782.239, 30, -1,-1,-1,49.4973,17.4698,0.015849,8.68e+08,11,125000,1,0,9.16208,-18961.1,1,-134.532,-135,0.790528
291809, 782.418, 2, -1,-1,-1,51.5344,12.7308,0.019953,8.68e+08,12,125000,1,0,8.22813,-19286.3,0,-133.8,-137,1.58106
291811, 782.578, 46, -1,-1,-1,52.8116,25.5221,0.025119,8.68e+08,12,125000,1,0,2.19662,-18746.3,0,-134.596,-137,1.58106
291818, 782.92, 10, -1,-1,-1,28.9812,30.4875,0.019953,8.68e+08,12,125000,1,0,6.28761,-3034.76,0,-134.374,-137,1.58106
291840, 784.16, 14, -1,-1,-1,53.0462,-6.68945,0.015849,8.68e+08,12,125000,1,0,4.22279,-16169.1,0,-135.983,-137,1.58106
291848, 784.501, 33, -1,-1,-1,47.239,17.4643,0.019953,8.68e+08,10,125000,1,0,11.8515,-18566.4,1,-132.777,-133,0.436224
291850, 784.581, 35, -1,-1,-1,45.7431,26.4773,0.019953,8.68e+08,10,125000,1,0,6.97027,-16657.6,0,-134.17,-133,0.436224
291858, 784.9, 32, -1,-1,-1,51.2589,12.3527,0.019953,8.68e+08,11,125000,1,0,8.40692,-19310,1,-133.748,-135,0.790528
291866, 785.265, 50, -1,-1,-1,39.4666,15.4567,0.025119,8.68e+08,12,125000,1,0,27.0563,-14882.9,1,-128.158,-137,1.58106
291883, 785.657, 12, -1,-1,-1,52.0633,-2.10831,0.019953,8.68e+08,10,125000,1,0,6.61608,-17158.9,0,-134.271,-133,0.436224
291890, 785.929, 39, -1,-1,-1,43.5465,21.5478,0.025119,8.68e+08,12,125000,1,0,13.1023,-16495.6,0,-131.439,-137,1.58106
291892, 786.279, 24, -1,-1,-1,47.5807,13.3667,0.025119,8.68e+08,12,125000,1,0,13.4357,-18937.3,0,-131.346,-137,1.58106
291900, 786.327, 54, -1,-1,-1,33.9169,-17.5406,0.019953,8.68e+08,11,125000,1,0,7.31873,654.678,1,-134.071,-135,0.790528
291917, 786.905, 29, -1,-1,-1,50.7851,21.7882,0.015849,8.68e+08,12,125000,1,0,5.39503,-18847.2,0,-135.633,-137,1.58106
291919, 786.984, 5, -1,-1,-1,53.5397,3.21519,0.015849,8.68e+08,12,125000,1,0,5.7874,-18483.5,0,-135.515,-137,1.58106
291921, 787.05, 58, -1,-1,-1,60.5259,-7.32063,0.025119,8.68e+08,10,125000,1,0,-2.98037,-17479.6,0,-136.167,-133,0.436224
291923, 787.322, 40, -1,-1,-1,60.8808,23.4982,0.015849,8.68e+08,12,125000,1,0,-3.87367,-19465,0,-138.437,-137,1.58106
291926, 787.469, 37, -1,-1,-1,39.3182,23.7585,0.025119,8.68e+08,11,125000,1,0,14.042,-13201.6,1,-131.189,-135,0.790528
291939, 787.897, 21, -1,-1,-1,39.9798,-9.60875,0.019953,8.68e+08,12,125000,1,0,15.3021,-7152.12,1,-131.858,-137,1.58106
291941, 788.129, 17, -1,-1,-1,50.975,1.0294,0.019953,8.68e+08,10,125000,1,0,8.61796,-17789.6,0,-133.687,-133,0.436224
291948, 788.288, 1, -1,-1,-1,47.2765,2.22214,0.015849,8.68e+08,12,125000,1,0,14.7475,-17321.7,0,-132.998,-137,1.58106
291955, 788.494, 47, -1,-1,-1,60.7194,5.65594,0.015849,8.68e+08,11,125000,1,0,-1.92396,-19015.6,0,-137.846,-135,0.790528
291957, 788.744, 23, -1,-1,-1,52.8622,11.1827,0.019953,8.68e+08,10,125000,1,0,6.21459,-19396.3,0,-134.388,-133,0.436224
291960, 789.004, 34, -1,-1,-1,48.7562,19.7846,0.025119,8.68e+08,11,125000,1,0,8.29804,-18729,1,-132.781,-135,0.790528
291977, 789.704, 51, -1,-1,-1,41.8919,29.6462,0.019953,8.68e+08,10,125000,1,0,6.26304,-14258.7,0,-134.38,-133,0.436224
291980, 789.834, 20, -1,-1,-1,37.9471,-10.2414,0.015849,8.68e+08,11,125000,1,0,15.7708,-4845.81,1,-132.737,-135,0.790528
291982, 790.308, 45, -1,-1,-1,51.1713,24.9679,0.025119,8.68e+08,11,125000,1,0,3.2397,-18647.6,0,-134.28,-135,0.790528
292000, 791.181, 9, -1,-1,-1,39.6549,24.3091,0.025119,8.68e+08,10,125000,1,0,12.8401,-13593.5,1,-131.511,-133,0.436224
292002, 791.367, 41, -1,-1,-1,59.5484,25.9088,0.019953,8.68e+08,11,125000,1,0,-3.68672,-19416.3,0,-137.381,-135,0.790528
292024, 792.069, 44, -1,-1,-1,50.511,28.5311,0.019953,8.68e+08,12,125000,1,0,1.88417,-18100.3,0,-135.691,-137,1.58106
292032, 792.118, 18, -1,-1,-1,40.3252,0.458257,0.015849,8.68e+08,10,125000,1,0,28.691,-13043.2,1,-129.835,-133,0.436224
292039, 792.313, 55, -1,-1,-1,29.3703,-15.3954,0.025119,8.68e+08,11,125000,1,0,9.04434,4994.9,0,-132.57,-135,0.790528
292062, 792.86, 38, -1,-1,-1,44.5391,14.5207,0.025119,8.68e+08,10,125000,1,0,17.0451,-18350.1,1,-130.409,-133,0.436224
292064, 792.975, 49, -1,-1,-1,46.408,9.75733,0.015849,8.68e+08,11,125000,1,0,15.9477,-18830.4,0,-132.686,-135,0.790528
292066, 793.21, 0, -1,-1,-1,52.8019,-0.140325,0.019953,8.68e+08,12,125000,1,0,5.75004,-17886.9,0,-134.525,-137,1.58106
292073, 793.423, 59, -1,-1,-1,68.2639,21.0486,0.015849,8.68e+08,11,125000,1,0,-9.32749,-19319.7,0,-140.043,-135,0.790528
292080, 793.547, 11, -1,-1,-1,56.9993,38.0547,0.019953,8.68e+08,12,125000,1,0,-6.04055,-18450.1,0,-138.087,-137,1.58106
292083, 793.679, 36, -1,-1,-1,43.7267,24.2592,0.019953,8.68e+08,12,125000,1,0,9.77128,-16326.8,1,-133.361,-137,1.58106
292085, 793.771, 53, -1,-1,-1,63.4292,-20.8181,0.019953,8.68e+08,10,125000,1,0,-8.1956,-16272,0,-138.717,-133,0.436224
292093, 793.864, 4, -1,-1,-1,41.4412,12.9351,0.019953,8.68e+08,10,125000,1,0,24.6326,-17279.4,1,-129.655,-133,0.436224
292100, 794.184, 10, -1,-1,-1,28.9812,30.4875,0.019953,8.68e+08,12,125000,1,0,6.13273,-3745.7,0,-134.419,-137,1.58106
292102, 794.257, 42, -1,-1,-1,57.7616,26.6615,0.019953,8.68e+08,12,125000,1,0,-2.69875,-19324.5,0,-137.082,-137,1.58106
292109, 794.567, 52, -1,-1,-1,39.7577,32.3711,0.019953,8.68e+08,11,125000,1,0,4.33657,-12727.7,0,-134.954,-135,0.790528
292112, 794.781, 15, -1,-1,-1,44.3496,3.32595,0.025119,8.68e+08,11,125000,1,0,20.124,-17052.7,1,-129.661,-135,0.790528
292129, 795.75, 48, -1,-1,-1,58.3997,11.2994,0.015849,8.68e+08,10,125000,1,0,-0.335461,-19508.7,0,-137.362,-133,0.436224
292137, 795.963, 56, -1,-1,-1,36.3084,12.5542,0.019953,8.68e+08,12,125000,1,0,39.3286,-12500.3,1,-127.048,-137,1.58106
292145, 796.308, 16, -1,-1,-1,42.4575,7.48746,0.019953,8.68e+08,11,125000,1,0,25.1813,-17633.9,1,-129.538,-135,0.790528
292162, 796.635, 39, -1,-1,-1,43.5465,21.5478,0.025119,8.68e+08,12,125000,1,0,12.1488,-16855.1,0,-131.696,-137,1.58106
292164, 796.664, 13, -1,-1,-1,57.0723,-1.70621,0.015849,8.68e+08,11,125000,1,0,0.589036,-18142.1,0,-137.081,-135,0.790528
292176, 797.146, 58, -1,-1,-1,60.5259,-7.32063,0.025119,8.68e+08,10,125000,1,0,-3.47809,-17648.1,0,-136.317,-133,0.436224
292183, 797.34, 22, -1,-1,-1,49.8807,11.1424,0.019953,8.68e+08,11,125000,1,0,9.49741,-19373.3,0,-133.434,-135,0.790528
292190, 797.563, 8, -1,-1,-1,60.4856,7.73014,0.025119,8.68e+08,11,125000,1,0,-2.22181,-19278.4,0,-135.936,-135,0.790528
292197, 797.842, 57, -1,-1,-1,35.1402,33.8726,0.025119,8.68e+08,12,125000,1,0,3.46247,-9443.53,0,-134.218,-137,1.58106
292209, 798.04, 7, -1,-1,-1,47.6351,15.354,0.015849,8.68e+08,11,125000,1,0,11.1903,-19099.4,0,-133.958,-135,0.790528
292211, 798.088, 46, -1,-1,-1,52.8116,25.5221,0.025119,8.68e+08,12,125000,1,0,1.22541,-18968.6,0,-134.89,-137,1.58106
292214, 798.14, 19, -1,-1,-1,38.1762,0.856056,0.025119,8.68e+08,11,125000,1,0,34.9093,-11405.2,1,-126.73,-135,0.790528
292216, 798.178, 21, -1,-1,-1,39.9798,-9.60875,0.019953,8.68e+08,12,125000,1,0,14.8348,-7932.08,0,-131.978,-137,1.58106
292218, 798.428, 31, -1,-1,-1,54.7544,21.0473,0.025119,8.68e+08,11,125000,1,0,1.12828,-19500.3,0,-134.918,-135,0.790528
292220, 798.641, 26, -1,-1,-1,45.7065,9.06593,0.025119,8.68e+08,11,125000,1,0,16.8011,-18787.4,0,-130.469,-135,0.790528
292232, 799.089, 23, -1,-1,-1,52.8622,11.1827,0.019953,8.68e+08,10,125000,1,0,5.42757,-19536.5,0,-134.62,-133,0.436224
292234, 799.46, 27, -1,-1,-1,50.6159,6.80471,0.025119,8.68e+08,12,125000,1,0,8.84303,-19052.6,0,-132.621,-137,1.58106
292237, 799.578, 37, -1,-1,-1,39.3182,23.7585,0.025119,8.68e+08,11,125000,1,0,13.1287,-13819.4,1,-131.432,-135,0.790528
292255, 800.576, 25, -1,-1,-1,47.5334,10.9197,0.019953,8.68e+08,10,125000,1,0,12.7754,-18987.9,1,-132.522,-133,0.436224
292262, 800.889, 12, -1,-1,-1,52.0633,-2.10831,0.019953,8.68e+08,10,125000,1,0,5.57067,-17301.9,0,-134.578,-133,0.436224
292389, 801.236, 28, -1,-1,-1,56.1214,14.8064,0.019953,8.68e+08,10,125000,1,0,1.12576,-19487,0,-135.917,-133,0.436224
292396, 801.401, 33, -1,-1,-1,47.239,17.4643,0.019953,8.68e+08,10,125000,1,0,10.2832,-18698.8,0,-133.212,-133,0.436224
292408, 801.908, 6, -1,-1,-1,58.2129,16.2971,0.025119,8.68e+08,12,125000,1,0,-1.08594,-19484.4,0,-135.591,-137,1.58106
292420, 802.452, 43, -1,-1,-1,55.6658,27.4582,0.015849,8.68e+08,10,125000,1,0,-1.95981,-19015.8,0,-137.858,-133,0.436224
292427, 802.902, 24, -1,-1,-1,47.5807,13.3667,0.025119,8.68e+08,12,125000,1,0,11.7466,-19035.8,0,-131.803,-137,1.58106
292435, 803.123, 38, -1,-1,-1,44.5391,14.5207,0.025119,8.68e+08,10,125000,1,0,15.8332,-18388.4,1,-130.716,-133,0.436224
292437, 803.158, 1, -1,-1,-1,47.2765,2.22214,0.015849,8.68e+08,12,125000,1,0,13.2626,-17529.3,0,-133.39,-137,1.58106
292439, 803.179, 5, -1,-1,-1,53.5397,3.21519,0.015849,8.68e+08,12,125000,1,0,4.63833,-18547.5,0,-135.856,-137,1.58106
292462, 803.623, 18, -1,-1,-1,40.3252,0.458257,0.015849,8.68e+08,10,125000,1,0,26.9766,-13611.8,1,-130.17,-133,0.436224
292470, 803.746, 50, -1,-1,-1,39.4666,15.4567,0.025119,8.68e+08,12,125000,1,0,24.2051,-15694.8,1,-128.746,-137,1.58106
292477, 804.226, 41, -1,-1,-1,59.5484,25.9088,0.019953,8.68e+08,11,125000,1,0,-4.3711,-19335.1,0,-137.586,-135,0.790528
292479, 804.331, 3, -1,-1,-1,41.7537,-4.41958,0.015849,8.68e+08,11,125000,1,0,18.4366,-12163.5,0,-132.065,-135,0.790528
292486, 804.574, 42, -1,-1,-1,57.7616,26.6615,0.019953,8.68e+08,12,125000,1,0,-3.26192,-19228.9,0,-137.252,-137,1.58106
292488, 804.872, 20, -1,-1,-1,37.9471,-10.2414,0.015849,8.68e+08,11,125000,1,0,15.2697,-5815.31,0,-132.865,-135,0.790528
292495, 805.175, 14, -1,-1,-1,53.0462,-6.68945,0.015849,8.68e+08,12,125000,1,0,2.98951,-16490.4,0,-136.353,-137,1.58106
292507, 805.246, 2, -1,-1,-1,51.5344,12.7308,0.019953,8.68e+08,12,125000,1,0,6.37639,-19400.8,0,-134.339,-137,1.58106
292520, 805.682, 9, -1,-1,-1,39.6549,24.3091,0.025119,8.68e+08,10,125000,1,0,11.7824,-14075.5,1,-131.798,-133,0.436224
292532, 805.822, 45, -1,-1,-1,51.1713,24.9679,0.025119,8.68e+08,11,125000,1,0,2.23861,-18689.8,0,-134.581,-135,0.790528
292549, 805.988, 32, -1,-1,-1,51.2589,12.3527,0.019953,8.68e+08,11,125000,1,0,6.67912,-19402.2,0,-134.249,-135,0.790528
292551, 806.099, 40, -1,-1,-1,60.8808,23.4982,0.015849,8.68e+08,12,125000,1,0,-4.86812,-19431.3,0,-138.734,-137,1.58106
292553, 806.13, 51, -1,-1,-1,41.8919,29.6462,0.019953,8.68e+08,10,125000,1,0,5.33189,-14656.5,0,-134.654,-133,0.436224
292555, 806.155, 54, -1,-1,-1,33.9169,-17.5406,0.019953,8.68e+08,11,125000,1,0,7.31734,-433.011,0,-134.07,-135,0.790528
292557, 806.176, 48, -1,-1,-1,58.3997,11.2994,0.015849,8.68e+08,10,125000,1,0,-0.954021,-19410.1,0,-137.55,-133,0.436224
292559, 806.385, 34, -1,-1,-1,48.7562,19.7846,0.025119,8.68e+08,11,125000,1,0,6.91427,-18831.5,0,-133.182,-135,0.790528
292566, 806.678, 59, -1,-1,-1,68.2639,21.0486,0.015849,8.68e+08,11,125000,1,0,-9.94007,-19211,0,-140.216,-135,0.790528
292568, 806.681, 30, -1,-1,-1,49.4973,17.4698,0.015849,8.68e+08,11,125000,1,0,7.13537,-19153.6,0,-135.116,-135,0.790528
292570, 807.453, 29, -1,-1,-1,50.7851,21.7882,0.015849,8.68e+08,12,125000,1,0,3.94264,-18962.2,0,-136.066,-137,1.58106
292582, 808.221, 53, -1,-1,-1,63.4292,-20.8181,0.019953,8.68e+08,10,125000,1,0,-8.77364,-16291.8,0,-138.883,-133,0.436224
292584, 808.252, 0, -1,-1,-1,52.8019,-0.140325,0.019953,8.68e+08,12,125000,1,0,4.71875,-17974.5,0,-134.831,-137,1.58106
292591, 808.852, 17, -1,-1,-1,50.975,1.0294,0.019953,8.68e+08,10,125000,1,0,7.02891,-18030.9,0,-134.146,-133,0.436224
292598, 809.18, 46, -1,-1,-1,52.8116,25.5221,0.025119,8.68e+08,12,125000,1,0,0.549795,-18920.7,0,-135.094,-137,1.58106
292605, 809.453, 35, -1,-1,-1,45.7431,26.4773,0.019953,8.68e+08,10,125000,1,0,5.29979,-17108.3,0,-134.662,-133,0.436224
292623, 810.419, 16, -1,-1,-1,42.4575,7.48746,0.019953,8.68e+08,11,125000,1,0,22.8593,-17896.6,1,-130.036,-135,0.790528
292630, 811.025, 36, -1,-1,-1,43.7267,24.2592,0.019953,8.68e+08,12,125000,1,0,8.47486,-16661,0,-133.73,-137,1.58106
292632, 811.115, 47, -1,-1,-1,60.7194,5.65594,0.015849,8.68e+08,11,125000,1,0,-3.15984,-19063.9,0,-138.219,-135,0.790528
292639, 811.334, 27, -1,-1,-1,50.6159,6.80471,0.025119,8.68e+08,12,125000,1,0,7.85562,-19035.5,0,-132.905,-137,1.58106
292657, 812.028, 22, -1,-1,-1,49.8807,11.1424,0.019953,8.68e+08,11,125000,1,0,8.2255,-19384.4,1,-133.797,-135,0.790528
292659, 812.26, 12, -1,-1,-1,52.0633,-2.10831,0.019953,8.68e+08,10,125000,1,0,4.81252,-17561.8,0,-134.803,-133,0.436224
292661, 812.264, 52, -1,-1,-1,39.7577,32.3711,0.019953,8.68e+08,11,125000,1,0,3.50621,-13228.8,0,-135.202,-135,0.790528
292663, 812.405, 11, -1,-1,-1,56.9993,38.0547,0.019953,8.68e+08,12,125000,1,0,-6.93456,-18475.4,0,-138.349,-137,1.58106
292685, 813.247, 49, -1,-1,-1,46.408,9.75733,0.015849,8.68e+08,11,125000,1,0,13.6749,-19036.5,0,-133.278,-135,0.790528
292687, 813.432, 43, -1,-1,-1,55.6658,27.4582,0.015849,8.68e+08,10,125000,1,0,-2.56643,-19143.3,0,-138.041,-133,0.436224
292689, 813.525, 55, -1,-1,-1,29.3703,-15.3954,0.025119,8.68e+08,11,125000,1,0,9.46405,3783.84,0,-132.449,-135,0.790528
292692, 813.537, 10, -1,-1,-1,28.9812,30.4875,0.019953,8.68e+08,12,125000,1,0,5.80744,-4757.98,1,-134.514,-137,1.58106
292699, 813.957, 7, -1,-1,-1,47.6351,15.354,0.015849,8.68e+08,11,125000,1,0,9.72668,-19169.1,0,-134.368,-135,0.790528
292712, 814.469, 25, -1,-1,-1,47.5334,10.9197,0.019953,8.68e+08,10,125000,1,0,11.3911,-19246.9,1,-132.9,-133,0.436224
292725, 814.907, 26, -1,-1,-1,45.7065,9.06593,0.025119,8.68e+08,11,125000,1,0,14.8952,-18926.4,1,-130.956,-135,0.790528
292747, 815.43, 58, -1,-1,-1,60.5259,-7.32063,0.025119,8.68e+08,10,125000,1,0,-4.36517,-17720.1,0,-136.582,-133,0.436224
292750, 815.509, 50, -1,-1,-1,39.4666,15.4567,0.025119,8.68e+08,12,125000,1,0,22.5108,-16288.2,1,-129.114,-137,1.58106
292752, 815.608, 33, -1,-1,-1,47.239,17.4643,0.019953,8.68e+08,10,125000,1,0,9.03896,-18967.5,0,-133.564,-133,0.436224
292759, 815.959, 13, -1,-1,-1,57.0723,-1.70621,0.015849,8.68e+08,11,125000,1,0,-0.504253,-18241.1,0,-137.412,-135,0.790528
292761, 816.111, 6, -1,-1,-1,58.2129,16.2971,0.025119,8.68e+08,12,125000,1,0,-1.9103,-19626.8,0,-135.84,-137,1.58106
292768, 816.358, 24, -1,-1,-1,47.5807,13.3667,0.025119,8.68e+08,12,125000,1,0,10.4645,-19276.4,0,-132.159,-137,1.58106
292780, 816.593, 23, -1,-1,-1,52.8622,11.1827,0.019953,8.68e+08,10,125000,1,0,4.15025,-19551,0,-135,-133,0.436224
292783, 816.798, 38, -1,-1,-1,44.5391,14.5207,0.025119,8.68e+08,10,125000,1,0,14.3087,-18721.1,1,-131.111,-133,0.436224
292785, 816.871, 44, -1,-1,-1,50.511,28.5311,0.019953,8.68e+08,12,125000,1,0,0.418165,-18322.6,0,-136.134,-137,1.58106
292802, 817.325, 14, -1,-1,-1,53.0462,-6.68945,0.015849,8.68e+08,12,125000,1,0,2.29343,-16784.8,0,-136.562,-137,1.58106
292805, 817.928, 15, -1,-1,-1,44.3496,3.32595,0.025119,8.68e+08,11,125000,1,0,17.259,-17628.6,1,-130.352,-135,0.790528
292807, 818.137, 1, -1,-1,-1,47.2765,2.22214,0.015849,8.68e+08,12,125000,1,0,11.8473,-17940.4,0,-133.773,-137,1.58106
292824, 818.606, 40, -1,-1,-1,60.8808,23.4982,0.015849,8.68e+08,12,125000,1,0,-5.51521,-19545.3,0,-138.926,-137,1.58106
292827, 818.752, 39, -1,-1,-1,43.5465,21.5478,0.025119,8.68e+08,12,125000,1,0,10.2689,-17313.4,1,-132.217,-137,1.58106
292830, 818.762, 4, -1,-1,-1,41.4412,12.9351,0.019953,8.68e+08,10,125000,1,0,20.8244,-17965.8,1,-130.496,-133,0.436224
292842, 818.985, 51, -1,-1,-1,41.8919,29.6462,0.019953,8.68e+08,10,125000,1,0,4.61024,-15087,0,-134.869,-133,0.436224
292844, 819.002, 9, -1,-1,-1,39.6549,24.3091,0.025119,8.68e+08,10,125000,1,0,10.8233,-14657.5,0,-132.063,-133,0.436224
292847, 819.575, 32, -1,-1,-1,51.2589,12.3527,0.019953,8.68e+08,11,125000,1,0,5.62824,-19586,1,-134.559,-135,0.790528
292880, 820.39, 56, -1,-1,-1,36.3084,12.5542,0.019953,8.68e+08,12,125000,1,0,33.8914,-14381.7,1,-127.897,-137,1.58106
292887, 820.495, 3, -1,-1,-1,41.7537,-4.41958,0.015849,8.68e+08,11,125000,1,0,17.0356,-13165.5,0,-132.41,-135,0.790528
292889, 820.848, 8, -1,-1,-1,60.4856,7.73014,0.025119,8.68e+08,11,125000,1,0,-3.4921,-19103.7,0,-136.318,-135,0.790528
292897, 820.951, 19, -1,-1,-1,38.1762,0.856056,0.025119,8.68e+08,11,125000,1,0,30.9838,-12871.5,1,-127.404,-135,0.790528
292899, 821.03, 31, -1,-1,-1,54.7544,21.0473,0.025119,8.68e+08,11,125000,1,0,-0.262643,-19347.1,0,-135.339,-135,0.790528
292906, 821.571, 57, -1,-1,-1,35.1402,33.8726,0.025119,8.68e+08,12,125000,1,0,2.64544,-10359.8,0,-134.463,-137,1.58106
292908, 821.698, 37, -1,-1,-1,39.3182,23.7585,0.025119,8.68e+08,11,125000,1,0,11.4838,-14427.4,0,-131.879,-135,0.790528
292910, 821.728, 21, -1,-1,-1,39.9798,-9.60875,0.019953,8.68e+08,12,125000,1,0,13.6676,-9095.07,0,-132.284,-137,1.58106
292912, 821.838, 54, -1,-1,-1,33.9169,-17.5406,0.019953,8.68e+08,11,125000,1,0,7.2527,-1240.72,0,-134.087,-135,0.790528
292914, 822, 36, -1,-1,-1,43.7267,24.2592,0.019953,8.68e+08,12,125000,1,0,7.67929,-16772.5,0,-133.959,-137,1.58106
292921, 822.566, 17, -1,-1,-1,50.975,1.0294,0.019953,8.68e+08,10,125000,1,0,6.02562,-18091.4,0,-134.44,-133,0.436224
292939, 823.396, 45, -1,-1,-1,51.1713,24.9679,0.025119,8.68e+08,11,125000,1,0,1.1441,-18747.8,1,-134.912,-135,0.790528
292946, 823.721, 48, -1,-1,-1,58.3997,11.2994,0.015849,8.68e+08,10,125000,1,0,-1.96709,-19382.7,0,-137.856,-133,0.436224
292948, 823.798, 41, -1,-1,-1,59.5484,25.9088,0.019953,8.68e+08,11,125000,1,0,-5.38783,-19313.8,0,-137.888,-135,0.790528
292955, 824.203, 47, -1,-1,-1,60.7194,5.65594,0.015849,8.68e+08,11,125000,1,0,-3.85474,-18994.6,0,-138.427,-135,0.790528
292987, 825.594, 53, -1,-1,-1,63.4292,-20.8181,0.019953,8.68e+08,10,125000,1,0,-9.46328,-16351.5,0,-139.079,-133,0.436224
292989, 825.635, 28, -1,-1,-1,56.1214,14.8064,0.019953,8.68e+08,10,125000,1,0,-0.384234,-19538.6,0,-136.375,-133,0.436224
292991, 825.735, 46, -1,-1,-1,52.8116,25.5221,0.025119,8.68e+08,12,125000,1,0,-0.431615,-18936.7,0,-135.391,-137,1.58106
292998, 825.865, 30, -1,-1,-1,49.4973,17.4698,0.015849,8.68e+08,11,125000,1,0,5.6541,-19231.8,0,-135.551,-135,0.790528
293015, 826.261, 55, -1,-1,-1,29.3703,-15.3954,0.025119,8.68e+08,11,125000,1,0,9.66269,3131.59,0,-132.391,-135,0.790528
293022, 826.672, 35, -1,-1,-1,45.7431,26.4773,0.019953,8.68e+08,10,125000,1,0,4.18902,-17315.3,0,-134.992,-133,0.436224
293030, 826.704, 16, -1,-1,-1,42.4575,7.48746,0.019953,8.68e+08,11,125000,1,0,20.4256,-18175.5,1,-130.587,-135,0.790528
293033, 826.768, 18, -1,-1,-1,40.3252,0.458257,0.015849,8.68e+08,10,125000,1,0,23.6989,-14833.2,1,-130.851,-133,0.436224
293045, 827.092, 5, -1,-1,-1,53.5397,3.21519,0.015849,8.68e+08,12,125000,1,0,3.02539,-18717.8,0,-136.338,-137,1.58106
293047, 827.119, 23, -1,-1,-1,52.8622,11.1827,0.019953,8.68e+08,10,125000,1,0,3.412,-19470.3,0,-135.222,-133,0.436224
293049, 827.133, 2, -1,-1,-1,51.5344,12.7308,0.019953,8.68e+08,12,125000,1,0,4.72461,-19478,0,-134.828,-137,1.58106
293061, 827.318, 0, -1,-1,-1,52.8019,-0.140325,0.019953,8.68e+08,12,125000,1,0,3.46161,-18119.6,0,-135.207,-137,1.58106
293073, 827.674, 44, -1,-1,-1,50.511,28.5311,0.019953,8.68e+08,12,125000,1,0,-0.200811,-18296.4,0,-136.322,-137,1.58106
293080, 827.742, 33, -1,-1,-1,47.239,17.4643,0.019953,8.68e+08,10,125000,1,0,8.02416,-18970.5,0,-133.856,-133,0.436224
293083, 827.86, 20, -1,-1,-1,37.9471,-10.2414,0.015849,8.68e+08,11,125000,1,0,14.3574,-7339.77,1,-133.101,-135,0.790528
293095, 828.347, 13, -1,-1,-1,57.0723,-1.70621,0.015849,8.68e+08,11,125000,1,0,-1.1881,-18216.9,0,-137.619,-135,0.790528
293097, 828.422, 12, -1,-1,-1,52.0633,-2.10831,0.019953,8.68e+08,10,125000,1,0,3.7656,-17685.3,0,-135.115,-133,0.436224
293099, 828.529, 58, -1,-1,-1,60.5259,-7.32063,0.025119,8.68e+08,10,125000,1,0,-4.98984,-17699.9,0,-136.768,-133,0.436224
293101, 828.577, 11, -1,-1,-1,56.9993,38.0547,0.019953,8.68e+08,12,125000,1,0,-7.68755,-18459,0,-138.568,-137,1.58106
293108, 828.805, 29, -1,-1,-1,50.7851,21.7882,0.015849,8.68e+08,12,125000,1,0,2.51163,-19064.6,0,-136.496,-137,1.58106
293110, 828.941, 42, -1,-1,-1,57.7616,26.6615,0.019953,8.68e+08,12,125000,1,0,-4.55629,-19272.6,0,-137.639,-137,1.58106
293122, 829.321, 24, -1,-1,-1,47.5807,13.3667,0.025119,8.68e+08,12,125000,1,0,9.29292,-19274.2,0,-132.489,-137,1.58106
293129, 829.837, 34, -1,-1,-1,48.7562,19.7846,0.025119,8.68e+08,11,125000,1,0,5.15838,-19007,0,-133.699,-135,0.790528
293136, 830.269, 27, -1,-1,-1,50.6159,6.80471,0.025119,8.68e+08,12,125000,1,0,6.35905,-19121,0,-133.341,-137,1.58106
293148, 830.554, 6, -1,-1,-1,58.2129,16.2971,0.025119,8.68e+08,12,125000,1,0,-2.72656,-19558.5,0,-136.086,-137,1.58106
293151, 830.591, 26, -1,-1,-1,45.7065,9.06593,0.025119,8.68e+08,11,125000,1,0,13.1963,-19022.8,1,-131.405,-135,0.790528
293168, 830.907, 9, -1,-1,-1,39.6549,24.3091,0.025119,8.68e+08,10,125000,1,0,9.97857,-14939.3,0,-132.299,-133,0.436224
293170, 830.962, 52, -1,-1,-1,39.7577,32.3711,0.019953,8.68e+08,11,125000,1,0,2.62502,-13716.4,0,-135.467,-135,0.790528
293183, 831.067, 4, -1,-1,-1,41.4412,12.9351,0.019953,8.68e+08,10,125000,1,0,19.1357,-18116.7,1,-130.892,-133,0.436224
293185, 831.111, 59, -1,-1,-1,68.2639,21.0486,0.015849,8.68e+08,11,125000,1,0,-11.0483,-19193.3,0,-140.526,-135,0.790528
293187, 831.221, 25, -1,-1,-1,47.5334,10.9197,0.019953,8.68e+08,10,125000,1,0,9.82554,-19310.8,0,-133.337,-133,0.436224
293199, 831.497, 51, -1,-1,-1,41.8919,29.6462,0.019953,8.68e+08,10,125000,1,0,3.9148,-15291.4,0,-135.076,-133,0.436224
293202, 831.518, 3, -1,-1,-1,41.7537,-4.41958,0.015849,8.68e+08,11,125000,1,0,16.0883,-13533.9,1,-132.648,-135,0.790528
293204, 831.827, 22, -1,-1,-1,49.8807,11.1424,0.019953,8.68e+08,11,125000,1,0,6.61251,-19456.1,0,-134.266,-135,0.790528
293211, 831.867, 43, -1,-1,-1,55.6658,27.4582,0.015849,8.68e+08,10,125000,1,0,-3.56119,-19146.8,0,-138.34,-133,0.436224
293214, 832.632, 49, -1,-1,-1,46.408,9.75733,0.015849,8.68e+08,11,125000,1,0,11.694,-19181.8,1,-133.814,-135,0.790528
293217, 833.039, 10, -1,-1,-1,28.9812,30.4875,0.019953,8.68e+08,12,125000,1,0,5.40913,-5739.63,1,-134.631,-137,1.58106
293229, 834.804, 17, -1,-1,-1,50.975,1.0294,0.019953,8.68e+08,10,125000,1,0,5.16,-18330.9,0,-134.696,-133,0.436224
293241, 835.513, 41, -1,-1,-1,59.5484,25.9088,0.019953,8.68e+08,11,125000,1,0,-5.98304,-19423.3,0,-138.064,-135,0.790528
293249, 835.906, 37, -1,-1,-1,39.3182,23.7585,0.025119,8.68e+08,11,125000,1,0,10.4492,-15017.2,1,-132.166,-135,0.790528
293256, 836.655, 14, -1,-1,-1,53.0462,-6.68945,0.015849,8.68e+08,12,125000,1,0,1.21072,-17001.5,0,-136.889,-137,1.58106
293259, 837.011, 32, -1,-1,-1,51.2589,12.3527,0.019953,8.68e+08,11,125000,1,0,4.34226,-19598.4,1,-134.941,-135,0.790528
293266, 837.117, 5, -1,-1,-1,53.5397,3.21519,0.015849,8.68e+08,12,125000,1,0,2.37595,-18870.1,0,-136.534,-137,1.58106
293294, 838.542, 19, -1,-1,-1,38.1762,0.856056,0.025119,8.68e+08,11,125000,1,0,28.0997,-14227,1,-127.944,-135,0.790528
293296, 838.646, 39, -1,-1,-1,43.5465,21.5478,0.025119,8.68e+08,12,125000,1,0,8.67426,-17636.2,0,-132.669,-137,1.58106
293298, 838.802, 7, -1,-1,-1,47.6351,15.354,0.015849,8.68e+08,11,125000,1,0,7.60871,-19358.8,0,-134.975,-135,0.790528
293305, 838.985, 36, -1,-1,-1,43.7267,24.2592,0.019953,8.68e+08,12,125000,1,0,6.48419,-17222.9,0,-134.308,-137,1.58106
293328, 839.284, 50, -1,-1,-1,39.4666,15.4567,0.025119,8.68e+08,12,125000,1,0,19.3547,-17066.1,1,-129.84,-137,1.58106
293330, 839.624, 13, -1,-1,-1,57.0723,-1.70621,0.015849,8.68e+08,11,125000,1,0,-1.79918,-18386.7,0,-137.803,-135,0.790528
293332, 839.651, 57, -1,-1,-1,35.1402,33.8726,0.025119,8.68e+08,12,125000,1,0,1.9947,-10960.5,0,-134.658,-137,1.58106
293335, 839.718, 38, -1,-1,-1,44.5391,14.5207,0.025119,8.68e+08,10,125000,1,0,11.9558,-18989.7,1,-131.742,-133,0.436224
293342, 839.873, 55, -1,-1,-1,29.3703,-15.3954,0.025119,8.68e+08,11,125000,1,0,9.82778,2154.94,0,-132.343,-135,0.790528
293345, 840.042, 16, -1,-1,-1,42.4575,7.48746,0.019953,8.68e+08,11,125000,1,0,18.6009,-18564.7,1,-131.019,-135,0.790528
293357, 840.519, 54, -1,-1,-1,33.9169,-17.5406,0.019953,8.68e+08,11,125000,1,0,7.10363,-2480.9,0,-134.129,-135,0.790528
293359, 840.687, 40, -1,-1,-1,60.8808,23.4982,0.015849,8.68e+08,12,125000,1,0,-6.63043,-19532.6,0,-139.255,-137,1.58106
293381, 841.16, 45, -1,-1,-1,51.1713,24.9679,0.025119,8.68e+08,11,125000,1,0,0.07658,-18792.9,0,-135.235,-135,0.790528
293388, 841.516, 31, -1,-1,-1,54.7544,21.0473,0.025119,8.68e+08,11,125000,1,0,-1.469,-19362.3,0,-135.704,-135,0.790528
293395, 841.72, 8, -1,-1,-1,60.4856,7.73014,0.025119,8.68e+08,11,125000,1,0,-4.59157,-19107.6,0,-136.647,-135,0.790528
293402, 841.895, 2, -1,-1,-1,51.5344,12.7308,0.019953,8.68e+08,12,125000,1,0,3.66934,-19450,0,-135.143,-137,1.58106
293409, 842.274, 1, -1,-1,-1,47.2765,2.22214,0.015849,8.68e+08,12,125000,1,0,9.71766,-18065.6,0,-134.366,-137,1.58106
293411, 842.293, 47, -1,-1,-1,60.7194,5.65594,0.015849,8.68e+08,11,125000,1,0,-4.79315,-18975.1,0,-138.707,-135,0.790528
293419, 842.365, 15, -1,-1,-1,44.3496,3.32595,0.025119,8.68e+08,11,125000,1,0,14.5441,-17875.5,1,-131.045,-135,0.790528
293431, 842.575, 21, -1,-1,-1,39.9798,-9.60875,0.019953,8.68e+08,12,125000,1,0,12.55,-10199.9,0,-132.583,-137,1.58106
293438, 842.732, 35, -1,-1,-1,45.7431,26.4773,0.019953,8.68e+08,10,125000,1,0,3.18464,-17467,0,-135.293,-133,0.436224
293440, 842.88, 49, -1,-1,-1,46.408,9.75733,0.015849,8.68e+08,11,125000,1,0,10.7121,-19139.4,0,-134.086,-135,0.790528
293442, 842.884, 43, -1,-1,-1,55.6658,27.4582,0.015849,8.68e+08,10,125000,1,0,-4.14234,-19061.6,0,-138.514,-133,0.436224
293444, 842.913, 28, -1,-1,-1,56.1214,14.8064,0.019953,8.68e+08,10,125000,1,0,-1.40763,-19505.4,0,-136.684,-133,0.436224
293446, 843.092, 51, -1,-1,-1,41.8919,29.6462,0.019953,8.68e+08,10,125000,1,0,3.27698,-15446,0,-135.267,-133,0.436224
293449, 843.403, 56, -1,-1,-1,36.3084,12.5542,0.019953,8.68e+08,12,125000,1,0,29.3385,-15412.7,1,-128.707,-137,1.58106
293486, 844.798, 20, -1,-1,-1,37.9471,-10.2414,0.015849,8.68e+08,11,125000,1,0,13.5923,-8313.02,0,-133.302,-135,0.790528
293489, 844.959, 26, -1,-1,-1,45.7065,9.06593,0.025119,8.68e+08,11,125000,1,0,11.7431,-19070.9,1,-131.799,-135,0.790528
293491, 845.045, 48, -1,-1,-1,58.3997,11.2994,0.015849,8.68e+08,10,125000,1,0,-3.15562,-19387,0,-138.214,-133,0.436224
293493, 845.125, 53, -1,-1,-1,63.4292,-20.8181,0.019953,8.68e+08,10,125000,1,0,-10.2317,-16434.6,0,-139.296,-133,0.436224
293495, 845.207, 52, -1,-1,-1,39.7577,32.3711,0.019953,8.68e+08,11,125000,1,0,1.95336,-14009.2,0,-135.669,-135,0.790528
293508, 845.849, 27, -1,-1,-1,50.6159,6.80471,0.025119,8.68e+08,12,125000,1,0,5.19175,-19137.5,1,-133.686,-137,1.58106
293515, 846.011, 42, -1,-1,-1,57.7616,26.6615,0.019953,8.68e+08,12,125000,1,0,-5.43573,-19233.6,0,-137.9,-137,1.58106
293538, 846.967, 37, -1,-1,-1,39.3182,23.7585,0.025119,8.68e+08,11,125000,1,0,9.65759,-15240.4,1,-132.389,-135,0.790528
293540, 847.191, 6, -1,-1,-1,58.2129,16.2971,0.025119,8.68e+08,12,125000,1,0,-3.64155,-19506.5,0,-136.361,-137,1.58106
293542, 847.271, 59, -1,-1,-1,68.2639,21.0486,0.015849,8.68e+08,11,125000,1,0,-11.7676,-19102.3,0,-140.724,-135,0.790528
293544, 847.299, 22, -1,-1,-1,49.8807,11.1424,0.019953,8.68e+08,11,125000,1,0,5.42309,-19452.4,0,-134.617,-135,0.790528
293546, 847.416, 29, -1,-1,-1,50.7851,21.7882,0.015849,8.68e+08,12,125000,1,0,1.32138,-19110.1,0,-136.855,-137,1.58106
293548, 847.474, 0, -1,-1,-1,52.8019,-0.140325,0.019953,8.68e+08,12,125000,1,0,2.18789,-18258.3,0,-135.59,-137,1.58106
293570, 847.998, 25, -1,-1,-1,47.5334,10.9197,0.019953,8.68e+08,10,125000,1,0,8.35688,-19356.6,0,-133.756,-133,0.436224
293587, 848.319, 12, -1,-1,-1,52.0633,-2.10831,0.019953,8.68e+08,10,125000,1,0,2.52284,-17859.7,0,-135.489,-133,0.436224
293589, 848.483, 10, -1,-1,-1,28.9812,30.4875,0.019953,8.68e+08,12,125000,1,0,5.04786,-6446.34,0,-134.737,-137,1.58106
293592, 848.506, 18, -1,-1,-1,40.3252,0.458257,0.015849,8.68e+08,10,125000,1,0,20.8542,-15728.5,1,-131.485,-133,0.436224
293599, 848.605, 30, -1,-1,-1,49.4973,17.4698,0.015849,8.68e+08,11,125000,1,0,4.00416,-19338,0,-136.042,-135,0.790528
293607, 848.984, 4, -1,-1,-1,41.4412,12.9351,0.019953,8.68e+08,10,125000,1,0,16.8695,-18391,1,-131.447,-133,0.436224
293609, 849.06, 44, -1,-1,-1,50.511,28.5311,0.019953,8.68e+08,12,125000,1,0,-1.39425,-18419.2,0,-136.683,-137,1.58106
293621, 849.58, 11, -1,-1,-1,56.9993,38.0547,0.019953,8.68e+08,12,125000,1,0,-8.648,-18488.7,0,-138.845,-137,1.58106
293623, 849.652, 46, -1,-1,-1,52.8116,25.5221,0.025119,8.68e+08,12,125000,1,0,-1.79752,-19031.4,0,-135.804,-137,1.58106
293635, 849.661, 3, -1,-1,-1,41.7537,-4.41958,0.015849,8.68e+08,11,125000,1,0,14.554,-14222.8,0,-133.044,-135,0.790528
293637, 849.706, 23, -1,-1,-1,52.8622,11.1827,0.019953,8.68e+08,10,125000,1,0,1.89507,-19527,0,-135.679,-133,0.436224
293639, 849.726, 33, -1,-1,-1,47.239,17.4643,0.019953,8.68e+08,10,125000,1,0,6.28551,-19119.5,0,-134.362,-133,0.436224
293657, 850.444, 55, -1,-1,-1,29.3703,-15.3954,0.025119,8.68e+08,11,125000,1,0,9.92106,1634.64,1,-132.316,-135,0.790528
293659, 850.611, 7, -1,-1,-1,47.6351,15.354,0.015849,8.68e+08,11,125000,1,0,6.66391,-19325.4,0,-135.25,-135,0.790528
293661, 850.634, 58, -1,-1,-1,60.5259,-7.32063,0.025119,8.68e+08,10,125000,1,0,-6.02487,-17803.8,0,-137.074,-133,0.436224
293783, 851.089, 34, -1,-1,-1,48.7562,19.7846,0.025119,8.68e+08,11,125000,1,0,3.66289,-19117.2,0,-134.146,-135,0.790528
293785, 851.239, 14, -1,-1,-1,53.0462,-6.68945,0.015849,8.68e+08,12,125000,1,0,0.413068,-17091,0,-137.13,-137,1.58106
293803, 851.695, 9, -1,-1,-1,39.6549,24.3091,0.025119,8.68e+08,10,125000,1,0,8.53525,-15509.2,1,-132.709,-133,0.436224
293820, 852.688, 41, -1,-1,-1,59.5484,25.9088,0.019953,8.68e+08,11,125000,1,0,-6.83913,-19371.2,0,-138.315,-135,0.790528
293822, 852.89, 8, -1,-1,-1,60.4856,7.73014,0.025119,8.68e+08,11,125000,1,0,-5.16621,-19222.6,0,-136.818,-135,0.790528
293824, 853.23, 1, -1,-1,-1,47.2765,2.22214,0.015849,8.68e+08,12,125000,1,0,8.80615,-18308.9,0,-134.626,-137,1.58106
293826, 853.27, 2, -1,-1,-1,51.5344,12.7308,0.019953,8.68e+08,12,125000,1,0,2.88484,-19586.5,0,-135.379,-137,1.58106
293829, 853.482, 24, -1,-1,-1,47.5807,13.3667,0.025119,8.68e+08,12,125000,1,0,7.25384,-19428.4,1,-133.076,-137,1.58106
293857, 854.662, 19, -1,-1,-1,38.1762,0.856056,0.025119,8.68e+08,11,125000,1,0,25.608,-14993.3,1,-128.443,-135,0.790528
293859, 854.997, 43, -1,-1,-1,55.6658,27.4582,0.015849,8.68e+08,10,125000,1,0,-4.77064,-19190.2,0,-138.701,-133,0.436224
293871, 855.203, 39, -1,-1,-1,43.5465,21.5478,0.025119,8.68e+08,12,125000,1,0,7.41088,-17829.7,0,-133.033,-137,1.58106
293873, 855.309, 36, -1,-1,-1,43.7267,24.2592,0.019953,8.68e+08,12,125000,1,0,5.37521,-17420.6,0,-134.635,-137,1.58106
293875, 855.582, 17, -1,-1,-1,50.975,1.0294,0.019953,8.68e+08,10,125000,1,0,3.74885,-18488.4,0,-135.117,-133,0.436224
293877, 856.133, 21, -1,-1,-1,39.9798,-9.60875,0.019953,8.68e+08,12,125000,1,0,11.7938,-11016.9,0,-132.788,-137,1.58106
293889, 856.67, 5, -1,-1,-1,53.5397,3.21519,0.015849,8.68e+08,12,125000,1,0,1.15014,-18937,0,-136.904,-137,1.58106
293902, 857.007, 15, -1,-1,-1,44.3496,3.32595,0.025119,8.68e+08,11,125000,1,0,13.048,-18263.2,1,-131.442,-135,0.790528
293910, 857.218, 38, -1,-1,-1,44.5391,14.5207,0.025119,8.68e+08,10,125000,1,0,10.3053,-19105.5,1,-132.2,-133,0.436224
293912, 857.31, 54, -1,-1,-1,33.9169,-17.5406,0.019953,8.68e+08,11,125000,1,0,6.90481,-3337.92,0,-134.186,-135,0.790528
293930, 857.974, 37, -1,-1,-1,39.3182,23.7585,0.025119,8.68e+08,11,125000,1,0,8.88273,-15638.5,1,-132.609,-135,0.790528
293937, 858.566, 29, -1,-1,-1,50.7851,21.7882,0.015849,8.68e+08,12,125000,1,0,0.631253,-19251.4,0,-137.064,-137,1.58106
293944, 858.699, 52, -1,-1,-1,39.7577,32.3711,0.019953,8.68e+08,11,125000,1,0,1.31828,-14440.8,0,-135.861,-135,0.790528
293971, 859.127, 13, -1,-1,-1,57.0723,-1.70621,0.015849,8.68e+08,11,125000,1,0,-2.83185,-18451,0,-138.115,-135,0.790528
293973, 859.168, 40, -1,-1,-1,60.8808,23.4982,0.015849,8.68e+08,12,125000,1,0,-7.53943,-19483.1,0,-139.52,-137,1.58106
293981, 859.354, 56, -1,-1,-1,36.3084,12.5542,0.019953,8.68e+08,12,125000,1,0,26.5065,-16326.4,1,-129.26,-137,1.58106
293983, 859.412, 47, -1,-1,-1,60.7194,5.65594,0.015849,8.68e+08,11,125000,1,0,-5.65946,-19156.3,0,-138.964,-135,0.790528
293985, 859.524, 49, -1,-1,-1,46.408,9.75733,0.015849,8.68e+08,11,125000,1,0,9.20117,-19415.8,0,-134.512,-135,0.790528
293987, 859.702, 12, -1,-1,-1,52.0633,-2.10831,0.019953,8.68e+08,10,125000,1,0,1.83309,-18071,0,-135.697,-133,0.436224
293990, 859.825, 16, -1,-1,-1,42.4575,7.48746,0.019953,8.68e+08,11,125000,1,0,16.1317,-18826.8,1,-131.632,-135,0.790528
293997, 860.302, 50, -1,-1,-1,39.4666,15.4567,0.025119,8.68e+08,12,125000,1,0,16.8344,-17581.6,0,-130.456,-137,1.58106
293999, 860.433, 10, -1,-1,-1,28.9812,30.4875,0.019953,8.68e+08,12,125000,1,0,4.74291,-7115.3,0,-134.828,-137,1.58106
294001, 860.631, 57, -1,-1,-1,35.1402,33.8726,0.025119,8.68e+08,12,125000,1,0,1.21563,-11629.7,0,-134.893,-137,1.58106
294008, 860.672, 22, -1,-1,-1,49.8807,11.1424,0.019953,8.68e+08,11,125000,1,0,4.43932,-19623.6,0,-134.909,-135,0.790528
294020, 861.447, 32, -1,-1,-1,51.2589,12.3527,0.019953,8.68e+08,11,125000,1,0,2.64319,-19471.8,0,-135.451,-135,0.790528
294027, 861.697, 7, -1,-1,-1,47.6351,15.354,0.015849,8.68e+08,11,125000,1,0,5.80888,-19273.7,0,-135.502,-135,0.790528
294039, 862.274, 0, -1,-1,-1,52.8019,-0.140325,0.019953,8.68e+08,12,125000,1,0,1.28552,-18286,0,-135.863,-137,1.58106
294042, 862.422, 26, -1,-1,-1,45.7065,9.06593,0.025119,8.68e+08,11,125000,1,0,10.0922,-19155.8,1,-132.258,-135,0.790528
294044, 862.668, 31, -1,-1,-1,54.7544,21.0473,0.025119,8.68e+08,11,125000,1,0,-2.6668,-19374.3,0,-136.066,-135,0.790528
294071, 863.232, 48, -1,-1,-1,58.3997,11.2994,0.015849,8.68e+08,10,125000,1,0,-4.13614,-19352.4,0,-138.508,-133,0.436224
294074, 863.425, 27, -1,-1,-1,50.6159,6.80471,0.025119,8.68e+08,12,125000,1,0,3.9362,-19170.2,1,-134.06,-137,1.58106
294076, 863.477, 41, -1,-1,-1,59.5484,25.9088,0.019953,8.68e+08,11,125000,1,0,-7.36747,-19256.6,0,-138.469,-135,0.790528
294078, 863.605, 23, -1,-1,-1,52.8622,11.1827,0.019953,8.68e+08,10,125000,1,0,1.00251,-19473.1,0,-135.948,-133,0.436224
294080, 863.618, 35, -1,-1,-1,45.7431,26.4773,0.019953,8.68e+08,10,125000,1,0,1.92109,-17688.9,0,-135.674,-133,0.436224
294092, 864.318, 53, -1,-1,-1,63.4292,-20.8181,0.019953,8.68e+08,10,125000,1,0,-10.9799,-16499.7,0,-139.505,-133,0.436224
294100, 864.475, 20, -1,-1,-1,37.9471,-10.2414,0.015849,8.68e+08,11,125000,1,0,12.6271,-9393.72,1,-133.56,-135,0.790528
294112, 864.81, 11, -1,-1,-1,56.9993,38.0547,0.019953,8.68e+08,12,125000,1,0,-9.33295,-18445,0,-139.04,-137,1.58106
294129, 865.267, 28, -1,-1,-1,56.1214,14.8064,0.019953,8.68e+08,10,125000,1,0,-2.68225,-19515.9,0,-137.069,-133,0.436224
294132, 865.545, 55, -1,-1,-1,29.3703,-15.3954,0.025119,8.68e+08,11,125000,1,0,9.99978,775.997,1,-132.293,-135,0.790528
294149, 865.945, 46, -1,-1,-1,52.8116,25.5221,0.025119,8.68e+08,12,125000,1,0,-2.69634,-19019.9,0,-136.075,-137,1.58106
294151, 865.965, 45, -1,-1,-1,51.1713,24.9679,0.025119,8.68e+08,11,125000,1,0,-1.35565,-18914.2,0,-135.669,-135,0.790528
294153, 866.1, 1, -1,-1,-1,47.2765,2.22214,0.015849,8.68e+08,12,125000,1,0,7.77488,-18351.1,0,-134.923,-137,1.58106
294160, 866.292, 51, -1,-1,-1,41.8919,29.6462,0.019953,8.68e+08,10,125000,1,0,2.02114,-15897.6,0,-135.645,-133,0.436224
294177, 866.555, 36, -1,-1,-1,43.7267,24.2592,0.019953,8.68e+08,12,125000,1,0,4.6326,-17477,0,-134.855,-137,1.58106
294189, 866.946, 33, -1,-1,-1,47.239,17.4643,0.019953,8.68e+08,10,125000,1,0,5.00292,-19169.8,0,-134.742,-133,0.436224
294192, 867.018, 18, -1,-1,-1,40.3252,0.458257,0.015849,8.68e+08,10,125000,1,0,18.6115,-16309.9,1,-132.015,-133,0.436224
294195, 867.081, 19, -1,-1,-1,38.1762,0.856056,0.025119,8.68e+08,11,125000,1,0,23.7944,-15429.7,1,-128.826,-135,0.790528
294202, 867.217, 3, -1,-1,-1,41.7537,-4.41958,0.015849,8.68e+08,11,125000,1,0,13.1078,-14791.5,0,-133.427,-135,0.790528
294204, 867.279, 44, -1,-1,-1,50.511,28.5311,0.019953,8.68e+08,12,125000,1,0,-2.37993,-18476.6,0,-136.981,-137,1.58106
294206, 867.382, 6, -1,-1,-1,58.2129,16.2971,0.025119,8.68e+08,12,125000,1,0,-4.71906,-19482.5,0,-136.683,-137,1.58106
294228, 868.073, 14, -1,-1,-1,53.0462,-6.68945,0.015849,8.68e+08,12,125000,1,0,-0.488176,-17209.2,0,-137.403,-137,1.58106
294230, 868.183, 54, -1,-1,-1,33.9169,-17.5406,0.019953,8.68e+08,11,125000,1,0,6.74465,-3798.39,0,-134.232,-135,0.790528
294233, 868.376, 4, -1,-1,-1,41.4412,12.9351,0.019953,8.68e+08,10,125000,1,0,14.6376,-18644.2,1,-132.019,-133,0.436224
294236, 868.42, 21, -1,-1,-1,39.9798,-9.60875,0.019953,8.68e+08,12,125000,1,0,11.0947,-11469.4,1,-132.981,-137,1.58106
294239, 868.451, 37, -1,-1,-1,39.3182,23.7585,0.025119,8.68e+08,11,125000,1,0,8.15751,-15794.8,1,-132.817,-135,0.790528
294246, 868.655, 34, -1,-1,-1,48.7562,19.7846,0.025119,8.68e+08,11,125000,1,0,2.48663,-19155.6,0,-134.499,-135,0.790528
294248, 868.785, 42, -1,-1,-1,57.7616,26.6615,0.019953,8.68e+08,12,125000,1,0,-6.57771,-19243,0,-138.237,-137,1.58106
294255, 869.254, 30, -1,-1,-1,49.4973,17.4698,0.015849,8.68e+08,11,125000,1,0,2.59171,-19395.7,0,-136.467,-135,0.790528
294267, 869.967, 25, -1,-1,-1,47.5334,10.9197,0.019953,8.68e+08,10,125000,1,0,6.56234,-19459.7,0,-134.277,-133,0.436224
294284, 870.571, 59, -1,-1,-1,68.2639,21.0486,0.015849,8.68e+08,11,125000,1,0,-12.7872,-19067.2,0,-141.002,-135,0.790528
294292, 870.78, 24, -1,-1,-1,47.5807,13.3667,0.025119,8.68e+08,12,125000,1,0,5.89383,-19458.6,1,-133.475,-137,1.58106
294295, 871.159, 16, -1,-1,-1,42.4575,7.48746,0.019953,8.68e+08,11,125000,1,0,14.827,-18850.7,1,-131.968,-135,0.790528
294297, 871.434, 22, -1,-1,-1,49.8807,11.1424,0.019953,8.68e+08,11,125000,1,0,3.67469,-19546.8,0,-135.138,-135,0.790528
294309, 871.878, 40, -1,-1,-1,60.8808,23.4982,0.015849,8.68e+08,12,125000,1,0,-8.15284,-19379.8,0,-139.697,-137,1.58106
294311, 871.995, 2, -1,-1,-1,51.5344,12.7308,0.019953,8.68e+08,12,125000,1,0,1.64242,-19591.3,0,-135.753,-137,1.58106
294313, 872.101, 43, -1,-1,-1,55.6658,27.4582,0.015849,8.68e+08,10,125000,1,0,-5.64008,-19161.2,0,-138.959,-133,0.436224
294325, 872.97, 8, -1,-1,-1,60.4856,7.73014,0.025119,8.68e+08,11,125000,1,0,-6.17718,-19206.9,0,-137.117,-135,0.790528
294332, 873.122, 58, -1,-1,-1,60.5259,-7.32063,0.025119,8.68e+08,10,125000,1,0,-7.05489,-17896.2,0,-137.376,-133,0.436224
294334, 873.275, 57, -1,-1,-1,35.1402,33.8726,0.025119,8.68e+08,12,125000,1,0,0.736064,-11931.1,0,-135.038,-137,1.58106
294361, 874.082, 23, -1,-1,-1,52.8622,11.1827,0.019953,8.68e+08,10,125000,1,0,0.348212,-19588.1,0,-136.147,-133,0.436224
294363, 874.19, 9, -1,-1,-1,39.6549,24.3091,0.025119,8.68e+08,10,125000,1,0,7.02267,-16050.7,0,-133.147,-133,0.436224
294365, 874.531, 52, -1,-1,-1,39.7577,32.3711,0.019953,8.68e+08,11,125000,1,0,0.575657,-14730.1,0,-136.085,-135,0.790528
294367, 874.602, 29, -1,-1,-1,50.7851,21.7882,0.015849,8.68e+08,12,125000,1,0,-0.333824,-19245.2,0,-137.356,-137,1.58106
294374, 874.821, 41, -1,-1,-1,59.5484,25.9088,0.019953,8.68e+08,11,125000,1,0,-7.91561,-19358.1,0,-138.628,-135,0.790528
294386, 875.192, 39, -1,-1,-1,43.5465,21.5478,0.025119,8.68e+08,12,125000,1,0,5.9557,-18063.2,0,-133.46,-137,1.58106
294388, 875.387, 17, -1,-1,-1,50.975,1.0294,0.019953,8.68e+08,10,125000,1,0,2.46566,-18602.5,0,-135.503,-133,0.436224
294396, 875.636, 26, -1,-1,-1,45.7065,9.06593,0.025119,8.68e+08,11,125000,1,0,8.91672,-19372.3,1,-132.592,-135,0.790528
294398, 875.904, 12, -1,-1,-1,52.0633,-2.10831,0.019953,8.68e+08,10,125000,1,0,0.876024,-18139.9,0,-135.986,-133,0.436224
294401, 876.223, 56, -1,-1,-1,36.3084,12.5542,0.019953,8.68e+08,12,125000,1,0,23.7759,-16881.6,1,-129.83,-137,1.58106
294428, 877.094, 31, -1,-1,-1,54.7544,21.0473,0.025119,8.68e+08,11,125000,1,0,-3.45878,-19517.9,0,-136.304,-135,0.790528
294431, 877.548, 49, -1,-1,-1,46.408,9.75733,0.015849,8.68e+08,11,125000,1,0,7.66813,-19473.2,1,-134.953,-135,0.790528
294433, 877.743, 13, -1,-1,-1,57.0723,-1.70621,0.015849,8.68e+08,11,125000,1,0,-3.79113,-18489.6,0,-138.403,-135,0.790528
294435, 877.97, 5, -1,-1,-1,53.5397,3.21519,0.015849,8.68e+08,12,125000,1,0,-0.12959,-19010.9,0,-137.292,-137,1.58106
294437, 878.262, 14, -1,-1,-1,53.0462,-6.68945,0.015849,8.68e+08,12,125000,1,0,-1.02393,-17404.6,0,-137.565,-137,1.58106
294464, 879.274, 53, -1,-1,-1,63.4292,-20.8181,0.019953,8.68e+08,10,125000,1,0,-11.5585,-16726.5,0,-139.664,-133,0.436224
294466, 879.367, 3, -1,-1,-1,41.7537,-4.41958,0.015849,8.68e+08,11,125000,1,0,12.1323,-15305.6,0,-133.691,-135,0.790528
294478, 879.735, 15, -1,-1,-1,44.3496,3.32595,0.025119,8.68e+08,11,125000,1,0,10.8915,-18562.4,0,-132.032,-135,0.790528
294480, 879.786, 47, -1,-1,-1,60.7194,5.65594,0.015849,8.68e+08,11,125000,1,0,-6.66545,-19148.2,0,-139.26,-135,0.790528
294488, 880.136, 38, -1,-1,-1,44.5391,14.5207,0.025119,8.68e+08,10,125000,1,0,8.30413,-19283.5,1,-132.769,-133,0.436224
294490, 880.228, 35, -1,-1,-1,45.7431,26.4773,0.019953,8.68e+08,10,125000,1,0,0.948282,-17996.8,0,-135.968,-133,0.436224
294498, 880.511, 19, -1,-1,-1,38.1762,0.856056,0.025119,8.68e+08,11,125000,1,0,21.9372,-16123.1,1,-129.235,-135,0.790528
294506, 880.727, 46, -1,-1,-1,52.8116,25.5221,0.025119,8.68e+08,12,125000,1,0,-3.49175,-19186.8,1,-136.315,-137,1.58106
294509, 880.785, 4, -1,-1,-1,41.4412,12.9351,0.019953,8.68e+08,10,125000,1,0,13.313,-18696,1,-132.37,-133,0.436224
294511, 881.421, 59, -1,-1,-1,68.2639,21.0486,0.015849,8.68e+08,11,125000,1,0,-13.2554,-18925.5,0,-141.128,-135,0.790528
294548, 883.041, 43, -1,-1,-1,55.6658,27.4582,0.015849,8.68e+08,10,125000,1,0,-6.18592,-19063.5,0,-139.12,-133,0.436224
294550, 883.085, 48, -1,-1,-1,58.3997,11.2994,0.015849,8.68e+08,10,125000,1,0,-5.17524,-19328.1,0,-138.818,-133,0.436224
294567, 883.404, 32, -1,-1,-1,51.2589,12.3527,0.019953,8.68e+08,11,125000,1,0,1.20487,-19511,0,-135.885,-135,0.790528
294574, 883.568, 1, -1,-1,-1,47.2765,2.22214,0.015849,8.68e+08,12,125000,1,0,6.43745,-18466.3,0,-135.313,-137,1.58106
294577, 883.765, 20, -1,-1,-1,37.9471,-10.2414,0.015849,8.68e+08,11,125000,1,0,11.6217,-10352.2,1,-133.834,-135,0.790528
294584, 883.97, 58, -1,-1,-1,60.5259,-7.32063,0.025119,8.68e+08,10,125000,1,0,-7.54401,-17818.5,0,-137.518,-133,0.436224
294586, 884.042, 7, -1,-1,-1,47.6351,15.354,0.015849,8.68e+08,11,125000,1,0,4.16977,-19366.7,0,-135.989,-135,0.790528
294598, 884.437, 36, -1,-1,-1,43.7267,24.2592,0.019953,8.68e+08,12,125000,1,0,3.48556,-17657.8,0,-135.198,-137,1.58106
294605, 884.564, 10, -1,-1,-1,28.9812,30.4875,0.019953,8.68e+08,12,125000,1,0,4.06693,-8036.49,0,-135.029,-137,1.58106
294607, 884.647, 22, -1,-1,-1,49.8807,11.1424,0.019953,8.68e+08,11,125000,1,0,2.76594,-19494.1,0,-135.411,-135,0.790528
294610, 884.866, 55, -1,-1,-1,29.3703,-15.3954,0.025119,8.68e+08,11,125000,1,0,10.0053,-398.517,1,-132.29,-135,0.790528
294613, 884.925, 50, -1,-1,-1,39.4666,15.4567,0.025119,8.68e+08,12,125000,1,0,14.1596,-17870.9,1,-131.145,-137,1.58106
294615, 884.961, 44, -1,-1,-1,50.511,28.5311,0.019953,8.68e+08,12,125000,1,0,-3.31174,-18512.5,0,-137.261,-137,1.58106
294637, 885.669, 33, -1,-1,-1,47.239,17.4643,0.019953,8.68e+08,10,125000,1,0,3.67717,-19225,0,-135.138,-133,0.436224
294644, 885.977, 12, -1,-1,-1,52.0633,-2.10831,0.019953,8.68e+08,10,125000,1,0,0.294774,-18092.7,0,-136.162,-133,0.436224
294646, 885.984, 0, -1,-1,-1,52.8019,-0.140325,0.019953,8.68e+08,12,125000,1,0,-0.107954,-18439,0,-136.284,-137,1.58106
294653, 886.029, 39, -1,-1,-1,43.5465,21.5478,0.025119,8.68e+08,12,125000,1,0,5.19642,-18080.3,0,-133.684,-137,1.58106
294655, 886.14, 9, -1,-1,-1,39.6549,24.3091,0.025119,8.68e+08,10,125000,1,0,6.24071,-16211.3,0,-133.376,-133,0.436224
294673, 886.788, 26, -1,-1,-1,45.7065,9.06593,0.025119,8.68e+08,11,125000,1,0,7.96863,-19326.1,1,-132.864,-135,0.790528
294675, 886.913, 11, -1,-1,-1,56.9993,38.0547,0.019953,8.68e+08,12,125000,1,0,-10.3111,-18467.9,0,-139.316,-137,1.58106
294682, 886.992, 21, -1,-1,-1,39.9798,-9.60875,0.019953,8.68e+08,12,125000,1,0,10.0223,-12209.8,0,-133.28,-137,1.58106
294684, 886.998, 8, -1,-1,-1,60.4856,7.73014,0.025119,8.68e+08,11,125000,1,0,-6.86789,-19126.2,0,-137.319,-135,0.790528
294691, 887.355, 28, -1,-1,-1,56.1214,14.8064,0.019953,8.68e+08,10,125000,1,0,-3.89322,-19515.3,0,-137.433,-133,0.436224
294713, 887.908, 57, -1,-1,-1,35.1402,33.8726,0.025119,8.68e+08,12,125000,1,0,0.173624,-12282.3,0,-135.208,-137,1.58106
294715, 887.925, 27, -1,-1,-1,50.6159,6.80471,0.025119,8.68e+08,12,125000,1,0,2.28072,-19279.3,0,-134.558,-137,1.58106
294727, 888.376, 25, -1,-1,-1,47.5334,10.9197,0.019953,8.68e+08,10,125000,1,0,5.15501,-19493.5,0,-134.693,-133,0.436224
294734, 888.507, 34, -1,-1,-1,48.7562,19.7846,0.025119,8.68e+08,11,125000,1,0,1.21477,-19209.1,0,-134.884,-135,0.790528
294736, 888.626, 51, -1,-1,-1,41.8919,29.6462,0.019953,8.68e+08,10,125000,1,0,0.838901,-16267.5,0,-136.003,-133,0.436224
294738, 888.698, 30, -1,-1,-1,49.4973,17.4698,0.015849,8.68e+08,11,125000,1,0,1.32628,-19423.5,0,-136.849,-135,0.790528
294745, 888.914, 6, -1,-1,-1,58.2129,16.2971,0.025119,8.68e+08,12,125000,1,0,-5.83246,-19464.6,0,-137.013,-137,1.58106
294753, 889.233, 37, -1,-1,-1,39.3182,23.7585,0.025119,8.68e+08,11,125000,1,0,6.7553,-16246.3,1,-133.224,-135,0.790528
294755, 889.257, 14, -1,-1,-1,53.0462,-6.68945,0.015849,8.68e+08,12,125000,1,0,-1.59423,-17389,0,-137.737,-137,1.58106
294757, 889.314, 42, -1,-1,-1,57.7616,26.6615,0.019953,8.68e+08,12,125000,1,0,-7.57937,-19223.3,0,-138.529,-137,1.58106
294759, 889.535, 45, -1,-1,-1,51.1713,24.9679,0.025119,8.68e+08,11,125000,1,0,-2.6606,-18998.4,0,-136.063,-135,0.790528
294766, 890.594, 5, -1,-1,-1,53.5397,3.21519,0.015849,8.68e+08,12,125000,1,0,-0.863402,-18960.2,0,-137.514,-137,1.58106
294774, 890.851, 19, -1,-1,-1,38.1762,0.856056,0.025119,8.68e+08,11,125000,1,0,20.5787,-16338.2,1,-129.545,-135,0.790528
294776, 891.281, 23, -1,-1,-1,52.8622,11.1827,0.019953,8.68e+08,10,125000,1,0,-0.694206,-19560.9,0,-136.462,-133,0.436224
294784, 891.924, 18, -1,-1,-1,40.3252,0.458257,0.015849,8.68e+08,10,125000,1,0,15.8384,-17018.4,1,-132.704,-133,0.436224
294816, 892.723, 49, -1,-1,-1,46.408,9.75733,0.015849,8.68e+08,11,125000,1,0,6.44997,-19474.7,0,-135.308,-135,0.790528
294819, 892.738, 16, -1,-1,-1,42.4575,7.48746,0.019953,8.68e+08,11,125000,1,0,12.5309,-19067.7,1,-132.579,-135,0.790528
294821, 892.983, 54, -1,-1,-1,33.9169,-17.5406,0.019953,8.68e+08,11,125000,1,0,6.29256,-5116.31,0,-134.363,-135,0.790528
294838, 893.581, 2, -1,-1,-1,51.5344,12.7308,0.019953,8.68e+08,12,125000,1,0,0.277383,-19617,0,-136.167,-137,1.58106
294840, 893.629, 40, -1,-1,-1,60.8808,23.4982,0.015849,8.68e+08,12,125000,1,0,-9.18211,-19349.7,0,-139.992,-137,1.58106
294843, 893.758, 24, -1,-1,-1,47.5807,13.3667,0.025119,8.68e+08,12,125000,1,0,4.19626,-19547.2,1,-133.98,-137,1.58106
294845, 893.803, 47, -1,-1,-1,60.7194,5.65594,0.015849,8.68e+08,11,125000,1,0,-7.34306,-19070.9,0,-139.458,-135,0.790528
294848, 893.86, 15, -1,-1,-1,44.3496,3.32595,0.025119,8.68e+08,11,125000,1,0,9.64045,-18633.2,1,-132.383,-135,0.790528
294850, 894.303, 41, -1,-1,-1,59.5484,25.9088,0.019953,8.68e+08,11,125000,1,0,-8.84055,-19315.8,0,-138.895,-135,0.790528
294857, 895.182, 13, -1,-1,-1,57.0723,-1.70621,0.015849,8.68e+08,11,125000,1,0,-4.66834,-18501.4,0,-138.665,-135,0.790528
294879, 895.814, 58, -1,-1,-1,60.5259,-7.32063,0.025119,8.68e+08,10,125000,1,0,-8.07263,-17975.9,0,-137.671,-133,0.436224
294911, 896.955, 46, -1,-1,-1,52.8116,25.5221,0.025119,8.68e+08,12,125000,1,0,-4.34465,-19161.3,0,-136.57,-137,1.58106
294913, 896.998, 29, -1,-1,-1,50.7851,21.7882,0.015849,8.68e+08,12,125000,1,0,-1.63252,-19302.1,0,-137.749,-137,1.58106
294916, 897.028, 56, -1,-1,-1,36.3084,12.5542,0.019953,8.68e+08,12,125000,1,0,20.7401,-17478.3,1,-130.508,-137,1.58106
294923, 897.131, 52, -1,-1,-1,39.7577,32.3711,0.019953,8.68e+08,11,125000,1,0,-0.47732,-15174.1,0,-136.404,-135,0.790528
294930, 897.44, 32, -1,-1,-1,51.2589,12.3527,0.019953,8.68e+08,11,125000,1,0,0.323637,-19662.5,0,-136.152,-135,0.790528
294932, 897.525, 20, -1,-1,-1,37.9471,-10.2414,0.015849,8.68e+08,11,125000,1,0,10.8789,-11151.8,0,-134.039,-135,0.790528
294934, 897.6, 31, -1,-1,-1,54.7544,21.0473,0.025119,8.68e+08,11,125000,1,0,-4.55328,-19509.2,0,-136.631,-135,0.790528
294936, 897.664, 3, -1,-1,-1,41.7537,-4.41958,0.015849,8.68e+08,11,125000,1,0,10.7049,-15773.9,0,-134.084,-135,0.790528
294943, 897.806, 38, -1,-1,-1,44.5391,14.5207,0.025119,8.68e+08,10,125000,1,0,6.86743,-19347.9,0,-133.186,-133,0.436224
294955, 898.186, 44, -1,-1,-1,50.511,28.5311,0.019953,8.68e+08,12,125000,1,0,-3.99375,-18682.7,0,-137.466,-137,1.58106
294957, 898.222, 17, -1,-1,-1,50.975,1.0294,0.019953,8.68e+08,10,125000,1,0,1.05258,-18740.1,0,-135.93,-133,0.436224
294960, 898.288, 4, -1,-1,-1,41.4412,12.9351,0.019953,8.68e+08,10,125000,1,0,11.5635,-19054.4,1,-132.845,-133,0.436224
294962, 898.709, 57, -1,-1,-1,35.1402,33.8726,0.025119,8.68e+08,12,125000,1,0,-0.245811,-12663.3,0,-135.335,-137,1.58106
294975, 899.436, 50, -1,-1,-1,39.4666,15.4567,0.025119,8.68e+08,12,125000,1,0,12.7054,-18252.6,1,-131.533,-137,1.58106
294982, 900.03, 8, -1,-1,-1,60.4856,7.73014,0.025119,8.68e+08,11,125000,1,0,-7.49896,-19250.8,0,-137.503,-135,0.790528
294989, 900.681, 0, -1,-1,-1,52.8019,-0.140325,0.019953,8.68e+08,12,125000,1,0,-0.942306,-18653.6,0,-136.537,-137,1.58106
295116, 901.026, 5, -1,-1,-1,53.5397,3.21519,0.015849,8.68e+08,12,125000,1,0,-1.45709,-19090.1,0,-137.694,-137,1.58106
295124, 901.385, 19, -1,-1,-1,38.1762,0.856056,0.025119,8.68e+08,11,125000,1,0,19.2558,-16528.7,1,-129.856,-135,0.790528
295131, 901.464, 12, -1,-1,-1,52.0633,-2.10831,0.019953,8.68e+08,10,125000,1,0,-0.579621,-18126.1,0,-136.427,-133,0.436224
295138, 901.667, 55, -1,-1,-1,29.3703,-15.3954,0.025119,8.68e+08,11,125000,1,0,9.92293,-1385.36,0,-132.311,-135,0.790528
295150, 901.971, 25, -1,-1,-1,47.5334,10.9197,0.019953,8.68e+08,10,125000,1,0,4.16486,-19454,0,-134.988,-133,0.436224
295162, 902.559, 7, -1,-1,-1,47.6351,15.354,0.015849,8.68e+08,11,125000,1,0,2.88675,-19391.7,0,-136.374,-135,0.790528
295179, 902.994, 48, -1,-1,-1,58.3997,11.2994,0.015849,8.68e+08,10,125000,1,0,-6.18777,-19298.3,0,-139.117,-133,0.436224
295181, 903.022, 10, -1,-1,-1,28.9812,30.4875,0.019953,8.68e+08,12,125000,1,0,3.50239,-8783.84,0,-135.198,-137,1.58106
295183, 903.24, 53, -1,-1,-1,63.4292,-20.8181,0.019953,8.68e+08,10,125000,1,0,-12.4776,-16604,0,-139.915,-133,0.436224
295185, 903.299, 27, -1,-1,-1,50.6159,6.80471,0.025119,8.68e+08,12,125000,1,0,1.29142,-19256.5,0,-134.857,-137,1.58106
295193, 903.448, 26, -1,-1,-1,45.7065,9.06593,0.025119,8.68e+08,11,125000,1,0,6.61911,-19352.7,1,-133.257,-135,0.790528
295200, 903.93, 14, -1,-1,-1,53.0462,-6.68945,0.015849,8.68e+08,12,125000,1,0,-2.34305,-17430.2,0,-137.963,-137,1.58106
295207, 904.175, 35, -1,-1,-1,45.7431,26.4773,0.019953,8.68e+08,10,125000,1,0,-0.408227,-18013.6,0,-136.379,-133,0.436224
295209, 904.405, 33, -1,-1,-1,47.239,17.4643,0.019953,8.68e+08,10,125000,1,0,2.41391,-19264.5,0,-135.518,-133,0.436224
295216, 904.482, 6, -1,-1,-1,58.2129,16.2971,0.025119,8.68e+08,12,125000,1,0,-6.61672,-19388.3,0,-137.244,-137,1.58106
295223, 904.884, 42, -1,-1,-1,57.7616,26.6615,0.019953,8.68e+08,12,125000,1,0,-8.32306,-19152.1,0,-138.745,-137,1.58106
295225, 905.218, 37, -1,-1,-1,39.3182,23.7585,0.025119,8.68e+08,11,125000,1,0,5.70962,-16502.1,0,-133.532,-135,0.790528
295232, 905.537, 15, -1,-1,-1,44.3496,3.32595,0.025119,8.68e+08,11,125000,1,0,8.65199,-18639,0,-132.665,-135,0.790528
295254, 906.188, 59, -1,-1,-1,68.2639,21.0486,0.015849,8.68e+08,11,125000,1,0,-14.3098,-18896.1,0,-141.408,-135,0.790528
295261, 906.552, 43, -1,-1,-1,55.6658,27.4582,0.015849,8.68e+08,10,125000,1,0,-7.33429,-19085.3,0,-139.457,-133,0.436224
295268, 906.724, 30, -1,-1,-1,49.4973,17.4698,0.015849,8.68e+08,11,125000,1,0,0.202389,-19423.5,0,-137.189,-135,0.790528
295280, 906.971, 34, -1,-1,-1,48.7562,19.7846,0.025119,8.68e+08,11,125000,1,0,0.080435,-19231.1,0,-135.227,-135,0.790528
295287, 907.359, 9, -1,-1,-1,39.6549,24.3091,0.025119,8.68e+08,10,125000,1,0,4.88891,-16600.7,0,-133.776,-133,0.436224
295289, 907.457, 32, -1,-1,-1,51.2589,12.3527,0.019953,8.68e+08,11,125000,1,0,-0.288915,-19559.5,0,-136.338,-135,0.790528
295291, 907.478, 36, -1,-1,-1,43.7267,24.2592,0.019953,8.68e+08,12,125000,1,0,2.06453,-17907,0,-135.626,-137,1.58106
295298, 907.962, 22, -1,-1,-1,49.8807,11.1424,0.019953,8.68e+08,11,125000,1,0,1.23498,-19550,0,-135.874,-135,0.790528
295300, 908.026, 18, -1,-1,-1,40.3252,0.458257,0.015849,8.68e+08,10,125000,1,0,14.1814,-17309.2,0,-133.135,-133,0.436224
295303, 908.082, 21, -1,-1,-1,39.9798,-9.60875,0.019953,8.68e+08,12,125000,1,0,8.79411,-12987.7,1,-133.628,-137,1.58106
295315, 908.511, 1, -1,-1,-1,47.2765,2.22214,0.015849,8.68e+08,12,125000,1,0,4.638,-18685.9,0,-135.845,-137,1.58106
295332, 909.004, 23, -1,-1,-1,52.8622,11.1827,0.019953,8.68e+08,10,125000,1,0,-1.73109,-19532.6,0,-136.776,-133,0.436224
295334, 909.26, 49, -1,-1,-1,46.408,9.75733,0.015849,8.68e+08,11,125000,1,0,5.18874,-19483.8,0,-135.681,-135,0.790528
295342, 910.08, 39, -1,-1,-1,43.5465,21.5478,0.025119,8.68e+08,12,125000,1,0,3.57852,-18329,1,-134.167,-137,1.58106
295354, 910.364, 11, -1,-1,-1,56.9993,38.0547,0.019953,8.68e+08,12,125000,1,0,-11.3298,-18494.9,0,-139.6,-137,1.58106
295366, 910.555, 2, -1,-1,-1,51.5344,12.7308,0.019953,8.68e+08,12,125000,1,0,-0.751433,-19585.1,0,-136.479,-137,1.58106
295368, 910.834, 38, -1,-1,-1,44.5391,14.5207,0.025119,8.68e+08,10,125000,1,0,5.85974,-19329.4,0,-133.482,-133,0.436224
295370, 910.842, 29, -1,-1,-1,50.7851,21.7882,0.015849,8.68e+08,12,125000,1,0,-2.40941,-19252.5,0,-137.984,-137,1.58106
295372, 910.938, 58, -1,-1,-1,60.5259,-7.32063,0.025119,8.68e+08,10,125000,1,0,-8.73981,-17946.2,0,-137.863,-133,0.436224
295374, 910.987, 41, -1,-1,-1,59.5484,25.9088,0.019953,8.68e+08,11,125000,1,0,-9.6173,-19244.7,0,-139.116,-135,0.790528
295396, 911.552, 17, -1,-1,-1,50.975,1.0294,0.019953,8.68e+08,10,125000,1,0,0.25725,-18720.2,0,-136.171,-133,0.436224
295398, 911.643, 28, -1,-1,-1,56.1214,14.8064,0.019953,8.68e+08,10,125000,1,0,-5.17607,-19527.2,0,-137.816,-133,0.436224
295405, 911.94, 40, -1,-1,-1,60.8808,23.4982,0.015849,8.68e+08,12,125000,1,0,-10.0303,-19286.1,0,-140.233,-137,1.58106
295412, 911.985, 51, -1,-1,-1,41.8919,29.6462,0.019953,8.68e+08,10,125000,1,0,-0.369226,-16610.8,0,-136.368,-133,0.436224
295420, 912.646, 57, -1,-1,-1,35.1402,33.8726,0.025119,8.68e+08,12,125000,1,0,-0.791241,-12946.8,1,-135.5,-137,1.58106
295422, 912.672, 16, -1,-1,-1,42.4575,7.48746,0.019953,8.68e+08,11,125000,1,0,10.5958,-19209.5,0,-133.112,-135,0.790528
295425, 912.738, 19, -1,-1,-1,38.1762,0.856056,0.025119,8.68e+08,11,125000,1,0,17.8956,-16977.1,1,-130.185,-135,0.790528
295432, 913.105, 47, -1,-1,-1,60.7194,5.65594,0.015849,8.68e+08,11,125000,1,0,-8.25834,-19040.7,0,-139.723,-135,0.790528
295464, 914.15, 13, -1,-1,-1,57.0723,-1.70621,0.015849,8.68e+08,11,125000,1,0,-5.60081,-18522.8,0,-138.942,-135,0.790528
295466, 914.172, 7, -1,-1,-1,47.6351,15.354,0.015849,8.68e+08,11,125000,1,0,2.1128,-19531.1,0,-136.608,-135,0.790528
295468, 914.193, 12, -1,-1,-1,52.0633,-2.10831,0.019953,8.68e+08,10,125000,1,0,-1.28187,-18324.1,0,-136.639,-133,0.436224
295470, 914.211, 45, -1,-1,-1,51.1713,24.9679,0.025119,8.68e+08,11,125000,1,0,-3.97551,-19077.6,0,-136.458,-135,0.790528
295477, 914.562, 24, -1,-1,-1,47.5807,13.3667,0.025119,8.68e+08,12,125000,1,0,2.75159,-19590.3,0,-134.414,-137,1.58106
295479, 914.911, 35, -1,-1,-1,45.7431,26.4773,0.019953,8.68e+08,10,125000,1,0,-1.00008,-18187.4,0,-136.558,-133,0.436224
295496, 915.196, 27, -1,-1,-1,50.6159,6.80471,0.025119,8.68e+08,12,125000,1,0,0.549261,-19398.6,0,-135.082,-137,1.58106
295498, 915.349, 44, -1,-1,-1,50.511,28.5311,0.019953,8.68e+08,12,125000,1,0,-4.86129,-18693.2,0,-137.724,-137,1.58106
295500, 915.827, 52, -1,-1,-1,39.7577,32.3711,0.019953,8.68e+08,11,125000,1,0,-1.34057,-15468.7,0,-136.665,-135,0.790528
295513, 916.586, 50, -1,-1,-1,39.4666,15.4567,0.025119,8.68e+08,12,125000,1,0,11.0885,-18442.1,1,-131.976,-137,1.58106
295515, 916.669, 42, -1,-1,-1,57.7616,26.6615,0.019953,8.68e+08,12,125000,1,0,-8.87755,-19258.2,0,-138.904,-137,1.58106
295522, 917.112, 54, -1,-1,-1,33.9169,-17.5406,0.019953,8.68e+08,11,125000,1,0,5.74693,-6329.09,0,-134.523,-135,0.790528
295524, 917.31, 37, -1,-1,-1,39.3182,23.7585,0.025119,8.68e+08,11,125000,1,0,4.93727,-16822.9,0,-133.761,-135,0.790528
295551, 917.774, 9, -1,-1,-1,39.6549,24.3091,0.025119,8.68e+08,10,125000,1,0,4.24228,-16867.2,0,-133.969,-133,0.436224
295558, 918.15, 30, -1,-1,-1,49.4973,17.4698,0.015849,8.68e+08,11,125000,1,0,-0.487931,-19548.4,0,-137.399,-135,0.790528
295565, 918.552, 36, -1,-1,-1,43.7267,24.2592,0.019953,8.68e+08,12,125000,1,0,1.4027,-18107.1,0,-135.826,-137,1.58106
295573, 918.788, 55, -1,-1,-1,29.3703,-15.3954,0.025119,8.68e+08,11,125000,1,0,9.75725,-2626.74,1,-132.357,-135,0.790528
295585, 919.021, 5, -1,-1,-1,53.5397,3.21519,0.015849,8.68e+08,12,125000,1,0,-2.45614,-19094.4,0,-137.995,-137,1.58106
295587, 919.105, 3, -1,-1,-1,41.7537,-4.41958,0.015849,8.68e+08,11,125000,1,0,9.0974,-16278.7,0,-134.537,-135,0.790528
295589, 919.214, 46, -1,-1,-1,52.8116,25.5221,0.025119,8.68e+08,12,125000,1,0,-5.48298,-19190.6,0,-136.909,-137,1.58106
295596, 919.317, 18, -1,-1,-1,40.3252,0.458257,0.015849,8.68e+08,10,125000,1,0,13.0773,-17649.6,0,-133.429,-133,0.436224
295598, 919.342, 10, -1,-1,-1,28.9812,30.4875,0.019953,8.68e+08,12,125000,1,0,2.97413,-9570.59,0,-135.356,-137,1.58106
295605, 919.465, 31, -1,-1,-1,54.7544,21.0473,0.025119,8.68e+08,11,125000,1,0,-5.68374,-19505.6,0,-136.967,-135,0.790528
295607, 919.671, 20, -1,-1,-1,37.9471,-10.2414,0.015849,8.68e+08,11,125000,1,0,9.65474,-12097.5,0,-134.381,-135,0.790528
295634, 920.567, 26, -1,-1,-1,45.7065,9.06593,0.025119,8.68e+08,11,125000,1,0,5.30677,-19585.2,0,-133.645,-135,0.790528
295636, 920.615, 25, -1,-1,-1,47.5334,10.9197,0.019953,8.68e+08,10,125000,1,0,2.86688,-19468.6,0,-135.378,-133,0.436224
295648, 920.898, 29, -1,-1,-1,50.7851,21.7882,0.015849,8.68e+08,12,125000,1,0,-2.96231,-19360.5,0,-138.151,-137,1.58106
295651, 920.925, 56, -1,-1,-1,36.3084,12.5542,0.019953,8.68e+08,12,125000,1,0,17.6399,-18041.2,1,-131.249,-137,1.58106
295653, 920.954, 59, -1,-1,-1,68.2639,21.0486,0.015849,8.68e+08,11,125000,1,0,-14.9295,-18780.6,0,-141.57,-135,0.790528
295655, 921.054, 4, -1,-1,-1,41.4412,12.9351,0.019953,8.68e+08,10,125000,1,0,9.4671,-19034.2,0,-133.432,-133,0.436224
295662, 921.116, 15, -1,-1,-1,44.3496,3.32595,0.025119,8.68e+08,11,125000,1,0,7.39157,-18704.9,0,-133.029,-135,0.790528
295669, 921.277, 0, -1,-1,-1,52.8019,-0.140325,0.019953,8.68e+08,12,125000,1,0,-2.07733,-18724.1,0,-136.88,-137,1.58106
295671, 921.479, 8, -1,-1,-1,60.4856,7.73014,0.025119,8.68e+08,11,125000,1,0,-8.51702,-19013.3,0,-137.798,-135,0.790528
295678, 921.965, 32, -1,-1,-1,51.2589,12.3527,0.019953,8.68e+08,11,125000,1,0,-1.15365,-19498.7,0,-136.6,-135,0.790528
295680, 921.997, 48, -1,-1,-1,58.3997,11.2994,0.015849,8.68e+08,10,125000,1,0,-7.12942,-19254.8,0,-139.393,-133,0.436224
295683, 922.674, 21, -1,-1,-1,39.9798,-9.60875,0.019953,8.68e+08,12,125000,1,0,7.94444,-13398.8,1,-133.872,-137,1.58106
295690, 923.69, 58, -1,-1,-1,60.5259,-7.32063,0.025119,8.68e+08,10,125000,1,0,-9.29581,-17880,0,-138.022,-133,0.436224
295717, 925.026, 53, -1,-1,-1,63.4292,-20.8181,0.019953,8.68e+08,10,125000,1,0,-13.305,-16673.1,0,-140.138,-133,0.436224
295719, 925.143, 28, -1,-1,-1,56.1214,14.8064,0.019953,8.68e+08,10,125000,1,0,-5.86937,-19435.7,0,-138.021,-133,0.436224
295726, 925.293, 17, -1,-1,-1,50.975,1.0294,0.019953,8.68e+08,10,125000,1,0,-0.541766,-18697.9,0,-136.413,-133,0.436224
295738, 925.601, 11, -1,-1,-1,56.9993,38.0547,0.019953,8.68e+08,12,125000,1,0,-11.9819,-18430.1,0,-139.779,-137,1.58106
295740, 925.798, 23, -1,-1,-1,52.8622,11.1827,0.019953,8.68e+08,10,125000,1,0,-2.68211,-19488.7,0,-137.064,-133,0.436224
295747, 926.005, 38, -1,-1,-1,44.5391,14.5207,0.025119,8.68e+08,10,125000,1,0,4.73543,-19331.1,0,-133.816,-133,0.436224
295749, 926.156, 14, -1,-1,-1,53.0462,-6.68945,0.015849,8.68e+08,12,125000,1,0,-3.45222,-17585.4,0,-138.297,-137,1.58106
295756, 926.802, 2, -1,-1,-1,51.5344,12.7308,0.019953,8.68e+08,12,125000,1,0,-1.70355,-19539.6,0,-136.767,-137,1.58106
295758, 926.871, 12, -1,-1,-1,52.0633,-2.10831,0.019953,8.68e+08,10,125000,1,0,-1.96751,-18296.7,0,-136.847,-133,0.436224
295760, 927.423, 1, -1,-1,-1,47.2765,2.22214,0.015849,8.68e+08,12,125000,1,0,3.34946,-18772.6,0,-136.231,-137,1.58106
295777, 928.032, 43, -1,-1,-1,55.6658,27.4582,0.015849,8.68e+08,10,125000,1,0,-8.35637,-19078.5,0,-139.753,-133,0.436224
295784, 928.4, 49, -1,-1,-1,46.408,9.75733,0.015849,8.68e+08,11,125000,1,0,3.80471,-19514.4,0,-136.094,-135,0.790528
295786, 928.803, 33, -1,-1,-1,47.239,17.4643,0.019953,8.68e+08,10,125000,1,0,0.851631,-19358,0,-135.99,-133,0.436224
295798, 929.073, 6, -1,-1,-1,58.2129,16.2971,0.025119,8.68e+08,12,125000,1,0,-7.8238,-19386.8,0,-137.596,-137,1.58106
295826, 929.752, 19, -1,-1,-1,38.1762,0.856056,0.025119,8.68e+08,11,125000,1,0,15.9756,-17327.9,1,-130.666,-135,0.790528
295828, 929.952, 55, -1,-1,-1,29.3703,-15.3954,0.025119,8.68e+08,11,125000,1,0,9.60616,-3183.1,0,-132.399,-135,0.790528
295830, 930.438, 34, -1,-1,-1,48.7562,19.7846,0.025119,8.68e+08,11,125000,1,0,-1.30158,-19298.4,0,-135.646,-135,0.790528
295837, 930.515, 24, -1,-1,-1,47.5807,13.3667,0.025119,8.68e+08,12,125000,1,0,1.69527,-19565.8,0,-134.733,-137,1.58106
295859, 931.007, 57, -1,-1,-1,35.1402,33.8726,0.025119,8.68e+08,12,125000,1,0,-1.51533,-13346,0,-135.719,-137,1.58106
295866, 931.173, 10, -1,-1,-1,28.9812,30.4875,0.019953,8.68e+08,12,125000,1,0,2.57641,-9929.64,0,-135.476,-137,1.58106
295869, 931.206, 50, -1,-1,-1,39.4666,15.4567,0.025119,8.68e+08,12,125000,1,0,9.78822,-18543.7,1,-132.341,-137,1.58106
295886, 931.297, 9, -1,-1,-1,39.6549,24.3091,0.025119,8.68e+08,10,125000,1,0,3.41879,-16997.6,0,-134.216,-133,0.436224
295903, 931.643, 18, -1,-1,-1,40.3252,0.458257,0.015849,8.68e+08,10,125000,1,0,11.9221,-17759.5,0,-133.742,-133,0.436224
295905, 931.728, 52, -1,-1,-1,39.7577,32.3711,0.019953,8.68e+08,11,125000,1,0,-2.06831,-15664.5,0,-136.885,-135,0.790528
295912, 931.928, 41, -1,-1,-1,59.5484,25.9088,0.019953,8.68e+08,11,125000,1,0,-10.5739,-19205.6,0,-139.385,-135,0.790528
295914, 932.021, 54, -1,-1,-1,33.9169,-17.5406,0.019953,8.68e+08,11,125000,1,0,5.3634,-6954.54,0,-134.636,-135,0.790528
295917, 932.032, 16, -1,-1,-1,42.4575,7.48746,0.019953,8.68e+08,11,125000,1,0,8.85952,-19311,1,-133.603,-135,0.790528
295924, 932.094, 29, -1,-1,-1,50.7851,21.7882,0.015849,8.68e+08,12,125000,1,0,-3.56734,-19275.1,0,-138.333,-137,1.58106
295931, 932.184, 40, -1,-1,-1,60.8808,23.4982,0.015849,8.68e+08,12,125000,1,0,-10.9501,-19234.5,0,-140.49,-137,1.58106
295938, 932.303, 59, -1,-1,-1,68.2639,21.0486,0.015849,8.68e+08,11,125000,1,0,-15.4016,-18873.8,0,-141.692,-135,0.790528
295945, 932.389, 13, -1,-1,-1,57.0723,-1.70621,0.015849,8.68e+08,11,125000,1,0,-6.47785,-18525.7,0,-139.2,-135,0.790528
295952, 932.543, 35, -1,-1,-1,45.7431,26.4773,0.019953,8.68e+08,10,125000,1,0,-1.95162,-18260.5,0,-136.846,-133,0.436224
295954, 932.547, 39, -1,-1,-1,43.5465,21.5478,0.025119,8.68e+08,12,125000,1,0,2.14296,-18508.9,0,-134.6,-137,1.58106
295961, 932.765, 48, -1,-1,-1,58.3997,11.2994,0.015849,8.68e+08,10,125000,1,0,-7.65311,-19352,0,-139.546,-133,0.436224
295963, 932.837, 22, -1,-1,-1,49.8807,11.1424,0.019953,8.68e+08,11,125000,1,0,-0.309469,-19607.6,0,-136.342,-135,0.790528
295970, 932.972, 51, -1,-1,-1,41.8919,29.6462,0.019953,8.68e+08,10,125000,1,0,-1.43026,-16859.6,0,-136.689,-133,0.436224
295972, 933.115, 27, -1,-1,-1,50.6159,6.80471,0.025119,8.68e+08,12,125000,1,0,-0.53365,-19392.5,0,-135.41,-137,1.58106
295975, 933.367, 56, -1,-1,-1,36.3084,12.5542,0.019953,8.68e+08,12,125000,1,0,16.1657,-18171.3,1,-131.619,-137,1.58106
295982, 933.524, 45, -1,-1,-1,51.1713,24.9679,0.025119,8.68e+08,11,125000,1,0,-4.97208,-19083.9,0,-136.755,-135,0.790528
295995, 933.708, 20, -1,-1,-1,37.9471,-10.2414,0.015849,8.68e+08,11,125000,1,0,8.86808,-12553.7,1,-134.605,-135,0.790528
295997, 933.826, 0, -1,-1,-1,52.8019,-0.140325,0.019953,8.68e+08,12,125000,1,0,-2.75085,-18676.4,0,-137.084,-137,1.58106
295999, 934.21, 8, -1,-1,-1,60.4856,7.73014,0.025119,8.68e+08,11,125000,1,0,-9.11006,-19132,0,-137.967,-135,0.790528
296001, 934.334, 7, -1,-1,-1,47.6351,15.354,0.015849,8.68e+08,11,125000,1,0,0.819418,-19555.6,0,-136.999,-135,0.790528
296023, 935.182, 4, -1,-1,-1,41.4412,12.9351,0.019953,8.68e+08,10,125000,1,0,8.25366,-19269.8,0,-133.779,-133,0.436224
296025, 935.267, 46, -1,-1,-1,52.8116,25.5221,0.025119,8.68e+08,12,125000,1,0,-6.28328,-19147.8,0,-137.145,-137,1.58106
296028, 935.343, 15, -1,-1,-1,44.3496,3.32595,0.025119,8.68e+08,11,125000,1,0,6.29323,-18950.8,1,-133.351,-135,0.790528
296030, 935.393, 47, -1,-1,-1,60.7194,5.65594,0.015849,8.68e+08,11,125000,1,0,-9.29167,-19033.1,0,-140.019,-135,0.790528
296037, 936.504, 44, -1,-1,-1,50.511,28.5311,0.019953,8.68e+08,12,125000,1,0,-5.90529,-18740.1,0,-138.034,-137,1.58106
296054, 937.327, 53, -1,-1,-1,63.4292,-20.8181,0.019953,8.68e+08,10,125000,1,0,-13.7688,-16842.7,0,-140.262,-133,0.436224
296056, 937.376, 30, -1,-1,-1,49.4973,17.4698,0.015849,8.68e+08,11,125000,1,0,-1.6144,-19547,0,-137.74,-135,0.790528
296058, 937.511, 11, -1,-1,-1,56.9993,38.0547,0.019953,8.68e+08,12,125000,1,0,-12.4866,-18548.7,0,-139.917,-137,1.58106
296065, 937.782, 31, -1,-1,-1,54.7544,21.0473,0.025119,8.68e+08,11,125000,1,0,-6.60478,-19463.4,0,-137.239,-135,0.790528
296068, 938.43, 3, -1,-1,-1,41.7537,-4.41958,0.015849,8.68e+08,11,125000,1,0,7.70798,-16644.5,1,-134.937,-135,0.790528
296090, 939.277, 12, -1,-1,-1,52.0633,-2.10831,0.019953,8.68e+08,10,125000,1,0,-2.62589,-18474.7,0,-137.045,-133,0.436224
296093, 939.572, 37, -1,-1,-1,39.3182,23.7585,0.025119,8.68e+08,11,125000,1,0,3.55597,-17168.6,1,-134.174,-135,0.790528
296100, 940.094, 36, -1,-1,-1,43.7267,24.2592,0.019953,8.68e+08,12,125000,1,0,0.15147,-18274.5,0,-136.205,-137,1.58106
296122, 940.469, 1, -1,-1,-1,47.2765,2.22214,0.015849,8.68e+08,12,125000,1,0,2.49435,-18968.8,0,-136.489,-137,1.58106
296124, 940.587, 23, -1,-1,-1,52.8622,11.1827,0.019953,8.68e+08,10,125000,1,0,-3.49659,-19420,0,-137.309,-133,0.436224
296141, 941.215, 26, -1,-1,-1,45.7065,9.06593,0.025119,8.68e+08,11,125000,1,0,3.81104,-19424.7,0,-134.091,-135,0.790528
296143, 941.598, 42, -1,-1,-1,57.7616,26.6615,0.019953,8.68e+08,12,125000,1,0,-10.0282,-19045.7,0,-139.23,-137,1.58106
296146, 941.68, 19, -1,-1,-1,38.1762,0.856056,0.025119,8.68e+08,11,125000,1,0,14.7073,-17463.7,1,-130.993,-135,0.790528
296153, 941.745, 52, -1,-1,-1,39.7577,32.3711,0.019953,8.68e+08,11,125000,1,0,-2.52352,-15703,0,-137.022,-135,0.790528
296155, 941.759, 10, -1,-1,-1,28.9812,30.4875,0.019953,8.68e+08,12,125000,1,0,2.21124,-10212.9,0,-135.586,-137,1.58106
296163, 942.014, 21, -1,-1,-1,39.9798,-9.60875,0.019953,8.68e+08,12,125000,1,0,6.82461,-13957.9,1,-134.197,-137,1.58106
296165, 942.135, 17, -1,-1,-1,50.975,1.0294,0.019953,8.68e+08,10,125000,1,0,-1.49456,-18709.1,0,-136.701,-133,0.436224
296172, 942.483, 40, -1,-1,-1,60.8808,23.4982,0.015849,8.68e+08,12,125000,1,0,-11.4114,-19096.4,0,-140.618,-137,1.58106
296174, 942.698, 32, -1,-1,-1,51.2589,12.3527,0.019953,8.68e+08,11,125000,1,0,-2.34758,-19495,0,-136.961,-135,0.790528
296181, 943.419, 25, -1,-1,-1,47.5334,10.9197,0.019953,8.68e+08,10,125000,1,0,1.36196,-19519.4,0,-135.832,-133,0.436224
296198, 943.771, 5, -1,-1,-1,53.5397,3.21519,0.015849,8.68e+08,12,125000,1,0,-3.78317,-18951.2,0,-138.395,-137,1.58106
296205, 943.878, 28, -1,-1,-1,56.1214,14.8064,0.019953,8.68e+08,10,125000,1,0,-6.81036,-19387,0,-138.298,-133,0.436224
296207, 944.189, 58, -1,-1,-1,60.5259,-7.32063,0.025119,8.68e+08,10,125000,1,0,-10.1778,-17903.6,0,-138.271,-133,0.436224
296220, 945.24, 39, -1,-1,-1,43.5465,21.5478,0.025119,8.68e+08,12,125000,1,0,1.36103,-18508.4,1,-134.836,-137,1.58106
296222, 945.365, 22, -1,-1,-1,49.8807,11.1424,0.019953,8.68e+08,11,125000,1,0,-1.05687,-19527.3,0,-136.568,-135,0.790528
296224, 945.382, 14, -1,-1,-1,53.0462,-6.68945,0.015849,8.68e+08,12,125000,1,0,-4.38896,-17671.1,0,-138.577,-137,1.58106
296226, 945.521, 34, -1,-1,-1,48.7562,19.7846,0.025119,8.68e+08,11,125000,1,0,-2.15832,-19259.8,0,-135.905,-135,0.790528
296243, 947.205, 0, -1,-1,-1,52.8019,-0.140325,0.019953,8.68e+08,12,125000,1,0,-3.45506,-18632.8,0,-137.295,-137,1.58106
296250, 947.342, 6, -1,-1,-1,58.2129,16.2971,0.025119,8.68e+08,12,125000,1,0,-8.69768,-19325.5,0,-137.848,-137,1.58106
296252, 947.545, 2, -1,-1,-1,51.5344,12.7308,0.019953,8.68e+08,12,125000,1,0,-2.87746,-19532.5,0,-137.121,-137,1.58106
296254, 947.744, 18, -1,-1,-1,40.3252,0.458257,0.015849,8.68e+08,10,125000,1,0,10.4858,-17942.2,0,-134.14,-133,0.436224
296271, 949.258, 53, -1,-1,-1,63.4292,-20.8181,0.019953,8.68e+08,10,125000,1,0,-14.2165,-16763.8,0,-140.38,-133,0.436224
296278, 949.549, 11, -1,-1,-1,56.9993,38.0547,0.019953,8.68e+08,12,125000,1,0,-12.9925,-18446,0,-140.054,-137,1.58106
296305, 950.089, 38, -1,-1,-1,44.5391,14.5207,0.025119,8.68e+08,10,125000,1,0,3.04632,-19435.6,0,-134.322,-133,0.436224
296312, 950.334, 20, -1,-1,-1,37.9471,-10.2414,0.015849,8.68e+08,11,125000,1,0,7.93213,-13084.7,0,-134.874,-135,0.790528
296314, 950.34, 43, -1,-1,-1,55.6658,27.4582,0.015849,8.68e+08,10,125000,1,0,-9.39319,-19072.1,0,-140.049,-133,0.436224
296321, 950.388, 49, -1,-1,-1,46.408,9.75733,0.015849,8.68e+08,11,125000,1,0,2.302,-19565.3,0,-136.546,-135,0.790528
296323, 950.441, 30, -1,-1,-1,49.4973,17.4698,0.015849,8.68e+08,11,125000,1,0,-2.35699,-19475.5,0,-137.964,-135,0.790528
296330, 950.716, 16, -1,-1,-1,42.4575,7.48746,0.019953,8.68e+08,11,125000,1,0,7.29737,-19378.9,0,-134.054,-135,0.790528
296333, 950.796, 57, -1,-1,-1,35.1402,33.8726,0.025119,8.68e+08,12,125000,1,0,-2.30048,-13750.9,1,-135.956,-137,1.58106
296460, 951.044, 45, -1,-1,-1,51.1713,24.9679,0.025119,8.68e+08,11,125000,1,0,-5.85379,-19062.4,0,-137.017,-135,0.790528
296462, 951.061, 33, -1,-1,-1,47.239,17.4643,0.019953,8.68e+08,10,125000,1,0,-0.502474,-19408.1,0,-136.401,-133,0.436224
296474, 951.165, 15, -1,-1,-1,44.3496,3.32595,0.025119,8.68e+08,11,125000,1,0,5.12483,-18988.7,0,-133.696,-135,0.790528
296481, 951.54, 4, -1,-1,-1,41.4412,12.9351,0.019953,8.68e+08,10,125000,1,0,6.92131,-19310.8,0,-134.166,-133,0.436224
296498, 952.263, 35, -1,-1,-1,45.7431,26.4773,0.019953,8.68e+08,10,125000,1,0,-2.98783,-18347.4,0,-137.158,-133,0.436224
296500, 952.531, 10, -1,-1,-1,28.9812,30.4875,0.019953,8.68e+08,12,125000,1,0,1.83163,-10679,0,-135.7,-137,1.58106
296507, 952.619, 8, -1,-1,-1,60.4856,7.73014,0.025119,8.68e+08,11,125000,1,0,-9.95399,-19078,0,-138.207,-135,0.790528
296509, 952.695, 1, -1,-1,-1,47.2765,2.22214,0.015849,8.68e+08,12,125000,1,0,1.71584,-18931.8,0,-136.724,-137,1.58106
296516, 953.021, 46, -1,-1,-1,52.8116,25.5221,0.025119,8.68e+08,12,125000,1,0,-7.15005,-19115.6,0,-137.399,-137,1.58106
296523, 953.326, 47, -1,-1,-1,60.7194,5.65594,0.015849,8.68e+08,11,125000,1,0,-10.1064,-18978.8,0,-140.25,-135,0.790528
296535, 953.574, 24, -1,-1,-1,47.5807,13.3667,0.025119,8.68e+08,12,125000,1,0,0.237408,-19610.1,0,-135.174,-137,1.58106
296548, 953.864, 55, -1,-1,-1,29.3703,-15.3954,0.025119,8.68e+08,11,125000,1,0,9.17463,-4612.3,1,-132.52,-135,0.790528
296550, 953.866, 48, -1,-1,-1,58.3997,11.2994,0.015849,8.68e+08,10,125000,1,0,-8.66022,-19320.5,0,-139.836,-133,0.436224
296557, 954.11, 12, -1,-1,-1,52.0633,-2.10831,0.019953,8.68e+08,10,125000,1,0,-3.39778,-18464.8,0,-137.278,-133,0.436224
296559, 954.31, 9, -1,-1,-1,39.6549,24.3091,0.025119,8.68e+08,10,125000,1,0,2.05759,-17314.1,0,-134.626,-133,0.436224
296566, 954.435, 54, -1,-1,-1,33.9169,-17.5406,0.019953,8.68e+08,11,125000,1,0,4.72849,-7958.3,0,-134.823,-135,0.790528
296569, 954.524, 50, -1,-1,-1,39.4666,15.4567,0.025119,8.68e+08,12,125000,1,0,7.84432,-18786.7,1,-132.897,-137,1.58106
296586, 954.978, 29, -1,-1,-1,50.7851,21.7882,0.015849,8.68e+08,12,125000,1,0,-4.77205,-19303.7,0,-138.693,-137,1.58106
296598, 955.208, 3, -1,-1,-1,41.7537,-4.41958,0.015849,8.68e+08,11,125000,1,0,6.54575,-16889.3,0,-135.276,-135,0.790528
296600, 955.38, 37, -1,-1,-1,39.3182,23.7585,0.025119,8.68e+08,11,125000,1,0,2.60576,-17325.4,0,-134.46,-135,0.790528
296607, 955.709, 59, -1,-1,-1,68.2639,21.0486,0.015849,8.68e+08,11,125000,1,0,-16.3643,-18826,0,-141.938,-135,0.790528
296614, 955.849, 41, -1,-1,-1,59.5484,25.9088,0.019953,8.68e+08,11,125000,1,0,-11.6439,-19186.7,0,-139.682,-135,0.790528
296616, 955.866, 31, -1,-1,-1,54.7544,21.0473,0.025119,8.68e+08,11,125000,1,0,-7.49302,-19414,0,-137.498,-135,0.790528
296628, 956.207, 27, -1,-1,-1,50.6159,6.80471,0.025119,8.68e+08,12,125000,1,0,-1.87345,-19433.3,0,-135.816,-137,1.58106
296636, 956.365, 19, -1,-1,-1,38.1762,0.856056,0.025119,8.68e+08,11,125000,1,0,13.2263,-17890.7,1,-131.386,-135,0.790528
296638, 956.504, 51, -1,-1,-1,41.8919,29.6462,0.019953,8.68e+08,10,125000,1,0,-2.5934,-17123,0,-137.041,-133,0.436224
296640, 956.546, 13, -1,-1,-1,57.0723,-1.70621,0.015849,8.68e+08,11,125000,1,0,-7.61249,-18588,0,-139.532,-135,0.790528
296652, 957.425, 7, -1,-1,-1,47.6351,15.354,0.015849,8.68e+08,11,125000,1,0,-0.592286,-19599.5,0,-137.427,-135,0.790528
296660, 957.712, 56, -1,-1,-1,36.3084,12.5542,0.019953,8.68e+08,12,125000,1,0,13.516,-18567.6,1,-132.31,-137,1.58106
296662, 957.869, 34, -1,-1,-1,48.7562,19.7846,0.025119,8.68e+08,11,125000,1,0,-2.84309,-19391.7,0,-136.112,-135,0.790528
296664, 957.9, 58, -1,-1,-1,60.5259,-7.32063,0.025119,8.68e+08,10,125000,1,0,-10.7601,-18067.5,0,-138.434,-133,0.436224
296666, 957.931, 44, -1,-1,-1,50.511,28.5311,0.019953,8.68e+08,12,125000,1,0,-6.93669,-18777.5,0,-138.337,-137,1.58106
296694, 959.752, 21, -1,-1,-1,39.9798,-9.60875,0.019953,8.68e+08,12,125000,1,0,5.8082,-14621.1,1,-134.496,-137,1.58106
296696, 959.957, 42, -1,-1,-1,57.7616,26.6615,0.019953,8.68e+08,12,125000,1,0,-10.858,-19205.7,0,-139.463,-137,1.58106
296698, 960.195, 0, -1,-1,-1,52.8019,-0.140325,0.019953,8.68e+08,12,125000,1,0,-4.12589,-18794.6,0,-137.497,-137,1.58106
296705, 960.597, 6, -1,-1,-1,58.2129,16.2971,0.025119,8.68e+08,12,125000,1,0,-9.32064,-19436.9,0,-138.026,-137,1.58106
296707, 960.684, 23, -1,-1,-1,52.8622,11.1827,0.019953,8.68e+08,10,125000,1,0,-4.57215,-19397.4,0,-137.631,-133,0.436224
296714, 960.9, 14, -1,-1,-1,53.0462,-6.68945,0.015849,8.68e+08,12,125000,1,0,-5.13063,-17906.1,0,-138.798,-137,1.58106
296716, 961.26, 17, -1,-1,-1,50.975,1.0294,0.019953,8.68e+08,10,125000,1,0,-2.54406,-18739.3,0,-137.019,-133,0.436224
296743, 962.374, 28, -1,-1,-1,56.1214,14.8064,0.019953,8.68e+08,10,125000,1,0,-7.71723,-19331.7,0,-138.562,-133,0.436224
296755, 962.803, 18, -1,-1,-1,40.3252,0.458257,0.015849,8.68e+08,10,125000,1,0,9.21037,-18068.9,0,-134.5,-133,0.436224
296777, 963.514, 49, -1,-1,-1,46.408,9.75733,0.015849,8.68e+08,11,125000,1,0,1.44403,-19503.9,0,-136.806,-135,0.790528
296779, 963.618, 5, -1,-1,-1,53.5397,3.21519,0.015849,8.68e+08,12,125000,1,0,-4.81203,-18955,0,-138.702,-137,1.58106
296781, 963.734, 40, -1,-1,-1,60.8808,23.4982,0.015849,8.68e+08,12,125000,1,0,-12.3501,-19046.1,0,-140.876,-137,1.58106
296783, 963.758, 2, -1,-1,-1,51.5344,12.7308,0.019953,8.68e+08,12,125000,1,0,-3.76572,-19475.3,0,-137.388,-137,1.58106
296785, 963.972, 52, -1,-1,-1,39.7577,32.3711,0.019953,8.68e+08,11,125000,1,0,-3.5242,-15999.1,0,-137.323,-135,0.790528
296788, 963.989, 26, -1,-1,-1,45.7065,9.06593,0.025119,8.68e+08,11,125000,1,0,2.25672,-19486.8,1,-134.559,-135,0.790528
296790, 964.182, 11, -1,-1,-1,56.9993,38.0547,0.019953,8.68e+08,12,125000,1,0,-13.602,-18363.5,0,-140.217,-137,1.58106
296792, 964.218, 30, -1,-1,-1,49.4973,17.4698,0.015849,8.68e+08,11,125000,1,0,-3.12164,-19406,0,-138.195,-135,0.790528
296804, 964.824, 36, -1,-1,-1,43.7267,24.2592,0.019953,8.68e+08,12,125000,1,0,-1.23094,-18262.8,0,-136.624,-137,1.58106
296811, 965.135, 32, -1,-1,-1,51.2589,12.3527,0.019953,8.68e+08,11,125000,1,0,-3.59027,-19499.9,0,-137.335,-135,0.790528
296813, 965.7, 22, -1,-1,-1,49.8807,11.1424,0.019953,8.68e+08,11,125000,1,0,-2.23151,-19520.9,0,-136.924,-135,0.790528
296825, 966.149, 10, -1,-1,-1,28.9812,30.4875,0.019953,8.68e+08,12,125000,1,0,1.3416,-11054.9,0,-135.848,-137,1.58106
296832, 966.66, 45, -1,-1,-1,51.1713,24.9679,0.025119,8.68e+08,11,125000,1,0,-6.62321,-19014.1,0,-137.243,-135,0.790528
296854, 967.041, 3, -1,-1,-1,41.7537,-4.41958,0.015849,8.68e+08,11,125000,1,0,5.74958,-16975.3,0,-135.51,-135,0.790528
296856, 967.207, 53, -1,-1,-1,63.4292,-20.8181,0.019953,8.68e+08,10,125000,1,0,-14.886,-16759.7,0,-140.555,-133,0.436224
296863, 967.389, 25, -1,-1,-1,47.5334,10.9197,0.019953,8.68e+08,10,125000,1,0,-0.135361,-19568.3,0,-136.286,-133,0.436224
296865, 967.452, 16, -1,-1,-1,42.4575,7.48746,0.019953,8.68e+08,11,125000,1,0,5.97965,-19401.6,0,-134.441,-135,0.790528
296867, 967.605, 39, -1,-1,-1,43.5465,21.5478,0.025119,8.68e+08,12,125000,1,0,0.029274,-18640.1,0,-135.24,-137,1.58106
296869, 967.666, 7, -1,-1,-1,47.6351,15.354,0.015849,8.68e+08,11,125000,1,0,-1.19718,-19500.6,0,-137.61,-135,0.790528
296871, 968.018, 54, -1,-1,-1,33.9169,-17.5406,0.019953,8.68e+08,11,125000,1,0,4.31372,-8443.46,0,-134.946,-135,0.790528
296878, 968.813, 47, -1,-1,-1,60.7194,5.65594,0.015849,8.68e+08,11,125000,1,0,-10.799,-18897.4,0,-140.444,-135,0.790528
296895, 969.338, 35, -1,-1,-1,45.7431,26.4773,0.019953,8.68e+08,10,125000,1,0,-3.86301,-18381.7,0,-137.421,-133,0.436224
296912, 969.702, 13, -1,-1,-1,57.0723,-1.70621,0.015849,8.68e+08,11,125000,1,0,-8.21852,-18516,0,-139.707,-135,0.790528
296914, 969.826, 48, -1,-1,-1,58.3997,11.2994,0.015849,8.68e+08,10,125000,1,0,-9.40645,-19239.8,0,-140.05,-133,0.436224
296926, 970.024, 43, -1,-1,-1,55.6658,27.4582,0.015849,8.68e+08,10,125000,1,0,-10.2892,-19035,0,-140.302,-133,0.436224
296928, 970.161, 31, -1,-1,-1,54.7544,21.0473,0.025119,8.68e+08,11,125000,1,0,-8.18149,-19326.7,0,-137.698,-135,0.790528
296935, 970.288, 9, -1,-1,-1,39.6549,24.3091,0.025119,8.68e+08,10,125000,1,0,1.14088,-17445.1,0,-134.903,-133,0.436224
296937, 970.652, 12, -1,-1,-1,52.0633,-2.10831,0.019953,8.68e+08,10,125000,1,0,-4.24026,-18469.1,0,-137.53,-133,0.436224
296945, 970.814, 57, -1,-1,-1,35.1402,33.8726,0.025119,8.68e+08,12,125000,1,0,-3.09739,-14123.5,1,-136.196,-137,1.58106
296962, 971.417, 4, -1,-1,-1,41.4412,12.9351,0.019953,8.68e+08,10,125000,1,0,5.39435,-19385.9,0,-134.616,-133,0.436224
296964, 971.447, 46, -1,-1,-1,52.8116,25.5221,0.025119,8.68e+08,12,125000,1,0,-8.03074,-19083.3,0,-137.655,-137,1.58106
296976, 972.242, 29, -1,-1,-1,50.7851,21.7882,0.015849,8.68e+08,12,125000,1,0,-5.65489,-19267.4,0,-138.955,-137,1.58106
296983, 972.48, 21, -1,-1,-1,39.9798,-9.60875,0.019953,8.68e+08,12,125000,1,0,5.08698,-14839.4,0,-134.709,-137,1.58106
296990, 972.876, 1, -1,-1,-1,47.2765,2.22214,0.015849,8.68e+08,12,125000,1,0,0.474882,-18995.1,0,-137.1,-137,1.58106
297008, 973.189, 55, -1,-1,-1,29.3703,-15.3954,0.025119,8.68e+08,11,125000,1,0,8.7268,-5672.87,1,-132.647,-135,0.790528
297015, 973.32, 6, -1,-1,-1,58.2129,16.2971,0.025119,8.68e+08,12,125000,1,0,-9.91035,-19325,0,-138.193,-137,1.58106
297017, 973.627, 24, -1,-1,-1,47.5807,13.3667,0.025119,8.68e+08,12,125000,1,0,-0.972157,-19611.3,0,-135.541,-137,1.58106
297019, 973.694, 28, -1,-1,-1,56.1214,14.8064,0.019953,8.68e+08,10,125000,1,0,-8.26232,-19429.2,0,-138.72,-133,0.436224
297026, 973.698, 20, -1,-1,-1,37.9471,-10.2414,0.015849,8.68e+08,11,125000,1,0,6.61877,-13834,0,-135.256,-135,0.790528
297028, 973.735, 59, -1,-1,-1,68.2639,21.0486,0.015849,8.68e+08,11,125000,1,0,-17.0965,-18731.7,0,-142.122,-135,0.790528
297036, 974.095, 50, -1,-1,-1,39.4666,15.4567,0.025119,8.68e+08,12,125000,1,0,6.32064,-18920.4,1,-133.342,-137,1.58106
297038, 974.131, 38, -1,-1,-1,44.5391,14.5207,0.025119,8.68e+08,10,125000,1,0,1.46145,-19517.3,0,-134.801,-133,0.436224
297045, 974.599, 8, -1,-1,-1,60.4856,7.73014,0.025119,8.68e+08,11,125000,1,0,-10.9421,-19051.5,0,-138.484,-135,0.790528
297047, 974.682, 27, -1,-1,-1,50.6159,6.80471,0.025119,8.68e+08,12,125000,1,0,-2.9053,-19415.5,0,-136.127,-137,1.58106
297065, 975.202, 19, -1,-1,-1,38.1762,0.856056,0.025119,8.68e+08,11,125000,1,0,11.4436,-18146.6,1,-131.871,-135,0.790528
297067, 975.434, 33, -1,-1,-1,47.239,17.4643,0.019953,8.68e+08,10,125000,1,0,-1.91804,-19466.5,0,-136.829,-133,0.436224
297069, 975.546, 58, -1,-1,-1,60.5259,-7.32063,0.025119,8.68e+08,10,125000,1,0,-11.501,-18044.5,0,-138.64,-133,0.436224
297071, 975.721, 15, -1,-1,-1,44.3496,3.32595,0.025119,8.68e+08,11,125000,1,0,3.40911,-19139.1,0,-134.209,-135,0.790528
297083, 976.798, 41, -1,-1,-1,59.5484,25.9088,0.019953,8.68e+08,11,125000,1,0,-12.5628,-19138.3,0,-139.933,-135,0.790528
297095, 977.713, 49, -1,-1,-1,46.408,9.75733,0.015849,8.68e+08,11,125000,1,0,0.545366,-19659.1,0,-137.078,-135,0.790528
297107, 978.155, 10, -1,-1,-1,28.9812,30.4875,0.019953,8.68e+08,12,125000,1,0,0.901371,-11534.1,0,-135.982,-137,1.58106
297114, 978.247, 52, -1,-1,-1,39.7577,32.3711,0.019953,8.68e+08,11,125000,1,0,-4.1599,-16297.4,0,-137.514,-135,0.790528
297121, 978.663, 45, -1,-1,-1,51.1713,24.9679,0.025119,8.68e+08,11,125000,1,0,-7.20485,-19134.4,0,-137.413,-135,0.790528
297158, 979.396, 34, -1,-1,-1,48.7562,19.7846,0.025119,8.68e+08,11,125000,1,0,-4.00411,-19408.6,0,-136.46,-135,0.790528
297160, 979.481, 54, -1,-1,-1,33.9169,-17.5406,0.019953,8.68e+08,11,125000,1,0,3.94819,-9025.96,0,-135.055,-135,0.790528
297172, 979.614, 25, -1,-1,-1,47.5334,10.9197,0.019953,8.68e+08,10,125000,1,0,-0.869644,-19693.4,0,-136.509,-133,0.436224
297175, 979.616, 56, -1,-1,-1,36.3084,12.5542,0.019953,8.68e+08,12,125000,1,0,11.3578,-18828.2,1,-132.896,-137,1.58106
297177, 979.661, 35, -1,-1,-1,45.7431,26.4773,0.019953,8.68e+08,10,125000,1,0,-4.38285,-18518.7,0,-137.577,-133,0.436224
297179, 979.739, 5, -1,-1,-1,53.5397,3.21519,0.015849,8.68e+08,12,125000,1,0,-5.62695,-19127.5,0,-138.944,-137,1.58106
297191, 979.922, 48, -1,-1,-1,58.3997,11.2994,0.015849,8.68e+08,10,125000,1,0,-9.87208,-19326.4,0,-140.182,-133,0.436224
297198, 979.958, 37, -1,-1,-1,39.3182,23.7585,0.025119,8.68e+08,11,125000,1,0,1.17581,-17632.5,0,-134.892,-135,0.790528
297205, 980.076, 13, -1,-1,-1,57.0723,-1.70621,0.015849,8.68e+08,11,125000,1,0,-8.69081,-18631,0,-139.843,-135,0.790528
297207, 980.112, 30, -1,-1,-1,49.4973,17.4698,0.015849,8.68e+08,11,125000,1,0,-3.98218,-19560.5,0,-138.453,-135,0.790528
297209, 980.201, 43, -1,-1,-1,55.6658,27.4582,0.015849,8.68e+08,10,125000,1,0,-10.7459,-19125.8,0,-140.43,-133,0.436224
297226, 980.786, 51, -1,-1,-1,41.8919,29.6462,0.019953,8.68e+08,10,125000,1,0,-3.76554,-17163.4,0,-137.393,-133,0.436224
297228, 980.828, 32, -1,-1,-1,51.2589,12.3527,0.019953,8.68e+08,11,125000,1,0,-4.4322,-19434.2,0,-137.587,-135,0.790528
297230, 980.834, 17, -1,-1,-1,50.975,1.0294,0.019953,8.68e+08,10,125000,1,0,-3.58574,-18763.6,0,-137.332,-133,0.436224
297232, 980.856, 0, -1,-1,-1,52.8019,-0.140325,0.019953,8.68e+08,12,125000,1,0,-5.16865,-18827.1,0,-137.808,-137,1.58106
297234, 981.118, 14, -1,-1,-1,53.0462,-6.68945,0.015849,8.68e+08,12,125000,1,0,-6.07909,-17979.8,0,-139.079,-137,1.58106
297236, 981.334, 40, -1,-1,-1,60.8808,23.4982,0.015849,8.68e+08,12,125000,1,0,-13.115,-19189.6,0,-141.082,-137,1.58106
297238, 981.516, 44, -1,-1,-1,50.511,28.5311,0.019953,8.68e+08,12,125000,1,0,-8.04448,-18826.3,0,-138.659,-137,1.58106
297245, 982.087, 36, -1,-1,-1,43.7267,24.2592,0.019953,8.68e+08,12,125000,1,0,-2.16492,-18313.9,0,-136.907,-137,1.58106
297252, 982.464, 4, -1,-1,-1,41.4412,12.9351,0.019953,8.68e+08,10,125000,1,0,4.58454,-19326,0,-134.857,-133,0.436224
297284, 983.656, 3, -1,-1,-1,41.7537,-4.41958,0.015849,8.68e+08,11,125000,1,0,4.66296,-17159.9,0,-135.833,-135,0.790528
297286, 983.765, 12, -1,-1,-1,52.0633,-2.10831,0.019953,8.68e+08,10,125000,1,0,-4.89521,-18420.5,0,-137.726,-133,0.436224
297293, 984.03, 42, -1,-1,-1,57.7616,26.6615,0.019953,8.68e+08,12,125000,1,0,-11.9253,-18970.1,0,-139.758,-137,1.58106
297295, 984.124, 59, -1,-1,-1,68.2639,21.0486,0.015849,8.68e+08,11,125000,1,0,-17.515,-18572.2,0,-142.226,-135,0.790528
297297, 984.162, 26, -1,-1,-1,45.7065,9.06593,0.025119,8.68e+08,11,125000,1,0,0.951951,-19504.3,0,-134.954,-135,0.790528
297299, 984.167, 29, -1,-1,-1,50.7851,21.7882,0.015849,8.68e+08,12,125000,1,0,-6.25278,-19173.2,0,-139.132,-137,1.58106
297306, 984.439, 23, -1,-1,-1,52.8622,11.1827,0.019953,8.68e+08,10,125000,1,0,-5.80181,-19402.4,0,-137.996,-133,0.436224
297318, 984.804, 57, -1,-1,-1,35.1402,33.8726,0.025119,8.68e+08,12,125000,1,0,-3.65487,-14302.7,0,-136.363,-137,1.58106
297320, 985.288, 47, -1,-1,-1,60.7194,5.65594,0.015849,8.68e+08,11,125000,1,0,-11.5254,-18821.1,0,-140.645,-135,0.790528
297332, 985.911, 11, -1,-1,-1,56.9993,38.0547,0.019953,8.68e+08,12,125000,1,0,-14.4965,-18344.4,0,-140.453,-137,1.58106
297334, 986.222, 39, -1,-1,-1,43.5465,21.5478,0.025119,8.68e+08,12,125000,1,0,-1.03846,-18697,0,-135.563,-137,1.58106
297347, 986.693, 15, -1,-1,-1,44.3496,3.32595,0.025119,8.68e+08,11,125000,1,0,2.67668,-19079.1,1,-134.43,-135,0.790528
297354, 986.924, 18, -1,-1,-1,40.3252,0.458257,0.015849,8.68e+08,10,125000,1,0,7.2889,-18357.9,0,-135.054,-133,0.436224
297366, 987.384, 6, -1,-1,-1,58.2129,16.2971,0.025119,8.68e+08,12,125000,1,0,-10.5535,-19220.6,0,-138.374,-137,1.58106
297373, 987.432, 53, -1,-1,-1,63.4292,-20.8181,0.019953,8.68e+08,10,125000,1,0,-15.6351,-16777.6,0,-140.749,-133,0.436224
297380, 987.624, 8, -1,-1,-1,60.4856,7.73014,0.025119,8.68e+08,11,125000,1,0,-11.5185,-18941,0,-138.643,-135,0.790528
297388, 988.105, 19, -1,-1,-1,38.1762,0.856056,0.025119,8.68e+08,11,125000,1,0,10.2909,-18223,1,-132.192,-135,0.790528
297390, 988.111, 2, -1,-1,-1,51.5344,12.7308,0.019953,8.68e+08,12,125000,1,0,-5.0571,-19488.6,0,-137.774,-137,1.58106
297397, 988.149, 38, -1,-1,-1,44.5391,14.5207,0.025119,8.68e+08,10,125000,1,0,0.577948,-19470.8,0,-135.069,-133,0.436224
297404, 988.225, 16, -1,-1,-1,42.4575,7.48746,0.019953,8.68e+08,11,125000,1,0,4.43679,-19464.3,0,-134.9,-135,0.790528
297426, 988.908, 22, -1,-1,-1,49.8807,11.1424,0.019953,8.68e+08,11,125000,1,0,-3.52015,-19534.3,0,-137.312,-135,0.790528
297428, 988.971, 24, -1,-1,-1,47.5807,13.3667,0.025119,8.68e+08,12,125000,1,0,-1.86533,-19557.6,0,-135.811,-137,1.58106
297430, 988.998, 41, -1,-1,-1,59.5484,25.9088,0.019953,8.68e+08,11,125000,1,0,-13.0908,-19014,0,-140.076,-135,0.790528
297432, 989.359, 45, -1,-1,-1,51.1713,24.9679,0.025119,8.68e+08,11,125000,1,0,-7.71642,-19030.2,0,-137.562,-135,0.790528
297449, 990.084, 27, -1,-1,-1,50.6159,6.80471,0.025119,8.68e+08,12,125000,1,0,-3.74111,-19360.1,0,-136.378,-137,1.58106
297451, 990.14, 10, -1,-1,-1,28.9812,30.4875,0.019953,8.68e+08,12,125000,1,0,0.455453,-11803.2,0,-136.117,-137,1.58106
297458, 990.405, 58, -1,-1,-1,60.5259,-7.32063,0.025119,8.68e+08,10,125000,1,0,-12.1179,-17983.4,0,-138.809,-133,0.436224
297460, 990.438, 1, -1,-1,-1,47.2765,2.22214,0.015849,8.68e+08,12,125000,1,0,-0.564515,-19010.1,0,-137.415,-137,1.58106
297462, 990.827, 31, -1,-1,-1,54.7544,21.0473,0.025119,8.68e+08,11,125000,1,0,-9.15734,-19290.5,0,-137.978,-135,0.790528
297464, 991.013, 20, -1,-1,-1,37.9471,-10.2414,0.015849,8.68e+08,11,125000,1,0,5.65267,-14268.3,0,-135.54,-135,0.790528
297476, 991.338, 40, -1,-1,-1,60.8808,23.4982,0.015849,8.68e+08,12,125000,1,0,-13.5451,-19044,0,-141.198,-137,1.58106
297478, 991.965, 13, -1,-1,-1,57.0723,-1.70621,0.015849,8.68e+08,11,125000,1,0,-9.22637,-18539,0,-139.996,-135,0.790528
297480, 992.05, 52, -1,-1,-1,39.7577,32.3711,0.019953,8.68e+08,11,125000,1,0,-4.76933,-16375.2,0,-137.696,-135,0.790528
297497, 992.834, 17, -1,-1,-1,50.975,1.0294,0.019953,8.68e+08,10,125000,1,0,-4.20951,-18906.1,0,-137.519,-133,0.436224
297509, 993.322, 37, -1,-1,-1,39.3182,23.7585,0.025119,8.68e+08,11,125000,1,0,0.421026,-17689.4,0,-135.121,-135,0.790528
297516, 993.56, 48, -1,-1,-1,58.3997,11.2994,0.015849,8.68e+08,10,125000,1,0,-10.4937,-19222.1,0,-140.356,-133,0.436224
297523, 993.828, 28, -1,-1,-1,56.1214,14.8064,0.019953,8.68e+08,10,125000,1,0,-9.21457,-19382.4,0,-138.993,-133,0.436224
297526, 993.953, 21, -1,-1,-1,39.9798,-9.60875,0.019953,8.68e+08,12,125000,1,0,3.88798,-15309.3,1,-135.067,-137,1.58106
297528, 994.106, 34, -1,-1,-1,48.7562,19.7846,0.025119,8.68e+08,11,125000,1,0,-4.77553,-19349.7,0,-136.691,-135,0.790528
297530, 994.22, 51, -1,-1,-1,41.8919,29.6462,0.019953,8.68e+08,10,125000,1,0,-4.40231,-17393.3,0,-137.584,-133,0.436224
297547, 994.759, 43, -1,-1,-1,55.6658,27.4582,0.015849,8.68e+08,10,125000,1,0,-11.3922,-19037.2,0,-140.61,-133,0.436224
297549, 994.905, 9, -1,-1,-1,39.6549,24.3091,0.025119,8.68e+08,10,125000,1,0,-0.229125,-17714.4,0,-135.318,-133,0.436224
297556, 995.765, 26, -1,-1,-1,45.7065,9.06593,0.025119,8.68e+08,11,125000,1,0,0.228591,-19629.9,0,-135.173,-135,0.790528
297563, 995.971, 14, -1,-1,-1,53.0462,-6.68945,0.015849,8.68e+08,12,125000,1,0,-6.7637,-17967.1,0,-139.28,-137,1.58106
297565, 996.275, 33, -1,-1,-1,47.239,17.4643,0.019953,8.68e+08,10,125000,1,0,-3.07975,-19475.7,0,-137.18,-133,0.436224
297582, 997.343, 59, -1,-1,-1,68.2639,21.0486,0.015849,8.68e+08,11,125000,1,0,-18.044,-18679.7,0,-142.357,-135,0.790528
297595, 997.994, 55, -1,-1,-1,29.3703,-15.3954,0.025119,8.68e+08,11,125000,1,0,8.03817,-7024.41,1,-132.844,-135,0.790528
297598, 998.165, 50, -1,-1,-1,39.4666,15.4567,0.025119,8.68e+08,12,125000,1,0,4.56227,-19095.2,1,-133.864,-137,1.58106
297610, 998.383, 32, -1,-1,-1,51.2589,12.3527,0.019953,8.68e+08,11,125000,1,0,-5.35012,-19594.4,0,-137.861,-135,0.790528
297617, 998.604, 35, -1,-1,-1,45.7431,26.4773,0.019953,8.68e+08,10,125000,1,0,-5.31979,-18559,0,-137.856,-133,0.436224
297624, 998.782, 4, -1,-1,-1,41.4412,12.9351,0.019953,8.68e+08,10,125000,1,0,3.43347,-19536.2,0,-135.202,-133,0.436224
297626, 998.969, 38, -1,-1,-1,44.5391,14.5207,0.025119,8.68e+08,10,125000,1,0,-0.085639,-19589.3,0,-135.27,-133,0.436224
297628, 999.048, 57, -1,-1,-1,35.1402,33.8726,0.025119,8.68e+08,12,125000,1,0,-4.22226,-14668.1,0,-136.533,-137,1.58106
297655, 1000, 25, -1,-1,-1,47.5334,10.9197,0.019953,8.68e+08,10,125000,1,0,-2.0553,-19688.4,0,-136.868,-133,0.436224
297658, 1000.2, 56, -1,-1,-1,36.3084,12.5542,0.019953,8.68e+08,12,125000,1,0,9.49203,-19011.7,1,-133.419,-137,1.58106
297660, 1000.67, 1, -1,-1,-1,47.2765,2.22214,0.015849,8.68e+08,12,125000,1,0,-1.15404,-19137,0,-137.593,-137,1.58106
297662, 1000.78, 44, -1,-1,-1,50.511,28.5311,0.019953,8.68e+08,12,125000,1,0,-8.92967,-18819.1,0,-138.914,-137,1.58106
297664, 1000.84, 2, -1,-1,-1,51.5344,12.7308,0.019953,8.68e+08,12,125000,1,0,-5.71369,-19602.4,0,-137.969,-137,1.58106
297791, 1001.28, 6, -1,-1,-1,58.2129,16.2971,0.025119,8.68e+08,12,125000,1,0,-11.1802,-19334.8,0,-138.549,-137,1.58106
297828, 1001.87, 49, -1,-1,-1,46.408,9.75733,0.015849,8.68e+08,11,125000,1,0,-0.920867,-19493.9,0,-137.523,-135,0.790528
297830, 1001.88, 12, -1,-1,-1,52.0633,-2.10831,0.019953,8.68e+08,10,125000,1,0,-5.78279,-18428.1,0,-137.989,-133,0.436224
297842, 1002.12, 23, -1,-1,-1,52.8622,11.1827,0.019953,8.68e+08,10,125000,1,0,-6.6908,-19345.8,0,-138.258,-133,0.436224
297844, 1002.17, 54, -1,-1,-1,33.9169,-17.5406,0.019953,8.68e+08,11,125000,1,0,3.18848,-9671.67,0,-135.282,-135,0.790528
297846, 1002.46, 31, -1,-1,-1,54.7544,21.0473,0.025119,8.68e+08,11,125000,1,0,-9.69722,-19171.9,0,-138.131,-135,0.790528
297853, 1002.53, 30, -1,-1,-1,49.4973,17.4698,0.015849,8.68e+08,11,125000,1,0,-5.16004,-19355.6,0,-138.805,-135,0.790528
297865, 1002.79, 3, -1,-1,-1,41.7537,-4.41958,0.015849,8.68e+08,11,125000,1,0,3.45426,-17372.1,0,-136.195,-135,0.790528
297867, 1002.91, 53, -1,-1,-1,63.4292,-20.8181,0.019953,8.68e+08,10,125000,1,0,-16.2046,-16727.6,0,-140.894,-133,0.436224
297869, 1002.97, 29, -1,-1,-1,50.7851,21.7882,0.015849,8.68e+08,12,125000,1,0,-7.17727,-19140.4,0,-139.403,-137,1.58106
297871, 1003, 36, -1,-1,-1,43.7267,24.2592,0.019953,8.68e+08,12,125000,1,0,-3.26512,-18401,0,-137.238,-137,1.58106
297878, 1003.34, 16, -1,-1,-1,42.4575,7.48746,0.019953,8.68e+08,11,125000,1,0,3.37101,-19441.2,0,-135.219,-135,0.790528
297880, 1003.37, 41, -1,-1,-1,59.5484,25.9088,0.019953,8.68e+08,11,125000,1,0,-13.7063,-18903.8,0,-140.24,-135,0.790528
297882, 1003.51, 5, -1,-1,-1,53.5397,3.21519,0.015849,8.68e+08,12,125000,1,0,-6.79795,-18939.9,0,-139.289,-137,1.58106
297889, 1003.68, 18, -1,-1,-1,40.3252,0.458257,0.015849,8.68e+08,10,125000,1,0,6.03195,-18459.2,0,-135.423,-133,0.436224
297906, 1004.4, 13, -1,-1,-1,57.0723,-1.70621,0.015849,8.68e+08,11,125000,1,0,-9.78013,-18448.2,0,-140.153,-135,0.790528
297913, 1005.59, 42, -1,-1,-1,57.7616,26.6615,0.019953,8.68e+08,12,125000,1,0,-12.8631,-18928,0,-140.013,-137,1.58106
297925, 1005.73, 0, -1,-1,-1,52.8019,-0.140325,0.019953,8.68e+08,12,125000,1,0,-6.38821,-18679.3,0,-138.168,-137,1.58106
297928, 1005.84, 39, -1,-1,-1,43.5465,21.5478,0.025119,8.68e+08,12,125000,1,0,-2.12747,-18752,1,-135.893,-137,1.58106
297935, 1006.12, 51, -1,-1,-1,41.8919,29.6462,0.019953,8.68e+08,10,125000,1,0,-4.95971,-17387,0,-137.75,-133,0.436224
297937, 1006.14, 48, -1,-1,-1,58.3997,11.2994,0.015849,8.68e+08,10,125000,1,0,-11.06,-19105.3,0,-140.514,-133,0.436224
297939, 1006.16, 11, -1,-1,-1,56.9993,38.0547,0.019953,8.68e+08,12,125000,1,0,-15.3195,-18304.9,0,-140.668,-137,1.58106
297941, 1006.46, 17, -1,-1,-1,50.975,1.0294,0.019953,8.68e+08,10,125000,1,0,-4.90534,-18847.3,0,-137.727,-133,0.436224
297958, 1007.88, 26, -1,-1,-1,45.7065,9.06593,0.025119,8.68e+08,11,125000,1,0,-0.507708,-19548.7,0,-135.397,-135,0.790528
297960, 1007.96, 47, -1,-1,-1,60.7194,5.65594,0.015849,8.68e+08,11,125000,1,0,-12.5087,-18797.2,0,-140.915,-135,0.790528
297972, 1008.53, 45, -1,-1,-1,51.1713,24.9679,0.025119,8.68e+08,11,125000,1,0,-8.61849,-19003.4,0,-137.823,-135,0.790528
297974, 1008.98, 22, -1,-1,-1,49.8807,11.1424,0.019953,8.68e+08,11,125000,1,0,-4.59502,-19510.4,0,-137.634,-135,0.790528
297982, 1009.64, 21, -1,-1,-1,39.9798,-9.60875,0.019953,8.68e+08,12,125000,1,0,3.02755,-15555.1,1,-135.325,-137,1.58106
297999, 1010.45, 20, -1,-1,-1,37.9471,-10.2414,0.015849,8.68e+08,11,125000,1,0,4.58006,-14727.4,0,-135.858,-135,0.790528
298006, 1010.6, 57, -1,-1,-1,35.1402,33.8726,0.025119,8.68e+08,12,125000,1,0,-4.68178,-14756,0,-136.67,-137,1.58106
298008, 1010.96, 8, -1,-1,-1,60.4856,7.73014,0.025119,8.68e+08,11,125000,1,0,-12.5351,-18918,0,-138.922,-135,0.790528
298010, 1011.31, 37, -1,-1,-1,39.3182,23.7585,0.025119,8.68e+08,11,125000,1,0,-0.571422,-17813.7,0,-135.421,-135,0.790528
298012, 1011.71, 40, -1,-1,-1,60.8808,23.4982,0.015849,8.68e+08,12,125000,1,0,-14.4108,-18978.7,0,-141.427,-137,1.58106
298029, 1013.25, 30, -1,-1,-1,49.4973,17.4698,0.015849,8.68e+08,11,125000,1,0,-5.71014,-19455.4,0,-138.968,-135,0.790528
298031, 1013.49, 24, -1,-1,-1,47.5807,13.3667,0.025119,8.68e+08,12,125000,1,0,-3.241,-19586.8,0,-136.227,-137,1.58106
298038, 1013.75, 27, -1,-1,-1,50.6159,6.80471,0.025119,8.68e+08,12,125000,1,0,-4.9866,-19380.3,0,-136.751,-137,1.58106
298045, 1014.44, 54, -1,-1,-1,33.9169,-17.5406,0.019953,8.68e+08,11,125000,1,0,2.76034,-10236.3,0,-135.411,-135,0.790528
298052, 1014.51, 35, -1,-1,-1,45.7431,26.4773,0.019953,8.68e+08,10,125000,1,0,-6.09046,-18550.6,0,-138.084,-133,0.436224
298059, 1014.94, 28, -1,-1,-1,56.1214,14.8064,0.019953,8.68e+08,10,125000,1,0,-10.1912,-19339.6,0,-139.27,-133,0.436224
298081, 1015.5, 9, -1,-1,-1,39.6549,24.3091,0.025119,8.68e+08,10,125000,1,0,-1.33854,-17875.5,0,-135.655,-133,0.436224
298083, 1015.97, 52, -1,-1,-1,39.7577,32.3711,0.019953,8.68e+08,11,125000,1,0,-5.81306,-16626.9,0,-138.005,-135,0.790528
298085, 1016.03, 34, -1,-1,-1,48.7562,19.7846,0.025119,8.68e+08,11,125000,1,0,-5.89529,-19354.6,0,-137.023,-135,0.790528
298087, 1016.05, 16, -1,-1,-1,42.4575,7.48746,0.019953,8.68e+08,11,125000,1,0,2.50717,-19593.6,0,-135.479,-135,0.790528
298089, 1016.18, 1, -1,-1,-1,47.2765,2.22214,0.015849,8.68e+08,12,125000,1,0,-2.02757,-19112.7,0,-137.858,-137,1.58106
298111, 1017.64, 32, -1,-1,-1,51.2589,12.3527,0.019953,8.68e+08,11,125000,1,0,-6.33079,-19554,0,-138.151,-135,0.790528
298118, 1017.76, 29, -1,-1,-1,50.7851,21.7882,0.015849,8.68e+08,12,125000,1,0,-7.89007,-19278.4,0,-139.61,-137,1.58106
298130, 1018.19, 51, -1,-1,-1,41.8919,29.6462,0.019953,8.68e+08,10,125000,1,0,-5.51906,-17578.8,0,-137.916,-133,0.436224
298132, 1018.34, 5, -1,-1,-1,53.5397,3.21519,0.015849,8.68e+08,12,125000,1,0,-7.5114,-19089.7,0,-139.498,-137,1.58106
298135, 1018.38, 50, -1,-1,-1,39.4666,15.4567,0.025119,8.68e+08,12,125000,1,0,3.17098,-19183.3,1,-134.281,-137,1.58106
298152, 1018.86, 33, -1,-1,-1,47.239,17.4643,0.019953,8.68e+08,10,125000,1,0,-4.29407,-19492.6,0,-137.545,-133,0.436224
298154, 1018.88, 38, -1,-1,-1,44.5391,14.5207,0.025119,8.68e+08,10,125000,1,0,-1.26891,-19595.1,0,-135.629,-133,0.436224
298157, 1018.92, 55, -1,-1,-1,29.3703,-15.3954,0.025119,8.68e+08,11,125000,1,0,7.37219,-8053.37,1,-133.037,-135,0.790528
298169, 1019.4, 44, -1,-1,-1,50.511,28.5311,0.019953,8.68e+08,12,125000,1,0,-9.77021,-18797.6,0,-139.153,-137,1.58106
298171, 1019.77, 53, -1,-1,-1,63.4292,-20.8181,0.019953,8.68e+08,10,125000,1,0,-16.8216,-16937.8,0,-141.05,-133,0.436224
298183, 1020.14, 42, -1,-1,-1,57.7616,26.6615,0.019953,8.68e+08,12,125000,1,0,-13.4872,-19050.2,0,-140.181,-137,1.58106
298185, 1020.33, 23, -1,-1,-1,52.8622,11.1827,0.019953,8.68e+08,10,125000,1,0,-7.58549,-19505.7,0,-138.519,-133,0.436224
298187, 1020.56, 25, -1,-1,-1,47.5334,10.9197,0.019953,8.68e+08,10,125000,1,0,-3.20643,-19467.9,0,-137.215,-133,0.436224
298189, 1020.66, 6, -1,-1,-1,58.2129,16.2971,0.025119,8.68e+08,12,125000,1,0,-12.0417,-19270.5,0,-138.786,-137,1.58106
298202, 1022.32, 56, -1,-1,-1,36.3084,12.5542,0.019953,8.68e+08,12,125000,1,0,7.6362,-18971.4,1,-133.953,-137,1.58106
298219, 1023.15, 8, -1,-1,-1,60.4856,7.73014,0.025119,8.68e+08,11,125000,1,0,-13.0588,-18793.1,0,-139.063,-135,0.790528
298221, 1023.49, 37, -1,-1,-1,39.3182,23.7585,0.025119,8.68e+08,11,125000,1,0,-1.2284,-17820.3,0,-135.621,-135,0.790528
298223, 1023.56, 31, -1,-1,-1,54.7544,21.0473,0.025119,8.68e+08,11,125000,1,0,-10.6606,-19131,0,-138.402,-135,0.790528
298225, 1023.75, 21, -1,-1,-1,39.9798,-9.60875,0.019953,8.68e+08,12,125000,1,0,2.26469,-15729.8,0,-135.555,-137,1.58106
298237, 1024.78, 22, -1,-1,-1,49.8807,11.1424,0.019953,8.68e+08,11,125000,1,0,-5.41817,-19441.8,0,-137.879,-135,0.790528
298254, 1025.79, 2, -1,-1,-1,51.5344,12.7308,0.019953,8.68e+08,12,125000,1,0,-6.96685,-19396.2,0,-138.338,-137,1.58106
298266, 1026.14, 41, -1,-1,-1,59.5484,25.9088,0.019953,8.68e+08,11,125000,1,0,-14.6686,-18859.8,0,-140.494,-135,0.790528
298273, 1026.51, 34, -1,-1,-1,48.7562,19.7846,0.025119,8.68e+08,11,125000,1,0,-6.41914,-19244.3,0,-137.178,-135,0.790528
298275, 1026.65, 47, -1,-1,-1,60.7194,5.65594,0.015849,8.68e+08,11,125000,1,0,-13.3061,-18732.7,0,-141.13,-135,0.790528
298282, 1027, 36, -1,-1,-1,43.7267,24.2592,0.019953,8.68e+08,12,125000,1,0,-4.48994,-18510.4,0,-137.606,-137,1.58106
298284, 1027.06, 3, -1,-1,-1,41.7537,-4.41958,0.015849,8.68e+08,11,125000,1,0,1.98164,-17654.5,0,-136.639,-135,0.790528
298296, 1027.54, 18, -1,-1,-1,40.3252,0.458257,0.015849,8.68e+08,10,125000,1,0,4.33857,-18660.3,0,-135.926,-133,0.436224
298299, 1027.6, 39, -1,-1,-1,43.5465,21.5478,0.025119,8.68e+08,12,125000,1,0,-3.29632,-18818.8,1,-136.245,-137,1.58106
298301, 1027.88, 48, -1,-1,-1,58.3997,11.2994,0.015849,8.68e+08,10,125000,1,0,-12.0232,-19062.7,0,-140.78,-133,0.436224
298313, 1028.35, 0, -1,-1,-1,52.8019,-0.140325,0.019953,8.68e+08,12,125000,1,0,-7.46651,-18710.6,0,-138.484,-137,1.58106
298315, 1028.94, 30, -1,-1,-1,49.4973,17.4698,0.015849,8.68e+08,11,125000,1,0,-6.50026,-19387.3,0,-139.201,-135,0.790528
298327, 1029.62, 11, -1,-1,-1,56.9993,38.0547,0.019953,8.68e+08,12,125000,1,0,-16.2615,-18289.9,0,-140.909,-137,1.58106
298330, 1030.14, 55, -1,-1,-1,29.3703,-15.3954,0.025119,8.68e+08,11,125000,1,0,6.98772,-8469.65,1,-133.149,-135,0.790528
298332, 1030.37, 45, -1,-1,-1,51.1713,24.9679,0.025119,8.68e+08,11,125000,1,0,-9.62445,-18995.1,0,-138.11,-135,0.790528
298344, 1031.56, 20, -1,-1,-1,37.9471,-10.2414,0.015849,8.68e+08,11,125000,1,0,3.4319,-15184.9,0,-136.202,-135,0.790528
298351, 1032.15, 28, -1,-1,-1,56.1214,14.8064,0.019953,8.68e+08,10,125000,1,0,-10.9722,-19260.7,0,-139.488,-133,0.436224
298364, 1032.64, 50, -1,-1,-1,39.4666,15.4567,0.025119,8.68e+08,12,125000,1,0,2.23073,-19173.5,1,-134.565,-137,1.58106
298371, 1033.79, 1, -1,-1,-1,47.2765,2.22214,0.015849,8.68e+08,12,125000,1,0,-2.99212,-19105.1,0,-138.149,-137,1.58106
298373, 1033.83, 57, -1,-1,-1,35.1402,33.8726,0.025119,8.68e+08,12,125000,1,0,-5.60426,-15101.2,0,-136.944,-137,1.58106
298385, 1034.76, 32, -1,-1,-1,51.2589,12.3527,0.019953,8.68e+08,11,125000,1,0,-7.18133,-19490.4,0,-138.4,-135,0.790528
298397, 1035.19, 27, -1,-1,-1,50.6159,6.80471,0.025119,8.68e+08,12,125000,1,0,-6.07823,-19370.9,0,-137.074,-137,1.58106
298404, 1035.9, 6, -1,-1,-1,58.2129,16.2971,0.025119,8.68e+08,12,125000,1,0,-12.7086,-19169.4,0,-138.968,-137,1.58106
298406, 1035.91, 16, -1,-1,-1,42.4575,7.48746,0.019953,8.68e+08,11,125000,1,0,1.21197,-19610.7,0,-135.871,-135,0.790528
298408, 1036.59, 54, -1,-1,-1,33.9169,-17.5406,0.019953,8.68e+08,11,125000,1,0,1.96265,-10978.4,0,-135.651,-135,0.790528
298410, 1036.59, 24, -1,-1,-1,47.5807,13.3667,0.025119,8.68e+08,12,125000,1,0,-4.48582,-19593.2,0,-136.6,-137,1.58106
298422, 1038.35, 36, -1,-1,-1,43.7267,24.2592,0.019953,8.68e+08,12,125000,1,0,-5.05582,-18652.1,0,-137.774,-137,1.58106
298424, 1039.21, 42, -1,-1,-1,57.7616,26.6615,0.019953,8.68e+08,12,125000,1,0,-14.2947,-18981.8,0,-140.395,-137,1.58106
298451, 1041.81, 8, -1,-1,-1,60.4856,7.73014,0.025119,8.68e+08,11,125000,1,0,-13.851,-18721.5,0,-139.275,-135,0.790528
298453, 1041.96, 25, -1,-1,-1,47.5334,10.9197,0.019953,8.68e+08,10,125000,1,0,-4.36235,-19457.4,0,-137.562,-133,0.436224
298456, 1042.22, 21, -1,-1,-1,39.9798,-9.60875,0.019953,8.68e+08,12,125000,1,0,1.28349,-15995,1,-135.852,-137,1.58106
298463, 1042.4, 41, -1,-1,-1,59.5484,25.9088,0.019953,8.68e+08,11,125000,1,0,-15.3466,-18758.4,0,-140.67,-135,0.790528
298465, 1042.57, 44, -1,-1,-1,50.511,28.5311,0.019953,8.68e+08,12,125000,1,0,-10.797,-18595.9,0,-139.441,-137,1.58106
298477, 1043.18, 38, -1,-1,-1,44.5391,14.5207,0.025119,8.68e+08,10,125000,1,0,-2.65265,-19428.6,0,-136.047,-133,0.436224
298479, 1043.88, 57, -1,-1,-1,35.1402,33.8726,0.025119,8.68e+08,12,125000,1,0,-6.0019,-15123.7,0,-137.062,-137,1.58106
298481, 1044.53, 2, -1,-1,-1,51.5344,12.7308,0.019953,8.68e+08,12,125000,1,0,-7.88238,-19342.3,0,-138.605,-137,1.58106
298508, 1045.6, 31, -1,-1,-1,54.7544,21.0473,0.025119,8.68e+08,11,125000,1,0,-11.6466,-19093.4,0,-138.676,-135,0.790528
298510, 1045.69, 34, -1,-1,-1,48.7562,19.7846,0.025119,8.68e+08,11,125000,1,0,-7.3601,-19211.4,0,-137.454,-135,0.790528
298512, 1046.33, 3, -1,-1,-1,41.7537,-4.41958,0.015849,8.68e+08,11,125000,1,0,0.856664,-17802.4,0,-136.979,-135,0.790528
298514, 1046.6, 39, -1,-1,-1,43.5465,21.5478,0.025119,8.68e+08,12,125000,1,0,-4.2864,-18838.2,0,-136.542,-137,1.58106
298517, 1046.63, 56, -1,-1,-1,36.3084,12.5542,0.019953,8.68e+08,12,125000,1,0,5.74587,-19144.1,1,-134.508,-137,1.58106
298524, 1047.49, 37, -1,-1,-1,39.3182,23.7585,0.025119,8.68e+08,11,125000,1,0,-2.4918,-18004.9,0,-136.003,-135,0.790528
298556, 1048.46, 30, -1,-1,-1,49.4973,17.4698,0.015849,8.68e+08,11,125000,1,0,-7.46142,-19349,0,-139.482,-135,0.790528
298558, 1048.58, 47, -1,-1,-1,60.7194,5.65594,0.015849,8.68e+08,11,125000,1,0,-14.2282,-18693,0,-141.375,-135,0.790528
298561, 1049.46, 50, -1,-1,-1,39.4666,15.4567,0.025119,8.68e+08,12,125000,1,0,1.16029,-19187.1,1,-134.889,-137,1.58106
298563, 1049.81, 27, -1,-1,-1,50.6159,6.80471,0.025119,8.68e+08,12,125000,1,0,-6.80487,-19292.1,0,-137.288,-137,1.58106
298565, 1049.87, 11, -1,-1,-1,56.9993,38.0547,0.019953,8.68e+08,12,125000,1,0,-17.065,-18239.4,0,-141.111,-137,1.58106
298567, 1049.98, 6, -1,-1,-1,58.2129,16.2971,0.025119,8.68e+08,12,125000,1,0,-13.3176,-19055.6,0,-139.132,-137,1.58106
298699, 1056.07, 42, -1,-1,-1,57.7616,26.6615,0.019953,8.68e+08,12,125000,1,0,-14.9999,-18891.6,0,-140.579,-137,1.58106
298716, 1057.36, 44, -1,-1,-1,50.511,28.5311,0.019953,8.68e+08,12,125000,1,0,-11.442,-18741.1,0,-139.62,-137,1.58106
298723, 1057.54, 3, -1,-1,-1,41.7537,-4.41958,0.015849,8.68e+08,11,125000,1,0,0.219305,-18001.7,0,-137.173,-135,0.790528
298725, 1057.9, 24, -1,-1,-1,47.5807,13.3667,0.025119,8.68e+08,12,125000,1,0,-5.5952,-19576,0,-136.93,-137,1.58106
298727, 1058.04, 54, -1,-1,-1,33.9169,-17.5406,0.019953,8.68e+08,11,125000,1,0,1.1652,-11630.1,0,-135.892,-135,0.790528
298735, 1058.99, 56, -1,-1,-1,36.3084,12.5542,0.019953,8.68e+08,12,125000,1,0,4.83604,-19323.5,1,-134.778,-137,1.58106
298737, 1059.01, 38, -1,-1,-1,44.5391,14.5207,0.025119,8.68e+08,10,125000,1,0,-3.52302,-19583.6,0,-136.31,-133,0.436224
298754, 1059.71, 25, -1,-1,-1,47.5334,10.9197,0.019953,8.68e+08,10,125000,1,0,-5.2922,-19618.9,0,-137.84,-133,0.436224
298761, 1060.24, 37, -1,-1,-1,39.3182,23.7585,0.025119,8.68e+08,11,125000,1,0,-3.14655,-18197.8,0,-136.2,-135,0.790528
298764, 1060.62, 21, -1,-1,-1,39.9798,-9.60875,0.019953,8.68e+08,12,125000,1,0,0.324404,-16443.1,1,-136.142,-137,1.58106
298766, 1060.78, 31, -1,-1,-1,54.7544,21.0473,0.025119,8.68e+08,11,125000,1,0,-12.3148,-19219.1,0,-138.859,-135,0.790528
298778, 1063.23, 30, -1,-1,-1,49.4973,17.4698,0.015849,8.68e+08,11,125000,1,0,-8.17306,-19263.5,0,-139.689,-135,0.790528
298780, 1064.33, 2, -1,-1,-1,51.5344,12.7308,0.019953,8.68e+08,12,125000,1,0,-8.82748,-19293.2,0,-138.877,-137,1.58106
298793, 1066.19, 50, -1,-1,-1,39.4666,15.4567,0.025119,8.68e+08,12,125000,1,0,0.134141,-19188.5,1,-135.2,-137,1.58106
298795, 1066.95, 34, -1,-1,-1,48.7562,19.7846,0.025119,8.68e+08,11,125000,1,0,-8.37808,-19191.5,0,-137.749,-135,0.790528
298802, 1069.51, 44, -1,-1,-1,50.511,28.5311,0.019953,8.68e+08,12,125000,1,0,-11.9662,-18638,0,-139.765,-137,1.58106
298814, 1071.14, 11, -1,-1,-1,56.9993,38.0547,0.019953,8.68e+08,12,125000,1,0,-17.9002,-18193.4,0,-141.318,-137,1.58106
298821, 1072.4, 21, -1,-1,-1,39.9798,-9.60875,0.019953,8.68e+08,12,125000,1,0,-0.279863,-16498.3,0,-136.325,-137,1.58106
298823, 1073.56, 24, -1,-1,-1,47.5807,13.3667,0.025119,8.68e+08,12,125000,1,0,-6.38965,-19503.7,0,-137.165,-137,1.58106
298830, 1079.04, 42, -1,-1,-1,57.7616,26.6615,0.019953,8.68e+08,12,125000,1,0,-15.9482,-18848,0,-140.824,-137,1.58106
298837, 1080.22, 25, -1,-1,-1,47.5334,10.9197,0.019953,8.68e+08,10,125000,1,0,-6.33777,-19589.6,0,-138.149,-133,0.436224
298849, 1082.96, 11, -1,-1,-1,56.9993,38.0547,0.019953,8.68e+08,12,125000,1,0,-18.3604,-18056.8,0,-141.431,-137,1.58106
298856, 1083.94, 31, -1,-1,-1,54.7544,21.0473,0.025119,8.68e+08,11,125000,1,0,-13.3181,-18957.7,0,-139.13,-135,0.790528
298859, 1084.03, 21, -1,-1,-1,39.9798,-9.60875,0.019953,8.68e+08,12,125000,1,0,-0.868536,-16538.1,1,-136.504,-137,1.58106
298866, 1085.32, 34, -1,-1,-1,48.7562,19.7846,0.025119,8.68e+08,11,125000,1,0,-9.23859,-19139.5,0,-137.995,-135,0.790528
298873, 1087.96, 2, -1,-1,-1,51.5344,12.7308,0.019953,8.68e+08,12,125000,1,0,-9.92896,-19272.2,0,-139.191,-137,1.58106
298880, 1091.36, 24, -1,-1,-1,47.5807,13.3667,0.025119,8.68e+08,12,125000,1,0,-7.27214,-19445.8,0,-137.424,-137,1.58106
298892, 1096.86, 34, -1,-1,-1,48.7562,19.7846,0.025119,8.68e+08,11,125000,1,0,-9.7706,-19241.4,0,-138.147,-135,0.790528
298894, 1098.37, 11, -1,-1,-1,56.9993,38.0547,0.019953,8.68e+08,12,125000,1,0,-18.9569,-18195.8,0,-141.575,-137,1.58106
299021, 1102.34, 25, -1,-1,-1,47.5334,10.9197,0.019953,8.68e+08,10,125000,1,0,-7.43282,-19354.3,0,-138.47,-133,0.436224
299028, 1111.05, 11, -1,-1,-1,56.9993,38.0547,0.019953,8.68e+08,12,125000,1,0,-19.445,-18063.8,0,-141.692,-137,1.58106
