pid,time,srcId,dstId,srcSat,dstSat,latDev,longDev,loraTP,loraCF,loraSF,loraBW,loraCR,satId,elevSat,doppler,rcvOk,minPowerdBm,sensitivitydBm,duration
161206, 2.03279, 25, -1,-1,-1,46.7789,8.28843,0.015849,8.68e+08,11,125000,1,0,3.64857,19814.2,0,-135.939,-135,0.790528
161223, 2.12222, 38, -1,-1,-1,45.3001,15.8952,0.025119,8.68e+08,11,125000,1,0,2.51789,18655.2,0,-134.287,-135,0.790528
161230, 2.13976, 53, -1,-1,-1,64.7134,-23.4263,0.025119,8.68e+08,11,125000,1,0,12.1739,6599.82,0,-131.427,-135,0.790528
161252, 2.25715, 1, -1,-1,-1,49.3772,1.54038,0.025119,8.68e+08,10,125000,1,0,5.57397,19823.6,0,-133.352,-133,0.436224
161254, 2.29279, 28, -1,-1,-1,56.0984,11.391,0.025119,8.68e+08,11,125000,1,0,18.429,18841,0,-129.773,-135,0.790528
161271, 2.4312, 22, -1,-1,-1,50.1724,11.2032,0.019953,8.68e+08,11,125000,1,0,8.25315,19424.8,0,-133.548,-135,0.790528
161288, 2.52319, 42, -1,-1,-1,57.8004,23.0841,0.019953,8.68e+08,10,125000,1,0,22.6258,14398.1,0,-129.78,-133,0.436224
161300, 2.61004, 52, -1,-1,-1,38.8743,33.4102,0.025119,8.68e+08,11,125000,1,0,-4.79549,13313.7,0,-136.548,-135,0.790528
161302, 2.61151, 43, -1,-1,-1,55.5373,25.9108,0.019953,8.68e+08,10,125000,1,0,16.7788,13801.8,0,-131.189,-133,0.436224
161309, 2.62181, 33, -1,-1,-1,49.0691,16.5595,0.015849,8.68e+08,10,125000,1,0,7.12276,18396.5,0,-134.884,-133,0.436224
161321, 2.66113, 47, -1,-1,-1,60.1499,6.23873,0.025119,8.68e+08,11,125000,1,0,26.5998,17756.9,0,-127.926,-135,0.790528
161323, 2.67232, 36, -1,-1,-1,43.812,25.0559,0.019953,8.68e+08,12,125000,1,0,0.619877,16064.3,0,-135.876,-137,1.58106
161335, 2.78166, 51, -1,-1,-1,40.4208,27.6114,0.015849,8.68e+08,10,125000,1,0,-2.78631,15324,0,-137.931,-133,0.436224
161352, 2.87487, 10, -1,-1,-1,30.029,30.9233,0.019953,8.68e+08,12,125000,1,0,-11.4048,14570.8,0,-139.493,-137,1.58106
161354, 2.89365, 5, -1,-1,-1,51.8039,6.80183,0.015849,8.68e+08,11,125000,1,0,9.9377,19722.2,0,-134.057,-135,0.790528
161362, 2.90706, 59, -1,-1,-1,69.9209,23.5589,0.025119,8.68e+08,10,125000,1,0,66.9076,-5654.08,1,-122.979,-133,0.436224
161364, 2.91431, 27, -1,-1,-1,50.7509,3.14531,0.019953,8.68e+08,11,125000,1,0,7.68052,19795.9,0,-133.719,-135,0.790528
161366, 2.92598, 48, -1,-1,-1,56.7773,13.3766,0.025119,8.68e+08,12,125000,1,0,20.3104,18360.2,0,-129.316,-137,1.58106
161368, 2.96356, 24, -1,-1,-1,47.7606,11.929,0.019953,8.68e+08,12,125000,1,0,5.17585,19379.8,0,-134.472,-137,1.58106
161371, 2.96969, 8, -1,-1,-1,59.4499,10.2152,0.025119,8.68e+08,12,125000,1,0,26.5678,18035.3,1,-127.933,-137,1.58106
161373, 2.97313, 49, -1,-1,-1,45.07,7.88241,0.019953,8.68e+08,11,125000,1,0,1.79419,19835.4,0,-135.512,-135,0.790528
161375, 3.00821, 23, -1,-1,-1,54.1403,7.94096,0.025119,8.68e+08,12,125000,1,0,13.8455,19461.7,0,-130.962,-137,1.58106
161377, 3.02831, 12, -1,-1,-1,54.1642,0.091911,0.025119,8.68e+08,11,125000,1,0,11.5886,19108.4,0,-131.587,-135,0.790528
161379, 3.03118, 29, -1,-1,-1,53.788,19.7678,0.015849,8.68e+08,10,125000,1,0,14.4245,16957.9,0,-132.806,-133,0.436224
161391, 3.12009, 9, -1,-1,-1,38.3205,25.796,0.019953,8.68e+08,12,125000,1,0,-4.52205,16021.6,0,-137.464,-137,1.58106
161393, 3.16086, 16, -1,-1,-1,43.0289,3.59424,0.019953,8.68e+08,10,125000,1,0,-0.756151,20000.2,0,-136.303,-133,0.436224
161400, 3.17429, 35, -1,-1,-1,45.9801,25.0541,0.025119,8.68e+08,12,125000,1,0,2.94577,15906.2,0,-134.155,-137,1.58106
161402, 3.19784, 46, -1,-1,-1,54.8178,27.999,0.019953,8.68e+08,10,125000,1,0,14.8959,12925.7,0,-131.68,-133,0.436224
161404, 3.21066, 0, -1,-1,-1,52.272,-2.15003,0.015849,8.68e+08,11,125000,1,0,8.22368,19140.1,0,-134.559,-135,0.790528
161411, 3.22049, 11, -1,-1,-1,57.2544,36.8221,0.015849,8.68e+08,10,125000,1,0,15.6646,6664.05,0,-132.478,-133,0.436224
161413, 3.23289, 14, -1,-1,-1,55.1013,-6.63605,0.019953,8.68e+08,10,125000,1,0,10.2991,17626.8,0,-132.955,-133,0.436224
161415, 3.2451, 2, -1,-1,-1,51.9313,12.445,0.025119,8.68e+08,11,125000,1,0,11.045,19128.9,0,-131.739,-135,0.790528
161417, 3.25111, 20, -1,-1,-1,40.4442,-8.92386,0.019953,8.68e+08,11,125000,1,0,-5.18091,19165.2,0,-137.668,-135,0.790528
161424, 3.31818, 58, -1,-1,-1,61.5842,-8.00842,0.015849,8.68e+08,12,125000,1,0,19.0324,13805.5,0,-131.626,-137,1.58106
161431, 3.35092, 57, -1,-1,-1,34.6213,32.1051,0.015849,8.68e+08,11,125000,1,0,-8.04488,14027.6,0,-139.524,-135,0.790528
161438, 3.40683, 19, -1,-1,-1,39.8596,0.90327,0.015849,8.68e+08,12,125000,1,0,-4.0382,19961.1,0,-138.317,-137,1.58106
161445, 3.42289, 55, -1,-1,-1,28.9412,-14.4031,0.015849,8.68e+08,12,125000,1,0,-14.4919,18526,0,-141.344,-137,1.58106
161453, 3.42563, 41, -1,-1,-1,60.451,27.3692,0.019953,8.68e+08,11,125000,1,0,28.3826,10157.1,1,-128.569,-135,0.790528
161455, 3.43867, 26, -1,-1,-1,46.5003,4.98637,0.015849,8.68e+08,12,125000,1,0,2.93145,19979.6,0,-136.16,-137,1.58106
161462, 3.44619, 13, -1,-1,-1,57.3143,-2.70899,0.019953,8.68e+08,11,125000,1,0,15.4116,17718.7,0,-131.545,-135,0.790528
161469, 3.64536, 37, -1,-1,-1,41.1025,24.9953,0.025119,8.68e+08,12,125000,1,0,-1.96015,16184.2,0,-135.676,-137,1.58106
161476, 3.6556, 15, -1,-1,-1,46.5738,3.1001,0.015849,8.68e+08,10,125000,1,0,2.79729,19973.8,0,-136.202,-133,0.436224
161483, 3.85374, 39, -1,-1,-1,46.5198,20.8019,0.025119,8.68e+08,10,125000,1,0,3.96575,17273.8,0,-133.841,-133,0.436224
161485, 3.87527, 34, -1,-1,-1,47.4425,21.3987,0.025119,8.68e+08,11,125000,1,0,5.00804,17039,0,-133.522,-135,0.790528
161487, 3.87743, 32, -1,-1,-1,49.6037,16.4839,0.019953,8.68e+08,11,125000,1,0,7.91184,18371.8,0,-133.649,-135,0.790528
161499, 4.00718, 56, -1,-1,-1,34.569,15.3924,0.015849,8.68e+08,12,125000,1,0,-7.32834,18549.4,0,-139.31,-137,1.58106
161501, 4.06702, 17, -1,-1,-1,51.5697,4.02995,0.019953,8.68e+08,10,125000,1,0,9.12423,19733.4,0,-133.293,-133,0.436224
161503, 4.19274, 54, -1,-1,-1,32.7894,-16.8765,0.015849,8.68e+08,12,125000,1,0,-12.3195,18131.6,0,-140.754,-137,1.58106
161506, 4.19315, 31, -1,-1,-1,53.4533,19.0186,0.025119,8.68e+08,10,125000,1,0,13.9705,17238.3,1,-130.928,-133,0.436224
161509, 4.23147, 6, -1,-1,-1,60.4258,15.6431,0.019953,8.68e+08,11,125000,1,0,31.9092,16320.9,1,-127.908,-135,0.790528
161511, 4.39644, 40, -1,-1,-1,58.9757,26.2869,0.015849,8.68e+08,12,125000,1,0,24.7183,11914.5,0,-130.32,-137,1.58106
161513, 4.47814, 3, -1,-1,-1,41.4821,-1.98577,0.015849,8.68e+08,12,125000,1,0,-3.0143,19845,0,-138.003,-137,1.58106
161515, 4.67, 44, -1,-1,-1,49.6811,31.6845,0.019953,8.68e+08,11,125000,1,0,6.41212,12463.3,0,-134.098,-135,0.790528
161517, 4.75531, 18, -1,-1,-1,39.8397,1.13302,0.025119,8.68e+08,12,125000,1,0,-3.95182,19953,0,-136.291,-137,1.58106
161519, 4.876, 50, -1,-1,-1,39.7906,12.9554,0.019953,8.68e+08,12,125000,1,0,-2.92575,19115.1,0,-136.974,-137,1.58106
161521, 4.92084, 7, -1,-1,-1,49.1664,15.132,0.019953,8.68e+08,12,125000,1,0,7.30392,18710.5,0,-133.83,-137,1.58106
161523, 4.96951, 4, -1,-1,-1,41.3807,10.7829,0.015849,8.68e+08,12,125000,1,0,-1.56412,19464.7,0,-137.553,-137,1.58106
161525, 5.00598, 45, -1,-1,-1,49.0721,21.5918,0.025119,8.68e+08,12,125000,1,0,7.07734,16843,0,-132.897,-137,1.58106
161527, 5.22977, 30, -1,-1,-1,49.3708,19.7672,0.019953,8.68e+08,12,125000,1,0,7.59319,17424.6,0,-133.744,-137,1.58106
161529, 5.54286, 21, -1,-1,-1,42.2017,-7.04016,0.019953,8.68e+08,12,125000,1,0,-3.27137,19335.2,0,-137.083,-137,1.58106
161546, 12.65, 33, -1,-1,-1,49.0691,16.5595,0.015849,8.68e+08,10,125000,1,0,7.88507,18177.8,0,-134.656,-133,0.436224
161548, 12.7877, 51, -1,-1,-1,40.4208,27.6114,0.015849,8.68e+08,10,125000,1,0,-2.36081,15067.2,0,-137.799,-133,0.436224
161566, 13.7814, 29, -1,-1,-1,53.788,19.7678,0.015849,8.68e+08,10,125000,1,0,15.4932,16553.1,1,-132.521,-133,0.436224
161568, 14.1757, 37, -1,-1,-1,41.1025,24.9953,0.025119,8.68e+08,12,125000,1,0,-1.47333,15935.1,0,-135.524,-137,1.58106
161595, 14.8132, 39, -1,-1,-1,46.5198,20.8019,0.025119,8.68e+08,10,125000,1,0,4.64494,17003.2,0,-133.632,-133,0.436224
161598, 14.9663, 5, -1,-1,-1,51.8039,6.80183,0.015849,8.68e+08,11,125000,1,0,11.0706,19527.9,1,-133.731,-135,0.790528
161605, 15.0872, 24, -1,-1,-1,47.7606,11.929,0.019953,8.68e+08,12,125000,1,0,6.07026,19193.4,0,-134.199,-137,1.58106
161608, 15.2364, 40, -1,-1,-1,58.9757,26.2869,0.015849,8.68e+08,12,125000,1,0,25.9366,10976.1,1,-130.062,-137,1.58106
161620, 15.793, 55, -1,-1,-1,28.9412,-14.4031,0.015849,8.68e+08,12,125000,1,0,-13.9964,18403.2,0,-141.21,-137,1.58106
161623, 15.8119, 6, -1,-1,-1,60.4258,15.6431,0.019953,8.68e+08,11,125000,1,0,34.5563,15536.4,1,-127.448,-135,0.790528
161625, 15.8373, 30, -1,-1,-1,49.3708,19.7672,0.019953,8.68e+08,12,125000,1,0,8.37226,17134.4,0,-133.512,-137,1.58106
161627, 15.9689, 56, -1,-1,-1,34.569,15.3924,0.015849,8.68e+08,12,125000,1,0,-6.78084,18400.5,0,-139.145,-137,1.58106
161629, 16.171, 1, -1,-1,-1,49.3772,1.54038,0.025119,8.68e+08,10,125000,1,0,6.64651,19638.9,0,-133.026,-133,0.436224
161656, 17.0337, 44, -1,-1,-1,49.6811,31.6845,0.019953,8.68e+08,11,125000,1,0,7.01379,11879.8,0,-133.916,-135,0.790528
161659, 17.0602, 41, -1,-1,-1,60.451,27.3692,0.019953,8.68e+08,11,125000,1,0,29.8925,8716.26,1,-128.277,-135,0.790528
161661, 17.084, 26, -1,-1,-1,46.5003,4.98637,0.015849,8.68e+08,12,125000,1,0,3.87793,19826.8,0,-135.868,-137,1.58106
161663, 17.0854, 52, -1,-1,-1,38.8743,33.4102,0.025119,8.68e+08,11,125000,1,0,-4.2956,12887,0,-136.395,-135,0.790528
161665, 17.2463, 49, -1,-1,-1,45.07,7.88241,0.019953,8.68e+08,11,125000,1,0,2.73353,19672.2,0,-135.22,-135,0.790528
161683, 18.3952, 48, -1,-1,-1,56.7773,13.3766,0.025119,8.68e+08,12,125000,1,0,22.6033,17816,1,-128.784,-137,1.58106
161685, 18.5091, 16, -1,-1,-1,43.0289,3.59424,0.019953,8.68e+08,10,125000,1,0,0.170426,19851.6,0,-136.014,-133,0.436224
161688, 18.7077, 32, -1,-1,-1,49.6037,16.4839,0.019953,8.68e+08,11,125000,1,0,9.08828,18031.5,1,-133.301,-135,0.790528
161700, 19.4468, 4, -1,-1,-1,41.3807,10.7829,0.015849,8.68e+08,12,125000,1,0,-0.738556,19296.2,0,-137.296,-137,1.58106
161708, 19.7068, 12, -1,-1,-1,54.1642,0.091911,0.025119,8.68e+08,11,125000,1,0,13.2437,18747.3,1,-131.125,-135,0.790528
161725, 20.1788, 15, -1,-1,-1,46.5738,3.1001,0.015849,8.68e+08,10,125000,1,0,3.94189,19788.2,0,-135.848,-133,0.436224
161737, 20.4232, 18, -1,-1,-1,39.8397,1.13302,0.025119,8.68e+08,12,125000,1,0,-3.10234,19815.3,0,-136.028,-137,1.58106
161765, 20.906, 46, -1,-1,-1,54.8178,27.999,0.019953,8.68e+08,10,125000,1,0,16.2341,11827.4,1,-131.327,-133,0.436224
161772, 21.0737, 19, -1,-1,-1,39.8596,0.90327,0.015849,8.68e+08,12,125000,1,0,-3.08147,19805.9,0,-138.022,-137,1.58106
161774, 21.0973, 57, -1,-1,-1,34.6213,32.1051,0.015849,8.68e+08,11,125000,1,0,-7.44811,13588,0,-139.346,-135,0.790528
161792, 21.3121, 35, -1,-1,-1,45.9801,25.0541,0.025119,8.68e+08,12,125000,1,0,3.93533,15361,1,-133.849,-137,1.58106
161794, 21.3275, 25, -1,-1,-1,46.7789,8.28843,0.015849,8.68e+08,11,125000,1,0,5.02669,19571.5,0,-135.515,-135,0.790528
161797, 21.3554, 28, -1,-1,-1,56.0984,11.391,0.025119,8.68e+08,11,125000,1,0,21.0984,18271.7,1,-129.129,-135,0.790528
161799, 21.3724, 27, -1,-1,-1,50.7509,3.14531,0.019953,8.68e+08,11,125000,1,0,9.25986,19523.8,0,-133.252,-135,0.790528
161801, 21.6574, 2, -1,-1,-1,51.9313,12.445,0.025119,8.68e+08,11,125000,1,0,12.8348,18739.2,0,-131.236,-135,0.790528
161803, 21.6683, 3, -1,-1,-1,41.4821,-1.98577,0.015849,8.68e+08,12,125000,1,0,-2.05945,19680.2,0,-137.707,-137,1.58106
161811, 21.726, 42, -1,-1,-1,57.8004,23.0841,0.019953,8.68e+08,10,125000,1,0,25.0521,13058.2,1,-129.247,-133,0.436224
161813, 21.8569, 20, -1,-1,-1,40.4442,-8.92386,0.019953,8.68e+08,11,125000,1,0,-4.24749,18952.4,0,-137.382,-135,0.790528
161815, 21.8807, 36, -1,-1,-1,43.812,25.0559,0.019953,8.68e+08,12,125000,1,0,1.58683,15544.9,0,-135.574,-137,1.58106
161817, 21.9315, 53, -1,-1,-1,64.7134,-23.4263,0.025119,8.68e+08,11,125000,1,0,12.758,5085.48,0,-131.263,-135,0.790528
161819, 21.9376, 22, -1,-1,-1,50.1724,11.2032,0.019953,8.68e+08,11,125000,1,0,9.93704,19085.2,0,-133.055,-135,0.790528
161821, 22.4742, 38, -1,-1,-1,45.3001,15.8952,0.025119,8.68e+08,11,125000,1,0,3.81786,18293.2,0,-133.885,-135,0.790528
161839, 23.128, 14, -1,-1,-1,55.1013,-6.63605,0.019953,8.68e+08,10,125000,1,0,11.9981,17026.9,1,-132.471,-133,0.436224
161861, 24.1918, 9, -1,-1,-1,38.3205,25.796,0.019953,8.68e+08,12,125000,1,0,-3.62981,15546.7,0,-137.189,-137,1.58106
161868, 24.3943, 13, -1,-1,-1,57.3143,-2.70899,0.019953,8.68e+08,11,125000,1,0,17.7505,16973.3,0,-130.941,-135,0.790528
161875, 24.5468, 45, -1,-1,-1,49.0721,21.5918,0.025119,8.68e+08,12,125000,1,0,8.44029,16244,0,-132.491,-137,1.58106
161883, 24.7531, 47, -1,-1,-1,60.1499,6.23873,0.025119,8.68e+08,11,125000,1,0,31.0525,16647.6,1,-127.061,-135,0.790528
161905, 25.0468, 51, -1,-1,-1,40.4208,27.6114,0.015849,8.68e+08,10,125000,1,0,-1.83863,14737.8,0,-137.637,-133,0.436224
161907, 25.363, 7, -1,-1,-1,49.1664,15.132,0.019953,8.68e+08,12,125000,1,0,8.9256,18281.7,0,-133.348,-137,1.58106
161910, 25.3761, 43, -1,-1,-1,55.5373,25.9108,0.019953,8.68e+08,10,125000,1,0,18.8169,12377.6,1,-130.675,-133,0.436224
161922, 25.6107, 23, -1,-1,-1,54.1403,7.94096,0.025119,8.68e+08,12,125000,1,0,16.4561,18978.2,0,-130.269,-137,1.58106
161929, 25.9427, 50, -1,-1,-1,39.7906,12.9554,0.019953,8.68e+08,12,125000,1,0,-1.79315,18848.9,0,-136.622,-137,1.58106
161931, 25.993, 58, -1,-1,-1,61.5842,-8.00842,0.015849,8.68e+08,12,125000,1,0,21.2941,12279.3,0,-131.085,-137,1.58106
161933, 26.0421, 39, -1,-1,-1,46.5198,20.8019,0.025119,8.68e+08,10,125000,1,0,5.35371,16707.1,0,-133.415,-133,0.436224
161940, 26.4681, 10, -1,-1,-1,30.029,30.9233,0.019953,8.68e+08,12,125000,1,0,-10.6329,14072.8,0,-139.272,-137,1.58106
161942, 26.5027, 55, -1,-1,-1,28.9412,-14.4031,0.015849,8.68e+08,12,125000,1,0,-13.5643,18293.9,0,-141.092,-137,1.58106
161945, 26.5519, 8, -1,-1,-1,59.4499,10.2152,0.025119,8.68e+08,12,125000,1,0,31.4399,16906.9,1,-126.99,-137,1.58106
161948, 26.5959, 17, -1,-1,-1,51.5697,4.02995,0.019953,8.68e+08,10,125000,1,0,11.2036,19369.5,1,-132.693,-133,0.436224
161975, 27.076, 54, -1,-1,-1,32.7894,-16.8765,0.015849,8.68e+08,12,125000,1,0,-11.3918,17860.1,0,-140.492,-137,1.58106
161977, 27.1411, 11, -1,-1,-1,57.2544,36.8221,0.015849,8.68e+08,10,125000,1,0,16.4969,4608.71,0,-132.26,-133,0.436224
161979, 27.2702, 21, -1,-1,-1,42.2017,-7.04016,0.019953,8.68e+08,12,125000,1,0,-2.10255,19082.1,0,-136.721,-137,1.58106
161982, 27.3877, 0, -1,-1,-1,52.272,-2.15003,0.015849,8.68e+08,11,125000,1,0,10.2887,18668.6,1,-133.954,-135,0.790528
161985, 27.475, 59, -1,-1,-1,69.9209,23.5589,0.025119,8.68e+08,10,125000,1,0,56.3722,-10029.7,1,-123.732,-133,0.436224
161987, 27.4917, 31, -1,-1,-1,53.4533,19.0186,0.025119,8.68e+08,10,125000,1,0,16.3267,16369.4,0,-130.302,-133,0.436224
161989, 27.5779, 52, -1,-1,-1,38.8743,33.4102,0.025119,8.68e+08,11,125000,1,0,-3.93657,12564.5,0,-136.284,-135,0.790528
162002, 28.3974, 34, -1,-1,-1,47.4425,21.3987,0.025119,8.68e+08,11,125000,1,0,6.59191,16354.8,1,-133.041,-135,0.790528
162019, 29.9725, 4, -1,-1,-1,41.3807,10.7829,0.015849,8.68e+08,12,125000,1,0,-0.124272,19166.4,0,-137.104,-137,1.58106
162022, 30.1386, 40, -1,-1,-1,58.9757,26.2869,0.015849,8.68e+08,12,125000,1,0,27.5657,9550.9,1,-129.728,-137,1.58106
162034, 31.2882, 37, -1,-1,-1,41.1025,24.9953,0.025119,8.68e+08,12,125000,1,0,-0.676317,15504.4,0,-135.275,-137,1.58106
162036, 31.3681, 56, -1,-1,-1,34.569,15.3924,0.015849,8.68e+08,12,125000,1,0,-6.0669,18199,0,-138.93,-137,1.58106
162044, 31.6742, 1, -1,-1,-1,49.3772,1.54038,0.025119,8.68e+08,10,125000,1,0,7.90204,19413.2,1,-132.65,-133,0.436224
162046, 31.7571, 25, -1,-1,-1,46.7789,8.28843,0.015849,8.68e+08,11,125000,1,0,5.80474,19428.3,0,-135.278,-135,0.790528
162048, 31.9772, 33, -1,-1,-1,49.0691,16.5595,0.015849,8.68e+08,10,125000,1,0,9.41629,17710.7,0,-134.204,-133,0.436224
162061, 33.5689, 22, -1,-1,-1,50.1724,11.2032,0.019953,8.68e+08,11,125000,1,0,11.0014,18858.3,1,-132.749,-135,0.790528
162074, 34.414, 49, -1,-1,-1,45.07,7.88241,0.019953,8.68e+08,11,125000,1,0,3.91,19458.6,1,-134.855,-135,0.790528
162087, 35.1264, 48, -1,-1,-1,56.7773,13.3766,0.025119,8.68e+08,12,125000,1,0,25.3428,17113.6,1,-128.184,-137,1.58106
162104, 35.9499, 28, -1,-1,-1,56.0984,11.391,0.025119,8.68e+08,11,125000,1,0,23.365,17751.4,0,-128.611,-135,0.790528
162106, 35.9902, 19, -1,-1,-1,39.8596,0.90327,0.015849,8.68e+08,12,125000,1,0,-2.2505,19666.6,0,-137.764,-137,1.58106
162114, 36.0516, 6, -1,-1,-1,60.4258,15.6431,0.019953,8.68e+08,11,125000,1,0,39.731,13847.5,1,-126.64,-135,0.790528
162116, 36.0822, 24, -1,-1,-1,47.7606,11.929,0.019953,8.68e+08,12,125000,1,0,7.69825,18834,0,-133.709,-137,1.58106
162133, 36.5397, 55, -1,-1,-1,28.9412,-14.4031,0.015849,8.68e+08,12,125000,1,0,-13.1566,18188.9,0,-140.98,-137,1.58106
162135, 36.7336, 27, -1,-1,-1,50.7509,3.14531,0.019953,8.68e+08,11,125000,1,0,10.6635,19269.2,0,-132.845,-135,0.790528
162138, 36.8128, 41, -1,-1,-1,60.451,27.3692,0.019953,8.68e+08,11,125000,1,0,31.8329,6384.22,1,-127.918,-135,0.790528
162141, 36.8226, 29, -1,-1,-1,53.788,19.7678,0.015849,8.68e+08,10,125000,1,0,17.9114,15549.2,1,-131.898,-133,0.436224
162148, 36.9323, 20, -1,-1,-1,40.4442,-8.92386,0.019953,8.68e+08,11,125000,1,0,-3.4731,18768.6,0,-137.143,-135,0.790528
162165, 37.4709, 15, -1,-1,-1,46.5738,3.1001,0.015849,8.68e+08,10,125000,1,0,5.19932,19575.2,0,-135.461,-133,0.436224
162168, 37.6257, 32, -1,-1,-1,49.6037,16.4839,0.019953,8.68e+08,11,125000,1,0,10.6665,17541.1,1,-132.843,-135,0.790528
162180, 37.8861, 30, -1,-1,-1,49.3708,19.7672,0.019953,8.68e+08,12,125000,1,0,10.0538,16458.8,0,-133.019,-137,1.58106
162202, 38.4655, 38, -1,-1,-1,45.3001,15.8952,0.025119,8.68e+08,11,125000,1,0,4.8801,17977,0,-133.558,-135,0.790528
162204, 38.6674, 7, -1,-1,-1,49.1664,15.132,0.019953,8.68e+08,12,125000,1,0,10.0375,17967.2,0,-133.024,-137,1.58106
162206, 38.8188, 18, -1,-1,-1,39.8397,1.13302,0.025119,8.68e+08,12,125000,1,0,-2.0748,19643,0,-135.709,-137,1.58106
162209, 38.8696, 17, -1,-1,-1,51.5697,4.02995,0.019953,8.68e+08,10,125000,1,0,12.4234,19143.9,1,-132.349,-133,0.436224
162226, 39.1649, 5, -1,-1,-1,51.8039,6.80183,0.015849,8.68e+08,11,125000,1,0,13.5305,19079.2,0,-133.044,-135,0.790528
162228, 39.2625, 26, -1,-1,-1,46.5003,4.98637,0.015849,8.68e+08,12,125000,1,0,5.498,19552.4,0,-135.37,-137,1.58106
162235, 39.7199, 44, -1,-1,-1,49.6811,31.6845,0.019953,8.68e+08,11,125000,1,0,8.09125,10716,0,-133.594,-135,0.790528
162237, 39.7447, 3, -1,-1,-1,41.4821,-1.98577,0.015849,8.68e+08,12,125000,1,0,-1.02195,19494.3,0,-137.383,-137,1.58106
162239, 39.8442, 50, -1,-1,-1,39.7906,12.9554,0.019953,8.68e+08,12,125000,1,0,-1.02489,18658.8,0,-136.382,-137,1.58106
162256, 40.312, 13, -1,-1,-1,57.3143,-2.70899,0.019953,8.68e+08,11,125000,1,0,19.6726,16304.4,0,-130.466,-135,0.790528
162264, 40.4543, 46, -1,-1,-1,54.8178,27.999,0.019953,8.68e+08,10,125000,1,0,17.6807,10661.1,1,-130.956,-133,0.436224
162267, 40.4692, 45, -1,-1,-1,49.0721,21.5918,0.025119,8.68e+08,12,125000,1,0,9.58742,15695.4,1,-132.154,-137,1.58106
162269, 40.7098, 10, -1,-1,-1,30.029,30.9233,0.019953,8.68e+08,12,125000,1,0,-10.1697,13755.8,0,-139.139,-137,1.58106
162272, 40.8125, 47, -1,-1,-1,60.1499,6.23873,0.025119,8.68e+08,11,125000,1,0,34.7963,15949.1,1,-126.406,-135,0.790528
162279, 40.8904, 2, -1,-1,-1,51.9313,12.445,0.025119,8.68e+08,11,125000,1,0,14.8614,18482.1,0,-130.685,-135,0.790528
162292, 41.3201, 42, -1,-1,-1,57.8004,23.0841,0.019953,8.68e+08,10,125000,1,0,27.5863,11678.9,1,-128.722,-133,0.436224
162299, 41.4928, 16, -1,-1,-1,43.0289,3.59424,0.019953,8.68e+08,10,125000,1,0,1.61883,19814,0,-135.562,-133,0.436224
162307, 41.8477, 12, -1,-1,-1,54.1642,0.091911,0.025119,8.68e+08,11,125000,1,0,15.6403,18433.1,1,-130.48,-135,0.790528
162309, 42.0008, 56, -1,-1,-1,34.569,15.3924,0.015849,8.68e+08,12,125000,1,0,-5.56769,18242.6,0,-138.778,-137,1.58106
162316, 42.116, 52, -1,-1,-1,38.8743,33.4102,0.025119,8.68e+08,11,125000,1,0,-3.44446,12264.7,0,-136.132,-135,0.790528
162329, 42.4422, 43, -1,-1,-1,55.5373,25.9108,0.019953,8.68e+08,10,125000,1,0,20.3403,11357.3,1,-130.305,-133,0.436224
162332, 43.1294, 34, -1,-1,-1,47.4425,21.3987,0.025119,8.68e+08,11,125000,1,0,7.57475,16074.8,1,-132.745,-135,0.790528
162334, 43.1323, 36, -1,-1,-1,43.812,25.0559,0.019953,8.68e+08,12,125000,1,0,2.67059,15082.6,0,-135.237,-137,1.58106
162352, 43.9333, 8, -1,-1,-1,59.4499,10.2152,0.025119,8.68e+08,12,125000,1,0,35.6782,16143.8,1,-126.261,-137,1.58106
162374, 44.8786, 58, -1,-1,-1,61.5842,-8.00842,0.015849,8.68e+08,12,125000,1,0,23.1842,11094.9,0,-130.653,-137,1.58106
162376, 44.9911, 35, -1,-1,-1,45.9801,25.0541,0.025119,8.68e+08,12,125000,1,0,5.24762,14739.9,0,-133.446,-137,1.58106
162384, 45.132, 53, -1,-1,-1,64.7134,-23.4263,0.025119,8.68e+08,11,125000,1,0,13.2837,3494.12,1,-131.116,-135,0.790528
162391, 45.1671, 57, -1,-1,-1,34.6213,32.1051,0.015849,8.68e+08,11,125000,1,0,-6.64695,13125.4,0,-139.105,-135,0.790528
162398, 45.3947, 37, -1,-1,-1,41.1025,24.9953,0.025119,8.68e+08,12,125000,1,0,-0.014257,15297,0,-135.069,-137,1.58106
162401, 45.5652, 14, -1,-1,-1,55.1013,-6.63605,0.019953,8.68e+08,10,125000,1,0,14.0432,16491.2,1,-131.906,-133,0.436224
162408, 45.5873, 4, -1,-1,-1,41.3807,10.7829,0.015849,8.68e+08,12,125000,1,0,0.810589,19155.5,0,-136.812,-137,1.58106
162411, 45.8437, 40, -1,-1,-1,58.9757,26.2869,0.015849,8.68e+08,12,125000,1,0,29.1717,8127.82,1,-129.411,-137,1.58106
162419, 46.1803, 0, -1,-1,-1,52.272,-2.15003,0.015849,8.68e+08,11,125000,1,0,12.0268,18481.6,1,-133.46,-135,0.790528
162421, 46.3692, 25, -1,-1,-1,46.7789,8.28843,0.015849,8.68e+08,11,125000,1,0,6.93845,19418.4,0,-134.935,-135,0.790528
162428, 46.7441, 54, -1,-1,-1,32.7894,-16.8765,0.015849,8.68e+08,12,125000,1,0,-10.5831,17855.2,0,-140.261,-137,1.58106
162445, 47.5764, 9, -1,-1,-1,38.3205,25.796,0.019953,8.68e+08,12,125000,1,0,-2.63316,15145.3,0,-136.88,-137,1.58106
162448, 47.6917, 32, -1,-1,-1,49.6037,16.4839,0.019953,8.68e+08,11,125000,1,0,11.5446,17453.2,1,-132.593,-135,0.790528
162450, 47.961, 21, -1,-1,-1,42.2017,-7.04016,0.019953,8.68e+08,12,125000,1,0,-0.948581,19041.7,0,-136.361,-137,1.58106
162467, 48.4713, 19, -1,-1,-1,39.8596,0.90327,0.015849,8.68e+08,12,125000,1,0,-1.53737,19754.3,0,-137.541,-137,1.58106
162474, 48.6766, 33, -1,-1,-1,49.0691,16.5595,0.015849,8.68e+08,10,125000,1,0,10.8107,17452.4,0,-133.801,-133,0.436224
162481, 48.8314, 39, -1,-1,-1,46.5198,20.8019,0.025119,8.68e+08,10,125000,1,0,6.83315,16226.1,0,-132.966,-133,0.436224
162488, 49.0375, 24, -1,-1,-1,47.7606,11.929,0.019953,8.68e+08,12,125000,1,0,8.75862,18790.1,0,-133.395,-137,1.58106
162491, 49.1248, 41, -1,-1,-1,60.451,27.3692,0.019953,8.68e+08,11,125000,1,0,32.8229,5063.99,1,-127.741,-135,0.790528
162498, 49.4422, 51, -1,-1,-1,40.4208,27.6114,0.015849,8.68e+08,10,125000,1,0,-0.798272,14202.4,0,-137.312,-133,0.436224
162505, 49.5788, 22, -1,-1,-1,50.1724,11.2032,0.019953,8.68e+08,11,125000,1,0,12.55,18727.6,0,-132.312,-135,0.790528
162508, 50.0062, 31, -1,-1,-1,53.4533,19.0186,0.025119,8.68e+08,10,125000,1,0,18.7848,15568.2,1,-129.68,-133,0.436224
162511, 50.1767, 23, -1,-1,-1,54.1403,7.94096,0.025119,8.68e+08,12,125000,1,0,19.6865,18575,1,-129.461,-137,1.58106
162519, 50.6264, 59, -1,-1,-1,69.9209,23.5589,0.025119,8.68e+08,10,125000,1,0,47.4492,-12799.5,1,-124.633,-133,0.436224
162526, 50.8964, 50, -1,-1,-1,39.7906,12.9554,0.019953,8.68e+08,12,125000,1,0,-0.401315,18691.3,0,-136.187,-137,1.58106
162653, 51.2733, 11, -1,-1,-1,57.2544,36.8221,0.015849,8.68e+08,10,125000,1,0,17.0619,2594.46,0,-132.113,-133,0.436224
162660, 51.6631, 1, -1,-1,-1,49.3772,1.54038,0.025119,8.68e+08,10,125000,1,0,9.62857,19314.8,0,-132.142,-133,0.436224
162667, 51.8219, 15, -1,-1,-1,46.5738,3.1001,0.015849,8.68e+08,10,125000,1,0,6.29515,19599,0,-135.128,-133,0.436224
162675, 52.2112, 42, -1,-1,-1,57.8004,23.0841,0.019953,8.68e+08,10,125000,1,0,28.9898,10656,1,-128.445,-133,0.436224
162692, 53.5983, 55, -1,-1,-1,28.9412,-14.4031,0.015849,8.68e+08,12,125000,1,0,-12.4574,18250.9,0,-140.786,-137,1.58106
162700, 53.8574, 6, -1,-1,-1,60.4258,15.6431,0.019953,8.68e+08,11,125000,1,0,44.8819,12298,1,-125.942,-135,0.790528
162707, 53.9889, 26, -1,-1,-1,46.5003,4.98637,0.015849,8.68e+08,12,125000,1,0,6.63727,19564.7,0,-135.025,-137,1.58106
162709, 54.1242, 49, -1,-1,-1,45.07,7.88241,0.019953,8.68e+08,11,125000,1,0,5.33157,19394.4,0,-134.419,-135,0.790528
162737, 54.7302, 29, -1,-1,-1,53.788,19.7678,0.015849,8.68e+08,10,125000,1,0,19.9118,14843.8,1,-131.406,-133,0.436224
162744, 55.193, 45, -1,-1,-1,49.0721,21.5918,0.025119,8.68e+08,12,125000,1,0,10.6769,15326.5,0,-131.839,-137,1.58106
162751, 55.2183, 34, -1,-1,-1,47.4425,21.3987,0.025119,8.68e+08,11,125000,1,0,8.39875,15665.9,0,-132.5,-135,0.790528
162753, 55.2616, 57, -1,-1,-1,34.6213,32.1051,0.015849,8.68e+08,11,125000,1,0,-6.31436,12846.2,0,-139.004,-135,0.790528
162756, 55.4538, 48, -1,-1,-1,56.7773,13.3766,0.025119,8.68e+08,12,125000,1,0,29.0984,16338.8,1,-127.424,-137,1.58106
162758, 55.4991, 20, -1,-1,-1,40.4442,-8.92386,0.019953,8.68e+08,11,125000,1,0,-2.49509,18755.6,0,-136.839,-135,0.790528
162780, 55.834, 7, -1,-1,-1,49.1664,15.132,0.019953,8.68e+08,12,125000,1,0,11.5452,17720.6,0,-132.592,-137,1.58106
162783, 55.9845, 28, -1,-1,-1,56.0984,11.391,0.025119,8.68e+08,11,125000,1,0,26.856,17161.1,1,-127.867,-135,0.790528
162786, 55.999, 17, -1,-1,-1,51.5697,4.02995,0.019953,8.68e+08,10,125000,1,0,14.2461,19030.8,1,-131.848,-133,0.436224
162803, 56.4695, 18, -1,-1,-1,39.8397,1.13302,0.025119,8.68e+08,12,125000,1,0,-1.05489,19679.4,0,-135.391,-137,1.58106
162805, 56.5404, 5, -1,-1,-1,51.8039,6.80183,0.015849,8.68e+08,11,125000,1,0,15.4812,18936.8,0,-132.519,-135,0.790528
162807, 56.5806, 52, -1,-1,-1,38.8743,33.4102,0.025119,8.68e+08,11,125000,1,0,-2.96192,11781.5,0,-135.982,-135,0.790528
162814, 57.2253, 44, -1,-1,-1,49.6811,31.6845,0.019953,8.68e+08,11,125000,1,0,8.88931,9907.19,0,-133.357,-135,0.790528
162816, 57.2301, 53, -1,-1,-1,64.7134,-23.4263,0.025119,8.68e+08,11,125000,1,0,13.4818,2489.92,0,-131.06,-135,0.790528
162818, 57.3159, 10, -1,-1,-1,30.029,30.9233,0.019953,8.68e+08,12,125000,1,0,-9.63272,13554.9,0,-138.983,-137,1.58106
162820, 57.4158, 2, -1,-1,-1,51.9313,12.445,0.025119,8.68e+08,11,125000,1,0,16.7517,18017.4,0,-130.189,-135,0.790528
162822, 57.8683, 4, -1,-1,-1,41.3807,10.7829,0.015849,8.68e+08,12,125000,1,0,1.56717,18988,0,-136.576,-137,1.58106
162854, 58.8286, 27, -1,-1,-1,50.7509,3.14531,0.019953,8.68e+08,11,125000,1,0,12.8503,19086.8,0,-132.229,-135,0.790528
162861, 59.1693, 32, -1,-1,-1,49.6037,16.4839,0.019953,8.68e+08,11,125000,1,0,12.5807,17100.4,0,-132.302,-135,0.790528
162868, 59.4748, 36, -1,-1,-1,43.812,25.0559,0.019953,8.68e+08,12,125000,1,0,3.51237,14551.6,0,-134.975,-137,1.58106
162870, 59.4968, 56, -1,-1,-1,34.569,15.3924,0.015849,8.68e+08,12,125000,1,0,-4.73449,17994.4,0,-138.523,-137,1.58106
162873, 59.5103, 47, -1,-1,-1,60.1499,6.23873,0.025119,8.68e+08,11,125000,1,0,39.8033,14480.6,1,-125.626,-135,0.790528
162890, 60.2329, 0, -1,-1,-1,52.272,-2.15003,0.015849,8.68e+08,11,125000,1,0,13.4144,18129.4,0,-133.074,-135,0.790528
162893, 60.286, 14, -1,-1,-1,55.1013,-6.63605,0.019953,8.68e+08,10,125000,1,0,15.4649,15901.6,1,-131.525,-133,0.436224
162895, 60.3842, 30, -1,-1,-1,49.3708,19.7672,0.019953,8.68e+08,12,125000,1,0,11.8594,15853.2,0,-132.503,-137,1.58106
162897, 60.6902, 3, -1,-1,-1,41.4821,-1.98577,0.015849,8.68e+08,12,125000,1,0,0.22832,19481.5,0,-136.993,-137,1.58106
162905, 60.9701, 12, -1,-1,-1,54.1642,0.091911,0.025119,8.68e+08,11,125000,1,0,17.927,18125.8,1,-129.892,-135,0.790528
162917, 61.5138, 25, -1,-1,-1,46.7789,8.28843,0.015849,8.68e+08,11,125000,1,0,8.17309,19386.9,0,-134.566,-135,0.790528
162924, 61.7983, 35, -1,-1,-1,45.9801,25.0541,0.025119,8.68e+08,12,125000,1,0,6.19019,14290.1,0,-133.159,-137,1.58106
162932, 61.911, 39, -1,-1,-1,46.5198,20.8019,0.025119,8.68e+08,10,125000,1,0,7.70728,15988.6,1,-132.704,-133,0.436224
162944, 62.3152, 16, -1,-1,-1,43.0289,3.59424,0.019953,8.68e+08,10,125000,1,0,3.00309,19786.4,0,-135.132,-133,0.436224
162962, 62.7345, 13, -1,-1,-1,57.3143,-2.70899,0.019953,8.68e+08,11,125000,1,0,22.6146,15758.3,1,-129.777,-135,0.790528
162969, 63.0106, 21, -1,-1,-1,42.2017,-7.04016,0.019953,8.68e+08,12,125000,1,0,-0.081336,19062.5,0,-136.09,-137,1.58106
162976, 63.0354, 38, -1,-1,-1,45.3001,15.8952,0.025119,8.68e+08,11,125000,1,0,6.58968,17815.1,0,-133.037,-135,0.790528
162978, 63.2628, 58, -1,-1,-1,61.5842,-8.00842,0.015849,8.68e+08,12,125000,1,0,24.9758,9766.48,0,-130.26,-137,1.58106
162981, 63.3311, 42, -1,-1,-1,57.8004,23.0841,0.019953,8.68e+08,10,125000,1,0,30.3917,9773.24,1,-128.178,-133,0.436224
163004, 63.8198, 41, -1,-1,-1,60.451,27.3692,0.019953,8.68e+08,11,125000,1,0,33.7097,3337.05,1,-127.586,-135,0.790528
163011, 63.9476, 9, -1,-1,-1,38.3205,25.796,0.019953,8.68e+08,12,125000,1,0,-1.93233,14885,0,-136.662,-137,1.58106
163018, 64.1013, 37, -1,-1,-1,41.1025,24.9953,0.025119,8.68e+08,12,125000,1,0,0.869743,14930.6,0,-134.792,-137,1.58106
163020, 64.2174, 46, -1,-1,-1,54.8178,27.999,0.019953,8.68e+08,10,125000,1,0,19.3414,8984.97,0,-130.543,-133,0.436224
163022, 64.2218, 43, -1,-1,-1,55.5373,25.9108,0.019953,8.68e+08,10,125000,1,0,22.2234,9788.32,0,-129.865,-133,0.436224
163025, 64.2498, 8, -1,-1,-1,59.4499,10.2152,0.025119,8.68e+08,12,125000,1,0,41.5125,14889.8,1,-125.384,-137,1.58106
163037, 65.1042, 19, -1,-1,-1,39.8596,0.90327,0.015849,8.68e+08,12,125000,1,0,-0.559334,19796.8,0,-137.236,-137,1.58106
163040, 65.2065, 6, -1,-1,-1,60.4258,15.6431,0.019953,8.68e+08,11,125000,1,0,48.429,11226.4,1,-125.519,-135,0.790528
163042, 65.2752, 24, -1,-1,-1,47.7606,11.929,0.019953,8.68e+08,12,125000,1,0,10.1555,18660.2,0,-132.987,-137,1.58106
163049, 65.4239, 40, -1,-1,-1,58.9757,26.2869,0.015849,8.68e+08,12,125000,1,0,30.9029,6071.12,0,-129.084,-137,1.58106
163056, 65.6752, 23, -1,-1,-1,54.1403,7.94096,0.025119,8.68e+08,12,125000,1,0,21.9864,18346.2,0,-128.918,-137,1.58106
163058, 65.7989, 22, -1,-1,-1,50.1724,11.2032,0.019953,8.68e+08,11,125000,1,0,14.2304,18558.2,0,-131.851,-135,0.790528
163061, 65.8184, 29, -1,-1,-1,53.788,19.7678,0.015849,8.68e+08,10,125000,1,0,21.201,14424.2,1,-131.1,-133,0.436224
163083, 66.8982, 17, -1,-1,-1,51.5697,4.02995,0.019953,8.68e+08,10,125000,1,0,15.4888,19028,0,-131.516,-133,0.436224
163090, 67.221, 54, -1,-1,-1,32.7894,-16.8765,0.015849,8.68e+08,12,125000,1,0,-9.72897,17830.6,0,-140.015,-137,1.58106
163098, 67.2632, 59, -1,-1,-1,69.9209,23.5589,0.025119,8.68e+08,10,125000,1,0,41.9196,-14208.6,1,-125.328,-133,0.436224
163106, 67.6911, 31, -1,-1,-1,53.4533,19.0186,0.025119,8.68e+08,10,125000,1,0,20.8425,14849.3,1,-129.183,-133,0.436224
163108, 67.9006, 50, -1,-1,-1,39.7906,12.9554,0.019953,8.68e+08,12,125000,1,0,0.581844,18625.4,0,-135.88,-137,1.58106
163111, 67.9596, 49, -1,-1,-1,45.07,7.88241,0.019953,8.68e+08,11,125000,1,0,6.38059,19397.6,1,-134.1,-135,0.790528
163114, 68.0675, 7, -1,-1,-1,49.1664,15.132,0.019953,8.68e+08,12,125000,1,0,12.6742,17573.1,1,-132.275,-137,1.58106
163116, 68.0693, 20, -1,-1,-1,40.4442,-8.92386,0.019953,8.68e+08,11,125000,1,0,-1.81646,18812,0,-136.628,-135,0.790528
163138, 69.6181, 34, -1,-1,-1,47.4425,21.3987,0.025119,8.68e+08,11,125000,1,0,9.40031,15323.8,0,-132.205,-135,0.790528
163141, 69.7581, 11, -1,-1,-1,57.2544,36.8221,0.015849,8.68e+08,10,125000,1,0,17.2818,1041.82,1,-132.055,-133,0.436224
163143, 69.9082, 51, -1,-1,-1,40.4208,27.6114,0.015849,8.68e+08,10,125000,1,0,0.073233,13727.5,0,-137.04,-133,0.436224
163145, 70.2117, 27, -1,-1,-1,50.7509,3.14531,0.019953,8.68e+08,11,125000,1,0,14.0666,19087.4,0,-131.895,-135,0.790528
163152, 70.7401, 33, -1,-1,-1,49.0691,16.5595,0.015849,8.68e+08,10,125000,1,0,12.7648,16969.5,0,-133.25,-133,0.436224
163185, 71.9494, 28, -1,-1,-1,56.0984,11.391,0.025119,8.68e+08,11,125000,1,0,30.0123,16617.7,1,-127.248,-135,0.790528
163187, 71.9522, 1, -1,-1,-1,49.3772,1.54038,0.025119,8.68e+08,10,125000,1,0,11.5264,19181.1,0,-131.596,-133,0.436224
163189, 72.2672, 39, -1,-1,-1,46.5198,20.8019,0.025119,8.68e+08,10,125000,1,0,8.41221,15634.1,0,-132.494,-133,0.436224
163191, 72.3749, 44, -1,-1,-1,49.6811,31.6845,0.019953,8.68e+08,11,125000,1,0,9.54815,9172.37,0,-133.164,-135,0.790528
163193, 72.6059, 25, -1,-1,-1,46.7789,8.28843,0.015849,8.68e+08,11,125000,1,0,9.12023,19203.5,0,-134.286,-135,0.790528
163200, 72.7878, 55, -1,-1,-1,28.9412,-14.4031,0.015849,8.68e+08,12,125000,1,0,-11.6609,18284.2,0,-140.563,-137,1.58106
163213, 74.0013, 0, -1,-1,-1,52.272,-2.15003,0.015849,8.68e+08,11,125000,1,0,14.8566,17997.4,1,-132.684,-135,0.790528
163215, 74.1004, 15, -1,-1,-1,46.5738,3.1001,0.015849,8.68e+08,10,125000,1,0,8.10467,19498.7,0,-134.585,-133,0.436224
163218, 74.2436, 35, -1,-1,-1,45.9801,25.0541,0.025119,8.68e+08,12,125000,1,0,6.89207,13793.7,1,-132.946,-137,1.58106
163236, 75.204, 53, -1,-1,-1,64.7134,-23.4263,0.025119,8.68e+08,11,125000,1,0,13.6724,1250.19,1,-131.007,-135,0.790528
163273, 76.122, 57, -1,-1,-1,34.6213,32.1051,0.015849,8.68e+08,11,125000,1,0,-5.63468,12415,0,-138.797,-135,0.790528
163275, 76.3976, 19, -1,-1,-1,39.8596,0.90327,0.015849,8.68e+08,12,125000,1,0,0.124359,19682.3,0,-137.023,-137,1.58106
163282, 76.518, 52, -1,-1,-1,38.8743,33.4102,0.025119,8.68e+08,11,125000,1,0,-2.31048,11244.5,0,-135.78,-135,0.790528
163285, 76.7081, 48, -1,-1,-1,56.7773,13.3766,0.025119,8.68e+08,12,125000,1,0,33.617,15251,1,-126.6,-137,1.58106
163292, 76.8315, 40, -1,-1,-1,58.9757,26.2869,0.015849,8.68e+08,12,125000,1,0,31.714,4619.48,0,-128.935,-137,1.58106
163294, 77.0852, 10, -1,-1,-1,30.029,30.9233,0.019953,8.68e+08,12,125000,1,0,-8.99867,13258.3,0,-138.797,-137,1.58106
163296, 77.2097, 45, -1,-1,-1,49.0721,21.5918,0.025119,8.68e+08,12,125000,1,0,12.3544,14581.2,0,-131.364,-137,1.58106
163299, 77.2507, 41, -1,-1,-1,60.451,27.3692,0.019953,8.68e+08,11,125000,1,0,34.1876,1443.05,1,-127.504,-135,0.790528
163301, 77.3225, 18, -1,-1,-1,39.8397,1.13302,0.025119,8.68e+08,12,125000,1,0,0.198337,19676,0,-135,-137,1.58106
163313, 77.6534, 26, -1,-1,-1,46.5003,4.98637,0.015849,8.68e+08,12,125000,1,0,8.59275,19432.6,0,-134.441,-137,1.58106
163325, 78.4024, 7, -1,-1,-1,49.1664,15.132,0.019953,8.68e+08,12,125000,1,0,13.6663,17252.1,0,-132.002,-137,1.58106
163327, 78.6635, 16, -1,-1,-1,43.0289,3.59424,0.019953,8.68e+08,10,125000,1,0,4.1452,19593,0,-134.779,-133,0.436224
163330, 78.8556, 32, -1,-1,-1,49.6037,16.4839,0.019953,8.68e+08,11,125000,1,0,14.4497,16628.9,1,-131.79,-135,0.790528
163332, 78.9159, 3, -1,-1,-1,41.4821,-1.98577,0.015849,8.68e+08,12,125000,1,0,1.3637,19489.3,0,-136.638,-137,1.58106
163334, 79.1282, 50, -1,-1,-1,39.7906,12.9554,0.019953,8.68e+08,12,125000,1,0,1.24789,18448.1,0,-135.672,-137,1.58106
163376, 79.908, 46, -1,-1,-1,54.8178,27.999,0.019953,8.68e+08,10,125000,1,0,20.3396,7607.91,0,-130.302,-133,0.436224
163383, 80.2586, 29, -1,-1,-1,53.788,19.7678,0.015849,8.68e+08,10,125000,1,0,22.931,13490.9,0,-130.703,-133,0.436224
163386, 80.2642, 59, -1,-1,-1,69.9209,23.5589,0.025119,8.68e+08,10,125000,1,0,38.092,-15340.6,1,-125.878,-133,0.436224
163398, 80.4787, 2, -1,-1,-1,51.9313,12.445,0.025119,8.68e+08,11,125000,1,0,19.6611,17479.5,0,-129.463,-135,0.790528
163406, 80.649, 6, -1,-1,-1,60.4258,15.6431,0.019953,8.68e+08,11,125000,1,0,53.4582,8971.04,1,-124.992,-135,0.790528
163408, 80.8337, 5, -1,-1,-1,51.8039,6.80183,0.015849,8.68e+08,11,125000,1,0,18.5296,18811.4,0,-131.739,-135,0.790528
163415, 80.9023, 11, -1,-1,-1,57.2544,36.8221,0.015849,8.68e+08,10,125000,1,0,17.3198,171.308,0,-132.045,-133,0.436224
163422, 81.0661, 4, -1,-1,-1,41.3807,10.7829,0.015849,8.68e+08,12,125000,1,0,3.05302,18841.7,0,-136.114,-137,1.58106
163430, 81.1864, 8, -1,-1,-1,59.4499,10.2152,0.025119,8.68e+08,12,125000,1,0,47.2558,13194.7,1,-124.651,-137,1.58106
163433, 81.3296, 14, -1,-1,-1,55.1013,-6.63605,0.019953,8.68e+08,10,125000,1,0,17.6125,15476.6,1,-130.97,-133,0.436224
163435, 81.4247, 24, -1,-1,-1,47.7606,11.929,0.019953,8.68e+08,12,125000,1,0,11.6283,18294.4,0,-132.566,-137,1.58106
163443, 81.8127, 38, -1,-1,-1,45.3001,15.8952,0.025119,8.68e+08,11,125000,1,0,7.96579,17542.4,1,-132.624,-135,0.790528
163445, 81.8733, 36, -1,-1,-1,43.812,25.0559,0.019953,8.68e+08,12,125000,1,0,4.67433,14099.7,0,-134.617,-137,1.58106
163452, 82.0659, 21, -1,-1,-1,42.2017,-7.04016,0.019953,8.68e+08,12,125000,1,0,1.05418,19018.5,0,-135.735,-137,1.58106
163459, 82.7185, 9, -1,-1,-1,38.3205,25.796,0.019953,8.68e+08,12,125000,1,0,-1.12689,14527.4,0,-136.411,-137,1.58106
163477, 83.306, 23, -1,-1,-1,54.1403,7.94096,0.025119,8.68e+08,12,125000,1,0,24.9068,17973.3,1,-128.271,-137,1.58106
163479, 83.3801, 12, -1,-1,-1,54.1642,0.091911,0.025119,8.68e+08,11,125000,1,0,20.9152,17614,0,-129.165,-135,0.790528
163481, 83.6462, 56, -1,-1,-1,34.569,15.3924,0.015849,8.68e+08,12,125000,1,0,-3.55883,18003.5,0,-138.16,-137,1.58106
163483, 83.7378, 27, -1,-1,-1,50.7509,3.14531,0.019953,8.68e+08,11,125000,1,0,15.604,19026.1,0,-131.484,-135,0.790528
163486, 83.7778, 47, -1,-1,-1,60.1499,6.23873,0.025119,8.68e+08,11,125000,1,0,47.5119,12713.3,1,-124.621,-135,0.790528
163519, 84.8793, 30, -1,-1,-1,49.3708,19.7672,0.019953,8.68e+08,12,125000,1,0,13.9294,15231.5,1,-131.93,-137,1.58106
163521, 85.0897, 20, -1,-1,-1,40.4442,-8.92386,0.019953,8.68e+08,11,125000,1,0,-0.874493,18800.2,0,-136.334,-135,0.790528
163523, 85.1107, 25, -1,-1,-1,46.7789,8.28843,0.015849,8.68e+08,11,125000,1,0,10.2362,19190.7,0,-133.961,-135,0.790528
163526, 85.1612, 13, -1,-1,-1,57.3143,-2.70899,0.019953,8.68e+08,11,125000,1,0,25.8483,14709.4,1,-129.073,-135,0.790528
163529, 85.2462, 42, -1,-1,-1,57.8004,23.0841,0.019953,8.68e+08,10,125000,1,0,32.9459,7511.22,1,-127.715,-133,0.436224
163536, 85.4881, 54, -1,-1,-1,32.7894,-16.8765,0.015849,8.68e+08,12,125000,1,0,-8.95597,17824.9,0,-139.788,-137,1.58106
163538, 85.5482, 37, -1,-1,-1,41.1025,24.9953,0.025119,8.68e+08,12,125000,1,0,1.88963,14431.4,0,-134.474,-137,1.58106
163546, 86.123, 44, -1,-1,-1,49.6811,31.6845,0.019953,8.68e+08,11,125000,1,0,10.1141,8474.57,1,-132.999,-135,0.790528
163554, 86.4184, 43, -1,-1,-1,55.5373,25.9108,0.019953,8.68e+08,10,125000,1,0,23.9841,7931.85,1,-129.47,-133,0.436224
163567, 87.1761, 1, -1,-1,-1,49.3772,1.54038,0.025119,8.68e+08,10,125000,1,0,13.0637,19114.2,1,-131.166,-133,0.436224
163570, 87.4879, 0, -1,-1,-1,52.272,-2.15003,0.015849,8.68e+08,11,125000,1,0,16.3575,17841.9,1,-132.288,-135,0.790528
163588, 87.8794, 58, -1,-1,-1,61.5842,-8.00842,0.015849,8.68e+08,12,125000,1,0,27.1764,7581.48,1,-129.8,-137,1.58106
163590, 88.0438, 15, -1,-1,-1,46.5738,3.1001,0.015849,8.68e+08,10,125000,1,0,9.31427,19502.9,0,-134.228,-133,0.436224
163593, 88.1021, 33, -1,-1,-1,49.0691,16.5595,0.015849,8.68e+08,10,125000,1,0,14.3994,16557,1,-132.803,-133,0.436224
163610, 88.9707, 22, -1,-1,-1,50.1724,11.2032,0.019953,8.68e+08,11,125000,1,0,16.8585,18146.4,0,-131.158,-135,0.790528
163617, 89.3226, 26, -1,-1,-1,46.5003,4.98637,0.015849,8.68e+08,12,125000,1,0,9.62201,19463.7,0,-134.139,-137,1.58106
163619, 89.3526, 34, -1,-1,-1,47.4425,21.3987,0.025119,8.68e+08,11,125000,1,0,10.8059,14710.6,0,-131.798,-135,0.790528
163631, 89.9279, 49, -1,-1,-1,45.07,7.88241,0.019953,8.68e+08,11,125000,1,0,8.14598,19259.5,0,-133.57,-135,0.790528
163633, 90.0406, 50, -1,-1,-1,39.7906,12.9554,0.019953,8.68e+08,12,125000,1,0,1.909,18457,0,-135.466,-137,1.58106
163645, 90.2082, 17, -1,-1,-1,51.5697,4.02995,0.019953,8.68e+08,10,125000,1,0,18.4041,18695.2,0,-130.769,-133,0.436224
163648, 90.5053, 31, -1,-1,-1,53.4533,19.0186,0.025119,8.68e+08,10,125000,1,0,23.6489,13637.8,1,-128.542,-133,0.436224
163650, 90.9194, 52, -1,-1,-1,38.8743,33.4102,0.025119,8.68e+08,11,125000,1,0,-1.85144,10875.1,0,-135.636,-135,0.790528
163653, 91.433, 8, -1,-1,-1,59.4499,10.2152,0.025119,8.68e+08,12,125000,1,0,51.1777,12345.1,1,-124.218,-137,1.58106
163666, 92.622, 6, -1,-1,-1,60.4258,15.6431,0.019953,8.68e+08,11,125000,1,0,57.3234,7345.17,1,-124.642,-135,0.790528
163674, 93.1431, 7, -1,-1,-1,49.1664,15.132,0.019953,8.68e+08,12,125000,1,0,15.146,16959.3,1,-131.603,-137,1.58106
163711, 94.2601, 9, -1,-1,-1,38.3205,25.796,0.019953,8.68e+08,12,125000,1,0,-0.631339,14184.5,0,-136.256,-137,1.58106
163713, 94.3626, 51, -1,-1,-1,40.4208,27.6114,0.015849,8.68e+08,10,125000,1,0,1.10829,13057.5,0,-136.716,-133,0.436224
163721, 94.7586, 5, -1,-1,-1,51.8039,6.80183,0.015849,8.68e+08,11,125000,1,0,20.4814,18413.4,1,-131.265,-135,0.790528
163728, 95.0243, 3, -1,-1,-1,41.4821,-1.98577,0.015849,8.68e+08,12,125000,1,0,2.40869,19513,0,-136.313,-137,1.58106
163730, 95.0324, 55, -1,-1,-1,28.9412,-14.4031,0.015849,8.68e+08,12,125000,1,0,-10.7232,18276.7,0,-140.296,-137,1.58106
163737, 95.2007, 10, -1,-1,-1,30.029,30.9233,0.019953,8.68e+08,12,125000,1,0,-8.42349,12978.7,0,-138.628,-137,1.58106
163744, 95.2468, 35, -1,-1,-1,45.9801,25.0541,0.025119,8.68e+08,12,125000,1,0,8.07898,13055.8,0,-132.591,-137,1.58106
163747, 95.6947, 28, -1,-1,-1,56.0984,11.391,0.025119,8.68e+08,11,125000,1,0,35.4562,15378.1,1,-126.29,-135,0.790528
163749, 95.7076, 21, -1,-1,-1,42.2017,-7.04016,0.019953,8.68e+08,12,125000,1,0,1.89532,18820.2,0,-135.473,-137,1.58106
163766, 96.0077, 41, -1,-1,-1,60.451,27.3692,0.019953,8.68e+08,11,125000,1,0,34.2644,-977.674,0,-127.488,-135,0.790528
163769, 96.1027, 45, -1,-1,-1,49.0721,21.5918,0.025119,8.68e+08,12,125000,1,0,13.8331,13859.4,1,-130.955,-137,1.58106
163777, 96.3448, 39, -1,-1,-1,46.5198,20.8019,0.025119,8.68e+08,10,125000,1,0,10.0929,14904.2,1,-132.002,-133,0.436224
163779, 96.5445, 25, -1,-1,-1,46.7789,8.28843,0.015849,8.68e+08,11,125000,1,0,11.306,18973.9,0,-133.655,-135,0.790528
163781, 96.6189, 19, -1,-1,-1,39.8596,0.90327,0.015849,8.68e+08,12,125000,1,0,1.39261,19676.5,0,-136.627,-137,1.58106
163783, 96.7698, 57, -1,-1,-1,34.6213,32.1051,0.015849,8.68e+08,11,125000,1,0,-4.97389,11953.3,0,-138.595,-135,0.790528
163791, 97.2547, 11, -1,-1,-1,57.2544,36.8221,0.015849,8.68e+08,10,125000,1,0,17.2446,-1385.79,1,-132.062,-133,0.436224
163799, 97.808, 24, -1,-1,-1,47.7606,11.929,0.019953,8.68e+08,12,125000,1,0,13.2184,18090.5,1,-132.122,-137,1.58106
163802, 97.9545, 29, -1,-1,-1,53.788,19.7678,0.015849,8.68e+08,10,125000,1,0,25.1101,12416.5,1,-130.225,-133,0.436224
163820, 99.0014, 12, -1,-1,-1,54.1642,0.091911,0.025119,8.68e+08,11,125000,1,0,23.231,16971.1,1,-128.634,-135,0.790528
163843, 99.2529, 46, -1,-1,-1,54.8178,27.999,0.019953,8.68e+08,10,125000,1,0,21.4127,5978.13,1,-130.048,-133,0.436224
163851, 100.035, 53, -1,-1,-1,64.7134,-23.4263,0.025119,8.68e+08,11,125000,1,0,13.7226,-592.984,1,-130.99,-135,0.790528
163859, 100.371, 42, -1,-1,-1,57.8004,23.0841,0.019953,8.68e+08,10,125000,1,0,34.4269,5555.03,1,-127.46,-133,0.436224
163866, 100.446, 40, -1,-1,-1,58.9757,26.2869,0.015849,8.68e+08,12,125000,1,0,32.7794,1693.45,0,-128.743,-137,1.58106
163874, 100.695, 48, -1,-1,-1,56.7773,13.3766,0.025119,8.68e+08,12,125000,1,0,39.5507,13534.4,1,-125.658,-137,1.58106
163876, 100.743, 23, -1,-1,-1,54.1403,7.94096,0.025119,8.68e+08,12,125000,1,0,28.1803,17218.5,0,-127.597,-137,1.58106
163878, 100.793, 18, -1,-1,-1,39.8397,1.13302,0.025119,8.68e+08,12,125000,1,0,1.68051,19633.7,0,-134.537,-137,1.58106
163886, 100.906, 14, -1,-1,-1,55.1013,-6.63605,0.019953,8.68e+08,10,125000,1,0,19.7325,14719.6,1,-130.445,-133,0.436224
164009, 101.006, 49, -1,-1,-1,45.07,7.88241,0.019953,8.68e+08,11,125000,1,0,9.0886,19277.9,1,-133.292,-135,0.790528
164011, 101.313, 16, -1,-1,-1,43.0289,3.59424,0.019953,8.68e+08,10,125000,1,0,5.82063,19721.1,0,-134.265,-133,0.436224
164028, 101.954, 56, -1,-1,-1,34.569,15.3924,0.015849,8.68e+08,12,125000,1,0,-2.64631,17892.2,0,-137.877,-137,1.58106
164036, 102.145, 44, -1,-1,-1,49.6811,31.6845,0.019953,8.68e+08,11,125000,1,0,10.7272,7577.45,1,-132.821,-135,0.790528
164053, 102.922, 37, -1,-1,-1,41.1025,24.9953,0.025119,8.68e+08,12,125000,1,0,2.71848,14012.1,0,-134.216,-137,1.58106
164055, 102.954, 20, -1,-1,-1,40.4442,-8.92386,0.019953,8.68e+08,11,125000,1,0,0.145287,18764.3,0,-136.016,-135,0.790528
164058, 102.967, 30, -1,-1,-1,49.3708,19.7672,0.019953,8.68e+08,12,125000,1,0,15.5235,14565.7,1,-131.503,-137,1.58106
164060, 103.12, 38, -1,-1,-1,45.3001,15.8952,0.025119,8.68e+08,11,125000,1,0,9.60758,17144.4,0,-132.141,-135,0.790528
164078, 103.624, 59, -1,-1,-1,69.9209,23.5589,0.025119,8.68e+08,10,125000,1,0,32.1641,-16348.8,1,-126.851,-133,0.436224
164080, 103.68, 36, -1,-1,-1,43.812,25.0559,0.019953,8.68e+08,12,125000,1,0,5.80906,13413.1,0,-134.27,-137,1.58106
164083, 103.686, 32, -1,-1,-1,49.6037,16.4839,0.019953,8.68e+08,11,125000,1,0,16.9847,16044.6,1,-131.124,-135,0.790528
164095, 104.775, 54, -1,-1,-1,32.7894,-16.8765,0.015849,8.68e+08,12,125000,1,0,-8.12772,17795.2,0,-139.544,-137,1.58106
164102, 105.059, 2, -1,-1,-1,51.9313,12.445,0.025119,8.68e+08,11,125000,1,0,23.1767,16956.4,0,-128.645,-135,0.790528
164104, 105.104, 4, -1,-1,-1,41.3807,10.7829,0.015849,8.68e+08,12,125000,1,0,4.68098,18841.9,0,-135.611,-137,1.58106
164107, 105.219, 47, -1,-1,-1,60.1499,6.23873,0.025119,8.68e+08,11,125000,1,0,55.507,10195.4,1,-123.799,-135,0.790528
164130, 106.357, 35, -1,-1,-1,45.9801,25.0541,0.025119,8.68e+08,12,125000,1,0,8.70507,12708.3,1,-132.405,-137,1.58106
164133, 106.438, 17, -1,-1,-1,51.5697,4.02995,0.019953,8.68e+08,10,125000,1,0,20.6808,18479.8,1,-130.217,-133,0.436224
164136, 106.518, 6, -1,-1,-1,60.4258,15.6431,0.019953,8.68e+08,11,125000,1,0,61.3613,5148.64,1,-124.325,-135,0.790528
164153, 107.041, 52, -1,-1,-1,38.8743,33.4102,0.025119,8.68e+08,11,125000,1,0,-1.3509,10413.7,0,-135.48,-135,0.790528
164155, 107.077, 27, -1,-1,-1,50.7509,3.14531,0.019953,8.68e+08,11,125000,1,0,18.5336,18685.7,0,-130.735,-135,0.790528
164157, 107.085, 51, -1,-1,-1,40.4208,27.6114,0.015849,8.68e+08,10,125000,1,0,1.64192,12756.7,0,-136.549,-133,0.436224
164170, 107.532, 13, -1,-1,-1,57.3143,-2.70899,0.019953,8.68e+08,11,125000,1,0,29.356,13369.4,1,-128.368,-135,0.790528
164183, 108.296, 24, -1,-1,-1,47.7606,11.929,0.019953,8.68e+08,12,125000,1,0,14.2927,18013.4,1,-131.829,-137,1.58106
164186, 108.317, 43, -1,-1,-1,55.5373,25.9108,0.019953,8.68e+08,10,125000,1,0,25.4476,5860.4,1,-129.154,-133,0.436224
164188, 108.362, 33, -1,-1,-1,49.0691,16.5595,0.015849,8.68e+08,10,125000,1,0,16.422,15939.1,0,-132.268,-133,0.436224
164195, 108.685, 26, -1,-1,-1,46.5003,4.98637,0.015849,8.68e+08,12,125000,1,0,11.4407,19352.5,0,-133.616,-137,1.58106
164202, 108.933, 10, -1,-1,-1,30.029,30.9233,0.019953,8.68e+08,12,125000,1,0,-7.99181,12793.8,0,-138.499,-137,1.58106
164224, 109.723, 0, -1,-1,-1,52.272,-2.15003,0.015849,8.68e+08,11,125000,1,0,19.0493,17333,0,-131.609,-135,0.790528
164232, 109.8, 41, -1,-1,-1,60.451,27.3692,0.019953,8.68e+08,11,125000,1,0,33.8761,-2667.67,1,-127.552,-135,0.790528
164239, 109.961, 22, -1,-1,-1,50.1724,11.2032,0.019953,8.68e+08,11,125000,1,0,19.5133,17691.5,0,-130.495,-135,0.790528
164246, 110.088, 34, -1,-1,-1,47.4425,21.3987,0.025119,8.68e+08,11,125000,1,0,12.3176,13948.8,0,-131.37,-135,0.790528
164248, 110.097, 3, -1,-1,-1,41.4821,-1.98577,0.015849,8.68e+08,12,125000,1,0,3.42597,19541.1,0,-135.997,-137,1.58106
164251, 110.22, 1, -1,-1,-1,49.3772,1.54038,0.025119,8.68e+08,10,125000,1,0,15.612,18843.5,1,-130.479,-133,0.436224
164258, 110.803, 5, -1,-1,-1,51.8039,6.80183,0.015849,8.68e+08,11,125000,1,0,22.9543,18141.7,0,-130.694,-135,0.790528
164265, 110.898, 15, -1,-1,-1,46.5738,3.1001,0.015849,8.68e+08,10,125000,1,0,11.449,19342.2,0,-133.613,-133,0.436224
164283, 111.142, 8, -1,-1,-1,59.4499,10.2152,0.025119,8.68e+08,12,125000,1,0,59.758,9893.82,1,-123.444,-137,1.58106
164285, 111.412, 40, -1,-1,-1,58.9757,26.2869,0.015849,8.68e+08,12,125000,1,0,32.9491,429.184,0,-128.712,-137,1.58106
164288, 111.474, 11, -1,-1,-1,57.2544,36.8221,0.015849,8.68e+08,10,125000,1,0,17.0549,-2534.23,1,-132.109,-133,0.436224
164296, 111.643, 49, -1,-1,-1,45.07,7.88241,0.019953,8.68e+08,11,125000,1,0,10.0308,19089,1,-133.017,-135,0.790528
164313, 112.489, 45, -1,-1,-1,49.0721,21.5918,0.025119,8.68e+08,12,125000,1,0,15.1361,13166.2,0,-130.604,-137,1.58106
164315, 112.617, 58, -1,-1,-1,61.5842,-8.00842,0.015849,8.68e+08,12,125000,1,0,28.9599,5048.95,0,-129.445,-137,1.58106
164328, 112.828, 28, -1,-1,-1,56.0984,11.391,0.025119,8.68e+08,11,125000,1,0,40.0404,14279.4,1,-125.585,-135,0.790528
164340, 113.055, 14, -1,-1,-1,55.1013,-6.63605,0.019953,8.68e+08,10,125000,1,0,21.104,13994.4,0,-130.118,-133,0.436224
164342, 113.183, 7, -1,-1,-1,49.1664,15.132,0.019953,8.68e+08,12,125000,1,0,17.2885,16393.7,0,-131.046,-137,1.58106
164344, 113.197, 20, -1,-1,-1,40.4442,-8.92386,0.019953,8.68e+08,11,125000,1,0,0.745594,18610.6,0,-135.828,-135,0.790528
164347, 113.228, 31, -1,-1,-1,53.4533,19.0186,0.025119,8.68e+08,10,125000,1,0,26.5668,12132.9,1,-127.919,-133,0.436224
164349, 113.484, 50, -1,-1,-1,39.7906,12.9554,0.019953,8.68e+08,12,125000,1,0,3.37884,18229.7,0,-135.009,-137,1.58106
164351, 114.52, 18, -1,-1,-1,39.8397,1.13302,0.025119,8.68e+08,12,125000,1,0,2.58741,19689.3,0,-134.254,-137,1.58106
164353, 114.531, 55, -1,-1,-1,28.9412,-14.4031,0.015849,8.68e+08,12,125000,1,0,-9.88757,18291.9,0,-140.055,-137,1.58106
164376, 115.979, 12, -1,-1,-1,54.1642,0.091911,0.025119,8.68e+08,11,125000,1,0,26.0008,16439.1,1,-128.036,-135,0.790528
164384, 116.765, 25, -1,-1,-1,46.7789,8.28843,0.015849,8.68e+08,11,125000,1,0,13.3287,18764.7,1,-133.089,-135,0.790528
164386, 116.771, 9, -1,-1,-1,38.3205,25.796,0.019953,8.68e+08,12,125000,1,0,0.333735,13639.3,0,-135.954,-137,1.58106
164389, 116.879, 46, -1,-1,-1,54.8178,27.999,0.019953,8.68e+08,10,125000,1,0,22.1934,4394.42,1,-129.866,-133,0.436224
164406, 117.37, 39, -1,-1,-1,46.5198,20.8019,0.025119,8.68e+08,10,125000,1,0,11.6031,14176.7,0,-131.569,-133,0.436224
164408, 117.451, 19, -1,-1,-1,39.8596,0.90327,0.015849,8.68e+08,12,125000,1,0,2.76583,19652.9,0,-136.199,-137,1.58106
164411, 117.605, 59, -1,-1,-1,69.9209,23.5589,0.025119,8.68e+08,10,125000,1,0,29.1116,-17127.5,1,-127.414,-133,0.436224
164414, 117.708, 38, -1,-1,-1,45.3001,15.8952,0.025119,8.68e+08,11,125000,1,0,10.7845,16692.4,1,-131.8,-135,0.790528
164432, 119.309, 44, -1,-1,-1,49.6811,31.6845,0.019953,8.68e+08,11,125000,1,0,11.3182,6366.04,1,-132.652,-135,0.790528
164440, 119.863, 29, -1,-1,-1,53.788,19.7678,0.015849,8.68e+08,10,125000,1,0,27.8333,10752.4,1,-129.663,-133,0.436224
164447, 120.056, 57, -1,-1,-1,34.6213,32.1051,0.015849,8.68e+08,11,125000,1,0,-4.24601,11364.7,0,-138.371,-135,0.790528
164459, 120.198, 21, -1,-1,-1,42.2017,-7.04016,0.019953,8.68e+08,12,125000,1,0,3.47165,18658.6,0,-134.983,-137,1.58106
164467, 120.873, 13, -1,-1,-1,57.3143,-2.70899,0.019953,8.68e+08,11,125000,1,0,31.558,12532.6,1,-127.957,-135,0.790528
164475, 121.497, 23, -1,-1,-1,54.1403,7.94096,0.025119,8.68e+08,12,125000,1,0,32.6954,16392.2,1,-126.754,-137,1.58106
164487, 121.758, 35, -1,-1,-1,45.9801,25.0541,0.025119,8.68e+08,12,125000,1,0,9.56632,12109,0,-132.152,-137,1.58106
164500, 121.991, 42, -1,-1,-1,57.8004,23.0841,0.019953,8.68e+08,10,125000,1,0,35.9175,3073.79,1,-127.212,-133,0.436224
164507, 122.184, 36, -1,-1,-1,43.812,25.0559,0.019953,8.68e+08,12,125000,1,0,6.76834,12784.2,0,-133.978,-137,1.58106
164515, 122.256, 6, -1,-1,-1,60.4258,15.6431,0.019953,8.68e+08,11,125000,1,0,64.5108,2353.46,1,-124.108,-135,0.790528
164532, 122.543, 52, -1,-1,-1,38.8743,33.4102,0.025119,8.68e+08,11,125000,1,0,-0.884787,9947.75,0,-135.334,-135,0.790528
164534, 122.567, 53, -1,-1,-1,64.7134,-23.4263,0.025119,8.68e+08,11,125000,1,0,13.552,-1954.7,0,-131.034,-135,0.790528
164541, 122.936, 22, -1,-1,-1,50.1724,11.2032,0.019953,8.68e+08,11,125000,1,0,21.3072,17439.5,0,-130.067,-135,0.790528
164543, 122.987, 32, -1,-1,-1,49.6037,16.4839,0.019953,8.68e+08,11,125000,1,0,19.098,15335.6,0,-130.594,-135,0.790528
164565, 123.514, 3, -1,-1,-1,41.4821,-1.98577,0.015849,8.68e+08,12,125000,1,0,4.36715,19582.4,0,-135.706,-137,1.58106
164572, 123.921, 16, -1,-1,-1,43.0289,3.59424,0.019953,8.68e+08,10,125000,1,0,7.61949,19620.7,0,-133.723,-133,0.436224
164574, 123.928, 58, -1,-1,-1,61.5842,-8.00842,0.015849,8.68e+08,12,125000,1,0,29.5676,3978.08,0,-129.327,-137,1.58106
164577, 123.954, 47, -1,-1,-1,60.1499,6.23873,0.025119,8.68e+08,11,125000,1,0,63.0977,7434.41,1,-123.201,-135,0.790528
164579, 124.002, 4, -1,-1,-1,41.3807,10.7829,0.015849,8.68e+08,12,125000,1,0,6.03324,18701.4,0,-135.198,-137,1.58106
164581, 124.018, 30, -1,-1,-1,49.3708,19.7672,0.019953,8.68e+08,12,125000,1,0,17.4366,13612.7,0,-131.007,-137,1.58106
164583, 124.246, 48, -1,-1,-1,56.7773,13.3766,0.025119,8.68e+08,12,125000,1,0,46.2429,11576.9,0,-124.765,-137,1.58106
164591, 124.341, 14, -1,-1,-1,55.1013,-6.63605,0.019953,8.68e+08,10,125000,1,0,22.4117,13543.7,1,-129.816,-133,0.436224
164608, 124.669, 37, -1,-1,-1,41.1025,24.9953,0.025119,8.68e+08,12,125000,1,0,3.75515,13379.8,0,-133.894,-137,1.58106
164616, 124.989, 8, -1,-1,-1,59.4499,10.2152,0.025119,8.68e+08,12,125000,1,0,66.6008,7891.67,1,-122.981,-137,1.58106
164618, 124.997, 15, -1,-1,-1,46.5738,3.1001,0.015849,8.68e+08,10,125000,1,0,12.8757,19307.1,0,-133.213,-133,0.436224
164620, 125.096, 2, -1,-1,-1,51.9313,12.445,0.025119,8.68e+08,11,125000,1,0,26.4176,16200.3,0,-127.948,-135,0.790528
164622, 125.207, 34, -1,-1,-1,47.4425,21.3987,0.025119,8.68e+08,11,125000,1,0,13.4355,13366,0,-131.06,-135,0.790528
164629, 125.484, 41, -1,-1,-1,60.451,27.3692,0.019953,8.68e+08,11,125000,1,0,33.0129,-4555.62,0,-127.699,-135,0.790528
164647, 125.873, 1, -1,-1,-1,49.3772,1.54038,0.025119,8.68e+08,10,125000,1,0,17.5236,18693.8,1,-129.985,-133,0.436224
164649, 126.136, 56, -1,-1,-1,34.569,15.3924,0.015849,8.68e+08,12,125000,1,0,-1.4106,17655.7,0,-137.492,-137,1.58106
164657, 126.367, 27, -1,-1,-1,50.7509,3.14531,0.019953,8.68e+08,11,125000,1,0,21.2762,18367.5,1,-130.075,-135,0.790528
164670, 127.062, 43, -1,-1,-1,55.5373,25.9108,0.019953,8.68e+08,10,125000,1,0,26.3883,3955.52,1,-128.955,-133,0.436224
164672, 127.261, 54, -1,-1,-1,32.7894,-16.8765,0.015849,8.68e+08,12,125000,1,0,-7.1452,17707.5,0,-139.25,-137,1.58106
164680, 127.334, 40, -1,-1,-1,58.9757,26.2869,0.015849,8.68e+08,12,125000,1,0,32.8039,-1530.8,1,-128.735,-137,1.58106
164697, 127.76, 50, -1,-1,-1,39.7906,12.9554,0.019953,8.68e+08,12,125000,1,0,4.30995,18142.5,0,-134.722,-137,1.58106
164699, 128.033, 18, -1,-1,-1,39.8397,1.13302,0.025119,8.68e+08,12,125000,1,0,3.51271,19741.2,0,-133.967,-137,1.58106
164701, 128.09, 51, -1,-1,-1,40.4208,27.6114,0.015849,8.68e+08,10,125000,1,0,2.5117,12098.9,0,-136.278,-133,0.436224
164704, 128.111, 5, -1,-1,-1,51.8039,6.80183,0.015849,8.68e+08,11,125000,1,0,25.9428,17743.5,1,-130.046,-135,0.790528
164741, 129.035, 26, -1,-1,-1,46.5003,4.98637,0.015849,8.68e+08,12,125000,1,0,13.5262,19188.4,0,-133.034,-137,1.58106
164748, 129.091, 9, -1,-1,-1,38.3205,25.796,0.019953,8.68e+08,12,125000,1,0,0.859823,13390.1,0,-135.789,-137,1.58106
164760, 129.379, 11, -1,-1,-1,57.2544,36.8221,0.015849,8.68e+08,10,125000,1,0,16.6596,-3991.84,0,-132.208,-133,0.436224
164763, 129.409, 17, -1,-1,-1,51.5697,4.02995,0.019953,8.68e+08,10,125000,1,0,24.3378,17956.7,1,-129.387,-133,0.436224
164765, 129.497, 33, -1,-1,-1,49.0691,16.5595,0.015849,8.68e+08,10,125000,1,0,18.6673,15141,0,-131.699,-133,0.436224
164767, 129.524, 38, -1,-1,-1,45.3001,15.8952,0.025119,8.68e+08,11,125000,1,0,11.7709,16489.6,0,-131.52,-135,0.790528
164775, 129.719, 12, -1,-1,-1,54.1642,0.091911,0.025119,8.68e+08,11,125000,1,0,28.4599,15968.5,1,-127.538,-135,0.790528
164777, 129.972, 10, -1,-1,-1,30.029,30.9233,0.019953,8.68e+08,12,125000,1,0,-7.33878,12390.3,0,-138.304,-137,1.58106
164789, 130.382, 19, -1,-1,-1,39.8596,0.90327,0.015849,8.68e+08,12,125000,1,0,3.65673,19711.1,0,-135.923,-137,1.58106
164791, 130.41, 49, -1,-1,-1,45.07,7.88241,0.019953,8.68e+08,11,125000,1,0,11.7925,18934.2,0,-132.513,-135,0.790528
164793, 130.501, 7, -1,-1,-1,49.1664,15.132,0.019953,8.68e+08,12,125000,1,0,19.2696,15831.4,0,-130.551,-137,1.58106
164796, 130.59, 31, -1,-1,-1,53.4533,19.0186,0.025119,8.68e+08,10,125000,1,0,28.8152,10807.8,1,-127.469,-133,0.436224
164803, 130.761, 45, -1,-1,-1,49.0721,21.5918,0.025119,8.68e+08,12,125000,1,0,16.5972,12256.1,0,-130.221,-137,1.58106
164806, 130.796, 0, -1,-1,-1,52.272,-2.15003,0.015849,8.68e+08,11,125000,1,0,21.8885,16731.6,1,-130.933,-135,0.790528
164808, 130.948, 24, -1,-1,-1,47.7606,11.929,0.019953,8.68e+08,12,125000,1,0,16.7822,17523.2,0,-131.172,-137,1.58106
164826, 131.402, 59, -1,-1,-1,69.9209,23.5589,0.025119,8.68e+08,10,125000,1,0,26.402,-17506.1,1,-127.952,-133,0.436224
164828, 131.514, 25, -1,-1,-1,46.7789,8.28843,0.015849,8.68e+08,11,125000,1,0,14.9247,18638,0,-132.657,-135,0.790528
164831, 131.816, 28, -1,-1,-1,56.0984,11.391,0.025119,8.68e+08,11,125000,1,0,45.8421,12653.9,1,-124.813,-135,0.790528
164839, 132.658, 13, -1,-1,-1,57.3143,-2.70899,0.019953,8.68e+08,11,125000,1,0,33.544,11379.5,1,-127.606,-135,0.790528
164842, 132.709, 21, -1,-1,-1,42.2017,-7.04016,0.019953,8.68e+08,12,125000,1,0,4.31341,18673,1,-134.723,-137,1.58106
164870, 134.702, 46, -1,-1,-1,54.8178,27.999,0.019953,8.68e+08,10,125000,1,0,22.7491,2700.34,1,-129.738,-133,0.436224
164878, 134.972, 53, -1,-1,-1,64.7134,-23.4263,0.025119,8.68e+08,11,125000,1,0,13.3729,-2994.28,1,-131.082,-135,0.790528
164880, 135.032, 52, -1,-1,-1,38.8743,33.4102,0.025119,8.68e+08,11,125000,1,0,-0.521428,9422.3,0,-135.22,-135,0.790528
164888, 135.32, 39, -1,-1,-1,46.5198,20.8019,0.025119,8.68e+08,10,125000,1,0,12.9159,13486.8,1,-131.201,-133,0.436224
164895, 135.841, 55, -1,-1,-1,28.9412,-14.4031,0.015849,8.68e+08,12,125000,1,0,-8.95854,18277.7,0,-139.783,-137,1.58106
164903, 136.105, 30, -1,-1,-1,49.3708,19.7672,0.019953,8.68e+08,12,125000,1,0,18.5545,12863.8,1,-130.726,-137,1.58106
164906, 136.417, 1, -1,-1,-1,49.3772,1.54038,0.025119,8.68e+08,10,125000,1,0,18.9084,18399.2,1,-129.639,-133,0.436224
164908, 136.54, 20, -1,-1,-1,40.4442,-8.92386,0.019953,8.68e+08,11,125000,1,0,2.16036,18460.6,0,-135.387,-135,0.790528
164910, 136.881, 36, -1,-1,-1,43.812,25.0559,0.019953,8.68e+08,12,125000,1,0,7.5232,12096.2,0,-133.751,-137,1.58106
164923, 137.321, 42, -1,-1,-1,57.8004,23.0841,0.019953,8.68e+08,10,125000,1,0,36.4033,807.346,1,-127.133,-133,0.436224
164930, 138.782, 56, -1,-1,-1,34.569,15.3924,0.015849,8.68e+08,12,125000,1,0,-0.749769,17420.4,0,-137.286,-137,1.58106
164937, 139.556, 32, -1,-1,-1,49.6037,16.4839,0.019953,8.68e+08,11,125000,1,0,21.0101,14412.8,0,-130.135,-135,0.790528
164945, 140.107, 2, -1,-1,-1,51.9313,12.445,0.025119,8.68e+08,11,125000,1,0,29.0955,15291,1,-127.413,-135,0.790528
164947, 140.393, 57, -1,-1,-1,34.6213,32.1051,0.015849,8.68e+08,11,125000,1,0,-3.62842,10830.1,0,-138.18,-135,0.790528
164980, 141.216, 22, -1,-1,-1,50.1724,11.2032,0.019953,8.68e+08,11,125000,1,0,24.0624,16890.4,1,-129.445,-135,0.790528
164983, 141.387, 31, -1,-1,-1,53.4533,19.0186,0.025119,8.68e+08,10,125000,1,0,30.1848,9971.09,1,-127.206,-133,0.436224
164990, 141.587, 44, -1,-1,-1,49.6811,31.6845,0.019953,8.68e+08,11,125000,1,0,11.964,5051.92,0,-132.468,-135,0.790528
164992, 141.609, 29, -1,-1,-1,53.788,19.7678,0.015849,8.68e+08,10,125000,1,0,30.432,9025.16,0,-129.16,-133,0.436224
165004, 142.305, 25, -1,-1,-1,46.7789,8.28843,0.015849,8.68e+08,11,125000,1,0,16.1662,18584.5,0,-132.329,-135,0.790528
165012, 142.472, 48, -1,-1,-1,56.7773,13.3766,0.025119,8.68e+08,12,125000,1,0,51.8073,9372.35,1,-124.147,-137,1.58106
165029, 142.637, 26, -1,-1,-1,46.5003,4.98637,0.015849,8.68e+08,12,125000,1,0,15.0377,19128.3,0,-132.626,-137,1.58106
165047, 143.221, 14, -1,-1,-1,55.1013,-6.63605,0.019953,8.68e+08,10,125000,1,0,24.6534,12449,1,-129.319,-133,0.436224
165050, 143.241, 47, -1,-1,-1,60.1499,6.23873,0.025119,8.68e+08,11,125000,1,0,70.306,4017.02,1,-122.782,-135,0.790528
165062, 143.41, 6, -1,-1,-1,60.4258,15.6431,0.019953,8.68e+08,11,125000,1,0,64.6585,-1722.78,0,-124.096,-135,0.790528
165064, 143.427, 27, -1,-1,-1,50.7509,3.14531,0.019953,8.68e+08,11,125000,1,0,24.0017,18038.9,0,-129.458,-135,0.790528
165066, 143.469, 21, -1,-1,-1,42.2017,-7.04016,0.019953,8.68e+08,12,125000,1,0,5.05914,18707.9,0,-134.494,-137,1.58106
165073, 143.618, 23, -1,-1,-1,54.1403,7.94096,0.025119,8.68e+08,12,125000,1,0,38.4415,15493.4,0,-125.816,-137,1.58106
165081, 143.941, 15, -1,-1,-1,46.5738,3.1001,0.015849,8.68e+08,10,125000,1,0,14.9497,19151.9,1,-132.649,-133,0.436224
165084, 144.085, 8, -1,-1,-1,59.4499,10.2152,0.025119,8.68e+08,12,125000,1,0,76.8723,4445.15,1,-122.52,-137,1.58106
165086, 144.107, 5, -1,-1,-1,51.8039,6.80183,0.015849,8.68e+08,11,125000,1,0,29.0619,17295.2,0,-129.419,-135,0.790528
165118, 144.579, 37, -1,-1,-1,41.1025,24.9953,0.025119,8.68e+08,12,125000,1,0,4.69813,12745.7,0,-133.603,-137,1.58106
165120, 144.744, 18, -1,-1,-1,39.8397,1.13302,0.025119,8.68e+08,12,125000,1,0,4.70654,19747.9,0,-133.599,-137,1.58106
165122, 144.754, 33, -1,-1,-1,49.0691,16.5595,0.015849,8.68e+08,10,125000,1,0,20.3714,14516.3,0,-131.285,-133,0.436224
165125, 144.87, 46, -1,-1,-1,54.8178,27.999,0.019953,8.68e+08,10,125000,1,0,22.9478,1798.35,1,-129.693,-133,0.436224
165127, 144.945, 58, -1,-1,-1,61.5842,-8.00842,0.015849,8.68e+08,12,125000,1,0,30.2595,1594.22,0,-129.194,-137,1.58106
165134, 145.425, 40, -1,-1,-1,58.9757,26.2869,0.015849,8.68e+08,12,125000,1,0,32.0962,-3738.23,0,-128.858,-137,1.58106
165146, 145.712, 24, -1,-1,-1,47.7606,11.929,0.019953,8.68e+08,12,125000,1,0,18.5439,17212,0,-130.727,-137,1.58106
165149, 145.772, 17, -1,-1,-1,51.5697,4.02995,0.019953,8.68e+08,10,125000,1,0,27.3257,17556.7,1,-128.761,-133,0.436224
165156, 146.085, 45, -1,-1,-1,49.0721,21.5918,0.025119,8.68e+08,12,125000,1,0,17.8134,11423.6,0,-129.91,-137,1.58106
165158, 146.086, 9, -1,-1,-1,38.3205,25.796,0.019953,8.68e+08,12,125000,1,0,1.58115,12947.8,0,-135.564,-137,1.58106
165160, 146.147, 35, -1,-1,-1,45.9801,25.0541,0.025119,8.68e+08,12,125000,1,0,10.8998,10931.6,0,-131.766,-137,1.58106
165162, 146.4, 49, -1,-1,-1,45.07,7.88241,0.019953,8.68e+08,11,125000,1,0,13.4067,18802.6,0,-132.064,-135,0.790528
165169, 146.449, 53, -1,-1,-1,64.7134,-23.4263,0.025119,8.68e+08,11,125000,1,0,13.1559,-3665.56,0,-131.14,-135,0.790528
165187, 147.185, 11, -1,-1,-1,57.2544,36.8221,0.015849,8.68e+08,10,125000,1,0,16.1088,-5378.96,1,-132.349,-133,0.436224
165199, 147.443, 4, -1,-1,-1,41.3807,10.7829,0.015849,8.68e+08,12,125000,1,0,7.81218,18435.8,0,-134.662,-137,1.58106
165216, 147.955, 34, -1,-1,-1,47.4425,21.3987,0.025119,8.68e+08,11,125000,1,0,15.1248,12250.9,0,-130.603,-135,0.790528
165218, 148, 3, -1,-1,-1,41.4821,-1.98577,0.015849,8.68e+08,12,125000,1,0,6.18346,19462.5,0,-135.151,-137,1.58106
165220, 148.044, 54, -1,-1,-1,32.7894,-16.8765,0.015849,8.68e+08,12,125000,1,0,-6.21976,17628.5,0,-138.971,-137,1.58106
165223, 148.187, 41, -1,-1,-1,60.451,27.3692,0.019953,8.68e+08,11,125000,1,0,31.1182,-7187.16,1,-128.034,-135,0.790528
165225, 148.343, 16, -1,-1,-1,43.0289,3.59424,0.019953,8.68e+08,10,125000,1,0,9.73418,19461.6,0,-133.098,-133,0.436224
165228, 148.387, 59, -1,-1,-1,69.9209,23.5589,0.025119,8.68e+08,10,125000,1,0,23.4171,-17930.8,1,-128.588,-133,0.436224
165235, 149, 55, -1,-1,-1,28.9412,-14.4031,0.015849,8.68e+08,12,125000,1,0,-8.37602,18352.7,0,-139.611,-137,1.58106
165248, 149.514, 7, -1,-1,-1,49.1664,15.132,0.019953,8.68e+08,12,125000,1,0,21.5873,15057.6,1,-129.999,-137,1.58106
165261, 149.63, 42, -1,-1,-1,57.8004,23.0841,0.019953,8.68e+08,10,125000,1,0,36.4078,-752.021,1,-127.13,-133,0.436224
165263, 149.64, 52, -1,-1,-1,38.8743,33.4102,0.025119,8.68e+08,11,125000,1,0,-0.111791,8945.65,0,-135.092,-135,0.790528
165265, 149.744, 43, -1,-1,-1,55.5373,25.9108,0.019953,8.68e+08,10,125000,1,0,27.0341,1458.47,0,-128.821,-133,0.436224
165277, 150.326, 0, -1,-1,-1,52.272,-2.15003,0.015849,8.68e+08,11,125000,1,0,24.8094,16045.1,0,-130.283,-135,0.790528
165284, 150.811, 38, -1,-1,-1,45.3001,15.8952,0.025119,8.68e+08,11,125000,1,0,13.6251,15884,0,-131.004,-135,0.790528
165286, 150.827, 32, -1,-1,-1,49.6037,16.4839,0.019953,8.68e+08,11,125000,1,0,22.358,13936.3,0,-129.823,-135,0.790528
165414, 151.154, 50, -1,-1,-1,39.7906,12.9554,0.019953,8.68e+08,12,125000,1,0,5.90103,17836.7,1,-134.234,-137,1.58106
165431, 151.983, 51, -1,-1,-1,40.4208,27.6114,0.015849,8.68e+08,10,125000,1,0,3.47671,11243.7,0,-135.978,-133,0.436224
165433, 151.998, 12, -1,-1,-1,54.1642,0.091911,0.025119,8.68e+08,11,125000,1,0,32.9109,14773.2,0,-126.712,-135,0.790528
165440, 152.265, 19, -1,-1,-1,39.8596,0.90327,0.015849,8.68e+08,12,125000,1,0,5.24165,19651.6,0,-135.435,-137,1.58106
165447, 152.47, 10, -1,-1,-1,30.029,30.9233,0.019953,8.68e+08,12,125000,1,0,-6.65361,11909.9,0,-138.098,-137,1.58106
165449, 152.526, 13, -1,-1,-1,57.3143,-2.70899,0.019953,8.68e+08,11,125000,1,0,36.878,9483.96,0,-127.056,-135,0.790528
165452, 152.813, 28, -1,-1,-1,56.0984,11.391,0.025119,8.68e+08,11,125000,1,0,53.1046,10242,1,-124.016,-135,0.790528
165459, 153.226, 44, -1,-1,-1,49.6811,31.6845,0.019953,8.68e+08,11,125000,1,0,12.2392,4146.33,0,-132.39,-135,0.790528
165467, 153.721, 22, -1,-1,-1,50.1724,11.2032,0.019953,8.68e+08,11,125000,1,0,26.1183,16256.9,1,-129.006,-135,0.790528
165470, 153.882, 31, -1,-1,-1,53.4533,19.0186,0.025119,8.68e+08,10,125000,1,0,31.7031,8591.03,1,-126.926,-133,0.436224
165488, 155.193, 6, -1,-1,-1,60.4258,15.6431,0.019953,8.68e+08,11,125000,1,0,62.6103,-4160.62,1,-124.229,-135,0.790528
165520, 156.045, 57, -1,-1,-1,34.6213,32.1051,0.015849,8.68e+08,11,125000,1,0,-3.16651,10429.3,0,-138.037,-135,0.790528
165527, 156.266, 26, -1,-1,-1,46.5003,4.98637,0.015849,8.68e+08,12,125000,1,0,16.6623,18812.5,0,-132.2,-137,1.58106
165535, 156.51, 2, -1,-1,-1,51.9313,12.445,0.025119,8.68e+08,11,125000,1,0,32.2834,14389.8,1,-126.821,-135,0.790528
165547, 156.562, 35, -1,-1,-1,45.9801,25.0541,0.025119,8.68e+08,12,125000,1,0,11.4513,10301.6,0,-131.608,-137,1.58106
165549, 156.67, 15, -1,-1,-1,46.5738,3.1001,0.015849,8.68e+08,10,125000,1,0,16.461,18862.4,0,-132.252,-133,0.436224
165552, 156.904, 40, -1,-1,-1,58.9757,26.2869,0.015849,8.68e+08,12,125000,1,0,31.3799,-5241.62,1,-128.985,-137,1.58106
165555, 156.978, 33, -1,-1,-1,49.0691,16.5595,0.015849,8.68e+08,10,125000,1,0,21.7818,13757.9,1,-130.953,-133,0.436224
165567, 157.279, 37, -1,-1,-1,41.1025,24.9953,0.025119,8.68e+08,12,125000,1,0,5.29359,12195.2,0,-133.42,-137,1.58106
165570, 157.337, 47, -1,-1,-1,60.1499,6.23873,0.025119,8.68e+08,11,125000,1,0,73.4151,928.109,1,-122.642,-135,0.790528
165572, 157.469, 36, -1,-1,-1,43.812,25.0559,0.019953,8.68e+08,12,125000,1,0,8.56148,11223,0,-133.442,-137,1.58106
165579, 157.601, 4, -1,-1,-1,41.3807,10.7829,0.015849,8.68e+08,12,125000,1,0,8.6221,18216.1,0,-134.421,-137,1.58106
165581, 157.661, 11, -1,-1,-1,57.2544,36.8221,0.015849,8.68e+08,10,125000,1,0,15.7193,-6271.13,0,-132.449,-133,0.436224
165584, 157.922, 1, -1,-1,-1,49.3772,1.54038,0.025119,8.68e+08,10,125000,1,0,22.018,17968.1,1,-128.899,-133,0.436224
165586, 158.02, 9, -1,-1,-1,38.3205,25.796,0.019953,8.68e+08,12,125000,1,0,2.08328,12494.5,0,-135.407,-137,1.58106
165588, 158.061, 27, -1,-1,-1,50.7509,3.14531,0.019953,8.68e+08,11,125000,1,0,26.6105,17440.1,0,-128.904,-135,0.790528
165620, 159.601, 39, -1,-1,-1,46.5198,20.8019,0.025119,8.68e+08,10,125000,1,0,14.7064,12322.8,0,-130.712,-133,0.436224
165622, 159.607, 49, -1,-1,-1,45.07,7.88241,0.019953,8.68e+08,11,125000,1,0,14.8305,18485.1,0,-131.678,-135,0.790528
165635, 159.774, 29, -1,-1,-1,53.788,19.7678,0.015849,8.68e+08,10,125000,1,0,32.3745,6884.9,1,-128.805,-133,0.436224
165643, 159.92, 23, -1,-1,-1,54.1403,7.94096,0.025119,8.68e+08,12,125000,1,0,43.4385,14056.2,1,-125.112,-137,1.58106
165645, 160.275, 53, -1,-1,-1,64.7134,-23.4263,0.025119,8.68e+08,11,125000,1,0,12.8329,-4780.13,0,-131.228,-135,0.790528
165647, 160.511, 20, -1,-1,-1,40.4442,-8.92386,0.019953,8.68e+08,11,125000,1,0,3.68847,18266,0,-134.912,-135,0.790528
165654, 160.813, 30, -1,-1,-1,49.3708,19.7672,0.019953,8.68e+08,12,125000,1,0,20.8466,11329.4,0,-130.171,-137,1.58106
165671, 161.348, 21, -1,-1,-1,42.2017,-7.04016,0.019953,8.68e+08,12,125000,1,0,6.34679,18372.9,0,-134.101,-137,1.58106
165673, 161.368, 24, -1,-1,-1,47.7606,11.929,0.019953,8.68e+08,12,125000,1,0,20.5466,16564.2,0,-130.241,-137,1.58106
165676, 161.425, 46, -1,-1,-1,54.8178,27.999,0.019953,8.68e+08,10,125000,1,0,23.0743,170.475,1,-129.662,-133,0.436224
165689, 162.178, 8, -1,-1,-1,59.4499,10.2152,0.025119,8.68e+08,12,125000,1,0,85.3813,811.116,1,-122.336,-137,1.58106
165697, 162.297, 25, -1,-1,-1,46.7789,8.28843,0.015849,8.68e+08,11,125000,1,0,18.6558,18238,1,-131.697,-135,0.790528
165699, 162.737, 45, -1,-1,-1,49.0721,21.5918,0.025119,8.68e+08,12,125000,1,0,19.104,10388.4,0,-129.588,-137,1.58106
165711, 162.872, 56, -1,-1,-1,34.569,15.3924,0.015849,8.68e+08,12,125000,1,0,0.538563,17302.4,0,-136.883,-137,1.58106
165724, 163.185, 43, -1,-1,-1,55.5373,25.9108,0.019953,8.68e+08,10,125000,1,0,27.1295,38.4658,1,-128.8,-133,0.436224
165741, 163.59, 18, -1,-1,-1,39.8397,1.13302,0.025119,8.68e+08,12,125000,1,0,6.12745,19716.4,0,-133.165,-137,1.58106
165743, 163.774, 50, -1,-1,-1,39.7906,12.9554,0.019953,8.68e+08,12,125000,1,0,6.7959,17733,0,-133.963,-137,1.58106
165746, 163.897, 13, -1,-1,-1,57.3143,-2.70899,0.019953,8.68e+08,11,125000,1,0,38.6967,8388.84,1,-126.776,-135,0.790528
165748, 163.94, 32, -1,-1,-1,49.6037,16.4839,0.019953,8.68e+08,11,125000,1,0,23.9662,13262.2,0,-129.463,-135,0.790528
165765, 164.319, 55, -1,-1,-1,28.9412,-14.4031,0.015849,8.68e+08,12,125000,1,0,-7.68871,18395.4,0,-139.407,-137,1.58106
165767, 164.339, 52, -1,-1,-1,38.8743,33.4102,0.025119,8.68e+08,11,125000,1,0,0.281852,8439.3,0,-134.969,-135,0.790528
165775, 164.64, 16, -1,-1,-1,43.0289,3.59424,0.019953,8.68e+08,10,125000,1,0,11.2639,19403.1,1,-132.658,-133,0.436224
165778, 164.765, 5, -1,-1,-1,51.8039,6.80183,0.015849,8.68e+08,11,125000,1,0,33.7155,16437.2,1,-128.571,-135,0.790528
165781, 164.967, 48, -1,-1,-1,56.7773,13.3766,0.025119,8.68e+08,12,125000,1,0,58.3103,5897.26,1,-123.551,-137,1.58106
165783, 165.012, 54, -1,-1,-1,32.7894,-16.8765,0.015849,8.68e+08,12,125000,1,0,-5.451,17594,0,-138.737,-137,1.58106
165785, 165.598, 58, -1,-1,-1,61.5842,-8.00842,0.015849,8.68e+08,12,125000,1,0,30.3205,-805.538,0,-129.179,-137,1.58106
165792, 166.2, 19, -1,-1,-1,39.8596,0.90327,0.015849,8.68e+08,12,125000,1,0,6.3081,19680.2,0,-135.11,-137,1.58106
165805, 166.787, 14, -1,-1,-1,55.1013,-6.63605,0.019953,8.68e+08,10,125000,1,0,27.4774,10707.6,1,-128.729,-133,0.436224
165807, 167.221, 10, -1,-1,-1,30.029,30.9233,0.019953,8.68e+08,12,125000,1,0,-6.21295,11632.2,0,-137.964,-137,1.58106
165810, 167.41, 44, -1,-1,-1,49.6811,31.6845,0.019953,8.68e+08,11,125000,1,0,12.5109,3191.19,1,-132.313,-135,0.790528
165823, 167.874, 31, -1,-1,-1,53.4533,19.0186,0.025119,8.68e+08,10,125000,1,0,33.2607,7168.62,1,-126.649,-133,0.436224
165826, 168.303, 22, -1,-1,-1,50.1724,11.2032,0.019953,8.68e+08,11,125000,1,0,28.7094,15668.8,1,-128.483,-135,0.790528
165854, 169.161, 41, -1,-1,-1,60.451,27.3692,0.019953,8.68e+08,11,125000,1,0,28.9057,-9300.74,1,-128.448,-135,0.790528
165857, 169.277, 59, -1,-1,-1,69.9209,23.5589,0.025119,8.68e+08,10,125000,1,0,20.1848,-18386.4,1,-129.329,-133,0.436224
165879, 169.946, 26, -1,-1,-1,46.5003,4.98637,0.015849,8.68e+08,12,125000,1,0,18.4202,18697.7,0,-131.754,-137,1.58106
165886, 169.978, 29, -1,-1,-1,53.788,19.7678,0.015849,8.68e+08,10,125000,1,0,33.3141,5848.73,0,-128.64,-133,0.436224
165893, 170.387, 17, -1,-1,-1,51.5697,4.02995,0.019953,8.68e+08,10,125000,1,0,32.5876,16576,0,-127.766,-133,0.436224
165895, 170.478, 35, -1,-1,-1,45.9801,25.0541,0.025119,8.68e+08,12,125000,1,0,12.1644,9592.3,0,-131.407,-137,1.58106
165897, 170.596, 0, -1,-1,-1,52.272,-2.15003,0.015849,8.68e+08,11,125000,1,0,28.1696,15124.4,0,-129.59,-135,0.790528
165900, 170.696, 12, -1,-1,-1,54.1642,0.091911,0.025119,8.68e+08,11,125000,1,0,37.1173,13521.2,1,-126.015,-135,0.790528
165902, 170.74, 3, -1,-1,-1,41.4821,-1.98577,0.015849,8.68e+08,12,125000,1,0,8.00357,19337.6,0,-134.604,-137,1.58106
165915, 171.202, 7, -1,-1,-1,49.1664,15.132,0.019953,8.68e+08,12,125000,1,0,24.4062,13929.4,1,-129.366,-137,1.58106
165917, 171.279, 51, -1,-1,-1,40.4208,27.6114,0.015849,8.68e+08,10,125000,1,0,4.22962,10515.8,0,-135.745,-133,0.436224
165924, 171.63, 36, -1,-1,-1,43.812,25.0559,0.019953,8.68e+08,12,125000,1,0,9.25611,10619,0,-133.237,-137,1.58106
165931, 171.933, 15, -1,-1,-1,46.5738,3.1001,0.015849,8.68e+08,10,125000,1,0,18.419,18718.9,0,-131.754,-133,0.436224
165934, 171.99, 34, -1,-1,-1,47.4425,21.3987,0.025119,8.68e+08,11,125000,1,0,16.8828,10853.6,1,-130.142,-135,0.790528
165942, 172.273, 42, -1,-1,-1,57.8004,23.0841,0.019953,8.68e+08,10,125000,1,0,35.5291,-3797.56,1,-127.269,-133,0.436224
165945, 172.882, 38, -1,-1,-1,45.3001,15.8952,0.025119,8.68e+08,11,125000,1,0,15.653,15114.8,1,-130.46,-135,0.790528
165978, 173.874, 28, -1,-1,-1,56.0984,11.391,0.025119,8.68e+08,11,125000,1,0,60.8303,7120.12,1,-123.354,-135,0.790528
165980, 174.296, 53, -1,-1,-1,64.7134,-23.4263,0.025119,8.68e+08,11,125000,1,0,12.4415,-5605.76,0,-131.334,-135,0.790528
165987, 174.315, 6, -1,-1,-1,60.4258,15.6431,0.019953,8.68e+08,11,125000,1,0,57.2877,-7399.47,0,-124.634,-135,0.790528
165989, 174.334, 57, -1,-1,-1,34.6213,32.1051,0.015849,8.68e+08,11,125000,1,0,-2.64381,9901.17,0,-137.874,-135,0.790528
165996, 174.479, 4, -1,-1,-1,41.3807,10.7829,0.015849,8.68e+08,12,125000,1,0,10.0257,18020,0,-134.011,-137,1.58106
166003, 174.888, 33, -1,-1,-1,49.0691,16.5595,0.015849,8.68e+08,10,125000,1,0,23.9045,12729.5,0,-130.475,-133,0.436224
166005, 174.936, 37, -1,-1,-1,41.1025,24.9953,0.025119,8.68e+08,12,125000,1,0,6.10911,11548.6,0,-133.171,-137,1.58106
166013, 175.318, 1, -1,-1,-1,49.3772,1.54038,0.025119,8.68e+08,10,125000,1,0,24.8672,17574.8,1,-128.267,-133,0.436224
166020, 175.768, 52, -1,-1,-1,38.8743,33.4102,0.025119,8.68e+08,11,125000,1,0,0.573848,7903.49,0,-134.877,-135,0.790528
166023, 175.885, 30, -1,-1,-1,49.3708,19.7672,0.019953,8.68e+08,12,125000,1,0,22.2171,10329.1,1,-129.852,-137,1.58106
166035, 176.308, 20, -1,-1,-1,40.4442,-8.92386,0.019953,8.68e+08,11,125000,1,0,4.74259,18193.7,0,-134.587,-135,0.790528
166038, 176.332, 39, -1,-1,-1,46.5198,20.8019,0.025119,8.68e+08,10,125000,1,0,15.9319,11460.7,1,-130.387,-133,0.436224
166055, 177.483, 24, -1,-1,-1,47.7606,11.929,0.019953,8.68e+08,12,125000,1,0,22.7656,16031.5,0,-129.727,-137,1.58106
166077, 177.948, 45, -1,-1,-1,49.0721,21.5918,0.025119,8.68e+08,12,125000,1,0,20.2308,9142.15,0,-129.315,-137,1.58106
166079, 178.302, 49, -1,-1,-1,45.07,7.88241,0.019953,8.68e+08,11,125000,1,0,17.0065,18203.5,0,-131.108,-135,0.790528
166091, 178.4, 56, -1,-1,-1,34.569,15.3924,0.015849,8.68e+08,12,125000,1,0,1.39058,16965.7,0,-136.617,-137,1.58106
166093, 178.425, 27, -1,-1,-1,50.7509,3.14531,0.019953,8.68e+08,11,125000,1,0,30.7482,16722.9,0,-128.096,-135,0.790528
166101, 178.604, 47, -1,-1,-1,60.1499,6.23873,0.025119,8.68e+08,11,125000,1,0,71.2654,-3328.86,1,-122.731,-135,0.790528
166109, 178.801, 11, -1,-1,-1,57.2544,36.8221,0.015849,8.68e+08,10,125000,1,0,14.808,-7789.38,1,-132.688,-133,0.436224
166111, 178.82, 55, -1,-1,-1,28.9412,-14.4031,0.015849,8.68e+08,12,125000,1,0,-7.02855,18212.9,0,-139.209,-137,1.58106
166118, 179.393, 21, -1,-1,-1,42.2017,-7.04016,0.019953,8.68e+08,12,125000,1,0,7.71442,18233.1,0,-133.69,-137,1.58106
166120, 179.424, 44, -1,-1,-1,49.6811,31.6845,0.019953,8.68e+08,11,125000,1,0,12.6828,2212.85,0,-132.264,-135,0.790528
166133, 179.66, 13, -1,-1,-1,57.3143,-2.70899,0.019953,8.68e+08,11,125000,1,0,40.9646,6159.81,1,-126.445,-135,0.790528
166145, 179.951, 9, -1,-1,-1,38.3205,25.796,0.019953,8.68e+08,12,125000,1,0,2.99263,11772.6,0,-135.124,-137,1.58106
166148, 180.011, 40, -1,-1,-1,58.9757,26.2869,0.015849,8.68e+08,12,125000,1,0,29.4436,-7789.24,1,-129.343,-137,1.58106
166155, 180.372, 5, -1,-1,-1,51.8039,6.80183,0.015849,8.68e+08,11,125000,1,0,37.8011,15343.7,0,-127.907,-135,0.790528
166157, 180.424, 22, -1,-1,-1,50.1724,11.2032,0.019953,8.68e+08,11,125000,1,0,31.0318,14849.1,0,-128.043,-135,0.790528
166160, 180.574, 2, -1,-1,-1,51.9313,12.445,0.025119,8.68e+08,11,125000,1,0,37.4416,12522.8,1,-125.963,-135,0.790528
166167, 180.985, 0, -1,-1,-1,52.272,-2.15003,0.015849,8.68e+08,11,125000,1,0,30.029,14709.7,0,-129.23,-135,0.790528
166174, 181.489, 19, -1,-1,-1,39.8596,0.90327,0.015849,8.68e+08,12,125000,1,0,7.53667,19467.3,0,-134.74,-137,1.58106
166192, 181.969, 43, -1,-1,-1,55.5373,25.9108,0.019953,8.68e+08,10,125000,1,0,26.8928,-2033.96,1,-128.845,-133,0.436224
166204, 182.188, 23, -1,-1,-1,54.1403,7.94096,0.025119,8.68e+08,12,125000,1,0,51.5183,12260.6,0,-124.17,-137,1.58106
166207, 182.386, 12, -1,-1,-1,54.1642,0.091911,0.025119,8.68e+08,11,125000,1,0,39.9575,12702,1,-125.587,-135,0.790528
166214, 182.756, 50, -1,-1,-1,39.7906,12.9554,0.019953,8.68e+08,12,125000,1,0,8.19428,17443,0,-133.544,-137,1.58106
166221, 183.204, 3, -1,-1,-1,41.4821,-1.98577,0.015849,8.68e+08,12,125000,1,0,9.06485,19355.2,0,-134.29,-137,1.58106
166224, 183.266, 46, -1,-1,-1,54.8178,27.999,0.019953,8.68e+08,10,125000,1,0,22.8606,-2043.72,1,-129.708,-133,0.436224
166236, 183.714, 54, -1,-1,-1,32.7894,-16.8765,0.015849,8.68e+08,12,125000,1,0,-4.58905,17518,0,-138.472,-137,1.58106
166238, 183.732, 48, -1,-1,-1,56.7773,13.3766,0.025119,8.68e+08,12,125000,1,0,62.0485,2589.8,0,-123.264,-137,1.58106
166246, 183.987, 17, -1,-1,-1,51.5697,4.02995,0.019953,8.68e+08,10,125000,1,0,35.9832,16012.6,1,-127.192,-133,0.436224
166248, 183.988, 8, -1,-1,-1,59.4499,10.2152,0.025119,8.68e+08,12,125000,1,0,77.7536,-3714.13,0,-122.487,-137,1.58106
166265, 184.447, 29, -1,-1,-1,53.788,19.7678,0.015849,8.68e+08,10,125000,1,0,34.3905,4163.12,0,-128.455,-133,0.436224
166267, 184.814, 14, -1,-1,-1,55.1013,-6.63605,0.019953,8.68e+08,10,125000,1,0,29.5653,9200.71,0,-128.318,-133,0.436224
166270, 185.002, 25, -1,-1,-1,46.7789,8.28843,0.015849,8.68e+08,11,125000,1,0,21.8352,17692.3,1,-130.937,-135,0.790528
166272, 185.062, 10, -1,-1,-1,30.029,30.9233,0.019953,8.68e+08,12,125000,1,0,-5.69034,11236,0,-137.805,-137,1.58106
166285, 185.55, 26, -1,-1,-1,46.5003,4.98637,0.015849,8.68e+08,12,125000,1,0,20.606,18491.2,1,-131.223,-137,1.58106
166288, 185.914, 59, -1,-1,-1,69.9209,23.5589,0.025119,8.68e+08,10,125000,1,0,17.8951,-18622.7,1,-129.887,-133,0.436224
166311, 186.829, 52, -1,-1,-1,38.8743,33.4102,0.025119,8.68e+08,11,125000,1,0,0.84369,7531.14,1,-134.792,-135,0.790528
166318, 186.958, 18, -1,-1,-1,39.8397,1.13302,0.025119,8.68e+08,12,125000,1,0,8.01756,19604.6,0,-132.597,-137,1.58106
166321, 186.981, 16, -1,-1,-1,43.0289,3.59424,0.019953,8.68e+08,10,125000,1,0,13.5473,19204.2,1,-132.02,-133,0.436224
166334, 187.543, 24, -1,-1,-1,47.7606,11.929,0.019953,8.68e+08,12,125000,1,0,24.2371,15734.5,1,-129.4,-137,1.58106
166337, 187.592, 31, -1,-1,-1,53.4533,19.0186,0.025119,8.68e+08,10,125000,1,0,35.053,4824.15,1,-126.344,-133,0.436224
166349, 187.928, 36, -1,-1,-1,43.812,25.0559,0.019953,8.68e+08,12,125000,1,0,10.0278,9836.27,0,-133.011,-137,1.58106
166366, 188.435, 37, -1,-1,-1,41.1025,24.9953,0.025119,8.68e+08,12,125000,1,0,6.71929,11052.3,0,-132.986,-137,1.58106
166368, 188.751, 32, -1,-1,-1,49.6037,16.4839,0.019953,8.68e+08,11,125000,1,0,27.0737,11491.3,0,-128.806,-135,0.790528
166370, 188.98, 55, -1,-1,-1,28.9412,-14.4031,0.015849,8.68e+08,12,125000,1,0,-6.56017,18311.7,0,-139.067,-137,1.58106
166373, 189.089, 27, -1,-1,-1,50.7509,3.14531,0.019953,8.68e+08,11,125000,1,0,33.1952,16405.2,1,-127.657,-135,0.790528
166375, 189.187, 7, -1,-1,-1,49.1664,15.132,0.019953,8.68e+08,12,125000,1,0,26.8604,12827.3,0,-128.849,-137,1.58106
166377, 189.194, 58, -1,-1,-1,61.5842,-8.00842,0.015849,8.68e+08,12,125000,1,0,29.6309,-3546.5,0,-129.306,-137,1.58106
166384, 189.593, 35, -1,-1,-1,45.9801,25.0541,0.025119,8.68e+08,12,125000,1,0,13.0861,8459.95,0,-131.149,-137,1.58106
166402, 190.501, 41, -1,-1,-1,60.451,27.3692,0.019953,8.68e+08,11,125000,1,0,26.419,-11139.5,1,-128.941,-135,0.790528
166405, 190.92, 11, -1,-1,-1,57.2544,36.8221,0.015849,8.68e+08,10,125000,1,0,14.2221,-8520.48,1,-132.844,-133,0.436224
166408, 190.951, 30, -1,-1,-1,49.3708,19.7672,0.019953,8.68e+08,12,125000,1,0,23.531,9210.4,1,-129.556,-137,1.58106
166410, 191.192, 53, -1,-1,-1,64.7134,-23.4263,0.025119,8.68e+08,11,125000,1,0,11.8935,-6608.5,0,-131.486,-135,0.790528
166437, 192.013, 15, -1,-1,-1,46.5738,3.1001,0.015849,8.68e+08,10,125000,1,0,21.2828,18385,0,-131.064,-133,0.436224
166439, 192.075, 34, -1,-1,-1,47.4425,21.3987,0.025119,8.68e+08,11,125000,1,0,18.2877,9540.84,0,-129.786,-135,0.790528
166446, 192.183, 39, -1,-1,-1,46.5198,20.8019,0.025119,8.68e+08,10,125000,1,0,17.0682,10556.2,0,-130.092,-133,0.436224
166449, 192.287, 2, -1,-1,-1,51.9313,12.445,0.025119,8.68e+08,11,125000,1,0,40.1193,11561.4,1,-125.562,-135,0.790528
166461, 192.9, 57, -1,-1,-1,34.6213,32.1051,0.015849,8.68e+08,11,125000,1,0,-2.13451,9327.29,0,-137.715,-135,0.790528
166464, 193.021, 42, -1,-1,-1,57.8004,23.0841,0.019953,8.68e+08,10,125000,1,0,33.8578,-6368.88,1,-127.544,-133,0.436224
166467, 193.123, 0, -1,-1,-1,52.272,-2.15003,0.015849,8.68e+08,11,125000,1,0,32.318,13757,1,-128.811,-135,0.790528
166480, 193.455, 23, -1,-1,-1,54.1403,7.94096,0.025119,8.68e+08,12,125000,1,0,56.2097,10681.4,1,-123.723,-137,1.58106
166488, 194.073, 22, -1,-1,-1,50.1724,11.2032,0.019953,8.68e+08,11,125000,1,0,33.8356,14071.6,1,-127.546,-135,0.790528
166510, 194.669, 33, -1,-1,-1,49.0691,16.5595,0.015849,8.68e+08,10,125000,1,0,26.2839,11347.4,0,-129.966,-133,0.436224
166517, 194.761, 56, -1,-1,-1,34.569,15.3924,0.015849,8.68e+08,12,125000,1,0,2.30738,16766.3,0,-136.331,-137,1.58106
166525, 194.988, 1, -1,-1,-1,49.3772,1.54038,0.025119,8.68e+08,10,125000,1,0,28.5327,16955.4,1,-127.514,-133,0.436224
166527, 195.137, 51, -1,-1,-1,40.4208,27.6114,0.015849,8.68e+08,10,125000,1,0,5.11639,9487.01,0,-135.471,-133,0.436224
166544, 195.438, 20, -1,-1,-1,40.4442,-8.92386,0.019953,8.68e+08,11,125000,1,0,6.07507,18030.5,0,-134.18,-135,0.790528
166547, 195.452, 8, -1,-1,-1,59.4499,10.2152,0.025119,8.68e+08,12,125000,1,0,71.477,-6159.24,1,-122.719,-137,1.58106
166559, 195.752, 12, -1,-1,-1,54.1642,0.091911,0.025119,8.68e+08,11,125000,1,0,43.3652,11159.5,0,-125.117,-135,0.790528
166567, 195.826, 17, -1,-1,-1,51.5697,4.02995,0.019953,8.68e+08,10,125000,1,0,39.2805,15111.9,1,-126.683,-133,0.436224
166579, 196.11, 21, -1,-1,-1,42.2017,-7.04016,0.019953,8.68e+08,12,125000,1,0,9.04973,18091.9,0,-133.294,-137,1.58106
166586, 196.3, 6, -1,-1,-1,60.4258,15.6431,0.019953,8.68e+08,11,125000,1,0,50.121,-10537.4,0,-125.314,-135,0.790528
166588, 196.302, 28, -1,-1,-1,56.0984,11.391,0.025119,8.68e+08,11,125000,1,0,67.7346,3054.18,0,-122.906,-135,0.790528
166590, 196.565, 38, -1,-1,-1,45.3001,15.8952,0.025119,8.68e+08,11,125000,1,0,17.9406,14087.8,0,-129.87,-135,0.790528
166593, 196.621, 14, -1,-1,-1,55.1013,-6.63605,0.019953,8.68e+08,10,125000,1,0,30.8444,7874.11,1,-128.077,-133,0.436224
166595, 196.772, 47, -1,-1,-1,60.1499,6.23873,0.025119,8.68e+08,11,125000,1,0,64.8393,-6621.37,0,-123.076,-135,0.790528
166597, 196.849, 45, -1,-1,-1,49.0721,21.5918,0.025119,8.68e+08,12,125000,1,0,21.5207,7655.88,0,-129.01,-137,1.58106
166599, 196.871, 26, -1,-1,-1,46.5003,4.98637,0.015849,8.68e+08,12,125000,1,0,22.3314,18121.5,0,-130.822,-137,1.58106
166606, 197.648, 4, -1,-1,-1,41.3807,10.7829,0.015849,8.68e+08,12,125000,1,0,12.0834,17605.9,0,-133.423,-137,1.58106
166609, 197.79, 13, -1,-1,-1,57.3143,-2.70899,0.019953,8.68e+08,11,125000,1,0,42.9621,3715.36,1,-126.17,-135,0.790528
166641, 199.03, 49, -1,-1,-1,45.07,7.88241,0.019953,8.68e+08,11,125000,1,0,19.6772,17778.3,0,-130.443,-135,0.790528
166644, 199.054, 5, -1,-1,-1,51.8039,6.80183,0.015849,8.68e+08,11,125000,1,0,43.4773,14043.8,1,-127.101,-135,0.790528
166652, 199.429, 29, -1,-1,-1,53.788,19.7678,0.015849,8.68e+08,10,125000,1,0,35.1162,2030.03,1,-128.332,-133,0.436224
166654, 199.698, 50, -1,-1,-1,39.7906,12.9554,0.019953,8.68e+08,12,125000,1,0,9.4993,16965.4,0,-133.16,-137,1.58106
166662, 200.154, 24, -1,-1,-1,47.7606,11.929,0.019953,8.68e+08,12,125000,1,0,26.1783,14976.2,1,-128.987,-137,1.58106
166665, 200.161, 25, -1,-1,-1,46.7789,8.28843,0.015849,8.68e+08,11,125000,1,0,24.2066,17062.4,1,-130.405,-135,0.790528
166667, 200.454, 19, -1,-1,-1,39.8596,0.90327,0.015849,8.68e+08,12,125000,1,0,9.1578,19398.3,0,-134.26,-137,1.58106
166804, 201.49, 3, -1,-1,-1,41.4821,-1.98577,0.015849,8.68e+08,12,125000,1,0,10.7164,19030.2,0,-133.81,-137,1.58106
166807, 201.627, 52, -1,-1,-1,38.8743,33.4102,0.025119,8.68e+08,11,125000,1,0,1.18361,6956.93,1,-134.686,-135,0.790528
166814, 202.224, 40, -1,-1,-1,58.9757,26.2869,0.015849,8.68e+08,12,125000,1,0,27.1623,-9662.02,0,-129.788,-137,1.58106
166822, 203.04, 7, -1,-1,-1,49.1664,15.132,0.019953,8.68e+08,12,125000,1,0,28.7927,11889,1,-128.463,-137,1.58106
166844, 203.657, 37, -1,-1,-1,41.1025,24.9953,0.025119,8.68e+08,12,125000,1,0,7.38904,10424.9,0,-132.784,-137,1.58106
166852, 203.817, 31, -1,-1,-1,53.4533,19.0186,0.025119,8.68e+08,10,125000,1,0,36.0329,2783.08,1,-126.182,-133,0.436224
166854, 204.115, 55, -1,-1,-1,28.9412,-14.4031,0.015849,8.68e+08,12,125000,1,0,-5.85296,18339.2,0,-138.853,-137,1.58106
166856, 204.163, 43, -1,-1,-1,55.5373,25.9108,0.019953,8.68e+08,10,125000,1,0,26.088,-4439.84,0,-129.008,-133,0.436224
166859, 204.232, 44, -1,-1,-1,49.6811,31.6845,0.019953,8.68e+08,11,125000,1,0,12.8588,513.665,1,-132.213,-135,0.790528
166871, 204.77, 9, -1,-1,-1,38.3205,25.796,0.019953,8.68e+08,12,125000,1,0,3.99184,11007.2,0,-134.814,-137,1.58106
166873, 204.854, 36, -1,-1,-1,43.812,25.0559,0.019953,8.68e+08,12,125000,1,0,10.7882,8945.99,0,-132.791,-137,1.58106
166876, 204.916, 46, -1,-1,-1,54.8178,27.999,0.019953,8.68e+08,10,125000,1,0,22.2415,-4167.86,1,-129.845,-133,0.436224
166889, 205.437, 27, -1,-1,-1,50.7509,3.14531,0.019953,8.68e+08,11,125000,1,0,37.3922,15603.2,1,-126.967,-135,0.790528
166897, 206.237, 2, -1,-1,-1,51.9313,12.445,0.025119,8.68e+08,11,125000,1,0,43.3693,10156.2,1,-125.114,-135,0.790528
166919, 206.679, 10, -1,-1,-1,30.029,30.9233,0.019953,8.68e+08,12,125000,1,0,-5.07454,10684.1,0,-137.617,-137,1.58106
166926, 206.888, 59, -1,-1,-1,69.9209,23.5589,0.025119,8.68e+08,10,125000,1,0,15.301,-18910.3,0,-130.553,-133,0.436224
166933, 206.967, 54, -1,-1,-1,32.7894,-16.8765,0.015849,8.68e+08,12,125000,1,0,-3.49442,17344.9,0,-138.134,-137,1.58106
166940, 207.293, 17, -1,-1,-1,51.5697,4.02995,0.019953,8.68e+08,10,125000,1,0,42.8192,14446.8,0,-126.186,-133,0.436224
166943, 207.428, 53, -1,-1,-1,64.7134,-23.4263,0.025119,8.68e+08,11,125000,1,0,11.2983,-7507.45,1,-131.652,-135,0.790528
166945, 207.627, 1, -1,-1,-1,49.3772,1.54038,0.025119,8.68e+08,10,125000,1,0,31.1851,16567.1,0,-127.012,-133,0.436224
166947, 207.852, 26, -1,-1,-1,46.5003,4.98637,0.015849,8.68e+08,12,125000,1,0,24.1333,17983.4,0,-130.42,-137,1.58106
166949, 208.102, 35, -1,-1,-1,45.9801,25.0541,0.025119,8.68e+08,12,125000,1,0,13.8954,7270.7,0,-130.926,-137,1.58106
166967, 208.485, 48, -1,-1,-1,56.7773,13.3766,0.025119,8.68e+08,12,125000,1,0,62.1311,-2165.81,1,-123.255,-137,1.58106
166979, 209.18, 32, -1,-1,-1,49.6037,16.4839,0.019953,8.68e+08,11,125000,1,0,29.5937,9757.05,0,-128.308,-135,0.790528
166981, 209.265, 0, -1,-1,-1,52.272,-2.15003,0.015849,8.68e+08,11,125000,1,0,35.5398,12621.5,0,-128.261,-135,0.790528
166999, 209.841, 22, -1,-1,-1,50.1724,11.2032,0.019953,8.68e+08,11,125000,1,0,37.3128,12927.9,1,-126.978,-135,0.790528
167006, 209.927, 21, -1,-1,-1,42.2017,-7.04016,0.019953,8.68e+08,12,125000,1,0,10.2085,17992.1,0,-132.956,-137,1.58106
167008, 209.935, 51, -1,-1,-1,40.4208,27.6114,0.015849,8.68e+08,10,125000,1,0,5.63563,8861.71,0,-135.312,-133,0.436224
167011, 210.008, 16, -1,-1,-1,43.0289,3.59424,0.019953,8.68e+08,10,125000,1,0,16.1746,18930.3,1,-131.318,-133,0.436224
167023, 210.522, 18, -1,-1,-1,39.8397,1.13302,0.025119,8.68e+08,12,125000,1,0,10.0957,19456.9,0,-131.986,-137,1.58106
167040, 211.009, 58, -1,-1,-1,61.5842,-8.00842,0.015849,8.68e+08,12,125000,1,0,28.3625,-5898.82,0,-129.548,-137,1.58106
167043, 211.114, 47, -1,-1,-1,60.1499,6.23873,0.025119,8.68e+08,11,125000,1,0,58.9923,-8799.65,1,-123.489,-135,0.790528
167045, 211.333, 41, -1,-1,-1,60.451,27.3692,0.019953,8.68e+08,11,125000,1,0,23.9219,-12634,0,-129.469,-135,0.790528
167052, 211.48, 30, -1,-1,-1,49.3708,19.7672,0.019953,8.68e+08,12,125000,1,0,25.1643,7407.75,0,-129.199,-137,1.58106
167059, 211.655, 56, -1,-1,-1,34.569,15.3924,0.015849,8.68e+08,12,125000,1,0,3.27516,16522.9,0,-136.03,-137,1.58106
167061, 211.762, 5, -1,-1,-1,51.8039,6.80183,0.015849,8.68e+08,11,125000,1,0,47.9036,13042.6,0,-126.557,-135,0.790528
167064, 211.913, 42, -1,-1,-1,57.8004,23.0841,0.019953,8.68e+08,10,125000,1,0,31.8257,-8440.85,1,-127.897,-133,0.436224
167071, 212.384, 34, -1,-1,-1,47.4425,21.3987,0.025119,8.68e+08,11,125000,1,0,19.598,8041.01,0,-129.462,-135,0.790528
167073, 212.412, 50, -1,-1,-1,39.7906,12.9554,0.019953,8.68e+08,12,125000,1,0,10.5162,16767.5,0,-132.865,-137,1.58106
167091, 212.938, 39, -1,-1,-1,46.5198,20.8019,0.025119,8.68e+08,10,125000,1,0,18.4864,9156.28,1,-129.734,-133,0.436224
167093, 213.055, 52, -1,-1,-1,38.8743,33.4102,0.025119,8.68e+08,11,125000,1,0,1.42837,6373.82,0,-134.609,-135,0.790528
167100, 213.128, 11, -1,-1,-1,57.2544,36.8221,0.015849,8.68e+08,10,125000,1,0,13.0567,-9898.14,0,-133.159,-133,0.436224
167108, 213.885, 12, -1,-1,-1,54.1642,0.091911,0.025119,8.68e+08,11,125000,1,0,48.1022,9071.32,1,-124.535,-135,0.790528
167121, 214.454, 23, -1,-1,-1,54.1403,7.94096,0.025119,8.68e+08,12,125000,1,0,65.9693,7528.51,1,-123.005,-137,1.58106
167124, 214.583, 31, -1,-1,-1,53.4533,19.0186,0.025119,8.68e+08,10,125000,1,0,36.381,1187.79,1,-126.125,-133,0.436224
167132, 214.976, 28, -1,-1,-1,56.0984,11.391,0.025119,8.68e+08,11,125000,1,0,69.5693,-582.157,1,-122.807,-135,0.790528
167135, 215.112, 15, -1,-1,-1,46.5738,3.1001,0.015849,8.68e+08,10,125000,1,0,25.0797,17830.1,1,-130.215,-133,0.436224
167142, 215.463, 7, -1,-1,-1,49.1664,15.132,0.019953,8.68e+08,12,125000,1,0,30.5256,10692.2,0,-128.132,-137,1.58106
167164, 216.327, 57, -1,-1,-1,34.6213,32.1051,0.015849,8.68e+08,11,125000,1,0,-1.52704,8509.34,0,-137.525,-135,0.790528
167177, 216.786, 13, -1,-1,-1,57.3143,-2.70899,0.019953,8.68e+08,11,125000,1,0,44.0317,940.071,1,-126.027,-135,0.790528
167179, 216.857, 19, -1,-1,-1,39.8596,0.90327,0.015849,8.68e+08,12,125000,1,0,10.6601,19350,0,-133.823,-137,1.58106
167181, 216.939, 49, -1,-1,-1,45.07,7.88241,0.019953,8.68e+08,11,125000,1,0,22.2436,17348.3,0,-129.839,-135,0.790528
167184, 217.116, 33, -1,-1,-1,49.0691,16.5595,0.015849,8.68e+08,10,125000,1,0,28.9218,9427.4,1,-129.436,-133,0.436224
167192, 217.555, 45, -1,-1,-1,49.0721,21.5918,0.025119,8.68e+08,12,125000,1,0,22.7282,5828.81,1,-128.731,-137,1.58106
167205, 217.898, 29, -1,-1,-1,53.788,19.7678,0.015849,8.68e+08,10,125000,1,0,35.3791,-396.177,1,-128.286,-133,0.436224
167207, 217.934, 9, -1,-1,-1,38.3205,25.796,0.019953,8.68e+08,12,125000,1,0,4.5045,10380.7,0,-134.655,-137,1.58106
167214, 218.634, 44, -1,-1,-1,49.6811,31.6845,0.019953,8.68e+08,11,125000,1,0,12.8472,-687.893,0,-132.214,-135,0.790528
167222, 218.685, 6, -1,-1,-1,60.4258,15.6431,0.019953,8.68e+08,11,125000,1,0,43.117,-12997.2,1,-126.146,-135,0.790528
167240, 219.564, 8, -1,-1,-1,59.4499,10.2152,0.025119,8.68e+08,12,125000,1,0,59.2348,-10146.7,1,-123.468,-137,1.58106
167252, 219.897, 20, -1,-1,-1,40.4442,-8.92386,0.019953,8.68e+08,11,125000,1,0,7.87879,17704,0,-133.636,-135,0.790528
167260, 220.031, 46, -1,-1,-1,54.8178,27.999,0.019953,8.68e+08,10,125000,1,0,21.5965,-5727.11,1,-129.991,-133,0.436224
167262, 220.233, 37, -1,-1,-1,41.1025,24.9953,0.025119,8.68e+08,12,125000,1,0,8.09008,9497.71,0,-132.574,-137,1.58106
167265, 220.247, 38, -1,-1,-1,45.3001,15.8952,0.025119,8.68e+08,11,125000,1,0,20.3174,12826,1,-129.287,-135,0.790528
167272, 220.443, 4, -1,-1,-1,41.3807,10.7829,0.015849,8.68e+08,12,125000,1,0,14.275,17102.2,0,-132.819,-137,1.58106
167295, 221.205, 14, -1,-1,-1,55.1013,-6.63605,0.019953,8.68e+08,10,125000,1,0,33.1022,5488.93,1,-127.67,-133,0.436224
167297, 221.357, 21, -1,-1,-1,42.2017,-7.04016,0.019953,8.68e+08,12,125000,1,0,11.2083,17692,0,-132.669,-137,1.58106
167299, 221.551, 54, -1,-1,-1,32.7894,-16.8765,0.015849,8.68e+08,12,125000,1,0,-2.79411,17076.5,0,-137.917,-137,1.58106
167306, 221.827, 41, -1,-1,-1,60.451,27.3692,0.019953,8.68e+08,11,125000,1,0,22.6726,-13170.6,0,-129.745,-135,0.790528
167308, 221.903, 25, -1,-1,-1,46.7789,8.28843,0.015849,8.68e+08,11,125000,1,0,28.0218,16501.9,0,-129.61,-135,0.790528
167310, 221.951, 55, -1,-1,-1,28.9412,-14.4031,0.015849,8.68e+08,12,125000,1,0,-5.0041,18321.4,0,-138.593,-137,1.58106
167323, 222.155, 30, -1,-1,-1,49.3708,19.7672,0.019953,8.68e+08,12,125000,1,0,25.9097,6496.8,1,-129.041,-137,1.58106
167341, 222.43, 59, -1,-1,-1,69.9209,23.5589,0.025119,8.68e+08,10,125000,1,0,13.5546,-19022.2,1,-131.02,-133,0.436224
167343, 222.683, 51, -1,-1,-1,40.4208,27.6114,0.015849,8.68e+08,10,125000,1,0,6.06027,8314.91,0,-135.182,-133,0.436224
167365, 223.298, 36, -1,-1,-1,43.812,25.0559,0.019953,8.68e+08,12,125000,1,0,11.5551,7878.18,0,-132.572,-137,1.58106
167372, 223.539, 56, -1,-1,-1,34.569,15.3924,0.015849,8.68e+08,12,125000,1,0,3.96897,16383.7,0,-135.815,-137,1.58106
167375, 223.844, 24, -1,-1,-1,47.7606,11.929,0.019953,8.68e+08,12,125000,1,0,30.1107,13796.4,1,-128.208,-137,1.58106
167377, 223.888, 10, -1,-1,-1,30.029,30.9233,0.019953,8.68e+08,12,125000,1,0,-4.59981,10249.4,0,-137.471,-137,1.58106
167385, 224.271, 27, -1,-1,-1,50.7509,3.14531,0.019953,8.68e+08,11,125000,1,0,43.0135,14331.9,1,-126.158,-135,0.790528
167387, 224.335, 40, -1,-1,-1,58.9757,26.2869,0.015849,8.68e+08,12,125000,1,0,24.6932,-11452.3,0,-130.3,-137,1.58106
167389, 224.366, 35, -1,-1,-1,45.9801,25.0541,0.025119,8.68e+08,12,125000,1,0,14.5215,6172.21,0,-130.756,-137,1.58106
167396, 224.557, 3, -1,-1,-1,41.4821,-1.98577,0.015849,8.68e+08,12,125000,1,0,12.9871,19033.2,0,-133.17,-137,1.58106
167398, 224.628, 26, -1,-1,-1,46.5003,4.98637,0.015849,8.68e+08,12,125000,1,0,27.1691,17557.3,0,-129.78,-137,1.58106
167400, 224.978, 53, -1,-1,-1,64.7134,-23.4263,0.025119,8.68e+08,11,125000,1,0,10.5913,-8436.85,0,-131.851,-135,0.790528
167417, 225.955, 43, -1,-1,-1,55.5373,25.9108,0.019953,8.68e+08,10,125000,1,0,24.8311,-6629.15,0,-129.27,-133,0.436224
167419, 226.068, 58, -1,-1,-1,61.5842,-8.00842,0.015849,8.68e+08,12,125000,1,0,27.2115,-7293.87,0,-129.774,-137,1.58106
167426, 226.227, 15, -1,-1,-1,46.5738,3.1001,0.015849,8.68e+08,10,125000,1,0,27.1419,17642.6,0,-129.786,-133,0.436224
167433, 226.707, 47, -1,-1,-1,60.1499,6.23873,0.025119,8.68e+08,11,125000,1,0,52.7922,-10831.5,0,-124.035,-135,0.790528
167435, 226.905, 2, -1,-1,-1,51.9313,12.445,0.025119,8.68e+08,11,125000,1,0,47.9976,7478.62,0,-124.544,-135,0.790528
167438, 226.944, 17, -1,-1,-1,51.5697,4.02995,0.019953,8.68e+08,10,125000,1,0,49.786,12689.9,1,-125.345,-133,0.436224
167455, 228.135, 34, -1,-1,-1,47.4425,21.3987,0.025119,8.68e+08,11,125000,1,0,20.5014,6809.56,0,-129.244,-135,0.790528
167458, 228.305, 28, -1,-1,-1,56.0984,11.391,0.025119,8.68e+08,11,125000,1,0,67.7278,-3046.78,1,-122.902,-135,0.790528
167470, 228.812, 32, -1,-1,-1,49.6037,16.4839,0.019953,8.68e+08,11,125000,1,0,31.8334,7811.09,0,-127.892,-135,0.790528
167482, 229.383, 44, -1,-1,-1,49.6811,31.6845,0.019953,8.68e+08,11,125000,1,0,12.7837,-1402.69,0,-132.231,-135,0.790528
167485, 230.156, 5, -1,-1,-1,51.8039,6.80183,0.015849,8.68e+08,11,125000,1,0,55.2117,11019.3,1,-125.806,-135,0.790528
167488, 230.247, 23, -1,-1,-1,54.1403,7.94096,0.025119,8.68e+08,12,125000,1,0,73.7627,4775.8,1,-122.617,-137,1.58106
167500, 230.87, 50, -1,-1,-1,39.7906,12.9554,0.019953,8.68e+08,12,125000,1,0,12.0525,16333.4,0,-132.427,-137,1.58106
167513, 231.699, 1, -1,-1,-1,49.3772,1.54038,0.025119,8.68e+08,10,125000,1,0,37.0185,15258,1,-126.021,-133,0.436224
167520, 231.928, 19, -1,-1,-1,39.8596,0.90327,0.015849,8.68e+08,12,125000,1,0,12.1357,19306.1,0,-133.404,-137,1.58106
167523, 232.241, 48, -1,-1,-1,56.7773,13.3766,0.025119,8.68e+08,12,125000,1,0,57.1517,-6426.83,1,-123.637,-137,1.58106
167536, 232.36, 31, -1,-1,-1,53.4533,19.0186,0.025119,8.68e+08,10,125000,1,0,36.3777,-1191.63,1,-126.123,-133,0.436224
167538, 232.538, 7, -1,-1,-1,49.1664,15.132,0.019953,8.68e+08,12,125000,1,0,32.8367,9105.37,0,-127.713,-137,1.58106
167540, 232.705, 11, -1,-1,-1,57.2544,36.8221,0.015849,8.68e+08,10,125000,1,0,11.9577,-10964,0,-133.463,-133,0.436224
167572, 233.145, 22, -1,-1,-1,50.1724,11.2032,0.019953,8.68e+08,11,125000,1,0,42.7983,10604,0,-126.185,-135,0.790528
167579, 233.16, 16, -1,-1,-1,43.0289,3.59424,0.019953,8.68e+08,10,125000,1,0,19.1684,18567.4,0,-130.561,-133,0.436224
167582, 233.478, 29, -1,-1,-1,53.788,19.7678,0.015849,8.68e+08,10,125000,1,0,35.0334,-2393.13,1,-128.341,-133,0.436224
167604, 233.889, 13, -1,-1,-1,57.3143,-2.70899,0.019953,8.68e+08,11,125000,1,0,43.9177,-1574.16,0,-126.039,-135,0.790528
167611, 233.946, 0, -1,-1,-1,52.272,-2.15003,0.015849,8.68e+08,11,125000,1,0,40.7117,10207,0,-127.472,-135,0.790528
167614, 234.366, 12, -1,-1,-1,54.1642,0.091911,0.025119,8.68e+08,11,125000,1,0,53.0886,6144.87,1,-124.006,-135,0.790528
167616, 234.444, 41, -1,-1,-1,60.451,27.3692,0.019953,8.68e+08,11,125000,1,0,21.1954,-14014.7,0,-130.082,-135,0.790528
167618, 234.445, 38, -1,-1,-1,45.3001,15.8952,0.025119,8.68e+08,11,125000,1,0,21.7633,12029.4,0,-128.947,-135,0.790528
167620, 234.57, 9, -1,-1,-1,38.3205,25.796,0.019953,8.68e+08,12,125000,1,0,5.13037,9712.98,0,-134.463,-137,1.58106
167622, 234.602, 10, -1,-1,-1,30.029,30.9233,0.019953,8.68e+08,12,125000,1,0,-4.31203,9861.66,0,-137.382,-137,1.58106
167624, 234.679, 18, -1,-1,-1,39.8397,1.13302,0.025119,8.68e+08,12,125000,1,0,12.4472,19254.8,0,-131.317,-137,1.58106
167626, 234.681, 6, -1,-1,-1,60.4258,15.6431,0.019953,8.68e+08,11,125000,1,0,38.6052,-14264.4,0,-126.778,-135,0.790528
167633, 235.096, 40, -1,-1,-1,58.9757,26.2869,0.015849,8.68e+08,12,125000,1,0,23.468,-12325.2,0,-130.566,-137,1.58106
167660, 236.03, 42, -1,-1,-1,57.8004,23.0841,0.019953,8.68e+08,10,125000,1,0,28.8384,-10769.4,0,-128.451,-133,0.436224
167677, 236.247, 39, -1,-1,-1,46.5198,20.8019,0.025119,8.68e+08,10,125000,1,0,19.9221,7346.91,0,-129.381,-133,0.436224
167679, 236.432, 36, -1,-1,-1,43.812,25.0559,0.019953,8.68e+08,12,125000,1,0,12.0534,6938.6,0,-132.43,-137,1.58106
167686, 236.507, 46, -1,-1,-1,54.8178,27.999,0.019953,8.68e+08,10,125000,1,0,20.727,-7120.83,0,-130.192,-133,0.436224
167688, 236.593, 52, -1,-1,-1,38.8743,33.4102,0.025119,8.68e+08,11,125000,1,0,1.87938,5290.41,0,-134.467,-135,0.790528
167696, 236.791, 45, -1,-1,-1,49.0721,21.5918,0.025119,8.68e+08,12,125000,1,0,23.5892,4001.63,1,-128.537,-137,1.58106
167698, 237.008, 57, -1,-1,-1,34.6213,32.1051,0.015849,8.68e+08,11,125000,1,0,-1.02797,7759.38,0,-137.369,-135,0.790528
167701, 237.019, 49, -1,-1,-1,45.07,7.88241,0.019953,8.68e+08,11,125000,1,0,25.4602,16698.1,1,-129.131,-135,0.790528
167703, 237.166, 58, -1,-1,-1,61.5842,-8.00842,0.015849,8.68e+08,12,125000,1,0,26.2564,-8478.55,0,-129.968,-137,1.58106
167716, 237.755, 15, -1,-1,-1,46.5738,3.1001,0.015849,8.68e+08,10,125000,1,0,29.4732,17096.7,1,-129.326,-133,0.436224
167718, 238.027, 4, -1,-1,-1,41.3807,10.7829,0.015849,8.68e+08,12,125000,1,0,16.0926,16679.2,0,-132.335,-137,1.58106
167730, 238.243, 21, -1,-1,-1,42.2017,-7.04016,0.019953,8.68e+08,12,125000,1,0,12.7602,17450.8,0,-132.232,-137,1.58106
167738, 238.763, 8, -1,-1,-1,59.4499,10.2152,0.025119,8.68e+08,12,125000,1,0,50.9026,-12501.5,1,-124.225,-137,1.58106
167755, 239.575, 51, -1,-1,-1,40.4208,27.6114,0.015849,8.68e+08,10,125000,1,0,6.58576,7325.11,0,-135.022,-133,0.436224
167757, 239.665, 35, -1,-1,-1,45.9801,25.0541,0.025119,8.68e+08,12,125000,1,0,15.0235,4902.56,0,-130.62,-137,1.58106
167765, 239.81, 25, -1,-1,-1,46.7789,8.28843,0.015849,8.68e+08,11,125000,1,0,31.5881,15394.2,1,-128.933,-135,0.790528
167767, 239.811, 55, -1,-1,-1,28.9412,-14.4031,0.015849,8.68e+08,12,125000,1,0,-4.13615,18066.4,0,-138.326,-137,1.58106
167784, 240.223, 54, -1,-1,-1,32.7894,-16.8765,0.015849,8.68e+08,12,125000,1,0,-1.88112,16945.9,0,-137.632,-137,1.58106
167787, 240.416, 23, -1,-1,-1,54.1403,7.94096,0.025119,8.68e+08,12,125000,1,0,78.3411,2538.17,1,-122.461,-137,1.58106
167790, 240.534, 33, -1,-1,-1,49.0691,16.5595,0.015849,8.68e+08,10,125000,1,0,31.4015,7296.56,1,-128.968,-133,0.436224
167793, 240.711, 34, -1,-1,-1,47.4425,21.3987,0.025119,8.68e+08,11,125000,1,0,21.1303,5588.53,1,-129.095,-135,0.790528
167805, 241.275, 30, -1,-1,-1,49.3708,19.7672,0.019953,8.68e+08,12,125000,1,0,27.0035,4309.69,0,-128.813,-137,1.58106
167813, 241.411, 59, -1,-1,-1,69.9209,23.5589,0.025119,8.68e+08,10,125000,1,0,11.5913,-19172.2,1,-131.563,-133,0.436224
167815, 241.543, 27, -1,-1,-1,50.7509,3.14531,0.019953,8.68e+08,11,125000,1,0,49.033,12831.3,0,-125.425,-135,0.790528
167822, 241.656, 37, -1,-1,-1,41.1025,24.9953,0.025119,8.68e+08,12,125000,1,0,8.93998,8555.72,0,-132.322,-137,1.58106
167835, 242.153, 2, -1,-1,-1,51.9313,12.445,0.025119,8.68e+08,11,125000,1,0,50.8708,5272.35,1,-124.228,-135,0.790528
167838, 242.209, 43, -1,-1,-1,55.5373,25.9108,0.019953,8.68e+08,10,125000,1,0,23.6641,-8061.83,1,-129.521,-133,0.436224
167840, 242.335, 20, -1,-1,-1,40.4442,-8.92386,0.019953,8.68e+08,11,125000,1,0,9.6453,17597.4,0,-133.115,-135,0.790528
167852, 243.018, 14, -1,-1,-1,55.1013,-6.63605,0.019953,8.68e+08,10,125000,1,0,34.4086,2835.21,0,-127.443,-133,0.436224
167855, 243.044, 17, -1,-1,-1,51.5697,4.02995,0.019953,8.68e+08,10,125000,1,0,56.4357,10896.5,1,-124.696,-133,0.436224
167867, 243.501, 56, -1,-1,-1,34.569,15.3924,0.015849,8.68e+08,12,125000,1,0,5.15884,15984.1,0,-135.449,-137,1.58106
167874, 244.642, 19, -1,-1,-1,39.8596,0.90327,0.015849,8.68e+08,12,125000,1,0,13.4618,19289.3,0,-133.036,-137,1.58106
167877, 244.661, 24, -1,-1,-1,47.7606,11.929,0.019953,8.68e+08,12,125000,1,0,33.8241,12210.2,1,-127.541,-137,1.58106
167885, 245.036, 53, -1,-1,-1,64.7134,-23.4263,0.025119,8.68e+08,11,125000,1,0,9.71828,-9452.37,1,-132.101,-135,0.790528
167907, 246.159, 47, -1,-1,-1,60.1499,6.23873,0.025119,8.68e+08,11,125000,1,0,45.7745,-12934.7,0,-124.804,-135,0.790528
167910, 246.375, 26, -1,-1,-1,46.5003,4.98637,0.015849,8.68e+08,12,125000,1,0,31.7195,16731.8,1,-128.909,-137,1.58106
167923, 246.759, 12, -1,-1,-1,54.1642,0.091911,0.025119,8.68e+08,11,125000,1,0,55.4906,4303.12,1,-123.779,-135,0.790528
167925, 246.96, 50, -1,-1,-1,39.7906,12.9554,0.019953,8.68e+08,12,125000,1,0,13.4514,15915.5,0,-132.038,-137,1.58106
167942, 247.301, 0, -1,-1,-1,52.272,-2.15003,0.015849,8.68e+08,11,125000,1,0,43.4809,8791.56,0,-127.094,-135,0.790528
167954, 247.552, 9, -1,-1,-1,38.3205,25.796,0.019953,8.68e+08,12,125000,1,0,5.59856,9194.36,0,-134.319,-137,1.58106
167956, 247.848, 57, -1,-1,-1,34.6213,32.1051,0.015849,8.68e+08,11,125000,1,0,-0.781908,7426.21,0,-137.292,-135,0.790528
167958, 247.991, 10, -1,-1,-1,30.029,30.9233,0.019953,8.68e+08,12,125000,1,0,-3.96154,9529.41,0,-137.274,-137,1.58106
167960, 248.037, 44, -1,-1,-1,49.6811,31.6845,0.019953,8.68e+08,11,125000,1,0,12.5652,-2757.27,0,-132.29,-135,0.790528
167963, 248.161, 28, -1,-1,-1,56.0984,11.391,0.025119,8.68e+08,11,125000,1,0,61.7229,-6640.74,1,-123.277,-135,0.790528
167970, 248.881, 3, -1,-1,-1,41.4821,-1.98577,0.015849,8.68e+08,12,125000,1,0,15.6573,18712,0,-132.448,-137,1.58106
167973, 248.972, 45, -1,-1,-1,49.0721,21.5918,0.025119,8.68e+08,12,125000,1,0,23.9763,2870.29,1,-128.451,-137,1.58106
167990, 249.757, 58, -1,-1,-1,61.5842,-8.00842,0.015849,8.68e+08,12,125000,1,0,25.0925,-9423.03,0,-130.21,-137,1.58106
167993, 249.869, 46, -1,-1,-1,54.8178,27.999,0.019953,8.68e+08,10,125000,1,0,19.9179,-8133.51,1,-130.383,-133,0.436224
167996, 250.028, 13, -1,-1,-1,57.3143,-2.70899,0.019953,8.68e+08,11,125000,1,0,42.8841,-3864.43,1,-126.172,-135,0.790528
168013, 250.723, 11, -1,-1,-1,57.2544,36.8221,0.015849,8.68e+08,10,125000,1,0,10.9082,-11829.3,0,-133.758,-133,0.436224
168015, 250.741, 55, -1,-1,-1,28.9412,-14.4031,0.015849,8.68e+08,12,125000,1,0,-3.59545,18131.1,0,-138.159,-137,1.58106
168147, 251.114, 42, -1,-1,-1,57.8004,23.0841,0.019953,8.68e+08,10,125000,1,0,26.8801,-11909.7,0,-128.838,-133,0.436224
168160, 251.539, 31, -1,-1,-1,53.4533,19.0186,0.025119,8.68e+08,10,125000,1,0,35.5776,-3726.47,1,-126.249,-133,0.436224
168162, 251.937, 7, -1,-1,-1,49.1664,15.132,0.019953,8.68e+08,12,125000,1,0,35.2101,6978.51,0,-127.308,-137,1.58106
168175, 252.221, 32, -1,-1,-1,49.6037,16.4839,0.019953,8.68e+08,11,125000,1,0,34.0115,5083.48,1,-127.508,-135,0.790528
168187, 252.574, 48, -1,-1,-1,56.7773,13.3766,0.025119,8.68e+08,12,125000,1,0,51.1114,-9459.15,0,-124.201,-137,1.58106
168189, 252.748, 41, -1,-1,-1,60.451,27.3692,0.019953,8.68e+08,11,125000,1,0,19.1195,-14868.6,0,-130.576,-135,0.790528
168202, 252.94, 1, -1,-1,-1,49.3772,1.54038,0.025119,8.68e+08,10,125000,1,0,43.1832,13703,1,-125.131,-133,0.436224
168204, 253.012, 21, -1,-1,-1,42.2017,-7.04016,0.019953,8.68e+08,12,125000,1,0,14.1974,17229.6,0,-131.837,-137,1.58106
168207, 253.164, 5, -1,-1,-1,51.8039,6.80183,0.015849,8.68e+08,11,125000,1,0,65.8083,7575,1,-125.008,-135,0.790528
168224, 253.601, 52, -1,-1,-1,38.8743,33.4102,0.025119,8.68e+08,11,125000,1,0,2.15709,4519.88,0,-134.38,-135,0.790528
168227, 253.748, 23, -1,-1,-1,54.1403,7.94096,0.025119,8.68e+08,12,125000,1,0,81.3671,-54.8291,1,-122.385,-137,1.58106
168234, 253.968, 38, -1,-1,-1,45.3001,15.8952,0.025119,8.68e+08,11,125000,1,0,23.7357,10672.9,0,-128.501,-135,0.790528
168247, 254.187, 29, -1,-1,-1,53.788,19.7678,0.015849,8.68e+08,10,125000,1,0,33.8319,-5025.21,1,-128.539,-133,0.436224
168250, 254.318, 27, -1,-1,-1,50.7509,3.14531,0.019953,8.68e+08,11,125000,1,0,54.0682,11146.7,1,-124.908,-135,0.790528
168252, 254.405, 4, -1,-1,-1,41.3807,10.7829,0.015849,8.68e+08,12,125000,1,0,17.8939,16221.6,0,-131.873,-137,1.58106
168264, 254.777, 34, -1,-1,-1,47.4425,21.3987,0.025119,8.68e+08,11,125000,1,0,21.7167,4373.15,0,-128.957,-135,0.790528
168281, 255.165, 37, -1,-1,-1,41.1025,24.9953,0.025119,8.68e+08,12,125000,1,0,9.43567,7691.82,0,-132.176,-137,1.58106
168299, 255.466, 22, -1,-1,-1,50.1724,11.2032,0.019953,8.68e+08,11,125000,1,0,48.0226,7761.83,1,-125.537,-135,0.790528
168301, 255.579, 40, -1,-1,-1,58.9757,26.2869,0.015849,8.68e+08,12,125000,1,0,21.1516,-13564.7,0,-131.09,-137,1.58106
168303, 255.623, 25, -1,-1,-1,46.7789,8.28843,0.015849,8.68e+08,11,125000,1,0,35.0941,14499.8,0,-128.326,-135,0.790528
168310, 255.781, 20, -1,-1,-1,40.4442,-8.92386,0.019953,8.68e+08,11,125000,1,0,10.7612,17214.4,0,-132.792,-135,0.790528
168313, 256.061, 17, -1,-1,-1,51.5697,4.02995,0.019953,8.68e+08,10,125000,1,0,62.4447,8778.53,1,-124.225,-133,0.436224
168320, 256.271, 18, -1,-1,-1,39.8397,1.13302,0.025119,8.68e+08,12,125000,1,0,14.7833,19048.2,0,-130.678,-137,1.58106
168328, 256.614, 8, -1,-1,-1,59.4499,10.2152,0.025119,8.68e+08,12,125000,1,0,44.3003,-14151,1,-124.986,-137,1.58106
168330, 256.874, 54, -1,-1,-1,32.7894,-16.8765,0.015849,8.68e+08,12,125000,1,0,-1.05069,16835.3,0,-137.373,-137,1.58106
168332, 256.923, 30, -1,-1,-1,49.3708,19.7672,0.019953,8.68e+08,12,125000,1,0,27.6164,2656.86,0,-128.688,-137,1.58106
168335, 256.954, 6, -1,-1,-1,60.4258,15.6431,0.019953,8.68e+08,11,125000,1,0,33.0785,-15721.7,1,-127.668,-135,0.790528
168338, 256.962, 16, -1,-1,-1,43.0289,3.59424,0.019953,8.68e+08,10,125000,1,0,22.7161,18062.6,1,-129.726,-133,0.436224
168340, 256.989, 19, -1,-1,-1,39.8596,0.90327,0.015849,8.68e+08,12,125000,1,0,14.8303,19033.5,0,-132.665,-137,1.58106
168353, 257.779, 39, -1,-1,-1,46.5198,20.8019,0.025119,8.68e+08,10,125000,1,0,21.0263,5502.55,1,-129.116,-133,0.436224
168361, 258.159, 0, -1,-1,-1,52.272,-2.15003,0.015849,8.68e+08,11,125000,1,0,45.597,7178.09,1,-126.824,-135,0.790528
168384, 258.783, 43, -1,-1,-1,55.5373,25.9108,0.019953,8.68e+08,10,125000,1,0,22.3323,-9614.37,1,-129.817,-133,0.436224
168391, 259.613, 36, -1,-1,-1,43.812,25.0559,0.019953,8.68e+08,12,125000,1,0,12.8145,5362.42,0,-132.216,-137,1.58106
168398, 259.796, 50, -1,-1,-1,39.7906,12.9554,0.019953,8.68e+08,12,125000,1,0,14.6076,15368.8,0,-131.724,-137,1.58106
168400, 259.865, 58, -1,-1,-1,61.5842,-8.00842,0.015849,8.68e+08,12,125000,1,0,24.1146,-10362.4,0,-130.419,-137,1.58106
168402, 259.883, 35, -1,-1,-1,45.9801,25.0541,0.025119,8.68e+08,12,125000,1,0,15.5372,3337.47,0,-130.482,-137,1.58106
168405, 260.014, 14, -1,-1,-1,55.1013,-6.63605,0.019953,8.68e+08,10,125000,1,0,34.8281,382.331,1,-127.371,-133,0.436224
168412, 260.466, 44, -1,-1,-1,49.6811,31.6845,0.019953,8.68e+08,11,125000,1,0,12.3461,-3759.39,0,-132.349,-135,0.790528
168425, 261.044, 49, -1,-1,-1,45.07,7.88241,0.019953,8.68e+08,11,125000,1,0,29.8649,15884.9,1,-128.248,-135,0.790528
168438, 261.351, 15, -1,-1,-1,46.5738,3.1001,0.015849,8.68e+08,10,125000,1,0,34.9817,16340.8,1,-128.343,-133,0.436224
168445, 261.678, 51, -1,-1,-1,40.4208,27.6114,0.015849,8.68e+08,10,125000,1,0,7.19905,6293.52,0,-134.836,-133,0.436224
168448, 261.817, 46, -1,-1,-1,54.8178,27.999,0.019953,8.68e+08,10,125000,1,0,19.1324,-8954.35,1,-130.571,-133,0.436224
168456, 261.985, 28, -1,-1,-1,56.0984,11.391,0.025119,8.68e+08,11,125000,1,0,56.6661,-8699.74,1,-123.673,-135,0.790528
168459, 262.277, 59, -1,-1,-1,69.9209,23.5589,0.025119,8.68e+08,10,125000,1,0,9.61378,-19319.9,1,-132.128,-133,0.436224
168462, 262.432, 24, -1,-1,-1,47.7606,11.929,0.019953,8.68e+08,12,125000,1,0,37.0788,10583.2,1,-127.007,-137,1.58106
168475, 263.546, 33, -1,-1,-1,49.0691,16.5595,0.015849,8.68e+08,10,125000,1,0,33.2882,4603.63,1,-128.63,-133,0.436224
168488, 264.388, 41, -1,-1,-1,60.451,27.3692,0.019953,8.68e+08,11,125000,1,0,17.8484,-15257.3,1,-130.889,-135,0.790528
168496, 264.405, 45, -1,-1,-1,49.0721,21.5918,0.025119,8.68e+08,12,125000,1,0,24.2688,1335.4,1,-128.385,-137,1.58106
168513, 265.206, 56, -1,-1,-1,34.569,15.3924,0.015849,8.68e+08,12,125000,1,0,6.48639,15463.4,0,-135.044,-137,1.58106
168515, 265.258, 11, -1,-1,-1,57.2544,36.8221,0.015849,8.68e+08,10,125000,1,0,10.0457,-12424.7,0,-134.004,-133,0.436224
168542, 265.7, 42, -1,-1,-1,57.8004,23.0841,0.019953,8.68e+08,10,125000,1,0,24.9856,-12857.6,0,-129.231,-133,0.436224
168550, 265.957, 1, -1,-1,-1,49.3772,1.54038,0.025119,8.68e+08,10,125000,1,0,47.4955,12633,1,-124.596,-133,0.436224
168552, 265.969, 2, -1,-1,-1,51.9313,12.445,0.025119,8.68e+08,11,125000,1,0,53.3892,1224.46,0,-123.971,-135,0.790528
168554, 265.982, 9, -1,-1,-1,38.3205,25.796,0.019953,8.68e+08,12,125000,1,0,6.22696,8335.62,0,-134.127,-137,1.58106
168556, 266.075, 53, -1,-1,-1,64.7134,-23.4263,0.025119,8.68e+08,11,125000,1,0,8.74606,-10433,0,-132.382,-135,0.790528
168559, 266.157, 26, -1,-1,-1,46.5003,4.98637,0.015849,8.68e+08,12,125000,1,0,36.609,15746.9,1,-128.08,-137,1.58106
168561, 266.215, 27, -1,-1,-1,50.7509,3.14531,0.019953,8.68e+08,11,125000,1,0,59.1993,9735.19,0,-124.463,-135,0.790528
168563, 266.549, 5, -1,-1,-1,51.8039,6.80183,0.015849,8.68e+08,11,125000,1,0,72.4049,5336.53,0,-124.667,-135,0.790528
168575, 267.033, 3, -1,-1,-1,41.4821,-1.98577,0.015849,8.68e+08,12,125000,1,0,17.8761,18472.7,0,-131.877,-137,1.58106
168578, 267.361, 38, -1,-1,-1,45.3001,15.8952,0.025119,8.68e+08,11,125000,1,0,25.0454,9689.38,1,-128.216,-135,0.790528
168581, 267.455, 16, -1,-1,-1,43.0289,3.59424,0.019953,8.68e+08,10,125000,1,0,24.4662,17936,1,-129.338,-133,0.436224
168599, 268.358, 17, -1,-1,-1,51.5697,4.02995,0.019953,8.68e+08,10,125000,1,0,68.5666,6928.81,1,-123.85,-133,0.436224
168607, 269.219, 23, -1,-1,-1,54.1403,7.94096,0.025119,8.68e+08,12,125000,1,0,77.2729,-3126.69,1,-122.488,-137,1.58106
168610, 269.299, 22, -1,-1,-1,50.1724,11.2032,0.019953,8.68e+08,11,125000,1,0,50.8634,5827.4,1,-125.224,-135,0.790528
168612, 269.354, 10, -1,-1,-1,30.029,30.9233,0.019953,8.68e+08,12,125000,1,0,-3.42539,8866.05,0,-137.107,-137,1.58106
168634, 270.433, 47, -1,-1,-1,60.1499,6.23873,0.025119,8.68e+08,11,125000,1,0,38.3201,-14945.3,0,-125.815,-135,0.790528
168636, 270.527, 57, -1,-1,-1,34.6213,32.1051,0.015849,8.68e+08,11,125000,1,0,-0.30522,6514.58,0,-137.142,-135,0.790528
168639, 270.759, 12, -1,-1,-1,54.1642,0.091911,0.025119,8.68e+08,11,125000,1,0,57.5668,17.3057,1,-123.595,-135,0.790528
168657, 271.174, 18, -1,-1,-1,39.8397,1.13302,0.025119,8.68e+08,12,125000,1,0,16.5526,18945,1,-130.212,-137,1.58106
168660, 271.523, 15, -1,-1,-1,46.5738,3.1001,0.015849,8.68e+08,10,125000,1,0,37.7207,15621.5,1,-127.906,-133,0.436224
168663, 271.812, 13, -1,-1,-1,57.3143,-2.70899,0.019953,8.68e+08,11,125000,1,0,40.3428,-6843.16,1,-126.519,-135,0.790528
168676, 272.431, 29, -1,-1,-1,53.788,19.7678,0.015849,8.68e+08,10,125000,1,0,32.2084,-7123.49,1,-128.819,-133,0.436224
168688, 272.639, 21, -1,-1,-1,42.2017,-7.04016,0.019953,8.68e+08,12,125000,1,0,16.2348,16780,0,-131.296,-137,1.58106
168710, 273.231, 52, -1,-1,-1,38.8743,33.4102,0.025119,8.68e+08,11,125000,1,0,2.42324,3576.68,0,-134.296,-135,0.790528
168723, 273.459, 39, -1,-1,-1,46.5198,20.8019,0.025119,8.68e+08,10,125000,1,0,21.6528,4119.73,1,-128.969,-133,0.436224
168725, 273.532, 55, -1,-1,-1,28.9412,-14.4031,0.015849,8.68e+08,12,125000,1,0,-2.44319,18002.8,0,-137.801,-137,1.58106
168733, 273.795, 32, -1,-1,-1,49.6037,16.4839,0.019953,8.68e+08,11,125000,1,0,35.2629,2320.24,1,-127.297,-135,0.790528
168735, 273.851, 59, -1,-1,-1,69.9209,23.5589,0.025119,8.68e+08,10,125000,1,0,8.58684,-19505.2,0,-132.427,-133,0.436224
168738, 273.989, 43, -1,-1,-1,55.5373,25.9108,0.019953,8.68e+08,10,125000,1,0,21.0273,-10687.8,1,-130.116,-133,0.436224
168745, 274.161, 7, -1,-1,-1,49.1664,15.132,0.019953,8.68e+08,12,125000,1,0,37.2989,4157.4,0,-126.971,-137,1.58106
168757, 274.444, 40, -1,-1,-1,58.9757,26.2869,0.015849,8.68e+08,12,125000,1,0,19.0773,-14499.5,0,-131.583,-137,1.58106
168759, 274.449, 48, -1,-1,-1,56.7773,13.3766,0.025119,8.68e+08,12,125000,1,0,44.463,-12074.2,0,-124.963,-137,1.58106
168767, 274.805, 34, -1,-1,-1,47.4425,21.3987,0.025119,8.68e+08,11,125000,1,0,22.3022,2459.96,1,-128.82,-135,0.790528
168774, 274.849, 8, -1,-1,-1,59.4499,10.2152,0.025119,8.68e+08,12,125000,1,0,38.5646,-15436.2,0,-125.778,-137,1.58106
168782, 274.942, 14, -1,-1,-1,55.1013,-6.63605,0.019953,8.68e+08,10,125000,1,0,34.7191,-1435.86,1,-127.387,-133,0.436224
168795, 275.427, 31, -1,-1,-1,53.4533,19.0186,0.025119,8.68e+08,10,125000,1,0,33.6089,-6716.43,1,-126.574,-133,0.436224
168803, 275.617, 28, -1,-1,-1,56.0984,11.391,0.025119,8.68e+08,11,125000,1,0,51.6696,-10812.6,1,-124.14,-135,0.790528
168810, 275.838, 54, -1,-1,-1,32.7894,-16.8765,0.015849,8.68e+08,12,125000,1,0,-0.085289,16652.1,0,-137.071,-137,1.58106
168812, 275.864, 30, -1,-1,-1,49.3708,19.7672,0.019953,8.68e+08,12,125000,1,0,27.9611,531.999,0,-128.617,-137,1.58106
168819, 276.276, 0, -1,-1,-1,52.272,-2.15003,0.015849,8.68e+08,11,125000,1,0,48.5573,4597.15,0,-126.473,-135,0.790528
168826, 276.519, 56, -1,-1,-1,34.569,15.3924,0.015849,8.68e+08,12,125000,1,0,7.19154,15063.4,0,-134.831,-137,1.58106
168828, 276.626, 37, -1,-1,-1,41.1025,24.9953,0.025119,8.68e+08,12,125000,1,0,10.1449,6413.79,0,-131.968,-137,1.58106
168830, 276.749, 25, -1,-1,-1,46.7789,8.28843,0.015849,8.68e+08,11,125000,1,0,40.3215,12843,0,-127.52,-135,0.790528
168842, 277.281, 4, -1,-1,-1,41.3807,10.7829,0.015849,8.68e+08,12,125000,1,0,20.5949,15335.8,0,-131.212,-137,1.58106
168845, 277.529, 33, -1,-1,-1,49.0691,16.5595,0.015849,8.68e+08,10,125000,1,0,34.0415,2665.71,1,-128.5,-133,0.436224
168852, 277.932, 36, -1,-1,-1,43.812,25.0559,0.019953,8.68e+08,12,125000,1,0,13.2906,4078.18,0,-132.083,-137,1.58106
168860, 278.279, 42, -1,-1,-1,57.8004,23.0841,0.019953,8.68e+08,10,125000,1,0,23.3783,-13774.5,1,-129.579,-133,0.436224
168863, 278.369, 26, -1,-1,-1,46.5003,4.98637,0.015849,8.68e+08,12,125000,1,0,40.0589,14768.6,1,-127.557,-137,1.58106
168866, 278.837, 44, -1,-1,-1,49.6811,31.6845,0.019953,8.68e+08,11,125000,1,0,11.9223,-5021.16,1,-132.466,-135,0.790528
168889, 279.435, 46, -1,-1,-1,54.8178,27.999,0.019953,8.68e+08,10,125000,1,0,17.8947,-10361.3,1,-130.876,-133,0.436224
168896, 279.8, 11, -1,-1,-1,57.2544,36.8221,0.015849,8.68e+08,10,125000,1,0,9.17557,-13146.7,0,-134.255,-133,0.436224
168899, 279.832, 6, -1,-1,-1,60.4258,15.6431,0.019953,8.68e+08,11,125000,1,0,28.2374,-16824.5,1,-128.561,-135,0.790528
168916, 280.516, 20, -1,-1,-1,40.4442,-8.92386,0.019953,8.68e+08,11,125000,1,0,12.9379,16659.9,0,-132.177,-135,0.790528
168923, 280.777, 19, -1,-1,-1,39.8596,0.90327,0.015849,8.68e+08,12,125000,1,0,17.7315,18707,0,-131.91,-137,1.58106
168930, 281.501, 49, -1,-1,-1,45.07,7.88241,0.019953,8.68e+08,11,125000,1,0,34.1628,14711.6,0,-127.477,-135,0.790528
168937, 281.623, 50, -1,-1,-1,39.7906,12.9554,0.019953,8.68e+08,12,125000,1,0,16.6526,14731.3,0,-131.185,-137,1.58106
168939, 281.67, 35, -1,-1,-1,45.9801,25.0541,0.025119,8.68e+08,12,125000,1,0,15.8758,1758.01,0,-130.391,-137,1.58106
168941, 281.717, 10, -1,-1,-1,30.029,30.9233,0.019953,8.68e+08,12,125000,1,0,-3.12935,8532.53,0,-137.015,-137,1.58106
168943, 282.063, 38, -1,-1,-1,45.3001,15.8952,0.025119,8.68e+08,11,125000,1,0,26.4024,8465.9,0,-127.929,-135,0.790528
168955, 282.543, 51, -1,-1,-1,40.4208,27.6114,0.015849,8.68e+08,10,125000,1,0,7.68845,5101.77,0,-134.688,-133,0.436224
168967, 283.191, 58, -1,-1,-1,61.5842,-8.00842,0.015849,8.68e+08,12,125000,1,0,21.7801,-11714.3,0,-130.939,-137,1.58106
168974, 283.539, 41, -1,-1,-1,60.451,27.3692,0.019953,8.68e+08,11,125000,1,0,15.8465,-15930.4,0,-131.4,-135,0.790528
168977, 283.691, 45, -1,-1,-1,49.0721,21.5918,0.025119,8.68e+08,12,125000,1,0,24.3033,-667.321,1,-128.375,-137,1.58106
168985, 283.942, 16, -1,-1,-1,43.0289,3.59424,0.019953,8.68e+08,10,125000,1,0,27.4934,17510.9,1,-128.706,-133,0.436224
168988, 283.957, 32, -1,-1,-1,49.6037,16.4839,0.019953,8.68e+08,11,125000,1,0,35.5334,1113.93,1,-127.251,-135,0.790528
169010, 284.993, 47, -1,-1,-1,60.1499,6.23873,0.025119,8.68e+08,11,125000,1,0,34.4944,-15725,0,-126.422,-135,0.790528
169017, 285.2, 2, -1,-1,-1,51.9313,12.445,0.025119,8.68e+08,11,125000,1,0,52.9927,-2092.21,0,-124.007,-135,0.790528
169019, 285.399, 3, -1,-1,-1,41.4821,-1.98577,0.015849,8.68e+08,12,125000,1,0,20.3601,18161,0,-131.267,-137,1.58106
169021, 285.562, 8, -1,-1,-1,59.4499,10.2152,0.025119,8.68e+08,12,125000,1,0,35.6041,-15907.2,0,-126.239,-137,1.58106
169023, 285.711, 24, -1,-1,-1,47.7606,11.929,0.019953,8.68e+08,12,125000,1,0,41.1491,7870.35,0,-126.402,-137,1.58106
169030, 285.952, 27, -1,-1,-1,50.7509,3.14531,0.019953,8.68e+08,11,125000,1,0,68.4188,6581.94,0,-123.855,-135,0.790528
169043, 286.779, 14, -1,-1,-1,55.1013,-6.63605,0.019953,8.68e+08,10,125000,1,0,34.3189,-2783.02,1,-127.452,-133,0.436224
169056, 287.251, 1, -1,-1,-1,49.3772,1.54038,0.025119,8.68e+08,10,125000,1,0,55.4122,10113.4,1,-123.779,-133,0.436224
169058, 287.318, 15, -1,-1,-1,46.5738,3.1001,0.015849,8.68e+08,10,125000,1,0,42.4991,14636.9,0,-127.216,-133,0.436224
169065, 287.384, 21, -1,-1,-1,42.2017,-7.04016,0.019953,8.68e+08,12,125000,1,0,17.8697,16440.9,0,-130.877,-137,1.58106
169067, 287.685, 37, -1,-1,-1,41.1025,24.9953,0.025119,8.68e+08,12,125000,1,0,10.4671,5805.3,0,-131.874,-137,1.58106
169100, 288.528, 13, -1,-1,-1,57.3143,-2.70899,0.019953,8.68e+08,11,125000,1,0,37.8105,-8772.64,1,-126.89,-135,0.790528
169103, 288.574, 43, -1,-1,-1,55.5373,25.9108,0.019953,8.68e+08,10,125000,1,0,19.7323,-11600,1,-130.422,-133,0.436224
169105, 288.93, 18, -1,-1,-1,39.8397,1.13302,0.025119,8.68e+08,12,125000,1,0,18.8615,18733,0,-129.628,-137,1.58106
169117, 289.512, 26, -1,-1,-1,46.5003,4.98637,0.015849,8.68e+08,12,125000,1,0,43.5363,14072.3,0,-127.079,-137,1.58106
169129, 289.757, 30, -1,-1,-1,49.3708,19.7672,0.019953,8.68e+08,12,125000,1,0,27.9184,-976.658,0,-128.623,-137,1.58106
169131, 289.792, 52, -1,-1,-1,38.8743,33.4102,0.025119,8.68e+08,11,125000,1,0,2.5998,2785.9,0,-134.24,-135,0.790528
169133, 289.819, 34, -1,-1,-1,47.4425,21.3987,0.025119,8.68e+08,11,125000,1,0,22.5262,1033.99,0,-128.768,-135,0.790528
169135, 290.028, 9, -1,-1,-1,38.3205,25.796,0.019953,8.68e+08,12,125000,1,0,6.97009,7073.62,0,-133.901,-137,1.58106
169137, 290.081, 7, -1,-1,-1,49.1664,15.132,0.019953,8.68e+08,12,125000,1,0,38.1821,2052.85,0,-126.834,-137,1.58106
169145, 290.478, 5, -1,-1,-1,51.8039,6.80183,0.015849,8.68e+08,11,125000,1,0,81.1122,452.661,1,-124.385,-135,0.790528
169157, 291.045, 53, -1,-1,-1,64.7134,-23.4263,0.025119,8.68e+08,11,125000,1,0,7.5406,-11518.2,0,-132.737,-135,0.790528
169169, 291.253, 54, -1,-1,-1,32.7894,-16.8765,0.015849,8.68e+08,12,125000,1,0,0.715411,16524.9,0,-136.82,-137,1.58106
169182, 291.478, 17, -1,-1,-1,51.5697,4.02995,0.019953,8.68e+08,10,125000,1,0,80.0792,2443.26,1,-123.408,-133,0.436224
169195, 291.576, 22, -1,-1,-1,50.1724,11.2032,0.019953,8.68e+08,11,125000,1,0,53.8841,2102.49,1,-124.92,-135,0.790528
169202, 292.168, 57, -1,-1,-1,34.6213,32.1051,0.015849,8.68e+08,11,125000,1,0,0.097017,5607.54,0,-137.015,-135,0.790528
169205, 292.357, 20, -1,-1,-1,40.4442,-8.92386,0.019953,8.68e+08,11,125000,1,0,14.0412,16480.5,1,-131.875,-135,0.790528
169217, 292.668, 40, -1,-1,-1,58.9757,26.2869,0.015849,8.68e+08,12,125000,1,0,17.1525,-15249,0,-132.061,-137,1.58106
169219, 292.7, 4, -1,-1,-1,41.3807,10.7829,0.015849,8.68e+08,12,125000,1,0,22.5382,14687.9,0,-130.761,-137,1.58106
169226, 292.979, 19, -1,-1,-1,39.8596,0.90327,0.015849,8.68e+08,12,125000,1,0,19.3794,18623.3,0,-131.501,-137,1.58106
169228, 293.07, 55, -1,-1,-1,28.9412,-14.4031,0.015849,8.68e+08,12,125000,1,0,-1.42637,17905.2,0,-137.484,-137,1.58106
169235, 293.331, 6, -1,-1,-1,60.4258,15.6431,0.019953,8.68e+08,11,125000,1,0,25.7228,-17224.7,0,-129.07,-135,0.790528
169238, 293.347, 23, -1,-1,-1,54.1403,7.94096,0.025119,8.68e+08,12,125000,1,0,65.5833,-7689.42,1,-123.015,-137,1.58106
169250, 294.04, 45, -1,-1,-1,49.0721,21.5918,0.025119,8.68e+08,12,125000,1,0,24.1686,-1858.91,0,-128.403,-137,1.58106
169253, 294.052, 0, -1,-1,-1,52.272,-2.15003,0.015849,8.68e+08,11,125000,1,0,50.3119,1819.38,1,-126.279,-135,0.790528
169256, 294.165, 42, -1,-1,-1,57.8004,23.0841,0.019953,8.68e+08,10,125000,1,0,21.4072,-14566,1,-130.024,-133,0.436224
169268, 294.298, 10, -1,-1,-1,30.029,30.9233,0.019953,8.68e+08,12,125000,1,0,-2.83976,8011.22,0,-136.925,-137,1.58106
169270, 294.349, 46, -1,-1,-1,54.8178,27.999,0.019953,8.68e+08,10,125000,1,0,16.7967,-11242.8,0,-131.152,-133,0.436224
169282, 295.014, 28, -1,-1,-1,56.0984,11.391,0.025119,8.68e+08,11,125000,1,0,45.0411,-12929.4,0,-124.887,-135,0.790528
169290, 295.485, 12, -1,-1,-1,54.1642,0.091911,0.025119,8.68e+08,11,125000,1,0,55.3114,-4408.54,1,-123.787,-135,0.790528
169293, 295.496, 29, -1,-1,-1,53.788,19.7678,0.015849,8.68e+08,10,125000,1,0,29.6583,-9521.02,1,-129.285,-133,0.436224
169300, 295.809, 8, -1,-1,-1,59.4499,10.2152,0.025119,8.68e+08,12,125000,1,0,33.0182,-16575.3,0,-126.672,-137,1.58106
169308, 296.051, 31, -1,-1,-1,53.4533,19.0186,0.025119,8.68e+08,10,125000,1,0,31.3121,-8950.95,1,-126.977,-133,0.436224
169315, 296.261, 59, -1,-1,-1,69.9209,23.5589,0.025119,8.68e+08,10,125000,1,0,6.71983,-19623.9,0,-132.981,-133,0.436224
169317, 296.381, 48, -1,-1,-1,56.7773,13.3766,0.025119,8.68e+08,12,125000,1,0,38.3631,-14056.9,0,-125.805,-137,1.58106
169325, 296.843, 47, -1,-1,-1,60.1499,6.23873,0.025119,8.68e+08,11,125000,1,0,31.6924,-16494.7,1,-126.907,-135,0.790528
169348, 297.699, 39, -1,-1,-1,46.5198,20.8019,0.025119,8.68e+08,10,125000,1,0,22.2622,1744.41,1,-128.826,-133,0.436224
169350, 297.718, 41, -1,-1,-1,60.451,27.3692,0.019953,8.68e+08,11,125000,1,0,14.4369,-16507.6,0,-131.772,-135,0.790528
169362, 297.822, 44, -1,-1,-1,49.6811,31.6845,0.019953,8.68e+08,11,125000,1,0,11.3708,-6268.57,0,-132.619,-135,0.790528
169369, 298.277, 56, -1,-1,-1,34.569,15.3924,0.015849,8.68e+08,12,125000,1,0,8.57011,14404.5,0,-134.419,-137,1.58106
169371, 298.51, 32, -1,-1,-1,49.6037,16.4839,0.019953,8.68e+08,11,125000,1,0,35.5311,-1036.87,0,-127.249,-135,0.790528
169373, 298.533, 25, -1,-1,-1,46.7789,8.28843,0.015849,8.68e+08,11,125000,1,0,46.2649,10577,0,-126.736,-135,0.790528
169381, 299.108, 35, -1,-1,-1,45.9801,25.0541,0.025119,8.68e+08,12,125000,1,0,15.9732,158.602,1,-130.364,-137,1.58106
169399, 299.74, 2, -1,-1,-1,51.9313,12.445,0.025119,8.68e+08,11,125000,1,0,51.2784,-4780.03,1,-124.177,-135,0.790528
169401, 299.767, 36, -1,-1,-1,43.812,25.0559,0.019953,8.68e+08,12,125000,1,0,13.6915,2442.95,0,-131.971,-137,1.58106
169403, 299.977, 49, -1,-1,-1,45.07,7.88241,0.019953,8.68e+08,11,125000,1,0,38.5013,13054.2,0,-126.783,-135,0.790528
169406, 300.007, 14, -1,-1,-1,55.1013,-6.63605,0.019953,8.68e+08,10,125000,1,0,33.5701,-4626.16,1,-127.577,-133,0.436224
169438, 300.933, 11, -1,-1,-1,57.2544,36.8221,0.015849,8.68e+08,10,125000,1,0,7.90898,-13739.1,0,-134.626,-133,0.436224
169560, 301.008, 51, -1,-1,-1,40.4208,27.6114,0.015849,8.68e+08,10,125000,1,0,8.03929,4018.04,0,-134.582,-133,0.436224
169563, 301.039, 18, -1,-1,-1,39.8397,1.13302,0.025119,8.68e+08,12,125000,1,0,20.5831,18380.7,1,-129.212,-137,1.58106
169581, 301.681, 38, -1,-1,-1,45.3001,15.8952,0.025119,8.68e+08,11,125000,1,0,28.0012,6557.18,1,-127.604,-135,0.790528
169584, 301.722, 33, -1,-1,-1,49.0691,16.5595,0.015849,8.68e+08,10,125000,1,0,34.4682,-259.488,1,-128.424,-133,0.436224
169586, 301.724, 58, -1,-1,-1,61.5842,-8.00842,0.015849,8.68e+08,12,125000,1,0,19.9086,-12769.1,0,-131.377,-137,1.58106
169598, 301.96, 3, -1,-1,-1,41.4821,-1.98577,0.015849,8.68e+08,12,125000,1,0,22.8458,17832.5,0,-130.691,-137,1.58106
169600, 302.034, 37, -1,-1,-1,41.1025,24.9953,0.025119,8.68e+08,12,125000,1,0,10.8357,4931.04,0,-131.767,-137,1.58106
169607, 302.563, 52, -1,-1,-1,38.8743,33.4102,0.025119,8.68e+08,11,125000,1,0,2.70469,2203.12,0,-134.206,-135,0.790528
169615, 302.648, 16, -1,-1,-1,43.0289,3.59424,0.019953,8.68e+08,10,125000,1,0,31.4172,16842,1,-127.954,-133,0.436224
169617, 302.721, 20, -1,-1,-1,40.4442,-8.92386,0.019953,8.68e+08,11,125000,1,0,15.0416,16328.6,0,-131.605,-135,0.790528
169629, 303.208, 24, -1,-1,-1,47.7606,11.929,0.019953,8.68e+08,12,125000,1,0,43.7083,5550.97,0,-126.055,-137,1.58106
169631, 303.241, 26, -1,-1,-1,46.5003,4.98637,0.015849,8.68e+08,12,125000,1,0,48.2948,12933.2,0,-126.498,-137,1.58106
169634, 303.356, 13, -1,-1,-1,57.3143,-2.70899,0.019953,8.68e+08,11,125000,1,0,35.3531,-10228.9,1,-127.277,-135,0.790528
169641, 303.807, 34, -1,-1,-1,47.4425,21.3987,0.025119,8.68e+08,11,125000,1,0,22.5586,-293.712,0,-128.758,-135,0.790528
169648, 304.698, 55, -1,-1,-1,28.9412,-14.4031,0.015849,8.68e+08,12,125000,1,0,-0.807544,17928,0,-137.29,-137,1.58106
169656, 305.283, 50, -1,-1,-1,39.7906,12.9554,0.019953,8.68e+08,12,125000,1,0,18.9663,13597.5,1,-130.601,-137,1.58106
169658, 305.492, 40, -1,-1,-1,58.9757,26.2869,0.015849,8.68e+08,12,125000,1,0,15.8511,-15639.5,0,-132.396,-137,1.58106
169665, 305.609, 5, -1,-1,-1,51.8039,6.80183,0.015849,8.68e+08,11,125000,1,0,78.1821,-2558.07,0,-124.455,-135,0.790528
169687, 306.346, 22, -1,-1,-1,50.1724,11.2032,0.019953,8.68e+08,11,125000,1,0,54.3139,-382.115,0,-124.877,-135,0.790528
169690, 306.439, 15, -1,-1,-1,46.5738,3.1001,0.015849,8.68e+08,10,125000,1,0,49.2831,12984.3,1,-126.387,-133,0.436224
169712, 306.925, 28, -1,-1,-1,56.0984,11.391,0.025119,8.68e+08,11,125000,1,0,41.3538,-13844.3,0,-125.37,-135,0.790528
169714, 306.953, 42, -1,-1,-1,57.8004,23.0841,0.019953,8.68e+08,10,125000,1,0,19.879,-15069.7,0,-130.384,-133,0.436224
169716, 307.183, 43, -1,-1,-1,55.5373,25.9108,0.019953,8.68e+08,10,125000,1,0,18.0559,-12677.2,0,-130.831,-133,0.436224
169719, 307.194, 30, -1,-1,-1,49.3708,19.7672,0.019953,8.68e+08,12,125000,1,0,27.5139,-2904.82,1,-128.702,-137,1.58106
169721, 307.213, 21, -1,-1,-1,42.2017,-7.04016,0.019953,8.68e+08,12,125000,1,0,20.2206,15785.4,0,-130.299,-137,1.58106
169723, 307.316, 59, -1,-1,-1,69.9209,23.5589,0.025119,8.68e+08,10,125000,1,0,5.85088,-19567.7,0,-133.243,-133,0.436224
169726, 307.545, 12, -1,-1,-1,54.1642,0.091911,0.025119,8.68e+08,11,125000,1,0,52.9197,-6186.87,1,-124.01,-135,0.790528
169753, 308.479, 47, -1,-1,-1,60.1499,6.23873,0.025119,8.68e+08,11,125000,1,0,29.1813,-16849.4,0,-127.373,-135,0.790528
169756, 308.822, 17, -1,-1,-1,51.5697,4.02995,0.019953,8.68e+08,10,125000,1,0,82.2565,-1083.46,1,-123.359,-133,0.436224
169758, 309.013, 25, -1,-1,-1,46.7789,8.28843,0.015849,8.68e+08,11,125000,1,0,49.2164,9445.39,0,-126.394,-135,0.790528
169766, 309.23, 7, -1,-1,-1,49.1664,15.132,0.019953,8.68e+08,12,125000,1,0,38.4082,-622.292,1,-126.797,-137,1.58106
169768, 309.546, 56, -1,-1,-1,34.569,15.3924,0.015849,8.68e+08,12,125000,1,0,9.2938,14112.4,0,-134.206,-137,1.58106
169776, 309.629, 1, -1,-1,-1,49.3772,1.54038,0.025119,8.68e+08,10,125000,1,0,64.3924,6639.02,1,-123.086,-133,0.436224
169793, 310.365, 6, -1,-1,-1,60.4258,15.6431,0.019953,8.68e+08,11,125000,1,0,22.8566,-17690.5,0,-129.69,-135,0.790528
169796, 310.739, 27, -1,-1,-1,50.7509,3.14531,0.019953,8.68e+08,11,125000,1,0,78.6522,1694.23,1,-123.441,-135,0.790528
169798, 311.088, 49, -1,-1,-1,45.07,7.88241,0.019953,8.68e+08,11,125000,1,0,41.3021,12193.7,0,-126.376,-135,0.790528
169806, 311.401, 23, -1,-1,-1,54.1403,7.94096,0.025119,8.68e+08,12,125000,1,0,57.1253,-10375,1,-123.626,-137,1.58106
169823, 312.018, 14, -1,-1,-1,55.1013,-6.63605,0.019953,8.68e+08,10,125000,1,0,32.6512,-5881.08,0,-127.735,-133,0.436224
169825, 312.26, 31, -1,-1,-1,53.4533,19.0186,0.025119,8.68e+08,10,125000,1,0,29.2911,-10425.4,0,-127.352,-133,0.436224
169832, 312.74, 10, -1,-1,-1,30.029,30.9233,0.019953,8.68e+08,12,125000,1,0,-2.43822,7386.4,0,-136.8,-137,1.58106
169844, 313.091, 9, -1,-1,-1,38.3205,25.796,0.019953,8.68e+08,12,125000,1,0,7.58438,5779.15,0,-133.715,-137,1.58106
169862, 313.547, 39, -1,-1,-1,46.5198,20.8019,0.025119,8.68e+08,10,125000,1,0,22.3974,222.797,1,-128.793,-133,0.436224
169864, 313.667, 53, -1,-1,-1,64.7134,-23.4263,0.025119,8.68e+08,11,125000,1,0,6.41916,-12366.4,0,-133.071,-135,0.790528
169872, 313.879, 45, -1,-1,-1,49.0721,21.5918,0.025119,8.68e+08,12,125000,1,0,23.6248,-3867.34,1,-128.519,-137,1.58106
169879, 314.263, 44, -1,-1,-1,49.6811,31.6845,0.019953,8.68e+08,11,125000,1,0,10.8118,-7265.37,0,-132.777,-135,0.790528
169887, 314.463, 46, -1,-1,-1,54.8178,27.999,0.019953,8.68e+08,10,125000,1,0,15.2769,-12361.2,1,-131.546,-133,0.436224
169889, 314.553, 0, -1,-1,-1,52.272,-2.15003,0.015849,8.68e+08,11,125000,1,0,50.4075,-1572.44,0,-126.265,-135,0.790528
169891, 314.563, 4, -1,-1,-1,41.3807,10.7829,0.015849,8.68e+08,12,125000,1,0,25.4487,13456.2,0,-130.122,-137,1.58106
169903, 315.114, 54, -1,-1,-1,32.7894,-16.8765,0.015849,8.68e+08,12,125000,1,0,1.98415,16157.9,0,-136.423,-137,1.58106
169906, 315.135, 29, -1,-1,-1,53.788,19.7678,0.015849,8.68e+08,10,125000,1,0,27.2592,-11216.9,1,-129.752,-133,0.436224
169909, 315.24, 2, -1,-1,-1,51.9313,12.445,0.025119,8.68e+08,11,125000,1,0,48.4708,-7077.36,1,-124.477,-135,0.790528
169936, 316.498, 50, -1,-1,-1,39.7906,12.9554,0.019953,8.68e+08,12,125000,1,0,20.0882,12868.6,0,-130.328,-137,1.58106
169948, 316.84, 52, -1,-1,-1,38.8743,33.4102,0.025119,8.68e+08,11,125000,1,0,2.78879,1363.02,0,-134.179,-135,0.790528
169955, 317.049, 57, -1,-1,-1,34.6213,32.1051,0.015849,8.68e+08,11,125000,1,0,0.48928,4491.71,0,-136.892,-135,0.790528
169962, 317.359, 19, -1,-1,-1,39.8596,0.90327,0.015849,8.68e+08,12,125000,1,0,23.0751,18106.5,0,-130.636,-137,1.58106
169964, 317.576, 41, -1,-1,-1,60.451,27.3692,0.019953,8.68e+08,11,125000,1,0,12.5639,-17014,0,-132.281,-135,0.790528
169967, 317.633, 32, -1,-1,-1,49.6037,16.4839,0.019953,8.68e+08,11,125000,1,0,34.8391,-3534.75,1,-127.36,-135,0.790528
169974, 317.758, 21, -1,-1,-1,42.2017,-7.04016,0.019953,8.68e+08,12,125000,1,0,21.5449,15226.2,0,-129.986,-137,1.58106
169976, 317.822, 30, -1,-1,-1,49.3708,19.7672,0.019953,8.68e+08,12,125000,1,0,27.0878,-4193.12,0,-128.786,-137,1.58106
169984, 318.121, 16, -1,-1,-1,43.0289,3.59424,0.019953,8.68e+08,10,125000,1,0,35.1388,15870.1,1,-127.308,-133,0.436224
169986, 318.188, 18, -1,-1,-1,39.8397,1.13302,0.025119,8.68e+08,12,125000,1,0,23.2633,18071,0,-128.594,-137,1.58106
169989, 318.69, 24, -1,-1,-1,47.7606,11.929,0.019953,8.68e+08,12,125000,1,0,45.3059,2994.86,1,-125.85,-137,1.58106
170006, 319.463, 8, -1,-1,-1,59.4499,10.2152,0.025119,8.68e+08,12,125000,1,0,27.8231,-17537.3,0,-127.637,-137,1.58106
170014, 319.638, 22, -1,-1,-1,50.1724,11.2032,0.019953,8.68e+08,11,125000,1,0,53.4968,-2938.37,1,-124.952,-135,0.790528
170022, 319.741, 17, -1,-1,-1,51.5697,4.02995,0.019953,8.68e+08,10,125000,1,0,77.9103,-3567.64,1,-123.46,-133,0.436224
170029, 320.165, 59, -1,-1,-1,69.9209,23.5589,0.025119,8.68e+08,10,125000,1,0,4.87895,-19734.7,0,-133.538,-133,0.436224
170046, 320.725, 36, -1,-1,-1,43.812,25.0559,0.019953,8.68e+08,12,125000,1,0,13.8892,834.519,0,-131.915,-137,1.58106
170048, 320.82, 27, -1,-1,-1,50.7509,3.14531,0.019953,8.68e+08,11,125000,1,0,79.6399,-146.469,0,-123.414,-135,0.790528
170051, 321.209, 48, -1,-1,-1,56.7773,13.3766,0.025119,8.68e+08,12,125000,1,0,32.3789,-15730,1,-126.781,-137,1.58106
170058, 321.355, 13, -1,-1,-1,57.3143,-2.70899,0.019953,8.68e+08,11,125000,1,0,32.2931,-11803.4,0,-127.796,-135,0.790528
170060, 321.383, 12, -1,-1,-1,54.1642,0.091911,0.025119,8.68e+08,11,125000,1,0,49.5957,-8090.8,0,-124.351,-135,0.790528
170077, 321.825, 11, -1,-1,-1,57.2544,36.8221,0.015849,8.68e+08,10,125000,1,0,6.66469,-14405.1,0,-134.997,-133,0.436224
170084, 321.981, 56, -1,-1,-1,34.569,15.3924,0.015849,8.68e+08,12,125000,1,0,10.0977,13735.3,0,-133.971,-137,1.58106
170086, 322.036, 38, -1,-1,-1,45.3001,15.8952,0.025119,8.68e+08,11,125000,1,0,29.2817,4354.24,0,-127.352,-135,0.790528
170104, 322.958, 15, -1,-1,-1,46.5738,3.1001,0.015849,8.68e+08,10,125000,1,0,56.1613,11178.3,1,-125.707,-133,0.436224
170107, 323.213, 7, -1,-1,-1,49.1664,15.132,0.019953,8.68e+08,12,125000,1,0,37.9722,-2482.54,1,-126.861,-137,1.58106
170109, 323.343, 35, -1,-1,-1,45.9801,25.0541,0.025119,8.68e+08,12,125000,1,0,15.8449,-1679.96,0,-130.394,-137,1.58106
170111, 323.557, 40, -1,-1,-1,58.9757,26.2869,0.015849,8.68e+08,12,125000,1,0,14.095,-16188.6,0,-132.861,-137,1.58106
170133, 324.029, 9, -1,-1,-1,38.3205,25.796,0.019953,8.68e+08,12,125000,1,0,7.837,5226.56,0,-133.639,-137,1.58106
170145, 324.416, 37, -1,-1,-1,41.1025,24.9953,0.025119,8.68e+08,12,125000,1,0,11.2865,3405.2,0,-131.637,-137,1.58106
170148, 324.597, 47, -1,-1,-1,60.1499,6.23873,0.025119,8.68e+08,11,125000,1,0,26.0459,-17346,1,-127.997,-135,0.790528
170155, 324.865, 44, -1,-1,-1,49.6811,31.6845,0.019953,8.68e+08,11,125000,1,0,10.4166,-7812.49,0,-132.889,-135,0.790528
170177, 325.256, 51, -1,-1,-1,40.4208,27.6114,0.015849,8.68e+08,10,125000,1,0,8.37019,2486.91,0,-134.482,-133,0.436224
170179, 325.35, 58, -1,-1,-1,61.5842,-8.00842,0.015849,8.68e+08,12,125000,1,0,17.5681,-13965.8,0,-131.95,-137,1.58106
170181, 325.55, 55, -1,-1,-1,28.9412,-14.4031,0.015849,8.68e+08,12,125000,1,0,0.329731,17771,0,-136.934,-137,1.58106
170183, 325.573, 3, -1,-1,-1,41.4821,-1.98577,0.015849,8.68e+08,12,125000,1,0,26.8804,17085,0,-129.824,-137,1.58106
170186, 325.589, 33, -1,-1,-1,49.0691,16.5595,0.015849,8.68e+08,10,125000,1,0,33.7414,-3391.1,1,-128.544,-133,0.436224
170188, 325.801, 20, -1,-1,-1,40.4442,-8.92386,0.019953,8.68e+08,11,125000,1,0,17.3899,15571.4,0,-130.993,-135,0.790528
170191, 325.879, 49, -1,-1,-1,45.07,7.88241,0.019953,8.68e+08,11,125000,1,0,45.1884,10715.9,1,-125.863,-135,0.790528
170194, 325.912, 26, -1,-1,-1,46.5003,4.98637,0.015849,8.68e+08,12,125000,1,0,57.3548,10195.4,1,-125.604,-137,1.58106
170206, 326.778, 4, -1,-1,-1,41.3807,10.7829,0.015849,8.68e+08,12,125000,1,0,27.1374,12751.2,0,-129.772,-137,1.58106
170209, 326.886, 14, -1,-1,-1,55.1013,-6.63605,0.019953,8.68e+08,10,125000,1,0,31.262,-7403.81,1,-127.981,-133,0.436224
170221, 327.03, 34, -1,-1,-1,47.4425,21.3987,0.025119,8.68e+08,11,125000,1,0,22.2358,-2622.92,0,-128.829,-135,0.790528
170243, 327.753, 57, -1,-1,-1,34.6213,32.1051,0.015849,8.68e+08,11,125000,1,0,0.633238,4090.01,0,-136.846,-135,0.790528
170246, 327.82, 2, -1,-1,-1,51.9313,12.445,0.025119,8.68e+08,11,125000,1,0,45.7441,-8681.12,1,-124.795,-135,0.790528
170254, 328.089, 43, -1,-1,-1,55.5373,25.9108,0.019953,8.68e+08,10,125000,1,0,16.181,-13734.3,1,-131.307,-133,0.436224
170261, 328.443, 32, -1,-1,-1,49.6037,16.4839,0.019953,8.68e+08,11,125000,1,0,34.1341,-4766.54,0,-127.477,-135,0.790528
170263, 328.491, 53, -1,-1,-1,64.7134,-23.4263,0.025119,8.68e+08,11,125000,1,0,5.67624,-12785.5,0,-133.295,-135,0.790528
170275, 328.992, 21, -1,-1,-1,42.2017,-7.04016,0.019953,8.68e+08,12,125000,1,0,23.0128,14856.4,0,-129.651,-137,1.58106
170277, 329.084, 41, -1,-1,-1,60.451,27.3692,0.019953,8.68e+08,11,125000,1,0,11.5299,-17181.5,0,-132.57,-135,0.790528
170280, 329.557, 6, -1,-1,-1,60.4258,15.6431,0.019953,8.68e+08,11,125000,1,0,19.9766,-18130.1,1,-130.356,-135,0.790528
170288, 329.663, 18, -1,-1,-1,39.8397,1.13302,0.025119,8.68e+08,12,125000,1,0,25.2413,17906.6,1,-128.163,-137,1.58106
170295, 330.269, 10, -1,-1,-1,30.029,30.9233,0.019953,8.68e+08,12,125000,1,0,-2.08402,6773.13,0,-136.689,-137,1.58106
170303, 330.353, 5, -1,-1,-1,51.8039,6.80183,0.015849,8.68e+08,11,125000,1,0,66.4416,-7326.5,1,-124.958,-135,0.790528
170321, 330.851, 31, -1,-1,-1,53.4533,19.0186,0.025119,8.68e+08,10,125000,1,0,26.8779,-11914.7,1,-127.827,-133,0.436224
170323, 330.853, 42, -1,-1,-1,57.8004,23.0841,0.019953,8.68e+08,10,125000,1,0,17.1776,-16025.3,0,-131.049,-133,0.436224
170325, 331.122, 28, -1,-1,-1,56.0984,11.391,0.025119,8.68e+08,11,125000,1,0,34.7868,-15571.5,0,-126.366,-135,0.790528
170327, 331.302, 25, -1,-1,-1,46.7789,8.28843,0.015849,8.68e+08,11,125000,1,0,55.1207,6130.59,0,-125.798,-135,0.790528
170344, 331.833, 19, -1,-1,-1,39.8596,0.90327,0.015849,8.68e+08,12,125000,1,0,25.5773,17826.8,0,-130.092,-137,1.58106
170352, 332.144, 1, -1,-1,-1,49.3772,1.54038,0.025119,8.68e+08,10,125000,1,0,71.8129,2401.76,1,-122.682,-133,0.436224
170354, 332.214, 46, -1,-1,-1,54.8178,27.999,0.019953,8.68e+08,10,125000,1,0,13.9238,-13199.6,0,-131.906,-133,0.436224
170372, 332.751, 39, -1,-1,-1,46.5198,20.8019,0.025119,8.68e+08,10,125000,1,0,22.27,-1670.28,1,-128.82,-133,0.436224
170374, 332.902, 30, -1,-1,-1,49.3708,19.7672,0.019953,8.68e+08,12,125000,1,0,26.2774,-5708.84,0,-128.95,-137,1.58106
170377, 333.047, 38, -1,-1,-1,45.3001,15.8952,0.025119,8.68e+08,11,125000,1,0,29.7666,2952.17,1,-127.258,-135,0.790528
170384, 333.573, 7, -1,-1,-1,49.1664,15.132,0.019953,8.68e+08,12,125000,1,0,37.3436,-4039.67,0,-126.956,-137,1.58106
170392, 333.972, 16, -1,-1,-1,43.0289,3.59424,0.019953,8.68e+08,10,125000,1,0,39.4863,14978.5,1,-126.631,-133,0.436224
170415, 334.332, 23, -1,-1,-1,54.1403,7.94096,0.025119,8.68e+08,12,125000,1,0,47.8134,-13087,1,-124.548,-137,1.58106
170418, 334.595, 29, -1,-1,-1,53.788,19.7678,0.015849,8.68e+08,10,125000,1,0,24.8244,-12629.8,1,-130.255,-133,0.436224
170435, 335.41, 24, -1,-1,-1,47.7606,11.929,0.019953,8.68e+08,12,125000,1,0,46.063,429.163,0,-125.755,-137,1.58106
170437, 335.582, 36, -1,-1,-1,43.812,25.0559,0.019953,8.68e+08,12,125000,1,0,13.9129,-263.226,0,-131.907,-137,1.58106
170444, 335.821, 3, -1,-1,-1,41.4821,-1.98577,0.015849,8.68e+08,12,125000,1,0,28.8431,16550.7,0,-129.433,-137,1.58106
170446, 335.9, 50, -1,-1,-1,39.7906,12.9554,0.019953,8.68e+08,12,125000,1,0,22.042,11678.4,0,-129.868,-137,1.58106
170449, 335.954, 12, -1,-1,-1,54.1642,0.091911,0.025119,8.68e+08,11,125000,1,0,45.8022,-10244.8,1,-124.786,-135,0.790528
170451, 336.388, 0, -1,-1,-1,52.272,-2.15003,0.015849,8.68e+08,11,125000,1,0,48.2363,-5076.55,0,-126.5,-135,0.790528
170453, 336.628, 37, -1,-1,-1,41.1025,24.9953,0.025119,8.68e+08,12,125000,1,0,11.463,2448.69,0,-131.586,-137,1.58106
170470, 336.879, 48, -1,-1,-1,56.7773,13.3766,0.025119,8.68e+08,12,125000,1,0,29.0864,-16429.2,0,-127.387,-137,1.58106
170487, 337.539, 11, -1,-1,-1,57.2544,36.8221,0.015849,8.68e+08,10,125000,1,0,5.73901,-14984.9,0,-135.275,-133,0.436224
170490, 337.543, 13, -1,-1,-1,57.3143,-2.70899,0.019953,8.68e+08,11,125000,1,0,29.5858,-13272.2,1,-128.291,-135,0.790528
170493, 337.586, 14, -1,-1,-1,55.1013,-6.63605,0.019953,8.68e+08,10,125000,1,0,30.1322,-8649.13,1,-128.188,-133,0.436224
170495, 337.631, 52, -1,-1,-1,38.8743,33.4102,0.025119,8.68e+08,11,125000,1,0,2.84733,292.262,0,-134.16,-135,0.790528
170517, 338.421, 45, -1,-1,-1,49.0721,21.5918,0.025119,8.68e+08,12,125000,1,0,22.4941,-6251.67,0,-128.769,-137,1.58106
170524, 338.794, 58, -1,-1,-1,61.5842,-8.00842,0.015849,8.68e+08,12,125000,1,0,16.2761,-14696.6,0,-132.279,-137,1.58106
170531, 339.232, 54, -1,-1,-1,32.7894,-16.8765,0.015849,8.68e+08,12,125000,1,0,3.30359,15722.3,0,-136.012,-137,1.58106
170533, 339.267, 56, -1,-1,-1,34.569,15.3924,0.015849,8.68e+08,12,125000,1,0,11.22,12883.3,0,-133.648,-137,1.58106
170536, 339.269, 32, -1,-1,-1,49.6037,16.4839,0.019953,8.68e+08,11,125000,1,0,33.2365,-6216.07,1,-127.628,-135,0.790528
170544, 339.492, 26, -1,-1,-1,46.5003,4.98637,0.015849,8.68e+08,12,125000,1,0,63.4074,7877.36,1,-125.146,-137,1.58106
170546, 339.839, 9, -1,-1,-1,38.3205,25.796,0.019953,8.68e+08,12,125000,1,0,8.15337,4151.85,0,-133.544,-137,1.58106
170549, 340.088, 2, -1,-1,-1,51.9313,12.445,0.025119,8.68e+08,11,125000,1,0,42.9082,-10386.4,1,-125.154,-135,0.790528
170556, 340.615, 40, -1,-1,-1,58.9757,26.2869,0.015849,8.68e+08,12,125000,1,0,12.5191,-16817.5,0,-133.291,-137,1.58106
170578, 341.108, 59, -1,-1,-1,69.9209,23.5589,0.025119,8.68e+08,10,125000,1,0,3.37309,-19582.1,0,-134,-133,0.436224
170580, 341.31, 22, -1,-1,-1,50.1724,11.2032,0.019953,8.68e+08,11,125000,1,0,50.1396,-6124.53,0,-125.289,-135,0.790528
170582, 341.546, 44, -1,-1,-1,49.6811,31.6845,0.019953,8.68e+08,11,125000,1,0,9.74751,-8723.48,0,-133.08,-135,0.790528
170584, 341.575, 49, -1,-1,-1,45.07,7.88241,0.019953,8.68e+08,11,125000,1,0,49.3422,8815.49,0,-125.375,-135,0.790528
170591, 341.82, 5, -1,-1,-1,51.8039,6.80183,0.015849,8.68e+08,11,125000,1,0,60.9294,-8986.75,0,-125.319,-135,0.790528
170608, 342.817, 41, -1,-1,-1,60.451,27.3692,0.019953,8.68e+08,11,125000,1,0,10.3428,-17386.7,0,-132.907,-135,0.790528
170620, 343.25, 57, -1,-1,-1,34.6213,32.1051,0.015849,8.68e+08,11,125000,1,0,0.813759,3422.67,0,-136.789,-135,0.790528
170623, 343.283, 8, -1,-1,-1,59.4499,10.2152,0.025119,8.68e+08,12,125000,1,0,23.466,-17973.1,1,-128.549,-137,1.58106
170630, 343.539, 38, -1,-1,-1,45.3001,15.8952,0.025119,8.68e+08,11,125000,1,0,30.0721,1839.41,0,-127.199,-135,0.790528
170633, 343.543, 17, -1,-1,-1,51.5697,4.02995,0.019953,8.68e+08,10,125000,1,0,65.784,-7593.45,1,-123.994,-133,0.436224
170636, 343.657, 25, -1,-1,-1,46.7789,8.28843,0.015849,8.68e+08,11,125000,1,0,57.6976,4197.12,1,-125.572,-135,0.790528
170659, 344.693, 15, -1,-1,-1,46.5738,3.1001,0.015849,8.68e+08,10,125000,1,0,66.7645,7949.87,1,-124.936,-133,0.436224
170672, 344.983, 18, -1,-1,-1,39.8397,1.13302,0.025119,8.68e+08,12,125000,1,0,28.1562,17525.1,1,-127.565,-137,1.58106
170679, 345.163, 47, -1,-1,-1,60.1499,6.23873,0.025119,8.68e+08,11,125000,1,0,22.5321,-17905.3,0,-128.757,-135,0.790528
170681, 345.179, 51, -1,-1,-1,40.4208,27.6114,0.015849,8.68e+08,10,125000,1,0,8.5237,1227.37,0,-134.435,-133,0.436224
170689, 345.24, 27, -1,-1,-1,50.7509,3.14531,0.019953,8.68e+08,11,125000,1,0,71.4123,-5118.53,1,-123.698,-135,0.790528
170691, 345.942, 21, -1,-1,-1,42.2017,-7.04016,0.019953,8.68e+08,12,125000,1,0,25.3351,14035.6,0,-129.143,-137,1.58106
170703, 346.551, 35, -1,-1,-1,45.9801,25.0541,0.025119,8.68e+08,12,125000,1,0,15.4432,-3571.66,0,-130.497,-137,1.58106
170705, 346.704, 10, -1,-1,-1,30.029,30.9233,0.019953,8.68e+08,12,125000,1,0,-1.77821,6184.9,0,-136.593,-137,1.58106
170708, 346.734, 12, -1,-1,-1,54.1642,0.091911,0.025119,8.68e+08,11,125000,1,0,42.9729,-11269.1,1,-125.144,-135,0.790528
170710, 346.802, 4, -1,-1,-1,41.3807,10.7829,0.015849,8.68e+08,12,125000,1,0,29.9476,11207.6,0,-129.22,-137,1.58106
170723, 347.44, 42, -1,-1,-1,57.8004,23.0841,0.019953,8.68e+08,10,125000,1,0,15.4235,-16503.9,1,-131.502,-133,0.436224
170725, 347.539, 19, -1,-1,-1,39.8596,0.90327,0.015849,8.68e+08,12,125000,1,0,28.6122,17414.7,0,-129.475,-137,1.58106
170752, 348.559, 45, -1,-1,-1,49.0721,21.5918,0.025119,8.68e+08,12,125000,1,0,21.9052,-7040.74,0,-128.902,-137,1.58106
170755, 348.588, 31, -1,-1,-1,53.4533,19.0186,0.025119,8.68e+08,10,125000,1,0,24.574,-13102,1,-128.307,-133,0.436224
170762, 348.713, 52, -1,-1,-1,38.8743,33.4102,0.025119,8.68e+08,11,125000,1,0,2.84724,-203.865,0,-134.159,-135,0.790528
170765, 348.803, 34, -1,-1,-1,47.4425,21.3987,0.025119,8.68e+08,11,125000,1,0,21.5343,-4706.93,1,-128.987,-135,0.790528
170767, 348.873, 43, -1,-1,-1,55.5373,25.9108,0.019953,8.68e+08,10,125000,1,0,14.3581,-14618.5,0,-131.786,-133,0.436224
170769, 349.462, 20, -1,-1,-1,40.4442,-8.92386,0.019953,8.68e+08,11,125000,1,0,19.9716,14594.4,0,-130.353,-135,0.790528
170771, 349.792, 55, -1,-1,-1,28.9412,-14.4031,0.015849,8.68e+08,12,125000,1,0,1.7,17514.3,0,-136.505,-137,1.58106
170798, 350.409, 33, -1,-1,-1,49.0691,16.5595,0.015849,8.68e+08,10,125000,1,0,31.9373,-6425.44,0,-128.856,-133,0.436224
170800, 350.486, 39, -1,-1,-1,46.5198,20.8019,0.025119,8.68e+08,10,125000,1,0,21.8762,-3365.82,0,-128.908,-133,0.436224
170813, 350.895, 28, -1,-1,-1,56.0984,11.391,0.025119,8.68e+08,11,125000,1,0,30.2474,-16552.6,1,-127.164,-135,0.790528
170935, 351.059, 53, -1,-1,-1,64.7134,-23.4263,0.025119,8.68e+08,11,125000,1,0,4.54115,-13477.2,0,-133.639,-135,0.790528
170947, 351.922, 40, -1,-1,-1,58.9757,26.2869,0.015849,8.68e+08,12,125000,1,0,11.517,-16993.1,0,-133.571,-137,1.58106
170949, 352.288, 54, -1,-1,-1,32.7894,-16.8765,0.015849,8.68e+08,12,125000,1,0,4.03343,15565,0,-135.786,-137,1.58106
170952, 352.469, 24, -1,-1,-1,47.7606,11.929,0.019953,8.68e+08,12,125000,1,0,45.6621,-2217.5,1,-125.801,-137,1.58106
170955, 352.681, 13, -1,-1,-1,57.3143,-2.70899,0.019953,8.68e+08,11,125000,1,0,27.1529,-14144.2,1,-128.766,-135,0.790528
170962, 352.734, 36, -1,-1,-1,43.812,25.0559,0.019953,8.68e+08,12,125000,1,0,13.819,-1555.31,0,-131.931,-137,1.58106
170980, 353.343, 1, -1,-1,-1,49.3772,1.54038,0.025119,8.68e+08,10,125000,1,0,72.3653,-1867.25,1,-122.654,-133,0.436224
170998, 353.519, 6, -1,-1,-1,60.4258,15.6431,0.019953,8.68e+08,11,125000,1,0,16.8074,-18603.8,1,-131.139,-135,0.790528
171000, 353.544, 46, -1,-1,-1,54.8178,27.999,0.019953,8.68e+08,10,125000,1,0,12.3087,-14107,0,-132.348,-133,0.436224
171022, 353.906, 11, -1,-1,-1,57.2544,36.8221,0.015849,8.68e+08,10,125000,1,0,4.78714,-15360.8,0,-135.564,-133,0.436224
171025, 353.954, 16, -1,-1,-1,43.0289,3.59424,0.019953,8.68e+08,10,125000,1,0,45.8784,13396.4,1,-125.773,-133,0.436224
171032, 354.186, 29, -1,-1,-1,53.788,19.7678,0.015849,8.68e+08,10,125000,1,0,22.4085,-13814.7,0,-130.785,-133,0.436224
171034, 354.299, 41, -1,-1,-1,60.451,27.3692,0.019953,8.68e+08,11,125000,1,0,9.38705,-17700.7,0,-133.183,-135,0.790528
171041, 354.53, 37, -1,-1,-1,41.1025,24.9953,0.025119,8.68e+08,12,125000,1,0,11.6274,1202.77,0,-131.537,-137,1.58106
171044, 354.534, 22, -1,-1,-1,50.1724,11.2032,0.019953,8.68e+08,11,125000,1,0,47.3021,-8269.19,1,-125.605,-135,0.790528
171046, 354.696, 0, -1,-1,-1,52.272,-2.15003,0.015849,8.68e+08,11,125000,1,0,45.1173,-7652.86,0,-126.868,-135,0.790528
171058, 355.349, 7, -1,-1,-1,49.1664,15.132,0.019953,8.68e+08,12,125000,1,0,35.3222,-6819.12,0,-127.275,-137,1.58106
171065, 355.568, 3, -1,-1,-1,41.4821,-1.98577,0.015849,8.68e+08,12,125000,1,0,33.0523,15638.6,0,-128.656,-137,1.58106
171082, 356.104, 50, -1,-1,-1,39.7906,12.9554,0.019953,8.68e+08,12,125000,1,0,24.044,10211.8,0,-129.418,-137,1.58106
171084, 356.252, 59, -1,-1,-1,69.9209,23.5589,0.025119,8.68e+08,10,125000,1,0,2.33777,-19759.1,0,-134.319,-133,0.436224
171092, 356.403, 17, -1,-1,-1,51.5697,4.02995,0.019953,8.68e+08,10,125000,1,0,59.5563,-9863.09,1,-124.421,-133,0.436224
171099, 356.521, 30, -1,-1,-1,49.3708,19.7672,0.019953,8.68e+08,12,125000,1,0,24.6168,-8011.28,0,-129.297,-137,1.58106
171106, 356.927, 26, -1,-1,-1,46.5003,4.98637,0.015849,8.68e+08,12,125000,1,0,71.324,4857.33,0,-124.7,-137,1.58106
171109, 356.957, 14, -1,-1,-1,55.1013,-6.63605,0.019953,8.68e+08,10,125000,1,0,27.9111,-10370.4,1,-128.614,-133,0.436224
171116, 357.075, 5, -1,-1,-1,51.8039,6.80183,0.015849,8.68e+08,11,125000,1,0,54.1452,-11382.2,0,-125.884,-135,0.790528
171118, 357.144, 23, -1,-1,-1,54.1403,7.94096,0.025119,8.68e+08,12,125000,1,0,40.1759,-15023,0,-125.528,-137,1.58106
171130, 357.627, 48, -1,-1,-1,56.7773,13.3766,0.025119,8.68e+08,12,125000,1,0,25.2299,-17227.2,0,-128.164,-137,1.58106
171132, 357.832, 2, -1,-1,-1,51.9313,12.445,0.025119,8.68e+08,11,125000,1,0,38.7694,-12189.3,0,-125.735,-135,0.790528
171139, 358.049, 32, -1,-1,-1,49.6037,16.4839,0.019953,8.68e+08,11,125000,1,0,31.3269,-8271.73,0,-127.965,-135,0.790528
171141, 358.177, 9, -1,-1,-1,38.3205,25.796,0.019953,8.68e+08,12,125000,1,0,8.44253,3040.36,0,-133.457,-137,1.58106
171148, 358.715, 38, -1,-1,-1,45.3001,15.8952,0.025119,8.68e+08,11,125000,1,0,30.2233,-172.713,0,-127.168,-135,0.790528
171150, 358.828, 19, -1,-1,-1,39.8596,0.90327,0.015849,8.68e+08,12,125000,1,0,31.036,16833.6,0,-129.015,-137,1.58106
171168, 359.918, 27, -1,-1,-1,50.7509,3.14531,0.019953,8.68e+08,11,125000,1,0,64.4309,-8028.05,1,-124.076,-135,0.790528
171171, 359.969, 18, -1,-1,-1,39.8397,1.13302,0.025119,8.68e+08,12,125000,1,0,31.3647,16757.3,1,-126.955,-137,1.58106
171184, 360.27, 31, -1,-1,-1,53.4533,19.0186,0.025119,8.68e+08,10,125000,1,0,23.0862,-13933.9,1,-128.632,-133,0.436224
171196, 360.935, 56, -1,-1,-1,34.569,15.3924,0.015849,8.68e+08,12,125000,1,0,12.6216,11880.8,0,-133.253,-137,1.58106
171198, 360.976, 25, -1,-1,-1,46.7789,8.28843,0.015849,8.68e+08,11,125000,1,0,59.6439,1122.41,0,-125.413,-135,0.790528
171200, 361.034, 49, -1,-1,-1,45.07,7.88241,0.019953,8.68e+08,11,125000,1,0,54.0045,5919.76,0,-124.897,-135,0.790528
171202, 361.42, 44, -1,-1,-1,49.6811,31.6845,0.019953,8.68e+08,11,125000,1,0,8.88804,-9757.55,0,-133.329,-135,0.790528
171204, 362.063, 58, -1,-1,-1,61.5842,-8.00842,0.015849,8.68e+08,12,125000,1,0,14.1253,-15293.5,0,-132.846,-137,1.58106
171227, 363.176, 12, -1,-1,-1,54.1642,0.091911,0.025119,8.68e+08,11,125000,1,0,38.7995,-12764.9,1,-125.729,-135,0.790528
171240, 363.617, 1, -1,-1,-1,49.3772,1.54038,0.025119,8.68e+08,10,125000,1,0,69.8251,-3651.41,1,-122.77,-133,0.436224
171242, 363.647, 20, -1,-1,-1,40.4442,-8.92386,0.019953,8.68e+08,11,125000,1,0,21.5989,14007,0,-129.968,-135,0.790528
171254, 364.114, 53, -1,-1,-1,64.7134,-23.4263,0.025119,8.68e+08,11,125000,1,0,3.8852,-13739,0,-133.839,-135,0.790528
171262, 364.569, 24, -1,-1,-1,47.7606,11.929,0.019953,8.68e+08,12,125000,1,0,44.6925,-3940.5,1,-125.92,-137,1.58106
171265, 364.608, 28, -1,-1,-1,56.0984,11.391,0.025119,8.68e+08,11,125000,1,0,27.4701,-17003.5,1,-127.7,-135,0.790528
171267, 364.679, 40, -1,-1,-1,58.9757,26.2869,0.015849,8.68e+08,12,125000,1,0,10.4255,-17185.5,0,-133.88,-137,1.58106
171284, 365.53, 21, -1,-1,-1,42.2017,-7.04016,0.019953,8.68e+08,12,125000,1,0,28.1574,12828.1,0,-128.563,-137,1.58106
171301, 365.874, 0, -1,-1,-1,52.272,-2.15003,0.015849,8.68e+08,11,125000,1,0,42.8875,-8904.07,0,-127.153,-135,0.790528
171304, 365.979, 22, -1,-1,-1,50.1724,11.2032,0.019953,8.68e+08,11,125000,1,0,44.6207,-9598.8,1,-125.928,-135,0.790528
171306, 366.021, 3, -1,-1,-1,41.4821,-1.98577,0.015849,8.68e+08,12,125000,1,0,35.5355,15198.6,0,-128.236,-137,1.58106
171313, 366.21, 51, -1,-1,-1,40.4208,27.6114,0.015849,8.68e+08,10,125000,1,0,8.56486,-126.07,0,-134.421,-133,0.436224
171325, 366.271, 29, -1,-1,-1,53.788,19.7678,0.015849,8.68e+08,10,125000,1,0,20.961,-14352.3,0,-131.118,-133,0.436224
171327, 366.294, 8, -1,-1,-1,59.4499,10.2152,0.025119,8.68e+08,12,125000,1,0,19.8908,-18477.8,0,-129.371,-137,1.58106
171340, 366.676, 15, -1,-1,-1,46.5738,3.1001,0.015849,8.68e+08,10,125000,1,0,79.1104,3850.37,1,-124.419,-133,0.436224
171348, 367.008, 34, -1,-1,-1,47.4425,21.3987,0.025119,8.68e+08,11,125000,1,0,20.6937,-6307.99,1,-129.181,-135,0.790528
171351, 367.114, 14, -1,-1,-1,55.1013,-6.63605,0.019953,8.68e+08,10,125000,1,0,26.6955,-11024.2,1,-128.857,-133,0.436224
171353, 367.15, 45, -1,-1,-1,49.0721,21.5918,0.025119,8.68e+08,12,125000,1,0,20.6835,-8559.23,0,-129.184,-137,1.58106
171355, 367.324, 57, -1,-1,-1,34.6213,32.1051,0.015849,8.68e+08,11,125000,1,0,1.02585,2270.76,0,-136.721,-135,0.790528
171357, 367.736, 54, -1,-1,-1,32.7894,-16.8765,0.015849,8.68e+08,12,125000,1,0,4.9108,15306,0,-135.516,-137,1.58106
171359, 367.88, 10, -1,-1,-1,30.029,30.9233,0.019953,8.68e+08,12,125000,1,0,-1.42476,5348.31,0,-136.482,-137,1.58106
171386, 368.952, 42, -1,-1,-1,57.8004,23.0841,0.019953,8.68e+08,10,125000,1,0,13.2901,-17073.3,0,-132.073,-133,0.436224
171413, 369.223, 39, -1,-1,-1,46.5198,20.8019,0.025119,8.68e+08,10,125000,1,0,21.198,-5093.69,0,-129.062,-133,0.436224
171416, 369.396, 47, -1,-1,-1,60.1499,6.23873,0.025119,8.68e+08,11,125000,1,0,18.9553,-18442.7,1,-129.597,-135,0.790528
171423, 369.582, 33, -1,-1,-1,49.0691,16.5595,0.015849,8.68e+08,10,125000,1,0,30.0241,-8451.52,0,-129.204,-133,0.436224
171425, 369.601, 48, -1,-1,-1,56.7773,13.3766,0.025119,8.68e+08,12,125000,1,0,23.2315,-17490.2,0,-128.597,-137,1.58106
171427, 369.964, 43, -1,-1,-1,55.5373,25.9108,0.019953,8.68e+08,10,125000,1,0,12.5702,-15374.5,0,-132.273,-133,0.436224
171439, 370.454, 35, -1,-1,-1,45.9801,25.0541,0.025119,8.68e+08,12,125000,1,0,14.7713,-5432.85,0,-130.673,-137,1.58106
171446, 370.617, 4, -1,-1,-1,41.3807,10.7829,0.015849,8.68e+08,12,125000,1,0,33.1934,8906.69,0,-128.63,-137,1.58106
171448, 370.619, 37, -1,-1,-1,41.1025,24.9953,0.025119,8.68e+08,12,125000,1,0,11.6759,89.1644,0,-131.522,-137,1.58106
171450, 370.674, 55, -1,-1,-1,28.9412,-14.4031,0.015849,8.68e+08,12,125000,1,0,2.92564,17286.1,0,-136.123,-137,1.58106
171452, 370.692, 19, -1,-1,-1,39.8596,0.90327,0.015849,8.68e+08,12,125000,1,0,33.838,16440.7,0,-128.518,-137,1.58106
171469, 371.119, 32, -1,-1,-1,49.6037,16.4839,0.019953,8.68e+08,11,125000,1,0,29.8146,-9473.35,0,-128.243,-135,0.790528
171476, 371.548, 52, -1,-1,-1,38.8743,33.4102,0.025119,8.68e+08,11,125000,1,0,2.77845,-1395.05,0,-134.179,-135,0.790528
171479, 371.591, 2, -1,-1,-1,51.9313,12.445,0.025119,8.68e+08,11,125000,1,0,35.6711,-13278.4,1,-126.215,-135,0.790528
171481, 371.608, 59, -1,-1,-1,69.9209,23.5589,0.025119,8.68e+08,10,125000,1,0,1.32843,-19726.6,0,-134.632,-133,0.436224
171484, 372.015, 18, -1,-1,-1,39.8397,1.13302,0.025119,8.68e+08,12,125000,1,0,34.2468,16340.7,1,-126.448,-137,1.58106
171486, 372.165, 30, -1,-1,-1,49.3708,19.7672,0.019953,8.68e+08,12,125000,1,0,23.3282,-9297.76,0,-129.577,-137,1.58106
171493, 372.646, 7, -1,-1,-1,49.1664,15.132,0.019953,8.68e+08,12,125000,1,0,33.2331,-8722.79,0,-127.624,-137,1.58106
171496, 372.706, 31, -1,-1,-1,53.4533,19.0186,0.025119,8.68e+08,10,125000,1,0,21.5429,-14498.5,1,-128.981,-133,0.436224
171513, 373.579, 11, -1,-1,-1,57.2544,36.8221,0.015849,8.68e+08,10,125000,1,0,3.66199,-15791.7,0,-135.908,-133,0.436224
171526, 374.311, 6, -1,-1,-1,60.4258,15.6431,0.019953,8.68e+08,11,125000,1,0,14.3693,-18892.6,1,-131.778,-135,0.790528
171534, 374.56, 26, -1,-1,-1,46.5003,4.98637,0.015849,8.68e+08,12,125000,1,0,77.3896,1412.37,1,-124.467,-137,1.58106
171537, 374.955, 16, -1,-1,-1,43.0289,3.59424,0.019953,8.68e+08,10,125000,1,0,53.8401,11127.2,1,-124.91,-133,0.436224
171539, 375.052, 44, -1,-1,-1,49.6811,31.6845,0.019953,8.68e+08,11,125000,1,0,8.26754,-10536,0,-133.511,-135,0.790528
171556, 375.612, 56, -1,-1,-1,34.569,15.3924,0.015849,8.68e+08,12,125000,1,0,13.5562,11181.8,0,-132.994,-137,1.58106
171569, 375.818, 17, -1,-1,-1,51.5697,4.02995,0.019953,8.68e+08,10,125000,1,0,51.1568,-12297.6,1,-125.176,-133,0.436224
171601, 376.535, 12, -1,-1,-1,54.1642,0.091911,0.025119,8.68e+08,11,125000,1,0,35.6159,-14041.4,0,-126.222,-135,0.790528
171608, 376.616, 25, -1,-1,-1,46.7789,8.28843,0.015849,8.68e+08,11,125000,1,0,59.2279,-2075.9,0,-125.443,-135,0.790528
171610, 376.735, 27, -1,-1,-1,50.7509,3.14531,0.019953,8.68e+08,11,125000,1,0,56.7633,-10461.5,0,-124.646,-135,0.790528
171612, 376.757, 36, -1,-1,-1,43.812,25.0559,0.019953,8.68e+08,12,125000,1,0,13.475,-3403.68,0,-132.022,-137,1.58106
171614, 376.799, 23, -1,-1,-1,54.1403,7.94096,0.025119,8.68e+08,12,125000,1,0,34.7116,-16192.9,0,-126.371,-137,1.58106
171617, 376.962, 46, -1,-1,-1,54.8178,27.999,0.019953,8.68e+08,10,125000,1,0,10.5716,-14967.5,1,-132.837,-133,0.436224
171619, 377.239, 13, -1,-1,-1,57.3143,-2.70899,0.019953,8.68e+08,11,125000,1,0,23.4738,-15444.5,0,-129.541,-135,0.790528
171621, 377.251, 41, -1,-1,-1,60.451,27.3692,0.019953,8.68e+08,11,125000,1,0,7.56929,-18067.3,0,-133.717,-135,0.790528
171623, 377.373, 24, -1,-1,-1,47.7606,11.929,0.019953,8.68e+08,12,125000,1,0,43.1538,-6009.53,0,-126.116,-137,1.58106
171625, 377.686, 58, -1,-1,-1,61.5842,-8.00842,0.015849,8.68e+08,12,125000,1,0,12.7464,-15949.7,0,-133.221,-137,1.58106
171627, 378.127, 50, -1,-1,-1,39.7906,12.9554,0.019953,8.68e+08,12,125000,1,0,26.0897,8319.37,0,-128.98,-137,1.58106
171634, 378.771, 51, -1,-1,-1,40.4208,27.6114,0.015849,8.68e+08,10,125000,1,0,8.52954,-1037.64,0,-134.43,-133,0.436224
171651, 380.278, 38, -1,-1,-1,45.3001,15.8952,0.025119,8.68e+08,11,125000,1,0,29.8353,-2760.04,0,-127.238,-135,0.790528
171658, 380.44, 5, -1,-1,-1,51.8039,6.80183,0.015849,8.68e+08,11,125000,1,0,45.1904,-13883.4,0,-126.854,-135,0.790528
171671, 380.605, 15, -1,-1,-1,46.5738,3.1001,0.015849,8.68e+08,10,125000,1,0,87.4274,1129.86,1,-124.283,-133,0.436224
171688, 381.27, 57, -1,-1,-1,34.6213,32.1051,0.015849,8.68e+08,11,125000,1,0,1.10929,1661.6,0,-136.694,-135,0.790528
171691, 381.27, 0, -1,-1,-1,52.272,-2.15003,0.015849,8.68e+08,11,125000,1,0,39.6484,-10547.9,1,-127.601,-135,0.790528
171703, 381.963, 35, -1,-1,-1,45.9801,25.0541,0.025119,8.68e+08,12,125000,1,0,14.366,-6184.23,0,-130.78,-137,1.58106
171705, 382.249, 40, -1,-1,-1,58.9757,26.2869,0.015849,8.68e+08,12,125000,1,0,8.98608,-17479.2,0,-134.297,-137,1.58106
171707, 382.303, 9, -1,-1,-1,38.3205,25.796,0.019953,8.68e+08,12,125000,1,0,8.68579,1653.51,0,-133.383,-137,1.58106
171714, 382.581, 3, -1,-1,-1,41.4821,-1.98577,0.015849,8.68e+08,12,125000,1,0,39.8692,14118.8,0,-127.568,-137,1.58106
171716, 382.615, 53, -1,-1,-1,64.7134,-23.4263,0.025119,8.68e+08,11,125000,1,0,2.95953,-14167.2,0,-134.124,-135,0.790528
171743, 383.328, 34, -1,-1,-1,47.4425,21.3987,0.025119,8.68e+08,11,125000,1,0,19.7813,-7619.37,0,-129.397,-135,0.790528
171745, 383.428, 32, -1,-1,-1,49.6037,16.4839,0.019953,8.68e+08,11,125000,1,0,28.3096,-10477.2,0,-128.532,-135,0.790528
171747, 383.482, 7, -1,-1,-1,49.1664,15.132,0.019953,8.68e+08,12,125000,1,0,31.7935,-9690.12,0,-127.876,-137,1.58106
171764, 383.743, 33, -1,-1,-1,49.0691,16.5595,0.015849,8.68e+08,10,125000,1,0,28.4321,-9716.45,0,-129.508,-133,0.436224
171772, 383.879, 22, -1,-1,-1,50.1724,11.2032,0.019953,8.68e+08,11,125000,1,0,40.3253,-11547.4,1,-126.503,-135,0.790528
171774, 384.002, 14, -1,-1,-1,55.1013,-6.63605,0.019953,8.68e+08,10,125000,1,0,24.6518,-12174.7,0,-129.284,-133,0.436224
171776, 384.005, 47, -1,-1,-1,60.1499,6.23873,0.025119,8.68e+08,11,125000,1,0,17.0372,-18601.4,0,-130.075,-135,0.790528
171778, 384.431, 45, -1,-1,-1,49.0721,21.5918,0.025119,8.68e+08,12,125000,1,0,19.4256,-9816.13,0,-129.483,-137,1.58106
171780, 384.552, 28, -1,-1,-1,56.0984,11.391,0.025119,8.68e+08,11,125000,1,0,23.8851,-17628.3,0,-128.45,-135,0.790528
171783, 385.177, 19, -1,-1,-1,39.8596,0.90327,0.015849,8.68e+08,12,125000,1,0,37.6693,15763.4,1,-127.895,-137,1.58106
171785, 385.189, 55, -1,-1,-1,28.9412,-14.4031,0.015849,8.68e+08,12,125000,1,0,3.80425,17172.7,0,-135.851,-137,1.58106
171813, 386.033, 49, -1,-1,-1,45.07,7.88241,0.019953,8.68e+08,11,125000,1,0,57.5763,1503.54,1,-124.576,-135,0.790528
171821, 386.288, 17, -1,-1,-1,51.5697,4.02995,0.019953,8.68e+08,10,125000,1,0,47.1536,-13184.9,1,-125.616,-133,0.436224
171828, 386.66, 20, -1,-1,-1,40.4442,-8.92386,0.019953,8.68e+08,11,125000,1,0,24.3386,12664.6,0,-129.351,-135,0.790528
171851, 387.103, 2, -1,-1,-1,51.9313,12.445,0.025119,8.68e+08,11,125000,1,0,32.3777,-14329.3,1,-126.771,-135,0.790528
171853, 387.16, 43, -1,-1,-1,55.5373,25.9108,0.019953,8.68e+08,10,125000,1,0,11.1658,-15862.6,0,-132.666,-133,0.436224
171855, 387.225, 10, -1,-1,-1,30.029,30.9233,0.019953,8.68e+08,12,125000,1,0,-1.14473,4570.1,0,-136.394,-137,1.58106
171858, 387.24, 39, -1,-1,-1,46.5198,20.8019,0.025119,8.68e+08,10,125000,1,0,20.3287,-6644.37,1,-129.265,-133,0.436224
171860, 387.429, 48, -1,-1,-1,56.7773,13.3766,0.025119,8.68e+08,12,125000,1,0,20.5196,-17915.6,0,-129.218,-137,1.58106
171862, 387.561, 44, -1,-1,-1,49.6811,31.6845,0.019953,8.68e+08,11,125000,1,0,7.68085,-11033.2,0,-133.684,-135,0.790528
171879, 387.778, 21, -1,-1,-1,42.2017,-7.04016,0.019953,8.68e+08,12,125000,1,0,31.4638,11081.4,0,-127.935,-137,1.58106
171886, 388.121, 46, -1,-1,-1,54.8178,27.999,0.019953,8.68e+08,10,125000,1,0,9.76189,-15227.6,0,-133.07,-133,0.436224
171899, 388.198, 1, -1,-1,-1,49.3772,1.54038,0.025119,8.68e+08,10,125000,1,0,60.5409,-8068.61,1,-123.34,-133,0.436224
171912, 388.39, 18, -1,-1,-1,39.8397,1.13302,0.025119,8.68e+08,12,125000,1,0,38.6783,15495.1,1,-125.742,-137,1.58106
171914, 388.615, 11, -1,-1,-1,57.2544,36.8221,0.015849,8.68e+08,10,125000,1,0,2.81722,-16040.6,0,-136.168,-133,0.436224
171916, 388.628, 29, -1,-1,-1,53.788,19.7678,0.015849,8.68e+08,10,125000,1,0,18.3977,-15364,0,-131.734,-133,0.436224
171918, 388.64, 42, -1,-1,-1,57.8004,23.0841,0.019953,8.68e+08,10,125000,1,0,11.4678,-17482.7,0,-132.579,-133,0.436224
171921, 388.664, 52, -1,-1,-1,38.8743,33.4102,0.025119,8.68e+08,11,125000,1,0,2.66712,-2237.46,1,-134.212,-135,0.790528
171928, 389.286, 8, -1,-1,-1,59.4499,10.2152,0.025119,8.68e+08,12,125000,1,0,16.7973,-18856.9,0,-130.136,-137,1.58106
171940, 389.971, 58, -1,-1,-1,61.5842,-8.00842,0.015849,8.68e+08,12,125000,1,0,11.6993,-16173.4,0,-133.512,-137,1.58106
171953, 390.409, 31, -1,-1,-1,53.4533,19.0186,0.025119,8.68e+08,10,125000,1,0,19.4329,-15272.7,1,-129.479,-133,0.436224
171955, 390.74, 37, -1,-1,-1,41.1025,24.9953,0.025119,8.68e+08,12,125000,1,0,11.6027,-1347.94,0,-131.541,-137,1.58106
171963, 390.985, 6, -1,-1,-1,60.4258,15.6431,0.019953,8.68e+08,11,125000,1,0,12.5861,-19034.9,1,-132.264,-135,0.790528
171970, 391.341, 54, -1,-1,-1,32.7894,-16.8765,0.015849,8.68e+08,12,125000,1,0,6.27873,14716.3,0,-135.097,-137,1.58106
171973, 391.388, 4, -1,-1,-1,41.3807,10.7829,0.015849,8.68e+08,12,125000,1,0,35.6837,6554.45,1,-128.209,-137,1.58106
171980, 391.614, 59, -1,-1,-1,69.9209,23.5589,0.025119,8.68e+08,10,125000,1,0,0.067955,-19735.9,0,-135.023,-133,0.436224
171992, 392.382, 57, -1,-1,-1,34.6213,32.1051,0.015849,8.68e+08,11,125000,1,0,1.15457,1041.86,0,-136.68,-135,0.790528
171994, 392.49, 9, -1,-1,-1,38.3205,25.796,0.019953,8.68e+08,12,125000,1,0,8.7395,911.731,0,-133.366,-137,1.58106
172012, 393.381, 3, -1,-1,-1,41.4821,-1.98577,0.015849,8.68e+08,12,125000,1,0,42.9704,13022.2,1,-127.137,-137,1.58106
172020, 393.42, 12, -1,-1,-1,54.1642,0.091911,0.025119,8.68e+08,11,125000,1,0,31.9047,-15071.6,1,-126.853,-135,0.790528
172022, 393.57, 56, -1,-1,-1,34.569,15.3924,0.015849,8.68e+08,12,125000,1,0,14.6674,10185.9,0,-132.692,-137,1.58106
172034, 393.941, 13, -1,-1,-1,57.3143,-2.70899,0.019953,8.68e+08,11,125000,1,0,21.1743,-16062.5,0,-130.062,-135,0.790528
172036, 394.193, 47, -1,-1,-1,60.1499,6.23873,0.025119,8.68e+08,11,125000,1,0,15.7891,-18859.8,0,-130.397,-135,0.790528
172048, 394.628, 38, -1,-1,-1,45.3001,15.8952,0.025119,8.68e+08,11,125000,1,0,29.2082,-4336.69,0,-127.356,-135,0.790528
172050, 394.713, 30, -1,-1,-1,49.3708,19.7672,0.019953,8.68e+08,12,125000,1,0,21.3147,-11022,0,-130.032,-137,1.58106
172052, 394.73, 51, -1,-1,-1,40.4208,27.6114,0.015849,8.68e+08,10,125000,1,0,8.42069,-2015.69,0,-134.461,-133,0.436224
172065, 395.176, 25, -1,-1,-1,46.7789,8.28843,0.015849,8.68e+08,11,125000,1,0,56.2535,-5319.22,1,-125.687,-135,0.790528
172073, 395.497, 24, -1,-1,-1,47.7606,11.929,0.019953,8.68e+08,12,125000,1,0,40.3374,-8358.17,1,-126.5,-137,1.58106
172080, 395.609, 32, -1,-1,-1,49.6037,16.4839,0.019953,8.68e+08,11,125000,1,0,26.7809,-11616.6,0,-128.837,-135,0.790528
172087, 396.089, 34, -1,-1,-1,47.4425,21.3987,0.025119,8.68e+08,11,125000,1,0,18.9853,-8737.79,0,-129.588,-135,0.790528
172095, 396.366, 16, -1,-1,-1,43.0289,3.59424,0.019953,8.68e+08,10,125000,1,0,63.2256,8047.8,1,-124.148,-133,0.436224
172097, 396.367, 50, -1,-1,-1,39.7906,12.9554,0.019953,8.68e+08,12,125000,1,0,27.575,6579.91,0,-128.674,-137,1.58106
172114, 397.116, 55, -1,-1,-1,28.9412,-14.4031,0.015849,8.68e+08,12,125000,1,0,4.54346,16875.6,0,-135.622,-137,1.58106
172122, 397.144, 20, -1,-1,-1,40.4442,-8.92386,0.019953,8.68e+08,11,125000,1,0,25.6112,11813.1,1,-129.078,-135,0.790528
172124, 397.355, 39, -1,-1,-1,46.5198,20.8019,0.025119,8.68e+08,10,125000,1,0,19.7633,-7583.47,0,-129.399,-133,0.436224
172126, 397.555, 41, -1,-1,-1,60.451,27.3692,0.019953,8.68e+08,11,125000,1,0,6.05484,-18313.5,0,-134.171,-135,0.790528
172129, 397.576, 17, -1,-1,-1,51.5697,4.02995,0.019953,8.68e+08,10,125000,1,0,43.2299,-14372.6,1,-126.102,-133,0.436224
172152, 398.682, 26, -1,-1,-1,46.5003,4.98637,0.015849,8.68e+08,12,125000,1,0,74.379,-3608.18,1,-124.565,-137,1.58106
172160, 399.054, 27, -1,-1,-1,50.7509,3.14531,0.019953,8.68e+08,11,125000,1,0,47.8154,-13085.1,1,-125.537,-135,0.790528
172167, 399.449, 21, -1,-1,-1,42.2017,-7.04016,0.019953,8.68e+08,12,125000,1,0,33.1855,9827.86,0,-127.627,-137,1.58106
172169, 399.619, 28, -1,-1,-1,56.0984,11.391,0.025119,8.68e+08,11,125000,1,0,21.4787,-18189.7,0,-128.991,-135,0.790528
172186, 400.046, 35, -1,-1,-1,45.9801,25.0541,0.025119,8.68e+08,12,125000,1,0,13.6379,-7598.75,0,-130.975,-137,1.58106
172188, 400.109, 23, -1,-1,-1,54.1403,7.94096,0.025119,8.68e+08,12,125000,1,0,29.3025,-17252.5,0,-127.335,-137,1.58106
172191, 400.46, 29, -1,-1,-1,53.788,19.7678,0.015849,8.68e+08,10,125000,1,0,17.1071,-15712.9,1,-132.057,-133,0.436224
172199, 400.641, 5, -1,-1,-1,51.8039,6.80183,0.015849,8.68e+08,11,125000,1,0,38.7748,-15405.4,1,-127.726,-135,0.790528
172202, 400.896, 18, -1,-1,-1,39.8397,1.13302,0.025119,8.68e+08,12,125000,1,0,42.528,14415.3,1,-125.194,-137,1.58106
172204, 400.904, 46, -1,-1,-1,54.8178,27.999,0.019953,8.68e+08,10,125000,1,0,8.85064,-15517.8,0,-133.335,-133,0.436224
172341, 401.467, 36, -1,-1,-1,43.812,25.0559,0.019953,8.68e+08,12,125000,1,0,12.8828,-5227.81,0,-132.182,-137,1.58106
172354, 401.726, 0, -1,-1,-1,52.272,-2.15003,0.015849,8.68e+08,11,125000,1,0,35.3464,-12455.4,1,-128.262,-135,0.790528
172362, 402.055, 33, -1,-1,-1,49.0691,16.5595,0.015849,8.68e+08,10,125000,1,0,26.2566,-11220.5,1,-129.943,-133,0.436224
172369, 402.474, 53, -1,-1,-1,64.7134,-23.4263,0.025119,8.68e+08,11,125000,1,0,1.97388,-14592.7,0,-134.428,-135,0.790528
172372, 402.558, 4, -1,-1,-1,41.3807,10.7829,0.015849,8.68e+08,12,125000,1,0,36.7816,5290.75,1,-128.032,-137,1.58106
172379, 402.651, 8, -1,-1,-1,59.4499,10.2152,0.025119,8.68e+08,12,125000,1,0,15.1765,-18935.8,0,-130.558,-137,1.58106
172402, 403.272, 15, -1,-1,-1,46.5738,3.1001,0.015849,8.68e+08,10,125000,1,0,78.7767,-3633.07,1,-124.422,-133,0.436224
172404, 403.395, 40, -1,-1,-1,58.9757,26.2869,0.015849,8.68e+08,12,125000,1,0,7.34463,-17810.6,0,-134.781,-137,1.58106
172406, 403.787, 2, -1,-1,-1,51.9313,12.445,0.025119,8.68e+08,11,125000,1,0,29.107,-15264.8,0,-127.373,-135,0.790528
172408, 403.795, 45, -1,-1,-1,49.0721,21.5918,0.025119,8.68e+08,12,125000,1,0,17.928,-11090.7,0,-129.85,-137,1.58106
172420, 403.969, 12, -1,-1,-1,54.1642,0.091911,0.025119,8.68e+08,11,125000,1,0,29.7659,-15489.4,0,-127.246,-135,0.790528
172442, 404.155, 9, -1,-1,-1,38.3205,25.796,0.019953,8.68e+08,12,125000,1,0,8.7644,233.308,0,-133.358,-137,1.58106
172444, 404.481, 11, -1,-1,-1,57.2544,36.8221,0.015849,8.68e+08,10,125000,1,0,1.94055,-16281,0,-136.439,-133,0.436224
172447, 404.519, 1, -1,-1,-1,49.3772,1.54038,0.025119,8.68e+08,10,125000,1,0,54.0077,-10333.4,1,-123.889,-133,0.436224
172454, 404.571, 14, -1,-1,-1,55.1013,-6.63605,0.019953,8.68e+08,10,125000,1,0,22.1915,-13414.6,0,-129.826,-133,0.436224
172456, 404.592, 22, -1,-1,-1,50.1724,11.2032,0.019953,8.68e+08,11,125000,1,0,35.5427,-13389.3,0,-127.23,-135,0.790528
172458, 404.649, 6, -1,-1,-1,60.4258,15.6431,0.019953,8.68e+08,11,125000,1,0,11.2221,-19088.6,0,-132.646,-135,0.790528
172460, 404.78, 58, -1,-1,-1,61.5842,-8.00842,0.015849,8.68e+08,12,125000,1,0,10.48,-16452.2,0,-133.858,-137,1.58106
172472, 405.73, 48, -1,-1,-1,56.7773,13.3766,0.025119,8.68e+08,12,125000,1,0,18.0172,-18265.7,0,-129.825,-137,1.58106
172474, 406.135, 54, -1,-1,-1,32.7894,-16.8765,0.015849,8.68e+08,12,125000,1,0,7.15118,14387,0,-134.833,-137,1.58106
172477, 406.562, 19, -1,-1,-1,39.8596,0.90327,0.015849,8.68e+08,12,125000,1,0,44.3164,14249.8,1,-126.959,-137,1.58106
172484, 406.694, 7, -1,-1,-1,49.1664,15.132,0.019953,8.68e+08,12,125000,1,0,28.5608,-11759.7,0,-128.479,-137,1.58106
172491, 407.197, 43, -1,-1,-1,55.5373,25.9108,0.019953,8.68e+08,10,125000,1,0,9.59246,-16376.4,0,-133.116,-133,0.436224
172498, 407.36, 44, -1,-1,-1,49.6811,31.6845,0.019953,8.68e+08,11,125000,1,0,6.72668,-11852.5,0,-133.968,-135,0.790528
172505, 408.079, 20, -1,-1,-1,40.4442,-8.92386,0.019953,8.68e+08,11,125000,1,0,26.9391,11153.5,0,-128.801,-135,0.790528
172512, 408.32, 38, -1,-1,-1,45.3001,15.8952,0.025119,8.68e+08,11,125000,1,0,28.372,-5755.18,0,-127.516,-135,0.790528
172515, 409.056, 49, -1,-1,-1,45.07,7.88241,0.019953,8.68e+08,11,125000,1,0,56.8653,-2720.89,1,-124.632,-135,0.790528
172532, 410.175, 42, -1,-1,-1,57.8004,23.0841,0.019953,8.68e+08,10,125000,1,0,9.60325,-17867.2,0,-133.112,-133,0.436224
172539, 410.202, 51, -1,-1,-1,40.4208,27.6114,0.015849,8.68e+08,10,125000,1,0,8.24849,-2943.78,0,-134.511,-133,0.436224
172552, 410.579, 52, -1,-1,-1,38.8743,33.4102,0.025119,8.68e+08,11,125000,1,0,2.4521,-3342,1,-134.277,-135,0.790528
172559, 410.767, 59, -1,-1,-1,69.9209,23.5589,0.025119,8.68e+08,10,125000,1,0,-1.08767,-19727.2,0,-135.382,-133,0.436224
172576, 411.26, 57, -1,-1,-1,34.6213,32.1051,0.015849,8.68e+08,11,125000,1,0,1.1878,148.631,0,-136.668,-135,0.790528
172583, 411.759, 10, -1,-1,-1,30.029,30.9233,0.019953,8.68e+08,12,125000,1,0,-0.85264,3505.16,0,-136.301,-137,1.58106
172586, 411.942, 25, -1,-1,-1,46.7789,8.28843,0.015849,8.68e+08,11,125000,1,0,52.1089,-7902.14,1,-126.074,-135,0.790528
172588, 411.977, 28, -1,-1,-1,56.0984,11.391,0.025119,8.68e+08,11,125000,1,0,19.6695,-18348.2,0,-129.417,-135,0.790528
172600, 412.333, 37, -1,-1,-1,41.1025,24.9953,0.025119,8.68e+08,12,125000,1,0,11.3618,-2880.06,0,-131.607,-137,1.58106
172613, 412.436, 24, -1,-1,-1,47.7606,11.929,0.019953,8.68e+08,12,125000,1,0,37.3308,-10233.7,1,-126.945,-137,1.58106
172626, 412.834, 31, -1,-1,-1,53.4533,19.0186,0.025119,8.68e+08,10,125000,1,0,16.9204,-16128,1,-130.103,-133,0.436224
172628, 412.889, 0, -1,-1,-1,52.272,-2.15003,0.015849,8.68e+08,11,125000,1,0,33.0889,-13501.7,0,-128.641,-135,0.790528
172631, 413.195, 27, -1,-1,-1,50.7509,3.14531,0.019953,8.68e+08,11,125000,1,0,42.9307,-14230.4,1,-126.139,-135,0.790528
172633, 413.307, 56, -1,-1,-1,34.569,15.3924,0.015849,8.68e+08,12,125000,1,0,15.8228,8943.44,0,-132.384,-137,1.58106
172640, 413.484, 34, -1,-1,-1,47.4425,21.3987,0.025119,8.68e+08,11,125000,1,0,17.8133,-9939.69,0,-129.877,-135,0.790528
172642, 413.699, 40, -1,-1,-1,58.9757,26.2869,0.015849,8.68e+08,12,125000,1,0,6.57795,-18046.1,0,-135.01,-137,1.58106
172655, 414.397, 3, -1,-1,-1,41.4821,-1.98577,0.015849,8.68e+08,12,125000,1,0,49.5855,10804.9,1,-126.337,-137,1.58106
172663, 414.612, 47, -1,-1,-1,60.1499,6.23873,0.025119,8.68e+08,11,125000,1,0,13.4779,-19085.7,1,-131.014,-135,0.790528
172666, 414.689, 39, -1,-1,-1,46.5198,20.8019,0.025119,8.68e+08,10,125000,1,0,18.692,-8883.1,1,-129.658,-133,0.436224
172673, 414.928, 35, -1,-1,-1,45.9801,25.0541,0.025119,8.68e+08,12,125000,1,0,12.968,-8504.2,0,-131.157,-137,1.58106
172675, 415.237, 53, -1,-1,-1,64.7134,-23.4263,0.025119,8.68e+08,11,125000,1,0,1.3459,-14989.9,0,-134.622,-135,0.790528
172678, 415.266, 1, -1,-1,-1,49.3772,1.54038,0.025119,8.68e+08,10,125000,1,0,49.9473,-11849.1,1,-124.297,-133,0.436224
172706, 416.45, 14, -1,-1,-1,55.1013,-6.63605,0.019953,8.68e+08,10,125000,1,0,20.8083,-14189.8,1,-130.145,-133,0.436224
172709, 416.811, 32, -1,-1,-1,49.6037,16.4839,0.019953,8.68e+08,11,125000,1,0,24.1093,-13100.8,1,-129.398,-135,0.790528
172712, 416.988, 18, -1,-1,-1,39.8397,1.13302,0.025119,8.68e+08,12,125000,1,0,48.175,13094.9,1,-124.493,-137,1.58106
172714, 417.224, 50, -1,-1,-1,39.7906,12.9554,0.019953,8.68e+08,12,125000,1,0,28.9092,4341.98,0,-128.409,-137,1.58106
172716, 417.238, 8, -1,-1,-1,59.4499,10.2152,0.025119,8.68e+08,12,125000,1,0,13.5323,-19247.2,0,-130.999,-137,1.58106
172744, 418.141, 13, -1,-1,-1,57.3143,-2.70899,0.019953,8.68e+08,11,125000,1,0,18.1229,-16885.5,1,-130.796,-135,0.790528
172756, 418.656, 44, -1,-1,-1,49.6811,31.6845,0.019953,8.68e+08,11,125000,1,0,6.17212,-12383.8,0,-134.134,-135,0.790528
172768, 418.825, 21, -1,-1,-1,42.2017,-7.04016,0.019953,8.68e+08,12,125000,1,0,35.8915,7820.39,0,-127.172,-137,1.58106
172770, 418.947, 30, -1,-1,-1,49.3708,19.7672,0.019953,8.68e+08,12,125000,1,0,19.0604,-12596,0,-130.567,-137,1.58106
172773, 418.979, 15, -1,-1,-1,46.5738,3.1001,0.015849,8.68e+08,10,125000,1,0,69.8153,-6965.16,1,-124.761,-133,0.436224
172775, 419.086, 11, -1,-1,-1,57.2544,36.8221,0.015849,8.68e+08,10,125000,1,0,1.14717,-16644.5,0,-136.685,-133,0.436224
172782, 419.372, 58, -1,-1,-1,61.5842,-8.00842,0.015849,8.68e+08,12,125000,1,0,9.32293,-16921.2,0,-134.191,-137,1.58106
172784, 419.554, 5, -1,-1,-1,51.8039,6.80183,0.015849,8.68e+08,11,125000,1,0,33.7089,-16444.4,0,-128.533,-135,0.790528
172796, 419.987, 2, -1,-1,-1,51.9313,12.445,0.025119,8.68e+08,11,125000,1,0,26.2035,-16251.8,0,-127.951,-135,0.790528
172799, 420.058, 29, -1,-1,-1,53.788,19.7678,0.015849,8.68e+08,10,125000,1,0,15.0725,-16546.8,1,-132.584,-133,0.436224
172811, 420.394, 19, -1,-1,-1,39.8596,0.90327,0.015849,8.68e+08,12,125000,1,0,49.362,12725.1,0,-126.36,-137,1.58106
172823, 420.751, 17, -1,-1,-1,51.5697,4.02995,0.019953,8.68e+08,10,125000,1,0,36.306,-15645,0,-127.104,-133,0.436224
172826, 420.911, 16, -1,-1,-1,43.0289,3.59424,0.019953,8.68e+08,10,125000,1,0,74.276,3957.97,1,-123.565,-133,0.436224
172833, 421.432, 41, -1,-1,-1,60.451,27.3692,0.019953,8.68e+08,11,125000,1,0,4.37304,-18388.7,0,-134.682,-135,0.790528
172836, 421.527, 26, -1,-1,-1,46.5003,4.98637,0.015849,8.68e+08,12,125000,1,0,64.3339,-7852.16,1,-125.072,-137,1.58106
172843, 421.688, 55, -1,-1,-1,28.9412,-14.4031,0.015849,8.68e+08,12,125000,1,0,6.11819,16668.2,0,-135.14,-137,1.58106
172846, 421.817, 49, -1,-1,-1,45.07,7.88241,0.019953,8.68e+08,11,125000,1,0,54.8583,-4785.17,1,-124.808,-135,0.790528
172854, 421.996, 33, -1,-1,-1,49.0691,16.5595,0.015849,8.68e+08,10,125000,1,0,23.8446,-12626.5,1,-130.455,-133,0.436224
172866, 422.623, 46, -1,-1,-1,54.8178,27.999,0.019953,8.68e+08,10,125000,1,0,7.34449,-16069.4,0,-133.779,-133,0.436224
172883, 423.413, 10, -1,-1,-1,30.029,30.9233,0.019953,8.68e+08,12,125000,1,0,-0.739874,3075.04,0,-136.266,-137,1.58106
172885, 423.589, 45, -1,-1,-1,49.0721,21.5918,0.025119,8.68e+08,12,125000,1,0,16.3484,-12231,0,-130.25,-137,1.58106
172897, 424.347, 42, -1,-1,-1,57.8004,23.0841,0.019953,8.68e+08,10,125000,1,0,8.44272,-18012.4,0,-133.451,-133,0.436224
172909, 424.649, 48, -1,-1,-1,56.7773,13.3766,0.025119,8.68e+08,12,125000,1,0,15.6818,-18558.1,0,-130.422,-137,1.58106
172917, 424.766, 38, -1,-1,-1,45.3001,15.8952,0.025119,8.68e+08,11,125000,1,0,27.118,-7388.07,1,-127.764,-135,0.790528
172919, 424.826, 23, -1,-1,-1,54.1403,7.94096,0.025119,8.68e+08,12,125000,1,0,24.5521,-17803.8,0,-128.299,-137,1.58106
172922, 424.854, 3, -1,-1,-1,41.4821,-1.98577,0.015849,8.68e+08,12,125000,1,0,53.0824,9665.98,1,-125.975,-137,1.58106
172964, 426.12, 12, -1,-1,-1,54.1642,0.091911,0.025119,8.68e+08,11,125000,1,0,25.6984,-16488.2,0,-128.054,-135,0.790528
172966, 426.183, 35, -1,-1,-1,45.9801,25.0541,0.025119,8.68e+08,12,125000,1,0,12.4265,-9100.75,0,-131.306,-137,1.58106
172968, 426.187, 53, -1,-1,-1,64.7134,-23.4263,0.025119,8.68e+08,11,125000,1,0,0.811033,-15083.4,0,-134.788,-135,0.790528
172970, 426.228, 9, -1,-1,-1,38.3205,25.796,0.019953,8.68e+08,12,125000,1,0,8.7041,-1204.85,0,-133.373,-137,1.58106
172972, 426.29, 36, -1,-1,-1,43.812,25.0559,0.019953,8.68e+08,12,125000,1,0,12.078,-6755.99,0,-132.404,-137,1.58106
172980, 426.5, 25, -1,-1,-1,46.7789,8.28843,0.015849,8.68e+08,11,125000,1,0,48.0525,-9793.47,1,-126.506,-135,0.790528
172982, 426.513, 6, -1,-1,-1,60.4258,15.6431,0.019953,8.68e+08,11,125000,1,0,9.19597,-19267.8,0,-133.228,-135,0.790528
172984, 426.705, 7, -1,-1,-1,49.1664,15.132,0.019953,8.68e+08,12,125000,1,0,25.7671,-13180.5,0,-129.042,-137,1.58106
172986, 426.728, 43, -1,-1,-1,55.5373,25.9108,0.019953,8.68e+08,10,125000,1,0,8.12413,-16794.6,0,-133.546,-133,0.436224
172988, 426.848, 22, -1,-1,-1,50.1724,11.2032,0.019953,8.68e+08,11,125000,1,0,30.8575,-14923.8,0,-128.039,-135,0.790528
172990, 426.873, 34, -1,-1,-1,47.4425,21.3987,0.025119,8.68e+08,11,125000,1,0,16.8626,-10731.8,0,-130.117,-135,0.790528
172993, 427.211, 4, -1,-1,-1,41.3807,10.7829,0.015849,8.68e+08,12,125000,1,0,38.3162,1897.85,1,-127.792,-137,1.58106
173020, 428.29, 13, -1,-1,-1,57.3143,-2.70899,0.019953,8.68e+08,11,125000,1,0,16.9353,-17025.3,0,-131.095,-135,0.790528
173023, 428.345, 27, -1,-1,-1,50.7509,3.14531,0.019953,8.68e+08,11,125000,1,0,38.3165,-15229.1,1,-126.79,-135,0.790528
173025, 428.442, 47, -1,-1,-1,60.1499,6.23873,0.025119,8.68e+08,11,125000,1,0,12.0374,-19136.4,0,-131.411,-135,0.790528
173042, 429.253, 40, -1,-1,-1,58.9757,26.2869,0.015849,8.68e+08,12,125000,1,0,5.45853,-18182.5,0,-135.348,-137,1.58106
173049, 429.569, 54, -1,-1,-1,32.7894,-16.8765,0.015849,8.68e+08,12,125000,1,0,8.55168,13639.5,0,-134.414,-137,1.58106
173052, 429.663, 52, -1,-1,-1,38.8743,33.4102,0.025119,8.68e+08,11,125000,1,0,2.20151,-4257.22,1,-134.354,-135,0.790528
173059, 430.227, 56, -1,-1,-1,34.569,15.3924,0.015849,8.68e+08,12,125000,1,0,16.7332,7799.29,0,-132.146,-137,1.58106
173077, 430.683, 19, -1,-1,-1,39.8596,0.90327,0.015849,8.68e+08,12,125000,1,0,53.5471,11785.2,1,-125.929,-137,1.58106
173090, 430.831, 20, -1,-1,-1,40.4442,-8.92386,0.019953,8.68e+08,11,125000,1,0,29.6272,9190.96,1,-128.269,-135,0.790528
173092, 430.853, 24, -1,-1,-1,47.7606,11.929,0.019953,8.68e+08,12,125000,1,0,33.9417,-11969.2,0,-127.493,-137,1.58106
173094, 430.916, 59, -1,-1,-1,69.9209,23.5589,0.025119,8.68e+08,10,125000,1,0,-2.25588,-19720.1,0,-135.745,-133,0.436224
173101, 431.05, 57, -1,-1,-1,34.6213,32.1051,0.015849,8.68e+08,11,125000,1,0,1.16331,-795.957,0,-136.675,-135,0.790528
173113, 431.551, 32, -1,-1,-1,49.6037,16.4839,0.019953,8.68e+08,11,125000,1,0,22.2893,-13898.3,0,-129.801,-135,0.790528
173120, 431.831, 31, -1,-1,-1,53.4533,19.0186,0.025119,8.68e+08,10,125000,1,0,14.9335,-16686.2,0,-130.62,-133,0.436224
173122, 431.839, 41, -1,-1,-1,60.451,27.3692,0.019953,8.68e+08,11,125000,1,0,3.67027,-18576.1,0,-134.898,-135,0.790528
173134, 431.973, 14, -1,-1,-1,55.1013,-6.63605,0.019953,8.68e+08,10,125000,1,0,19.0571,-14823.7,0,-130.563,-133,0.436224
173136, 432.028, 55, -1,-1,-1,28.9412,-14.4031,0.015849,8.68e+08,12,125000,1,0,6.80253,16362.9,0,-134.932,-137,1.58106
173138, 432.196, 11, -1,-1,-1,57.2544,36.8221,0.015849,8.68e+08,10,125000,1,0,0.446034,-16769.4,0,-136.903,-133,0.436224
173141, 432.33, 26, -1,-1,-1,46.5003,4.98637,0.015849,8.68e+08,12,125000,1,0,59.4357,-9350.68,1,-125.418,-137,1.58106
173143, 432.398, 51, -1,-1,-1,40.4208,27.6114,0.015849,8.68e+08,10,125000,1,0,7.89248,-4313.25,0,-134.614,-133,0.436224
173146, 432.402, 1, -1,-1,-1,49.3772,1.54038,0.025119,8.68e+08,10,125000,1,0,44.034,-13504.2,1,-124.992,-133,0.436224
173169, 433.575, 16, -1,-1,-1,43.0289,3.59424,0.019953,8.68e+08,10,125000,1,0,78.063,1111.77,1,-123.437,-133,0.436224
173176, 433.692, 17, -1,-1,-1,51.5697,4.02995,0.019953,8.68e+08,10,125000,1,0,33.006,-16515.2,0,-127.652,-133,0.436224
173183, 433.835, 28, -1,-1,-1,56.0984,11.391,0.025119,8.68e+08,11,125000,1,0,16.7755,-18730.6,0,-130.136,-135,0.790528
173190, 434.101, 33, -1,-1,-1,49.0691,16.5595,0.015849,8.68e+08,10,125000,1,0,22.3957,-13505.7,0,-130.777,-133,0.436224
173192, 434.151, 39, -1,-1,-1,46.5198,20.8019,0.025119,8.68e+08,10,125000,1,0,17.3745,-10221.4,0,-129.985,-133,0.436224
173195, 434.342, 49, -1,-1,-1,45.07,7.88241,0.019953,8.68e+08,11,125000,1,0,52.13,-7025.46,1,-125.068,-135,0.790528
173197, 434.818, 5, -1,-1,-1,51.8039,6.80183,0.015849,8.68e+08,11,125000,1,0,30.169,-17035.2,0,-129.165,-135,0.790528
173230, 435.971, 15, -1,-1,-1,46.5738,3.1001,0.015849,8.68e+08,10,125000,1,0,60.9973,-9656.57,1,-125.299,-133,0.436224
173242, 436.514, 58, -1,-1,-1,61.5842,-8.00842,0.015849,8.68e+08,12,125000,1,0,8.01718,-17188.9,0,-134.574,-137,1.58106
173250, 436.582, 50, -1,-1,-1,39.7906,12.9554,0.019953,8.68e+08,12,125000,1,0,29.6824,2128.55,1,-128.258,-137,1.58106
173257, 436.762, 6, -1,-1,-1,60.4258,15.6431,0.019953,8.68e+08,11,125000,1,0,8.3042,-19435.6,0,-133.489,-135,0.790528
173259, 436.99, 37, -1,-1,-1,41.1025,24.9953,0.025119,8.68e+08,12,125000,1,0,10.8935,-4595.4,0,-131.737,-137,1.58106
173261, 437.138, 8, -1,-1,-1,59.4499,10.2152,0.025119,8.68e+08,12,125000,1,0,11.4688,-19401.2,0,-131.571,-137,1.58106
173263, 437.229, 36, -1,-1,-1,43.812,25.0559,0.019953,8.68e+08,12,125000,1,0,11.667,-7549.76,0,-132.518,-137,1.58106
173265, 437.369, 34, -1,-1,-1,47.4425,21.3987,0.025119,8.68e+08,11,125000,1,0,16.0976,-11464.2,0,-130.313,-135,0.790528
173267, 437.517, 0, -1,-1,-1,52.272,-2.15003,0.015849,8.68e+08,11,125000,1,0,28.4566,-15097.2,0,-129.493,-135,0.790528
173269, 437.811, 48, -1,-1,-1,56.7773,13.3766,0.025119,8.68e+08,12,125000,1,0,14.1855,-18879.5,0,-130.819,-137,1.58106
173292, 439.195, 44, -1,-1,-1,49.6811,31.6845,0.019953,8.68e+08,11,125000,1,0,5.15193,-13105.4,1,-134.443,-135,0.790528
173299, 439.407, 21, -1,-1,-1,42.2017,-7.04016,0.019953,8.68e+08,12,125000,1,0,38.3107,5327.1,0,-126.791,-137,1.58106
173311, 439.916, 3, -1,-1,-1,41.4821,-1.98577,0.015849,8.68e+08,12,125000,1,0,58.1059,7133.16,0,-125.523,-137,1.58106
173319, 440.027, 18, -1,-1,-1,39.8397,1.13302,0.025119,8.68e+08,12,125000,1,0,57.8239,10369,1,-123.546,-137,1.58106
173321, 440.189, 29, -1,-1,-1,53.788,19.7678,0.015849,8.68e+08,10,125000,1,0,13.1127,-17071.4,0,-133.112,-133,0.436224
173324, 440.764, 22, -1,-1,-1,50.1724,11.2032,0.019953,8.68e+08,11,125000,1,0,28.198,-15854.1,1,-128.544,-135,0.790528
173326, 440.925, 30, -1,-1,-1,49.3708,19.7672,0.019953,8.68e+08,12,125000,1,0,17.0164,-13764.7,0,-131.075,-137,1.58106
173328, 441.076, 10, -1,-1,-1,30.029,30.9233,0.019953,8.68e+08,12,125000,1,0,-0.602114,2160.7,0,-136.222,-137,1.58106
173346, 442.307, 2, -1,-1,-1,51.9313,12.445,0.025119,8.68e+08,11,125000,1,0,22.6123,-16859.8,1,-128.725,-135,0.790528
173358, 442.686, 42, -1,-1,-1,57.8004,23.0841,0.019953,8.68e+08,10,125000,1,0,7.01161,-18221.3,0,-133.875,-133,0.436224
173360, 442.71, 13, -1,-1,-1,57.3143,-2.70899,0.019953,8.68e+08,11,125000,1,0,15.3332,-17288.6,0,-131.51,-135,0.790528
173372, 443.173, 52, -1,-1,-1,38.8743,33.4102,0.025119,8.68e+08,11,125000,1,0,1.99038,-4838.49,0,-134.418,-135,0.790528
173380, 443.309, 31, -1,-1,-1,53.4533,19.0186,0.025119,8.68e+08,10,125000,1,0,13.7935,-16890.7,1,-130.925,-133,0.436224
173382, 443.366, 25, -1,-1,-1,46.7789,8.28843,0.015849,8.68e+08,11,125000,1,0,43.3188,-11678.3,0,-127.084,-135,0.790528
173384, 443.78, 27, -1,-1,-1,50.7509,3.14531,0.019953,8.68e+08,11,125000,1,0,34.1945,-16035,0,-127.447,-135,0.790528
173386, 443.986, 38, -1,-1,-1,45.3001,15.8952,0.025119,8.68e+08,11,125000,1,0,25.4018,-9144.57,0,-128.116,-135,0.790528
173433, 445.816, 24, -1,-1,-1,47.7606,11.929,0.019953,8.68e+08,12,125000,1,0,31.2331,-13091.9,0,-127.968,-137,1.58106
173435, 445.935, 35, -1,-1,-1,45.9801,25.0541,0.025119,8.68e+08,12,125000,1,0,11.4188,-10203.5,0,-131.587,-137,1.58106
173442, 446.059, 46, -1,-1,-1,54.8178,27.999,0.019953,8.68e+08,10,125000,1,0,5.78027,-16585.6,0,-134.249,-133,0.436224
173444, 446.369, 4, -1,-1,-1,41.3807,10.7829,0.015849,8.68e+08,12,125000,1,0,38.4708,-789.639,0,-127.766,-137,1.58106
173457, 446.45, 19, -1,-1,-1,39.8596,0.90327,0.015849,8.68e+08,12,125000,1,0,60.7271,9800.38,1,-125.317,-137,1.58106
173464, 446.548, 9, -1,-1,-1,38.3205,25.796,0.019953,8.68e+08,12,125000,1,0,8.52614,-2498.45,0,-133.424,-137,1.58106
173471, 446.619, 23, -1,-1,-1,54.1403,7.94096,0.025119,8.68e+08,12,125000,1,0,21.0067,-18319.7,0,-129.093,-137,1.58106
173473, 446.699, 40, -1,-1,-1,58.9757,26.2869,0.015849,8.68e+08,12,125000,1,0,4.2531,-18330.2,0,-135.716,-137,1.58106
173480, 446.929, 43, -1,-1,-1,55.5373,25.9108,0.019953,8.68e+08,10,125000,1,0,6.67062,-17165.8,0,-133.978,-133,0.436224
173483, 447.015, 1, -1,-1,-1,49.3772,1.54038,0.025119,8.68e+08,10,125000,1,0,39.5599,-14570.6,1,-125.603,-133,0.436224
173490, 447.215, 41, -1,-1,-1,60.451,27.3692,0.019953,8.68e+08,11,125000,1,0,2.66257,-18642.5,0,-135.208,-135,0.790528
173492, 447.329, 45, -1,-1,-1,49.0721,21.5918,0.025119,8.68e+08,12,125000,1,0,14.4414,-13435.5,0,-130.751,-137,1.58106
173499, 447.582, 51, -1,-1,-1,40.4208,27.6114,0.015849,8.68e+08,10,125000,1,0,7.58002,-5161.74,0,-134.706,-133,0.436224
173506, 447.596, 56, -1,-1,-1,34.569,15.3924,0.015849,8.68e+08,12,125000,1,0,17.5638,6519.79,0,-131.932,-137,1.58106
173508, 447.63, 53, -1,-1,-1,64.7134,-23.4263,0.025119,8.68e+08,11,125000,1,0,-0.225133,-15452.1,0,-135.109,-135,0.790528
173516, 447.779, 39, -1,-1,-1,46.5198,20.8019,0.025119,8.68e+08,10,125000,1,0,16.4039,-11004.3,1,-130.232,-133,0.436224
173518, 447.993, 55, -1,-1,-1,28.9412,-14.4031,0.015849,8.68e+08,12,125000,1,0,7.88539,16090.2,0,-134.607,-137,1.58106
173540, 448.435, 11, -1,-1,-1,57.2544,36.8221,0.015849,8.68e+08,10,125000,1,0,-0.40817,-16943.4,0,-137.168,-133,0.436224
173542, 448.52, 47, -1,-1,-1,60.1499,6.23873,0.025119,8.68e+08,11,125000,1,0,10.0977,-19281.4,0,-131.961,-135,0.790528
173544, 449.03, 5, -1,-1,-1,51.8039,6.80183,0.015849,8.68e+08,11,125000,1,0,27.2393,-17452.5,0,-129.734,-135,0.790528
173546, 449.059, 12, -1,-1,-1,54.1642,0.091911,0.025119,8.68e+08,11,125000,1,0,22.0225,-17277.3,0,-128.857,-135,0.790528
173554, 449.17, 7, -1,-1,-1,49.1664,15.132,0.019953,8.68e+08,12,125000,1,0,22.7514,-14496.9,1,-129.694,-137,1.58106
173556, 449.189, 20, -1,-1,-1,40.4442,-8.92386,0.019953,8.68e+08,11,125000,1,0,31.6022,7404.31,0,-127.9,-135,0.790528
173569, 449.592, 16, -1,-1,-1,43.0289,3.59424,0.019953,8.68e+08,10,125000,1,0,76.9415,-2101.38,1,-123.468,-133,0.436224
173577, 450.015, 33, -1,-1,-1,49.0691,16.5595,0.015849,8.68e+08,10,125000,1,0,20.5348,-14302,1,-131.206,-133,0.436224
173590, 450.538, 17, -1,-1,-1,51.5697,4.02995,0.019953,8.68e+08,10,125000,1,0,29.21,-17156.2,1,-128.345,-133,0.436224
173593, 450.929, 26, -1,-1,-1,46.5003,4.98637,0.015849,8.68e+08,12,125000,1,0,51.6171,-11763.2,1,-126.117,-137,1.58106
173735, 451.484, 54, -1,-1,-1,32.7894,-16.8765,0.015849,8.68e+08,12,125000,1,0,9.87312,12846.7,0,-134.025,-137,1.58106
173737, 451.53, 14, -1,-1,-1,55.1013,-6.63605,0.019953,8.68e+08,10,125000,1,0,16.9534,-15558.5,0,-131.087,-133,0.436224
173745, 451.77, 15, -1,-1,-1,46.5738,3.1001,0.015849,8.68e+08,10,125000,1,0,53.758,-11670.2,1,-125.905,-133,0.436224
173747, 452.06, 58, -1,-1,-1,61.5842,-8.00842,0.015849,8.68e+08,12,125000,1,0,6.88009,-17374.8,0,-134.912,-137,1.58106
173749, 452.12, 34, -1,-1,-1,47.4425,21.3987,0.025119,8.68e+08,11,125000,1,0,15.005,-12215.2,0,-130.599,-135,0.790528
173752, 452.393, 22, -1,-1,-1,50.1724,11.2032,0.019953,8.68e+08,11,125000,1,0,26.131,-16265.4,1,-128.961,-135,0.790528
173760, 452.856, 50, -1,-1,-1,39.7906,12.9554,0.019953,8.68e+08,12,125000,1,0,29.9226,245.763,1,-128.21,-137,1.58106
173777, 453.547, 32, -1,-1,-1,49.6037,16.4839,0.019953,8.68e+08,11,125000,1,0,19.6797,-14994.6,0,-130.41,-135,0.790528
173779, 453.674, 57, -1,-1,-1,34.6213,32.1051,0.015849,8.68e+08,11,125000,1,0,1.06138,-1891.58,0,-136.705,-135,0.790528
173782, 453.964, 25, -1,-1,-1,46.7789,8.28843,0.015849,8.68e+08,11,125000,1,0,40.4595,-12880.9,1,-127.473,-135,0.790528
173790, 454.578, 30, -1,-1,-1,49.3708,19.7672,0.019953,8.68e+08,12,125000,1,0,15.7688,-14311.7,1,-131.397,-137,1.58106
173797, 454.942, 59, -1,-1,-1,69.9209,23.5589,0.025119,8.68e+08,10,125000,1,0,-3.59305,-19741.3,0,-136.157,-133,0.436224
173800, 455.539, 2, -1,-1,-1,51.9313,12.445,0.025119,8.68e+08,11,125000,1,0,20.6844,-17419,1,-129.169,-135,0.790528
173822, 457.15, 52, -1,-1,-1,38.8743,33.4102,0.025119,8.68e+08,11,125000,1,0,1.74415,-5596.84,0,-134.494,-135,0.790528
173829, 457.522, 28, -1,-1,-1,56.0984,11.391,0.025119,8.68e+08,11,125000,1,0,14.0038,-19065.1,0,-130.865,-135,0.790528
173842, 457.643, 49, -1,-1,-1,45.07,7.88241,0.019953,8.68e+08,11,125000,1,0,46.1087,-10270,1,-125.73,-135,0.790528
173850, 458.279, 3, -1,-1,-1,41.4821,-1.98577,0.015849,8.68e+08,12,125000,1,0,63.3995,4022.86,1,-125.127,-137,1.58106
173883, 458.581, 39, -1,-1,-1,46.5198,20.8019,0.025119,8.68e+08,10,125000,1,0,15.617,-11735.5,1,-130.436,-133,0.436224
173885, 459.012, 56, -1,-1,-1,34.569,15.3924,0.015849,8.68e+08,12,125000,1,0,18.0393,5490.39,0,-131.811,-137,1.58106
173887, 459.12, 6, -1,-1,-1,60.4258,15.6431,0.019953,8.68e+08,11,125000,1,0,6.46942,-19566.1,0,-134.036,-135,0.790528
173889, 459.13, 36, -1,-1,-1,43.812,25.0559,0.019953,8.68e+08,12,125000,1,0,10.7594,-8863.83,0,-132.774,-137,1.58106
173892, 459.145, 47, -1,-1,-1,60.1499,6.23873,0.025119,8.68e+08,11,125000,1,0,9.13483,-19460.2,1,-132.24,-135,0.790528
173899, 459.194, 37, -1,-1,-1,41.1025,24.9953,0.025119,8.68e+08,12,125000,1,0,10.3138,-6043.09,0,-131.901,-137,1.58106
173931, 459.862, 9, -1,-1,-1,38.3205,25.796,0.019953,8.68e+08,12,125000,1,0,8.34817,-3445.5,0,-133.475,-137,1.58106
173934, 459.896, 31, -1,-1,-1,53.4533,19.0186,0.025119,8.68e+08,10,125000,1,0,12.2221,-17434.6,1,-131.357,-133,0.436224
173936, 459.938, 23, -1,-1,-1,54.1403,7.94096,0.025119,8.68e+08,12,125000,1,0,19.0761,-18719.8,0,-129.554,-137,1.58106
173944, 459.975, 0, -1,-1,-1,52.272,-2.15003,0.015849,8.68e+08,11,125000,1,0,24.6884,-16169.9,1,-130.264,-135,0.790528
173946, 460.009, 48, -1,-1,-1,56.7773,13.3766,0.025119,8.68e+08,12,125000,1,0,11.8641,-19137.5,0,-131.456,-137,1.58106
173948, 460.081, 40, -1,-1,-1,58.9757,26.2869,0.015849,8.68e+08,12,125000,1,0,3.36159,-18573.2,0,-135.99,-137,1.58106
173950, 460.176, 13, -1,-1,-1,57.3143,-2.70899,0.019953,8.68e+08,11,125000,1,0,13.5161,-17842.6,0,-131.997,-135,0.790528
173952, 460.607, 44, -1,-1,-1,49.6811,31.6845,0.019953,8.68e+08,11,125000,1,0,4.08016,-13780.8,0,-134.77,-135,0.790528
173959, 460.824, 8, -1,-1,-1,59.4499,10.2152,0.025119,8.68e+08,12,125000,1,0,9.23774,-19580.1,0,-132.21,-137,1.58106
173961, 461.127, 42, -1,-1,-1,57.8004,23.0841,0.019953,8.68e+08,10,125000,1,0,5.64509,-18395.3,0,-134.287,-133,0.436224
173964, 461.144, 21, -1,-1,-1,42.2017,-7.04016,0.019953,8.68e+08,12,125000,1,0,39.9773,2366.07,1,-126.542,-137,1.58106
173966, 461.259, 10, -1,-1,-1,30.029,30.9233,0.019953,8.68e+08,12,125000,1,0,-0.494963,1269.29,0,-136.187,-137,1.58106
173983, 461.527, 55, -1,-1,-1,28.9412,-14.4031,0.015849,8.68e+08,12,125000,1,0,8.82847,15623.2,0,-134.326,-137,1.58106
174000, 462.948, 4, -1,-1,-1,41.3807,10.7829,0.015849,8.68e+08,12,125000,1,0,37.8341,-3045.09,0,-127.86,-137,1.58106
174002, 462.966, 29, -1,-1,-1,53.788,19.7678,0.015849,8.68e+08,10,125000,1,0,11.0435,-17376.4,0,-133.69,-133,0.436224
174004, 462.967, 41, -1,-1,-1,60.451,27.3692,0.019953,8.68e+08,11,125000,1,0,1.66511,-18698.2,0,-135.517,-135,0.790528
174006, 463.044, 35, -1,-1,-1,45.9801,25.0541,0.025119,8.68e+08,12,125000,1,0,10.5018,-11043.6,0,-131.847,-137,1.58106
174008, 463.046, 45, -1,-1,-1,49.0721,21.5918,0.025119,8.68e+08,12,125000,1,0,13.1923,-14053.9,0,-131.089,-137,1.58106
174021, 463.478, 18, -1,-1,-1,39.8397,1.13302,0.025119,8.68e+08,12,125000,1,0,69.6686,7062.7,1,-122.761,-137,1.58106
174024, 463.908, 27, -1,-1,-1,50.7509,3.14531,0.019953,8.68e+08,11,125000,1,0,29.5558,-16924,1,-128.276,-135,0.790528
174037, 464.554, 16, -1,-1,-1,43.0289,3.59424,0.019953,8.68e+08,10,125000,1,0,71.1912,-4941.72,1,-123.688,-133,0.436224
174054, 464.858, 58, -1,-1,-1,61.5842,-8.00842,0.015849,8.68e+08,12,125000,1,0,5.97542,-17465.3,0,-135.184,-137,1.58106
174056, 464.892, 38, -1,-1,-1,45.3001,15.8952,0.025119,8.68e+08,11,125000,1,0,23.3507,-10826.3,0,-128.558,-135,0.790528
174063, 465.214, 46, -1,-1,-1,54.8178,27.999,0.019953,8.68e+08,10,125000,1,0,4.54817,-16911.1,0,-134.624,-133,0.436224
174075, 465.574, 20, -1,-1,-1,40.4442,-8.92386,0.019953,8.68e+08,11,125000,1,0,33.0937,5656.39,0,-127.634,-135,0.790528
174077, 465.789, 12, -1,-1,-1,54.1642,0.091911,0.025119,8.68e+08,11,125000,1,0,19.6343,-17658.8,0,-129.417,-135,0.790528
174080, 466.385, 26, -1,-1,-1,46.5003,4.98637,0.015849,8.68e+08,12,125000,1,0,45.8742,-13284.5,1,-126.756,-137,1.58106
174097, 467.07, 50, -1,-1,-1,39.7906,12.9554,0.019953,8.68e+08,12,125000,1,0,29.8076,-1372.51,0,-128.23,-137,1.58106
174099, 467.127, 30, -1,-1,-1,49.3708,19.7672,0.019953,8.68e+08,12,125000,1,0,14.6448,-14738.7,0,-131.693,-137,1.58106
174122, 467.621, 2, -1,-1,-1,51.9313,12.445,0.025119,8.68e+08,11,125000,1,0,19.0404,-17634.3,1,-129.563,-135,0.790528
174124, 467.745, 32, -1,-1,-1,49.6037,16.4839,0.019953,8.68e+08,11,125000,1,0,18.0769,-15507.4,0,-130.802,-135,0.790528
174131, 467.845, 51, -1,-1,-1,40.4208,27.6114,0.015849,8.68e+08,10,125000,1,0,7.08413,-6302.32,0,-134.853,-133,0.436224
174133, 467.969, 57, -1,-1,-1,34.6213,32.1051,0.015849,8.68e+08,11,125000,1,0,0.957085,-2513.88,0,-136.737,-135,0.790528
174135, 468.061, 52, -1,-1,-1,38.8743,33.4102,0.025119,8.68e+08,11,125000,1,0,1.53334,-6007.41,0,-134.559,-135,0.790528
174138, 468.189, 33, -1,-1,-1,49.0691,16.5595,0.015849,8.68e+08,10,125000,1,0,18.4912,-15099,1,-131.699,-133,0.436224
174141, 468.442, 19, -1,-1,-1,39.8596,0.90327,0.015849,8.68e+08,12,125000,1,0,72.2776,6119.89,1,-124.639,-137,1.58106
174148, 468.817, 24, -1,-1,-1,47.7606,11.929,0.019953,8.68e+08,12,125000,1,0,27.2933,-14615.7,0,-128.721,-137,1.58106
174166, 469.275, 34, -1,-1,-1,47.4425,21.3987,0.025119,8.68e+08,11,125000,1,0,13.7241,-13022.4,1,-130.942,-135,0.790528
174168, 469.426, 11, -1,-1,-1,57.2544,36.8221,0.015849,8.68e+08,10,125000,1,0,-1.48947,-17188.3,0,-137.504,-133,0.436224
174170, 469.589, 43, -1,-1,-1,55.5373,25.9108,0.019953,8.68e+08,10,125000,1,0,5.11436,-17536.5,0,-134.449,-133,0.436224
174192, 469.939, 47, -1,-1,-1,60.1499,6.23873,0.025119,8.68e+08,11,125000,1,0,8.19641,-19415.1,0,-132.516,-135,0.790528
174199, 470.035, 59, -1,-1,-1,69.9209,23.5589,0.025119,8.68e+08,10,125000,1,0,-4.40546,-19673.4,0,-136.407,-133,0.436224
174212, 470.329, 1, -1,-1,-1,49.3772,1.54038,0.025119,8.68e+08,10,125000,1,0,33.4179,-16035.5,1,-126.575,-133,0.436224
174219, 470.576, 28, -1,-1,-1,56.0984,11.391,0.025119,8.68e+08,11,125000,1,0,12.61,-19117,0,-131.246,-135,0.790528
174227, 470.655, 25, -1,-1,-1,46.7789,8.28843,0.015849,8.68e+08,11,125000,1,0,36.2417,-14177.6,1,-128.107,-135,0.790528
174235, 471.032, 39, -1,-1,-1,46.5198,20.8019,0.025119,8.68e+08,10,125000,1,0,14.6987,-12318.9,1,-130.679,-133,0.436224
174247, 471.193, 53, -1,-1,-1,64.7134,-23.4263,0.025119,8.68e+08,11,125000,1,0,-1.34545,-15829.2,0,-135.457,-135,0.790528
174249, 471.262, 42, -1,-1,-1,57.8004,23.0841,0.019953,8.68e+08,10,125000,1,0,4.92232,-18585.9,0,-134.507,-133,0.436224
174251, 471.522, 36, -1,-1,-1,43.812,25.0559,0.019953,8.68e+08,12,125000,1,0,10.2043,-9473.54,0,-132.932,-137,1.58106
174254, 471.568, 15, -1,-1,-1,46.5738,3.1001,0.015849,8.68e+08,10,125000,1,0,45.9793,-13717.5,1,-126.742,-133,0.436224
174256, 471.637, 21, -1,-1,-1,42.2017,-7.04016,0.019953,8.68e+08,12,125000,1,0,40.3483,1058.3,0,-126.487,-137,1.58106
174259, 471.656, 3, -1,-1,-1,41.4821,-1.98577,0.015849,8.68e+08,12,125000,1,0,65.7414,1661.93,1,-124.976,-137,1.58106
174267, 472.513, 44, -1,-1,-1,49.6811,31.6845,0.019953,8.68e+08,11,125000,1,0,3.48355,-14043,1,-134.953,-135,0.790528
174279, 472.774, 7, -1,-1,-1,49.1664,15.132,0.019953,8.68e+08,12,125000,1,0,19.7874,-15601.6,0,-130.381,-137,1.58106
174291, 473.516, 0, -1,-1,-1,52.272,-2.15003,0.015849,8.68e+08,11,125000,1,0,22.6193,-16581.7,0,-130.718,-135,0.790528
174293, 473.55, 5, -1,-1,-1,51.8039,6.80183,0.015849,8.68e+08,11,125000,1,0,22.8614,-18172.5,0,-130.663,-135,0.790528
174310, 474.29, 22, -1,-1,-1,50.1724,11.2032,0.019953,8.68e+08,11,125000,1,0,22.5942,-17088.4,0,-129.724,-135,0.790528
174313, 474.341, 14, -1,-1,-1,55.1013,-6.63605,0.019953,8.68e+08,10,125000,1,0,14.6506,-16298,1,-131.688,-133,0.436224
174320, 474.889, 54, -1,-1,-1,32.7894,-16.8765,0.015849,8.68e+08,12,125000,1,0,11.281,11851.3,0,-133.619,-137,1.58106
174323, 474.9, 17, -1,-1,-1,51.5697,4.02995,0.019953,8.68e+08,10,125000,1,0,24.5331,-17959.3,1,-129.295,-133,0.436224
174331, 475.399, 18, -1,-1,-1,39.8397,1.13302,0.025119,8.68e+08,12,125000,1,0,76.3834,4572.26,1,-122.482,-137,1.58106
174333, 475.778, 46, -1,-1,-1,54.8178,27.999,0.019953,8.68e+08,10,125000,1,0,3.886,-17174,0,-134.827,-133,0.436224
174335, 475.801, 40, -1,-1,-1,58.9757,26.2869,0.015849,8.68e+08,12,125000,1,0,2.3479,-18648.9,0,-136.303,-137,1.58106
174347, 476.89, 29, -1,-1,-1,53.788,19.7678,0.015849,8.68e+08,10,125000,1,0,9.84975,-17764.6,0,-134.032,-133,0.436224
174360, 477.397, 20, -1,-1,-1,40.4442,-8.92386,0.019953,8.68e+08,11,125000,1,0,33.945,4051.56,1,-127.486,-135,0.790528
174362, 477.977, 13, -1,-1,-1,57.3143,-2.70899,0.019953,8.68e+08,11,125000,1,0,11.7886,-18101.9,0,-132.474,-135,0.790528
174375, 478.892, 6, -1,-1,-1,60.4258,15.6431,0.019953,8.68e+08,11,125000,1,0,4.95669,-19634.3,1,-134.494,-135,0.790528
174377, 478.9, 30, -1,-1,-1,49.3708,19.7672,0.019953,8.68e+08,12,125000,1,0,13.6133,-15286.4,0,-131.971,-137,1.58106
174390, 479.357, 31, -1,-1,-1,53.4533,19.0186,0.025119,8.68e+08,10,125000,1,0,10.4847,-17792.4,1,-131.848,-133,0.436224
174412, 480.244, 8, -1,-1,-1,59.4499,10.2152,0.025119,8.68e+08,12,125000,1,0,7.5594,-19659.2,0,-132.705,-137,1.58106
174414, 480.246, 57, -1,-1,-1,34.6213,32.1051,0.015849,8.68e+08,11,125000,1,0,0.84349,-3184.76,0,-136.771,-135,0.790528
174421, 480.493, 27, -1,-1,-1,50.7509,3.14531,0.019953,8.68e+08,11,125000,1,0,26.2497,-17717.5,0,-128.931,-135,0.790528
174424, 480.599, 49, -1,-1,-1,45.07,7.88241,0.019953,8.68e+08,11,125000,1,0,40.0701,-12743.9,1,-126.524,-135,0.790528
174436, 480.85, 50, -1,-1,-1,39.7906,12.9554,0.019953,8.68e+08,12,125000,1,0,29.4131,-3166.67,0,-128.303,-137,1.58106
174448, 481.198, 38, -1,-1,-1,45.3001,15.8952,0.025119,8.68e+08,11,125000,1,0,21.69,-11910.2,0,-128.932,-135,0.790528
174450, 481.248, 43, -1,-1,-1,55.5373,25.9108,0.019953,8.68e+08,10,125000,1,0,4.34226,-17608.9,0,-134.685,-133,0.436224
174457, 481.314, 56, -1,-1,-1,34.569,15.3924,0.015849,8.68e+08,12,125000,1,0,18.7741,3584.83,0,-131.627,-137,1.58106
174469, 481.785, 25, -1,-1,-1,46.7789,8.28843,0.015849,8.68e+08,11,125000,1,0,33.6446,-14790.8,0,-128.535,-135,0.790528
174476, 482.23, 24, -1,-1,-1,47.7606,11.929,0.019953,8.68e+08,12,125000,1,0,25.1536,-15228.5,0,-129.162,-137,1.58106
174493, 482.568, 26, -1,-1,-1,46.5003,4.98637,0.015849,8.68e+08,12,125000,1,0,40.597,-14554.9,0,-127.448,-137,1.58106
174495, 482.893, 37, -1,-1,-1,41.1025,24.9953,0.025119,8.68e+08,12,125000,1,0,9.55421,-7316.46,0,-132.119,-137,1.58106
174497, 482.907, 48, -1,-1,-1,56.7773,13.3766,0.025119,8.68e+08,12,125000,1,0,9.69299,-19140.6,0,-132.075,-137,1.58106
174504, 483.092, 9, -1,-1,-1,38.3205,25.796,0.019953,8.68e+08,12,125000,1,0,7.92854,-4700.51,0,-133.598,-137,1.58106
174507, 483.162, 34, -1,-1,-1,47.4425,21.3987,0.025119,8.68e+08,11,125000,1,0,12.6893,-13565,1,-131.225,-135,0.790528
174509, 483.639, 55, -1,-1,-1,28.9412,-14.4031,0.015849,8.68e+08,12,125000,1,0,10.4187,15261.9,0,-133.862,-137,1.58106
174511, 484.069, 7, -1,-1,-1,49.1664,15.132,0.019953,8.68e+08,12,125000,1,0,18.4508,-15924.6,0,-130.707,-137,1.58106
174514, 484.089, 21, -1,-1,-1,42.2017,-7.04016,0.019953,8.68e+08,12,125000,1,0,40.3776,-582.683,1,-126.481,-137,1.58106
174556, 484.595, 59, -1,-1,-1,69.9209,23.5589,0.025119,8.68e+08,10,125000,1,0,-5.17094,-19596.1,0,-136.641,-133,0.436224
174558, 484.629, 23, -1,-1,-1,54.1403,7.94096,0.025119,8.68e+08,12,125000,1,0,15.8786,-18878.6,0,-130.361,-137,1.58106
174560, 484.655, 39, -1,-1,-1,46.5198,20.8019,0.025119,8.68e+08,10,125000,1,0,13.6883,-12913,0,-130.95,-133,0.436224
174568, 484.698, 16, -1,-1,-1,43.0289,3.59424,0.019953,8.68e+08,10,125000,1,0,61.8859,-8446.73,1,-124.227,-133,0.436224
174575, 485.165, 12, -1,-1,-1,54.1642,0.091911,0.025119,8.68e+08,11,125000,1,0,17.1287,-18047.4,0,-130.037,-135,0.790528
174577, 485.168, 2, -1,-1,-1,51.9313,12.445,0.025119,8.68e+08,11,125000,1,0,16.8292,-17984.7,0,-130.115,-135,0.790528
174579, 485.253, 44, -1,-1,-1,49.6811,31.6845,0.019953,8.68e+08,11,125000,1,0,2.8462,-14309.4,0,-135.149,-135,0.790528
174596, 485.964, 58, -1,-1,-1,61.5842,-8.00842,0.015849,8.68e+08,12,125000,1,0,4.54113,-17724.6,0,-135.62,-137,1.58106
174598, 485.989, 42, -1,-1,-1,57.8004,23.0841,0.019953,8.68e+08,10,125000,1,0,3.90481,-18649.9,0,-134.818,-133,0.436224
174600, 486.06, 10, -1,-1,-1,30.029,30.9233,0.019953,8.68e+08,12,125000,1,0,-0.438415,293.088,0,-136.169,-137,1.58106
174602, 486.245, 4, -1,-1,-1,41.3807,10.7829,0.015849,8.68e+08,12,125000,1,0,35.8976,-6129.92,0,-128.161,-137,1.58106
174609, 486.373, 11, -1,-1,-1,57.2544,36.8221,0.015849,8.68e+08,10,125000,1,0,-2.34434,-17324.6,0,-137.768,-133,0.436224
174611, 486.68, 35, -1,-1,-1,45.9801,25.0541,0.025119,8.68e+08,12,125000,1,0,9.19202,-12146,0,-132.225,-137,1.58106
174619, 487.177, 19, -1,-1,-1,39.8596,0.90327,0.015849,8.68e+08,12,125000,1,0,83.2471,2461.57,1,-124.312,-137,1.58106
174631, 487.922, 41, -1,-1,-1,60.451,27.3692,0.019953,8.68e+08,11,125000,1,0,0.150053,-18871.1,0,-135.988,-135,0.790528
174633, 487.928, 45, -1,-1,-1,49.0721,21.5918,0.025119,8.68e+08,12,125000,1,0,11.2601,-14997,0,-131.626,-137,1.58106
174635, 488.143, 53, -1,-1,-1,64.7134,-23.4263,0.025119,8.68e+08,11,125000,1,0,-2.13918,-16007.3,0,-135.702,-135,0.790528
174638, 488.697, 52, -1,-1,-1,38.8743,33.4102,0.025119,8.68e+08,11,125000,1,0,1.09311,-6900.08,1,-134.695,-135,0.790528
174655, 489.142, 46, -1,-1,-1,54.8178,27.999,0.019953,8.68e+08,10,125000,1,0,3.06535,-17299.6,0,-135.079,-133,0.436224
174657, 489.235, 33, -1,-1,-1,49.0691,16.5595,0.015849,8.68e+08,10,125000,1,0,16.2492,-15892.7,0,-132.266,-133,0.436224
174660, 489.537, 17, -1,-1,-1,51.5697,4.02995,0.019953,8.68e+08,10,125000,1,0,22.0953,-18226.8,1,-129.834,-133,0.436224
174683, 490.511, 32, -1,-1,-1,49.6037,16.4839,0.019953,8.68e+08,11,125000,1,0,15.6499,-16310.3,1,-131.422,-135,0.790528
174685, 490.545, 57, -1,-1,-1,34.6213,32.1051,0.015849,8.68e+08,11,125000,1,0,0.731511,-3573.65,0,-136.806,-135,0.790528
174687, 490.802, 51, -1,-1,-1,40.4208,27.6114,0.015849,8.68e+08,10,125000,1,0,6.4262,-7539.83,0,-135.049,-133,0.436224
174694, 491.242, 36, -1,-1,-1,43.812,25.0559,0.019953,8.68e+08,12,125000,1,0,9.27338,-10473.1,0,-133.2,-137,1.58106
174716, 492.467, 8, -1,-1,-1,59.4499,10.2152,0.025119,8.68e+08,12,125000,1,0,6.56249,-19621,0,-133.003,-137,1.58106
174719, 492.721, 28, -1,-1,-1,56.0984,11.391,0.025119,8.68e+08,11,125000,1,0,10.426,-19316.9,1,-131.861,-135,0.790528
174727, 493.051, 3, -1,-1,-1,41.4821,-1.98577,0.015849,8.68e+08,12,125000,1,0,65.1417,-2490.5,1,-125.01,-137,1.58106
174739, 493.263, 48, -1,-1,-1,56.7773,13.3766,0.025119,8.68e+08,12,125000,1,0,8.77441,-19319.5,0,-132.343,-137,1.58106
174761, 493.815, 24, -1,-1,-1,47.7606,11.929,0.019953,8.68e+08,12,125000,1,0,23.4047,-15896.1,0,-129.541,-137,1.58106
174763, 494.016, 22, -1,-1,-1,50.1724,11.2032,0.019953,8.68e+08,11,125000,1,0,19.7598,-17639.9,0,-130.384,-135,0.790528
174765, 494.075, 47, -1,-1,-1,60.1499,6.23873,0.025119,8.68e+08,11,125000,1,0,6.22611,-19557.3,0,-133.104,-135,0.790528
174773, 494.198, 20, -1,-1,-1,40.4442,-8.92386,0.019953,8.68e+08,11,125000,1,0,34.7456,2006.73,1,-127.348,-135,0.790528
174780, 494.367, 21, -1,-1,-1,42.2017,-7.04016,0.019953,8.68e+08,12,125000,1,0,40.0637,-2232.82,0,-126.524,-137,1.58106
174787, 494.523, 5, -1,-1,-1,51.8039,6.80183,0.015849,8.68e+08,11,125000,1,0,19.6587,-18596.2,0,-131.407,-135,0.790528
174795, 494.694, 14, -1,-1,-1,55.1013,-6.63605,0.019953,8.68e+08,10,125000,1,0,12.7296,-16812,1,-132.209,-133,0.436224
174807, 494.817, 56, -1,-1,-1,34.569,15.3924,0.015849,8.68e+08,12,125000,1,0,19.077,2463.51,0,-131.551,-137,1.58106
174819, 494.887, 6, -1,-1,-1,60.4258,15.6431,0.019953,8.68e+08,11,125000,1,0,3.79779,-19637.8,0,-134.849,-135,0.790528
174827, 495.162, 27, -1,-1,-1,50.7509,3.14531,0.019953,8.68e+08,11,125000,1,0,23.645,-18035,1,-129.486,-135,0.790528
174829, 495.239, 1, -1,-1,-1,49.3772,1.54038,0.025119,8.68e+08,10,125000,1,0,27.9893,-17166.9,0,-127.576,-133,0.436224
174831, 495.274, 23, -1,-1,-1,54.1403,7.94096,0.025119,8.68e+08,12,125000,1,0,14.6289,-19120,0,-130.691,-137,1.58106
174833, 495.469, 44, -1,-1,-1,49.6811,31.6845,0.019953,8.68e+08,11,125000,1,0,2.33661,-14650.4,0,-135.306,-135,0.790528
174835, 495.54, 15, -1,-1,-1,46.5738,3.1001,0.015849,8.68e+08,10,125000,1,0,38.2539,-15571.3,0,-127.789,-133,0.436224
174862, 496.382, 40, -1,-1,-1,58.9757,26.2869,0.015849,8.68e+08,12,125000,1,0,1.07093,-18781.8,0,-136.699,-137,1.58106
174864, 496.452, 55, -1,-1,-1,28.9412,-14.4031,0.015849,8.68e+08,12,125000,1,0,11.3672,14722.6,0,-133.589,-137,1.58106
174866, 496.458, 9, -1,-1,-1,38.3205,25.796,0.019953,8.68e+08,12,125000,1,0,7.62881,-5595.6,0,-133.686,-137,1.58106
174868, 496.488, 29, -1,-1,-1,53.788,19.7678,0.015849,8.68e+08,10,125000,1,0,8.25283,-18055.3,0,-134.498,-133,0.436224
174871, 496.714, 31, -1,-1,-1,53.4533,19.0186,0.025119,8.68e+08,10,125000,1,0,9.02349,-18036.7,1,-132.27,-133,0.436224
174879, 496.858, 0, -1,-1,-1,52.272,-2.15003,0.015849,8.68e+08,11,125000,1,0,19.3761,-17323.2,1,-131.475,-135,0.790528
174886, 497.534, 35, -1,-1,-1,45.9801,25.0541,0.025119,8.68e+08,12,125000,1,0,8.58066,-12689.5,0,-132.403,-137,1.58106
174889, 497.622, 18, -1,-1,-1,39.8397,1.13302,0.025119,8.68e+08,12,125000,1,0,88.4718,-43.9856,1,-122.259,-137,1.58106
174901, 498.376, 30, -1,-1,-1,49.3708,19.7672,0.019953,8.68e+08,12,125000,1,0,11.9602,-15896.7,0,-132.426,-137,1.58106
174913, 498.852, 50, -1,-1,-1,39.7906,12.9554,0.019953,8.68e+08,12,125000,1,0,28.5161,-5163.23,0,-128.475,-137,1.58106
174926, 499.294, 2, -1,-1,-1,51.9313,12.445,0.025119,8.68e+08,11,125000,1,0,15.1837,-18395.5,1,-130.543,-135,0.790528
174928, 499.551, 13, -1,-1,-1,57.3143,-2.70899,0.019953,8.68e+08,11,125000,1,0,9.84277,-18401.8,0,-133.028,-135,0.790528
174935, 499.694, 7, -1,-1,-1,49.1664,15.132,0.019953,8.68e+08,12,125000,1,0,16.689,-16607.5,0,-131.15,-137,1.58106
174942, 499.79, 54, -1,-1,-1,32.7894,-16.8765,0.015849,8.68e+08,12,125000,1,0,12.7485,10608.9,0,-133.205,-137,1.58106
174949, 500.372, 43, -1,-1,-1,55.5373,25.9108,0.019953,8.68e+08,10,125000,1,0,3.115,-18011.5,0,-135.062,-133,0.436224
174951, 500.465, 52, -1,-1,-1,38.8743,33.4102,0.025119,8.68e+08,11,125000,1,0,0.819541,-7485.44,0,-134.779,-135,0.790528
174953, 500.551, 10, -1,-1,-1,30.029,30.9233,0.019953,8.68e+08,12,125000,1,0,-0.444113,-474.722,0,-136.17,-137,1.58106
174956, 500.569, 49, -1,-1,-1,45.07,7.88241,0.019953,8.68e+08,11,125000,1,0,35.2186,-14347.9,1,-127.268,-135,0.790528
174964, 500.797, 26, -1,-1,-1,46.5003,4.98637,0.015849,8.68e+08,12,125000,1,0,35.4618,-16009.4,1,-128.228,-137,1.58106
175092, 501.323, 16, -1,-1,-1,43.0289,3.59424,0.019953,8.68e+08,10,125000,1,0,54.5838,-10747.8,1,-124.82,-133,0.436224
175110, 502.205, 17, -1,-1,-1,51.5697,4.02995,0.019953,8.68e+08,10,125000,1,0,20.1701,-18378.1,1,-130.283,-133,0.436224
175117, 502.275, 36, -1,-1,-1,43.812,25.0559,0.019953,8.68e+08,12,125000,1,0,8.7325,-10907.9,0,-133.358,-137,1.58106
175124, 502.423, 41, -1,-1,-1,60.451,27.3692,0.019953,8.68e+08,11,125000,1,0,-0.69723,-18874.4,0,-136.251,-135,0.790528
175141, 502.676, 25, -1,-1,-1,46.7789,8.28843,0.015849,8.68e+08,11,125000,1,0,29.2335,-15942.1,0,-129.333,-135,0.790528
175143, 502.924, 59, -1,-1,-1,69.9209,23.5589,0.025119,8.68e+08,10,125000,1,0,-6.11139,-19548,0,-136.926,-133,0.436224
175155, 503.062, 53, -1,-1,-1,64.7134,-23.4263,0.025119,8.68e+08,11,125000,1,0,-2.82923,-16118.3,0,-135.915,-135,0.790528
175157, 503.091, 38, -1,-1,-1,45.3001,15.8952,0.025119,8.68e+08,11,125000,1,0,19.4527,-13223.6,0,-129.459,-135,0.790528
175164, 503.34, 57, -1,-1,-1,34.6213,32.1051,0.015849,8.68e+08,11,125000,1,0,0.571819,-4087.32,0,-136.855,-135,0.790528
175181, 504.066, 37, -1,-1,-1,41.1025,24.9953,0.025119,8.68e+08,12,125000,1,0,8.77439,-8499.03,0,-132.346,-137,1.58106
175188, 504.367, 34, -1,-1,-1,47.4425,21.3987,0.025119,8.68e+08,11,125000,1,0,11.1278,-14386.7,0,-131.662,-135,0.790528
175191, 504.388, 20, -1,-1,-1,40.4442,-8.92386,0.019953,8.68e+08,11,125000,1,0,34.9654,866.184,1,-127.31,-135,0.790528
175198, 504.594, 21, -1,-1,-1,42.2017,-7.04016,0.019953,8.68e+08,12,125000,1,0,39.4647,-3474.38,0,-126.609,-137,1.58106
175200, 504.62, 58, -1,-1,-1,61.5842,-8.00842,0.015849,8.68e+08,12,125000,1,0,3.32819,-17892.3,0,-135.993,-137,1.58106
175203, 504.741, 39, -1,-1,-1,46.5198,20.8019,0.025119,8.68e+08,10,125000,1,0,12.2033,-13773.5,1,-131.358,-133,0.436224
175205, 504.871, 45, -1,-1,-1,49.0721,21.5918,0.025119,8.68e+08,12,125000,1,0,9.98465,-15480.9,0,-131.99,-137,1.58106
175218, 505.184, 28, -1,-1,-1,56.0984,11.391,0.025119,8.68e+08,11,125000,1,0,9.28351,-19316.4,1,-132.191,-135,0.790528
175221, 505.197, 19, -1,-1,-1,39.8596,0.90327,0.015849,8.68e+08,12,125000,1,0,85.7613,-1271.3,1,-124.277,-137,1.58106
175243, 505.808, 47, -1,-1,-1,60.1499,6.23873,0.025119,8.68e+08,11,125000,1,0,5.32457,-19505.8,0,-133.377,-135,0.790528
175246, 506.019, 32, -1,-1,-1,49.6037,16.4839,0.019953,8.68e+08,11,125000,1,0,14.0963,-16696.7,1,-131.835,-135,0.790528
175253, 506.327, 44, -1,-1,-1,49.6811,31.6845,0.019953,8.68e+08,11,125000,1,0,1.79708,-14815.3,0,-135.473,-135,0.790528
175255, 506.48, 24, -1,-1,-1,47.7606,11.929,0.019953,8.68e+08,12,125000,1,0,21.596,-16299.6,0,-129.949,-137,1.58106
175257, 506.535, 42, -1,-1,-1,57.8004,23.0841,0.019953,8.68e+08,10,125000,1,0,2.5444,-18790.2,0,-135.238,-133,0.436224
175259, 506.797, 8, -1,-1,-1,59.4499,10.2152,0.025119,8.68e+08,12,125000,1,0,5.4451,-19603.2,0,-133.341,-137,1.58106
175272, 507.123, 4, -1,-1,-1,41.3807,10.7829,0.015849,8.68e+08,12,125000,1,0,33.4327,-8542.7,1,-128.569,-137,1.58106
175284, 507.434, 51, -1,-1,-1,40.4208,27.6114,0.015849,8.68e+08,10,125000,1,0,5.89485,-8331.67,0,-135.208,-133,0.436224
175286, 507.724, 6, -1,-1,-1,60.4258,15.6431,0.019953,8.68e+08,11,125000,1,0,2.90487,-19592.9,0,-135.124,-135,0.790528
175288, 507.836, 29, -1,-1,-1,53.788,19.7678,0.015849,8.68e+08,10,125000,1,0,7.36915,-18116.7,0,-134.76,-133,0.436224
175310, 508.473, 46, -1,-1,-1,54.8178,27.999,0.019953,8.68e+08,10,125000,1,0,1.91048,-17531.6,0,-135.436,-133,0.436224
175317, 508.859, 35, -1,-1,-1,45.9801,25.0541,0.025119,8.68e+08,12,125000,1,0,7.93934,-13039.8,0,-132.592,-137,1.58106
175334, 509.312, 11, -1,-1,-1,57.2544,36.8221,0.015849,8.68e+08,10,125000,1,0,-3.47695,-17544.4,0,-138.118,-133,0.436224
175337, 509.418, 12, -1,-1,-1,54.1642,0.091911,0.025119,8.68e+08,11,125000,1,0,14.3223,-18482.7,1,-130.77,-135,0.790528
175344, 509.476, 55, -1,-1,-1,28.9412,-14.4031,0.015849,8.68e+08,12,125000,1,0,12.3499,14376.4,0,-133.312,-137,1.58106
175356, 509.874, 48, -1,-1,-1,56.7773,13.3766,0.025119,8.68e+08,12,125000,1,0,7.37272,-19377.4,0,-132.757,-137,1.58106
175359, 509.896, 18, -1,-1,-1,39.8397,1.13302,0.025119,8.68e+08,12,125000,1,0,82.5516,-2432.57,1,-122.321,-137,1.58106
175361, 510.443, 23, -1,-1,-1,54.1403,7.94096,0.025119,8.68e+08,12,125000,1,0,12.961,-19207.2,0,-131.143,-137,1.58106
175364, 510.632, 2, -1,-1,-1,51.9313,12.445,0.025119,8.68e+08,11,125000,1,0,13.9401,-18474.2,1,-130.875,-135,0.790528
175371, 510.728, 56, -1,-1,-1,34.569,15.3924,0.015849,8.68e+08,12,125000,1,0,19.2823,1072.94,0,-131.499,-137,1.58106
175378, 511.01, 26, -1,-1,-1,46.5003,4.98637,0.015849,8.68e+08,12,125000,1,0,32.9113,-16379,0,-128.657,-137,1.58106
175381, 511.185, 1, -1,-1,-1,49.3772,1.54038,0.025119,8.68e+08,10,125000,1,0,25.0091,-17614.5,1,-128.187,-133,0.436224
175383, 511.191, 7, -1,-1,-1,49.1664,15.132,0.019953,8.68e+08,12,125000,1,0,15.4552,-16838.9,0,-131.47,-137,1.58106
175391, 511.506, 27, -1,-1,-1,50.7509,3.14531,0.019953,8.68e+08,11,125000,1,0,21.0377,-18341.4,1,-130.076,-135,0.790528
175403, 512.906, 40, -1,-1,-1,58.9757,26.2869,0.015849,8.68e+08,12,125000,1,0,0.083016,-18832.5,0,-137.006,-137,1.58106
175411, 513.514, 49, -1,-1,-1,45.07,7.88241,0.019953,8.68e+08,11,125000,1,0,32.3409,-15080.2,1,-127.758,-135,0.790528
175418, 513.664, 0, -1,-1,-1,52.272,-2.15003,0.015849,8.68e+08,11,125000,1,0,17.2659,-17678.4,0,-131.998,-135,0.790528
175421, 513.672, 33, -1,-1,-1,49.0691,16.5595,0.015849,8.68e+08,10,125000,1,0,13.8197,-16666.8,1,-132.909,-133,0.436224
175429, 514.351, 14, -1,-1,-1,55.1013,-6.63605,0.019953,8.68e+08,10,125000,1,0,10.9866,-17214.8,1,-132.697,-133,0.436224
175432, 514.417, 38, -1,-1,-1,45.3001,15.8952,0.025119,8.68e+08,11,125000,1,0,18.3115,-13926.9,1,-129.738,-135,0.790528
175454, 515.257, 34, -1,-1,-1,47.4425,21.3987,0.025119,8.68e+08,11,125000,1,0,10.3389,-14861.2,0,-131.887,-135,0.790528
175456, 515.336, 43, -1,-1,-1,55.5373,25.9108,0.019953,8.68e+08,10,125000,1,0,2.18638,-18112.6,0,-135.349,-133,0.436224
175468, 515.56, 5, -1,-1,-1,51.8039,6.80183,0.015849,8.68e+08,11,125000,1,0,16.8384,-18921.5,0,-132.107,-135,0.790528
175491, 516.242, 3, -1,-1,-1,41.4821,-1.98577,0.015849,8.68e+08,12,125000,1,0,59.3533,-6705.46,1,-125.411,-137,1.58106
175503, 516.924, 37, -1,-1,-1,41.1025,24.9953,0.025119,8.68e+08,12,125000,1,0,8.26281,-9280.58,0,-132.495,-137,1.58106
175505, 517.03, 32, -1,-1,-1,49.6037,16.4839,0.019953,8.68e+08,11,125000,1,0,13.0402,-17083.1,0,-132.122,-135,0.790528
175507, 517.1, 45, -1,-1,-1,49.0721,21.5918,0.025119,8.68e+08,12,125000,1,0,9.08663,-15930.4,0,-132.251,-137,1.58106
175524, 517.426, 9, -1,-1,-1,38.3205,25.796,0.019953,8.68e+08,12,125000,1,0,7.08175,-6768.42,0,-133.848,-137,1.58106
175526, 517.444, 24, -1,-1,-1,47.7606,11.929,0.019953,8.68e+08,12,125000,1,0,20.1142,-16803.1,0,-130.296,-137,1.58106
175528, 517.488, 22, -1,-1,-1,50.1724,11.2032,0.019953,8.68e+08,11,125000,1,0,16.7542,-18188,0,-131.13,-135,0.790528
175530, 517.544, 21, -1,-1,-1,42.2017,-7.04016,0.019953,8.68e+08,12,125000,1,0,38.3442,-5433.27,0,-126.774,-137,1.58106
175532, 517.977, 30, -1,-1,-1,49.3708,19.7672,0.019953,8.68e+08,12,125000,1,0,10.3667,-16415.7,0,-132.878,-137,1.58106
175539, 518.02, 44, -1,-1,-1,49.6811,31.6845,0.019953,8.68e+08,11,125000,1,0,1.21893,-15170.3,0,-135.653,-135,0.790528
175542, 518.101, 25, -1,-1,-1,46.7789,8.28843,0.015849,8.68e+08,11,125000,1,0,26.3366,-16806.2,1,-129.908,-135,0.790528
175550, 518.426, 15, -1,-1,-1,46.5738,3.1001,0.015849,8.68e+08,10,125000,1,0,32.2721,-16802.4,1,-128.768,-133,0.436224
175552, 518.86, 58, -1,-1,-1,61.5842,-8.00842,0.015849,8.68e+08,12,125000,1,0,2.43407,-18169.6,0,-136.269,-137,1.58106
175565, 519.815, 31, -1,-1,-1,53.4533,19.0186,0.025119,8.68e+08,10,125000,1,0,7.19407,-18363.3,1,-132.811,-133,0.436224
175568, 519.92, 19, -1,-1,-1,39.8596,0.90327,0.015849,8.68e+08,12,125000,1,0,76.9517,-4616.33,1,-124.457,-137,1.58106
175575, 520.715, 35, -1,-1,-1,45.9801,25.0541,0.025119,8.68e+08,12,125000,1,0,7.2665,-13569.4,0,-132.792,-137,1.58106
175578, 520.783, 17, -1,-1,-1,51.5697,4.02995,0.019953,8.68e+08,10,125000,1,0,17.6085,-18657.3,1,-130.91,-133,0.436224
175620, 521.706, 51, -1,-1,-1,40.4208,27.6114,0.015849,8.68e+08,10,125000,1,0,5.40769,-8946.53,0,-135.355,-133,0.436224
175623, 521.786, 28, -1,-1,-1,56.0984,11.391,0.025119,8.68e+08,11,125000,1,0,7.84485,-19369.6,1,-132.614,-135,0.790528
175650, 522.375, 4, -1,-1,-1,41.3807,10.7829,0.015849,8.68e+08,12,125000,1,0,31.3866,-10006.2,0,-128.929,-137,1.58106
175652, 522.377, 50, -1,-1,-1,39.7906,12.9554,0.019953,8.68e+08,12,125000,1,0,26.8169,-7376.17,0,-128.811,-137,1.58106
175659, 522.483, 54, -1,-1,-1,32.7894,-16.8765,0.015849,8.68e+08,12,125000,1,0,14.0257,9597.11,0,-132.852,-137,1.58106
175662, 522.642, 12, -1,-1,-1,54.1642,0.091911,0.025119,8.68e+08,11,125000,1,0,12.9226,-18569.5,1,-131.151,-135,0.790528
175665, 522.658, 18, -1,-1,-1,39.8397,1.13302,0.025119,8.68e+08,12,125000,1,0,75.0825,-4822.28,1,-122.52,-137,1.58106
175667, 522.809, 13, -1,-1,-1,57.3143,-2.70899,0.019953,8.68e+08,11,125000,1,0,7.90205,-18454.8,0,-133.596,-135,0.790528
175669, 522.896, 47, -1,-1,-1,60.1499,6.23873,0.025119,8.68e+08,11,125000,1,0,4.06889,-19517.7,0,-133.761,-135,0.790528
175671, 522.899, 52, -1,-1,-1,38.8743,33.4102,0.025119,8.68e+08,11,125000,1,0,0.257264,-8215.56,0,-134.953,-135,0.790528
175673, 522.999, 7, -1,-1,-1,49.1664,15.132,0.019953,8.68e+08,12,125000,1,0,14.2409,-17046.1,0,-131.793,-137,1.58106
175680, 523.154, 53, -1,-1,-1,64.7134,-23.4263,0.025119,8.68e+08,11,125000,1,0,-3.7461,-16322.8,0,-136.198,-135,0.790528
175682, 523.213, 55, -1,-1,-1,28.9412,-14.4031,0.015849,8.68e+08,12,125000,1,0,13.4044,13948.3,0,-133.019,-137,1.58106
175690, 523.472, 39, -1,-1,-1,46.5198,20.8019,0.025119,8.68e+08,10,125000,1,0,10.8372,-14454,1,-131.742,-133,0.436224
175702, 523.982, 56, -1,-1,-1,34.569,15.3924,0.015849,8.68e+08,12,125000,1,0,19.3224,-61.8068,0,-131.488,-137,1.58106
175704, 524.113, 6, -1,-1,-1,60.4258,15.6431,0.019953,8.68e+08,11,125000,1,0,1.80809,-19582.8,0,-135.464,-135,0.790528
175711, 524.611, 41, -1,-1,-1,60.451,27.3692,0.019953,8.68e+08,11,125000,1,0,-1.95159,-18965.9,0,-136.64,-135,0.790528
175724, 525.368, 16, -1,-1,-1,43.0289,3.59424,0.019953,8.68e+08,10,125000,1,0,45.405,-13439.9,1,-125.805,-133,0.436224
175726, 525.443, 10, -1,-1,-1,30.029,30.9233,0.019953,8.68e+08,12,125000,1,0,-0.520436,-1451.28,0,-136.192,-137,1.58106
175733, 525.71, 42, -1,-1,-1,57.8004,23.0841,0.019953,8.68e+08,10,125000,1,0,1.33061,-18883.8,0,-135.614,-133,0.436224
175736, 525.883, 36, -1,-1,-1,43.812,25.0559,0.019953,8.68e+08,12,125000,1,0,7.54129,-11952.9,1,-133.709,-137,1.58106
175739, 526.304, 20, -1,-1,-1,40.4442,-8.92386,0.019953,8.68e+08,11,125000,1,0,34.7144,-1998.15,1,-127.349,-135,0.790528
175756, 526.981, 11, -1,-1,-1,57.2544,36.8221,0.015849,8.68e+08,10,125000,1,0,-4.33113,-17647.7,0,-138.38,-133,0.436224
175758, 527.078, 29, -1,-1,-1,53.788,19.7678,0.015849,8.68e+08,10,125000,1,0,5.93306,-18325.1,0,-135.191,-133,0.436224
175760, 527.289, 59, -1,-1,-1,69.9209,23.5589,0.025119,8.68e+08,10,125000,1,0,-7.32543,-19547.4,0,-137.29,-133,0.436224
175772, 528.198, 57, -1,-1,-1,34.6213,32.1051,0.015849,8.68e+08,11,125000,1,0,0.199449,-5211.71,0,-136.969,-135,0.790528
175775, 528.23, 25, -1,-1,-1,46.7789,8.28843,0.015849,8.68e+08,11,125000,1,0,24.5835,-17037.1,1,-130.277,-135,0.790528
175787, 528.864, 43, -1,-1,-1,55.5373,25.9108,0.019953,8.68e+08,10,125000,1,0,1.36926,-18169.1,0,-135.602,-133,0.436224
175805, 529.888, 1, -1,-1,-1,49.3772,1.54038,0.025119,8.68e+08,10,125000,1,0,21.9104,-18066.9,1,-128.871,-133,0.436224
175807, 530.147, 32, -1,-1,-1,49.6037,16.4839,0.019953,8.68e+08,11,125000,1,0,11.8306,-17297.6,0,-132.458,-135,0.790528
175810, 530.198, 49, -1,-1,-1,45.07,7.88241,0.019953,8.68e+08,11,125000,1,0,28.9469,-15922.3,1,-128.384,-135,0.790528
175823, 530.423, 8, -1,-1,-1,59.4499,10.2152,0.025119,8.68e+08,12,125000,1,0,3.70916,-19691.4,1,-133.872,-137,1.58106
175835, 530.819, 17, -1,-1,-1,51.5697,4.02995,0.019953,8.68e+08,10,125000,1,0,16.3363,-18912,0,-131.235,-133,0.436224
175842, 530.993, 5, -1,-1,-1,51.8039,6.80183,0.015849,8.68e+08,11,125000,1,0,14.9726,-19050.2,0,-132.594,-135,0.790528
175845, 531.211, 15, -1,-1,-1,46.5738,3.1001,0.015849,8.68e+08,10,125000,1,0,29.4027,-17201.6,1,-129.296,-133,0.436224
175857, 531.54, 27, -1,-1,-1,50.7509,3.14531,0.019953,8.68e+08,11,125000,1,0,18.1927,-18684.9,0,-130.762,-135,0.790528
175869, 532.082, 38, -1,-1,-1,45.3001,15.8952,0.025119,8.68e+08,11,125000,1,0,16.5718,-14691.2,0,-130.177,-135,0.790528
175876, 532.175, 28, -1,-1,-1,56.0984,11.391,0.025119,8.68e+08,11,125000,1,0,6.98795,-19525.7,0,-132.87,-135,0.790528
175888, 532.4, 48, -1,-1,-1,56.7773,13.3766,0.025119,8.68e+08,12,125000,1,0,5.59536,-19501.8,0,-133.292,-137,1.58106
175905, 532.655, 46, -1,-1,-1,54.8178,27.999,0.019953,8.68e+08,10,125000,1,0,0.516188,-17821.2,0,-135.869,-133,0.436224
175928, 533.253, 2, -1,-1,-1,51.9313,12.445,0.025119,8.68e+08,11,125000,1,0,11.6381,-18789.5,1,-131.51,-135,0.790528
175930, 533.34, 13, -1,-1,-1,57.3143,-2.70899,0.019953,8.68e+08,11,125000,1,0,7.07033,-18665.4,0,-133.844,-135,0.790528
175932, 533.595, 14, -1,-1,-1,55.1013,-6.63605,0.019953,8.68e+08,10,125000,1,0,9.37833,-17537.9,0,-133.159,-133,0.436224
175934, 533.601, 21, -1,-1,-1,42.2017,-7.04016,0.019953,8.68e+08,12,125000,1,0,36.5098,-7341.15,0,-127.055,-137,1.58106
175936, 533.655, 24, -1,-1,-1,47.7606,11.929,0.019953,8.68e+08,12,125000,1,0,18.0569,-17229.5,0,-130.798,-137,1.58106
175939, 533.667, 18, -1,-1,-1,39.8397,1.13302,0.025119,8.68e+08,12,125000,1,0,68.9228,-7101.97,1,-122.788,-137,1.58106
175941, 533.838, 37, -1,-1,-1,41.1025,24.9953,0.025119,8.68e+08,12,125000,1,0,7.55436,-10070.6,0,-132.705,-137,1.58106
175953, 534.092, 40, -1,-1,-1,58.9757,26.2869,0.015849,8.68e+08,12,125000,1,0,-1.13983,-18931.5,0,-137.386,-137,1.58106
175960, 534.267, 55, -1,-1,-1,28.9412,-14.4031,0.015849,8.68e+08,12,125000,1,0,14.2636,13360,0,-132.784,-137,1.58106
175962, 534.337, 23, -1,-1,-1,54.1403,7.94096,0.025119,8.68e+08,12,125000,1,0,10.5634,-19425.3,0,-131.816,-137,1.58106
175964, 534.415, 33, -1,-1,-1,49.0691,16.5595,0.015849,8.68e+08,10,125000,1,0,11.8983,-17169,0,-133.438,-133,0.436224
175971, 534.515, 9, -1,-1,-1,38.3205,25.796,0.019953,8.68e+08,12,125000,1,0,6.57428,-7638.17,0,-133.999,-137,1.58106
175978, 534.779, 44, -1,-1,-1,49.6811,31.6845,0.019953,8.68e+08,11,125000,1,0,0.396371,-15468.1,0,-135.908,-135,0.790528
175981, 534.897, 12, -1,-1,-1,54.1642,0.091911,0.025119,8.68e+08,11,125000,1,0,11.6966,-18846.2,1,-131.492,-135,0.790528
175984, 534.976, 39, -1,-1,-1,46.5198,20.8019,0.025119,8.68e+08,10,125000,1,0,10.0116,-14946.2,1,-131.979,-133,0.436224
176006, 535.998, 26, -1,-1,-1,46.5003,4.98637,0.015849,8.68e+08,12,125000,1,0,27.4907,-17441.8,0,-129.67,-137,1.58106
176009, 536.13, 34, -1,-1,-1,47.4425,21.3987,0.025119,8.68e+08,11,125000,1,0,8.85772,-15492.8,1,-132.316,-135,0.790528
176012, 536.248, 16, -1,-1,-1,43.0289,3.59424,0.019953,8.68e+08,10,125000,1,0,41.8098,-14539.3,1,-126.271,-133,0.436224
176019, 536.654, 30, -1,-1,-1,49.3708,19.7672,0.019953,8.68e+08,12,125000,1,0,8.91356,-16824.9,0,-133.299,-137,1.58106
176032, 537.479, 19, -1,-1,-1,39.8596,0.90327,0.015849,8.68e+08,12,125000,1,0,67.1073,-7782.32,1,-124.886,-137,1.58106
176044, 538.015, 7, -1,-1,-1,49.1664,15.132,0.019953,8.68e+08,12,125000,1,0,12.7693,-17534.7,0,-132.194,-137,1.58106
176046, 538.535, 0, -1,-1,-1,52.272,-2.15003,0.015849,8.68e+08,11,125000,1,0,14.437,-18200.4,0,-132.736,-135,0.790528
176054, 538.734, 25, -1,-1,-1,46.7789,8.28843,0.015849,8.68e+08,11,125000,1,0,22.8789,-17498.4,1,-130.651,-135,0.790528
176056, 538.778, 45, -1,-1,-1,49.0721,21.5918,0.025119,8.68e+08,12,125000,1,0,7.54271,-16456.1,0,-132.706,-137,1.58106
176059, 539.022, 3, -1,-1,-1,41.4821,-1.98577,0.015849,8.68e+08,12,125000,1,0,51.7745,-10126.9,1,-126.087,-137,1.58106
176061, 539.433, 22, -1,-1,-1,50.1724,11.2032,0.019953,8.68e+08,11,125000,1,0,14.2449,-18571.6,0,-131.789,-135,0.790528
176073, 540.665, 52, -1,-1,-1,38.8743,33.4102,0.025119,8.68e+08,11,125000,1,0,-0.221982,-9025.2,0,-135.101,-135,0.790528
176075, 540.967, 42, -1,-1,-1,57.8004,23.0841,0.019953,8.68e+08,10,125000,1,0,0.399448,-18903.2,0,-135.903,-133,0.436224
176087, 541.574, 31, -1,-1,-1,53.4533,19.0186,0.025119,8.68e+08,10,125000,1,0,5.5775,-18407.1,0,-133.298,-133,0.436224
176094, 541.704, 51, -1,-1,-1,40.4208,27.6114,0.015849,8.68e+08,10,125000,1,0,4.68413,-9818.56,0,-135.575,-133,0.436224
176107, 542.109, 15, -1,-1,-1,46.5738,3.1001,0.015849,8.68e+08,10,125000,1,0,27.1787,-17437.1,1,-129.732,-133,0.436224
176135, 542.988, 49, -1,-1,-1,45.07,7.88241,0.019953,8.68e+08,11,125000,1,0,26.5719,-16386.2,1,-128.856,-135,0.790528
176142, 543.172, 41, -1,-1,-1,60.451,27.3692,0.019953,8.68e+08,11,125000,1,0,-2.96554,-18995.2,0,-136.954,-135,0.790528
176144, 543.491, 10, -1,-1,-1,30.029,30.9233,0.019953,8.68e+08,12,125000,1,0,-0.627639,-2225.56,0,-136.225,-137,1.58106
176146, 543.492, 58, -1,-1,-1,61.5842,-8.00842,0.015849,8.68e+08,12,125000,1,0,0.946097,-18174.9,0,-136.73,-137,1.58106
176153, 543.696, 35, -1,-1,-1,45.9801,25.0541,0.025119,8.68e+08,12,125000,1,0,5.96501,-14140,0,-133.182,-137,1.58106
176160, 543.933, 36, -1,-1,-1,43.812,25.0559,0.019953,8.68e+08,12,125000,1,0,6.6103,-12622.4,0,-133.987,-137,1.58106
176172, 544.108, 43, -1,-1,-1,55.5373,25.9108,0.019953,8.68e+08,10,125000,1,0,0.472232,-18239.9,0,-135.881,-133,0.436224
176184, 544.489, 4, -1,-1,-1,41.3807,10.7829,0.015849,8.68e+08,12,125000,1,0,28.2799,-11919.7,0,-129.514,-137,1.58106
176186, 544.495, 33, -1,-1,-1,49.0691,16.5595,0.015849,8.68e+08,10,125000,1,0,11.0085,-17273.8,0,-133.689,-133,0.436224
176193, 544.689, 54, -1,-1,-1,32.7894,-16.8765,0.015849,8.68e+08,12,125000,1,0,15.1816,8207.68,0,-132.54,-137,1.58106
176196, 545.036, 47, -1,-1,-1,60.1499,6.23873,0.025119,8.68e+08,11,125000,1,0,2.53078,-19579.7,1,-134.235,-135,0.790528
176198, 545.199, 53, -1,-1,-1,64.7134,-23.4263,0.025119,8.68e+08,11,125000,1,0,-4.73595,-16540.2,0,-136.501,-135,0.790528
176200, 545.353, 8, -1,-1,-1,59.4499,10.2152,0.025119,8.68e+08,12,125000,1,0,2.67179,-19660,0,-134.192,-137,1.58106
176202, 545.64, 50, -1,-1,-1,39.7906,12.9554,0.019953,8.68e+08,12,125000,1,0,24.7382,-9510.73,0,-129.244,-137,1.58106
176204, 546.103, 26, -1,-1,-1,46.5003,4.98637,0.015849,8.68e+08,12,125000,1,0,25.5779,-17616.5,0,-130.062,-137,1.58106
176217, 547.033, 20, -1,-1,-1,40.4442,-8.92386,0.019953,8.68e+08,11,125000,1,0,33.6166,-4587.6,1,-127.531,-135,0.790528
176255, 548.127, 27, -1,-1,-1,50.7509,3.14531,0.019953,8.68e+08,11,125000,1,0,16.079,-18868.1,1,-131.299,-135,0.790528
176257, 548.212, 57, -1,-1,-1,34.6213,32.1051,0.015849,8.68e+08,11,125000,1,0,-0.156027,-6046.9,0,-137.079,-135,0.790528
176259, 548.28, 59, -1,-1,-1,69.9209,23.5589,0.025119,8.68e+08,10,125000,1,0,-8.34176,-19511.9,0,-137.592,-133,0.436224
176266, 548.383, 5, -1,-1,-1,51.8039,6.80183,0.015849,8.68e+08,11,125000,1,0,13.0415,-19188,0,-133.115,-135,0.790528
176268, 548.385, 29, -1,-1,-1,53.788,19.7678,0.015849,8.68e+08,10,125000,1,0,4.42588,-18534.3,0,-135.65,-133,0.436224
176271, 548.422, 56, -1,-1,-1,34.569,15.3924,0.015849,8.68e+08,12,125000,1,0,19.0823,-2321.93,1,-131.544,-137,1.58106
176274, 548.533, 16, -1,-1,-1,43.0289,3.59424,0.019953,8.68e+08,10,125000,1,0,38.134,-15270.1,1,-126.8,-133,0.436224
176276, 548.829, 30, -1,-1,-1,49.3708,19.7672,0.019953,8.68e+08,12,125000,1,0,7.99972,-16988.9,0,-133.567,-137,1.58106
176283, 549.098, 6, -1,-1,-1,60.4258,15.6431,0.019953,8.68e+08,11,125000,1,0,0.218153,-19658.1,0,-135.958,-135,0.790528
176300, 550.184, 11, -1,-1,-1,57.2544,36.8221,0.015849,8.68e+08,10,125000,1,0,-5.43025,-17818.2,0,-138.716,-133,0.436224
176303, 550.354, 1, -1,-1,-1,49.3772,1.54038,0.025119,8.68e+08,10,125000,1,0,18.9227,-18470.5,1,-129.578,-133,0.436224
176311, 550.58, 18, -1,-1,-1,39.8397,1.13302,0.025119,8.68e+08,12,125000,1,0,60.2339,-9747.81,1,-123.338,-137,1.58106
176313, 550.636, 28, -1,-1,-1,56.0984,11.391,0.025119,8.68e+08,11,125000,1,0,5.53792,-19577.3,0,-133.307,-135,0.790528
176440, 551.245, 13, -1,-1,-1,57.3143,-2.70899,0.019953,8.68e+08,11,125000,1,0,5.71605,-18777.1,0,-134.252,-135,0.790528
176458, 551.972, 25, -1,-1,-1,46.7789,8.28843,0.015849,8.68e+08,11,125000,1,0,20.8794,-17767.8,1,-131.109,-135,0.790528
176466, 552.224, 17, -1,-1,-1,51.5697,4.02995,0.019953,8.68e+08,10,125000,1,0,13.8427,-19157.9,1,-131.895,-133,0.436224
176478, 552.78, 32, -1,-1,-1,49.6037,16.4839,0.019953,8.68e+08,11,125000,1,0,9.85892,-17740,0,-133.019,-135,0.790528
176485, 552.95, 40, -1,-1,-1,58.9757,26.2869,0.015849,8.68e+08,12,125000,1,0,-2.19084,-18981.4,0,-137.712,-137,1.58106
176492, 553.21, 55, -1,-1,-1,28.9412,-14.4031,0.015849,8.68e+08,12,125000,1,0,15.7496,12508.4,0,-132.386,-137,1.58106
176494, 553.275, 34, -1,-1,-1,47.4425,21.3987,0.025119,8.68e+08,11,125000,1,0,7.67474,-15907.1,0,-132.665,-135,0.790528
176497, 553.279, 39, -1,-1,-1,46.5198,20.8019,0.025119,8.68e+08,10,125000,1,0,8.72342,-15467.5,1,-132.353,-133,0.436224
176500, 553.409, 38, -1,-1,-1,45.3001,15.8952,0.025119,8.68e+08,11,125000,1,0,14.5531,-15505.5,1,-130.706,-135,0.790528
176507, 553.936, 46, -1,-1,-1,54.8178,27.999,0.019953,8.68e+08,10,125000,1,0,-0.668101,-18015.3,0,-136.237,-133,0.436224
176519, 554.665, 37, -1,-1,-1,41.1025,24.9953,0.025119,8.68e+08,12,125000,1,0,6.63818,-11000.3,0,-132.978,-137,1.58106
176536, 555.03, 14, -1,-1,-1,55.1013,-6.63605,0.019953,8.68e+08,10,125000,1,0,7.69027,-17859.9,0,-133.656,-133,0.436224
176538, 555.26, 12, -1,-1,-1,54.1642,0.091911,0.025119,8.68e+08,11,125000,1,0,9.79242,-19032.9,0,-132.035,-135,0.790528
176540, 555.577, 22, -1,-1,-1,50.1724,11.2032,0.019953,8.68e+08,11,125000,1,0,12.5548,-18743.5,0,-132.25,-135,0.790528
176563, 556.342, 21, -1,-1,-1,42.2017,-7.04016,0.019953,8.68e+08,12,125000,1,0,33.3778,-9831.1,1,-127.57,-137,1.58106
176565, 556.406, 24, -1,-1,-1,47.7606,11.929,0.019953,8.68e+08,12,125000,1,0,15.4135,-17791.2,0,-131.475,-137,1.58106
176577, 556.829, 44, -1,-1,-1,49.6811,31.6845,0.019953,8.68e+08,11,125000,1,0,-0.673406,-15867.9,0,-136.24,-135,0.790528
176589, 557.318, 48, -1,-1,-1,56.7773,13.3766,0.025119,8.68e+08,12,125000,1,0,3.76965,-19629.2,0,-133.85,-137,1.58106
176592, 557.345, 2, -1,-1,-1,51.9313,12.445,0.025119,8.68e+08,11,125000,1,0,9.41063,-19065.9,1,-132.148,-135,0.790528
176604, 557.44, 9, -1,-1,-1,38.3205,25.796,0.019953,8.68e+08,12,125000,1,0,5.81985,-8785.36,0,-134.226,-137,1.58106
176621, 557.612, 42, -1,-1,-1,57.8004,23.0841,0.019953,8.68e+08,10,125000,1,0,-0.584748,-19126.7,0,-136.209,-133,0.436224
176623, 557.701, 58, -1,-1,-1,61.5842,-8.00842,0.015849,8.68e+08,12,125000,1,0,0.118759,-18413.6,0,-136.987,-137,1.58106
176630, 558.152, 52, -1,-1,-1,38.8743,33.4102,0.025119,8.68e+08,11,125000,1,0,-0.719345,-9613.03,0,-135.256,-135,0.790528
176632, 558.212, 23, -1,-1,-1,54.1403,7.94096,0.025119,8.68e+08,12,125000,1,0,8.39881,-19594.1,0,-132.445,-137,1.58106
176634, 558.26, 41, -1,-1,-1,60.451,27.3692,0.019953,8.68e+08,11,125000,1,0,-3.76823,-19171.7,0,-137.202,-135,0.790528
176636, 558.523, 10, -1,-1,-1,30.029,30.9233,0.019953,8.68e+08,12,125000,1,0,-0.749396,-3004.24,0,-136.262,-137,1.58106
176648, 559.016, 3, -1,-1,-1,41.4821,-1.98577,0.015849,8.68e+08,12,125000,1,0,45.2466,-12425.7,0,-126.819,-137,1.58106
176651, 559.062, 16, -1,-1,-1,43.0289,3.59424,0.019953,8.68e+08,10,125000,1,0,35.2767,-16058.1,1,-127.25,-133,0.436224
176654, 559.126, 19, -1,-1,-1,39.8596,0.90327,0.015849,8.68e+08,12,125000,1,0,56.4311,-11049.4,1,-125.646,-137,1.58106
176661, 559.192, 56, -1,-1,-1,34.569,15.3924,0.015849,8.68e+08,12,125000,1,0,18.8517,-3391.12,0,-131.599,-137,1.58106
176668, 559.345, 59, -1,-1,-1,69.9209,23.5589,0.025119,8.68e+08,10,125000,1,0,-8.86748,-19603.6,0,-137.746,-133,0.436224
176670, 559.379, 7, -1,-1,-1,49.1664,15.132,0.019953,8.68e+08,12,125000,1,0,10.8047,-17936.2,0,-132.745,-137,1.58106
176677, 559.778, 51, -1,-1,-1,40.4208,27.6114,0.015849,8.68e+08,10,125000,1,0,3.9964,-10707.3,0,-135.785,-133,0.436224
176689, 560.472, 31, -1,-1,-1,53.4533,19.0186,0.025119,8.68e+08,10,125000,1,0,4.24748,-18555.8,0,-133.704,-133,0.436224
176696, 560.766, 35, -1,-1,-1,45.9801,25.0541,0.025119,8.68e+08,12,125000,1,0,5.0058,-14773.9,0,-133.473,-137,1.58106
176704, 561.015, 4, -1,-1,-1,41.3807,10.7829,0.015849,8.68e+08,12,125000,1,0,25.9634,-13299.1,1,-129.981,-137,1.58106
176707, 561.208, 47, -1,-1,-1,60.1499,6.23873,0.025119,8.68e+08,11,125000,1,0,1.46276,-19557.5,1,-134.566,-135,0.790528
176720, 562.011, 25, -1,-1,-1,46.7789,8.28843,0.015849,8.68e+08,11,125000,1,0,19.4631,-17879.1,1,-131.446,-135,0.790528
176727, 562.211, 8, -1,-1,-1,59.4499,10.2152,0.025119,8.68e+08,12,125000,1,0,1.54888,-19642.9,0,-134.54,-137,1.58106
176739, 562.362, 30, -1,-1,-1,49.3708,19.7672,0.019953,8.68e+08,12,125000,1,0,7.01367,-17164.6,0,-133.861,-137,1.58106
176746, 562.68, 29, -1,-1,-1,53.788,19.7678,0.015849,8.68e+08,10,125000,1,0,3.45852,-18588,0,-135.947,-133,0.436224
176753, 562.95, 0, -1,-1,-1,52.272,-2.15003,0.015849,8.68e+08,11,125000,1,0,11.9474,-18362.3,0,-133.418,-135,0.790528
176755, 563.115, 5, -1,-1,-1,51.8039,6.80183,0.015849,8.68e+08,11,125000,1,0,11.5273,-19245.5,0,-133.537,-135,0.790528
176757, 563.223, 11, -1,-1,-1,57.2544,36.8221,0.015849,8.68e+08,10,125000,1,0,-6.03728,-17816.2,0,-138.899,-133,0.436224
176759, 563.433, 45, -1,-1,-1,49.0721,21.5918,0.025119,8.68e+08,12,125000,1,0,5.86123,-16789.1,0,-133.21,-137,1.58106
176766, 564.147, 36, -1,-1,-1,43.812,25.0559,0.019953,8.68e+08,12,125000,1,0,5.55759,-13313.4,0,-134.305,-137,1.58106
176784, 564.705, 1, -1,-1,-1,49.3772,1.54038,0.025119,8.68e+08,10,125000,1,0,17.0354,-18623.8,1,-130.05,-133,0.436224
176787, 564.921, 49, -1,-1,-1,45.07,7.88241,0.019953,8.68e+08,11,125000,1,0,22.9099,-17185.2,1,-129.64,-135,0.790528
176794, 565.315, 6, -1,-1,-1,60.4258,15.6431,0.019953,8.68e+08,11,125000,1,0,-0.767101,-19626.2,0,-136.264,-135,0.790528
176796, 565.451, 43, -1,-1,-1,55.5373,25.9108,0.019953,8.68e+08,10,125000,1,0,-0.744592,-18390.9,0,-136.259,-133,0.436224
176814, 565.805, 26, -1,-1,-1,46.5003,4.98637,0.015849,8.68e+08,12,125000,1,0,22.2233,-18110.8,1,-130.795,-137,1.58106
176831, 566.351, 57, -1,-1,-1,34.6213,32.1051,0.015849,8.68e+08,11,125000,1,0,-0.517525,-6755.99,0,-137.191,-135,0.790528
176839, 566.464, 20, -1,-1,-1,40.4442,-8.92386,0.019953,8.68e+08,11,125000,1,0,31.9738,-6804.39,1,-127.816,-135,0.790528
176842, 566.553, 15, -1,-1,-1,46.5738,3.1001,0.015849,8.68e+08,10,125000,1,0,22.8055,-18144.7,1,-130.663,-133,0.436224
176844, 566.566, 33, -1,-1,-1,49.0691,16.5595,0.015849,8.68e+08,10,125000,1,0,9.15288,-17685.4,0,-134.224,-133,0.436224
176856, 567.104, 54, -1,-1,-1,32.7894,-16.8765,0.015849,8.68e+08,12,125000,1,0,16.2103,6648.73,0,-132.267,-137,1.58106
176858, 567.116, 28, -1,-1,-1,56.0984,11.391,0.025119,8.68e+08,11,125000,1,0,4.31343,-19587.4,0,-133.681,-135,0.790528
176860, 567.155, 53, -1,-1,-1,64.7134,-23.4263,0.025119,8.68e+08,11,125000,1,0,-5.70548,-16728.5,0,-136.796,-135,0.790528
176877, 568.2, 40, -1,-1,-1,58.9757,26.2869,0.015849,8.68e+08,12,125000,1,0,-3.01749,-18973.5,0,-137.968,-137,1.58106
176889, 568.531, 14, -1,-1,-1,55.1013,-6.63605,0.019953,8.68e+08,10,125000,1,0,6.67774,-17950.5,0,-133.958,-133,0.436224
176891, 568.62, 9, -1,-1,-1,38.3205,25.796,0.019953,8.68e+08,12,125000,1,0,5.42581,-9218.94,0,-134.345,-137,1.58106
176904, 568.989, 50, -1,-1,-1,39.7906,12.9554,0.019953,8.68e+08,12,125000,1,0,22.4423,-11331.4,1,-129.748,-137,1.58106
176906, 569.025, 37, -1,-1,-1,41.1025,24.9953,0.025119,8.68e+08,12,125000,1,0,5.98525,-11531.2,0,-133.174,-137,1.58106
176908, 569.025, 32, -1,-1,-1,49.6037,16.4839,0.019953,8.68e+08,11,125000,1,0,8.52615,-17948.9,0,-133.408,-135,0.790528
176915, 569.115, 34, -1,-1,-1,47.4425,21.3987,0.025119,8.68e+08,11,125000,1,0,6.61023,-16226.1,0,-132.983,-135,0.790528
176918, 569.25, 16, -1,-1,-1,43.0289,3.59424,0.019953,8.68e+08,10,125000,1,0,32.743,-16420,1,-127.678,-133,0.436224
176925, 569.398, 42, -1,-1,-1,57.8004,23.0841,0.019953,8.68e+08,10,125000,1,0,-1.26324,-19081.9,0,-136.42,-133,0.436224
176933, 569.856, 27, -1,-1,-1,50.7509,3.14531,0.019953,8.68e+08,11,125000,1,0,13.5806,-19120.2,1,-131.964,-135,0.790528
176935, 570.176, 41, -1,-1,-1,60.451,27.3692,0.019953,8.68e+08,11,125000,1,0,-4.38961,-19108.4,0,-137.392,-135,0.790528
176938, 571.036, 24, -1,-1,-1,47.7606,11.929,0.019953,8.68e+08,12,125000,1,0,13.8473,-18009.7,1,-131.893,-137,1.58106
176956, 571.99, 13, -1,-1,-1,57.3143,-2.70899,0.019953,8.68e+08,11,125000,1,0,4.23119,-18912.3,1,-134.705,-135,0.790528
176978, 572.505, 44, -1,-1,-1,49.6811,31.6845,0.019953,8.68e+08,11,125000,1,0,-1.42454,-16068.4,0,-136.473,-135,0.790528
176980, 572.603, 31, -1,-1,-1,53.4533,19.0186,0.025119,8.68e+08,10,125000,1,0,3.42624,-18763.5,0,-133.956,-133,0.436224
176987, 573.543, 23, -1,-1,-1,54.1403,7.94096,0.025119,8.68e+08,12,125000,1,0,7.10985,-19607.7,0,-132.828,-137,1.58106
177000, 573.806, 18, -1,-1,-1,39.8397,1.13302,0.025119,8.68e+08,12,125000,1,0,50.0349,-12702.6,1,-124.264,-137,1.58106
177002, 573.975, 55, -1,-1,-1,28.9412,-14.4031,0.015849,8.68e+08,12,125000,1,0,17.377,11398,0,-131.964,-137,1.58106
177004, 573.983, 21, -1,-1,-1,42.2017,-7.04016,0.019953,8.68e+08,12,125000,1,0,30.7544,-11385.3,0,-128.036,-137,1.58106
177007, 574.339, 38, -1,-1,-1,45.3001,15.8952,0.025119,8.68e+08,11,125000,1,0,12.6687,-16163.2,1,-131.218,-135,0.790528
177009, 574.442, 56, -1,-1,-1,34.569,15.3924,0.015849,8.68e+08,12,125000,1,0,18.4045,-4651.9,0,-131.708,-137,1.58106
177021, 574.595, 22, -1,-1,-1,50.1724,11.2032,0.019953,8.68e+08,11,125000,1,0,10.708,-18939.3,0,-132.77,-135,0.790528
177029, 574.923, 17, -1,-1,-1,51.5697,4.02995,0.019953,8.68e+08,10,125000,1,0,11.472,-19371.8,1,-132.551,-133,0.436224
177036, 575.312, 2, -1,-1,-1,51.9313,12.445,0.025119,8.68e+08,11,125000,1,0,7.87592,-19181.5,0,-132.599,-135,0.790528
177069, 576.175, 47, -1,-1,-1,60.1499,6.23873,0.025119,8.68e+08,11,125000,1,0,0.511096,-19724.3,1,-134.862,-135,0.790528
177071, 576.262, 58, -1,-1,-1,61.5842,-8.00842,0.015849,8.68e+08,12,125000,1,0,-0.931118,-18490.7,0,-137.314,-137,1.58106
177073, 576.346, 46, -1,-1,-1,54.8178,27.999,0.019953,8.68e+08,10,125000,1,0,-1.87562,-18197.1,0,-136.612,-133,0.436224
177080, 576.526, 57, -1,-1,-1,34.6213,32.1051,0.015849,8.68e+08,11,125000,1,0,-0.735469,-7237.53,0,-137.258,-135,0.790528
177082, 576.815, 7, -1,-1,-1,49.1664,15.132,0.019953,8.68e+08,12,125000,1,0,9.30268,-18170.4,0,-133.178,-137,1.58106
177085, 576.909, 39, -1,-1,-1,46.5198,20.8019,0.025119,8.68e+08,10,125000,1,0,7.11117,-16093,1,-132.831,-133,0.436224
177087, 576.92, 4, -1,-1,-1,41.3807,10.7829,0.015849,8.68e+08,12,125000,1,0,23.7968,-14196,0,-130.443,-137,1.58106
177090, 576.953, 3, -1,-1,-1,41.4821,-1.98577,0.015849,8.68e+08,12,125000,1,0,39.9353,-13989,1,-127.529,-137,1.58106
177097, 577.464, 8, -1,-1,-1,59.4499,10.2152,0.025119,8.68e+08,12,125000,1,0,0.572398,-19807.7,0,-134.843,-137,1.58106
177109, 577.93, 12, -1,-1,-1,54.1642,0.091911,0.025119,8.68e+08,11,125000,1,0,7.84009,-19220.3,0,-132.608,-135,0.790528
177121, 578.543, 25, -1,-1,-1,46.7789,8.28843,0.015849,8.68e+08,11,125000,1,0,17.297,-18400.3,0,-131.982,-135,0.790528
177123, 578.692, 51, -1,-1,-1,40.4208,27.6114,0.015849,8.68e+08,10,125000,1,0,3.24964,-11399,0,-136.015,-133,0.436224
177136, 579.462, 54, -1,-1,-1,32.7894,-16.8765,0.015849,8.68e+08,12,125000,1,0,16.7007,5578.69,1,-132.139,-137,1.58106
177138, 579.609, 10, -1,-1,-1,30.029,30.9233,0.019953,8.68e+08,12,125000,1,0,-0.968275,-3907.53,0,-136.329,-137,1.58106
177146, 579.921, 5, -1,-1,-1,51.8039,6.80183,0.015849,8.68e+08,11,125000,1,0,9.91655,-19536.6,1,-133.997,-135,0.790528
177154, 580.268, 1, -1,-1,-1,49.3772,1.54038,0.025119,8.68e+08,10,125000,1,0,15.1515,-19009.7,1,-130.539,-133,0.436224
177156, 580.379, 29, -1,-1,-1,53.788,19.7678,0.015849,8.68e+08,10,125000,1,0,2.30477,-18876.9,0,-136.304,-133,0.436224
177173, 581.036, 48, -1,-1,-1,56.7773,13.3766,0.025119,8.68e+08,12,125000,1,0,2.14667,-19715.7,0,-134.352,-137,1.58106
177175, 581.043, 33, -1,-1,-1,49.0691,16.5595,0.015849,8.68e+08,10,125000,1,0,7.99961,-17844,0,-134.563,-133,0.436224
177197, 582.228, 6, -1,-1,-1,60.4258,15.6431,0.019953,8.68e+08,11,125000,1,0,-1.7601,-19594.4,0,-136.573,-135,0.790528
177199, 582.286, 52, -1,-1,-1,38.8743,33.4102,0.025119,8.68e+08,11,125000,1,0,-1.44175,-10254.1,0,-135.479,-135,0.790528
177202, 582.528, 19, -1,-1,-1,39.8596,0.90327,0.015849,8.68e+08,12,125000,1,0,46.8578,-13318,1,-126.621,-137,1.58106
177214, 582.573, 40, -1,-1,-1,58.9757,26.2869,0.015849,8.68e+08,12,125000,1,0,-3.77895,-18945.8,0,-138.203,-137,1.58106
177221, 582.663, 43, -1,-1,-1,55.5373,25.9108,0.019953,8.68e+08,10,125000,1,0,-1.69538,-18455.5,0,-136.555,-133,0.436224
177233, 582.965, 44, -1,-1,-1,49.6811,31.6845,0.019953,8.68e+08,11,125000,1,0,-1.92121,-16125.9,0,-136.627,-135,0.790528
177250, 583.218, 42, -1,-1,-1,57.8004,23.0841,0.019953,8.68e+08,10,125000,1,0,-2.04091,-19054.6,0,-136.662,-133,0.436224
177258, 583.339, 34, -1,-1,-1,47.4425,21.3987,0.025119,8.68e+08,11,125000,1,0,5.67789,-16456.9,1,-133.264,-135,0.790528
177260, 583.384, 59, -1,-1,-1,69.9209,23.5589,0.025119,8.68e+08,10,125000,1,0,-9.98792,-19370,0,-138.072,-133,0.436224
177267, 583.666, 11, -1,-1,-1,57.2544,36.8221,0.015849,8.68e+08,10,125000,1,0,-6.97447,-17909.4,0,-139.181,-133,0.436224
177279, 584.14, 36, -1,-1,-1,43.812,25.0559,0.019953,8.68e+08,12,125000,1,0,4.5139,-13917.5,0,-134.622,-137,1.58106
177281, 584.209, 37, -1,-1,-1,41.1025,24.9953,0.025119,8.68e+08,12,125000,1,0,5.28101,-12057.4,0,-133.388,-137,1.58106
177283, 584.679, 30, -1,-1,-1,49.3708,19.7672,0.019953,8.68e+08,12,125000,1,0,5.45205,-17526.7,0,-134.332,-137,1.58106
177285, 584.752, 35, -1,-1,-1,45.9801,25.0541,0.025119,8.68e+08,12,125000,1,0,3.67548,-15209,0,-133.881,-137,1.58106
177287, 584.785, 50, -1,-1,-1,39.7906,12.9554,0.019953,8.68e+08,12,125000,1,0,20.8452,-12312.3,0,-130.115,-137,1.58106
177299, 585.13, 55, -1,-1,-1,28.9412,-14.4031,0.015849,8.68e+08,12,125000,1,0,18.2383,10854.5,0,-131.746,-137,1.58106
177301, 585.302, 45, -1,-1,-1,49.0721,21.5918,0.025119,8.68e+08,12,125000,1,0,4.43378,-17160.7,0,-133.645,-137,1.58106
177304, 585.37, 21, -1,-1,-1,42.2017,-7.04016,0.019953,8.68e+08,12,125000,1,0,29.0465,-12146.1,1,-128.357,-137,1.58106
177311, 585.691, 0, -1,-1,-1,52.272,-2.15003,0.015849,8.68e+08,11,125000,1,0,9.84022,-18645.2,0,-134.018,-135,0.790528
177319, 586.322, 2, -1,-1,-1,51.9313,12.445,0.025119,8.68e+08,11,125000,1,0,6.98181,-19160,1,-132.865,-135,0.790528
177321, 586.625, 24, -1,-1,-1,47.7606,11.929,0.019953,8.68e+08,12,125000,1,0,12.2798,-18213.4,0,-132.324,-137,1.58106
177323, 586.644, 41, -1,-1,-1,60.451,27.3692,0.019953,8.68e+08,11,125000,1,0,-5.23137,-19088.5,0,-137.65,-135,0.790528
177351, 588.89, 16, -1,-1,-1,43.0289,3.59424,0.019953,8.68e+08,10,125000,1,0,28.4133,-17215.1,1,-128.48,-133,0.436224
177353, 588.997, 25, -1,-1,-1,46.7789,8.28843,0.015849,8.68e+08,11,125000,1,0,16.0226,-18464.2,0,-132.31,-135,0.790528
177356, 589.007, 4, -1,-1,-1,41.3807,10.7829,0.015849,8.68e+08,12,125000,1,0,22.2092,-14723.3,1,-130.797,-137,1.58106
177374, 589.587, 49, -1,-1,-1,45.07,7.88241,0.019953,8.68e+08,11,125000,1,0,19.322,-17888.8,1,-130.477,-135,0.790528
177396, 589.842, 53, -1,-1,-1,64.7134,-23.4263,0.025119,8.68e+08,11,125000,1,0,-6.69093,-16905.4,0,-137.093,-135,0.790528
177403, 590.089, 31, -1,-1,-1,53.4533,19.0186,0.025119,8.68e+08,10,125000,1,0,2.28315,-18846.8,0,-134.309,-133,0.436224
177405, 590.216, 9, -1,-1,-1,38.3205,25.796,0.019953,8.68e+08,12,125000,1,0,4.62484,-10159.3,0,-134.589,-137,1.58106
177422, 590.526, 27, -1,-1,-1,50.7509,3.14531,0.019953,8.68e+08,11,125000,1,0,11.4386,-19296.3,0,-132.558,-135,0.790528
177424, 590.528, 57, -1,-1,-1,34.6213,32.1051,0.015849,8.68e+08,11,125000,1,0,-1.05197,-7709.35,0,-137.356,-135,0.790528
177426, 590.54, 28, -1,-1,-1,56.0984,11.391,0.025119,8.68e+08,11,125000,1,0,2.67073,-19669.5,0,-134.187,-135,0.790528
177433, 590.76, 22, -1,-1,-1,50.1724,11.2032,0.019953,8.68e+08,11,125000,1,0,9.24473,-19042.6,0,-133.192,-135,0.790528
177436, 590.794, 26, -1,-1,-1,46.5003,4.98637,0.015849,8.68e+08,12,125000,1,0,18.552,-18641.4,1,-131.665,-137,1.58106
177439, 590.851, 15, -1,-1,-1,46.5738,3.1001,0.015849,8.68e+08,10,125000,1,0,19.1299,-18657.8,1,-131.522,-133,0.436224
177441, 591.047, 10, -1,-1,-1,30.029,30.9233,0.019953,8.68e+08,12,125000,1,0,-1.10964,-4307.81,0,-136.373,-137,1.58106
177443, 591.116, 32, -1,-1,-1,49.6037,16.4839,0.019953,8.68e+08,11,125000,1,0,6.81261,-18249.1,0,-133.917,-135,0.790528
177446, 591.134, 20, -1,-1,-1,40.4442,-8.92386,0.019953,8.68e+08,11,125000,1,0,29.3236,-9353.2,1,-128.304,-135,0.790528
177448, 591.179, 14, -1,-1,-1,55.1013,-6.63605,0.019953,8.68e+08,10,125000,1,0,5.05846,-18212.5,0,-134.448,-133,0.436224
177466, 592.449, 12, -1,-1,-1,54.1642,0.091911,0.025119,8.68e+08,11,125000,1,0,6.66929,-19242.1,1,-132.957,-135,0.790528
177468, 592.815, 46, -1,-1,-1,54.8178,27.999,0.019953,8.68e+08,10,125000,1,0,-2.73914,-18261.2,0,-136.88,-133,0.436224
177471, 592.876, 1, -1,-1,-1,49.3772,1.54038,0.025119,8.68e+08,10,125000,1,0,13.7329,-19058.2,1,-130.919,-133,0.436224
177503, 594.727, 23, -1,-1,-1,54.1403,7.94096,0.025119,8.68e+08,12,125000,1,0,5.43837,-19686.6,0,-133.332,-137,1.58106
177511, 595.019, 38, -1,-1,-1,45.3001,15.8952,0.025119,8.68e+08,11,125000,1,0,10.9028,-16700.2,1,-131.714,-135,0.790528
177523, 595.304, 56, -1,-1,-1,34.569,15.3924,0.015849,8.68e+08,12,125000,1,0,17.5892,-6360.3,0,-131.91,-137,1.58106
177525, 595.403, 13, -1,-1,-1,57.3143,-2.70899,0.019953,8.68e+08,11,125000,1,0,2.64984,-19060.6,0,-135.192,-135,0.790528
177527, 595.44, 3, -1,-1,-1,41.4821,-1.98577,0.015849,8.68e+08,12,125000,1,0,35.088,-15242.4,0,-128.275,-137,1.58106
177539, 595.676, 44, -1,-1,-1,49.6811,31.6845,0.019953,8.68e+08,11,125000,1,0,-2.51971,-16411.1,0,-136.813,-135,0.790528
177561, 596.049, 51, -1,-1,-1,40.4208,27.6114,0.015849,8.68e+08,10,125000,1,0,2.54545,-11966.8,0,-136.232,-133,0.436224
177564, 596.151, 18, -1,-1,-1,39.8397,1.13302,0.025119,8.68e+08,12,125000,1,0,42.0222,-14733.6,1,-125.234,-137,1.58106
177566, 596.192, 17, -1,-1,-1,51.5697,4.02995,0.019953,8.68e+08,10,125000,1,0,9.45807,-19514.9,0,-133.128,-133,0.436224
177574, 596.635, 5, -1,-1,-1,51.8039,6.80183,0.015849,8.68e+08,11,125000,1,0,8.42118,-19586.7,1,-134.433,-135,0.790528
177576, 596.645, 35, -1,-1,-1,45.9801,25.0541,0.025119,8.68e+08,12,125000,1,0,3.02501,-15576.7,0,-134.081,-137,1.58106
177578, 596.798, 58, -1,-1,-1,61.5842,-8.00842,0.015849,8.68e+08,12,125000,1,0,-2.05531,-18580.1,0,-137.663,-137,1.58106
177585, 596.911, 42, -1,-1,-1,57.8004,23.0841,0.019953,8.68e+08,10,125000,1,0,-2.79361,-19217.7,0,-136.895,-133,0.436224
177587, 597.21, 50, -1,-1,-1,39.7906,12.9554,0.019953,8.68e+08,12,125000,1,0,19.5894,-13174.1,0,-130.414,-137,1.58106
177589, 597.394, 45, -1,-1,-1,49.0721,21.5918,0.025119,8.68e+08,12,125000,1,0,3.66907,-17446.6,0,-133.88,-137,1.58106
177591, 597.449, 8, -1,-1,-1,59.4499,10.2152,0.025119,8.68e+08,12,125000,1,0,-0.656446,-19808.7,0,-135.226,-137,1.58106
177613, 598.424, 54, -1,-1,-1,32.7894,-16.8765,0.015849,8.68e+08,12,125000,1,0,17.3242,4129.55,0,-131.977,-137,1.58106
177615, 598.429, 6, -1,-1,-1,60.4258,15.6431,0.019953,8.68e+08,11,125000,1,0,-2.68149,-19753.9,0,-136.859,-135,0.790528
177622, 598.707, 41, -1,-1,-1,60.451,27.3692,0.019953,8.68e+08,11,125000,1,0,-5.83625,-19216.9,0,-137.833,-135,0.790528
177624, 598.747, 47, -1,-1,-1,60.1499,6.23873,0.025119,8.68e+08,11,125000,1,0,-0.86487,-19755.4,0,-135.29,-135,0.790528
177626, 598.87, 52, -1,-1,-1,38.8743,33.4102,0.025119,8.68e+08,11,125000,1,0,-1.95881,-10899.6,0,-135.639,-135,0.790528
177643, 599.34, 29, -1,-1,-1,53.788,19.7678,0.015849,8.68e+08,10,125000,1,0,1.11768,-18969.5,0,-136.672,-133,0.436224
177645, 599.666, 33, -1,-1,-1,49.0691,16.5595,0.015849,8.68e+08,10,125000,1,0,6.58358,-18265.7,0,-134.985,-133,0.436224
177672, 600.06, 37, -1,-1,-1,41.1025,24.9953,0.025119,8.68e+08,12,125000,1,0,4.53516,-12750.8,0,-133.615,-137,1.58106
177679, 600.385, 43, -1,-1,-1,55.5373,25.9108,0.019953,8.68e+08,10,125000,1,0,-2.64825,-18707.2,0,-136.85,-133,0.436224
177681, 600.418, 39, -1,-1,-1,46.5198,20.8019,0.025119,8.68e+08,10,125000,1,0,5.56677,-16615.4,0,-133.296,-133,0.436224
177683, 600.645, 7, -1,-1,-1,49.1664,15.132,0.019953,8.68e+08,12,125000,1,0,7.37953,-18498.3,0,-133.745,-137,1.58106
177685, 600.683, 53, -1,-1,-1,64.7134,-23.4263,0.025119,8.68e+08,11,125000,1,0,-7.15619,-17089.5,0,-137.232,-135,0.790528
177817, 601.312, 31, -1,-1,-1,53.4533,19.0186,0.025119,8.68e+08,10,125000,1,0,1.57279,-18819.1,0,-134.53,-133,0.436224
177824, 601.478, 9, -1,-1,-1,38.3205,25.796,0.019953,8.68e+08,12,125000,1,0,4.18957,-10710.2,0,-134.722,-137,1.58106
177827, 601.496, 21, -1,-1,-1,42.2017,-7.04016,0.019953,8.68e+08,12,125000,1,0,26.6662,-13494.6,1,-128.829,-137,1.58106
177844, 601.798, 48, -1,-1,-1,56.7773,13.3766,0.025119,8.68e+08,12,125000,1,0,0.803765,-19548.6,0,-134.769,-137,1.58106
177846, 601.822, 57, -1,-1,-1,34.6213,32.1051,0.015849,8.68e+08,11,125000,1,0,-1.32038,-8040.17,0,-137.439,-135,0.790528
177854, 602.39, 2, -1,-1,-1,51.9313,12.445,0.025119,8.68e+08,11,125000,1,0,5.73322,-19207.8,1,-133.242,-135,0.790528
177866, 602.94, 26, -1,-1,-1,46.5003,4.98637,0.015849,8.68e+08,12,125000,1,0,16.9589,-18724.8,0,-132.065,-137,1.58106
177868, 603.13, 11, -1,-1,-1,57.2544,36.8221,0.015849,8.68e+08,10,125000,1,0,-7.85131,-17972.9,0,-139.443,-133,0.436224
177870, 603.228, 30, -1,-1,-1,49.3708,19.7672,0.019953,8.68e+08,12,125000,1,0,4.21108,-17748.2,0,-134.711,-137,1.58106
177872, 603.229, 40, -1,-1,-1,58.9757,26.2869,0.015849,8.68e+08,12,125000,1,0,-4.8459,-18982.1,0,-138.53,-137,1.58106
177875, 603.314, 34, -1,-1,-1,47.4425,21.3987,0.025119,8.68e+08,11,125000,1,0,4.40578,-16809,1,-133.652,-135,0.790528
177892, 603.77, 36, -1,-1,-1,43.812,25.0559,0.019953,8.68e+08,12,125000,1,0,3.49278,-14439.3,0,-134.936,-137,1.58106
177900, 604.357, 25, -1,-1,-1,46.7789,8.28843,0.015849,8.68e+08,11,125000,1,0,14.2677,-18631.6,1,-132.774,-135,0.790528
177922, 604.942, 0, -1,-1,-1,52.272,-2.15003,0.015849,8.68e+08,11,125000,1,0,8.19054,-18805.1,0,-134.5,-135,0.790528
177929, 605.053, 4, -1,-1,-1,41.3807,10.7829,0.015849,8.68e+08,12,125000,1,0,20.192,-15393.1,0,-131.267,-137,1.58106
177932, 605.095, 16, -1,-1,-1,43.0289,3.59424,0.019953,8.68e+08,10,125000,1,0,25.3043,-17673.7,1,-129.112,-133,0.436224
177935, 605.133, 19, -1,-1,-1,39.8596,0.90327,0.015849,8.68e+08,12,125000,1,0,39.3528,-15149,1,-127.61,-137,1.58106
177937, 605.2, 22, -1,-1,-1,50.1724,11.2032,0.019953,8.68e+08,11,125000,1,0,8.01005,-19092.3,0,-133.555,-135,0.790528
177939, 605.415, 59, -1,-1,-1,69.9209,23.5589,0.025119,8.68e+08,10,125000,1,0,-10.9909,-19330.4,0,-138.36,-133,0.436224
177956, 605.968, 24, -1,-1,-1,47.7606,11.929,0.019953,8.68e+08,12,125000,1,0,10.464,-18465.4,0,-132.837,-137,1.58106
177963, 606.325, 55, -1,-1,-1,28.9412,-14.4031,0.015849,8.68e+08,12,125000,1,0,19.8169,9435.88,0,-131.357,-137,1.58106
177965, 606.421, 27, -1,-1,-1,50.7509,3.14531,0.019953,8.68e+08,11,125000,1,0,9.92058,-19353.5,0,-132.992,-135,0.790528
177967, 606.518, 38, -1,-1,-1,45.3001,15.8952,0.025119,8.68e+08,11,125000,1,0,9.96124,-16868.7,0,-131.984,-135,0.790528
177970, 607.112, 20, -1,-1,-1,40.4442,-8.92386,0.019953,8.68e+08,11,125000,1,0,27.4242,-10665.5,1,-128.675,-135,0.790528
177972, 607.138, 58, -1,-1,-1,61.5842,-8.00842,0.015849,8.68e+08,12,125000,1,0,-2.60775,-18510.8,0,-137.834,-137,1.58106
177994, 607.919, 42, -1,-1,-1,57.8004,23.0841,0.019953,8.68e+08,10,125000,1,0,-3.38671,-19146.2,0,-137.078,-133,0.436224
178001, 608.146, 46, -1,-1,-1,54.8178,27.999,0.019953,8.68e+08,10,125000,1,0,-3.52617,-18294,0,-137.123,-133,0.436224
178004, 608.171, 1, -1,-1,-1,49.3772,1.54038,0.025119,8.68e+08,10,125000,1,0,12.1243,-19143,1,-131.362,-133,0.436224
178021, 609.227, 35, -1,-1,-1,45.9801,25.0541,0.025119,8.68e+08,12,125000,1,0,2.34423,-15757.7,0,-134.292,-137,1.58106
178028, 609.378, 5, -1,-1,-1,51.8039,6.80183,0.015849,8.68e+08,11,125000,1,0,7.34346,-19563.5,0,-134.753,-135,0.790528
178041, 609.635, 18, -1,-1,-1,39.8397,1.13302,0.025119,8.68e+08,12,125000,1,0,37.9209,-15533.6,1,-125.824,-137,1.58106
178043, 609.84, 51, -1,-1,-1,40.4208,27.6114,0.015849,8.68e+08,10,125000,1,0,1.97611,-12346.5,0,-136.408,-133,0.436224
178050, 609.93, 52, -1,-1,-1,38.8743,33.4102,0.025119,8.68e+08,11,125000,1,0,-2.31165,-11134.8,0,-135.749,-135,0.790528
178052, 610.076, 12, -1,-1,-1,54.1642,0.091911,0.025119,8.68e+08,11,125000,1,0,5.32001,-19297.8,0,-133.366,-135,0.790528
178064, 610.687, 32, -1,-1,-1,49.6037,16.4839,0.019953,8.68e+08,11,125000,1,0,5.37961,-18446.9,0,-134.35,-135,0.790528
178066, 610.725, 50, -1,-1,-1,39.7906,12.9554,0.019953,8.68e+08,12,125000,1,0,18.2386,-13799.3,0,-130.744,-137,1.58106
178069, 610.963, 15, -1,-1,-1,46.5738,3.1001,0.015849,8.68e+08,10,125000,1,0,16.4782,-18941,1,-132.187,-133,0.436224
178071, 611.061, 10, -1,-1,-1,30.029,30.9233,0.019953,8.68e+08,12,125000,1,0,-1.39349,-5116.97,0,-136.46,-137,1.58106
178074, 611.153, 49, -1,-1,-1,45.07,7.88241,0.019953,8.68e+08,11,125000,1,0,16.5622,-18330.1,1,-131.167,-135,0.790528
178086, 612.071, 41, -1,-1,-1,60.451,27.3692,0.019953,8.68e+08,11,125000,1,0,-6.49561,-19154.1,0,-138.032,-135,0.790528
178088, 612.308, 44, -1,-1,-1,49.6811,31.6845,0.019953,8.68e+08,11,125000,1,0,-3.29456,-16576.6,0,-137.052,-135,0.790528
178105, 613.232, 57, -1,-1,-1,34.6213,32.1051,0.015849,8.68e+08,11,125000,1,0,-1.60262,-8540.2,0,-137.527,-135,0.790528
178132, 613.905, 39, -1,-1,-1,46.5198,20.8019,0.025119,8.68e+08,10,125000,1,0,4.70761,-16796.6,0,-133.558,-133,0.436224
178134, 613.913, 6, -1,-1,-1,60.4258,15.6431,0.019953,8.68e+08,11,125000,1,0,-3.53743,-19698.4,0,-137.123,-135,0.790528
178141, 614.17, 14, -1,-1,-1,55.1013,-6.63605,0.019953,8.68e+08,10,125000,1,0,3.50538,-18435,0,-134.924,-133,0.436224
178143, 614.18, 28, -1,-1,-1,56.0984,11.391,0.025119,8.68e+08,11,125000,1,0,1.11275,-19734.6,0,-134.67,-135,0.790528
178145, 614.551, 25, -1,-1,-1,46.7789,8.28843,0.015849,8.68e+08,11,125000,1,0,13.1724,-18870.2,0,-133.072,-135,0.790528
178147, 614.606, 37, -1,-1,-1,41.1025,24.9953,0.025119,8.68e+08,12,125000,1,0,3.84434,-13164.4,0,-133.826,-137,1.58106
178154, 614.869, 2, -1,-1,-1,51.9313,12.445,0.025119,8.68e+08,11,125000,1,0,4.80537,-19392.5,0,-133.524,-135,0.790528
178162, 615.008, 3, -1,-1,-1,41.4821,-1.98577,0.015849,8.68e+08,12,125000,1,0,30.6114,-16270.2,1,-129.056,-137,1.58106
178184, 616.437, 55, -1,-1,-1,28.9412,-14.4031,0.015849,8.68e+08,12,125000,1,0,20.5286,8556.11,0,-131.186,-137,1.58106
178186, 616.454, 23, -1,-1,-1,54.1403,7.94096,0.025119,8.68e+08,12,125000,1,0,3.83721,-19752.1,0,-133.822,-137,1.58106
178188, 616.611, 48, -1,-1,-1,56.7773,13.3766,0.025119,8.68e+08,12,125000,1,0,-0.115551,-19710.8,0,-135.055,-137,1.58106
178205, 616.835, 27, -1,-1,-1,50.7509,3.14531,0.019953,8.68e+08,11,125000,1,0,8.97866,-19523.8,0,-133.266,-135,0.790528
178212, 617.142, 31, -1,-1,-1,53.4533,19.0186,0.025119,8.68e+08,10,125000,1,0,0.599231,-19047,0,-134.832,-133,0.436224
178214, 617.35, 56, -1,-1,-1,34.569,15.3924,0.015849,8.68e+08,12,125000,1,0,16.5182,-8032.15,0,-132.182,-137,1.58106
178222, 617.598, 34, -1,-1,-1,47.4425,21.3987,0.025119,8.68e+08,11,125000,1,0,3.52201,-17165.7,1,-133.923,-135,0.790528
178234, 617.789, 54, -1,-1,-1,32.7894,-16.8765,0.015849,8.68e+08,12,125000,1,0,17.7758,2567.6,0,-131.861,-137,1.58106
178241, 617.932, 43, -1,-1,-1,55.5373,25.9108,0.019953,8.68e+08,10,125000,1,0,-3.56769,-18748.7,0,-137.134,-133,0.436224
178253, 618.345, 30, -1,-1,-1,49.3708,19.7672,0.019953,8.68e+08,12,125000,1,0,3.23504,-18060.6,0,-135.011,-137,1.58106
178256, 618.38, 1, -1,-1,-1,49.3772,1.54038,0.025119,8.68e+08,10,125000,1,0,11.1114,-19336.3,1,-131.648,-133,0.436224
178258, 618.44, 47, -1,-1,-1,60.1499,6.23873,0.025119,8.68e+08,11,125000,1,0,-2.01382,-19747.2,0,-135.648,-135,0.790528
178265, 618.589, 13, -1,-1,-1,57.3143,-2.70899,0.019953,8.68e+08,11,125000,1,0,1.16926,-19177.6,0,-135.651,-135,0.790528
178267, 618.648, 9, -1,-1,-1,38.3205,25.796,0.019953,8.68e+08,12,125000,1,0,3.50739,-11328.4,0,-134.931,-137,1.58106
178269, 619.253, 26, -1,-1,-1,46.5003,4.98637,0.015849,8.68e+08,12,125000,1,0,14.9822,-19114.3,0,-132.58,-137,1.58106
178271, 619.547, 58, -1,-1,-1,61.5842,-8.00842,0.015849,8.68e+08,12,125000,1,0,-3.25942,-18682,0,-138.035,-137,1.58106
178303, 620.07, 33, -1,-1,-1,49.0691,16.5595,0.015849,8.68e+08,10,125000,1,0,5.11117,-18483.3,0,-135.432,-133,0.436224
178305, 620.073, 17, -1,-1,-1,51.5697,4.02995,0.019953,8.68e+08,10,125000,1,0,7.3917,-19663.2,0,-133.737,-133,0.436224
178307, 620.14, 40, -1,-1,-1,58.9757,26.2869,0.015849,8.68e+08,12,125000,1,0,-5.69734,-19167.9,0,-138.789,-137,1.58106
178325, 620.625, 38, -1,-1,-1,45.3001,15.8952,0.025119,8.68e+08,11,125000,1,0,8.84379,-17288.6,1,-132.309,-135,0.790528
178327, 621.241, 45, -1,-1,-1,49.0721,21.5918,0.025119,8.68e+08,12,125000,1,0,2.20908,-17772.2,0,-134.331,-137,1.58106
178329, 621.268, 21, -1,-1,-1,42.2017,-7.04016,0.019953,8.68e+08,12,125000,1,0,23.8677,-14607.8,0,-129.42,-137,1.58106
178342, 621.379, 19, -1,-1,-1,39.8596,0.90327,0.015849,8.68e+08,12,125000,1,0,34.832,-16356.1,1,-128.314,-137,1.58106
178354, 621.799, 11, -1,-1,-1,57.2544,36.8221,0.015849,8.68e+08,10,125000,1,0,-8.67907,-18012.1,0,-139.687,-133,0.436224
178356, 621.842, 8, -1,-1,-1,59.4499,10.2152,0.025119,8.68e+08,12,125000,1,0,-2.08812,-19637.3,0,-135.671,-137,1.58106
178358, 621.935, 24, -1,-1,-1,47.7606,11.929,0.019953,8.68e+08,12,125000,1,0,9.06013,-18599.6,0,-133.243,-137,1.58106
178360, 621.948, 10, -1,-1,-1,30.029,30.9233,0.019953,8.68e+08,12,125000,1,0,-1.56652,-5464.45,0,-136.514,-137,1.58106
178362, 622.071, 52, -1,-1,-1,38.8743,33.4102,0.025119,8.68e+08,11,125000,1,0,-2.70557,-11392.9,0,-135.87,-135,0.790528
178365, 622.487, 12, -1,-1,-1,54.1642,0.091911,0.025119,8.68e+08,11,125000,1,0,4.41257,-19263.2,1,-133.643,-135,0.790528
178387, 623.2, 7, -1,-1,-1,49.1664,15.132,0.019953,8.68e+08,12,125000,1,0,5.68031,-18541.4,0,-134.257,-137,1.58106
178399, 623.344, 53, -1,-1,-1,64.7134,-23.4263,0.025119,8.68e+08,11,125000,1,0,-8.11753,-17005.2,0,-137.518,-135,0.790528
178407, 623.453, 16, -1,-1,-1,43.0289,3.59424,0.019953,8.68e+08,10,125000,1,0,22.194,-18109.9,1,-129.794,-133,0.436224
178419, 623.757, 59, -1,-1,-1,69.9209,23.5589,0.025119,8.68e+08,10,125000,1,0,-11.8102,-19256.4,0,-138.591,-133,0.436224
178421, 623.77, 15, -1,-1,-1,46.5738,3.1001,0.015849,8.68e+08,10,125000,1,0,14.9398,-19001.6,0,-132.59,-133,0.436224
178433, 623.896, 57, -1,-1,-1,34.6213,32.1051,0.015849,8.68e+08,11,125000,1,0,-1.87581,-8817.35,0,-137.611,-135,0.790528
178435, 624.162, 36, -1,-1,-1,43.812,25.0559,0.019953,8.68e+08,12,125000,1,0,2.44058,-14924.6,0,-135.261,-137,1.58106
178437, 624.292, 29, -1,-1,-1,53.788,19.7678,0.015849,8.68e+08,10,125000,1,0,-0.376022,-18927.6,0,-137.137,-133,0.436224
178439, 624.498, 0, -1,-1,-1,52.272,-2.15003,0.015849,8.68e+08,11,125000,1,0,6.62239,-18938.1,0,-134.968,-135,0.790528
178441, 624.519, 22, -1,-1,-1,50.1724,11.2032,0.019953,8.68e+08,11,125000,1,0,6.45179,-19203.9,0,-134.021,-135,0.790528
178443, 624.928, 35, -1,-1,-1,45.9801,25.0541,0.025119,8.68e+08,12,125000,1,0,1.50568,-16000.5,0,-134.552,-137,1.58106
178451, 625.466, 3, -1,-1,-1,41.4821,-1.98577,0.015849,8.68e+08,12,125000,1,0,28.4654,-16576,1,-129.464,-137,1.58106
178453, 625.502, 51, -1,-1,-1,40.4208,27.6114,0.015849,8.68e+08,10,125000,1,0,1.32156,-12766.5,0,-136.611,-133,0.436224
178465, 626.964, 5, -1,-1,-1,51.8039,6.80183,0.015849,8.68e+08,11,125000,1,0,5.93378,-19597.9,0,-135.177,-135,0.790528
178483, 627.322, 49, -1,-1,-1,45.07,7.88241,0.019953,8.68e+08,11,125000,1,0,14.6848,-18539.1,1,-131.659,-135,0.790528
178495, 627.757, 28, -1,-1,-1,56.0984,11.391,0.025119,8.68e+08,11,125000,1,0,0.25733,-19678.2,0,-134.937,-135,0.790528
178497, 627.919, 44, -1,-1,-1,49.6811,31.6845,0.019953,8.68e+08,11,125000,1,0,-4.01321,-16700.5,0,-137.273,-135,0.790528
178514, 628.611, 37, -1,-1,-1,41.1025,24.9953,0.025119,8.68e+08,12,125000,1,0,3.17601,-13520.8,0,-134.032,-137,1.58106
178516, 628.878, 25, -1,-1,-1,46.7789,8.28843,0.015849,8.68e+08,11,125000,1,0,11.7161,-18960,0,-133.476,-135,0.790528
178518, 628.924, 4, -1,-1,-1,41.3807,10.7829,0.015849,8.68e+08,12,125000,1,0,17.3915,-16304.9,0,-131.954,-137,1.58106
178521, 628.981, 20, -1,-1,-1,40.4442,-8.92386,0.019953,8.68e+08,11,125000,1,0,24.7509,-12296.3,1,-129.228,-135,0.790528
178523, 629.095, 50, -1,-1,-1,39.7906,12.9554,0.019953,8.68e+08,12,125000,1,0,16.4452,-14606.7,0,-131.198,-137,1.58106
178546, 629.669, 1, -1,-1,-1,49.3772,1.54038,0.025119,8.68e+08,10,125000,1,0,10.0419,-19315.7,1,-131.954,-133,0.436224
178548, 629.689, 46, -1,-1,-1,54.8178,27.999,0.019953,8.68e+08,10,125000,1,0,-4.6066,-18400.2,0,-137.454,-133,0.436224
178555, 630.158, 55, -1,-1,-1,28.9412,-14.4031,0.015849,8.68e+08,12,125000,1,0,21.4323,7569.4,0,-130.972,-137,1.58106
178562, 630.278, 41, -1,-1,-1,60.451,27.3692,0.019953,8.68e+08,11,125000,1,0,-7.37696,-19134.1,0,-138.297,-135,0.790528
178569, 630.645, 47, -1,-1,-1,60.1499,6.23873,0.025119,8.68e+08,11,125000,1,0,-2.70445,-19659.6,0,-135.862,-135,0.790528
178576, 630.661, 42, -1,-1,-1,57.8004,23.0841,0.019953,8.68e+08,10,125000,1,0,-4.58097,-19198.3,0,-137.445,-133,0.436224
178583, 630.768, 48, -1,-1,-1,56.7773,13.3766,0.025119,8.68e+08,12,125000,1,0,-0.967101,-19657.8,0,-135.32,-137,1.58106
178590, 631.192, 2, -1,-1,-1,51.9313,12.445,0.025119,8.68e+08,11,125000,1,0,3.64109,-19417.4,0,-133.882,-135,0.790528
178598, 631.442, 38, -1,-1,-1,45.3001,15.8952,0.025119,8.68e+08,11,125000,1,0,8.01397,-17388.4,1,-132.553,-135,0.790528
178600, 631.539, 34, -1,-1,-1,47.4425,21.3987,0.025119,8.68e+08,11,125000,1,0,2.67951,-17300.2,0,-134.183,-135,0.790528
178612, 632.218, 27, -1,-1,-1,50.7509,3.14531,0.019953,8.68e+08,11,125000,1,0,7.65506,-19544.1,0,-133.657,-135,0.790528
178619, 632.363, 8, -1,-1,-1,59.4499,10.2152,0.025119,8.68e+08,12,125000,1,0,-2.685,-19738.9,0,-135.856,-137,1.58106
178621, 632.482, 43, -1,-1,-1,55.5373,25.9108,0.019953,8.68e+08,10,125000,1,0,-4.31337,-18739.8,0,-137.363,-133,0.436224
178639, 633.402, 18, -1,-1,-1,39.8397,1.13302,0.025119,8.68e+08,12,125000,1,0,31.7842,-16807.5,1,-126.84,-137,1.58106
178646, 633.518, 6, -1,-1,-1,60.4258,15.6431,0.019953,8.68e+08,11,125000,1,0,-4.5898,-19675.5,0,-137.446,-135,0.790528
178668, 633.808, 17, -1,-1,-1,51.5697,4.02995,0.019953,8.68e+08,10,125000,1,0,6.28203,-19644.6,0,-134.07,-133,0.436224
178670, 633.809, 23, -1,-1,-1,54.1403,7.94096,0.025119,8.68e+08,12,125000,1,0,2.62873,-19750.8,0,-134.195,-137,1.58106
178682, 634.155, 14, -1,-1,-1,55.1013,-6.63605,0.019953,8.68e+08,10,125000,1,0,2.22084,-18568.6,0,-135.321,-133,0.436224
178684, 634.172, 31, -1,-1,-1,53.4533,19.0186,0.025119,8.68e+08,10,125000,1,0,-0.414048,-19081.8,0,-135.148,-133,0.436224
178687, 634.201, 32, -1,-1,-1,49.6037,16.4839,0.019953,8.68e+08,11,125000,1,0,3.75111,-18677.8,1,-134.849,-135,0.790528
178694, 634.866, 36, -1,-1,-1,43.812,25.0559,0.019953,8.68e+08,12,125000,1,0,1.89287,-15253.8,0,-135.43,-137,1.58106
178696, 634.917, 13, -1,-1,-1,57.3143,-2.70899,0.019953,8.68e+08,11,125000,1,0,0.171304,-19183.9,0,-135.962,-135,0.790528
178698, 635.21, 24, -1,-1,-1,47.7606,11.929,0.019953,8.68e+08,12,125000,1,0,7.95103,-18862.5,0,-133.57,-137,1.58106
178700, 635.308, 10, -1,-1,-1,30.029,30.9233,0.019953,8.68e+08,12,125000,1,0,-1.79586,-6095.28,0,-136.585,-137,1.58106
178713, 635.711, 19, -1,-1,-1,39.8596,0.90327,0.015849,8.68e+08,12,125000,1,0,31.3415,-16923.1,1,-128.92,-137,1.58106
178716, 635.75, 15, -1,-1,-1,46.5738,3.1001,0.015849,8.68e+08,10,125000,1,0,13.591,-19256.1,1,-132.953,-133,0.436224
178718, 635.989, 45, -1,-1,-1,49.0721,21.5918,0.025119,8.68e+08,12,125000,1,0,1.33617,-17874.8,0,-134.602,-137,1.58106
178731, 636.469, 22, -1,-1,-1,50.1724,11.2032,0.019953,8.68e+08,11,125000,1,0,5.53569,-19386.3,1,-134.298,-135,0.790528
178743, 636.901, 11, -1,-1,-1,57.2544,36.8221,0.015849,8.68e+08,10,125000,1,0,-9.33969,-18201.8,0,-139.88,-133,0.436224
178745, 637.06, 52, -1,-1,-1,38.8743,33.4102,0.025119,8.68e+08,11,125000,1,0,-3.20022,-11914.9,0,-136.023,-135,0.790528
178753, 637.197, 16, -1,-1,-1,43.0289,3.59424,0.019953,8.68e+08,10,125000,1,0,20.1041,-18557.5,1,-130.281,-133,0.436224
178770, 637.998, 39, -1,-1,-1,46.5198,20.8019,0.025119,8.68e+08,10,125000,1,0,3.22009,-17210.1,0,-134.015,-133,0.436224
178783, 638.127, 21, -1,-1,-1,42.2017,-7.04016,0.019953,8.68e+08,12,125000,1,0,21.6158,-15347.9,1,-129.925,-137,1.58106
178790, 638.531, 33, -1,-1,-1,49.0691,16.5595,0.015849,8.68e+08,10,125000,1,0,3.84269,-18628.7,0,-135.82,-133,0.436224
178792, 638.652, 59, -1,-1,-1,69.9209,23.5589,0.025119,8.68e+08,10,125000,1,0,-12.4659,-19376.2,0,-138.774,-133,0.436224
178794, 638.702, 26, -1,-1,-1,46.5003,4.98637,0.015849,8.68e+08,12,125000,1,0,12.8332,-19294.7,0,-133.162,-137,1.58106
178796, 638.921, 35, -1,-1,-1,45.9801,25.0541,0.025119,8.68e+08,12,125000,1,0,0.768993,-16360.2,0,-134.78,-137,1.58106
178803, 639.071, 40, -1,-1,-1,58.9757,26.2869,0.015849,8.68e+08,12,125000,1,0,-6.62894,-19166.7,0,-139.07,-137,1.58106
178810, 639.662, 56, -1,-1,-1,34.569,15.3924,0.015849,8.68e+08,12,125000,1,0,15.2715,-9557.38,0,-132.506,-137,1.58106
178817, 639.764, 44, -1,-1,-1,49.6811,31.6845,0.019953,8.68e+08,11,125000,1,0,-4.55298,-16928,0,-137.439,-135,0.790528
178829, 640.819, 30, -1,-1,-1,49.3708,19.7672,0.019953,8.68e+08,12,125000,1,0,1.83781,-18292.6,0,-135.444,-137,1.58106
178831, 641.02, 28, -1,-1,-1,56.0984,11.391,0.025119,8.68e+08,11,125000,1,0,-0.553679,-19612.7,0,-135.189,-135,0.790528
178838, 641.294, 54, -1,-1,-1,32.7894,-16.8765,0.015849,8.68e+08,12,125000,1,0,18.0412,547.291,0,-131.791,-137,1.58106
178841, 641.62, 3, -1,-1,-1,41.4821,-1.98577,0.015849,8.68e+08,12,125000,1,0,25.4451,-17103.6,1,-130.077,-137,1.58106
178863, 642.775, 9, -1,-1,-1,38.3205,25.796,0.019953,8.68e+08,12,125000,1,0,2.51919,-12004.2,0,-135.236,-137,1.58106
178871, 643.145, 25, -1,-1,-1,46.7789,8.28843,0.015849,8.68e+08,11,125000,1,0,10.3518,-19026.2,1,-133.864,-135,0.790528
178873, 643.173, 43, -1,-1,-1,55.5373,25.9108,0.019953,8.68e+08,10,125000,1,0,-4.85225,-18673.9,0,-137.528,-133,0.436224
178880, 643.45, 7, -1,-1,-1,49.1664,15.132,0.019953,8.68e+08,12,125000,1,0,4.24179,-18701.5,0,-134.696,-137,1.58106
178883, 643.467, 1, -1,-1,-1,49.3772,1.54038,0.025119,8.68e+08,10,125000,1,0,8.79975,-19327.3,1,-132.315,-133,0.436224
178895, 644.167, 58, -1,-1,-1,61.5842,-8.00842,0.015849,8.68e+08,12,125000,1,0,-4.51882,-18572.6,0,-138.423,-137,1.58106
178912, 644.969, 48, -1,-1,-1,56.7773,13.3766,0.025119,8.68e+08,12,125000,1,0,-1.79703,-19599.2,0,-135.578,-137,1.58106
178914, 645.044, 0, -1,-1,-1,52.272,-2.15003,0.015849,8.68e+08,11,125000,1,0,5.07571,-19059.3,0,-135.436,-135,0.790528
178916, 645.052, 51, -1,-1,-1,40.4208,27.6114,0.015849,8.68e+08,10,125000,1,0,0.496158,-13286.7,0,-136.867,-133,0.436224
178918, 645.119, 5, -1,-1,-1,51.8039,6.80183,0.015849,8.68e+08,11,125000,1,0,4.56131,-19625.3,0,-135.595,-135,0.790528
178935, 645.457, 23, -1,-1,-1,54.1403,7.94096,0.025119,8.68e+08,12,125000,1,0,1.84856,-19676.8,0,-134.437,-137,1.58106
178937, 645.729, 42, -1,-1,-1,57.8004,23.0841,0.019953,8.68e+08,10,125000,1,0,-5.35105,-19156.7,0,-137.68,-133,0.436224
178940, 645.743, 18, -1,-1,-1,39.8397,1.13302,0.025119,8.68e+08,12,125000,1,0,29.0524,-17174.3,1,-127.348,-137,1.58106
178942, 646.078, 41, -1,-1,-1,60.451,27.3692,0.019953,8.68e+08,11,125000,1,0,-8.12707,-19083,0,-138.52,-135,0.790528
178945, 646.14, 12, -1,-1,-1,54.1642,0.091911,0.025119,8.68e+08,11,125000,1,0,2.76848,-19373,1,-134.149,-135,0.790528
178952, 647.085, 57, -1,-1,-1,34.6213,32.1051,0.015849,8.68e+08,11,125000,1,0,-2.49832,-9588.4,0,-137.804,-135,0.790528
178974, 648.038, 29, -1,-1,-1,53.788,19.7678,0.015849,8.68e+08,10,125000,1,0,-1.73381,-19038.7,0,-137.559,-133,0.436224
178986, 648.305, 53, -1,-1,-1,64.7134,-23.4263,0.025119,8.68e+08,11,125000,1,0,-9.15965,-17164.3,0,-137.824,-135,0.790528
179008, 648.788, 33, -1,-1,-1,49.0691,16.5595,0.015849,8.68e+08,10,125000,1,0,3.16174,-18610.7,0,-136.03,-133,0.436224
179010, 648.803, 46, -1,-1,-1,54.8178,27.999,0.019953,8.68e+08,10,125000,1,0,-5.54211,-18455.9,0,-137.74,-133,0.436224
179012, 648.915, 8, -1,-1,-1,59.4499,10.2152,0.025119,8.68e+08,12,125000,1,0,-3.60151,-19686.8,0,-136.139,-137,1.58106
179015, 648.977, 38, -1,-1,-1,45.3001,15.8952,0.025119,8.68e+08,11,125000,1,0,6.71582,-17636.7,1,-132.941,-135,0.790528
179022, 649.274, 52, -1,-1,-1,38.8743,33.4102,0.025119,8.68e+08,11,125000,1,0,-3.60928,-12140.9,0,-136.149,-135,0.790528
179024, 649.302, 40, -1,-1,-1,58.9757,26.2869,0.015849,8.68e+08,12,125000,1,0,-7.12367,-19068.6,0,-139.219,-137,1.58106
179032, 649.85, 34, -1,-1,-1,47.4425,21.3987,0.025119,8.68e+08,11,125000,1,0,1.60176,-17505.6,1,-134.518,-135,0.790528
179035, 649.856, 56, -1,-1,-1,34.569,15.3924,0.015849,8.68e+08,12,125000,1,0,14.6623,-10083.8,1,-132.667,-137,1.58106
179042, 649.989, 14, -1,-1,-1,55.1013,-6.63605,0.019953,8.68e+08,10,125000,1,0,1.24182,-18612.4,0,-135.625,-133,0.436224
179064, 650.24, 24, -1,-1,-1,47.7606,11.929,0.019953,8.68e+08,12,125000,1,0,6.75248,-18932.9,0,-133.928,-137,1.58106
179081, 650.615, 17, -1,-1,-1,51.5697,4.02995,0.019953,8.68e+08,10,125000,1,0,4.99156,-19657.1,0,-134.462,-133,0.436224
179093, 650.895, 2, -1,-1,-1,51.9313,12.445,0.025119,8.68e+08,11,125000,1,0,2.3023,-19472.5,0,-134.296,-135,0.790528
179215, 651.185, 31, -1,-1,-1,53.4533,19.0186,0.025119,8.68e+08,10,125000,1,0,-1.39412,-19103.5,0,-135.453,-133,0.436224
179217, 651.29, 32, -1,-1,-1,49.6037,16.4839,0.019953,8.68e+08,11,125000,1,0,2.62423,-18765.4,0,-135.197,-135,0.790528
179220, 651.389, 49, -1,-1,-1,45.07,7.88241,0.019953,8.68e+08,11,125000,1,0,12.1431,-18881.3,1,-132.354,-135,0.790528
179222, 651.454, 36, -1,-1,-1,43.812,25.0559,0.019953,8.68e+08,12,125000,1,0,1.05148,-15547.7,0,-135.691,-137,1.58106
179234, 651.617, 54, -1,-1,-1,32.7894,-16.8765,0.015849,8.68e+08,12,125000,1,0,18.0542,-197.503,0,-131.787,-137,1.58106
179241, 651.675, 4, -1,-1,-1,41.3807,10.7829,0.015849,8.68e+08,12,125000,1,0,14.9398,-16982.3,0,-132.59,-137,1.58106
179248, 651.985, 39, -1,-1,-1,46.5198,20.8019,0.025119,8.68e+08,10,125000,1,0,2.38332,-17340,0,-134.274,-133,0.436224
179250, 652.128, 21, -1,-1,-1,42.2017,-7.04016,0.019953,8.68e+08,12,125000,1,0,19.8469,-15820.7,0,-130.341,-137,1.58106
179257, 652.244, 15, -1,-1,-1,46.5738,3.1001,0.015849,8.68e+08,10,125000,1,0,11.8587,-19349.1,0,-133.432,-133,0.436224
179259, 652.279, 55, -1,-1,-1,28.9412,-14.4031,0.015849,8.68e+08,12,125000,1,0,22.6876,5641.38,0,-130.683,-137,1.58106
179266, 652.325, 27, -1,-1,-1,50.7509,3.14531,0.019953,8.68e+08,11,125000,1,0,6.03174,-19616.9,0,-134.144,-135,0.790528
179279, 653.079, 20, -1,-1,-1,40.4442,-8.92386,0.019953,8.68e+08,11,125000,1,0,21.8449,-13783.2,1,-129.871,-135,0.790528
179281, 653.229, 37, -1,-1,-1,41.1025,24.9953,0.025119,8.68e+08,12,125000,1,0,1.99916,-14211.6,0,-134.396,-137,1.58106
179284, 653.824, 3, -1,-1,-1,41.4821,-1.98577,0.015849,8.68e+08,12,125000,1,0,23.373,-17635.3,1,-130.524,-137,1.58106
179286, 653.963, 50, -1,-1,-1,39.7906,12.9554,0.019953,8.68e+08,12,125000,1,0,14.1199,-15579.9,0,-131.811,-137,1.58106
179303, 654.466, 30, -1,-1,-1,49.3708,19.7672,0.019953,8.68e+08,12,125000,1,0,1.01826,-18339.2,0,-135.699,-137,1.58106
179305, 654.541, 43, -1,-1,-1,55.5373,25.9108,0.019953,8.68e+08,10,125000,1,0,-5.41729,-18812.5,0,-137.7,-133,0.436224
179312, 654.948, 47, -1,-1,-1,60.1499,6.23873,0.025119,8.68e+08,11,125000,1,0,-4.03604,-19682.7,0,-136.272,-135,0.790528
179330, 655.841, 18, -1,-1,-1,39.8397,1.13302,0.025119,8.68e+08,12,125000,1,0,27.0088,-17652.1,1,-127.752,-137,1.58106
179332, 655.907, 59, -1,-1,-1,69.9209,23.5589,0.025119,8.68e+08,10,125000,1,0,-13.2154,-19290,0,-138.981,-133,0.436224
179339, 656.196, 9, -1,-1,-1,38.3205,25.796,0.019953,8.68e+08,12,125000,1,0,1.95846,-12543.3,0,-135.409,-137,1.58106
179346, 656.315, 13, -1,-1,-1,57.3143,-2.70899,0.019953,8.68e+08,11,125000,1,0,-1.08725,-19242.9,0,-136.354,-135,0.790528
179348, 656.474, 11, -1,-1,-1,57.2544,36.8221,0.015849,8.68e+08,10,125000,1,0,-10.1847,-18233.4,0,-140.125,-133,0.436224
179355, 657.26, 58, -1,-1,-1,61.5842,-8.00842,0.015849,8.68e+08,12,125000,1,0,-5.17179,-18738.1,0,-138.622,-137,1.58106
179363, 657.888, 48, -1,-1,-1,56.7773,13.3766,0.025119,8.68e+08,12,125000,1,0,-2.53266,-19727.5,1,-135.806,-137,1.58106
179370, 657.913, 6, -1,-1,-1,60.4258,15.6431,0.019953,8.68e+08,11,125000,1,0,-5.85558,-19688.5,0,-137.832,-135,0.790528
179382, 658.286, 22, -1,-1,-1,50.1724,11.2032,0.019953,8.68e+08,11,125000,1,0,3.9456,-19492.7,0,-134.785,-135,0.790528
179395, 659.009, 38, -1,-1,-1,45.3001,15.8952,0.025119,8.68e+08,11,125000,1,0,5.9979,-17873,1,-133.157,-135,0.790528
179407, 659.473, 26, -1,-1,-1,46.5003,4.98637,0.015849,8.68e+08,12,125000,1,0,10.746,-19457.6,0,-133.748,-137,1.58106
179419, 659.865, 10, -1,-1,-1,30.029,30.9233,0.019953,8.68e+08,12,125000,1,0,-2.26322,-7040.38,0,-136.729,-137,1.58106
179427, 660.203, 19, -1,-1,-1,39.8596,0.90327,0.015849,8.68e+08,12,125000,1,0,26.2478,-17829.8,1,-129.907,-137,1.58106
179429, 660.248, 0, -1,-1,-1,52.272,-2.15003,0.015849,8.68e+08,11,125000,1,0,3.98938,-19290.1,0,-135.769,-135,0.790528
179431, 660.281, 14, -1,-1,-1,55.1013,-6.63605,0.019953,8.68e+08,10,125000,1,0,0.622251,-18772.1,0,-135.818,-133,0.436224
179433, 660.321, 41, -1,-1,-1,60.451,27.3692,0.019953,8.68e+08,11,125000,1,0,-8.79238,-19220.4,0,-138.716,-135,0.790528
179435, 660.406, 35, -1,-1,-1,45.9801,25.0541,0.025119,8.68e+08,12,125000,1,0,-0.342287,-16684.8,0,-135.126,-137,1.58106
179447, 660.835, 45, -1,-1,-1,49.0721,21.5918,0.025119,8.68e+08,12,125000,1,0,-0.086655,-18137.9,0,-135.044,-137,1.58106
179454, 661.301, 5, -1,-1,-1,51.8039,6.80183,0.015849,8.68e+08,11,125000,1,0,3.4,-19615.9,0,-135.952,-135,0.790528
179461, 661.646, 54, -1,-1,-1,32.7894,-16.8765,0.015849,8.68e+08,12,125000,1,0,18.0056,-913.329,0,-131.798,-137,1.58106
179463, 661.654, 17, -1,-1,-1,51.5697,4.02995,0.019953,8.68e+08,10,125000,1,0,4.18011,-19586.5,0,-134.71,-133,0.436224
179466, 661.823, 16, -1,-1,-1,43.0289,3.59424,0.019953,8.68e+08,10,125000,1,0,16.7756,-18753.1,1,-131.105,-133,0.436224
179478, 662.407, 7, -1,-1,-1,49.1664,15.132,0.019953,8.68e+08,12,125000,1,0,2.96071,-18810.9,0,-135.091,-137,1.58106
179501, 663.291, 1, -1,-1,-1,49.3772,1.54038,0.025119,8.68e+08,10,125000,1,0,7.12522,-19418.6,1,-132.812,-133,0.436224
179508, 663.656, 24, -1,-1,-1,47.7606,11.929,0.019953,8.68e+08,12,125000,1,0,5.72901,-18958,0,-134.237,-137,1.58106
179511, 663.693, 55, -1,-1,-1,28.9412,-14.4031,0.015849,8.68e+08,12,125000,1,0,23.2113,4714.79,1,-130.564,-137,1.58106
179513, 663.74, 29, -1,-1,-1,53.788,19.7678,0.015849,8.68e+08,10,125000,1,0,-2.60131,-19032.1,0,-137.828,-133,0.436224
179515, 663.748, 44, -1,-1,-1,49.6811,31.6845,0.019953,8.68e+08,11,125000,1,0,-5.63161,-16977.5,0,-137.767,-135,0.790528
179518, 663.883, 25, -1,-1,-1,46.7789,8.28843,0.015849,8.68e+08,11,125000,1,0,8.50196,-19186.3,1,-134.402,-135,0.790528
179520, 663.927, 28, -1,-1,-1,56.0984,11.391,0.025119,8.68e+08,11,125000,1,0,-1.90259,-19639.9,0,-135.609,-135,0.790528
179538, 666.1, 49, -1,-1,-1,45.07,7.88241,0.019953,8.68e+08,11,125000,1,0,10.7164,-18968.5,1,-132.757,-135,0.790528
179540, 666.118, 2, -1,-1,-1,51.9313,12.445,0.025119,8.68e+08,11,125000,1,0,1.31226,-19458.1,0,-134.603,-135,0.790528
179567, 667.401, 36, -1,-1,-1,43.812,25.0559,0.019953,8.68e+08,12,125000,1,0,0.251828,-15791.3,0,-135.94,-137,1.58106
179574, 667.745, 33, -1,-1,-1,49.0691,16.5595,0.015849,8.68e+08,10,125000,1,0,1.94411,-18723.8,0,-136.407,-133,0.436224
179586, 668.005, 52, -1,-1,-1,38.8743,33.4102,0.025119,8.68e+08,11,125000,1,0,-4.24544,-12555.1,0,-136.344,-135,0.790528
179593, 668.158, 15, -1,-1,-1,46.5738,3.1001,0.015849,8.68e+08,10,125000,1,0,10.3062,-19408.3,0,-133.873,-133,0.436224
179595, 668.217, 8, -1,-1,-1,59.4499,10.2152,0.025119,8.68e+08,12,125000,1,0,-4.63836,-19654.8,0,-136.457,-137,1.58106
179598, 668.367, 21, -1,-1,-1,42.2017,-7.04016,0.019953,8.68e+08,12,125000,1,0,17.9101,-16320.1,1,-130.816,-137,1.58106
179600, 668.707, 34, -1,-1,-1,47.4425,21.3987,0.025119,8.68e+08,11,125000,1,0,0.524149,-17690.9,0,-134.853,-135,0.790528
179602, 668.772, 12, -1,-1,-1,54.1642,0.091911,0.025119,8.68e+08,11,125000,1,0,1.28683,-19447.2,0,-134.609,-135,0.790528
179609, 668.863, 57, -1,-1,-1,34.6213,32.1051,0.015849,8.68e+08,11,125000,1,0,-3.11424,-10251,0,-137.994,-135,0.790528
179616, 668.94, 23, -1,-1,-1,54.1403,7.94096,0.025119,8.68e+08,12,125000,1,0,0.342631,-19725.7,0,-134.905,-137,1.58106
179628, 669.292, 46, -1,-1,-1,54.8178,27.999,0.019953,8.68e+08,10,125000,1,0,-6.52284,-18514.8,0,-138.036,-133,0.436224
179630, 669.323, 51, -1,-1,-1,40.4208,27.6114,0.015849,8.68e+08,10,125000,1,0,-0.536059,-13907.1,0,-137.188,-133,0.436224
179632, 669.641, 39, -1,-1,-1,46.5198,20.8019,0.025119,8.68e+08,10,125000,1,0,1.35358,-17525.5,0,-134.593,-133,0.436224
179640, 669.963, 27, -1,-1,-1,50.7509,3.14531,0.019953,8.68e+08,11,125000,1,0,4.69401,-19639.1,1,-134.551,-135,0.790528
179652, 670.17, 42, -1,-1,-1,57.8004,23.0841,0.019953,8.68e+08,10,125000,1,0,-6.5678,-19204.2,0,-138.049,-133,0.436224
179679, 671.707, 50, -1,-1,-1,39.7906,12.9554,0.019953,8.68e+08,12,125000,1,0,12.5417,-16097.3,0,-132.243,-137,1.58106
179681, 671.709, 40, -1,-1,-1,58.9757,26.2869,0.015849,8.68e+08,12,125000,1,0,-8.18729,-19087.8,0,-139.535,-137,1.58106
179698, 672.149, 47, -1,-1,-1,60.1499,6.23873,0.025119,8.68e+08,11,125000,1,0,-4.94682,-19632.2,0,-136.552,-135,0.790528
179700, 672.206, 32, -1,-1,-1,49.6037,16.4839,0.019953,8.68e+08,11,125000,1,0,1.30253,-18890.8,0,-135.607,-135,0.790528
179702, 672.477, 31, -1,-1,-1,53.4533,19.0186,0.025119,8.68e+08,10,125000,1,0,-2.58,-19164.4,0,-135.821,-133,0.436224
179714, 672.648, 56, -1,-1,-1,34.569,15.3924,0.015849,8.68e+08,12,125000,1,0,13.2407,-11387.6,0,-133.051,-137,1.58106
179717, 672.66, 20, -1,-1,-1,40.4442,-8.92386,0.019953,8.68e+08,11,125000,1,0,19.5806,-14717.5,1,-130.404,-135,0.790528
179724, 672.815, 13, -1,-1,-1,57.3143,-2.70899,0.019953,8.68e+08,11,125000,1,0,-2.02337,-19230.1,0,-136.645,-135,0.790528
179736, 673.063, 4, -1,-1,-1,41.3807,10.7829,0.015849,8.68e+08,12,125000,1,0,12.8134,-17481,0,-133.166,-137,1.58106
179738, 673.077, 14, -1,-1,-1,55.1013,-6.63605,0.019953,8.68e+08,10,125000,1,0,-0.1309,-18750.8,0,-136.053,-133,0.436224
179755, 673.22, 48, -1,-1,-1,56.7773,13.3766,0.025119,8.68e+08,12,125000,1,0,-3.38372,-19672.4,0,-136.069,-137,1.58106
179757, 673.304, 53, -1,-1,-1,64.7134,-23.4263,0.025119,8.68e+08,11,125000,1,0,-10.1869,-17303,0,-138.122,-135,0.790528
179759, 673.604, 59, -1,-1,-1,69.9209,23.5589,0.025119,8.68e+08,10,125000,1,0,-13.9736,-19203.9,0,-139.188,-133,0.436224
179761, 673.817, 5, -1,-1,-1,51.8039,6.80183,0.015849,8.68e+08,11,125000,1,0,2.53731,-19762.9,0,-136.219,-135,0.790528
179763, 673.976, 22, -1,-1,-1,50.1724,11.2032,0.019953,8.68e+08,11,125000,1,0,2.86057,-19498.7,0,-135.119,-135,0.790528
179770, 674.29, 54, -1,-1,-1,32.7894,-16.8765,0.015849,8.68e+08,12,125000,1,0,17.8594,-2148.86,0,-131.833,-137,1.58106
179772, 674.509, 37, -1,-1,-1,41.1025,24.9953,0.025119,8.68e+08,12,125000,1,0,0.984933,-14713.5,0,-134.711,-137,1.58106
179784, 674.796, 55, -1,-1,-1,28.9412,-14.4031,0.015849,8.68e+08,12,125000,1,0,23.6244,3492.42,0,-130.471,-137,1.58106
179796, 675.067, 11, -1,-1,-1,57.2544,36.8221,0.015849,8.68e+08,10,125000,1,0,-10.9764,-18242.8,0,-140.351,-133,0.436224
179818, 675.758, 35, -1,-1,-1,45.9801,25.0541,0.025119,8.68e+08,12,125000,1,0,-1.12173,-16836.4,0,-135.368,-137,1.58106
179820, 675.771, 28, -1,-1,-1,56.0984,11.391,0.025119,8.68e+08,11,125000,1,0,-2.57686,-19755.4,0,-135.818,-135,0.790528
179822, 675.819, 17, -1,-1,-1,51.5697,4.02995,0.019953,8.68e+08,10,125000,1,0,3.1766,-19758.9,0,-135.02,-133,0.436224
179834, 676.033, 38, -1,-1,-1,45.3001,15.8952,0.025119,8.68e+08,11,125000,1,0,4.81805,-18050.9,0,-133.516,-135,0.790528
179836, 676.167, 25, -1,-1,-1,46.7789,8.28843,0.015849,8.68e+08,11,125000,1,0,7.47154,-19387.9,0,-134.708,-135,0.790528
179839, 676.361, 3, -1,-1,-1,41.4821,-1.98577,0.015849,8.68e+08,12,125000,1,0,19.9472,-18197.4,1,-131.314,-137,1.58106
179851, 676.541, 10, -1,-1,-1,30.029,30.9233,0.019953,8.68e+08,12,125000,1,0,-2.61178,-7595.49,0,-136.837,-137,1.58106
179853, 676.766, 49, -1,-1,-1,45.07,7.88241,0.019953,8.68e+08,11,125000,1,0,9.7343,-19171.9,0,-133.039,-135,0.790528
179860, 677.035, 9, -1,-1,-1,38.3205,25.796,0.019953,8.68e+08,12,125000,1,0,1.07705,-13144,0,-135.683,-137,1.58106
179867, 677.505, 30, -1,-1,-1,49.3708,19.7672,0.019953,8.68e+08,12,125000,1,0,-0.320127,-18521.3,0,-136.115,-137,1.58106
179884, 677.789, 0, -1,-1,-1,52.272,-2.15003,0.015849,8.68e+08,11,125000,1,0,2.79038,-19327.6,0,-136.139,-135,0.790528
179886, 677.962, 58, -1,-1,-1,61.5842,-8.00842,0.015849,8.68e+08,12,125000,1,0,-6.18254,-18772.1,0,-138.929,-137,1.58106
179888, 677.982, 33, -1,-1,-1,49.0691,16.5595,0.015849,8.68e+08,10,125000,1,0,1.30699,-18881.1,0,-136.605,-133,0.436224
179890, 678.071, 19, -1,-1,-1,39.8596,0.90327,0.015849,8.68e+08,12,125000,1,0,23.086,-18253.6,0,-130.586,-137,1.58106
179892, 678.2, 43, -1,-1,-1,55.5373,25.9108,0.019953,8.68e+08,10,125000,1,0,-6.56875,-18887.8,0,-138.049,-133,0.436224
179910, 679.014, 18, -1,-1,-1,39.8397,1.13302,0.025119,8.68e+08,12,125000,1,0,22.8657,-18295.6,1,-128.635,-137,1.58106
179922, 679.352, 8, -1,-1,-1,59.4499,10.2152,0.025119,8.68e+08,12,125000,1,0,-5.22227,-19753.9,0,-136.636,-137,1.58106
179924, 679.391, 51, -1,-1,-1,40.4208,27.6114,0.015849,8.68e+08,10,125000,1,0,-0.9653,-14219.7,0,-137.321,-133,0.436224
179926, 679.672, 6, -1,-1,-1,60.4258,15.6431,0.019953,8.68e+08,11,125000,1,0,-6.94836,-19671.1,0,-138.162,-135,0.790528
179933, 679.738, 29, -1,-1,-1,53.788,19.7678,0.015849,8.68e+08,10,125000,1,0,-3.46281,-19220.1,0,-138.095,-133,0.436224
179940, 680.135, 24, -1,-1,-1,47.7606,11.929,0.019953,8.68e+08,12,125000,1,0,4.52585,-19220,0,-134.604,-137,1.58106
179948, 680.357, 16, -1,-1,-1,43.0289,3.59424,0.019953,8.68e+08,10,125000,1,0,14.5585,-19186.4,1,-131.686,-133,0.436224
179950, 680.485, 57, -1,-1,-1,34.6213,32.1051,0.015849,8.68e+08,11,125000,1,0,-3.45375,-10682.1,0,-138.098,-135,0.790528
179962, 680.682, 26, -1,-1,-1,46.5003,4.98637,0.015849,8.68e+08,12,125000,1,0,8.79786,-19590.7,0,-134.313,-137,1.58106
179974, 681.412, 41, -1,-1,-1,60.451,27.3692,0.019953,8.68e+08,11,125000,1,0,-9.76002,-18998.5,0,-138.998,-135,0.790528
179976, 681.599, 1, -1,-1,-1,49.3772,1.54038,0.025119,8.68e+08,10,125000,1,0,5.67861,-19466.5,0,-133.248,-133,0.436224
179978, 681.791, 7, -1,-1,-1,49.1664,15.132,0.019953,8.68e+08,12,125000,1,0,1.70902,-18903.9,0,-135.479,-137,1.58106
179980, 682.198, 45, -1,-1,-1,49.0721,21.5918,0.025119,8.68e+08,12,125000,1,0,-1.26598,-18109.1,0,-135.411,-137,1.58106
179987, 682.813, 40, -1,-1,-1,58.9757,26.2869,0.015849,8.68e+08,12,125000,1,0,-8.70493,-18987.3,0,-139.688,-137,1.58106
180009, 684.053, 56, -1,-1,-1,34.569,15.3924,0.015849,8.68e+08,12,125000,1,0,12.509,-11872.9,0,-133.253,-137,1.58106
180021, 684.364, 47, -1,-1,-1,60.1499,6.23873,0.025119,8.68e+08,11,125000,1,0,-5.57926,-19531.7,0,-136.744,-135,0.790528
180023, 684.391, 15, -1,-1,-1,46.5738,3.1001,0.015849,8.68e+08,10,125000,1,0,8.82626,-19454,0,-134.303,-133,0.436224
180045, 684.562, 36, -1,-1,-1,43.812,25.0559,0.019953,8.68e+08,12,125000,1,0,-0.597988,-16036.1,0,-136.204,-137,1.58106
180057, 684.892, 2, -1,-1,-1,51.9313,12.445,0.025119,8.68e+08,11,125000,1,0,0.138509,-19476,0,-134.969,-135,0.790528
180059, 684.939, 46, -1,-1,-1,54.8178,27.999,0.019953,8.68e+08,10,125000,1,0,-7.25759,-18501.9,0,-138.257,-133,0.436224
180066, 684.991, 5, -1,-1,-1,51.8039,6.80183,0.015849,8.68e+08,11,125000,1,0,1.79091,-19683.3,0,-136.451,-135,0.790528
180068, 685.264, 34, -1,-1,-1,47.4425,21.3987,0.025119,8.68e+08,11,125000,1,0,-0.396569,-17806.1,0,-135.139,-135,0.790528
180070, 685.277, 53, -1,-1,-1,64.7134,-23.4263,0.025119,8.68e+08,11,125000,1,0,-10.6733,-17241.7,0,-138.261,-135,0.790528
180072, 685.279, 31, -1,-1,-1,53.4533,19.0186,0.025119,8.68e+08,10,125000,1,0,-3.27307,-19113.6,0,-136.035,-133,0.436224
180075, 685.629, 55, -1,-1,-1,28.9412,-14.4031,0.015849,8.68e+08,12,125000,1,0,23.9261,2560.96,1,-130.404,-137,1.58106
180077, 685.763, 27, -1,-1,-1,50.7509,3.14531,0.019953,8.68e+08,11,125000,1,0,3.55513,-19626.5,0,-134.901,-135,0.790528
180079, 686.104, 4, -1,-1,-1,41.3807,10.7829,0.015849,8.68e+08,12,125000,1,0,11.594,-17654.3,0,-133.506,-137,1.58106
180086, 686.342, 35, -1,-1,-1,45.9801,25.0541,0.025119,8.68e+08,12,125000,1,0,-1.65207,-16868.7,0,-135.533,-137,1.58106
180103, 687.199, 12, -1,-1,-1,54.1642,0.091911,0.025119,8.68e+08,11,125000,1,0,0.137365,-19455.5,0,-134.967,-135,0.790528
180110, 687.218, 32, -1,-1,-1,49.6037,16.4839,0.019953,8.68e+08,11,125000,1,0,0.389142,-18909.9,0,-135.891,-135,0.790528
180117, 687.338, 44, -1,-1,-1,49.6811,31.6845,0.019953,8.68e+08,11,125000,1,0,-6.67442,-17181.2,0,-138.082,-135,0.790528
180120, 687.82, 21, -1,-1,-1,42.2017,-7.04016,0.019953,8.68e+08,12,125000,1,0,15.7452,-16858.9,1,-131.37,-137,1.58106
180128, 688.088, 38, -1,-1,-1,45.3001,15.8952,0.025119,8.68e+08,11,125000,1,0,4.01,-18101.3,1,-133.764,-135,0.790528
180130, 688.747, 52, -1,-1,-1,38.8743,33.4102,0.025119,8.68e+08,11,125000,1,0,-4.96025,-12994.8,0,-136.562,-135,0.790528
180137, 688.798, 30, -1,-1,-1,49.3708,19.7672,0.019953,8.68e+08,12,125000,1,0,-0.956979,-18499.6,0,-136.313,-137,1.58106
180159, 689.431, 42, -1,-1,-1,57.8004,23.0841,0.019953,8.68e+08,10,125000,1,0,-7.50107,-19189.1,0,-138.328,-133,0.436224
180167, 689.548, 20, -1,-1,-1,40.4442,-8.92386,0.019953,8.68e+08,11,125000,1,0,17.719,-15356.1,1,-130.862,-135,0.790528
180169, 689.623, 11, -1,-1,-1,57.2544,36.8221,0.015849,8.68e+08,10,125000,1,0,-11.5891,-18197.4,0,-140.525,-133,0.436224
180176, 689.859, 13, -1,-1,-1,57.3143,-2.70899,0.019953,8.68e+08,11,125000,1,0,-2.96219,-19215.5,0,-136.935,-135,0.790528
180178, 689.879, 17, -1,-1,-1,51.5697,4.02995,0.019953,8.68e+08,10,125000,1,0,2.21853,-19714.8,0,-135.316,-133,0.436224
180190, 690.496, 59, -1,-1,-1,69.9209,23.5589,0.025119,8.68e+08,10,125000,1,0,-14.6881,-19108.3,0,-139.38,-133,0.436224
180217, 690.901, 54, -1,-1,-1,32.7894,-16.8765,0.015849,8.68e+08,12,125000,1,0,17.5286,-3474.71,0,-131.915,-137,1.58106
180219, 691.432, 3, -1,-1,-1,41.4821,-1.98577,0.015849,8.68e+08,12,125000,1,0,17.9021,-18413.3,0,-131.815,-137,1.58106
180221, 691.518, 24, -1,-1,-1,47.7606,11.929,0.019953,8.68e+08,12,125000,1,0,3.72632,-19190.2,0,-134.85,-137,1.58106
180223, 691.519, 22, -1,-1,-1,50.1724,11.2032,0.019953,8.68e+08,11,125000,1,0,1.69835,-19516.5,0,-135.48,-135,0.790528
180235, 692.173, 9, -1,-1,-1,38.3205,25.796,0.019953,8.68e+08,12,125000,1,0,0.431341,-13491.7,0,-135.883,-137,1.58106
180237, 692.218, 23, -1,-1,-1,54.1403,7.94096,0.025119,8.68e+08,12,125000,1,0,-1.07292,-19758.7,0,-135.346,-137,1.58106
180239, 692.244, 45, -1,-1,-1,49.0721,21.5918,0.025119,8.68e+08,12,125000,1,0,-1.80752,-18269.7,0,-135.58,-137,1.58106
180241, 692.249, 14, -1,-1,-1,55.1013,-6.63605,0.019953,8.68e+08,10,125000,1,0,-1.22638,-18810.7,0,-136.394,-133,0.436224
180243, 692.418, 10, -1,-1,-1,30.029,30.9233,0.019953,8.68e+08,12,125000,1,0,-2.96507,-8091.63,0,-136.946,-137,1.58106
180245, 692.583, 43, -1,-1,-1,55.5373,25.9108,0.019953,8.68e+08,10,125000,1,0,-7.25374,-18846.9,0,-138.254,-133,0.436224
180262, 693.419, 39, -1,-1,-1,46.5198,20.8019,0.025119,8.68e+08,10,125000,1,0,0.01095,-17798.7,0,-135.011,-133,0.436224
180264, 693.87, 6, -1,-1,-1,60.4258,15.6431,0.019953,8.68e+08,11,125000,1,0,-7.64487,-19584.1,0,-138.37,-135,0.790528
180281, 694.344, 48, -1,-1,-1,56.7773,13.3766,0.025119,8.68e+08,12,125000,1,0,-4.52085,-19665.7,0,-136.419,-137,1.58106
180308, 695.457, 28, -1,-1,-1,56.0984,11.391,0.025119,8.68e+08,11,125000,1,0,-3.66626,-19737.2,0,-136.155,-135,0.790528
180310, 695.459, 29, -1,-1,-1,53.788,19.7678,0.015849,8.68e+08,10,125000,1,0,-4.28908,-19198.7,0,-138.349,-133,0.436224
180312, 695.503, 37, -1,-1,-1,41.1025,24.9953,0.025119,8.68e+08,12,125000,1,0,-0.008969,-15149,0,-135.02,-137,1.58106
180314, 695.504, 41, -1,-1,-1,60.451,27.3692,0.019953,8.68e+08,11,125000,1,0,-10.3958,-19130,0,-139.181,-135,0.790528
180321, 695.748, 7, -1,-1,-1,49.1664,15.132,0.019953,8.68e+08,12,125000,1,0,0.840517,-19101.8,0,-135.749,-137,1.58106
180323, 695.921, 55, -1,-1,-1,28.9412,-14.4031,0.015849,8.68e+08,12,125000,1,0,24.1134,1378.33,0,-130.362,-137,1.58106
180326, 695.993, 49, -1,-1,-1,45.07,7.88241,0.019953,8.68e+08,11,125000,1,0,8.06187,-19299.1,1,-133.53,-135,0.790528
180328, 696.148, 50, -1,-1,-1,39.7906,12.9554,0.019953,8.68e+08,12,125000,1,0,10.4801,-16759.6,0,-132.825,-137,1.58106
180335, 696.649, 1, -1,-1,-1,49.3772,1.54038,0.025119,8.68e+08,10,125000,1,0,4.55171,-19667.9,0,-133.592,-133,0.436224
180343, 697.219, 18, -1,-1,-1,39.8397,1.13302,0.025119,8.68e+08,12,125000,1,0,20.0484,-18626.9,1,-129.288,-137,1.58106
180360, 698.305, 51, -1,-1,-1,40.4208,27.6114,0.015849,8.68e+08,10,125000,1,0,-1.77183,-14592.1,0,-137.572,-133,0.436224
180362, 698.428, 56, -1,-1,-1,34.569,15.3924,0.015849,8.68e+08,12,125000,1,0,11.5767,-12683.2,0,-133.514,-137,1.58106
180364, 698.985, 34, -1,-1,-1,47.4425,21.3987,0.025119,8.68e+08,11,125000,1,0,-1.1427,-18047.3,0,-135.371,-135,0.790528
180371, 699.815, 8, -1,-1,-1,59.4499,10.2152,0.025119,8.68e+08,12,125000,1,0,-6.27065,-19724.2,0,-136.954,-137,1.58106
180389, 700.601, 19, -1,-1,-1,39.8596,0.90327,0.015849,8.68e+08,12,125000,1,0,19.6166,-18718.6,1,-131.391,-137,1.58106
180392, 700.725, 16, -1,-1,-1,43.0289,3.59424,0.019953,8.68e+08,10,125000,1,0,12.352,-19151.7,1,-132.289,-133,0.436224
180529, 701.252, 42, -1,-1,-1,57.8004,23.0841,0.019953,8.68e+08,10,125000,1,0,-8.06364,-19094.5,0,-138.495,-133,0.436224
180542, 701.617, 38, -1,-1,-1,45.3001,15.8952,0.025119,8.68e+08,11,125000,1,0,3.12848,-18165.1,1,-134.036,-135,0.790528
180544, 701.696, 58, -1,-1,-1,61.5842,-8.00842,0.015849,8.68e+08,12,125000,1,0,-7.31147,-18609.4,0,-139.268,-137,1.58106
180561, 702.029, 35, -1,-1,-1,45.9801,25.0541,0.025119,8.68e+08,12,125000,1,0,-2.42784,-16991.2,0,-135.774,-137,1.58106
180563, 702.179, 0, -1,-1,-1,52.272,-2.15003,0.015849,8.68e+08,11,125000,1,0,1.20806,-19228.6,0,-136.63,-135,0.790528
180565, 702.261, 33, -1,-1,-1,49.0691,16.5595,0.015849,8.68e+08,10,125000,1,0,-0.152056,-18838.2,0,-137.059,-133,0.436224
180567, 702.657, 13, -1,-1,-1,57.3143,-2.70899,0.019953,8.68e+08,11,125000,1,0,-3.64987,-19145.6,0,-137.148,-135,0.790528
180574, 702.722, 32, -1,-1,-1,49.6037,16.4839,0.019953,8.68e+08,11,125000,1,0,-0.526194,-18923.7,0,-136.176,-135,0.790528
180581, 702.774, 23, -1,-1,-1,54.1403,7.94096,0.025119,8.68e+08,12,125000,1,0,-1.6925,-19656.7,0,-135.539,-137,1.58106
180583, 702.982, 36, -1,-1,-1,43.812,25.0559,0.019953,8.68e+08,12,125000,1,0,-1.49727,-16280.1,0,-136.484,-137,1.58106
180600, 703.496, 27, -1,-1,-1,50.7509,3.14531,0.019953,8.68e+08,11,125000,1,0,2.33586,-19627.9,0,-135.278,-135,0.790528
180602, 703.527, 47, -1,-1,-1,60.1499,6.23873,0.025119,8.68e+08,11,125000,1,0,-6.5494,-19490.1,0,-137.038,-135,0.790528
180604, 703.568, 15, -1,-1,-1,46.5738,3.1001,0.015849,8.68e+08,10,125000,1,0,7.19364,-19526.2,0,-134.787,-133,0.436224
180621, 704.073, 57, -1,-1,-1,34.6213,32.1051,0.015849,8.68e+08,11,125000,1,0,-4.16274,-11150.1,0,-138.316,-135,0.790528
180634, 704.646, 20, -1,-1,-1,40.4442,-8.92386,0.019953,8.68e+08,11,125000,1,0,16.1316,-15814.4,1,-131.268,-135,0.790528
180636, 704.672, 30, -1,-1,-1,49.3708,19.7672,0.019953,8.68e+08,12,125000,1,0,-1.83259,-18535.8,0,-136.586,-137,1.58106
180643, 704.791, 46, -1,-1,-1,54.8178,27.999,0.019953,8.68e+08,10,125000,1,0,-8.17329,-18529.3,0,-138.529,-133,0.436224
180670, 705.529, 44, -1,-1,-1,49.6811,31.6845,0.019953,8.68e+08,11,125000,1,0,-7.46677,-17273.1,0,-138.32,-135,0.790528
180672, 705.589, 53, -1,-1,-1,64.7134,-23.4263,0.025119,8.68e+08,11,125000,1,0,-11.4909,-17290,0,-138.493,-135,0.790528
180674, 705.618, 40, -1,-1,-1,58.9757,26.2869,0.015849,8.68e+08,12,125000,1,0,-9.7501,-18995.4,0,-139.993,-137,1.58106
180681, 705.636, 26, -1,-1,-1,46.5003,4.98637,0.015849,8.68e+08,12,125000,1,0,6.70031,-19537,0,-134.936,-137,1.58106
180683, 705.784, 45, -1,-1,-1,49.0721,21.5918,0.025119,8.68e+08,12,125000,1,0,-2.52516,-18280.5,0,-135.802,-137,1.58106
180695, 706.063, 43, -1,-1,-1,55.5373,25.9108,0.019953,8.68e+08,10,125000,1,0,-7.88615,-18788.9,0,-138.443,-133,0.436224
180697, 706.125, 5, -1,-1,-1,51.8039,6.80183,0.015849,8.68e+08,11,125000,1,0,0.434482,-19706.7,0,-136.873,-135,0.790528
180704, 706.507, 9, -1,-1,-1,38.3205,25.796,0.019953,8.68e+08,12,125000,1,0,-0.182556,-13782.3,0,-136.074,-137,1.58106
180711, 706.748, 52, -1,-1,-1,38.8743,33.4102,0.025119,8.68e+08,11,125000,1,0,-5.58748,-13319.9,0,-136.753,-135,0.790528
180728, 706.93, 31, -1,-1,-1,53.4533,19.0186,0.025119,8.68e+08,10,125000,1,0,-4.41452,-19154.9,0,-136.386,-133,0.436224
180730, 707.004, 24, -1,-1,-1,47.7606,11.929,0.019953,8.68e+08,12,125000,1,0,2.67612,-19209.4,0,-135.174,-137,1.58106
180737, 707.048, 21, -1,-1,-1,42.2017,-7.04016,0.019953,8.68e+08,12,125000,1,0,13.7588,-17291,0,-131.9,-137,1.58106
180739, 707.167, 17, -1,-1,-1,51.5697,4.02995,0.019953,8.68e+08,10,125000,1,0,1.08701,-19699.9,0,-135.668,-133,0.436224
180747, 707.524, 18, -1,-1,-1,39.8397,1.13302,0.025119,8.68e+08,12,125000,1,0,18.5936,-18673.8,1,-129.641,-137,1.58106
180754, 707.689, 2, -1,-1,-1,51.9313,12.445,0.025119,8.68e+08,11,125000,1,0,-1.2248,-19526.5,0,-135.393,-135,0.790528
180756, 707.703, 22, -1,-1,-1,50.1724,11.2032,0.019953,8.68e+08,11,125000,1,0,0.668796,-19506.9,0,-135.8,-135,0.790528
180763, 708.037, 12, -1,-1,-1,54.1642,0.091911,0.025119,8.68e+08,11,125000,1,0,-1.1086,-19480.6,0,-135.355,-135,0.790528
180765, 708.473, 54, -1,-1,-1,32.7894,-16.8765,0.015849,8.68e+08,12,125000,1,0,17.0199,-4841.7,0,-132.043,-137,1.58106
180767, 708.605, 50, -1,-1,-1,39.7906,12.9554,0.019953,8.68e+08,12,125000,1,0,9.47812,-16948.3,0,-133.114,-137,1.58106
180784, 709.087, 1, -1,-1,-1,49.3772,1.54038,0.025119,8.68e+08,10,125000,1,0,3.65799,-19616.1,0,-133.867,-133,0.436224
180786, 709.234, 48, -1,-1,-1,56.7773,13.3766,0.025119,8.68e+08,12,125000,1,0,-5.30002,-19595.4,0,-136.657,-137,1.58106
180788, 709.594, 3, -1,-1,-1,41.4821,-1.98577,0.015849,8.68e+08,12,125000,1,0,15.6548,-18664.8,0,-132.391,-137,1.58106
180800, 710.226, 37, -1,-1,-1,41.1025,24.9953,0.025119,8.68e+08,12,125000,1,0,-0.700679,-15367.7,0,-135.235,-137,1.58106
180802, 710.269, 4, -1,-1,-1,41.3807,10.7829,0.015849,8.68e+08,12,125000,1,0,9.47294,-18079.5,0,-134.114,-137,1.58106
180804, 710.58, 39, -1,-1,-1,46.5198,20.8019,0.025119,8.68e+08,10,125000,1,0,-0.928696,-17915.4,0,-135.303,-133,0.436224
180806, 710.769, 34, -1,-1,-1,47.4425,21.3987,0.025119,8.68e+08,11,125000,1,0,-1.77194,-18051.6,0,-135.567,-135,0.790528
180828, 711.698, 59, -1,-1,-1,69.9209,23.5589,0.025119,8.68e+08,10,125000,1,0,-15.5732,-19043.7,0,-139.614,-133,0.436224
180830, 711.864, 14, -1,-1,-1,55.1013,-6.63605,0.019953,8.68e+08,10,125000,1,0,-2.3099,-18861.7,0,-136.73,-133,0.436224
180832, 712.508, 58, -1,-1,-1,61.5842,-8.00842,0.015849,8.68e+08,12,125000,1,0,-7.81604,-18732.6,0,-139.419,-137,1.58106
180840, 712.986, 36, -1,-1,-1,43.812,25.0559,0.019953,8.68e+08,12,125000,1,0,-1.98004,-16504.4,1,-136.634,-137,1.58106
180857, 713.461, 11, -1,-1,-1,57.2544,36.8221,0.015849,8.68e+08,10,125000,1,0,-12.58,-18247.3,0,-140.802,-133,0.436224
180864, 713.585, 41, -1,-1,-1,60.451,27.3692,0.019953,8.68e+08,11,125000,1,0,-11.1997,-19080.6,0,-139.411,-135,0.790528
180867, 713.765, 16, -1,-1,-1,43.0289,3.59424,0.019953,8.68e+08,10,125000,1,0,11.046,-19394.2,1,-132.657,-133,0.436224
180874, 713.984, 51, -1,-1,-1,40.4208,27.6114,0.015849,8.68e+08,10,125000,1,0,-2.43937,-14839.9,0,-137.779,-133,0.436224
180881, 714.288, 33, -1,-1,-1,49.0691,16.5595,0.015849,8.68e+08,10,125000,1,0,-0.85004,-19002.6,0,-137.277,-133,0.436224
180893, 714.643, 10, -1,-1,-1,30.029,30.9233,0.019953,8.68e+08,12,125000,1,0,-3.49147,-8819.53,0,-137.108,-137,1.58106
180895, 715.175, 0, -1,-1,-1,52.272,-2.15003,0.015849,8.68e+08,11,125000,1,0,0.400718,-19392.5,0,-136.882,-135,0.790528
180902, 715.834, 30, -1,-1,-1,49.3708,19.7672,0.019953,8.68e+08,12,125000,1,0,-2.43536,-18693.1,0,-136.773,-137,1.58106
180904, 716.214, 40, -1,-1,-1,58.9757,26.2869,0.015849,8.68e+08,12,125000,1,0,-10.228,-19095.4,0,-140.131,-137,1.58106
180906, 716.483, 28, -1,-1,-1,56.0984,11.391,0.025119,8.68e+08,11,125000,1,0,-4.79085,-19724.3,0,-136.5,-135,0.790528
180928, 717.149, 29, -1,-1,-1,53.788,19.7678,0.015849,8.68e+08,10,125000,1,0,-5.39895,-19232.9,0,-138.688,-133,0.436224
180930, 717.633, 32, -1,-1,-1,49.6037,16.4839,0.019953,8.68e+08,11,125000,1,0,-1.38186,-19118.5,0,-136.443,-135,0.790528
180932, 717.936, 6, -1,-1,-1,60.4258,15.6431,0.019953,8.68e+08,11,125000,1,0,-8.79851,-19575.8,0,-138.711,-135,0.790528
180944, 718.193, 56, -1,-1,-1,34.569,15.3924,0.015849,8.68e+08,12,125000,1,0,10.289,-13495.1,0,-133.88,-137,1.58106
180947, 718.791, 49, -1,-1,-1,45.07,7.88241,0.019953,8.68e+08,11,125000,1,0,6.22078,-19451.7,1,-134.081,-135,0.790528
180960, 719.732, 18, -1,-1,-1,39.8397,1.13302,0.025119,8.68e+08,12,125000,1,0,16.9829,-18991.9,1,-130.046,-137,1.58106
180982, 720.296, 17, -1,-1,-1,51.5697,4.02995,0.019953,8.68e+08,10,125000,1,0,0.258664,-19839.3,0,-135.926,-133,0.436224
180985, 720.573, 38, -1,-1,-1,45.3001,15.8952,0.025119,8.68e+08,11,125000,1,0,1.93492,-18505.5,1,-134.406,-135,0.790528
180987, 720.589, 7, -1,-1,-1,49.1664,15.132,0.019953,8.68e+08,12,125000,1,0,-0.644868,-19231.4,0,-136.212,-137,1.58106
180989, 720.672, 57, -1,-1,-1,34.6213,32.1051,0.015849,8.68e+08,11,125000,1,0,-4.67563,-11707.9,0,-138.473,-135,0.790528
181001, 720.787, 23, -1,-1,-1,54.1403,7.94096,0.025119,8.68e+08,12,125000,1,0,-2.72094,-19829.9,0,-135.858,-137,1.58106
181023, 721.599, 35, -1,-1,-1,45.9801,25.0541,0.025119,8.68e+08,12,125000,1,0,-3.37888,-17167,0,-136.068,-137,1.58106
181025, 721.61, 13, -1,-1,-1,57.3143,-2.70899,0.019953,8.68e+08,11,125000,1,0,-4.64337,-19138,0,-137.453,-135,0.790528
181027, 721.697, 12, -1,-1,-1,54.1642,0.091911,0.025119,8.68e+08,11,125000,1,0,-1.89765,-19417.9,0,-135.6,-135,0.790528
181039, 722.327, 48, -1,-1,-1,56.7773,13.3766,0.025119,8.68e+08,12,125000,1,0,-5.97116,-19504.2,0,-136.861,-137,1.58106
181041, 722.352, 19, -1,-1,-1,39.8596,0.90327,0.015849,8.68e+08,12,125000,1,0,16.7009,-18811.3,0,-132.118,-137,1.58106
181043, 722.374, 34, -1,-1,-1,47.4425,21.3987,0.025119,8.68e+08,11,125000,1,0,-2.38169,-18042.6,0,-135.756,-135,0.790528
181045, 722.389, 3, -1,-1,-1,41.4821,-1.98577,0.015849,8.68e+08,12,125000,1,0,14.1943,-18739.3,0,-132.779,-137,1.58106
181062, 722.875, 43, -1,-1,-1,55.5373,25.9108,0.019953,8.68e+08,10,125000,1,0,-8.6628,-18760.1,0,-138.672,-133,0.436224
181074, 723.333, 31, -1,-1,-1,53.4533,19.0186,0.025119,8.68e+08,10,125000,1,0,-5.25572,-19127.8,0,-136.644,-133,0.436224
181081, 723.455, 8, -1,-1,-1,59.4499,10.2152,0.025119,8.68e+08,12,125000,1,0,-7.44565,-19503.8,0,-137.307,-137,1.58106
181083, 723.509, 27, -1,-1,-1,50.7509,3.14531,0.019953,8.68e+08,11,125000,1,0,1.02549,-19644.9,0,-135.686,-135,0.790528
181090, 723.536, 2, -1,-1,-1,51.9313,12.445,0.025119,8.68e+08,11,125000,1,0,-2.13688,-19490.8,0,-135.677,-135,0.790528
181092, 723.688, 50, -1,-1,-1,39.7906,12.9554,0.019953,8.68e+08,12,125000,1,0,8.30685,-17182.9,0,-133.457,-137,1.58106
181099, 723.949, 39, -1,-1,-1,46.5198,20.8019,0.025119,8.68e+08,10,125000,1,0,-1.64482,-17948.6,0,-135.526,-133,0.436224
181102, 724.239, 20, -1,-1,-1,40.4442,-8.92386,0.019953,8.68e+08,11,125000,1,0,14.18,-16381.8,1,-131.784,-135,0.790528
181114, 724.739, 4, -1,-1,-1,41.3807,10.7829,0.015849,8.68e+08,12,125000,1,0,8.28037,-18209.8,0,-134.464,-137,1.58106
181126, 725.129, 15, -1,-1,-1,46.5738,3.1001,0.015849,8.68e+08,10,125000,1,0,5.48566,-19610.5,0,-135.303,-133,0.436224
181138, 725.404, 42, -1,-1,-1,57.8004,23.0841,0.019953,8.68e+08,10,125000,1,0,-9.19095,-19113,0,-138.827,-133,0.436224
181140, 725.439, 47, -1,-1,-1,60.1499,6.23873,0.025119,8.68e+08,11,125000,1,0,-7.62875,-19467.7,0,-137.361,-135,0.790528
181148, 725.485, 21, -1,-1,-1,42.2017,-7.04016,0.019953,8.68e+08,12,125000,1,0,11.9833,-17621.7,1,-132.39,-137,1.58106
181150, 725.602, 33, -1,-1,-1,49.0691,16.5595,0.015849,8.68e+08,10,125000,1,0,-1.49289,-18952.7,0,-137.477,-133,0.436224
181153, 725.735, 16, -1,-1,-1,43.0289,3.59424,0.019953,8.68e+08,10,125000,1,0,9.91076,-19382.4,1,-132.982,-133,0.436224
181170, 726.409, 40, -1,-1,-1,58.9757,26.2869,0.015849,8.68e+08,12,125000,1,0,-10.6835,-18976.2,0,-140.262,-137,1.58106
181177, 726.576, 59, -1,-1,-1,69.9209,23.5589,0.025119,8.68e+08,10,125000,1,0,-16.187,-18925.6,0,-139.774,-133,0.436224
181189, 727.031, 0, -1,-1,-1,52.272,-2.15003,0.015849,8.68e+08,11,125000,1,0,-0.316312,-19325.8,0,-137.105,-135,0.790528
181191, 727.051, 37, -1,-1,-1,41.1025,24.9953,0.025119,8.68e+08,12,125000,1,0,-1.48486,-15615.5,0,-135.479,-137,1.58106
181193, 727.259, 5, -1,-1,-1,51.8039,6.80183,0.015849,8.68e+08,11,125000,1,0,-0.857924,-19719.1,0,-137.276,-135,0.790528
181195, 727.416, 22, -1,-1,-1,50.1724,11.2032,0.019953,8.68e+08,11,125000,1,0,-0.53616,-19527.6,0,-136.176,-135,0.790528
181197, 727.433, 26, -1,-1,-1,46.5003,4.98637,0.015849,8.68e+08,12,125000,1,0,5.01047,-19621.7,0,-135.449,-137,1.58106
181204, 727.944, 1, -1,-1,-1,49.3772,1.54038,0.025119,8.68e+08,10,125000,1,0,2.36099,-19634.9,0,-134.268,-133,0.436224
181211, 728.555, 9, -1,-1,-1,38.3205,25.796,0.019953,8.68e+08,12,125000,1,0,-1.1287,-14280.5,0,-136.369,-137,1.58106
181223, 729.651, 46, -1,-1,-1,54.8178,27.999,0.019953,8.68e+08,10,125000,1,0,-9.29608,-18601.2,0,-138.859,-133,0.436224
181230, 729.781, 53, -1,-1,-1,64.7134,-23.4263,0.025119,8.68e+08,11,125000,1,0,-12.4525,-17378.6,0,-138.762,-135,0.790528
181237, 730.098, 45, -1,-1,-1,49.0721,21.5918,0.025119,8.68e+08,12,125000,1,0,-3.78067,-18433.9,0,-136.19,-137,1.58106
181244, 730.569, 32, -1,-1,-1,49.6037,16.4839,0.019953,8.68e+08,11,125000,1,0,-2.1061,-19082.1,0,-136.668,-135,0.790528
181246, 730.626, 14, -1,-1,-1,55.1013,-6.63605,0.019953,8.68e+08,10,125000,1,0,-3.31446,-18888.6,0,-137.041,-133,0.436224
181253, 731.09, 51, -1,-1,-1,40.4208,27.6114,0.015849,8.68e+08,10,125000,1,0,-3.16551,-15099,0,-138.003,-133,0.436224
181256, 731.555, 54, -1,-1,-1,32.7894,-16.8765,0.015849,8.68e+08,12,125000,1,0,16.1361,-6611.32,1,-132.269,-137,1.58106
181273, 733.71, 57, -1,-1,-1,34.6213,32.1051,0.015849,8.68e+08,11,125000,1,0,-5.08539,-11942.4,0,-138.598,-135,0.790528
181280, 733.941, 41, -1,-1,-1,60.451,27.3692,0.019953,8.68e+08,11,125000,1,0,-12.0901,-19046.2,0,-139.662,-135,0.790528
181287, 734.478, 31, -1,-1,-1,53.4533,19.0186,0.025119,8.68e+08,10,125000,1,0,-5.8166,-19244.9,0,-136.814,-133,0.436224
181294, 734.668, 13, -1,-1,-1,57.3143,-2.70899,0.019953,8.68e+08,11,125000,1,0,-5.31195,-19276.6,0,-137.657,-135,0.790528
181302, 735.166, 4, -1,-1,-1,41.3807,10.7829,0.015849,8.68e+08,12,125000,1,0,7.4535,-18436.1,1,-134.709,-137,1.58106
181309, 735.767, 28, -1,-1,-1,56.0984,11.391,0.025119,8.68e+08,11,125000,1,0,-5.79065,-19689.5,0,-136.805,-135,0.790528
181321, 736.139, 23, -1,-1,-1,54.1403,7.94096,0.025119,8.68e+08,12,125000,1,0,-3.57123,-19768.1,0,-136.121,-137,1.58106
181353, 736.908, 11, -1,-1,-1,57.2544,36.8221,0.015849,8.68e+08,10,125000,1,0,-13.5405,-18281.5,0,-141.066,-133,0.436224
181355, 736.965, 15, -1,-1,-1,46.5738,3.1001,0.015849,8.68e+08,10,125000,1,0,4.59779,-19761.9,0,-135.574,-133,0.436224
181357, 737.112, 36, -1,-1,-1,43.812,25.0559,0.019953,8.68e+08,12,125000,1,0,-3.12798,-16819.6,0,-136.989,-137,1.58106
181359, 737.133, 39, -1,-1,-1,46.5198,20.8019,0.025119,8.68e+08,10,125000,1,0,-2.33818,-18163.9,0,-135.741,-133,0.436224
181366, 737.422, 58, -1,-1,-1,61.5842,-8.00842,0.015849,8.68e+08,12,125000,1,0,-8.95748,-18784.9,0,-139.755,-137,1.58106
181368, 737.525, 34, -1,-1,-1,47.4425,21.3987,0.025119,8.68e+08,11,125000,1,0,-3.1636,-18277.1,0,-135.998,-135,0.790528
181370, 737.559, 30, -1,-1,-1,49.3708,19.7672,0.019953,8.68e+08,12,125000,1,0,-3.58022,-18786.1,0,-137.127,-137,1.58106
181372, 737.774, 29, -1,-1,-1,53.788,19.7678,0.015849,8.68e+08,10,125000,1,0,-6.42492,-19244.8,0,-138.999,-133,0.436224
181379, 738.193, 56, -1,-1,-1,34.569,15.3924,0.015849,8.68e+08,12,125000,1,0,8.99228,-14213.5,0,-134.256,-137,1.58106
181386, 738.469, 19, -1,-1,-1,39.8596,0.90327,0.015849,8.68e+08,12,125000,1,0,14.7613,-19185,0,-132.626,-137,1.58106
181408, 738.988, 1, -1,-1,-1,49.3772,1.54038,0.025119,8.68e+08,10,125000,1,0,1.63066,-19761.7,0,-134.495,-133,0.436224
181410, 739.373, 10, -1,-1,-1,30.029,30.9233,0.019953,8.68e+08,12,125000,1,0,-4.116,-9597.02,0,-137.3,-137,1.58106
181417, 739.462, 0, -1,-1,-1,52.272,-2.15003,0.015849,8.68e+08,11,125000,1,0,-1.04963,-19471.1,0,-137.334,-135,0.790528
181424, 739.968, 3, -1,-1,-1,41.4821,-1.98577,0.015849,8.68e+08,12,125000,1,0,12.3299,-19125.2,0,-133.291,-137,1.58106
181431, 740.075, 50, -1,-1,-1,39.7906,12.9554,0.019953,8.68e+08,12,125000,1,0,7.08367,-17616.5,0,-133.821,-137,1.58106
181434, 740.253, 38, -1,-1,-1,45.3001,15.8952,0.025119,8.68e+08,11,125000,1,0,0.742916,-18635.8,1,-134.776,-135,0.790528
181436, 740.407, 48, -1,-1,-1,56.7773,13.3766,0.025119,8.68e+08,12,125000,1,0,-6.87821,-19663.9,0,-137.135,-137,1.58106
181443, 740.968, 35, -1,-1,-1,45.9801,25.0541,0.025119,8.68e+08,12,125000,1,0,-4.30259,-17510.6,0,-136.352,-137,1.58106
181450, 741.452, 5, -1,-1,-1,51.8039,6.80183,0.015849,8.68e+08,11,125000,1,0,-1.6941,-19653.5,0,-137.536,-135,0.790528
181452, 741.651, 7, -1,-1,-1,49.1664,15.132,0.019953,8.68e+08,12,125000,1,0,-1.85025,-19092.2,0,-136.587,-137,1.58106
181465, 742.216, 49, -1,-1,-1,45.07,7.88241,0.019953,8.68e+08,11,125000,1,0,4.46439,-19376.8,1,-134.616,-135,0.790528
181467, 742.763, 6, -1,-1,-1,60.4258,15.6431,0.019953,8.68e+08,11,125000,1,0,-9.95663,-19351.8,0,-139.049,-135,0.790528
181469, 742.852, 47, -1,-1,-1,60.1499,6.23873,0.025119,8.68e+08,11,125000,1,0,-8.46596,-19401.1,0,-137.61,-135,0.790528
181486, 743.737, 2, -1,-1,-1,51.9313,12.445,0.025119,8.68e+08,11,125000,1,0,-3.262,-19492.6,0,-136.025,-135,0.790528
181508, 744.244, 27, -1,-1,-1,50.7509,3.14531,0.019953,8.68e+08,11,125000,1,0,-0.267914,-19658.9,0,-136.089,-135,0.790528
181510, 744.283, 16, -1,-1,-1,43.0289,3.59424,0.019953,8.68e+08,10,125000,1,0,8.2573,-19463.8,0,-133.466,-133,0.436224
181512, 744.353, 14, -1,-1,-1,55.1013,-6.63605,0.019953,8.68e+08,10,125000,1,0,-4.03148,-18843.2,0,-137.262,-133,0.436224
181515, 744.454, 18, -1,-1,-1,39.8397,1.13302,0.025119,8.68e+08,12,125000,1,0,14.0383,-19086.8,1,-130.82,-137,1.58106
181517, 744.56, 12, -1,-1,-1,54.1642,0.091911,0.025119,8.68e+08,11,125000,1,0,-3.17453,-19446.5,0,-135.996,-135,0.790528
181524, 745.038, 17, -1,-1,-1,51.5697,4.02995,0.019953,8.68e+08,10,125000,1,0,-1.23835,-19680.7,0,-136.393,-133,0.436224
181546, 745.736, 43, -1,-1,-1,55.5373,25.9108,0.019953,8.68e+08,10,125000,1,0,-9.69884,-18786.4,0,-138.975,-133,0.436224
181548, 745.742, 8, -1,-1,-1,59.4499,10.2152,0.025119,8.68e+08,12,125000,1,0,-8.52191,-19477.3,0,-137.626,-137,1.58106
181550, 746.156, 57, -1,-1,-1,34.6213,32.1051,0.015849,8.68e+08,11,125000,1,0,-5.48157,-12141.6,0,-138.719,-135,0.790528
181552, 746.197, 22, -1,-1,-1,50.1724,11.2032,0.019953,8.68e+08,11,125000,1,0,-1.63935,-19527.3,0,-136.519,-135,0.790528
181565, 747.11, 20, -1,-1,-1,40.4442,-8.92386,0.019953,8.68e+08,11,125000,1,0,12.0503,-16960.8,1,-132.369,-135,0.790528
181577, 747.215, 9, -1,-1,-1,38.3205,25.796,0.019953,8.68e+08,12,125000,1,0,-1.92891,-14630.2,0,-136.617,-137,1.58106
181584, 747.979, 53, -1,-1,-1,64.7134,-23.4263,0.025119,8.68e+08,11,125000,1,0,-13.1678,-17377.5,0,-138.96,-135,0.790528
181591, 748.285, 42, -1,-1,-1,57.8004,23.0841,0.019953,8.68e+08,10,125000,1,0,-10.2338,-19110.8,0,-139.13,-133,0.436224
181598, 748.665, 26, -1,-1,-1,46.5003,4.98637,0.015849,8.68e+08,12,125000,1,0,3.47077,-19678.9,0,-135.922,-137,1.58106
181600, 748.696, 33, -1,-1,-1,49.0691,16.5595,0.015849,8.68e+08,10,125000,1,0,-2.76718,-19042.1,0,-137.872,-133,0.436224
181602, 748.737, 45, -1,-1,-1,49.0721,21.5918,0.025119,8.68e+08,12,125000,1,0,-4.71657,-18487.4,0,-136.478,-137,1.58106
181619, 749.057, 15, -1,-1,-1,46.5738,3.1001,0.015849,8.68e+08,10,125000,1,0,3.72304,-19702.7,0,-135.843,-133,0.436224
181626, 749.282, 11, -1,-1,-1,57.2544,36.8221,0.015849,8.68e+08,10,125000,1,0,-14.0421,-18191.1,0,-141.202,-133,0.436224
181628, 749.531, 32, -1,-1,-1,49.6037,16.4839,0.019953,8.68e+08,11,125000,1,0,-3.13982,-19109.6,0,-136.988,-135,0.790528
181646, 750.561, 54, -1,-1,-1,32.7894,-16.8765,0.015849,8.68e+08,12,125000,1,0,15.2579,-7911.86,1,-132.497,-137,1.58106
181648, 750.598, 59, -1,-1,-1,69.9209,23.5589,0.025119,8.68e+08,10,125000,1,0,-17.1663,-18877.5,0,-140.026,-133,0.436224
181650, 750.69, 37, -1,-1,-1,41.1025,24.9953,0.025119,8.68e+08,12,125000,1,0,-2.57403,-15994.8,0,-135.817,-137,1.58106
181782, 751.13, 56, -1,-1,-1,34.569,15.3924,0.015849,8.68e+08,12,125000,1,0,8.16205,-14557.7,0,-134.501,-137,1.58106
181784, 751.299, 39, -1,-1,-1,46.5198,20.8019,0.025119,8.68e+08,10,125000,1,0,-3.06964,-18189.1,0,-135.968,-133,0.436224
181786, 751.436, 29, -1,-1,-1,53.788,19.7678,0.015849,8.68e+08,10,125000,1,0,-7.09018,-19178.2,0,-139.199,-133,0.436224
181788, 751.569, 30, -1,-1,-1,49.3708,19.7672,0.019953,8.68e+08,12,125000,1,0,-4.30014,-18765.7,0,-137.348,-137,1.58106
181800, 752.434, 46, -1,-1,-1,54.8178,27.999,0.019953,8.68e+08,10,125000,1,0,-10.3038,-18637,0,-139.151,-133,0.436224
181822, 753.763, 4, -1,-1,-1,41.3807,10.7829,0.015849,8.68e+08,12,125000,1,0,6.04042,-18605.5,0,-135.134,-137,1.58106
181824, 753.836, 13, -1,-1,-1,57.3143,-2.70899,0.019953,8.68e+08,11,125000,1,0,-6.27185,-19259.2,0,-137.949,-135,0.790528
181836, 754.392, 3, -1,-1,-1,41.4821,-1.98577,0.015849,8.68e+08,12,125000,1,0,10.9068,-19184.7,0,-133.692,-137,1.58106
181838, 754.399, 28, -1,-1,-1,56.0984,11.391,0.025119,8.68e+08,11,125000,1,0,-6.73095,-19643.7,0,-137.089,-135,0.790528
181850, 755.019, 38, -1,-1,-1,45.3001,15.8952,0.025119,8.68e+08,11,125000,1,0,-0.122774,-18669.3,0,-135.046,-135,0.790528
181852, 755.121, 19, -1,-1,-1,39.8596,0.90327,0.015849,8.68e+08,12,125000,1,0,12.9208,-19298.9,0,-133.125,-137,1.58106
181859, 755.363, 51, -1,-1,-1,40.4208,27.6114,0.015849,8.68e+08,10,125000,1,0,-4.19037,-15500.9,0,-138.319,-133,0.436224
181861, 755.874, 23, -1,-1,-1,54.1403,7.94096,0.025119,8.68e+08,12,125000,1,0,-4.63234,-19741.1,0,-136.447,-137,1.58106
181873, 755.975, 47, -1,-1,-1,60.1499,6.23873,0.025119,8.68e+08,11,125000,1,0,-9.08583,-19513.1,0,-137.792,-135,0.790528
181875, 756.287, 58, -1,-1,-1,61.5842,-8.00842,0.015849,8.68e+08,12,125000,1,0,-9.80368,-18763.2,0,-140.002,-137,1.58106
181877, 756.334, 31, -1,-1,-1,53.4533,19.0186,0.025119,8.68e+08,10,125000,1,0,-6.89353,-19262.1,0,-137.14,-133,0.436224
181894, 757.503, 50, -1,-1,-1,39.7906,12.9554,0.019953,8.68e+08,12,125000,1,0,5.83543,-17836.3,0,-134.198,-137,1.58106
181901, 758.202, 2, -1,-1,-1,51.9313,12.445,0.025119,8.68e+08,11,125000,1,0,-4.04422,-19634.8,0,-136.267,-135,0.790528
181903, 758.328, 8, -1,-1,-1,59.4499,10.2152,0.025119,8.68e+08,12,125000,1,0,-9.11748,-19582.1,0,-137.801,-137,1.58106
181906, 758.531, 18, -1,-1,-1,39.8397,1.13302,0.025119,8.68e+08,12,125000,1,0,12.521,-19368.5,1,-131.236,-137,1.58106
181923, 759.528, 36, -1,-1,-1,43.812,25.0559,0.019953,8.68e+08,12,125000,1,0,-4.1742,-17061,0,-137.312,-137,1.58106
181935, 760.054, 6, -1,-1,-1,60.4258,15.6431,0.019953,8.68e+08,11,125000,1,0,-10.7459,-19494.1,0,-139.276,-135,0.790528
181937, 760.161, 7, -1,-1,-1,49.1664,15.132,0.019953,8.68e+08,12,125000,1,0,-2.87331,-19309.2,0,-136.904,-137,1.58106
181939, 760.362, 10, -1,-1,-1,30.029,30.9233,0.019953,8.68e+08,12,125000,1,0,-4.67404,-10185.5,0,-137.471,-137,1.58106
181946, 760.594, 27, -1,-1,-1,50.7509,3.14531,0.019953,8.68e+08,11,125000,1,0,-1.24731,-19825.3,0,-136.394,-135,0.790528
181973, 761.306, 22, -1,-1,-1,50.1724,11.2032,0.019953,8.68e+08,11,125000,1,0,-2.49852,-19479.9,0,-136.786,-135,0.790528
181975, 761.401, 45, -1,-1,-1,49.0721,21.5918,0.025119,8.68e+08,12,125000,1,0,-5.34036,-18651.5,0,-136.668,-137,1.58106
181977, 761.477, 5, -1,-1,-1,51.8039,6.80183,0.015849,8.68e+08,11,125000,1,0,-2.83542,-19639.7,0,-137.89,-135,0.790528
181989, 761.673, 1, -1,-1,-1,49.3772,1.54038,0.025119,8.68e+08,10,125000,1,0,0.190539,-19596.9,0,-134.943,-133,0.436224
181991, 761.794, 57, -1,-1,-1,34.6213,32.1051,0.015849,8.68e+08,11,125000,1,0,-5.98546,-12420.1,0,-138.872,-135,0.790528
181998, 762.253, 48, -1,-1,-1,56.7773,13.3766,0.025119,8.68e+08,12,125000,1,0,-7.94632,-19430.8,0,-137.454,-137,1.58106
182000, 762.368, 43, -1,-1,-1,55.5373,25.9108,0.019953,8.68e+08,10,125000,1,0,-10.4392,-18740.3,0,-139.189,-133,0.436224
182002, 762.412, 35, -1,-1,-1,45.9801,25.0541,0.025119,8.68e+08,12,125000,1,0,-5.30593,-17473.1,0,-136.659,-137,1.58106
182024, 762.936, 59, -1,-1,-1,69.9209,23.5589,0.025119,8.68e+08,10,125000,1,0,-17.6641,-18733.1,0,-140.152,-133,0.436224
182026, 763.007, 14, -1,-1,-1,55.1013,-6.63605,0.019953,8.68e+08,10,125000,1,0,-4.98349,-18850,0,-137.554,-133,0.436224
182029, 763.096, 54, -1,-1,-1,32.7894,-16.8765,0.015849,8.68e+08,12,125000,1,0,14.6198,-8624.66,1,-132.666,-137,1.58106
182031, 763.169, 30, -1,-1,-1,49.3708,19.7672,0.019953,8.68e+08,12,125000,1,0,-4.88611,-18707.1,0,-137.528,-137,1.58106
182033, 763.638, 0, -1,-1,-1,52.272,-2.15003,0.015849,8.68e+08,11,125000,1,0,-2.4267,-19322.3,0,-137.762,-135,0.790528
182035, 764.396, 26, -1,-1,-1,46.5003,4.98637,0.015849,8.68e+08,12,125000,1,0,2.38833,-19656.9,0,-136.257,-137,1.58106
182047, 765.592, 29, -1,-1,-1,53.788,19.7678,0.015849,8.68e+08,10,125000,1,0,-7.76835,-19110.8,0,-139.402,-133,0.436224
182059, 765.939, 46, -1,-1,-1,54.8178,27.999,0.019953,8.68e+08,10,125000,1,0,-10.8922,-18565.7,0,-139.319,-133,0.436224
182061, 766.068, 42, -1,-1,-1,57.8004,23.0841,0.019953,8.68e+08,10,125000,1,0,-11.0291,-19055.5,0,-139.357,-133,0.436224
182063, 766.252, 11, -1,-1,-1,57.2544,36.8221,0.015849,8.68e+08,10,125000,1,0,-14.7244,-18142.8,0,-141.385,-133,0.436224
182080, 767.167, 49, -1,-1,-1,45.07,7.88241,0.019953,8.68e+08,11,125000,1,0,2.71998,-19500,0,-135.154,-135,0.790528
182088, 767.899, 9, -1,-1,-1,38.3205,25.796,0.019953,8.68e+08,12,125000,1,0,-2.81316,-14996.5,1,-136.891,-137,1.58106
182100, 768.299, 47, -1,-1,-1,60.1499,6.23873,0.025119,8.68e+08,11,125000,1,0,-9.65995,-19398.9,0,-137.959,-135,0.790528
182102, 768.57, 33, -1,-1,-1,49.0691,16.5595,0.015849,8.68e+08,10,125000,1,0,-3.82669,-19076.1,0,-138.2,-133,0.436224
182114, 768.713, 58, -1,-1,-1,61.5842,-8.00842,0.015849,8.68e+08,12,125000,1,0,-10.3531,-18668.4,0,-140.161,-137,1.58106
182116, 768.717, 16, -1,-1,-1,43.0289,3.59424,0.019953,8.68e+08,10,125000,1,0,6.24638,-19606.1,0,-134.068,-133,0.436224
182123, 769.38, 12, -1,-1,-1,54.1642,0.091911,0.025119,8.68e+08,11,125000,1,0,-4.5058,-19483.8,0,-136.406,-135,0.790528
182126, 769.435, 20, -1,-1,-1,40.4442,-8.92386,0.019953,8.68e+08,11,125000,1,0,10.1136,-17415.5,1,-132.919,-135,0.790528
182128, 769.512, 15, -1,-1,-1,46.5738,3.1001,0.015849,8.68e+08,10,125000,1,0,2.30974,-19734.6,0,-136.281,-133,0.436224
182150, 770.617, 51, -1,-1,-1,40.4208,27.6114,0.015849,8.68e+08,10,125000,1,0,-4.83039,-15657.3,0,-138.515,-133,0.436224
182152, 770.69, 53, -1,-1,-1,64.7134,-23.4263,0.025119,8.68e+08,11,125000,1,0,-14.0513,-17424.8,0,-139.201,-135,0.790528
182155, 771.31, 50, -1,-1,-1,39.7906,12.9554,0.019953,8.68e+08,12,125000,1,0,4.88248,-17943.8,1,-134.488,-137,1.58106
182157, 771.687, 4, -1,-1,-1,41.3807,10.7829,0.015849,8.68e+08,12,125000,1,0,4.7463,-18731.5,0,-135.529,-137,1.58106
182179, 772.876, 28, -1,-1,-1,56.0984,11.391,0.025119,8.68e+08,11,125000,1,0,-7.64087,-19591.8,0,-137.362,-135,0.790528
182181, 774.092, 7, -1,-1,-1,49.1664,15.132,0.019953,8.68e+08,12,125000,1,0,-3.62312,-19265.5,0,-137.136,-137,1.58106
182183, 774.126, 37, -1,-1,-1,41.1025,24.9953,0.025119,8.68e+08,12,125000,1,0,-3.63846,-16322.1,0,-136.146,-137,1.58106
182190, 774.442, 23, -1,-1,-1,54.1403,7.94096,0.025119,8.68e+08,12,125000,1,0,-5.60116,-19698,0,-136.743,-137,1.58106
182202, 775.022, 43, -1,-1,-1,55.5373,25.9108,0.019953,8.68e+08,10,125000,1,0,-10.9955,-18865.8,0,-139.348,-133,0.436224
182204, 775.186, 31, -1,-1,-1,53.4533,19.0186,0.025119,8.68e+08,10,125000,1,0,-7.79992,-19240.9,0,-137.41,-133,0.436224
182206, 775.192, 13, -1,-1,-1,57.3143,-2.70899,0.019953,8.68e+08,11,125000,1,0,-7.31375,-19256.4,0,-138.262,-135,0.790528
182213, 776.239, 39, -1,-1,-1,46.5198,20.8019,0.025119,8.68e+08,10,125000,1,0,-4.32585,-18357.6,0,-136.355,-133,0.436224
182230, 777.164, 5, -1,-1,-1,51.8039,6.80183,0.015849,8.68e+08,11,125000,1,0,-3.701,-19786.4,0,-138.158,-135,0.790528
182232, 777.425, 49, -1,-1,-1,45.07,7.88241,0.019953,8.68e+08,11,125000,1,0,2.03569,-19625.7,0,-135.367,-135,0.790528
182240, 778.564, 3, -1,-1,-1,41.4821,-1.98577,0.015849,8.68e+08,12,125000,1,0,8.70496,-19392.4,1,-134.33,-137,1.58106
182242, 778.973, 33, -1,-1,-1,49.0691,16.5595,0.015849,8.68e+08,10,125000,1,0,-4.3688,-19194.1,0,-138.366,-133,0.436224
182259, 779.76, 29, -1,-1,-1,53.788,19.7678,0.015849,8.68e+08,10,125000,1,0,-8.43639,-19248.2,0,-139.6,-133,0.436224
182272, 780.883, 54, -1,-1,-1,32.7894,-16.8765,0.015849,8.68e+08,12,125000,1,0,13.6527,-9907.69,1,-132.927,-137,1.58106
182274, 781.079, 36, -1,-1,-1,43.812,25.0559,0.019953,8.68e+08,12,125000,1,0,-5.16215,-17255.2,0,-137.614,-137,1.58106
182276, 781.411, 10, -1,-1,-1,30.029,30.9233,0.019953,8.68e+08,12,125000,1,0,-5.25596,-10736.6,0,-137.648,-137,1.58106
182278, 781.427, 8, -1,-1,-1,59.4499,10.2152,0.025119,8.68e+08,12,125000,1,0,-10.1896,-19555.3,0,-138.113,-137,1.58106
182300, 782.226, 59, -1,-1,-1,69.9209,23.5589,0.025119,8.68e+08,10,125000,1,0,-18.4356,-18641.3,0,-140.344,-133,0.436224
182307, 782.429, 16, -1,-1,-1,43.0289,3.59424,0.019953,8.68e+08,10,125000,1,0,5.1891,-19579.8,0,-134.389,-133,0.436224
182314, 782.529, 11, -1,-1,-1,57.2544,36.8221,0.015849,8.68e+08,10,125000,1,0,-15.3731,-18081.1,0,-141.558,-133,0.436224
182316, 782.593, 12, -1,-1,-1,54.1642,0.091911,0.025119,8.68e+08,11,125000,1,0,-5.19369,-19399.2,0,-136.617,-135,0.790528
182318, 783.275, 6, -1,-1,-1,60.4258,15.6431,0.019953,8.68e+08,11,125000,1,0,-11.7858,-19243,0,-139.57,-135,0.790528
182321, 783.962, 45, -1,-1,-1,49.0721,21.5918,0.025119,8.68e+08,12,125000,1,0,-6.42911,-18528.7,1,-136.998,-137,1.58106
182338, 785.531, 0, -1,-1,-1,52.272,-2.15003,0.015849,8.68e+08,11,125000,1,0,-3.62378,-19345.8,0,-138.132,-135,0.790528
182340, 785.855, 9, -1,-1,-1,38.3205,25.796,0.019953,8.68e+08,12,125000,1,0,-3.57715,-15256.2,0,-137.127,-137,1.58106
182342, 786.045, 48, -1,-1,-1,56.7773,13.3766,0.025119,8.68e+08,12,125000,1,0,-9.07837,-19419,0,-137.788,-137,1.58106
182355, 788.009, 37, -1,-1,-1,41.1025,24.9953,0.025119,8.68e+08,12,125000,1,0,-4.26157,-16416.6,1,-136.338,-137,1.58106
182358, 788.346, 20, -1,-1,-1,40.4442,-8.92386,0.019953,8.68e+08,11,125000,1,0,8.5725,-17701,1,-133.369,-135,0.790528
182370, 789.775, 46, -1,-1,-1,54.8178,27.999,0.019953,8.68e+08,10,125000,1,0,-11.9159,-18594.6,0,-139.609,-133,0.436224
182377, 790.266, 49, -1,-1,-1,45.07,7.88241,0.019953,8.68e+08,11,125000,1,0,1.20307,-19575.8,0,-135.626,-135,0.790528
182394, 791.185, 28, -1,-1,-1,56.0984,11.391,0.025119,8.68e+08,11,125000,1,0,-8.52232,-19534,0,-137.623,-135,0.790528
182396, 791.432, 58, -1,-1,-1,61.5842,-8.00842,0.015849,8.68e+08,12,125000,1,0,-11.3428,-18674.5,0,-140.443,-137,1.58106
182398, 791.636, 53, -1,-1,-1,64.7134,-23.4263,0.025119,8.68e+08,11,125000,1,0,-14.8577,-17440.7,0,-139.417,-135,0.790528
182405, 792.661, 8, -1,-1,-1,59.4499,10.2152,0.025119,8.68e+08,12,125000,1,0,-10.702,-19428.9,0,-138.26,-137,1.58106
182417, 793.278, 59, -1,-1,-1,69.9209,23.5589,0.025119,8.68e+08,10,125000,1,0,-18.8741,-18729.9,0,-140.452,-133,0.436224
182425, 793.566, 54, -1,-1,-1,32.7894,-16.8765,0.015849,8.68e+08,12,125000,1,0,12.9292,-10514.8,1,-133.124,-137,1.58106
182432, 793.716, 51, -1,-1,-1,40.4208,27.6114,0.015849,8.68e+08,10,125000,1,0,-5.79275,-15960.5,0,-138.808,-133,0.436224
182439, 794.203, 33, -1,-1,-1,49.0691,16.5595,0.015849,8.68e+08,10,125000,1,0,-5.14824,-19161.1,0,-138.605,-133,0.436224
182451, 794.681, 16, -1,-1,-1,43.0289,3.59424,0.019953,8.68e+08,10,125000,1,0,4.28222,-19736,0,-134.667,-133,0.436224
182453, 794.797, 23, -1,-1,-1,54.1403,7.94096,0.025119,8.68e+08,12,125000,1,0,-6.63363,-19665.4,0,-137.056,-137,1.58106
182456, 795.268, 4, -1,-1,-1,41.3807,10.7829,0.015849,8.68e+08,12,125000,1,0,3.13318,-18922.9,1,-136.025,-137,1.58106
182458, 795.891, 45, -1,-1,-1,49.0721,21.5918,0.025119,8.68e+08,12,125000,1,0,-6.99393,-18672.3,0,-137.168,-137,1.58106
182465, 797.689, 36, -1,-1,-1,43.812,25.0559,0.019953,8.68e+08,12,125000,1,0,-5.91204,-17341.7,0,-137.842,-137,1.58106
182477, 798.508, 43, -1,-1,-1,55.5373,25.9108,0.019953,8.68e+08,10,125000,1,0,-12.013,-18877,0,-139.635,-133,0.436224
182479, 798.745, 6, -1,-1,-1,60.4258,15.6431,0.019953,8.68e+08,11,125000,1,0,-12.4669,-19368.3,0,-139.761,-135,0.790528
182486, 799.909, 13, -1,-1,-1,57.3143,-2.70899,0.019953,8.68e+08,11,125000,1,0,-8.48716,-19278,0,-138.611,-135,0.790528
182623, 801.256, 0, -1,-1,-1,52.272,-2.15003,0.015849,8.68e+08,11,125000,1,0,-4.45766,-19295.8,0,-138.389,-135,0.790528
182625, 801.81, 10, -1,-1,-1,30.029,30.9233,0.019953,8.68e+08,12,125000,1,0,-5.83841,-11035.8,0,-137.825,-137,1.58106
182627, 802.467, 48, -1,-1,-1,56.7773,13.3766,0.025119,8.68e+08,12,125000,1,0,-9.84269,-19339.4,0,-138.011,-137,1.58106
182634, 805.283, 46, -1,-1,-1,54.8178,27.999,0.019953,8.68e+08,10,125000,1,0,-12.5724,-18531,0,-139.792,-133,0.436224
182651, 809.711, 23, -1,-1,-1,54.1403,7.94096,0.025119,8.68e+08,12,125000,1,0,-7.37236,-19581.5,0,-137.278,-137,1.58106
182659, 809.954, 20, -1,-1,-1,40.4442,-8.92386,0.019953,8.68e+08,11,125000,1,0,6.91133,-18000.2,1,-133.863,-135,0.790528
182666, 810.097, 51, -1,-1,-1,40.4208,27.6114,0.015849,8.68e+08,10,125000,1,0,-6.46991,-16096.2,0,-139.013,-133,0.436224
182668, 810.629, 53, -1,-1,-1,64.7134,-23.4263,0.025119,8.68e+08,11,125000,1,0,-15.5823,-17425.4,0,-139.608,-135,0.790528
182670, 811.618, 36, -1,-1,-1,43.812,25.0559,0.019953,8.68e+08,12,125000,1,0,-6.53343,-17370,0,-138.03,-137,1.58106
182678, 817.03, 54, -1,-1,-1,32.7894,-16.8765,0.015849,8.68e+08,12,125000,1,0,11.5414,-11718.8,1,-133.511,-137,1.58106
182686, 819.261, 4, -1,-1,-1,41.3807,10.7829,0.015849,8.68e+08,12,125000,1,0,1.58291,-19084.4,1,-136.507,-137,1.58106
182693, 823.198, 48, -1,-1,-1,56.7773,13.3766,0.025119,8.68e+08,12,125000,1,0,-10.7894,-19292.1,0,-138.283,-137,1.58106
182700, 831.611, 23, -1,-1,-1,54.1403,7.94096,0.025119,8.68e+08,12,125000,1,0,-8.43244,-19552.7,0,-137.593,-137,1.58106
182707, 832.685, 53, -1,-1,-1,64.7134,-23.4263,0.025119,8.68e+08,11,125000,1,0,-16.4163,-17438.8,0,-139.826,-135,0.790528
182720, 836.515, 54, -1,-1,-1,32.7894,-16.8765,0.015849,8.68e+08,12,125000,1,0,10.3613,-12559.7,1,-133.847,-137,1.58106
182722, 837.259, 48, -1,-1,-1,56.7773,13.3766,0.025119,8.68e+08,12,125000,1,0,-11.4209,-19407.7,0,-138.463,-137,1.58106
