run,type,module,name,attrname,attrvalue,vectime,vecvalue
General-45-20260805-17:47:23-87901,runattr,,,configname,General,,
General-45-20260805-17:47:23-87901,runattr,,,datetime,20260805-17:47:23,,
General-45-20260805-17:47:23-87901,runattr,,,datetimef,20260805-174723,,
General-45-20260805-17:47:23-87901,runattr,,,experiment,General,,
General-45-20260805-17:47:23-87901,runattr,,,inifile,Test_MLModel_8.ini,,
General-45-20260805-17:47:23-87901,runattr,,,iterationvars,"$myraan=165, $threshold=0.50, $0=88143",,
General-45-20260805-17:47:23-87901,runattr,,,iterationvarsd,myraan=165/threshold=0.50/88143,,
General-45-20260805-17:47:23-87901,runattr,,,iterationvarsf,"myraan=165,threshold=0.50,88143-",,
General-45-20260805-17:47:23-87901,runattr,,,measurement,"$myraan=165, $threshold=0.50, $0=88143",,
General-45-20260805-17:47:23-87901,runattr,,,network,Florasat.Test_Individual.Florasat_Individual_Sats,,
General-45-20260805-17:47:23-87901,runattr,,,processid,87901,,
General-45-20260805-17:47:23-87901,runattr,,,repetition,5,,
General-45-20260805-17:47:23-87901,runattr,,,replication,#5,,
General-45-20260805-17:47:23-87901,runattr,,,resultdir,results,,
General-45-20260805-17:47:23-87901,runattr,,,runnumber,45,,
General-45-20260805-17:47:23-87901,runattr,,,seedset,45,,
General-45-20260805-17:47:23-87901,itervar,,,myraan,165,,
General-45-20260805-17:47:23-87901,itervar,,,threshold,0.50,,
General-45-20260805-17:47:23-87901,config,,,*.stats_altitude,670,,
General-45-20260805-17:47:23-87901,config,,,*.stats_raan,185,,
General-45-20260805-17:47:23-87901,config,,,image-path,../../images:../../../../samples/inet4.5_2/images,,
General-45-20260805-17:47:23-87901,config,,,network,Florasat.Test_Individual.Florasat_Individual_Sats,,
General-45-20260805-17:47:23-87901,config,,,rng-class,cMersenneTwister,,
General-45-20260805-17:47:23-87901,config,,,*.**.result-recording-modes,-,,
General-45-20260805-17:47:23-87901,config,,,**.result-recording-modes,-,,
General-45-20260805-17:47:23-87901,config,,,**.statistic-recording,true,,
General-45-20260805-17:47:23-87901,config,,,**.scalar-recording,true,,
General-45-20260805-17:47:23-87901,config,,,**.vector-recording,true,,
General-45-20260805-17:47:23-87901,config,,,**.vector-record-eventnumbers,true,,
General-45-20260805-17:47:23-87901,config,,,repeat,10,,
General-45-20260805-17:47:23-87901,config,,,seed-0-mt,88143,,
General-45-20260805-17:47:23-87901,config,,,sim-time-limit,749s,,
General-45-20260805-17:47:23-87901,config,,,simtime-resolution,-11,,
General-45-20260805-17:47:23-87901,config,,,**.stats_altitude,670,,
General-45-20260805-17:47:23-87901,config,,,**.stats_raan,185,,
General-45-20260805-17:47:23-87901,config,,,*.radioMedium.backgroundNoise.power,-110dBm,,
General-45-20260805-17:47:23-87901,config,,,*.radioMedium.mediumLimitCache.centerFrequency,868MHz,,
General-45-20260805-17:47:23-87901,config,,,*.radioMedium.mediumLimitCache.maxTransmissionDuration,4s,,
General-45-20260805-17:47:23-87901,config,,,*.radioMedium.mediumLimitCache.minInterferenceTime,0s,,
General-45-20260805-17:47:23-87901,config,,,**.numSatellites,1,,
General-45-20260805-17:47:23-87901,config,,,*.satellite[*].mobilityType,"""Sat_Mob_SatelliteMobility_Standalone""",,
General-45-20260805-17:47:23-87901,config,,,*.satellite[*].noradModuleType,"""Sat_Mob_NoradA""",,
General-45-20260805-17:47:23-87901,config,,,**.satellite[*].**.initFromDisplayString,false,,
General-45-20260805-17:47:23-87901,config,,,*.satellite[*].mobility.faceForward,true,,
General-45-20260805-17:47:23-87901,config,,,*.satellite[*].mobility.updateInterval,20s,,
General-45-20260805-17:47:23-87901,config,,,*.satellite[*].NoradModule.satName,"""FLoRaSat""",,
General-45-20260805-17:47:23-87901,config,,,*.satellite[*].NoradModule.satIndex,-1,,
General-45-20260805-17:47:23-87901,config,,,*.satellite[*].NoradModule.baseYear,20,,
General-45-20260805-17:47:23-87901,config,,,*.satellite[*].NoradModule.baseDay,1.5,,
General-45-20260805-17:47:23-87901,config,,,*.satellite[*].NoradModule.planes,1,,
General-45-20260805-17:47:23-87901,config,,,*.satellite[*].NoradModule.satPerPlane,1,,
General-45-20260805-17:47:23-87901,config,,,*.satellite[*].NoradModule.eccentricity,0.000001,,
General-45-20260805-17:47:23-87901,config,,,*.satellite[*].NoradModule.inclination,98,,
General-45-20260805-17:47:23-87901,config,,,*.satellite[*].NoradModule.altitude,670,,
General-45-20260805-17:47:23-87901,config,,,*.satellite[0].NoradModule.raan,165,,
General-45-20260805-17:47:23-87901,config,,,*.satellite[0].NoradModule.meanAnomaly,195,,
General-45-20260805-17:47:23-87901,config,,,*.satellite[*].phyDSL.radio.receiver.enableCollisionOverlap,true,,
General-45-20260805-17:47:23-87901,config,,,*.satellite[*].phyDSL.radio.receiver.minCollisionOverlap,0s,,
General-45-20260805-17:47:23-87901,config,,,*.satellite[*].phyDSL.radio.antenna.typename,ConstantGainAntenna,,
General-45-20260805-17:47:23-87901,config,,,*.satellite[*].phyDSL.radio.antenna.mobilityModule,"""^.^.^.mobility""",,
General-45-20260805-17:47:23-87901,config,,,*.satellite[*].phyISL.radio.antenna.mobilityModule,"""^.^.^.mobility""",,
General-45-20260805-17:47:23-87901,config,,,*.satellite[*].phyGSL.radio.antenna.mobilityModule,"""^.^.^.mobility""",,
General-45-20260805-17:47:23-87901,config,,,*.satellite[*].phyDSL.radio.antenna.gain,12dB,,
General-45-20260805-17:47:23-87901,config,,,*.satellite[*].net.routingType,"""Null_Routing""",,
General-45-20260805-17:47:23-87901,config,,,*.terminal[*].net.routingType,"""Ter_Null_Routing""",,
General-45-20260805-17:47:23-87901,config,,,*.**.numGroundLinks,40,,
General-45-20260805-17:47:23-87901,config,,,*.satellite[*].**.interfaceTableModule,"""""",,
General-45-20260805-17:47:23-87901,config,,,**.radioMedium.typename,LoRaMedium,,
General-45-20260805-17:47:23-87901,config,,,**.radioMedium.analogModel.typename,LoRaAnalogModel,,
General-45-20260805-17:47:23-87901,config,,,**.intraPlaneIslDisabled,false,,
General-45-20260805-17:47:23-87901,config,,,**.interPlaneIslDisabled,false,,
General-45-20260805-17:47:23-87901,config,,,**.numTerminals,60,,
General-45-20260805-17:47:23-87901,config,,,*.terminal[*].phy.radio.antenna.mobilityModule,"""^.^.^.mob""",,
General-45-20260805-17:47:23-87901,config,,,*.terminal[*].dlk.mac.interfaceTableModule,"""""",,
General-45-20260805-17:47:23-87901,config,,,*.terminal[*].dlk.energySourceModule,"""""",,
General-45-20260805-17:47:23-87901,config,,,*.terminal[*].dlk.mac.LoRaTP,"intuniform(12, 14)",,
General-45-20260805-17:47:23-87901,config,,,*.terminal[*].dlk.mac.LoRaSF,"intuniform(10, 12)",,
General-45-20260805-17:47:23-87901,config,,,*.terminal[*].dlk.mac.useMLBox,true,,
General-45-20260805-17:47:23-87901,config,,,*.terminal[*].dlk.mac.mlBox.modelPath,"""/home/ylnner/Documents/omnet++/omnetpp-6.3.0/projects/florasat_v4_ult_routing/simulations/Test_Individual/mlmodels/transformer_scripted.pt""",,
General-45-20260805-17:47:23-87901,config,,,*.terminal[*].dlk.mac.mlBox.threshold,0.50,,
General-45-20260805-17:47:23-87901,config,,,*.terminal[*].dlk.mac.mlBox.coldStart,true,,
General-45-20260805-17:47:23-87901,config,,,**.numberOfPacketsToSend,0,,
General-45-20260805-17:47:23-87901,config,,,**.timeToFirstPacket,1s,,
General-45-20260805-17:47:23-87901,config,,,**.timeToNextPacket,115s,,
General-45-20260805-17:47:23-87901,config,,,*.terminal[0].mob.radius,0.0,,
General-45-20260805-17:47:23-87901,config,,,*.terminal[0].mob.centerLatitude,54.978,,
General-45-20260805-17:47:23-87901,config,,,*.terminal[0].mob.centerLongitude,-1.617,,
General-45-20260805-17:47:23-87901,config,,,*.terminal[1].mob.radius,0.0,,
General-45-20260805-17:47:23-87901,config,,,*.terminal[1].mob.centerLatitude,52.630,,
General-45-20260805-17:47:23-87901,config,,,*.terminal[1].mob.centerLongitude,-1.139,,
General-45-20260805-17:47:23-87901,config,,,*.terminal[2].mob.radius,0.0,,
General-45-20260805-17:47:23-87901,config,,,*.terminal[2].mob.centerLatitude,52.612,,
General-45-20260805-17:47:23-87901,config,,,*.terminal[2].mob.centerLongitude,-6.295,,
General-45-20260805-17:47:23-87901,config,,,*.terminal[3].mob.radius,0.0,,
General-45-20260805-17:47:23-87901,config,,,*.terminal[3].mob.centerLatitude,47.243,,
General-45-20260805-17:47:23-87901,config,,,*.terminal[3].mob.centerLongitude,6.024,,
General-45-20260805-17:47:23-87901,config,,,*.terminal[4].mob.radius,0.0,,
General-45-20260805-17:47:23-87901,config,,,*.terminal[4].mob.centerLatitude,43.610,,
General-45-20260805-17:47:23-87901,config,,,*.terminal[4].mob.centerLongitude,3.876,,
General-45-20260805-17:47:23-87901,config,,,*.terminal[5].mob.radius,0.0,,
General-45-20260805-17:47:23-87901,config,,,*.terminal[5].mob.centerLatitude,49.443,,
General-45-20260805-17:47:23-87901,config,,,*.terminal[5].mob.centerLongitude,1.099,,
General-45-20260805-17:47:23-87901,config,,,*.terminal[6].mob.radius,0.0,,
General-45-20260805-17:47:23-87901,config,,,*.terminal[6].mob.centerLatitude,37.992,,
General-45-20260805-17:47:23-87901,config,,,*.terminal[6].mob.centerLongitude,-1.130,,
General-45-20260805-17:47:23-87901,config,,,*.terminal[7].mob.radius,0.0,,
General-45-20260805-17:47:23-87901,config,,,*.terminal[7].mob.centerLatitude,40.965,,
General-45-20260805-17:47:23-87901,config,,,*.terminal[7].mob.centerLongitude,-5.664,,
General-45-20260805-17:47:23-87901,config,,,*.terminal[8].mob.radius,0.0,,
General-45-20260805-17:47:23-87901,config,,,*.terminal[8].mob.centerLatitude,40.657,,
General-45-20260805-17:47:23-87901,config,,,*.terminal[8].mob.centerLongitude,-7.914,,
General-45-20260805-17:47:23-87901,config,,,*.terminal[9].mob.radius,0.0,,
General-45-20260805-17:47:23-87901,config,,,*.terminal[9].mob.centerLatitude,51.340,,
General-45-20260805-17:47:23-87901,config,,,*.terminal[9].mob.centerLongitude,12.373,,
General-45-20260805-17:47:23-87901,config,,,*.terminal[10].mob.radius,0.0,,
General-45-20260805-17:47:23-87901,config,,,*.terminal[10].mob.centerLatitude,51.455,,
General-45-20260805-17:47:23-87901,config,,,*.terminal[10].mob.centerLongitude,7.011,,
General-45-20260805-17:47:23-87901,config,,,*.terminal[11].mob.radius,0.0,,
General-45-20260805-17:47:23-87901,config,,,*.terminal[11].mob.centerLatitude,49.452,,
General-45-20260805-17:47:23-87901,config,,,*.terminal[11].mob.centerLongitude,11.076,,
General-45-20260805-17:47:23-87901,config,,,*.terminal[12].mob.radius,0.0,,
General-45-20260805-17:47:23-87901,config,,,*.terminal[12].mob.centerLatitude,43.769,,
General-45-20260805-17:47:23-87901,config,,,*.terminal[12].mob.centerLongitude,11.255,,
General-45-20260805-17:47:23-87901,config,,,*.terminal[13].mob.radius,0.0,,
General-45-20260805-17:47:23-87901,config,,,*.terminal[13].mob.centerLatitude,41.117,,
General-45-20260805-17:47:23-87901,config,,,*.terminal[13].mob.centerLongitude,16.871,,
General-45-20260805-17:47:23-87901,config,,,*.terminal[14].mob.radius,0.0,,
General-45-20260805-17:47:23-87901,config,,,*.terminal[14].mob.centerLatitude,52.132,,
General-45-20260805-17:47:23-87901,config,,,*.terminal[14].mob.centerLongitude,5.291,,
General-45-20260805-17:47:23-87901,config,,,*.terminal[15].mob.radius,0.0,,
General-45-20260805-17:47:23-87901,config,,,*.terminal[15].mob.centerLatitude,50.411,,
General-45-20260805-17:47:23-87901,config,,,*.terminal[15].mob.centerLongitude,4.444,,
General-45-20260805-17:47:23-87901,config,,,*.terminal[16].mob.radius,0.0,,
General-45-20260805-17:47:23-87901,config,,,*.terminal[16].mob.centerLatitude,47.559,,
General-45-20260805-17:47:23-87901,config,,,*.terminal[16].mob.centerLongitude,7.588,,
General-45-20260805-17:47:23-87901,config,,,*.terminal[17].mob.radius,0.0,,
General-45-20260805-17:47:23-87901,config,,,*.terminal[17].mob.centerLatitude,55.403,,
General-45-20260805-17:47:23-87901,config,,,*.terminal[17].mob.centerLongitude,10.402,,
General-45-20260805-17:47:23-87901,config,,,*.terminal[18].mob.radius,0.0,,
General-45-20260805-17:47:23-87901,config,,,*.terminal[18].mob.centerLatitude,59.858,,
General-45-20260805-17:47:23-87901,config,,,*.terminal[18].mob.centerLongitude,17.638,,
General-45-20260805-17:47:23-87901,config,,,*.terminal[19].mob.radius,0.0,,
General-45-20260805-17:47:23-87901,config,,,*.terminal[19].mob.centerLatitude,60.451,,
General-45-20260805-17:47:23-87901,config,,,*.terminal[19].mob.centerLongitude,22.266,,
General-45-20260805-17:47:23-87901,config,,,*.terminal[20].mob.radius,0.0,,
General-45-20260805-17:47:23-87901,config,,,*.terminal[20].mob.centerLatitude,56.325,,
General-45-20260805-17:47:23-87901,config,,,*.terminal[20].mob.centerLongitude,22.349,,
General-45-20260805-17:47:23-87901,config,,,*.terminal[21].mob.radius,0.0,,
General-45-20260805-17:47:23-87901,config,,,*.terminal[21].mob.centerLatitude,49.883,,
General-45-20260805-17:47:23-87901,config,,,*.terminal[21].mob.centerLongitude,18.568,,
General-45-20260805-17:47:23-87901,config,,,*.terminal[22].mob.radius,0.0,,
General-45-20260805-17:47:23-87901,config,,,*.terminal[22].mob.centerLatitude,47.531,,
General-45-20260805-17:47:23-87901,config,,,*.terminal[22].mob.centerLongitude,21.627,,
General-45-20260805-17:47:23-87901,config,,,*.terminal[23].mob.radius,0.0,,
General-45-20260805-17:47:23-87901,config,,,*.terminal[23].mob.centerLatitude,44.179,,
General-45-20260805-17:47:23-87901,config,,,*.terminal[23].mob.centerLongitude,28.649,,
General-45-20260805-17:47:23-87901,config,,,*.terminal[24].mob.radius,0.0,,
General-45-20260805-17:47:23-87901,config,,,*.terminal[24].mob.centerLatitude,45.327,,
General-45-20260805-17:47:23-87901,config,,,*.terminal[24].mob.centerLongitude,14.442,,
General-45-20260805-17:47:23-87901,config,,,*.terminal[25].mob.radius,0.0,,
General-45-20260805-17:47:23-87901,config,,,*.terminal[25].mob.centerLatitude,40.694,,
General-45-20260805-17:47:23-87901,config,,,*.terminal[25].mob.centerLongitude,30.400,,
General-45-20260805-17:47:23-87901,config,,,*.terminal[26].mob.radius,0.0,,
General-45-20260805-17:47:23-87901,config,,,*.terminal[26].mob.centerLatitude,37.066,,
General-45-20260805-17:47:23-87901,config,,,*.terminal[26].mob.centerLongitude,37.383,,
General-45-20260805-17:47:23-87901,config,,,*.terminal[27].mob.radius,0.0,,
General-45-20260805-17:47:23-87901,config,,,*.terminal[27].mob.centerLatitude,64.836,,
General-45-20260805-17:47:23-87901,config,,,*.terminal[27].mob.centerLongitude,-23.708,,
General-45-20260805-17:47:23-87901,config,,,*.terminal[28].mob.radius,0.0,,
General-45-20260805-17:47:23-87901,config,,,*.terminal[28].mob.centerLatitude,28.099,,
General-45-20260805-17:47:23-87901,config,,,*.terminal[28].mob.centerLongitude,-17.113,,
General-45-20260805-17:47:23-87901,config,,,*.terminal[29].mob.radius,0.0,,
General-45-20260805-17:47:23-87901,config,,,*.terminal[29].mob.centerLatitude,34.921,,
General-45-20260805-17:47:23-87901,config,,,*.terminal[29].mob.centerLongitude,33.623,,
General-45-20260805-17:47:23-87901,config,,,*.terminal[30].mob.radius,0.0,,
General-45-20260805-17:47:23-87901,config,,,*.terminal[30].mob.centerLatitude,55.953,,
General-45-20260805-17:47:23-87901,config,,,*.terminal[30].mob.centerLongitude,-3.188,,
General-45-20260805-17:47:23-87901,config,,,*.terminal[31].mob.radius,0.0,,
General-45-20260805-17:47:23-87901,config,,,*.terminal[31].mob.centerLatitude,51.481,,
General-45-20260805-17:47:23-87901,config,,,*.terminal[31].mob.centerLongitude,-3.179,,
General-45-20260805-17:47:23-87901,config,,,*.terminal[32].mob.radius,0.0,,
General-45-20260805-17:47:23-87901,config,,,*.terminal[32].mob.centerLatitude,53.349,,
General-45-20260805-17:47:23-87901,config,,,*.terminal[32].mob.centerLongitude,-6.260,,
General-45-20260805-17:47:23-87901,config,,,*.terminal[33].mob.radius,0.0,,
General-45-20260805-17:47:23-87901,config,,,*.terminal[33].mob.centerLatitude,45.764,,
General-45-20260805-17:47:23-87901,config,,,*.terminal[33].mob.centerLongitude,4.835,,
General-45-20260805-17:47:23-87901,config,,,*.terminal[34].mob.radius,0.0,,
General-45-20260805-17:47:23-87901,config,,,*.terminal[34].mob.centerLatitude,48.573,,
General-45-20260805-17:47:23-87901,config,,,*.terminal[34].mob.centerLongitude,7.752,,
General-45-20260805-17:47:23-87901,config,,,*.terminal[35].mob.radius,0.0,,
General-45-20260805-17:47:23-87901,config,,,*.terminal[35].mob.centerLatitude,44.837,,
General-45-20260805-17:47:23-87901,config,,,*.terminal[35].mob.centerLongitude,-0.579,,
General-45-20260805-17:47:23-87901,config,,,*.terminal[36].mob.radius,0.0,,
General-45-20260805-17:47:23-87901,config,,,*.terminal[36].mob.centerLatitude,41.385,,
General-45-20260805-17:47:23-87901,config,,,*.terminal[36].mob.centerLongitude,2.173,,
General-45-20260805-17:47:23-87901,config,,,*.terminal[37].mob.radius,0.0,,
General-45-20260805-17:47:23-87901,config,,,*.terminal[37].mob.centerLatitude,41.157,,
General-45-20260805-17:47:23-87901,config,,,*.terminal[37].mob.centerLongitude,-8.629,,
General-45-20260805-17:47:23-87901,config,,,*.terminal[38].mob.radius,0.0,,
General-45-20260805-17:47:23-87901,config,,,*.terminal[38].mob.centerLatitude,37.389,,
General-45-20260805-17:47:23-87901,config,,,*.terminal[38].mob.centerLongitude,-5.984,,
General-45-20260805-17:47:23-87901,config,,,*.terminal[39].mob.radius,0.0,,
General-45-20260805-17:47:23-87901,config,,,*.terminal[39].mob.centerLatitude,53.551,,
General-45-20260805-17:47:23-87901,config,,,*.terminal[39].mob.centerLongitude,9.993,,
General-45-20260805-17:47:23-87901,config,,,*.terminal[40].mob.radius,0.0,,
General-45-20260805-17:47:23-87901,config,,,*.terminal[40].mob.centerLatitude,48.135,,
General-45-20260805-17:47:23-87901,config,,,*.terminal[40].mob.centerLongitude,11.582,,
General-45-20260805-17:47:23-87901,config,,,*.terminal[41].mob.radius,0.0,,
General-45-20260805-17:47:23-87901,config,,,*.terminal[41].mob.centerLatitude,50.110,,
General-45-20260805-17:47:23-87901,config,,,*.terminal[41].mob.centerLongitude,8.682,,
General-45-20260805-17:47:23-87901,config,,,*.terminal[42].mob.radius,0.0,,
General-45-20260805-17:47:23-87901,config,,,*.terminal[42].mob.centerLatitude,45.464,,
General-45-20260805-17:47:23-87901,config,,,*.terminal[42].mob.centerLongitude,9.190,,
General-45-20260805-17:47:23-87901,config,,,*.terminal[43].mob.radius,0.0,,
General-45-20260805-17:47:23-87901,config,,,*.terminal[43].mob.centerLatitude,40.851,,
General-45-20260805-17:47:23-87901,config,,,*.terminal[43].mob.centerLongitude,14.268,,
General-45-20260805-17:47:23-87901,config,,,*.terminal[44].mob.radius,0.0,,
General-45-20260805-17:47:23-87901,config,,,*.terminal[44].mob.centerLatitude,51.209,,
General-45-20260805-17:47:23-87901,config,,,*.terminal[44].mob.centerLongitude,3.224,,
General-45-20260805-17:47:23-87901,config,,,*.terminal[45].mob.radius,0.0,,
General-45-20260805-17:47:23-87901,config,,,*.terminal[45].mob.centerLatitude,48.208,,
General-45-20260805-17:47:23-87901,config,,,*.terminal[45].mob.centerLongitude,16.373,,
General-45-20260805-17:47:23-87901,config,,,*.terminal[46].mob.radius,0.0,,
General-45-20260805-17:47:23-87901,config,,,*.terminal[46].mob.centerLatitude,52.229,,
General-45-20260805-17:47:23-87901,config,,,*.terminal[46].mob.centerLongitude,21.012,,
General-45-20260805-17:47:23-87901,config,,,*.terminal[47].mob.radius,0.0,,
General-45-20260805-17:47:23-87901,config,,,*.terminal[47].mob.centerLatitude,59.913,,
General-45-20260805-17:47:23-87901,config,,,*.terminal[47].mob.centerLongitude,10.752,,
General-45-20260805-17:47:23-87901,config,,,*.terminal[48].mob.radius,0.0,,
General-45-20260805-17:47:23-87901,config,,,*.terminal[48].mob.centerLatitude,56.949,,
General-45-20260805-17:47:23-87901,config,,,*.terminal[48].mob.centerLongitude,24.105,,
General-45-20260805-17:47:23-87901,config,,,*.terminal[49].mob.radius,0.0,,
General-45-20260805-17:47:23-87901,config,,,*.terminal[49].mob.centerLatitude,59.437,,
General-45-20260805-17:47:23-87901,config,,,*.terminal[49].mob.centerLongitude,24.753,,
General-45-20260805-17:47:23-87901,config,,,*.terminal[50].mob.radius,0.0,,
General-45-20260805-17:47:23-87901,config,,,*.terminal[50].mob.centerLatitude,50.075,,
General-45-20260805-17:47:23-87901,config,,,*.terminal[50].mob.centerLongitude,14.437,,
General-45-20260805-17:47:23-87901,config,,,*.terminal[51].mob.radius,0.0,,
General-45-20260805-17:47:23-87901,config,,,*.terminal[51].mob.centerLatitude,42.697,,
General-45-20260805-17:47:23-87901,config,,,*.terminal[51].mob.centerLongitude,23.321,,
General-45-20260805-17:47:23-87901,config,,,*.terminal[52].mob.radius,0.0,,
General-45-20260805-17:47:23-87901,config,,,*.terminal[52].mob.centerLatitude,45.815,,
General-45-20260805-17:47:23-87901,config,,,*.terminal[52].mob.centerLongitude,15.981,,
General-45-20260805-17:47:23-87901,config,,,*.terminal[53].mob.radius,0.0,,
General-45-20260805-17:47:23-87901,config,,,*.terminal[53].mob.centerLatitude,40.640,,
General-45-20260805-17:47:23-87901,config,,,*.terminal[53].mob.centerLongitude,22.944,,
General-45-20260805-17:47:23-87901,config,,,*.terminal[54].mob.radius,0.0,,
General-45-20260805-17:47:23-87901,config,,,*.terminal[54].mob.centerLatitude,39.933,,
General-45-20260805-17:47:23-87901,config,,,*.terminal[54].mob.centerLongitude,32.859,,
General-45-20260805-17:47:23-87901,config,,,*.terminal[55].mob.radius,0.0,,
General-45-20260805-17:47:23-87901,config,,,*.terminal[55].mob.centerLatitude,38.419,,
General-45-20260805-17:47:23-87901,config,,,*.terminal[55].mob.centerLongitude,27.128,,
General-45-20260805-17:47:23-87901,config,,,*.terminal[56].mob.radius,0.0,,
General-45-20260805-17:47:23-87901,config,,,*.terminal[56].mob.centerLatitude,35.898,,
General-45-20260805-17:47:23-87901,config,,,*.terminal[56].mob.centerLongitude,14.514,,
General-45-20260805-17:47:23-87901,config,,,*.terminal[57].mob.radius,0.0,,
General-45-20260805-17:47:23-87901,config,,,*.terminal[57].mob.centerLatitude,65.683,,
General-45-20260805-17:47:23-87901,config,,,*.terminal[57].mob.centerLongitude,-18.087,,
General-45-20260805-17:47:23-87901,config,,,*.terminal[58].mob.radius,0.0,,
General-45-20260805-17:47:23-87901,config,,,*.terminal[58].mob.centerLatitude,28.463,,
General-45-20260805-17:47:23-87901,config,,,*.terminal[58].mob.centerLongitude,-16.251,,
General-45-20260805-17:47:23-87901,config,,,*.terminal[59].mob.radius,0.0,,
General-45-20260805-17:47:23-87901,config,,,*.terminal[59].mob.centerLatitude,35.185,,
General-45-20260805-17:47:23-87901,config,,,*.terminal[59].mob.centerLongitude,33.382,,
General-45-20260805-17:47:23-87901,config,,,**.numStations,3,,
General-45-20260805-17:47:23-87901,config,,,**.numStations,3,,
General-45-20260805-17:47:23-87901,config,,,*.station[0].mobility.latitude,55.752,,
General-45-20260805-17:47:23-87901,config,,,*.station[0].mobility.longitude,37.616,,
General-45-20260805-17:47:23-87901,config,,,*.station[0].cityName,"""Moscow""",,
General-45-20260805-17:47:23-87901,config,,,*.station[0].groundStationId,7,,
General-45-20260805-17:47:23-87901,config,,,*.station[0].routerAddr,"""10.0.0.29""",,
General-45-20260805-17:47:23-87901,config,,,*.station[0].serving,"""10.0.0.29""",,
General-45-20260805-17:47:23-87901,config,,,*.station[1].mobility.latitude,28.652,,
General-45-20260805-17:47:23-87901,config,,,*.station[1].mobility.longitude,77.231,,
General-45-20260805-17:47:23-87901,config,,,*.station[1].cityName,"""Delhi""",,
General-45-20260805-17:47:23-87901,config,,,*.station[1].groundStationId,11,,
General-45-20260805-17:47:23-87901,config,,,*.station[1].routerAddr,"""10.0.0.45""",,
General-45-20260805-17:47:23-87901,config,,,*.station[1].serving,"""10.0.0.45""",,
General-45-20260805-17:47:23-87901,config,,,*.station[2].mobility.latitude,25.35,,
General-45-20260805-17:47:23-87901,config,,,*.station[2].mobility.longitude,51.24,,
General-45-20260805-17:47:23-87901,config,,,*.station[2].cityName,"""Katar""",,
General-45-20260805-17:47:23-87901,config,,,*.station[2].groundStationId,19,,
General-45-20260805-17:47:23-87901,config,,,*.station[2].routerAddr,"""10.0.0.77""",,
General-45-20260805-17:47:23-87901,config,,,*.station[2].serving,"""10.0.0.77""",,
General-45-20260805-17:47:23-87901,config,,,*.visualizer.canvasVisualizer.mediumVisualizer.typename,,,
General-45-20260805-17:47:23-87901,config,,,*.visualizer.*.radioVisualizer.displayAntennaLobes,true,,
General-45-20260805-17:47:23-87901,config,,,*.visualizer.*.dataLinkVisualizer.displayLinks,true,,
General-45-20260805-17:47:23-87901,config,,,*.visualizer.*.mobilityVisualizer.displayMovementTrails,true,,
General-45-20260805-17:47:23-87901,config,,,*.visualizer.*.mobilityVisualizer.movementTrailLineWidth,1,,
General-45-20260805-17:47:23-87901,config,,,*.visualizer.*.mobilityVisualizer.trailLength,3000,,
General-45-20260805-17:47:23-87901,config,,,**.ttxStart_max,1s,,
General-45-20260805-17:47:23-87901,config,,,**.ttxIdle_min,10s,,
General-45-20260805-17:47:23-87901,config,,,**.ttxIdle_max,15s,,
General-45-20260805-17:47:23-87901,config,,,**.Ntw,1,,
General-45-20260805-17:47:23-87901,config,,,**.Ntx,5,,
General-45-20260805-17:47:23-87901,config,,,**.ttwDuration,100s,,
General-45-20260805-17:47:23-87901,config,,,output-scalar-file,results/results_florasat_ml_trf_no_buffer/transformer-raan-165-th-0.50-General-5.sca,,
General-45-20260805-17:47:23-87901,config,,,output-vector-file,results/results_florasat_ml_trf_no_buffer/transformer-raan-165-th-0.50-General-5.vec,,
General-45-20260805-17:47:23-87901,vector,Florasat_Individual_Sats.terminal[31].dlk.mac,vector_preds_Transformer,,,"1.00968420738 14.32886499329 25.76204495853 37.40175444283 51.5244014177 116.10720789409 127.43214222137 139.50523280422 150.83954002126 162.87673394428 231.38767882669 244.05684368987 256.63744667498 268.40138292126 279.80186178069 346.92855210695 360.35936854616 373.42840934707 384.96394108934 399.2040128198 461.75115474453 472.32186788064 483.93657112913 494.43194154254 508.01003225683 576.42742441245 590.38252569828 603.28761886433 614.19651509938 624.59414482908 691.15387112019 704.81842583977 719.11954316078 730.73934379616 744.15450473316","1893101 1893102 1893103 1893104 1893105 1899101 1899102 1899103 1899104.1 1899105.1 1905101.1 1905102.1 1905103.1 1905104.1 1905105.1 1911101.1 1911102.1 1911103.1 1911104.1 1911105.1 1917101.1 1917102.1 1917103.1 1917104.1 1917105.1 1923101 1923102 1923103 1923104 1923105 1929101 1929102 1929103 1929104 1929105"
General-45-20260805-17:47:23-87901,vector,Florasat_Individual_Sats.terminal[2].dlk.mac,vector_preds_Transformer,,,"1.02292192797 11.88794811535 23.22427590889 37.56391492252 49.69267171271 116.6592237174 131.24137889314 143.90308445273 154.71364501468 168.88765159482 231.37935416237 244.1635129 256.68380710808 269.47723090345 282.98331592743 346.02597157913 359.11800986132 371.24901427398 383.34337357641 396.44575588265 461.12850030093 474.9053538174 489.65380603705 499.72655889021 513.08397068318 576.43385607935 590.57203076966 605.3000691901 618.81706042868 629.81786456146 691.16822168417 705.75559220812 716.34757272154 728.71717491839 740.76130127953","1890201 1890202 1890203 1890204 1890205 1896201.1 1896202.1 1896203.1 1896204.1 1896205.1 1902201.1 1902202.1 1902203.1 1902204.1 1902205.1 1908201.1 1908202.1 1908203.1 1908204.1 1908205.1 1914201.1 1914202.1 1914203.1 1914204.1 1914205.1 1920201 1920202 1920203 1920204 1920205 1926201 1926202 1926203 1926204 1926205"
General-45-20260805-17:47:23-87901,vector,Florasat_Individual_Sats.terminal[59].dlk.mac,vector_preds_Transformer,,,"1.09469425026 14.67694898927 25.00153148174 35.45762625732 45.51989251608 116.68876851443 127.82985764206 140.85751931881 154.36478760559 164.52678517322 231.38395648752 244.9622161088 258.21256203297 268.21296645747 280.78912461944 346.23345620045 356.63116148603 370.5159246414 383.88912863727 397.89735686779 461.37925748876 476.34084941866 490.09996887809 500.98740246659 514.57314124028 576.47515410883 587.26032989309 602.06090542232 614.16437164741 628.87620683387 691.58941463241 704.5534358141 719.54416462476 734.08336961199 747.49619637522","1895901 1895902 1895903 1895904 1895905 1901901 1901902 1901903 1901904 1901905 1907901 1907902 1907903 1907904 1907905 1913901 1913902 1913903 1913904 1913905 1919901 1919902 1919903 1919904 1919905 1925901 1925902 1925903 1925904 1925905 1931901 1931902 1931903 1931904 1931905"
General-45-20260805-17:47:23-87901,vector,Florasat_Individual_Sats.terminal[13].dlk.mac,vector_preds_Transformer,,,"1.09597876272 12.03545979759 23.19771776976 36.05818550404 50.01798043213 116.84533344884 128.80612071906 139.92777000367 152.28894590819 164.8632377882 231.26262381463 244.08909684536 254.33817441249 264.6052484496 278.86830468569 346.76070758794 360.4543187779 373.43643476326 387.38791099005 399.67793945992 461.2415853967 474.83162490977 488.55896684085 501.57008533692 514.89618055034 576.62273382791 587.66936359717 600.2411398061 612.09142175293 626.27478526346 691.49708749144 704.92846543435 719.18664669967 733.36368307122 745.71991946548","1891301 1891302 1891303 1891304 1891305 1897301 1897302 1897303 1897304 1897305 1903301 1903302 1903303 1903304 1903305 1909301 1909302 1909303 1909304 1909305 1915301 1915302 1915303 1915304 1915305 1921301 1921302 1921303 1921304 1921305 1927301 1927302 1927303 1927304 1927305"
General-45-20260805-17:47:23-87901,vector,Florasat_Individual_Sats.terminal[32].dlk.mac,vector_preds_Transformer,,,"1.10021691397 11.28342725546 25.93035586039 40.38825184899 53.78737378144 116.38373600808 127.06411085581 140.38795625 151.30086918385 164.14676342532 231.09656732134 243.36750021042 254.56285848004 268.15611112701 280.18878823101 346.455099446 361.26249436825 372.40766732558 386.17145124078 397.20614647679 461.16550856992 472.79407470278 483.95873651514 495.10266249092 507.90777571873 576.65594634716 588.10455785133 601.74914506264 613.96036266349 624.64665689622 691.56603169441 701.84864712809 712.32529884483 723.97811216581 737.01620565657","1893201 1893202 1893203.1 1893204.1 1893205.1 1899201.1 1899202.1 1899203.1 1899204.1 1899205.1 1905201.1 1905202.1 1905203.1 1905204.1 1905205.1 1911201.1 1911202.1 1911203.1 1911204.1 1911205.1 1917201.1 1917202.1 1917203.1 1917204 1917205 1923201 1923202 1923203 1923204 1923205 1929201 1929202 1929203 1929204 1929205"
General-45-20260805-17:47:23-87901,vector,Florasat_Individual_Sats.terminal[1].dlk.mac,vector_preds_Transformer,,,"1.11537396628 11.96688297391 23.95307104872 38.64707978513 52.8597741942 116.15511613269 127.16857262142 140.35518411151 153.66390147316 166.86394073837 231.08673247462 244.53962237993 257.35995524632 272.35212851618 286.82251904928 346.27880391153 358.7372388884 368.93570408994 382.45032930817 396.1244217034 461.00427550031 471.45352898166 483.65600723774 496.83657298913 511.08621751425 576.13392944424 590.9099577167 600.921423421 613.91809749276 626.39481179275 691.60486502876 702.05801891699 716.34397342639 729.41513031093 743.99495015224","1890101.1 1890102.1 1890103.1 1890104.1 1890105.1 1896101.1 1896102.1 1896103.1 1896104.1 1896105.1 1902101.1 1902102.1 1902103.1 1902104.1 1902105.1 1908101.1 1908102.1 1908103.1 1908104.1 1908105.1 1914101 1914102 1914103 1914104 1914105 1920101 1920102 1920103 1920104 1920105 1926101 1926102 1926103 1926104 1926105"
General-45-20260805-17:47:23-87901,vector,Florasat_Individual_Sats.terminal[14].dlk.mac,vector_preds_Transformer,,,"1.12134470697 14.45678662136 27.62994525931 38.68929571449 49.40789373219 116.20128165116 130.33883016208 145.23153622868 160.12828130159 173.51861715783 231.24308625818 243.68735741009 257.81603603624 272.52609884832 285.77663136763 346.44645752176 361.3717528726 375.78498720913 387.78921664599 401.6362148025 461.2629185929 472.91062117182 484.58101627394 497.05081034312 508.30116116418 576.83856431814 589.70921777841 601.14108318184 611.97609200329 622.08986553085 691.87380467285 703.4023065234 715.67074461933 727.89242357923 739.26434741448","1891401 1891402 1891403 1891404 1891405 1897401.1 1897402.1 1897403.1 1897404.1 1897405.1 1903401.1 1903402.1 1903403.1 1903404.1 1903405.1 1909401.1 1909402.1 1909403 1909404 1909405 1915401 1915402 1915403 1915404 1915405 1921401 1921402 1921403 1921404 1921405 1927401 1927402 1927403 1927404 1927405"
General-45-20260805-17:47:23-87901,vector,Florasat_Individual_Sats.terminal[6].dlk.mac,vector_preds_Transformer,,,"1.14409481408 14.80723291053 28.80949745304 41.42851851299 55.81541694468 116.34240291943 130.66728441324 144.81746726949 158.32931636065 171.00948613301 231.91733662272 243.10791791417 257.86684968393 269.05208939571 279.19757591329 346.24125218531 359.42731553968 372.75775611214 383.75689201685 398.21012867777 461.92406856734 472.07794306264 484.55128917284 495.61623147269 506.14441628614 576.63056710875 587.68299104087 600.42658485961 614.55572161614 625.37463236391 691.83379621617 704.99203900713 718.44054884533 728.98550864099 739.41800861875","1890601 1890602 1890603 1890604 1890605 1896601 1896602 1896603 1896604 1896605 1902601 1902602 1902603 1902604 1902605 1908601 1908602 1908603 1908604 1908605 1914601.1 1914602.1 1914603.1 1914604.1 1914605.1 1920601.1 1920602.1 1920603.1 1920604.1 1920605.1 1926601.1 1926602.1 1926603.1 1926604.1 1926605.1"
General-45-20260805-17:47:23-87901,vector,Florasat_Individual_Sats.terminal[15].dlk.mac,vector_preds_Transformer,,,"1.15430202591 14.64858118933 27.4852329262 37.58273545792 50.68093322706 116.18524668948 128.58383037127 140.86163011357 151.39809300169 165.32204094786 231.56017275387 242.48016133764 253.97557080466 264.13236824189 275.68861143639 346.07064122614 359.56423781394 373.8345882767 386.39206306358 399.24750503666 461.38656465453 475.0125477626 485.30475895153 499.40872320206 510.41316927293 576.59575094003 588.11693746713 599.25426490721 610.4321199446 623.6563889531 691.7588539389 706.59006793192 717.15526223556 728.55106033525 741.15561671346","1891501 1891502 1891503 1891504 1891505 1897501 1897502 1897503 1897504.1 1897505.1 1903501.1 1903502.1 1903503.1 1903504.1 1903505.1 1909501.1 1909502.1 1909503.1 1909504.1 1909505.1 1915501 1915502 1915503 1915504 1915505 1921501 1921502 1921503 1921504 1921505 1927501 1927502 1927503 1927504 1927505"
General-45-20260805-17:47:23-87901,vector,Florasat_Individual_Sats.terminal[7].dlk.mac,vector_preds_Transformer,,,"1.15835158993 13.59632235044 26.69025160047 39.28675281606 50.18398309034 116.9756876016 130.3802492856 144.88458718778 157.93596616038 168.88416876341 231.76482902979 242.1745506979 252.67748141568 263.40094116307 276.86815800867 346.38516726578 357.6169045819 368.47058194247 382.2531013356 392.44630603492 461.9564097689 476.72496144427 488.06295474526 500.84553296911 515.09821392713 576.49221812119 590.53821439133 605.11050119158 615.66511922609 627.7556855951 691.43779632612 702.83214213769 712.86070070323 724.52143410664 738.31808749913","1890701 1890702 1890703 1890704 1890705 1896701 1896702 1896703 1896704 1896705 1902701 1902702 1902703 1902704 1902705 1908701 1908702.1 1908703.1 1908704.1 1908705.1 1914701.1 1914702.1 1914703.1 1914704.1 1914705.1 1920701.1 1920702.1 1920703.1 1920704.1 1920705.1 1926701.1 1926702.1 1926703.1 1926704.1 1926705.1"
General-45-20260805-17:47:23-87901,vector,Florasat_Individual_Sats.terminal[27].dlk.mac,vector_preds_Transformer,,,"1.16534225852 13.71866797772 27.36712176213 42.12723225448 55.36653603171 116.77799646487 131.43714377517 141.87713817903 153.51612055535 163.92056234857 231.17626341968 246.01555375126 258.13914318895 269.64301447943 282.77053663251 346.36748458492 358.06121433271 371.5189694753 386.26623017831 397.18055928593 461.30548680644 473.2888271052 486.33818948852 500.73658037792 515.49395871559 576.90836191387 589.44371250202 603.32018978056 615.40348241083 625.82387797512 691.3310696939 703.95404725545 718.70751298475 730.09157746308 744.38738907082","1892701.1 1892702.1 1892703.1 1892704.1 1892705.1 1898701.1 1898702.1 1898703.1 1898704.1 1898705.1 1904701.1 1904702.1 1904703.1 1904704.1 1904705.1 1910701 1910702 1910703 1910704 1910705 1916701 1916702 1916703 1916704 1916705 1922701 1922702 1922703 1922704 1922705 1928701 1928702 1928703 1928704 1928705"
General-45-20260805-17:47:23-87901,vector,Florasat_Individual_Sats.terminal[34].dlk.mac,vector_preds_Transformer,,,"1.17768083047 11.97592223342 22.62852274975 36.40775683731 50.65968258701 116.77296485892 127.26379505499 138.22435478238 149.54362924933 162.96947621299 231.54208702012 244.02891718876 256.44741463103 267.22174428148 277.77634415404 346.85242051375 361.63773192675 376.2043139711 390.33787738182 401.34677874622 461.20257688034 476.10381515161 488.718761808 500.74576347065 511.04368882999 576.32234681491 591.05779946409 604.58210644871 618.66875759768 633.43109999178 691.09970565583 704.64751977171 716.93568817969 729.82294157078 740.01838257001","1893401 1893402 1893403 1893404 1893405 1899401 1899402 1899403 1899404 1899405 1905401 1905402 1905403 1905404 1905405 1911401 1911402 1911403 1911404 1911405 1917401 1917402 1917403 1917404 1917405 1923401 1923402 1923403 1923404 1923405 1929401 1929402 1929403 1929404 1929405"
General-45-20260805-17:47:23-87901,vector,Florasat_Individual_Sats.terminal[17].dlk.mac,vector_preds_Transformer,,,"1.21755503723 15.28319977945 28.49394395039 40.09299561753 51.88700071558 116.4826153426 130.72150368337 144.70515649743 155.34800767527 167.07480236516 231.85895410087 243.08963723434 256.07427046471 270.21638076589 281.60125341918 346.3399520868 360.90566371242 375.44819333614 386.44339871034 399.30047954922 461.02632657089 473.67733320384 485.49773806869 499.91182387154 510.01287955488 576.24520334997 587.57607489708 599.3389537232 609.47502895375 621.47666822304 691.64276230475 703.46856131428 713.51836295892 727.85636477732 742.07257762063","1891701.1 1891702.1 1891703.1 1891704.1 1891705.1 1897701.1 1897702.1 1897703.1 1897704.1 1897705.1 1903701.1 1903702.1 1903703.1 1903704.1 1903705.1 1909701 1909702 1909703 1909704 1909705 1915701 1915702 1915703 1915704 1915705 1921701 1921702 1921703 1921704 1921705 1927701 1927702 1927703 1927704 1927705"
General-45-20260805-17:47:23-87901,vector,Florasat_Individual_Sats.terminal[48].dlk.mac,vector_preds_Transformer,,,"1.23775876034 14.05463248747 26.266590385 40.25350076985 54.76153560472 116.34515966848 128.82719359338 140.75556976232 152.41693389346 163.49008549098 231.16958088451 241.8982084326 256.41344935377 269.8367031021 279.98543988191 346.96078231442 358.85401663254 371.68529234477 381.68642871198 393.65623386926 461.82646228187 476.44092187705 487.03585849563 499.98450665106 514.95717538823 576.37373458408 589.24552188418 602.48634300009 616.56473891507 628.22481017257 691.84840023611 702.08240868151 716.30966105126 729.74088000111 743.65380471899","1894801.1 1894802.1 1894803.1 1894804.1 1894805.1 1900801.1 1900802.1 1900803.1 1900804.1 1900805.1 1906801 1906802 1906803 1906804 1906805 1912801 1912802 1912803 1912804 1912805 1918801 1918802 1918803 1918804 1918805 1924801 1924802 1924803 1924804 1924805 1930801 1930802 1930803 1930804 1930805"
General-45-20260805-17:47:23-87901,vector,Florasat_Individual_Sats.terminal[33].dlk.mac,vector_preds_Transformer,,,"1.24194465531 15.42132215062 26.98562331335 39.82719634148 54.63060592372 116.0806506977 127.68411677797 142.59017653415 156.05053261273 166.20644161712 231.69596542581 246.63106003054 259.58717676322 272.59051730949 282.65939405048 346.22200562502 356.86547671677 369.63720227242 383.25901873176 397.6002862316 461.87302008038 473.38306213962 484.44539042306 495.12785337865 509.94791252189 576.02014694968 589.85308590485 600.97323730961 611.50351304352 623.13737335406 691.02221630444 702.65014866763 716.93865211262 731.42001807155 744.34331783141","1893301 1893302 1893303 1893304 1893305 1899301 1899302 1899303 1899304 1899305 1905301 1905302 1905303 1905304 1905305 1911301.1 1911302.1 1911303.1 1911304.1 1911305.1 1917301.1 1917302.1 1917303.1 1917304.1 1917305.1 1923301 1923302 1923303 1923304 1923305 1929301 1929302 1929303 1929304 1929305"
General-45-20260805-17:47:23-87901,vector,Florasat_Individual_Sats.terminal[38].dlk.mac,vector_preds_Transformer,,,"1.25357247028 12.89625156275 24.94587136037 37.46361897397 47.50912886998 116.04338557972 130.30660697772 140.42660843978 151.63873883128 165.26312327991 231.67216002243 245.77908527339 258.10051258886 272.32589108404 287.30212749215 346.81729030237 357.38894406031 370.3837055529 381.98073817673 396.66966627375 461.2890850862 475.04209206602 487.64089932944 501.42588219884 516.3166444858 576.36176610342 588.77943212259 600.04769777855 611.28281352086 624.05760473082 691.90910120076 705.19744690089 717.83184167161 730.03604543209 742.58877070784","1893801 1893802 1893803 1893804 1893805 1899801 1899802 1899803 1899804 1899805 1905801 1905802 1905803 1905804 1905805 1911801 1911802 1911803 1911804 1911805 1917801.1 1917802.1 1917803.1 1917804.1 1917805.1 1923801.1 1923802.1 1923803.1 1923804.1 1923805.1 1929801.1 1929802.1 1929803.1 1929804.1 1929805.1"
General-45-20260805-17:47:23-87901,vector,Florasat_Individual_Sats.terminal[12].dlk.mac,vector_preds_Transformer,,,"1.30379277002 12.92552070413 26.61212365097 37.05897072517 51.45803559758 116.17477198481 129.23405391863 142.99068222871 156.13459926216 167.67106255168 231.04420874128 242.75748082297 252.93218078651 263.31118360139 274.93797815266 346.27512939274 356.67207179824 371.29990825779 381.47629151703 394.47581871878 461.55373479472 473.36323343217 485.43924303259 495.46929421252 506.16435438045 576.93625923758 589.04611919121 602.44957046629 617.38976046372 630.55122392996 691.34093829058 703.61168579291 718.19079432962 731.54741773824 744.11357106152","1891201 1891202 1891203 1891204 1891205 1897201 1897202 1897203 1897204 1897205 1903201 1903202 1903203 1903204 1903205 1909201 1909202 1909203 1909204 1909205 1915201 1915202 1915203 1915204 1915205 1921201 1921202 1921203 1921204 1921205 1927201 1927202 1927203 1927204 1927205"
General-45-20260805-17:47:23-87901,vector,Florasat_Individual_Sats.terminal[35].dlk.mac,vector_preds_Transformer,,,"1.30450498383 15.78761449154 27.56392331631 38.34908703412 50.08548900555 116.70725784311 129.64778655721 141.70508659491 154.22092345124 165.9374253375 231.04625701881 243.48915581917 254.86079266388 268.35090741375 280.83476485544 346.35389199411 356.35666697915 370.80191299366 384.19742396497 397.0852246827 461.65699803666 473.09161829343 486.16726574884 500.27700744732 510.91893457737 576.49087890121 589.82235450833 601.82327205036 616.54266622453 628.60095416498 691.88463858934 704.28091564006 715.89580261754 727.22867941274 737.63484781515","1893501 1893502 1893503 1893504 1893505 1899501 1899502 1899503 1899504 1899505 1905501 1905502 1905503 1905504 1905505 1911501 1911502 1911503.1 1911504.1 1911505.1 1917501.1 1917502.1 1917503.1 1917504.1 1917505.1 1923501.1 1923502.1 1923503.1 1923504.1 1923505.1 1929501 1929502 1929503 1929504 1929505"
General-45-20260805-17:47:23-87901,vector,Florasat_Individual_Sats.terminal[45].dlk.mac,vector_preds_Transformer,,,"1.32161109592 15.6783471047 25.75285330881 38.86337623699 51.19902811828 116.96535332943 127.09948013653 140.20884935628 150.534245905 160.68673805217 231.69285386917 244.15310339653 257.36448079464 268.58761994983 283.58584995498 346.57935294672 356.93743390264 367.3878556164 377.45508460212 392.17672997388 461.25144463079 472.41057325667 484.81427686685 496.409901771 508.20569731342 576.04754524003 586.25149946125 599.96694915626 613.39550738154 624.06326988643 691.63910222426 704.14119450096 714.45322667318 724.49273463175 738.64870467758","1894501 1894502 1894503 1894504 1894505 1900501 1900502 1900503 1900504 1900505 1906501 1906502 1906503 1906504 1906505 1912501 1912502 1912503 1912504 1912505 1918501 1918502 1918503 1918504 1918505 1924501 1924502 1924503 1924504 1924505 1930501 1930502 1930503 1930504 1930505"
General-45-20260805-17:47:23-87901,vector,Florasat_Individual_Sats.terminal[54].dlk.mac,vector_preds_Transformer,,,"1.33250680962 13.28348893184 25.43448737101 35.43511671224 50.22173341923 116.31424000324 130.87659373251 141.75982543221 154.68350640452 167.82109124889 231.0047927564 242.19612532132 256.6932803865 269.36643936741 282.45139181451 346.51387643768 359.74292709493 371.77600804484 384.36070535332 396.62872682791 461.34337673942 473.79582818062 485.70591601706 495.93886775128 507.23220115691 576.74439929705 588.74871775671 601.2523954378 612.9764979675 624.72595420364 691.42286201473 705.24348022067 717.93346843915 731.9571564137 744.15731205372","1895401 1895402 1895403 1895404 1895405 1901401 1901402 1901403 1901404 1901405 1907401 1907402 1907403 1907404 1907405 1913401 1913402 1913403 1913404 1913405 1919401 1919402 1919403 1919404 1919405 1925401 1925402 1925403 1925404 1925405 1931401 1931402 1931403 1931404 1931405"
General-45-20260805-17:47:23-87901,vector,Florasat_Individual_Sats.terminal[23].dlk.mac,vector_preds_Transformer,,,"1.35536264931 12.72194539616 25.74734698935 37.64542348637 52.5810197387 116.07967677922 128.05805929983 139.88337644073 153.79153627832 167.19293253193 231.34046770446 242.12297232519 255.8972478942 269.74763096822 281.22827493865 346.56554060103 359.59107365389 372.50174843287 382.99389050156 395.22829088895 461.56973973196 471.81865061913 482.036979086 493.48128630128 507.35089072306 576.83646471566 591.80900471146 606.10478526192 616.24979979336 629.91680058628 691.39310143841 705.35270820441 716.75949810957 728.58300395845 739.456573545","1892301 1892302 1892303 1892304 1892305 1898301 1898302 1898303 1898304 1898305 1904301 1904302 1904303 1904304 1904305 1910301 1910302 1910303 1910304 1910305 1916301 1916302 1916303 1916304 1916305 1922301 1922302 1922303 1922304 1922305 1928301 1928302 1928303 1928304 1928305"
General-45-20260805-17:47:23-87901,vector,Florasat_Individual_Sats.terminal[56].dlk.mac,vector_preds_Transformer,,,"1.40242773248 14.31785642775 24.77849779441 36.91803269112 51.8583441889 116.92595735355 128.25750920502 138.29632318392 149.51896328758 163.77172334864 231.85235488135 245.26443452481 259.85769367218 271.17644215841 284.04792856798 346.03605122818 357.35608601175 372.08180571022 383.89405111596 398.32263578591 461.05278974748 472.21233351622 485.54471009528 499.43309001392 513.68289102102 576.36881563882 588.51587443915 600.81761077465 613.84784472943 628.48126243287 691.61647088546 703.53929432877 717.28275093552 727.33637353475 740.57511956151","1895601 1895602 1895603 1895604 1895605 1901601 1901602 1901603 1901604 1901605 1907601 1907602 1907603 1907604 1907605 1913601 1913602 1913603 1913604 1913605 1919601 1919602 1919603 1919604 1919605 1925601 1925602 1925603 1925604 1925605 1931601 1931602 1931603 1931604 1931605"
General-45-20260805-17:47:23-87901,vector,Florasat_Individual_Sats.terminal[43].dlk.mac,vector_preds_Transformer,,,"1.40511978185 13.96037128405 27.8433485399 42.16691192007 56.16648214404 116.52283263579 128.35478886799 140.82216363936 154.74834549311 168.92652644264 231.04229616793 244.38935384131 257.9941565122 268.34404580039 281.02680348069 346.47690577758 359.15961593366 374.04858998698 384.4876209842 399.13636538293 461.29862831929 473.41625919705 485.29170257994 495.70236244379 507.64207147318 576.78315175115 589.93468208471 601.21086098486 611.75207500811 626.54373439145 691.01308312337 701.06454440812 715.23194412422 729.28811988514 740.03801868251","1894301 1894302 1894303 1894304 1894305 1900301 1900302 1900303 1900304 1900305 1906301 1906302 1906303 1906304 1906305 1912301 1912302 1912303 1912304 1912305 1918301 1918302 1918303 1918304 1918305 1924301 1924302 1924303 1924304 1924305 1930301 1930302 1930303 1930304 1930305"
General-45-20260805-17:47:23-87901,vector,Florasat_Individual_Sats.terminal[16].dlk.mac,vector_preds_Transformer,,,"1.41078554629 12.81122651719 25.01741967699 35.97921759658 47.57106824149 116.04951545526 129.77825673576 141.46543730096 153.86700009856 168.86139142372 231.76611633366 242.38363506482 255.1252123327 265.26405450516 277.04674965912 346.39423035365 356.59536777693 370.78526739893 383.49060564349 394.18963010354 461.38010714599 472.62115701032 486.29379598471 496.72252153908 507.01255211304 576.78657393344 590.73104164237 602.66286636609 613.95956814312 628.18361638952 691.93719979422 705.96683965577 717.35094600637 727.79163555173 739.99244021765","1891601 1891602 1891603 1891604 1891605 1897601 1897602 1897603 1897604 1897605 1903601 1903602 1903603 1903604 1903605 1909601.1 1909602.1 1909603.1 1909604.1 1909605.1 1915601 1915602 1915603 1915604 1915605 1921601 1921602 1921603 1921604 1921605 1927601 1927602 1927603 1927604 1927605"
General-45-20260805-17:47:23-87901,vector,Florasat_Individual_Sats.terminal[26].dlk.mac,vector_preds_Transformer,,,"1.4481233703 14.77344253939 26.85853813799 39.21724034381 53.55312533468 116.5231045289 126.5414529224 137.65511762352 150.95942799003 163.37898892002 231.48082371568 242.92739340453 255.98198758903 268.39012085808 282.59875848888 346.5382109466 356.75466356683 367.25094001391 378.32703646389 390.86739755585 461.73265770893 473.95058985218 485.78244060511 499.43694305374 510.81805114635 576.60605346481 590.93997253035 604.12809629389 617.64617959084 628.57937287353 691.50082366122 703.48095063516 714.04782607965 728.31064970046 743.26241274294","1892601 1892602 1892603 1892604 1892605 1898601 1898602 1898603 1898604 1898605 1904601 1904602 1904603 1904604 1904605 1910601 1910602 1910603 1910604 1910605 1916601 1916602 1916603 1916604 1916605 1922601 1922602 1922603 1922604 1922605 1928601 1928602 1928603 1928604 1928605"
General-45-20260805-17:47:23-87901,vector,Florasat_Individual_Sats.terminal[0].dlk.mac,vector_preds_Transformer,,,"1.47842194512 14.87276524165 24.88498034747 34.97953633289 48.6954045468 116.19234543177 128.75501454575 141.55450331629 154.6892247512 164.83406002284 231.92261852068 244.86832153844 257.10042533675 269.416314482 284.25673000958 346.93285359838 360.99476411892 374.35170270223 386.6181983049 397.21580294729 461.40115915309 474.71365180658 487.60260972753 499.47832633019 513.03658206923 576.47491439269 591.12937491294 603.4091969477 614.01082687802 624.33298434038 691.66817430849 705.8271422293 717.83220559102 729.03550264635 740.7508680094","1890001.1 1890002.1 1890003.1 1890004.1 1890005.1 1896001.1 1896002.1 1896003.1 1896004.1 1896005.1 1902001.1 1902002.1 1902003.1 1902004.1 1902005.1 1908001.1 1908002.1 1908003.1 1908004.1 1908005.1 1914001 1914002 1914003 1914004 1914005 1920001 1920002 1920003 1920004 1920005 1926001 1926002 1926003 1926004 1926005"
General-45-20260805-17:47:23-87901,vector,Florasat_Individual_Sats.terminal[42].dlk.mac,vector_preds_Transformer,,,"1.50895159272 12.00293241464 22.76647970126 36.89557271706 47.39573152316 116.35485255579 130.38604678889 140.52061577398 152.85882651294 166.65460436675 231.88189569931 245.12995981682 258.88465967682 271.84446127108 284.00188417012 346.2560965647 358.47246366926 370.55293883104 383.18105663196 394.94006060436 461.6264828525 472.49361498491 485.39783110586 497.29712270061 510.49201148889 576.12818573485 587.52455748501 599.77374335169 609.96694886359 621.38867103262 691.21838266449 701.83463376434 712.62694234796 726.93384078866 737.95568339712","1894201 1894202 1894203 1894204 1894205 1900201 1900202 1900203 1900204 1900205 1906201 1906202 1906203 1906204 1906205 1912201 1912202 1912203 1912204 1912205 1918201 1918202 1918203 1918204 1918205 1924201 1924202 1924203 1924204 1924205 1930201 1930202 1930203 1930204 1930205"
General-45-20260805-17:47:23-87901,vector,Florasat_Individual_Sats.terminal[29].dlk.mac,vector_preds_Transformer,,,"1.53395113442 13.65212157741 27.48275114596 38.21656327951 53.07401759224 116.37024901505 128.18095013663 142.9282708692 154.12604049129 167.83365889268 231.17386508989 242.79844242637 256.41046267259 270.30095174932 281.71728874231 346.79942570161 360.32976822229 370.40076769655 383.88185482821 395.4922840977 461.41986342939 474.841921377 489.37626591395 499.65403494053 509.93000341207 576.24691072176 586.85304284584 599.62231103353 613.84617314114 624.19828138103 691.26169598289 703.95999230072 718.34920860804 728.56060595811 738.80369464611","1892901 1892902 1892903 1892904 1892905 1898901 1898902 1898903 1898904 1898905 1904901 1904902 1904903 1904904 1904905 1910901 1910902 1910903 1910904 1910905 1916901 1916902 1916903 1916904 1916905 1922901 1922902 1922903 1922904 1922905 1928901 1928902 1928903 1928904 1928905"
General-45-20260805-17:47:23-87901,vector,Florasat_Individual_Sats.terminal[50].dlk.mac,vector_preds_Transformer,,,"1.54716728395 16.47917885939 28.13893051027 41.56265754277 54.47644600087 116.92980229808 131.8911202224 146.62811030471 160.32920604758 171.07039205334 231.09642064851 241.124488818 255.9445133335 267.99662799412 281.61516268575 346.6170333277 357.74774402357 368.77345418535 382.70129109012 394.15347290902 461.31942360406 472.45458643977 486.71163175698 501.4453221215 512.26077221079 576.27269703848 587.69174743979 600.87081072223 614.45782749867 628.26418178109 691.17013587244 705.34654901689 715.7325950833 730.27254454768 742.07001548586","1895001 1895002 1895003 1895004 1895005 1901001.1 1901002.1 1901003.1 1901004.1 1901005.1 1907001 1907002 1907003 1907004 1907005 1913001 1913002 1913003 1913004 1913005 1919001 1919002 1919003 1919004 1919005 1925001 1925002 1925003 1925004 1925005 1931001 1931002 1931003 1931004 1931005"
General-45-20260805-17:47:23-87901,vector,Florasat_Individual_Sats.terminal[46].dlk.mac,vector_preds_Transformer,,,"1.57789282058 12.19478707085 22.93092947942 35.90524376626 49.94567240612 116.52720778296 128.02373173344 138.05547390413 149.26048844168 161.09140165197 231.14200715348 245.19671997893 256.91965351486 271.51637297496 281.97658253624 346.63958330196 361.1689151139 373.56225385587 385.12009686698 397.6838738008 461.23653333611 474.88991898694 488.94970535743 500.84053849895 512.36902536103 576.58267557248 591.25013023591 601.53580465912 614.31401954474 625.18009295197 691.6158028543 701.89334394317 713.29468896286 723.8627348307 734.16903040744","1894601.1 1894602.1 1894603.1 1894604.1 1894605.1 1900601.1 1900602.1 1900603.1 1900604.1 1900605.1 1906601 1906602 1906603 1906604 1906605 1912601 1912602 1912603 1912604 1912605 1918601 1918602 1918603 1918604 1918605 1924601 1924602 1924603 1924604 1924605 1930601 1930602 1930603 1930604 1930605"
General-45-20260805-17:47:23-87901,vector,Florasat_Individual_Sats.terminal[8].dlk.mac,vector_preds_Transformer,,,"1.58734670514 11.71707818308 26.41191726807 38.05686380505 49.9845600538 116.44709881302 128.29672271758 141.69927439675 152.94241278455 165.86173255601 231.58616669709 244.78589425562 258.20929456386 269.47464880301 280.49505564501 346.6336713701 358.27449387568 368.78462820128 382.07043053396 396.52610920416 461.13145512016 473.94568967935 488.03683045157 500.03122271923 513.28467454714 576.83718590182 587.96995034325 599.12970584352 609.46194719174 623.1945150753 691.94951374363 702.35416724742 714.43425598135 727.84748029709 741.44614217384","1890801 1890802 1890803 1890804 1890805 1896801 1896802 1896803 1896804 1896805 1902801 1902802 1902803 1902804 1902805 1908801 1908802.1 1908803.1 1908804.1 1908805.1 1914801.1 1914802.1 1914803.1 1914804.1 1914805.1 1920801.1 1920802.1 1920803.1 1920804.1 1920805.1 1926801.1 1926802.1 1926803.1 1926804.1 1926805.1"
General-45-20260805-17:47:23-87901,vector,Florasat_Individual_Sats.terminal[53].dlk.mac,vector_preds_Transformer,,,"1.63384036883 13.02722792747 23.52276626998 33.68197235535 46.13171586441 116.60744054569 127.64970532246 141.71072446951 154.25052026264 168.82909419574 231.13740380784 245.01704007201 255.15269897576 270.07854732033 280.90545786591 346.76891554659 360.48324406426 374.11207877961 384.33942614053 395.66160155274 461.25813663169 475.01086890744 486.3382850755 499.11189557682 511.18538509053 576.00770175201 586.08045853069 597.28142273356 610.41417240607 624.22599021671 691.48054427537 705.82468111487 720.797596585 733.02453299588 747.78608026402","1895301 1895302 1895303 1895304 1895305 1901301 1901302 1901303 1901304 1901305 1907301 1907302 1907303 1907304 1907305 1913301 1913302 1913303 1913304 1913305 1919301 1919302 1919303 1919304 1919305 1925301 1925302 1925303 1925304 1925305 1931301 1931302 1931303 1931304 1931305"
General-45-20260805-17:47:23-87901,vector,Florasat_Individual_Sats.terminal[19].dlk.mac,vector_preds_Transformer,,,"1.63601889764 12.15692996536 22.78379144868 36.17528946976 47.06351155205 116.48878961476 130.94879601989 143.95391734224 158.82700276119 170.27044596174 231.09241514374 245.72600894282 257.95856362232 270.41904678009 285.19343124027 346.23369963514 360.5957250346 374.60693077557 385.99888141407 400.49492331944 461.71299920464 474.28876689798 484.59714309359 498.69858046691 513.24465517234 576.31390226469 588.3958085922 601.80864901677 615.27705948147 628.80135737638 691.87968092668 706.54124103184 719.52686783904 733.31199212046 743.7408284638","1891901.1 1891902.1 1891903.1 1891904.1 1891905.1 1897901.1 1897902.1 1897903.1 1897904.1 1897905.1 1903901.1 1903902.1 1903903.1 1903904 1903905 1909901 1909902 1909903 1909904 1909905 1915901 1915902 1915903 1915904 1915905 1921901 1921902 1921903 1921904 1921905 1927901 1927902 1927903 1927904 1927905"
General-45-20260805-17:47:23-87901,vector,Florasat_Individual_Sats.terminal[40].dlk.mac,vector_preds_Transformer,,,"1.63825985626 13.60474933171 26.92087673465 40.82431840477 52.30593360727 116.69811892579 130.78103064117 143.67803185736 156.84164603031 167.4810198592 231.39259761828 242.7508048194 253.11848347238 266.1249883105 280.98125083651 346.68226612662 359.09434091696 370.64341486828 385.31826778246 395.92376861769 461.90522051929 474.79373769998 488.71807817999 498.81100309594 508.89304607339 576.78122939402 591.04091906547 604.77752426033 616.63875348143 628.62182599584 691.21393699781 701.60917988978 713.29962898162 726.91534094279 739.28386723855","1894001 1894002 1894003 1894004 1894005 1900001 1900002 1900003 1900004 1900005 1906001 1906002 1906003 1906004 1906005 1912001 1912002 1912003 1912004 1912005 1918001 1918002 1918003 1918004 1918005 1924001 1924002 1924003 1924004 1924005 1930001 1930002 1930003 1930004 1930005"
General-45-20260805-17:47:23-87901,vector,Florasat_Individual_Sats.terminal[30].dlk.mac,vector_preds_Transformer,,,"1.64616506989 14.24790596915 25.75710057024 36.5764709385 47.98142922436 116.9516041493 127.51780770858 141.54075677995 152.59221165114 166.76812715269 231.93983899313 245.10841750656 257.95976825757 268.06515160133 278.47876412677 346.33604780282 359.74340876541 374.26352054905 388.9070260115 403.17176581803 461.04509091657 471.55681461748 483.92855923693 496.66550080711 511.51870465325 576.56030410086 590.14046606142 601.74722762778 615.95198404858 628.306430761 691.40107853198 701.66766045126 714.94914295594 726.23428729572 741.20396676683","1893001.1 1893002.1 1893003.1 1893004.1 1893005.1 1899001.1 1899002.1 1899003.1 1899004.1 1899005.1 1905001.1 1905002.1 1905003.1 1905004.1 1905005.1 1911001.1 1911002.1 1911003.1 1911004.1 1911005.1 1917001 1917002 1917003 1917004 1917005 1923001 1923002 1923003 1923004 1923005 1929001 1929002 1929003 1929004 1929005"
General-45-20260805-17:47:23-87901,vector,Florasat_Individual_Sats.terminal[25].dlk.mac,vector_preds_Transformer,,,"1.65658734343 15.90099998703 30.70149166346 40.87293768604 51.5169912735 116.36307756277 127.01133837435 139.65947755939 153.01460980182 167.00027230406 231.9988300174 243.26021575951 253.32614737446 267.5289068243 279.49423299986 346.19726844248 357.00129398028 367.15493672411 377.67251484329 391.14009225508 461.22497905348 475.88470834144 490.79710426228 501.38005278492 511.90144798089 576.13351230626 588.15738603706 599.69058891177 611.80670518895 623.97514218931 691.74719858961 704.22619190812 718.88664602465 730.27329252497 743.14041931228","1892501 1892502 1892503 1892504 1892505 1898501 1898502 1898503 1898504 1898505 1904501 1904502 1904503 1904504 1904505 1910501 1910502 1910503 1910504 1910505 1916501 1916502 1916503 1916504 1916505 1922501 1922502 1922503 1922504 1922505 1928501 1928502 1928503 1928504 1928505"
General-45-20260805-17:47:23-87901,vector,Florasat_Individual_Sats.terminal[4].dlk.mac,vector_preds_Transformer,,,"1.6752557687 14.48687437666 26.50981310616 37.69059659076 52.04409816164 116.70962801087 130.73485569214 142.54737365526 156.48023304414 170.54861001555 231.03223731695 241.93630689942 253.86843605387 266.9946982998 280.09842964775 346.33067839965 360.30128079187 375.02891367604 385.54981591366 397.69733699923 461.51022034674 472.07682444691 485.25436582137 499.61681260821 512.4850521246 576.35870492272 587.17119358783 601.43396768673 614.65519378149 624.97489593295 691.86875601579 703.79229822243 717.74410008151 730.19749084186 740.22274018546","1890401 1890402 1890403 1890404 1890405 1896401 1896402 1896403 1896404 1896405 1902401 1902402 1902403 1902404 1902405 1908401 1908402 1908403.1 1908404.1 1908405.1 1914401.1 1914402.1 1914403.1 1914404.1 1914405.1 1920401 1920402 1920403 1920404 1920405 1926401 1926402 1926403 1926404 1926405"
General-45-20260805-17:47:23-87901,vector,Florasat_Individual_Sats.terminal[24].dlk.mac,vector_preds_Transformer,,,"1.67914893641 12.09920715238 25.51104680565 39.7941834589 52.83837185986 116.24368842482 126.96261268598 137.04347421089 150.88176807528 163.21618077717 231.50346161169 243.78394255252 256.58771688189 269.10015214654 281.52332002134 346.1172223615 360.1374094584 371.22576173162 383.38609578553 397.61803913745 461.73716139863 474.38829353777 488.36811925633 498.49573722341 513.36718631674 576.82726974227 591.37261592062 603.70518916846 617.299913815 631.90922311718 691.83864941495 704.20264856448 714.86022233987 725.00523312856 735.69648286002","1892401 1892402 1892403 1892404 1892405 1898401 1898402 1898403 1898404 1898405 1904401 1904402 1904403 1904404 1904405 1910401 1910402 1910403 1910404 1910405 1916401 1916402 1916403 1916404 1916405 1922401 1922402 1922403 1922404 1922405 1928401 1928402 1928403 1928404 1928405"
General-45-20260805-17:47:23-87901,vector,Florasat_Individual_Sats.terminal[18].dlk.mac,vector_preds_Transformer,,,"1.6967524495 13.58863411588 26.63662007777 37.98565936624 51.89805813716 116.90315386956 127.90325736953 138.30924648535 151.67296911333 165.61401718039 231.71263546357 241.91353485244 254.10241205501 265.00724007398 279.7532300339 346.68644382129 361.53509753849 373.45976790855 384.4315754061 399.39278493029 461.55716353306 474.20356516587 488.98105978594 500.7051285971 513.31997897919 576.06424340373 590.98283100501 601.25101215183 613.70585947158 627.26214761357 691.31878599292 704.72578700632 716.81348324637 727.4891433632 738.05121104699","1891801.1 1891802.1 1891803.1 1891804.1 1891805.1 1897801.1 1897802.1 1897803.1 1897804.1 1897805.1 1903801.1 1903802.1 1903803.1 1903804.1 1903805.1 1909801 1909802 1909803 1909804 1909805 1915801 1915802 1915803 1915804 1915805 1921801 1921802 1921803 1921804 1921805 1927801 1927802 1927803 1927804 1927805"
General-45-20260805-17:47:23-87901,vector,Florasat_Individual_Sats.terminal[39].dlk.mac,vector_preds_Transformer,,,"1.70054902602 14.08678113064 24.43678345694 35.10470788856 48.04237777297 116.86738311686 127.63392429823 141.5564820685 154.09793042019 166.14919308363 231.07531959051 242.55964595102 255.0674510966 266.18642461579 279.03555118688 346.85248700925 357.33081930806 369.21035504807 379.95491385833 390.91678918247 461.33738976251 473.57828970579 487.21531217265 500.41117794974 515.0080018239 576.75884414674 590.76226295531 603.19598082314 616.2103712929 631.15171175427 691.50768061052 703.95282342331 718.56835733517 731.50396631565 746.47448267904","1893901.1 1893902.1 1893903.1 1893904.1 1893905.1 1899901.1 1899902.1 1899903.1 1899904.1 1899905.1 1905901.1 1905902.1 1905903.1 1905904.1 1905905.1 1911901 1911902 1911903 1911904 1911905 1917901 1917902 1917903 1917904 1917905 1923901 1923902 1923903 1923904 1923905 1929901 1929902 1929903 1929904 1929905"
General-45-20260805-17:47:23-87901,vector,Florasat_Individual_Sats.terminal[20].dlk.mac,vector_preds_Transformer,,,"1.70807113964 15.75383453839 26.17406597221 36.97513377387 48.96988309198 116.15147277364 126.64939143695 140.54046106408 155.27864659903 165.33845907892 231.09424607223 245.93754054024 257.09026730131 268.95044436423 281.56854177803 346.24505927204 360.43280595797 375.33699077438 388.20493836422 401.50684529683 461.58084189729 474.60773117934 486.64500732883 497.04093958112 507.57300882577 576.97176883533 589.8496317009 601.25614442467 615.73742200691 630.41452060524 691.31183473673 705.51480110665 718.09000867582 728.32449982455 741.6238657576","1892001.1 1892002.1 1892003.1 1892004.1 1892005.1 1898001.1 1898002.1 1898003.1 1898004.1 1898005.1 1904001.1 1904002 1904003 1904004 1904005 1910001 1910002 1910003 1910004 1910005 1916001 1916002 1916003 1916004 1916005 1922001 1922002 1922003 1922004 1922005 1928001 1928002 1928003 1928004 1928005"
General-45-20260805-17:47:23-87901,vector,Florasat_Individual_Sats.terminal[28].dlk.mac,vector_preds_Transformer,,,"1.71127801551 11.83468149183 25.91052695666 38.38105006748 49.18461139686 116.46112875268 129.35416526348 142.68933717465 154.19656302851 166.6216347362 231.50365491793 244.43542632902 258.20897182379 271.36291323275 283.06185193638 346.24082909059 356.60568865692 368.94755949942 379.48796653515 390.28371266998 461.21077529737 472.49156145146 482.60595956817 497.3529308394 510.12130960007 576.74260927713 591.64799744146 605.15605027554 618.78955988795 632.79552182648 691.78686986631 704.51057009935 714.92331980682 727.06058200869 738.95206446714","1892801 1892802 1892803 1892804 1892805 1898801 1898802 1898803 1898804 1898805 1904801 1904802 1904803 1904804 1904805 1910801 1910802 1910803 1910804 1910805 1916801 1916802 1916803 1916804 1916805.1 1922801.1 1922802.1 1922803.1 1922804.1 1922805.1 1928801.1 1928802.1 1928803.1 1928804.1 1928805.1"
General-45-20260805-17:47:23-87901,vector,Florasat_Individual_Sats.terminal[5].dlk.mac,vector_preds_Transformer,,,"1.71925389371 16.71196840285 30.30570798717 42.29246425606 53.2458904041 116.45108555001 128.8461412678 140.58575377241 154.36807877757 165.6695230389 231.12010098249 245.30391265592 257.49639969739 270.15793243377 280.32592449524 346.89399098931 357.73334201612 371.87319132802 386.08981686132 397.3030924222 461.23094667122 473.45723696426 484.36532499292 499.0573501566 509.81401646533 576.60891998932 590.17685924447 603.48081115074 614.55122446664 627.89657539361 691.65974130132 705.12460384611 717.17338648951 728.25774133648 742.4112492099","1890501 1890502 1890503 1890504 1890505 1896501 1896502 1896503 1896504 1896505 1902501.1 1902502.1 1902503.1 1902504.1 1902505.1 1908501.1 1908502.1 1908503.1 1908504.1 1908505.1 1914501.1 1914502.1 1914503.1 1914504 1914505 1920501 1920502 1920503 1920504 1920505 1926501 1926502 1926503 1926504 1926505"
General-45-20260805-17:47:23-87901,vector,Florasat_Individual_Sats.terminal[3].dlk.mac,vector_preds_Transformer,,,"1.72619112465 13.59861522029 25.66252924084 39.29507453857 49.64193860699 116.61436582101 131.23874412734 144.71771407524 155.09936815129 165.97184199259 231.64331062464 245.22145215189 256.88595273765 270.56199344224 281.04254941572 346.72812656662 360.98381569888 372.42525856755 385.1244967156 396.90753802121 461.92157078651 472.58784385864 485.77665322577 500.60636475333 514.33302566991 576.57882552571 590.91357881297 602.30391966622 613.55458424753 625.19587263442 691.01042653457 704.66729699424 716.74688111664 730.06118012731 740.06951168435","1890301 1890302 1890303 1890304 1890305 1896301 1896302 1896303 1896304 1896305 1902301 1902302 1902303 1902304 1902305.1 1908301.1 1908302.1 1908303.1 1908304 1908305 1914301 1914302 1914303 1914304 1914305 1920301 1920302 1920303 1920304 1920305 1926301 1926302 1926303 1926304 1926305"
General-45-20260805-17:47:23-87901,vector,Florasat_Individual_Sats.terminal[57].dlk.mac,vector_preds_Transformer,,,"1.74982235464 15.92187518766 30.41523303767 43.03772366536 53.41396000167 116.64172585402 130.08463167516 140.5840627004 152.25613364182 163.71909349389 231.71775271022 246.67092537578 257.56524587819 271.07397922502 286.00093104365 346.41193132126 358.2185525992 371.68720984809 384.04150829395 394.66359510879 461.51392412884 474.72501166561 486.60489370395 497.05758996471 511.400352675 576.94240586227 591.17914079665 602.92183454009 614.67182355561 628.97132179328 691.35619119764 704.94843013026 716.98198654712 730.83103599865 743.08439852227","1895701.1 1895702.1 1895703.1 1895704.1 1895705.1 1901701.1 1901702.1 1901703.1 1901704.1 1901705.1 1907701.1 1907702.1 1907703.1 1907704.1 1907705.1 1913701 1913702 1913703 1913704 1913705 1919701 1919702 1919703 1919704 1919705 1925701 1925702 1925703 1925704 1925705 1931701 1931702 1931703 1931704 1931705"
General-45-20260805-17:47:23-87901,vector,Florasat_Individual_Sats.terminal[37].dlk.mac,vector_preds_Transformer,,,"1.7619640755 14.17183591775 26.59045062168 41.00926643378 51.5211204372 116.40986971976 130.00840189121 141.48345887963 152.6652483358 164.27808172488 231.72021215293 243.36283119605 254.69569158019 269.27526532882 283.94708798011 346.2497641074 357.38703697198 370.95416398928 381.81698353122 396.51516518066 461.32127017574 473.52179143438 484.7767649088 499.40168324601 513.41400033188 576.8287207277 587.46141580608 600.20826307218 615.18051292607 628.30515983956 691.39555078419 703.23482478806 715.8353822208 727.40964364796 740.51503207372","1893701 1893702 1893703 1893704 1893705 1899701 1899702 1899703 1899704 1899705 1905701 1905702 1905703 1905704 1905705 1911701.1 1911702.1 1911703.1 1911704.1 1911705.1 1917701.1 1917702.1 1917703.1 1917704.1 1917705.1 1923701.1 1923702.1 1923703.1 1923704.1 1923705.1 1929701.1 1929702.1 1929703.1 1929704.1 1929705.1"
General-45-20260805-17:47:23-87901,vector,Florasat_Individual_Sats.terminal[55].dlk.mac,vector_preds_Transformer,,,"1.76798380539 13.71941838856 27.26250395854 39.57533621904 52.54745380347 116.9943596602 129.6688870485 140.11119526276 152.22319357494 166.39647668275 231.67737444211 243.64711471298 254.31748317601 268.33373647928 279.81457066885 346.04511122429 359.05066712387 371.2104313958 385.98632813176 396.91070230422 461.73323447676 475.30491358693 488.82751364121 500.99333808385 515.60497903009 576.88864698587 591.558272972 604.71793665038 618.00493794912 629.5353458852 691.61223927839 705.37904514093 716.78930268833 729.82012164989 743.98697857256","1895501 1895502 1895503 1895504 1895505 1901501 1901502 1901503 1901504 1901505 1907501 1907502 1907503 1907504 1907505 1913501 1913502 1913503 1913504 1913505 1919501 1919502 1919503 1919504 1919505 1925501 1925502 1925503 1925504 1925505 1931501 1931502 1931503 1931504 1931505"
General-45-20260805-17:47:23-87901,vector,Florasat_Individual_Sats.terminal[22].dlk.mac,vector_preds_Transformer,,,"1.76811131882 12.07088564872 24.85430284054 38.27822659747 50.4017095652 116.0272109434 127.59696607431 142.03589288587 152.15150521904 162.80783764737 231.01180623006 242.76236845832 255.38782267435 270.21054972731 285.03274860163 346.67409937526 357.11320331599 369.54909627605 381.00006679352 391.0998529084 461.67327750125 472.28384796763 484.58478654036 495.29247474973 508.45040439279 576.0868113304 587.34606510168 601.24296635529 615.82549089007 629.41786438832 691.09054477909 705.97440459207 718.06568330759 730.63226872729 745.08596417168","1892201 1892202 1892203 1892204 1892205 1898201 1898202 1898203 1898204 1898205 1904201 1904202 1904203 1904204 1904205 1910201 1910202 1910203 1910204 1910205 1916201 1916202 1916203 1916204 1916205 1922201 1922202 1922203 1922204 1922205 1928201 1928202 1928203 1928204 1928205"
General-45-20260805-17:47:23-87901,vector,Florasat_Individual_Sats.terminal[51].dlk.mac,vector_preds_Transformer,,,"1.82236142526 16.0673215934 29.60267432103 40.14517941232 52.53987179905 116.15317967115 127.12562528881 138.20104136807 151.19992685132 164.60076462105 231.57365457434 243.96041872958 256.38807078055 268.8405687972 281.62366673397 346.77345416159 357.99103044322 371.46694912807 382.3053459241 394.14689022698 461.93567279144 474.54581765225 488.88807055657 502.88973023999 513.84913605405 576.81009027408 587.95938985073 599.71664346405 614.12842903053 624.3605627981 691.00902545033 704.99606881407 715.46116332873 730.45766304829 742.30844652047","1895101 1895102 1895103 1895104 1895105 1901101 1901102 1901103 1901104 1901105 1907101 1907102 1907103 1907104 1907105 1913101 1913102 1913103 1913104 1913105 1919101 1919102 1919103 1919104 1919105 1925101 1925102 1925103 1925104 1925105 1931101 1931102 1931103 1931104 1931105"
General-45-20260805-17:47:23-87901,vector,Florasat_Individual_Sats.terminal[49].dlk.mac,vector_preds_Transformer,,,"1.8275363862 15.58427438163 28.99004829023 42.99517001514 56.94765765825 116.49296342093 130.37185729528 142.58624102152 153.10567973927 163.62418749067 231.54182199575 244.01725343033 254.5596000792 268.98324454739 281.34405615693 346.57317839307 358.92499333574 371.24015563378 383.34318256682 396.89199612105 461.07833058434 471.44584456552 486.12251453777 497.87206633692 510.33345757728 576.2113101671 587.21420277911 601.50495416438 612.00853606406 625.47591762104 691.4611060929 704.40361765097 718.50388884195 732.76092052576 745.27649877709","1894901.1 1894902.1 1894903.1 1894904.1 1894905.1 1900901.1 1900902.1 1900903.1 1900904.1 1900905.1 1906901.1 1906902 1906903 1906904 1906905 1912901 1912902 1912903 1912904 1912905 1918901 1918902 1918903 1918904 1918905 1924901 1924902 1924903 1924904 1924905 1930901 1930902 1930903 1930904 1930905"
General-45-20260805-17:47:23-87901,vector,Florasat_Individual_Sats.terminal[41].dlk.mac,vector_preds_Transformer,,,"1.83618716523 14.48477674718 26.33661796898 41.18791421387 55.25729204273 116.75632155268 127.87940247916 142.55939705414 156.46901928121 171.42623020918 231.20088259247 242.18279813439 255.60927441017 268.81969492556 280.99942164868 346.16910502315 359.76319084061 372.15837842553 384.7364005563 397.57243459347 461.18548958446 475.96679952112 486.93319928599 501.6740947403 511.92971715005 576.94965334819 590.15709606209 604.94357834314 619.24100172799 633.36980325961 691.39960927027 705.02383624622 715.44649664033 726.08643038035 737.95178368874","1894101 1894102 1894103 1894104 1894105 1900101 1900102 1900103 1900104 1900105 1906101 1906102 1906103 1906104 1906105 1912101 1912102 1912103 1912104 1912105 1918101 1918102 1918103 1918104 1918105 1924101 1924102 1924103 1924104 1924105 1930101 1930102 1930103 1930104 1930105"
General-45-20260805-17:47:23-87901,vector,Florasat_Individual_Sats.terminal[58].dlk.mac,vector_preds_Transformer,,,"1.87143162009 12.09833498578 25.23979129153 37.95092098647 51.09128486364 116.39491170784 130.43653865484 144.57215458527 157.03556095855 171.50782446866 231.8924426483 245.0065682279 256.18495744514 270.95127788583 283.40292539658 346.08025894617 360.18358883914 371.38099345612 383.90345525579 394.80283386074 461.66375768394 472.6127153195 483.39372257144 496.05261612591 506.11188280886 576.98645644751 587.15586275607 600.40999390464 613.45454004872 625.12753097154 691.65821352345 702.67270258348 716.08794193551 727.51735703507 740.76272355811","1895801 1895802 1895803 1895804 1895805 1901801 1901802 1901803 1901804 1901805 1907801 1907802 1907803 1907804 1907805 1913801 1913802 1913803 1913804 1913805 1919801 1919802 1919803 1919804.1 1919805.1 1925801.1 1925802.1 1925803.1 1925804.1 1925805.1 1931801.1 1931802.1 1931803.1 1931804.1 1931805.1"
General-45-20260805-17:47:23-87901,vector,Florasat_Individual_Sats.terminal[21].dlk.mac,vector_preds_Transformer,,,"1.87785040447 14.90563088539 28.38229853869 41.16293564415 52.44420473673 116.80939122033 127.31801226432 140.93907246762 155.71220073313 166.55288282712 231.65746797109 241.86171052512 255.3845063434 270.34986430546 284.54373627435 346.74197512236 356.9407287871 370.16452196077 382.6339531634 395.29600343225 461.75365963741 475.9730020843 488.2629290924 502.85221637949 513.78244923801 576.58098450489 590.7166801833 601.30332023696 615.24716503428 627.12537769786 691.47010818473 702.64448076603 715.30683709076 725.32500745613 738.95821033512","1892101 1892102 1892103 1892104 1892105 1898101 1898102 1898103 1898104 1898105 1904101 1904102 1904103 1904104 1904105 1910101 1910102 1910103 1910104 1910105 1916101 1916102 1916103 1916104 1916105 1922101 1922102 1922103 1922104 1922105 1928101 1928102 1928103 1928104 1928105"
General-45-20260805-17:47:23-87901,vector,Florasat_Individual_Sats.terminal[36].dlk.mac,vector_preds_Transformer,,,"1.90201933007 16.43988454109 27.87044990435 42.03343801526 54.28153850697 116.84041090985 129.16971879755 143.24598391983 155.5763791278 167.47122034989 231.5558531729 244.40567863988 255.25316842132 266.61654807393 280.6442638696 346.00060260552 360.22075036587 371.95735421777 382.91553213657 394.92986812885 461.25395060983 471.95973955794 483.56438211166 496.35538398871 510.65225756961 576.01392215886 587.81824247632 601.91122503788 613.19283352769 624.19411864085 691.182723362 701.57437146176 712.69147084095 725.90408933 740.04850842175","1893601 1893602 1893603 1893604 1893605 1899601 1899602 1899603 1899604 1899605 1905601 1905602 1905603 1905604 1905605 1911601 1911602 1911603 1911604 1911605.1 1917601.1 1917602.1 1917603.1 1917604.1 1917605.1 1923601.1 1923602.1 1923603.1 1923604.1 1923605.1 1929601.1 1929602.1 1929603.1 1929604.1 1929605.1"
General-45-20260805-17:47:23-87901,vector,Florasat_Individual_Sats.terminal[10].dlk.mac,vector_preds_Transformer,,,"1.90911120945 13.49185793288 24.16531651607 35.39551046072 48.00686491514 116.33038653084 128.58413518546 143.10426618229 156.82103965339 170.41068975721 231.05419940781 244.76659980021 257.00823573629 270.23217492272 284.45160974866 346.90150686027 359.65176294045 372.00309840566 382.80977145954 393.83793797879 461.69790828926 476.27665612939 488.7652175289 500.80405389749 510.93944311001 576.02311752294 588.85467900801 603.80255779624 616.08610841003 629.53426110465 691.18237539427 703.78933505853 715.05395586951 725.65939701627 739.36761807882","1891001 1891002 1891003 1891004 1891005 1897001.1 1897002.1 1897003.1 1897004.1 1897005.1 1903001.1 1903002.1 1903003.1 1903004.1 1903005.1 1909001.1 1909002.1 1909003.1 1909004 1909005 1915001 1915002 1915003 1915004 1915005 1921001 1921002 1921003 1921004 1921005 1927001 1927002 1927003 1927004 1927005"
General-45-20260805-17:47:23-87901,vector,Florasat_Individual_Sats.terminal[9].dlk.mac,vector_preds_Transformer,,,"1.92291628569 13.50119500537 26.92134939832 38.04680641624 51.57389245811 116.45530556678 131.39754979871 142.80322174192 157.76961975963 169.17428326443 231.84974306892 243.35044384864 253.96632012492 268.21169801685 279.85546083003 346.52417497919 360.95320854546 371.29017816601 383.26560821944 397.64803499427 461.2364869148 476.18217155826 488.08582471707 500.04597615474 514.97822121624 576.34809362981 588.84774347464 603.02754155173 616.59232543827 630.9409092511 691.64245446213 705.10638581706 718.34381954512 729.46762743057 743.04181961343","1890901 1890902 1890903 1890904 1890905 1896901.1 1896902.1 1896903.1 1896904.1 1896905.1 1902901.1 1902902.1 1902903.1 1902904.1 1902905.1 1908901 1908902 1908903 1908904 1908905 1914901 1914902 1914903 1914904 1914905 1920901 1920902 1920903 1920904 1920905 1926901 1926902 1926903 1926904 1926905"
General-45-20260805-17:47:23-87901,vector,Florasat_Individual_Sats.terminal[11].dlk.mac,vector_preds_Transformer,,,"1.98249987676 16.87830324634 28.36370243225 40.87243385496 53.87519255164 116.78561199526 131.51748929708 145.97728689154 158.80061155371 169.12037194077 231.60256942688 243.3488701582 258.29920586502 272.16018969962 283.17109252629 346.06307613384 356.90536305495 367.60613638047 381.30322067138 395.58643125767 461.36905520735 474.6457163447 487.14886836987 499.96716005774 512.74761910247 576.13244502991 587.38879527966 600.27486354764 613.8709468611 626.38078190921 691.86146255676 703.87998317927 714.17692474299 727.81432618131 740.88546478632","1891101 1891102 1891103 1891104 1891105 1897101 1897102 1897103 1897104 1897105 1903101 1903102 1903103 1903104 1903105 1909101 1909102 1909103 1909104 1909105 1915101 1915102 1915103 1915104 1915105 1921101 1921102 1921103 1921104 1921105 1927101 1927102 1927103 1927104 1927105"
General-45-20260805-17:47:23-87901,vector,Florasat_Individual_Sats.terminal[47].dlk.mac,vector_preds_Transformer,,,"1.9841867846 15.85888430104 26.28930549231 36.87459098967 49.71061436553 116.09154629172 126.50779375923 137.35049164738 148.0836130539 158.21676374414 231.81221546885 246.75634094095 259.97873588279 274.19428027049 285.85110277683 346.53355336306 356.66956960014 368.63247817755 381.68129031803 394.09687998845 461.84309754497 473.56534018623 486.39101424231 501.17680629808 513.70098856836 576.10927478387 590.43951636157 602.865359216 616.19178718166 626.2450497665 691.06175777689 701.23450342636 715.9051742598 727.59072255181 741.18089637208","1894701.1 1894702.1 1894703.1 1894704.1 1894705.1 1900701.1 1900702.1 1900703.1 1900704.1 1900705.1 1906701.1 1906702.1 1906703.1 1906704.1 1906705.1 1912701 1912702 1912703 1912704 1912705 1918701 1918702 1918703 1918704 1918705 1924701 1924702 1924703 1924704 1924705 1930701 1930702 1930703 1930704 1930705"
General-45-20260805-17:47:23-87901,vector,Florasat_Individual_Sats.terminal[52].dlk.mac,vector_preds_Transformer,,,"1.98609021259 13.74576804228 28.02987215691 39.50827223132 50.37424370413 116.88834518101 128.74273655144 141.02078786492 153.036249683 164.64280052133 231.67116359225 242.15470433468 254.9074166792 266.6295045102 278.47273894586 346.96243815776 358.40368763031 371.47853098181 385.37647563801 399.66067924932 461.2419324019 475.29104003217 487.59070974891 498.64081290434 512.46004567947 576.17529018433 586.92359692301 600.01767378999 614.68319832813 628.53250606451 691.2470964049 705.44251708174 716.51316551817 728.1021274426 739.37905289558","1895201 1895202 1895203 1895204 1895205 1901201 1901202 1901203 1901204 1901205 1907201 1907202 1907203 1907204 1907205 1913201 1913202 1913203 1913204 1913205 1919201 1919202 1919203 1919204 1919205 1925201 1925202 1925203 1925204 1925205 1931201 1931202 1931203 1931204 1931205"
General-45-20260805-17:47:23-87901,vector,Florasat_Individual_Sats.terminal[44].dlk.mac,vector_preds_Transformer,,,"1.9943925736 16.44363820995 28.73259539343 42.03224540082 54.91675285598 116.18627243396 127.26979891607 141.23306251434 151.29321093974 162.49351453223 231.40847490774 243.77192388661 258.73774140747 272.54492112226 287.45186198875 346.78100910131 358.79603163665 370.40185424359 382.03713503293 394.63055107951 461.65976493689 472.09399221884 482.2392665823 494.25312956981 505.8911020793 576.95995665947 588.51950174291 599.40785347461 610.39893802931 622.20219500806 691.94195110025 705.74369082018 720.08971673111 730.41703450052 744.62546256628","1894401 1894402 1894403 1894404 1894405 1900401.1 1900402.1 1900403.1 1900404.1 1900405.1 1906401.1 1906402.1 1906403.1 1906404.1 1906405.1 1912401.1 1912402.1 1912403.1 1912404.1 1912405.1 1918401 1918402 1918403 1918404 1918405 1924401 1924402 1924403 1924404 1924405 1930401 1930402 1930403 1930404 1930405"
General-45-20260805-17:47:23-87901,vector,Florasat_Individual_Sats.satellite[0].dlkDSL.mac,VectorTransmitMethod_ReceptionResult,,,"12.40310697391 12.98531507085 13.73798596536 14.68412996915 16.37480238163 17.43994030104 23.72145747942 24.36484744868 24.38929504872 25.32120434747 26.01783945694 28.93016795039 29.78057629023 30.85145703767 35.41576033289 36.69577176626 37.0126949385 38.77618736624 39.08330378513 40.52921961753 42.56345625448 43.47394766536 43.78569801514 48.41765322436 48.64456755205 49.1316285468 50.73620040612 51.29167036553 52.32322471558 52.68858613716 53.2959981942 53.85018400167 55.19775960472 55.80276003171 57.73818565825 117.3878281493 129.19123854575 130.52085567516 131.15772768337 131.16238529528 132.6816482224 138.93154764738 139.09977448535 140.79140811151 143.37676902152 144.33930845273 145.14138049743 147.41863830471 149.6646690539 150.05101644168 153.02843565114 153.89620773927 154.10012547316 155.1254487512 161.11973404758 161.88192965197 162.92973853223 164.58298742532 165.27028402284 165.77468307892 169.32387559482 171.86092005334 175.09967315783 243.27068933764 243.80372421042 244.84737168987 246.09444065592 246.45177775126 247.10714937578 254.76609880466 254.99908248004 256.51049446471 256.6485070966 257.42797467498 258.28692769739 258.39599225757 261.55979188279 264.92289624189 265.79776807398 267.76748061579 269.19191092126 269.79275401685 270.65260476589 270.94846043377 271.51020322502 271.81323092272 272.78835251618 275.77533627049 276.47913943639 278.91498812677 280.62501223101 282.03747741918 283.41953992743 284.69295400958 286.43715504365 287.25874304928 287.88808598875 346.86116922614 358.52387001612 360.17963276541 360.35476581394 361.14989654616 362.9528088726 369.37192808994 370.83807824359 371.59244099366 371.68523827398 372.53521998928 372.66371932802 372.84389132558 375.46513767604 383.77959757641 385.75446908934 385.98603991366 386.60767524078 386.88034486132 387.0544223049 389.3432500115 392.88253003492 395.36609212885 395.77068610354 398.13356099923 403.60798981803 461.69017460983 462.0796130862 472.39596355794 472.86847106264 473.23029870278 473.88214629343 475.3415778174 475.83262006602 477.16118544427 484.00060611166 485.34181717284 485.69058982137 486.3578209088 486.95779374884 488.43142732944 488.49917874526 489.61788645157 490.09003003705 495.22246954254 496.40675947269 496.70890937865 496.79160798871 500.05303660821 501.06753544732 502.21641019884 506.54810680886 506.93494428614 508.80056025683 510.91183760007 511.08848156961 511.52896852189 511.70946257737 512.9212761246 513.52019468318 515.53443792713 517.1071724858 576.45014615886 577.15229410342 587.59208675607 588.25446647632 588.47351904087 589.56996012259 592.43852544146 600.83822577855 600.84621790464 602.34744903788 602.61380005036 605.54672519158 605.94657827554 611.04300319174 612.07334152086 613.89076404872 615.34624961614 619.58008788795 624.63034264085 624.7755710753 624.84813273082 625.56375497154 626.16516036391 628.1919095951 633.58604982648 692.09443752345 692.57739786631 702.01059546176 703.10892658348 705.30109809935 715.71384780682 716.52416593551 726.34031333 727.85111000869 727.95358103507 729.77603664099 730.82657343209 739.74259246714 741.19894755811 743.37929870784","1890102 1894602 1891902 1893002 1894902 1894702 1894603 1891903 1890103 1890003 1893903 1891703 1894903 1895703 1890004 1894604 1893004 1891804 1890104 1891704 1892704 1895704 1894904 1893005 1891905 1890005 1894605 1894705 1891705 1891805 1890105 1895705 1894805 1892705 1894905 1899001 1896002 1901702 1897702 1900902 1901002 1900703 1897803 1896103 1900903 1896203 1897703 1901003 1900704 1900604 1899004 1900904 1896104 1896004 1901004 1900605 1900405 1899205 1896005 1898005 1896205 1901005 1897405 1903502 1905202 1905102 1902502 1904702 1907702 1903503 1905203 1903703 1905903 1905103 1902503 1905003 1906703 1903504 1903804 1905904 1905104 1902904 1903704 1902504 1907704 1903004 1902104 1906704 1903505 1905005 1905205 1903705 1902205 1902005 1907705 1902105 1906405 1909501 1908502 1911002 1909502 1911102 1909402 1908103 1912403 1911503 1908203 1911703 1908503 1911203 1908403 1908204 1911104 1908404 1911204 1908504 1908004 1911004 1908705 1911605 1909605 1908405 1911005 1917601 1917801 1917602 1914602 1917202 1917502 1914202 1917802 1914702 1917603 1914603 1914403 1917703 1917503 1917803 1914703 1914803 1914203 1917104 1914604 1917304 1917604 1914404 1917504 1917804 1919805 1914605 1917105 1916805 1917605 1917305 1917505 1914405 1914205 1914705 1917805 1923601 1923801 1925802 1923602 1920602 1923802 1922802 1923803 1925803 1923603 1923503 1920703 1922803 1920804 1923804 1925804 1920604 1922804 1923605 1920805 1923805 1925805 1920605 1920705 1922805 1931801 1928801 1929602 1931802 1928802 1928803 1931803 1929604 1928804 1931804 1926604 1929804 1928805 1931805 1929805"
General-45-20260805-17:47:23-87901,vector,Florasat_Individual_Sats.satellite[0].dlkDSL.mac,Satellite Position when Repetition Received,,,"12.40310697391 12.98531507085 13.73798596536 14.68412996915 16.37480238163 17.43994030104 23.72145747942 24.36484744868 24.38929504872 25.32120434747 26.01783945694 28.93016795039 29.78057629023 30.85145703767 35.41576033289 36.69577176626 37.0126949385 38.77618736624 39.08330378513 40.52921961753 42.56345625448 43.47394766536 43.78569801514 48.41765322436 48.64456755205 49.1316285468 50.73620040612 51.29167036553 52.32322471558 52.68858613716 53.2959981942 53.85018400167 55.19775960472 55.80276003171 57.73818565825 117.3878281493 129.19123854575 130.52085567516 131.15772768337 131.16238529528 132.6816482224 138.93154764738 139.09977448535 140.79140811151 143.37676902152 144.33930845273 145.14138049743 147.41863830471 149.6646690539 150.05101644168 153.02843565114 153.89620773927 154.10012547316 155.1254487512 161.11973404758 161.88192965197 162.92973853223 164.58298742532 165.27028402284 165.77468307892 169.32387559482 171.86092005334 175.09967315783 243.27068933764 243.80372421042 244.84737168987 246.09444065592 246.45177775126 247.10714937578 254.76609880466 254.99908248004 256.51049446471 256.6485070966 257.42797467498 258.28692769739 258.39599225757 261.55979188279 264.92289624189 265.79776807398 267.76748061579 269.19191092126 269.79275401685 270.65260476589 270.94846043377 271.51020322502 271.81323092272 272.78835251618 275.77533627049 276.47913943639 278.91498812677 280.62501223101 282.03747741918 283.41953992743 284.69295400958 286.43715504365 287.25874304928 287.88808598875 346.86116922614 358.52387001612 360.17963276541 360.35476581394 361.14989654616 362.9528088726 369.37192808994 370.83807824359 371.59244099366 371.68523827398 372.53521998928 372.66371932802 372.84389132558 375.46513767604 383.77959757641 385.75446908934 385.98603991366 386.60767524078 386.88034486132 387.0544223049 389.3432500115 392.88253003492 395.36609212885 395.77068610354 398.13356099923 403.60798981803 461.69017460983 462.0796130862 472.39596355794 472.86847106264 473.23029870278 473.88214629343 475.3415778174 475.83262006602 477.16118544427 484.00060611166 485.34181717284 485.69058982137 486.3578209088 486.95779374884 488.43142732944 488.49917874526 489.61788645157 490.09003003705 495.22246954254 496.40675947269 496.70890937865 496.79160798871 500.05303660821 501.06753544732 502.21641019884 506.54810680886 506.93494428614 508.80056025683 510.91183760007 511.08848156961 511.52896852189 511.70946257737 512.9212761246 513.52019468318 515.53443792713 517.1071724858 576.45014615886 577.15229410342 587.59208675607 588.25446647632 588.47351904087 589.56996012259 592.43852544146 600.83822577855 600.84621790464 602.34744903788 602.61380005036 605.54672519158 605.94657827554 611.04300319174 612.07334152086 613.89076404872 615.34624961614 619.58008788795 624.63034264085 624.7755710753 624.84813273082 625.56375497154 626.16516036391 628.1919095951 633.58604982648 692.09443752345 692.57739786631 702.01059546176 703.10892658348 705.30109809935 715.71384780682 716.52416593551 726.34031333 727.85111000869 727.95358103507 729.77603664099 730.82657343209 739.74259246714 741.19894755811 743.37929870784","180 180 180 180 180 180 180 180 180 180 180 180 180 180 180 180 180 180 180 180 180 180 180 180 180 180 180 180 180 180 180 180 180 180 180 180 180 180 180 180 180 180 180 180 180 180 180 180 180 180 180 180 180 180 180 180 180 180 180 180 180 180 180 180 180 180 180 180 180 180 180 180 180 180 180 180 180 180 180 180 180 180 180 180 180 180 180 180 180 180 180 180 180 180 180 180 180 180 180 180 180 180 180 180 180 180 180 180 180 180 180 180 180 180 180 180 180 180 180 180 180 180 180 180 180 180 180 180 180 180 180 180 180 180 180 180 180 180 180 180 180 180 180 180 180 180 180 180 180 180 180 180 180 180 180 180 180 180 180 180 180 180 180 180 180 180 180 180 180 180 180 180 180 180 180 180 180 180 180 180 180 180 180 180 180 180 180 180 180 180 180 180 180 180 180 180 180 180 180"
General-45-20260805-17:47:23-87901,vector,Florasat_Individual_Sats.satellite[0].dlkDSL.mac,Repetition Position for Node 102 at Satellite,,,"12.40310697391 24.38929504872 39.08330378513 53.2959981942 140.79140811151 154.10012547316 272.78835251618 287.25874304928 369.37192808994","180 180 180 180 180 180 180 180 180"
General-45-20260805-17:47:23-87901,vector,Florasat_Individual_Sats.satellite[0].dlkDSL.mac,All Nodes Repetition Generation Delay at Satellite,,,"12.40310697391 12.98531507085 13.73798596536 14.68412996915 16.37480238163 17.43994030104 23.72145747942 24.36484744868 24.38929504872 25.32120434747 26.01783945694 28.93016795039 29.78057629023 30.85145703767 35.41576033289 36.69577176626 37.0126949385 38.77618736624 39.08330378513 40.52921961753 42.56345625448 43.47394766536 43.78569801514 48.41765322436 48.64456755205 49.1316285468 50.73620040612 51.29167036553 52.32322471558 52.68858613716 53.2959981942 53.85018400167 55.19775960472 55.80276003171 57.73818565825 117.3878281493 129.19123854575 130.52085567516 131.15772768337 131.16238529528 132.6816482224 138.93154764738 139.09977448535 140.79140811151 143.37676902152 144.33930845273 145.14138049743 147.41863830471 149.6646690539 150.05101644168 153.02843565114 153.89620773927 154.10012547316 155.1254487512 161.11973404758 161.88192965197 162.92973853223 164.58298742532 165.27028402284 165.77468307892 169.32387559482 171.86092005334 175.09967315783 243.27068933764 243.80372421042 244.84737168987 246.09444065592 246.45177775126 247.10714937578 254.76609880466 254.99908248004 256.51049446471 256.6485070966 257.42797467498 258.28692769739 258.39599225757 261.55979188279 264.92289624189 265.79776807398 267.76748061579 269.19191092126 269.79275401685 270.65260476589 270.94846043377 271.51020322502 271.81323092272 272.78835251618 275.77533627049 276.47913943639 278.91498812677 280.62501223101 282.03747741918 283.41953992743 284.69295400958 286.43715504365 287.25874304928 287.88808598875 346.86116922614 358.52387001612 360.17963276541 360.35476581394 361.14989654616 362.9528088726 369.37192808994 370.83807824359 371.59244099366 371.68523827398 372.53521998928 372.66371932802 372.84389132558 375.46513767604 383.77959757641 385.75446908934 385.98603991366 386.60767524078 386.88034486132 387.0544223049 389.3432500115 392.88253003492 395.36609212885 395.77068610354 398.13356099923 403.60798981803 461.69017460983 462.0796130862 472.39596355794 472.86847106264 473.23029870278 473.88214629343 475.3415778174 475.83262006602 477.16118544427 484.00060611166 485.34181717284 485.69058982137 486.3578209088 486.95779374884 488.43142732944 488.49917874526 489.61788645157 490.09003003705 495.22246954254 496.40675947269 496.70890937865 496.79160798871 500.05303660821 501.06753544732 502.21641019884 506.54810680886 506.93494428614 508.80056025683 510.91183760007 511.08848156961 511.52896852189 511.70946257737 512.9212761246 513.52019468318 515.53443792713 517.1071724858 576.45014615886 577.15229410342 587.59208675607 588.25446647632 588.47351904087 589.56996012259 592.43852544146 600.83822577855 600.84621790464 602.34744903788 602.61380005036 605.54672519158 605.94657827554 611.04300319174 612.07334152086 613.89076404872 615.34624961614 619.58008788795 624.63034264085 624.7755710753 624.84813273082 625.56375497154 626.16516036391 628.1919095951 633.58604982648 692.09443752345 692.57739786631 702.01059546176 703.10892658348 705.30109809935 715.71384780682 716.52416593551 726.34031333 727.85111000869 727.95358103507 729.77603664099 730.82657343209 739.74259246714 741.19894755811 743.37929870784","11.40310697391 11.98531507085 12.73798596536 13.68412996915 15.37480238163 16.43994030104 22.72145747942 23.36484744868 23.38929504872 24.32120434747 25.01783945694 27.93016795039 28.78057629023 29.85145703767 34.41576033289 35.69577176626 36.0126949385 37.77618736624 38.08330378513 39.52921961753 41.56345625448 42.47394766536 42.78569801514 47.41765322436 47.64456755205 48.1316285468 49.73620040612 50.29167036553 51.32322471558 51.68858613716 52.2959981942 52.85018400167 54.19775960472 54.80276003171 56.73818565825 1.3878281493 13.19123854575 14.52085567516 15.15772768337 15.16238529528 16.6816482224 22.93154764738 23.09977448535 24.79140811151 27.37676902152 28.33930845273 29.14138049743 31.41863830471 33.6646690539 34.05101644168 37.02843565114 37.89620773927 38.10012547316 39.1254487512 45.11973404758 45.88192965197 46.92973853223 48.58298742532 49.27028402284 49.77468307892 53.32387559482 55.86092005334 59.09967315783 12.27068933764 12.80372421042 13.84737168987 15.09444065592 15.45177775126 16.10714937578 23.76609880466 23.99908248004 25.51049446471 25.6485070966 26.42797467498 27.28692769739 27.39599225757 30.55979188279 33.92289624189 34.79776807398 36.76748061579 38.19191092126 38.79275401685 39.65260476589 39.94846043377 40.51020322502 40.81323092272 41.78835251618 44.77533627049 45.47913943639 47.91498812677 49.62501223101 51.03747741918 52.41953992743 53.69295400958 55.43715504365 56.25874304928 56.88808598875 0.86116922613996 12.52387001612 14.17963276541 14.35476581394 15.14989654616 16.9528088726 23.37192808994 24.83807824359 25.59244099366 25.68523827398 26.53521998928 26.66371932802 26.84389132558 29.46513767604 37.77959757641 39.75446908934 39.98603991366 40.60767524078 40.88034486132 41.0544223049 43.3432500115 46.88253003492 49.36609212885 49.77068610354 52.13356099923 57.60798981803 0.69017460982997 1.0796130862 11.39596355794 11.86847106264 12.23029870278 12.88214629343 14.3415778174 14.83262006602 16.16118544427 23.00060611166 24.34181717284 24.69058982137 25.3578209088 25.95779374884 27.43142732944 27.49917874526 28.61788645157 29.09003003705 34.22246954254 35.40675947269 35.70890937865 35.79160798871 39.05303660821 40.06753544732 41.21641019884 45.54810680886 45.93494428614 47.80056025683 49.91183760007 50.08848156961 50.52896852189 50.70946257737 51.9212761246 52.52019468318 54.53443792713 56.1071724858 0.45014615885998 1.15229410342 11.59208675607 12.25446647632 12.47351904087 13.56996012259 16.43852544146 24.83822577855 24.84621790464 26.34744903788 26.61380005036 29.54672519158 29.94657827554 35.04300319174 36.07334152086 37.89076404872 39.34624961614 43.58008788795 48.63034264085 48.7755710753 48.84813273082 49.56375497154 50.16516036391 52.1919095951 57.58604982648 1.09443752345 1.57739786631 11.01059546176 12.10892658348 14.30109809935 24.71384780682 25.52416593551 35.34031333 36.85111000869 36.95358103507 38.77603664099 39.82657343209 48.74259246714 50.19894755811 52.37929870784"
General-45-20260805-17:47:23-87901,vector,Florasat_Individual_Sats.satellite[0].dlkDSL.mac,Repetition Generation Delay for Node 102 at Satellite,,,"12.40310697391 24.38929504872 39.08330378513 53.2959981942 140.79140811151 154.10012547316 272.78835251618 287.25874304928 369.37192808994","11.40310697391 23.38929504872 38.08330378513 52.2959981942 24.79140811151 38.10012547316 41.78835251618 56.25874304928 23.37192808994"
General-45-20260805-17:47:23-87901,vector,Florasat_Individual_Sats.satellite[0].dlkDSL.mac,Successful Repetition Number counted for MAC protocol,,,"12.40310697391 12.98531507085 13.73798596536 14.68412996915 16.37480238163 17.43994030104 25.32120434747 26.01783945694 28.93016795039 30.85145703767 38.77618736624 42.56345625448 55.19775960472 117.3878281493 129.19123854575 130.52085567516 131.15772768337 131.16238529528 132.6816482224 138.93154764738 139.09977448535 140.79140811151 144.33930845273 150.05101644168 162.92973853223 164.58298742532 165.77468307892 175.09967315783 243.27068933764 243.80372421042 244.84737168987 246.09444065592 246.45177775126 247.10714937578 256.51049446471 256.6485070966 258.39599225757 261.55979188279 265.79776807398 269.79275401685 271.81323092272 272.78835251618 283.41953992743 284.69295400958 287.88808598875 346.86116922614 358.52387001612 360.17963276541 361.14989654616 362.9528088726 369.37192808994 370.83807824359 371.59244099366 371.68523827398 372.53521998928 372.84389132558 375.46513767604 387.0544223049 392.88253003492 395.36609212885 395.77068610354 461.69017460983 462.0796130862 472.86847106264 473.23029870278 473.88214629343 475.3415778174 477.16118544427 485.69058982137 486.3578209088 489.61788645157 495.22246954254 496.70890937865 506.54810680886 510.91183760007 576.45014615886 577.15229410342 587.59208675607 588.47351904087 592.43852544146 602.61380005036 605.54672519158 611.04300319174 692.09443752345 692.57739786631 702.01059546176 729.77603664099 730.82657343209","2 2 2 2 2 2 3 3 3 3 4 4 5 1 2 2 2 2 2 3 3 3 3 4 5 5 5 5 2 2 2 2 2 2 3 3 3 3 4 4 4 4 5 5 5 1 2 2 2 2 3 3 3 3 3 3 3 4 5 5 5 1 1 2 2 2 2 2 3 3 3 4 4 5 5 1 1 2 2 2 3 3 4 1 1 2 4 4"
General-45-20260805-17:47:23-87901,vector,Florasat_Individual_Sats.satellite[0].dlkDSL.mac,Successful Repetition Number counted for the Model,,,"12.40310697391 12.98531507085 13.73798596536 14.68412996915 16.37480238163 17.43994030104 25.32120434747 26.01783945694 28.93016795039 30.85145703767 38.77618736624 42.56345625448 55.19775960472 117.3878281493 129.19123854575 130.52085567516 131.15772768337 131.16238529528 132.6816482224 138.93154764738 139.09977448535 140.79140811151 144.33930845273 150.05101644168 162.92973853223 164.58298742532 165.77468307892 175.09967315783 243.27068933764 243.80372421042 244.84737168987 246.09444065592 246.45177775126 247.10714937578 256.51049446471 256.6485070966 258.39599225757 261.55979188279 265.79776807398 269.79275401685 271.81323092272 272.78835251618 283.41953992743 284.69295400958 287.88808598875 346.86116922614 358.52387001612 360.17963276541 361.14989654616 362.9528088726 369.37192808994 370.83807824359 371.59244099366 371.68523827398 372.53521998928 372.84389132558 375.46513767604 387.0544223049 392.88253003492 395.36609212885 395.77068610354 461.69017460983 462.0796130862 472.86847106264 473.23029870278 473.88214629343 475.3415778174 477.16118544427 485.69058982137 486.3578209088 489.61788645157 495.22246954254 496.70890937865 506.54810680886 510.91183760007 576.45014615886 577.15229410342 587.59208675607 588.47351904087 592.43852544146 602.61380005036 605.54672519158 611.04300319174 692.09443752345 692.57739786631 702.01059546176 729.77603664099 730.82657343209","2 2 2 2 2 2 3 3 3 3 4 4 5 1 2 2 2 2 2 3 3 3 3 4 5 5 5 5 2 2 2 2 2 2 3 3 3 3 4 4 4 4 5 5 5 1 2 2 2 2 3 3 1 3 3 3 1 4 4 1 5 1 1 2 2 2 2 2 3 3 3 4 4 2 1 1 1 2 2 2 3 3 4 1 1 2 4 4"
General-45-20260805-17:47:23-87901,vector,Florasat_Individual_Sats.satellite[0].dlkDSL.mac,All Nodes Message Generation Delay at Satellite,,,"12.40310697391 12.98531507085 13.73798596536 14.68412996915 16.37480238163 17.43994030104 25.32120434747 26.01783945694 28.93016795039 30.85145703767 38.77618736624 42.56345625448 55.19775960472 117.3878281493 129.19123854575 130.52085567516 131.15772768337 131.16238529528 132.6816482224 138.93154764738 139.09977448535 140.79140811151 144.33930845273 150.05101644168 162.92973853223 164.58298742532 165.77468307892 175.09967315783 243.27068933764 243.80372421042 244.84737168987 246.09444065592 246.45177775126 247.10714937578 256.51049446471 256.6485070966 258.39599225757 261.55979188279 265.79776807398 269.79275401685 271.81323092272 272.78835251618 283.41953992743 284.69295400958 287.88808598875 346.86116922614 358.52387001612 360.17963276541 361.14989654616 362.9528088726 369.37192808994 370.83807824359 371.59244099366 371.68523827398 372.53521998928 372.84389132558 375.46513767604 387.0544223049 392.88253003492 395.36609212885 395.77068610354 461.69017460983 462.0796130862 472.86847106264 473.23029870278 473.88214629343 475.3415778174 477.16118544427 485.69058982137 486.3578209088 489.61788645157 495.22246954254 496.70890937865 506.54810680886 510.91183760007 576.45014615886 577.15229410342 587.59208675607 588.47351904087 592.43852544146 602.61380005036 605.54672519158 611.04300319174 692.09443752345 692.57739786631 702.01059546176 729.77603664099 730.82657343209","11.40310697391 11.98531507085 12.73798596536 13.68412996915 15.37480238163 16.43994030104 24.32120434747 25.01783945694 27.93016795039 29.85145703767 37.77618736624 41.56345625448 54.19775960472 1.3878281493 13.19123854575 14.52085567516 15.15772768337 15.16238529528 16.6816482224 22.93154764738 23.09977448535 24.79140811151 28.33930845273 34.05101644168 46.92973853223 48.58298742532 49.77468307892 59.09967315783 12.27068933764 12.80372421042 13.84737168987 15.09444065592 15.45177775126 16.10714937578 25.51049446471 25.6485070966 27.39599225757 30.55979188279 34.79776807398 38.79275401685 40.81323092272 41.78835251618 52.41953992743 53.69295400958 56.88808598875 0.86116922613996 12.52387001612 14.17963276541 15.14989654616 16.9528088726 23.37192808994 24.83807824359 25.59244099366 25.68523827398 26.53521998928 26.84389132558 29.46513767604 41.0544223049 46.88253003492 49.36609212885 49.77068610354 0.69017460982997 1.0796130862 11.86847106264 12.23029870278 12.88214629343 14.3415778174 16.16118544427 24.69058982137 25.3578209088 28.61788645157 34.22246954254 35.70890937865 45.54810680886 49.91183760007 0.45014615885998 1.15229410342 11.59208675607 12.47351904087 16.43852544146 26.61380005036 29.54672519158 35.04300319174 1.09443752345 1.57739786631 11.01059546176 38.77603664099 39.82657343209"
General-45-20260805-17:47:23-87901,vector,Florasat_Individual_Sats.satellite[0].dlkDSL.mac,Message Generation Delay for Node 102 at Satellite,,,"12.40310697391 140.79140811151 272.78835251618 369.37192808994","11.40310697391 24.79140811151 41.78835251618 23.37192808994"
General-45-20260805-17:47:23-87901,vector,Florasat_Individual_Sats.satellite[0].net.packetHandler,packets received,,,"12.40310697391 12.98531507085 13.73798596536 14.68412996915 16.37480238163 17.43994030104 23.72145747942 24.36484744868 24.38929504872 25.32120434747 26.01783945694 28.93016795039 29.78057629023 30.85145703767 35.41576033289 36.69577176626 37.0126949385 38.77618736624 39.08330378513 40.52921961753 42.56345625448 43.47394766536 43.78569801514 48.41765322436 48.64456755205 49.1316285468 50.73620040612 51.29167036553 52.32322471558 52.68858613716 53.2959981942 53.85018400167 55.19775960472 55.80276003171 57.73818565825 117.3878281493 129.19123854575 130.52085567516 131.15772768337 131.16238529528 132.6816482224 138.93154764738 139.09977448535 140.79140811151 143.37676902152 144.33930845273 145.14138049743 147.41863830471 149.6646690539 150.05101644168 153.02843565114 153.89620773927 154.10012547316 155.1254487512 161.11973404758 161.88192965197 162.92973853223 164.58298742532 165.27028402284 165.77468307892 169.32387559482 171.86092005334 175.09967315783 243.27068933764 243.80372421042 244.84737168987 246.09444065592 246.45177775126 247.10714937578 254.76609880466 254.99908248004 256.51049446471 256.6485070966 257.42797467498 258.28692769739 258.39599225757 261.55979188279 264.92289624189 265.79776807398 267.76748061579 269.19191092126 269.79275401685 270.65260476589 270.94846043377 271.51020322502 271.81323092272 272.78835251618 275.77533627049 276.47913943639 278.91498812677 280.62501223101 282.03747741918 283.41953992743 284.69295400958 286.43715504365 287.25874304928 287.88808598875 346.86116922614 358.52387001612 360.17963276541 360.35476581394 361.14989654616 362.9528088726 369.37192808994 370.83807824359 371.59244099366 371.68523827398 372.53521998928 372.66371932802 372.84389132558 375.46513767604 383.77959757641 385.75446908934 385.98603991366 386.60767524078 386.88034486132 387.0544223049 389.3432500115 392.88253003492 395.36609212885 395.77068610354 398.13356099923 403.60798981803 461.69017460983 462.0796130862 472.39596355794 472.86847106264 473.23029870278 473.88214629343 475.3415778174 475.83262006602 477.16118544427 484.00060611166 485.34181717284 485.69058982137 486.3578209088 486.95779374884 488.43142732944 488.49917874526 489.61788645157 490.09003003705 495.22246954254 496.40675947269 496.70890937865 496.79160798871 500.05303660821 501.06753544732 502.21641019884 506.54810680886 506.93494428614 508.80056025683 510.91183760007 511.08848156961 511.52896852189 511.70946257737 512.9212761246 513.52019468318 515.53443792713 517.1071724858 576.45014615886 577.15229410342 587.59208675607 588.25446647632 588.47351904087 589.56996012259 592.43852544146 600.83822577855 600.84621790464 602.34744903788 602.61380005036 605.54672519158 605.94657827554 611.04300319174 612.07334152086 613.89076404872 615.34624961614 619.58008788795 624.63034264085 624.7755710753 624.84813273082 625.56375497154 626.16516036391 628.1919095951 633.58604982648 692.09443752345 692.57739786631 702.01059546176 703.10892658348 705.30109809935 715.71384780682 716.52416593551 726.34031333 727.85111000869 727.95358103507 729.77603664099 730.82657343209 739.74259246714 741.19894755811 743.37929870784","1 2 3 4 5 6 7 8 9 10 11 12 13 14 15 16 17 18 19 20 21 22 23 24 25 26 27 28 29 30 31 32 33 34 35 36 37 38 39 40 41 42 43 44 45 46 47 48 49 50 51 52 53 54 55 56 57 58 59 60 61 62 63 64 65 66 67 68 69 70 71 72 73 74 75 76 77 78 79 80 81 82 83 84 85 86 87 88 89 90 91 92 93 94 95 96 97 98 99 100 101 102 103 104 105 106 107 108 109 110 111 112 113 114 115 116 117 118 119 120 121 122 123 124 125 126 127 128 129 130 131 132 133 134 135 136 137 138 139 140 141 142 143 144 145 146 147 148 149 150 151 152 153 154 155 156 157 158 159 160 161 162 163 164 165 166 167 168 169 170 171 172 173 174 175 176 177 178 179 180 181 182 183 184 185 186 187 188 189 190 191 192 193 194 195 196 197 198 199"
General-45-20260805-17:47:23-87901,vector,Florasat_Individual_Sats.satellite[0].net.packetHandler,dropped unroutable,,,"12.40310697391 12.98531507085 13.73798596536 14.68412996915 16.37480238163 17.43994030104 23.72145747942 24.36484744868 24.38929504872 25.32120434747 26.01783945694 28.93016795039 29.78057629023 30.85145703767 35.41576033289 36.69577176626 37.0126949385 38.77618736624 39.08330378513 40.52921961753 42.56345625448 43.47394766536 43.78569801514 48.41765322436 48.64456755205 49.1316285468 50.73620040612 51.29167036553 52.32322471558 52.68858613716 53.2959981942 53.85018400167 55.19775960472 55.80276003171 57.73818565825 117.3878281493 129.19123854575 130.52085567516 131.15772768337 131.16238529528 132.6816482224 138.93154764738 139.09977448535 140.79140811151 143.37676902152 144.33930845273 145.14138049743 147.41863830471 149.6646690539 150.05101644168 153.02843565114 153.89620773927 154.10012547316 155.1254487512 161.11973404758 161.88192965197 162.92973853223 164.58298742532 165.27028402284 165.77468307892 169.32387559482 171.86092005334 175.09967315783 243.27068933764 243.80372421042 244.84737168987 246.09444065592 246.45177775126 247.10714937578 254.76609880466 254.99908248004 256.51049446471 256.6485070966 257.42797467498 258.28692769739 258.39599225757 261.55979188279 264.92289624189 265.79776807398 267.76748061579 269.19191092126 269.79275401685 270.65260476589 270.94846043377 271.51020322502 271.81323092272 272.78835251618 275.77533627049 276.47913943639 278.91498812677 280.62501223101 282.03747741918 283.41953992743 284.69295400958 286.43715504365 287.25874304928 287.88808598875 346.86116922614 358.52387001612 360.17963276541 360.35476581394 361.14989654616 362.9528088726 369.37192808994 370.83807824359 371.59244099366 371.68523827398 372.53521998928 372.66371932802 372.84389132558 375.46513767604 383.77959757641 385.75446908934 385.98603991366 386.60767524078 386.88034486132 387.0544223049 389.3432500115 392.88253003492 395.36609212885 395.77068610354 398.13356099923 403.60798981803 461.69017460983 462.0796130862 472.39596355794 472.86847106264 473.23029870278 473.88214629343 475.3415778174 475.83262006602 477.16118544427 484.00060611166 485.34181717284 485.69058982137 486.3578209088 486.95779374884 488.43142732944 488.49917874526 489.61788645157 490.09003003705 495.22246954254 496.40675947269 496.70890937865 496.79160798871 500.05303660821 501.06753544732 502.21641019884 506.54810680886 506.93494428614 508.80056025683 510.91183760007 511.08848156961 511.52896852189 511.70946257737 512.9212761246 513.52019468318 515.53443792713 517.1071724858 576.45014615886 577.15229410342 587.59208675607 588.25446647632 588.47351904087 589.56996012259 592.43852544146 600.83822577855 600.84621790464 602.34744903788 602.61380005036 605.54672519158 605.94657827554 611.04300319174 612.07334152086 613.89076404872 615.34624961614 619.58008788795 624.63034264085 624.7755710753 624.84813273082 625.56375497154 626.16516036391 628.1919095951 633.58604982648 692.09443752345 692.57739786631 702.01059546176 703.10892658348 705.30109809935 715.71384780682 716.52416593551 726.34031333 727.85111000869 727.95358103507 729.77603664099 730.82657343209 739.74259246714 741.19894755811 743.37929870784","1 2 3 4 5 6 7 8 9 10 11 12 13 14 15 16 17 18 19 20 21 22 23 24 25 26 27 28 29 30 31 32 33 34 35 36 37 38 39 40 41 42 43 44 45 46 47 48 49 50 51 52 53 54 55 56 57 58 59 60 61 62 63 64 65 66 67 68 69 70 71 72 73 74 75 76 77 78 79 80 81 82 83 84 85 86 87 88 89 90 91 92 93 94 95 96 97 98 99 100 101 102 103 104 105 106 107 108 109 110 111 112 113 114 115 116 117 118 119 120 121 122 123 124 125 126 127 128 129 130 131 132 133 134 135 136 137 138 139 140 141 142 143 144 145 146 147 148 149 150 151 152 153 154 155 156 157 158 159 160 161 162 163 164 165 166 167 168 169 170 171 172 173 174 175 176 177 178 179 180 181 182 183 184 185 186 187 188 189 190 191 192 193 194 195 196 197 198 199"
General-45-20260805-17:47:23-87901,vector,Florasat_Individual_Sats.satellite[0].net.packetHandler,packets dropped,,,"12.40310697391 12.98531507085 13.73798596536 14.68412996915 16.37480238163 17.43994030104 23.72145747942 24.36484744868 24.38929504872 25.32120434747 26.01783945694 28.93016795039 29.78057629023 30.85145703767 35.41576033289 36.69577176626 37.0126949385 38.77618736624 39.08330378513 40.52921961753 42.56345625448 43.47394766536 43.78569801514 48.41765322436 48.64456755205 49.1316285468 50.73620040612 51.29167036553 52.32322471558 52.68858613716 53.2959981942 53.85018400167 55.19775960472 55.80276003171 57.73818565825 117.3878281493 129.19123854575 130.52085567516 131.15772768337 131.16238529528 132.6816482224 138.93154764738 139.09977448535 140.79140811151 143.37676902152 144.33930845273 145.14138049743 147.41863830471 149.6646690539 150.05101644168 153.02843565114 153.89620773927 154.10012547316 155.1254487512 161.11973404758 161.88192965197 162.92973853223 164.58298742532 165.27028402284 165.77468307892 169.32387559482 171.86092005334 175.09967315783 243.27068933764 243.80372421042 244.84737168987 246.09444065592 246.45177775126 247.10714937578 254.76609880466 254.99908248004 256.51049446471 256.6485070966 257.42797467498 258.28692769739 258.39599225757 261.55979188279 264.92289624189 265.79776807398 267.76748061579 269.19191092126 269.79275401685 270.65260476589 270.94846043377 271.51020322502 271.81323092272 272.78835251618 275.77533627049 276.47913943639 278.91498812677 280.62501223101 282.03747741918 283.41953992743 284.69295400958 286.43715504365 287.25874304928 287.88808598875 346.86116922614 358.52387001612 360.17963276541 360.35476581394 361.14989654616 362.9528088726 369.37192808994 370.83807824359 371.59244099366 371.68523827398 372.53521998928 372.66371932802 372.84389132558 375.46513767604 383.77959757641 385.75446908934 385.98603991366 386.60767524078 386.88034486132 387.0544223049 389.3432500115 392.88253003492 395.36609212885 395.77068610354 398.13356099923 403.60798981803 461.69017460983 462.0796130862 472.39596355794 472.86847106264 473.23029870278 473.88214629343 475.3415778174 475.83262006602 477.16118544427 484.00060611166 485.34181717284 485.69058982137 486.3578209088 486.95779374884 488.43142732944 488.49917874526 489.61788645157 490.09003003705 495.22246954254 496.40675947269 496.70890937865 496.79160798871 500.05303660821 501.06753544732 502.21641019884 506.54810680886 506.93494428614 508.80056025683 510.91183760007 511.08848156961 511.52896852189 511.70946257737 512.9212761246 513.52019468318 515.53443792713 517.1071724858 576.45014615886 577.15229410342 587.59208675607 588.25446647632 588.47351904087 589.56996012259 592.43852544146 600.83822577855 600.84621790464 602.34744903788 602.61380005036 605.54672519158 605.94657827554 611.04300319174 612.07334152086 613.89076404872 615.34624961614 619.58008788795 624.63034264085 624.7755710753 624.84813273082 625.56375497154 626.16516036391 628.1919095951 633.58604982648 692.09443752345 692.57739786631 702.01059546176 703.10892658348 705.30109809935 715.71384780682 716.52416593551 726.34031333 727.85111000869 727.95358103507 729.77603664099 730.82657343209 739.74259246714 741.19894755811 743.37929870784","1 2 3 4 5 6 7 8 9 10 11 12 13 14 15 16 17 18 19 20 21 22 23 24 25 26 27 28 29 30 31 32 33 34 35 36 37 38 39 40 41 42 43 44 45 46 47 48 49 50 51 52 53 54 55 56 57 58 59 60 61 62 63 64 65 66 67 68 69 70 71 72 73 74 75 76 77 78 79 80 81 82 83 84 85 86 87 88 89 90 91 92 93 94 95 96 97 98 99 100 101 102 103 104 105 106 107 108 109 110 111 112 113 114 115 116 117 118 119 120 121 122 123 124 125 126 127 128 129 130 131 132 133 134 135 136 137 138 139 140 141 142 143 144 145 146 147 148 149 150 151 152 153 154 155 156 157 158 159 160 161 162 163 164 165 166 167 168 169 170 171 172 173 174 175 176 177 178 179 180 181 182 183 184 185 186 187 188 189 190 191 192 193 194 195 196 197 198 199"
General-45-20260805-17:47:23-87901,vector,Florasat_Individual_Sats.satellite[0].dlkDSL.mac,Repetition Position for Node 777 at Satellite,,,"12.98531507085 23.72145747942 36.69577176626 50.73620040612 150.05101644168 161.88192965197","180 180 180 180 180 180"
General-45-20260805-17:47:23-87901,vector,Florasat_Individual_Sats.satellite[0].dlkDSL.mac,Repetition Generation Delay for Node 777 at Satellite,,,"12.98531507085 23.72145747942 36.69577176626 50.73620040612 150.05101644168 161.88192965197","11.98531507085 22.72145747942 35.69577176626 49.73620040612 34.05101644168 45.88192965197"
General-45-20260805-17:47:23-87901,vector,Florasat_Individual_Sats.satellite[0].dlkDSL.mac,Message Generation Delay for Node 777 at Satellite,,,"12.98531507085 150.05101644168","11.98531507085 34.05101644168"
General-45-20260805-17:47:23-87901,vector,Florasat_Individual_Sats.satellite[0].dlkDSL.mac,Repetition Position for Node 372 at Satellite,,,"13.73798596536 24.36484744868 48.64456755205","180 180 180"
General-45-20260805-17:47:23-87901,vector,Florasat_Individual_Sats.satellite[0].dlkDSL.mac,Repetition Generation Delay for Node 372 at Satellite,,,"13.73798596536 24.36484744868 48.64456755205","12.73798596536 23.36484744868 47.64456755205"
General-45-20260805-17:47:23-87901,vector,Florasat_Individual_Sats.satellite[0].dlkDSL.mac,Message Generation Delay for Node 372 at Satellite,,,"13.73798596536","12.73798596536"
General-45-20260805-17:47:23-87901,vector,Florasat_Individual_Sats.satellite[0].dlkDSL.mac,Repetition Position for Node 537 at Satellite,,,"14.68412996915 37.0126949385 48.41765322436 117.3878281493 153.02843565114 258.39599225757 278.91498812677 360.17963276541 389.3432500115 403.60798981803","180 180 180 180 180 180 180 180 180 180"
General-45-20260805-17:47:23-87901,vector,Florasat_Individual_Sats.satellite[0].dlkDSL.mac,Repetition Generation Delay for Node 537 at Satellite,,,"14.68412996915 37.0126949385 48.41765322436 117.3878281493 153.02843565114 258.39599225757 278.91498812677 360.17963276541 389.3432500115 403.60798981803","13.68412996915 36.0126949385 47.41765322436 1.3878281493 37.02843565114 27.39599225757 47.91498812677 14.17963276541 43.3432500115 57.60798981803"
General-45-20260805-17:47:23-87901,vector,Florasat_Individual_Sats.satellite[0].dlkDSL.mac,Message Generation Delay for Node 537 at Satellite,,,"14.68412996915 117.3878281493 258.39599225757 360.17963276541","13.68412996915 1.3878281493 27.39599225757 14.17963276541"
General-45-20260805-17:47:23-87901,vector,Florasat_Individual_Sats.satellite[0].dlkDSL.mac,Repetition Position for Node 822 at Satellite,,,"16.37480238163 29.78057629023 43.78569801514 57.73818565825 131.16238529528 143.37676902152 153.89620773927","180 180 180 180 180 180 180"
General-45-20260805-17:47:23-87901,vector,Florasat_Individual_Sats.satellite[0].dlkDSL.mac,Repetition Generation Delay for Node 822 at Satellite,,,"16.37480238163 29.78057629023 43.78569801514 57.73818565825 131.16238529528 143.37676902152 153.89620773927","15.37480238163 28.78057629023 42.78569801514 56.73818565825 15.16238529528 27.37676902152 37.89620773927"
General-45-20260805-17:47:23-87901,vector,Florasat_Individual_Sats.satellite[0].dlkDSL.mac,Message Generation Delay for Node 822 at Satellite,,,"16.37480238163 131.16238529528","15.37480238163 15.16238529528"
General-45-20260805-17:47:23-87901,vector,Florasat_Individual_Sats.satellite[0].dlkDSL.mac,Repetition Position for Node 792 at Satellite,,,"17.43994030104 51.29167036553 138.93154764738 149.6646690539 261.55979188279 275.77533627049","180 180 180 180 180 180"
General-45-20260805-17:47:23-87901,vector,Florasat_Individual_Sats.satellite[0].dlkDSL.mac,Repetition Generation Delay for Node 792 at Satellite,,,"17.43994030104 51.29167036553 138.93154764738 149.6646690539 261.55979188279 275.77533627049","16.43994030104 50.29167036553 22.93154764738 33.6646690539 30.55979188279 44.77533627049"
General-45-20260805-17:47:23-87901,vector,Florasat_Individual_Sats.satellite[0].dlkDSL.mac,Message Generation Delay for Node 792 at Satellite,,,"17.43994030104 138.93154764738 261.55979188279","16.43994030104 22.93154764738 30.55979188279"
General-45-20260805-17:47:23-87901,vector,Florasat_Individual_Sats.satellite[0].dlkDSL.mac,Repetition Position for Node 87 at Satellite,,,"25.32120434747 35.41576033289 49.1316285468 129.19123854575 155.1254487512 165.27028402284 284.69295400958 387.0544223049","180 180 180 180 180 180 180 180"
General-45-20260805-17:47:23-87901,vector,Florasat_Individual_Sats.satellite[0].dlkDSL.mac,Repetition Generation Delay for Node 87 at Satellite,,,"25.32120434747 35.41576033289 49.1316285468 129.19123854575 155.1254487512 165.27028402284 284.69295400958 387.0544223049","24.32120434747 34.41576033289 48.1316285468 13.19123854575 39.1254487512 49.27028402284 53.69295400958 41.0544223049"
General-45-20260805-17:47:23-87901,vector,Florasat_Individual_Sats.satellite[0].dlkDSL.mac,Message Generation Delay for Node 87 at Satellite,,,"25.32120434747 129.19123854575 284.69295400958 387.0544223049","24.32120434747 13.19123854575 53.69295400958 41.0544223049"
General-45-20260805-17:47:23-87901,vector,Florasat_Individual_Sats.satellite[0].dlkDSL.mac,Repetition Position for Node 672 at Satellite,,,"26.01783945694 256.6485070966 267.76748061579","180 180 180"
General-45-20260805-17:47:23-87901,vector,Florasat_Individual_Sats.satellite[0].dlkDSL.mac,Repetition Generation Delay for Node 672 at Satellite,,,"26.01783945694 256.6485070966 267.76748061579","25.01783945694 25.6485070966 36.76748061579"
General-45-20260805-17:47:23-87901,vector,Florasat_Individual_Sats.satellite[0].dlkDSL.mac,Message Generation Delay for Node 672 at Satellite,,,"26.01783945694 256.6485070966","25.01783945694 25.6485070966"
General-45-20260805-17:47:23-87901,vector,Florasat_Individual_Sats.satellite[0].dlkDSL.mac,Repetition Position for Node 342 at Satellite,,,"28.93016795039 40.52921961753 52.32322471558 131.15772768337 145.14138049743 256.51049446471 270.65260476589 282.03747741918","180 180 180 180 180 180 180 180"
General-45-20260805-17:47:23-87901,vector,Florasat_Individual_Sats.satellite[0].dlkDSL.mac,Repetition Generation Delay for Node 342 at Satellite,,,"28.93016795039 40.52921961753 52.32322471558 131.15772768337 145.14138049743 256.51049446471 270.65260476589 282.03747741918","27.93016795039 39.52921961753 51.32322471558 15.15772768337 29.14138049743 25.51049446471 39.65260476589 51.03747741918"
General-45-20260805-17:47:23-87901,vector,Florasat_Individual_Sats.satellite[0].dlkDSL.mac,Message Generation Delay for Node 342 at Satellite,,,"28.93016795039 131.15772768337 256.51049446471","27.93016795039 15.15772768337 25.51049446471"
General-45-20260805-17:47:23-87901,vector,Florasat_Individual_Sats.satellite[0].dlkDSL.mac,Repetition Position for Node 942 at Satellite,,,"30.85145703767 43.47394766536 53.85018400167 130.52085567516 247.10714937578 271.51020322502 286.43715504365","180 180 180 180 180 180 180"
General-45-20260805-17:47:23-87901,vector,Florasat_Individual_Sats.satellite[0].dlkDSL.mac,Repetition Generation Delay for Node 942 at Satellite,,,"30.85145703767 43.47394766536 53.85018400167 130.52085567516 247.10714937578 271.51020322502 286.43715504365","29.85145703767 42.47394766536 52.85018400167 14.52085567516 16.10714937578 40.51020322502 55.43715504365"
General-45-20260805-17:47:23-87901,vector,Florasat_Individual_Sats.satellite[0].dlkDSL.mac,Message Generation Delay for Node 942 at Satellite,,,"30.85145703767 130.52085567516 247.10714937578","29.85145703767 14.52085567516 16.10714937578"
General-45-20260805-17:47:23-87901,vector,Florasat_Individual_Sats.satellite[0].dlkDSL.mac,Repetition Position for Node 357 at Satellite,,,"38.77618736624 52.68858613716 139.09977448535 265.79776807398","180 180 180 180"
General-45-20260805-17:47:23-87901,vector,Florasat_Individual_Sats.satellite[0].dlkDSL.mac,Repetition Generation Delay for Node 357 at Satellite,,,"38.77618736624 52.68858613716 139.09977448535 265.79776807398","37.77618736624 51.68858613716 23.09977448535 34.79776807398"
General-45-20260805-17:47:23-87901,vector,Florasat_Individual_Sats.satellite[0].dlkDSL.mac,Message Generation Delay for Node 357 at Satellite,,,"38.77618736624 139.09977448535 265.79776807398","37.77618736624 23.09977448535 34.79776807398"
General-45-20260805-17:47:23-87901,vector,Florasat_Individual_Sats.satellite[0].dlkDSL.mac,Repetition Position for Node 492 at Satellite,,,"42.56345625448 55.80276003171 246.45177775126","180 180 180"
General-45-20260805-17:47:23-87901,vector,Florasat_Individual_Sats.satellite[0].dlkDSL.mac,Repetition Generation Delay for Node 492 at Satellite,,,"42.56345625448 55.80276003171 246.45177775126","41.56345625448 54.80276003171 15.45177775126"
General-45-20260805-17:47:23-87901,vector,Florasat_Individual_Sats.satellite[0].dlkDSL.mac,Message Generation Delay for Node 492 at Satellite,,,"42.56345625448 246.45177775126","41.56345625448 15.45177775126"
General-45-20260805-17:47:23-87901,vector,Florasat_Individual_Sats.satellite[0].dlkDSL.mac,Repetition Position for Node 807 at Satellite,,,"55.19775960472","180"
General-45-20260805-17:47:23-87901,vector,Florasat_Individual_Sats.satellite[0].dlkDSL.mac,Repetition Generation Delay for Node 807 at Satellite,,,"55.19775960472","54.19775960472"
General-45-20260805-17:47:23-87901,vector,Florasat_Individual_Sats.satellite[0].dlkDSL.mac,Message Generation Delay for Node 807 at Satellite,,,"55.19775960472","54.19775960472"
General-45-20260805-17:47:23-87901,vector,Florasat_Individual_Sats.satellite[0].dlkDSL.mac,Repetition Position for Node 837 at Satellite,,,"132.6816482224 147.41863830471 161.11973404758 171.86092005334","180 180 180 180"
General-45-20260805-17:47:23-87901,vector,Florasat_Individual_Sats.satellite[0].dlkDSL.mac,Repetition Generation Delay for Node 837 at Satellite,,,"132.6816482224 147.41863830471 161.11973404758 171.86092005334","16.6816482224 31.41863830471 45.11973404758 55.86092005334"
General-45-20260805-17:47:23-87901,vector,Florasat_Individual_Sats.satellite[0].dlkDSL.mac,Message Generation Delay for Node 837 at Satellite,,,"132.6816482224","16.6816482224"
General-45-20260805-17:47:23-87901,vector,Florasat_Individual_Sats.satellite[0].dlkDSL.mac,Repetition Position for Node 117 at Satellite,,,"144.33930845273 169.32387559482 283.41953992743 371.68523827398 383.77959757641 475.3415778174 490.09003003705 513.52019468318","180 180 180 180 180 180 180 180"
General-45-20260805-17:47:23-87901,vector,Florasat_Individual_Sats.satellite[0].dlkDSL.mac,Repetition Generation Delay for Node 117 at Satellite,,,"144.33930845273 169.32387559482 283.41953992743 371.68523827398 383.77959757641 475.3415778174 490.09003003705 513.52019468318","28.33930845273 53.32387559482 52.41953992743 25.68523827398 37.77959757641 14.3415778174 29.09003003705 52.52019468318"
General-45-20260805-17:47:23-87901,vector,Florasat_Individual_Sats.satellite[0].dlkDSL.mac,Message Generation Delay for Node 117 at Satellite,,,"144.33930845273 283.41953992743 371.68523827398 475.3415778174","28.33930845273 52.41953992743 25.68523827398 14.3415778174"
General-45-20260805-17:47:23-87901,vector,Florasat_Individual_Sats.satellite[0].dlkDSL.mac,Repetition Position for Node 747 at Satellite,,,"162.92973853223 287.88808598875 370.83807824359","180 180 180"
General-45-20260805-17:47:23-87901,vector,Florasat_Individual_Sats.satellite[0].dlkDSL.mac,Repetition Generation Delay for Node 747 at Satellite,,,"162.92973853223 287.88808598875 370.83807824359","46.92973853223 56.88808598875 24.83807824359"
General-45-20260805-17:47:23-87901,vector,Florasat_Individual_Sats.satellite[0].dlkDSL.mac,Message Generation Delay for Node 747 at Satellite,,,"162.92973853223 287.88808598875 370.83807824359","46.92973853223 56.88808598875 24.83807824359"
General-45-20260805-17:47:23-87901,vector,Florasat_Individual_Sats.satellite[0].dlkDSL.mac,Repetition Position for Node 567 at Satellite,,,"164.58298742532 243.80372421042 254.99908248004 280.62501223101 372.84389132558 386.60767524078 473.23029870278","180 180 180 180 180 180 180"
General-45-20260805-17:47:23-87901,vector,Florasat_Individual_Sats.satellite[0].dlkDSL.mac,Repetition Generation Delay for Node 567 at Satellite,,,"164.58298742532 243.80372421042 254.99908248004 280.62501223101 372.84389132558 386.60767524078 473.23029870278","48.58298742532 12.80372421042 23.99908248004 49.62501223101 26.84389132558 40.60767524078 12.23029870278"
General-45-20260805-17:47:23-87901,vector,Florasat_Individual_Sats.satellite[0].dlkDSL.mac,Message Generation Delay for Node 567 at Satellite,,,"164.58298742532 243.80372421042 372.84389132558 473.23029870278","48.58298742532 12.80372421042 26.84389132558 12.23029870278"
General-45-20260805-17:47:23-87901,vector,Florasat_Individual_Sats.satellite[0].dlkDSL.mac,Repetition Position for Node 387 at Satellite,,,"165.77468307892","180"
General-45-20260805-17:47:23-87901,vector,Florasat_Individual_Sats.satellite[0].dlkDSL.mac,Repetition Generation Delay for Node 387 at Satellite,,,"165.77468307892","49.77468307892"
General-45-20260805-17:47:23-87901,vector,Florasat_Individual_Sats.satellite[0].dlkDSL.mac,Message Generation Delay for Node 387 at Satellite,,,"165.77468307892","49.77468307892"
General-45-20260805-17:47:23-87901,vector,Florasat_Individual_Sats.satellite[0].dlkDSL.mac,Repetition Position for Node 297 at Satellite,,,"175.09967315783 362.9528088726","180 180"
General-45-20260805-17:47:23-87901,vector,Florasat_Individual_Sats.satellite[0].dlkDSL.mac,Repetition Generation Delay for Node 297 at Satellite,,,"175.09967315783 362.9528088726","59.09967315783 16.9528088726"
General-45-20260805-17:47:23-87901,vector,Florasat_Individual_Sats.satellite[0].dlkDSL.mac,Message Generation Delay for Node 297 at Satellite,,,"175.09967315783 362.9528088726","59.09967315783 16.9528088726"
General-45-20260805-17:47:23-87901,vector,Florasat_Individual_Sats.satellite[0].dlkDSL.mac,Repetition Position for Node 312 at Satellite,,,"243.27068933764 254.76609880466 264.92289624189 276.47913943639 346.86116922614 360.35476581394","180 180 180 180 180 180"
General-45-20260805-17:47:23-87901,vector,Florasat_Individual_Sats.satellite[0].dlkDSL.mac,Repetition Generation Delay for Node 312 at Satellite,,,"243.27068933764 254.76609880466 264.92289624189 276.47913943639 346.86116922614 360.35476581394","12.27068933764 23.76609880466 33.92289624189 45.47913943639 0.86116922613996 14.35476581394"
General-45-20260805-17:47:23-87901,vector,Florasat_Individual_Sats.satellite[0].dlkDSL.mac,Message Generation Delay for Node 312 at Satellite,,,"243.27068933764 346.86116922614","12.27068933764 0.86116922613996"
General-45-20260805-17:47:23-87901,vector,Florasat_Individual_Sats.satellite[0].dlkDSL.mac,Repetition Position for Node 552 at Satellite,,,"244.84737168987 257.42797467498 269.19191092126 361.14989654616 385.75446908934 495.22246954254 508.80056025683","180 180 180 180 180 180 180"
General-45-20260805-17:47:23-87901,vector,Florasat_Individual_Sats.satellite[0].dlkDSL.mac,Repetition Generation Delay for Node 552 at Satellite,,,"244.84737168987 257.42797467498 269.19191092126 361.14989654616 385.75446908934 495.22246954254 508.80056025683","13.84737168987 26.42797467498 38.19191092126 15.14989654616 39.75446908934 34.22246954254 47.80056025683"
General-45-20260805-17:47:23-87901,vector,Florasat_Individual_Sats.satellite[0].dlkDSL.mac,Message Generation Delay for Node 552 at Satellite,,,"244.84737168987 361.14989654616 495.22246954254","13.84737168987 15.14989654616 34.22246954254"
General-45-20260805-17:47:23-87901,vector,Florasat_Individual_Sats.satellite[0].dlkDSL.mac,Repetition Position for Node 162 at Satellite,,,"246.09444065592 258.28692769739 270.94846043377 358.52387001612 372.66371932802 386.88034486132","180 180 180 180 180 180"
General-45-20260805-17:47:23-87901,vector,Florasat_Individual_Sats.satellite[0].dlkDSL.mac,Repetition Generation Delay for Node 162 at Satellite,,,"246.09444065592 258.28692769739 270.94846043377 358.52387001612 372.66371932802 386.88034486132","15.09444065592 27.28692769739 39.94846043377 12.52387001612 26.66371932802 40.88034486132"
General-45-20260805-17:47:23-87901,vector,Florasat_Individual_Sats.satellite[0].dlkDSL.mac,Message Generation Delay for Node 162 at Satellite,,,"246.09444065592 358.52387001612","15.09444065592 12.52387001612"
General-45-20260805-17:47:23-87901,vector,Florasat_Individual_Sats.satellite[0].dlkDSL.mac,Repetition Position for Node 222 at Satellite,,,"269.79275401685","180"
General-45-20260805-17:47:23-87901,vector,Florasat_Individual_Sats.satellite[0].dlkDSL.mac,Repetition Generation Delay for Node 222 at Satellite,,,"269.79275401685","38.79275401685"
General-45-20260805-17:47:23-87901,vector,Florasat_Individual_Sats.satellite[0].dlkDSL.mac,Message Generation Delay for Node 222 at Satellite,,,"269.79275401685","38.79275401685"
General-45-20260805-17:47:23-87901,vector,Florasat_Individual_Sats.satellite[0].dlkDSL.mac,Repetition Position for Node 237 at Satellite,,,"271.81323092272","180"
General-45-20260805-17:47:23-87901,vector,Florasat_Individual_Sats.satellite[0].dlkDSL.mac,Repetition Generation Delay for Node 237 at Satellite,,,"271.81323092272","40.81323092272"
General-45-20260805-17:47:23-87901,vector,Florasat_Individual_Sats.satellite[0].dlkDSL.mac,Message Generation Delay for Node 237 at Satellite,,,"271.81323092272","40.81323092272"
General-45-20260805-17:47:23-87901,vector,Florasat_Individual_Sats.satellite[0].dlkDSL.mac,Repetition Position for Node 612 at Satellite,,,"371.59244099366 473.88214629343 486.95779374884 501.06753544732 511.70946257737 602.61380005036","180 180 180 180 180 180"
General-45-20260805-17:47:23-87901,vector,Florasat_Individual_Sats.satellite[0].dlkDSL.mac,Repetition Generation Delay for Node 612 at Satellite,,,"371.59244099366 473.88214629343 486.95779374884 501.06753544732 511.70946257737 602.61380005036","25.59244099366 12.88214629343 25.95779374884 40.06753544732 50.70946257737 26.61380005036"
General-45-20260805-17:47:23-87901,vector,Florasat_Individual_Sats.satellite[0].dlkDSL.mac,Message Generation Delay for Node 612 at Satellite,,,"371.59244099366 473.88214629343 602.61380005036","25.59244099366 12.88214629343 26.61380005036"
General-45-20260805-17:47:23-87901,vector,Florasat_Individual_Sats.satellite[0].dlkDSL.mac,Repetition Position for Node 642 at Satellite,,,"372.53521998928 486.3578209088","180 180"
General-45-20260805-17:47:23-87901,vector,Florasat_Individual_Sats.satellite[0].dlkDSL.mac,Repetition Generation Delay for Node 642 at Satellite,,,"372.53521998928 486.3578209088","26.53521998928 25.3578209088"
General-45-20260805-17:47:23-87901,vector,Florasat_Individual_Sats.satellite[0].dlkDSL.mac,Message Generation Delay for Node 642 at Satellite,,,"372.53521998928 486.3578209088","26.53521998928 25.3578209088"
General-45-20260805-17:47:23-87901,vector,Florasat_Individual_Sats.satellite[0].dlkDSL.mac,Repetition Position for Node 147 at Satellite,,,"375.46513767604 385.98603991366 398.13356099923 485.69058982137 500.05303660821 512.9212761246","180 180 180 180 180 180"
General-45-20260805-17:47:23-87901,vector,Florasat_Individual_Sats.satellite[0].dlkDSL.mac,Repetition Generation Delay for Node 147 at Satellite,,,"375.46513767604 385.98603991366 398.13356099923 485.69058982137 500.05303660821 512.9212761246","29.46513767604 39.98603991366 52.13356099923 24.69058982137 39.05303660821 51.9212761246"
General-45-20260805-17:47:23-87901,vector,Florasat_Individual_Sats.satellite[0].dlkDSL.mac,Message Generation Delay for Node 147 at Satellite,,,"375.46513767604 485.69058982137","29.46513767604 24.69058982137"
General-45-20260805-17:47:23-87901,vector,Florasat_Individual_Sats.satellite[0].dlkDSL.mac,Repetition Position for Node 192 at Satellite,,,"392.88253003492 477.16118544427 488.49917874526 515.53443792713 605.54672519158 628.1919095951","180 180 180 180 180 180"
General-45-20260805-17:47:23-87901,vector,Florasat_Individual_Sats.satellite[0].dlkDSL.mac,Repetition Generation Delay for Node 192 at Satellite,,,"392.88253003492 477.16118544427 488.49917874526 515.53443792713 605.54672519158 628.1919095951","46.88253003492 16.16118544427 27.49917874526 54.53443792713 29.54672519158 52.1919095951"
General-45-20260805-17:47:23-87901,vector,Florasat_Individual_Sats.satellite[0].dlkDSL.mac,Message Generation Delay for Node 192 at Satellite,,,"392.88253003492 477.16118544427 605.54672519158","46.88253003492 16.16118544427 29.54672519158"
General-45-20260805-17:47:23-87901,vector,Florasat_Individual_Sats.satellite[0].dlkDSL.mac,Repetition Position for Node 627 at Satellite,,,"395.36609212885 461.69017460983 472.39596355794 484.00060611166 496.79160798871 511.08848156961 576.45014615886 588.25446647632 602.34744903788 624.63034264085 702.01059546176 726.34031333","180 180 180 180 180 180 180 180 180 180 180 180"
General-45-20260805-17:47:23-87901,vector,Florasat_Individual_Sats.satellite[0].dlkDSL.mac,Repetition Generation Delay for Node 627 at Satellite,,,"395.36609212885 461.69017460983 472.39596355794 484.00060611166 496.79160798871 511.08848156961 576.45014615886 588.25446647632 602.34744903788 624.63034264085 702.01059546176 726.34031333","49.36609212885 0.69017460982997 11.39596355794 23.00060611166 35.79160798871 50.08848156961 0.45014615885998 12.25446647632 26.34744903788 48.63034264085 11.01059546176 35.34031333"
General-45-20260805-17:47:23-87901,vector,Florasat_Individual_Sats.satellite[0].dlkDSL.mac,Message Generation Delay for Node 627 at Satellite,,,"395.36609212885 461.69017460983 576.45014615886 702.01059546176","49.36609212885 0.69017460982997 0.45014615885998 11.01059546176"
General-45-20260805-17:47:23-87901,vector,Florasat_Individual_Sats.satellite[0].dlkDSL.mac,Repetition Position for Node 327 at Satellite,,,"395.77068610354","180"
General-45-20260805-17:47:23-87901,vector,Florasat_Individual_Sats.satellite[0].dlkDSL.mac,Repetition Generation Delay for Node 327 at Satellite,,,"395.77068610354","49.77068610354"
General-45-20260805-17:47:23-87901,vector,Florasat_Individual_Sats.satellite[0].dlkDSL.mac,Message Generation Delay for Node 327 at Satellite,,,"395.77068610354","49.77068610354"
General-45-20260805-17:47:23-87901,vector,Florasat_Individual_Sats.satellite[0].dlkDSL.mac,Repetition Position for Node 657 at Satellite,,,"462.0796130862 475.83262006602 488.43142732944 502.21641019884 517.1071724858 577.15229410342 589.56996012259 600.83822577855 612.07334152086 624.84813273082 730.82657343209 743.37929870784","180 180 180 180 180 180 180 180 180 180 180 180"
General-45-20260805-17:47:23-87901,vector,Florasat_Individual_Sats.satellite[0].dlkDSL.mac,Repetition Generation Delay for Node 657 at Satellite,,,"462.0796130862 475.83262006602 488.43142732944 502.21641019884 517.1071724858 577.15229410342 589.56996012259 600.83822577855 612.07334152086 624.84813273082 730.82657343209 743.37929870784","1.0796130862 14.83262006602 27.43142732944 41.21641019884 56.1071724858 1.15229410342 13.56996012259 24.83822577855 36.07334152086 48.84813273082 39.82657343209 52.37929870784"
General-45-20260805-17:47:23-87901,vector,Florasat_Individual_Sats.satellite[0].dlkDSL.mac,Message Generation Delay for Node 657 at Satellite,,,"462.0796130862 577.15229410342 730.82657343209","1.0796130862 1.15229410342 39.82657343209"
General-45-20260805-17:47:23-87901,vector,Florasat_Individual_Sats.satellite[0].dlkDSL.mac,Repetition Position for Node 177 at Satellite,,,"472.86847106264 485.34181717284 496.40675947269 506.93494428614 588.47351904087 615.34624961614 626.16516036391 729.77603664099","180 180 180 180 180 180 180 180"
General-45-20260805-17:47:23-87901,vector,Florasat_Individual_Sats.satellite[0].dlkDSL.mac,Repetition Generation Delay for Node 177 at Satellite,,,"472.86847106264 485.34181717284 496.40675947269 506.93494428614 588.47351904087 615.34624961614 626.16516036391 729.77603664099","11.86847106264 24.34181717284 35.40675947269 45.93494428614 12.47351904087 39.34624961614 50.16516036391 38.77603664099"
General-45-20260805-17:47:23-87901,vector,Florasat_Individual_Sats.satellite[0].dlkDSL.mac,Message Generation Delay for Node 177 at Satellite,,,"472.86847106264 588.47351904087 729.77603664099","11.86847106264 12.47351904087 38.77603664099"
General-45-20260805-17:47:23-87901,vector,Florasat_Individual_Sats.satellite[0].dlkDSL.mac,Repetition Position for Node 207 at Satellite,,,"489.61788645157 611.04300319174 624.7755710753","180 180 180"
General-45-20260805-17:47:23-87901,vector,Florasat_Individual_Sats.satellite[0].dlkDSL.mac,Repetition Generation Delay for Node 207 at Satellite,,,"489.61788645157 611.04300319174 624.7755710753","28.61788645157 35.04300319174 48.7755710753"
General-45-20260805-17:47:23-87901,vector,Florasat_Individual_Sats.satellite[0].dlkDSL.mac,Message Generation Delay for Node 207 at Satellite,,,"489.61788645157 611.04300319174","28.61788645157 35.04300319174"
General-45-20260805-17:47:23-87901,vector,Florasat_Individual_Sats.satellite[0].dlkDSL.mac,Repetition Position for Node 582 at Satellite,,,"496.70890937865 511.52896852189","180 180"
General-45-20260805-17:47:23-87901,vector,Florasat_Individual_Sats.satellite[0].dlkDSL.mac,Repetition Generation Delay for Node 582 at Satellite,,,"496.70890937865 511.52896852189","35.70890937865 50.52896852189"
General-45-20260805-17:47:23-87901,vector,Florasat_Individual_Sats.satellite[0].dlkDSL.mac,Message Generation Delay for Node 582 at Satellite,,,"496.70890937865","35.70890937865"
General-45-20260805-17:47:23-87901,vector,Florasat_Individual_Sats.satellite[0].dlkDSL.mac,Repetition Position for Node 957 at Satellite,,,"506.54810680886 587.59208675607 600.84621790464 613.89076404872 625.56375497154 692.09443752345 703.10892658348 716.52416593551 727.95358103507 741.19894755811","180 180 180 180 180 180 180 180 180 180"
General-45-20260805-17:47:23-87901,vector,Florasat_Individual_Sats.satellite[0].dlkDSL.mac,Repetition Generation Delay for Node 957 at Satellite,,,"506.54810680886 587.59208675607 600.84621790464 613.89076404872 625.56375497154 692.09443752345 703.10892658348 716.52416593551 727.95358103507 741.19894755811","45.54810680886 11.59208675607 24.84621790464 37.89076404872 49.56375497154 1.09443752345 12.10892658348 25.52416593551 36.95358103507 50.19894755811"
General-45-20260805-17:47:23-87901,vector,Florasat_Individual_Sats.satellite[0].dlkDSL.mac,Message Generation Delay for Node 957 at Satellite,,,"506.54810680886 587.59208675607 692.09443752345","45.54810680886 11.59208675607 1.09443752345"
General-45-20260805-17:47:23-87901,vector,Florasat_Individual_Sats.satellite[0].dlkDSL.mac,Repetition Position for Node 507 at Satellite,,,"510.91183760007 592.43852544146 605.94657827554 619.58008788795 633.58604982648 692.57739786631 705.30109809935 715.71384780682 727.85111000869 739.74259246714","180 180 180 180 180 180 180 180 180 180"
General-45-20260805-17:47:23-87901,vector,Florasat_Individual_Sats.satellite[0].dlkDSL.mac,Repetition Generation Delay for Node 507 at Satellite,,,"510.91183760007 592.43852544146 605.94657827554 619.58008788795 633.58604982648 692.57739786631 705.30109809935 715.71384780682 727.85111000869 739.74259246714","49.91183760007 16.43852544146 29.94657827554 43.58008788795 57.58604982648 1.57739786631 14.30109809935 24.71384780682 36.85111000869 48.74259246714"
General-45-20260805-17:47:23-87901,vector,Florasat_Individual_Sats.satellite[0].dlkDSL.mac,Message Generation Delay for Node 507 at Satellite,,,"510.91183760007 592.43852544146 692.57739786631","49.91183760007 16.43852544146 1.57739786631"
