run,type,module,name,attrname,attrvalue,vectime,vecvalue
General-110-20260718-15:07:35-5193,runattr,,,configname,General,,
General-110-20260718-15:07:35-5193,runattr,,,datetime,20260718-15:07:35,,
General-110-20260718-15:07:35-5193,runattr,,,datetimef,20260718-150735,,
General-110-20260718-15:07:35-5193,runattr,,,experiment,General,,
General-110-20260718-15:07:35-5193,runattr,,,inifile,Test_MLModel_1.ini,,
General-110-20260718-15:07:35-5193,runattr,,,iterationvars,"$myraan=175, $threshold=0.20, $0=23542",,
General-110-20260718-15:07:35-5193,runattr,,,iterationvarsd,myraan=175/threshold=0.20/23542,,
General-110-20260718-15:07:35-5193,runattr,,,iterationvarsf,"myraan=175,threshold=0.20,23542-",,
General-110-20260718-15:07:35-5193,runattr,,,measurement,"$myraan=175, $threshold=0.20, $0=23542",,
General-110-20260718-15:07:35-5193,runattr,,,network,Florasat.Test_Individual.Florasat_Individual_Sats,,
General-110-20260718-15:07:35-5193,runattr,,,processid,5193,,
General-110-20260718-15:07:35-5193,runattr,,,repetition,0,,
General-110-20260718-15:07:35-5193,runattr,,,replication,#0,,
General-110-20260718-15:07:35-5193,runattr,,,resultdir,results,,
General-110-20260718-15:07:35-5193,runattr,,,runnumber,110,,
General-110-20260718-15:07:35-5193,runattr,,,seedset,110,,
General-110-20260718-15:07:35-5193,itervar,,,myraan,175,,
General-110-20260718-15:07:35-5193,itervar,,,threshold,0.20,,
General-110-20260718-15:07:35-5193,config,,,*.stats_altitude,670,,
General-110-20260718-15:07:35-5193,config,,,*.stats_raan,185,,
General-110-20260718-15:07:35-5193,config,,,image-path,../../images:../../../../samples/inet4.5_2/images,,
General-110-20260718-15:07:35-5193,config,,,network,Florasat.Test_Individual.Florasat_Individual_Sats,,
General-110-20260718-15:07:35-5193,config,,,rng-class,cMersenneTwister,,
General-110-20260718-15:07:35-5193,config,,,*.**.result-recording-modes,-,,
General-110-20260718-15:07:35-5193,config,,,**.result-recording-modes,-,,
General-110-20260718-15:07:35-5193,config,,,**.statistic-recording,true,,
General-110-20260718-15:07:35-5193,config,,,**.scalar-recording,true,,
General-110-20260718-15:07:35-5193,config,,,**.vector-recording,true,,
General-110-20260718-15:07:35-5193,config,,,**.vector-record-eventnumbers,true,,
General-110-20260718-15:07:35-5193,config,,,repeat,10,,
General-110-20260718-15:07:35-5193,config,,,seed-0-mt,23542,,
General-110-20260718-15:07:35-5193,config,,,sim-time-limit,749s,,
General-110-20260718-15:07:35-5193,config,,,simtime-resolution,-11,,
General-110-20260718-15:07:35-5193,config,,,**.stats_altitude,670,,
General-110-20260718-15:07:35-5193,config,,,**.stats_raan,185,,
General-110-20260718-15:07:35-5193,config,,,*.radioMedium.backgroundNoise.power,-110dBm,,
General-110-20260718-15:07:35-5193,config,,,*.radioMedium.mediumLimitCache.centerFrequency,868MHz,,
General-110-20260718-15:07:35-5193,config,,,*.radioMedium.mediumLimitCache.maxTransmissionDuration,4s,,
General-110-20260718-15:07:35-5193,config,,,*.radioMedium.mediumLimitCache.minInterferenceTime,0s,,
General-110-20260718-15:07:35-5193,config,,,**.numSatellites,1,,
General-110-20260718-15:07:35-5193,config,,,*.satellite[*].mobilityType,"""Sat_Mob_SatelliteMobility_Standalone""",,
General-110-20260718-15:07:35-5193,config,,,*.satellite[*].noradModuleType,"""Sat_Mob_NoradA""",,
General-110-20260718-15:07:35-5193,config,,,**.satellite[*].**.initFromDisplayString,false,,
General-110-20260718-15:07:35-5193,config,,,*.satellite[*].mobility.faceForward,true,,
General-110-20260718-15:07:35-5193,config,,,*.satellite[*].mobility.updateInterval,20s,,
General-110-20260718-15:07:35-5193,config,,,*.satellite[*].NoradModule.satName,"""FLoRaSat""",,
General-110-20260718-15:07:35-5193,config,,,*.satellite[*].NoradModule.satIndex,-1,,
General-110-20260718-15:07:35-5193,config,,,*.satellite[*].NoradModule.baseYear,20,,
General-110-20260718-15:07:35-5193,config,,,*.satellite[*].NoradModule.baseDay,1.5,,
General-110-20260718-15:07:35-5193,config,,,*.satellite[*].NoradModule.planes,1,,
General-110-20260718-15:07:35-5193,config,,,*.satellite[*].NoradModule.satPerPlane,1,,
General-110-20260718-15:07:35-5193,config,,,*.satellite[*].NoradModule.eccentricity,0.000001,,
General-110-20260718-15:07:35-5193,config,,,*.satellite[*].NoradModule.inclination,98,,
General-110-20260718-15:07:35-5193,config,,,*.satellite[*].NoradModule.altitude,670,,
General-110-20260718-15:07:35-5193,config,,,*.satellite[0].NoradModule.raan,175,,
General-110-20260718-15:07:35-5193,config,,,*.satellite[0].NoradModule.meanAnomaly,195,,
General-110-20260718-15:07:35-5193,config,,,*.satellite[*].phyDSL.radio.receiver.enableCollisionOverlap,true,,
General-110-20260718-15:07:35-5193,config,,,*.satellite[*].phyDSL.radio.receiver.minCollisionOverlap,0s,,
General-110-20260718-15:07:35-5193,config,,,*.satellite[*].phyDSL.radio.antenna.typename,ConstantGainAntenna,,
General-110-20260718-15:07:35-5193,config,,,*.satellite[*].phyDSL.radio.antenna.mobilityModule,"""^.^.^.mobility""",,
General-110-20260718-15:07:35-5193,config,,,*.satellite[*].phyISL.radio.antenna.mobilityModule,"""^.^.^.mobility""",,
General-110-20260718-15:07:35-5193,config,,,*.satellite[*].phyGSL.radio.antenna.mobilityModule,"""^.^.^.mobility""",,
General-110-20260718-15:07:35-5193,config,,,*.satellite[*].phyDSL.radio.antenna.gain,12dB,,
General-110-20260718-15:07:35-5193,config,,,*.satellite[*].net.routingType,"""Null_Routing""",,
General-110-20260718-15:07:35-5193,config,,,*.terminal[*].net.routingType,"""Ter_Null_Routing""",,
General-110-20260718-15:07:35-5193,config,,,*.**.numGroundLinks,40,,
General-110-20260718-15:07:35-5193,config,,,*.satellite[*].**.interfaceTableModule,"""""",,
General-110-20260718-15:07:35-5193,config,,,**.radioMedium.typename,LoRaMedium,,
General-110-20260718-15:07:35-5193,config,,,**.radioMedium.analogModel.typename,LoRaAnalogModel,,
General-110-20260718-15:07:35-5193,config,,,**.intraPlaneIslDisabled,false,,
General-110-20260718-15:07:35-5193,config,,,**.interPlaneIslDisabled,false,,
General-110-20260718-15:07:35-5193,config,,,**.numTerminals,60,,
General-110-20260718-15:07:35-5193,config,,,*.terminal[*].phy.radio.antenna.mobilityModule,"""^.^.^.mob""",,
General-110-20260718-15:07:35-5193,config,,,*.terminal[*].dlk.mac.interfaceTableModule,"""""",,
General-110-20260718-15:07:35-5193,config,,,*.terminal[*].dlk.energySourceModule,"""""",,
General-110-20260718-15:07:35-5193,config,,,*.terminal[*].dlk.mac.LoRaTP,"intuniform(12, 14)",,
General-110-20260718-15:07:35-5193,config,,,*.terminal[*].dlk.mac.LoRaSF,"intuniform(10, 12)",,
General-110-20260718-15:07:35-5193,config,,,*.terminal[*].dlk.mac.useMLBox,true,,
General-110-20260718-15:07:35-5193,config,,,*.terminal[*].dlk.mac.mlBox.modelPath,"""/home/ylnner/Documents/omnet++/omnetpp-6.3.0/projects/florasat_v4_ult_routing/simulations/Test_Individual/mlmodels/transformer_scripted.pt""",,
General-110-20260718-15:07:35-5193,config,,,*.terminal[*].dlk.mac.mlBox.threshold,0.20,,
General-110-20260718-15:07:35-5193,config,,,**.numberOfPacketsToSend,0,,
General-110-20260718-15:07:35-5193,config,,,**.timeToFirstPacket,1s,,
General-110-20260718-15:07:35-5193,config,,,**.timeToNextPacket,115s,,
General-110-20260718-15:07:35-5193,config,,,*.terminal[0].mob.radius,0.0,,
General-110-20260718-15:07:35-5193,config,,,*.terminal[0].mob.centerLatitude,54.978,,
General-110-20260718-15:07:35-5193,config,,,*.terminal[0].mob.centerLongitude,-1.617,,
General-110-20260718-15:07:35-5193,config,,,*.terminal[1].mob.radius,0.0,,
General-110-20260718-15:07:35-5193,config,,,*.terminal[1].mob.centerLatitude,52.630,,
General-110-20260718-15:07:35-5193,config,,,*.terminal[1].mob.centerLongitude,-1.139,,
General-110-20260718-15:07:35-5193,config,,,*.terminal[2].mob.radius,0.0,,
General-110-20260718-15:07:35-5193,config,,,*.terminal[2].mob.centerLatitude,52.612,,
General-110-20260718-15:07:35-5193,config,,,*.terminal[2].mob.centerLongitude,-6.295,,
General-110-20260718-15:07:35-5193,config,,,*.terminal[3].mob.radius,0.0,,
General-110-20260718-15:07:35-5193,config,,,*.terminal[3].mob.centerLatitude,47.243,,
General-110-20260718-15:07:35-5193,config,,,*.terminal[3].mob.centerLongitude,6.024,,
General-110-20260718-15:07:35-5193,config,,,*.terminal[4].mob.radius,0.0,,
General-110-20260718-15:07:35-5193,config,,,*.terminal[4].mob.centerLatitude,43.610,,
General-110-20260718-15:07:35-5193,config,,,*.terminal[4].mob.centerLongitude,3.876,,
General-110-20260718-15:07:35-5193,config,,,*.terminal[5].mob.radius,0.0,,
General-110-20260718-15:07:35-5193,config,,,*.terminal[5].mob.centerLatitude,49.443,,
General-110-20260718-15:07:35-5193,config,,,*.terminal[5].mob.centerLongitude,1.099,,
General-110-20260718-15:07:35-5193,config,,,*.terminal[6].mob.radius,0.0,,
General-110-20260718-15:07:35-5193,config,,,*.terminal[6].mob.centerLatitude,37.992,,
General-110-20260718-15:07:35-5193,config,,,*.terminal[6].mob.centerLongitude,-1.130,,
General-110-20260718-15:07:35-5193,config,,,*.terminal[7].mob.radius,0.0,,
General-110-20260718-15:07:35-5193,config,,,*.terminal[7].mob.centerLatitude,40.965,,
General-110-20260718-15:07:35-5193,config,,,*.terminal[7].mob.centerLongitude,-5.664,,
General-110-20260718-15:07:35-5193,config,,,*.terminal[8].mob.radius,0.0,,
General-110-20260718-15:07:35-5193,config,,,*.terminal[8].mob.centerLatitude,40.657,,
General-110-20260718-15:07:35-5193,config,,,*.terminal[8].mob.centerLongitude,-7.914,,
General-110-20260718-15:07:35-5193,config,,,*.terminal[9].mob.radius,0.0,,
General-110-20260718-15:07:35-5193,config,,,*.terminal[9].mob.centerLatitude,51.340,,
General-110-20260718-15:07:35-5193,config,,,*.terminal[9].mob.centerLongitude,12.373,,
General-110-20260718-15:07:35-5193,config,,,*.terminal[10].mob.radius,0.0,,
General-110-20260718-15:07:35-5193,config,,,*.terminal[10].mob.centerLatitude,51.455,,
General-110-20260718-15:07:35-5193,config,,,*.terminal[10].mob.centerLongitude,7.011,,
General-110-20260718-15:07:35-5193,config,,,*.terminal[11].mob.radius,0.0,,
General-110-20260718-15:07:35-5193,config,,,*.terminal[11].mob.centerLatitude,49.452,,
General-110-20260718-15:07:35-5193,config,,,*.terminal[11].mob.centerLongitude,11.076,,
General-110-20260718-15:07:35-5193,config,,,*.terminal[12].mob.radius,0.0,,
General-110-20260718-15:07:35-5193,config,,,*.terminal[12].mob.centerLatitude,43.769,,
General-110-20260718-15:07:35-5193,config,,,*.terminal[12].mob.centerLongitude,11.255,,
General-110-20260718-15:07:35-5193,config,,,*.terminal[13].mob.radius,0.0,,
General-110-20260718-15:07:35-5193,config,,,*.terminal[13].mob.centerLatitude,41.117,,
General-110-20260718-15:07:35-5193,config,,,*.terminal[13].mob.centerLongitude,16.871,,
General-110-20260718-15:07:35-5193,config,,,*.terminal[14].mob.radius,0.0,,
General-110-20260718-15:07:35-5193,config,,,*.terminal[14].mob.centerLatitude,52.132,,
General-110-20260718-15:07:35-5193,config,,,*.terminal[14].mob.centerLongitude,5.291,,
General-110-20260718-15:07:35-5193,config,,,*.terminal[15].mob.radius,0.0,,
General-110-20260718-15:07:35-5193,config,,,*.terminal[15].mob.centerLatitude,50.411,,
General-110-20260718-15:07:35-5193,config,,,*.terminal[15].mob.centerLongitude,4.444,,
General-110-20260718-15:07:35-5193,config,,,*.terminal[16].mob.radius,0.0,,
General-110-20260718-15:07:35-5193,config,,,*.terminal[16].mob.centerLatitude,47.559,,
General-110-20260718-15:07:35-5193,config,,,*.terminal[16].mob.centerLongitude,7.588,,
General-110-20260718-15:07:35-5193,config,,,*.terminal[17].mob.radius,0.0,,
General-110-20260718-15:07:35-5193,config,,,*.terminal[17].mob.centerLatitude,55.403,,
General-110-20260718-15:07:35-5193,config,,,*.terminal[17].mob.centerLongitude,10.402,,
General-110-20260718-15:07:35-5193,config,,,*.terminal[18].mob.radius,0.0,,
General-110-20260718-15:07:35-5193,config,,,*.terminal[18].mob.centerLatitude,59.858,,
General-110-20260718-15:07:35-5193,config,,,*.terminal[18].mob.centerLongitude,17.638,,
General-110-20260718-15:07:35-5193,config,,,*.terminal[19].mob.radius,0.0,,
General-110-20260718-15:07:35-5193,config,,,*.terminal[19].mob.centerLatitude,60.451,,
General-110-20260718-15:07:35-5193,config,,,*.terminal[19].mob.centerLongitude,22.266,,
General-110-20260718-15:07:35-5193,config,,,*.terminal[20].mob.radius,0.0,,
General-110-20260718-15:07:35-5193,config,,,*.terminal[20].mob.centerLatitude,56.325,,
General-110-20260718-15:07:35-5193,config,,,*.terminal[20].mob.centerLongitude,22.349,,
General-110-20260718-15:07:35-5193,config,,,*.terminal[21].mob.radius,0.0,,
General-110-20260718-15:07:35-5193,config,,,*.terminal[21].mob.centerLatitude,49.883,,
General-110-20260718-15:07:35-5193,config,,,*.terminal[21].mob.centerLongitude,18.568,,
General-110-20260718-15:07:35-5193,config,,,*.terminal[22].mob.radius,0.0,,
General-110-20260718-15:07:35-5193,config,,,*.terminal[22].mob.centerLatitude,47.531,,
General-110-20260718-15:07:35-5193,config,,,*.terminal[22].mob.centerLongitude,21.627,,
General-110-20260718-15:07:35-5193,config,,,*.terminal[23].mob.radius,0.0,,
General-110-20260718-15:07:35-5193,config,,,*.terminal[23].mob.centerLatitude,44.179,,
General-110-20260718-15:07:35-5193,config,,,*.terminal[23].mob.centerLongitude,28.649,,
General-110-20260718-15:07:35-5193,config,,,*.terminal[24].mob.radius,0.0,,
General-110-20260718-15:07:35-5193,config,,,*.terminal[24].mob.centerLatitude,45.327,,
General-110-20260718-15:07:35-5193,config,,,*.terminal[24].mob.centerLongitude,14.442,,
General-110-20260718-15:07:35-5193,config,,,*.terminal[25].mob.radius,0.0,,
General-110-20260718-15:07:35-5193,config,,,*.terminal[25].mob.centerLatitude,40.694,,
General-110-20260718-15:07:35-5193,config,,,*.terminal[25].mob.centerLongitude,30.400,,
General-110-20260718-15:07:35-5193,config,,,*.terminal[26].mob.radius,0.0,,
General-110-20260718-15:07:35-5193,config,,,*.terminal[26].mob.centerLatitude,37.066,,
General-110-20260718-15:07:35-5193,config,,,*.terminal[26].mob.centerLongitude,37.383,,
General-110-20260718-15:07:35-5193,config,,,*.terminal[27].mob.radius,0.0,,
General-110-20260718-15:07:35-5193,config,,,*.terminal[27].mob.centerLatitude,64.836,,
General-110-20260718-15:07:35-5193,config,,,*.terminal[27].mob.centerLongitude,-23.708,,
General-110-20260718-15:07:35-5193,config,,,*.terminal[28].mob.radius,0.0,,
General-110-20260718-15:07:35-5193,config,,,*.terminal[28].mob.centerLatitude,28.099,,
General-110-20260718-15:07:35-5193,config,,,*.terminal[28].mob.centerLongitude,-17.113,,
General-110-20260718-15:07:35-5193,config,,,*.terminal[29].mob.radius,0.0,,
General-110-20260718-15:07:35-5193,config,,,*.terminal[29].mob.centerLatitude,34.921,,
General-110-20260718-15:07:35-5193,config,,,*.terminal[29].mob.centerLongitude,33.623,,
General-110-20260718-15:07:35-5193,config,,,*.terminal[30].mob.radius,0.0,,
General-110-20260718-15:07:35-5193,config,,,*.terminal[30].mob.centerLatitude,55.953,,
General-110-20260718-15:07:35-5193,config,,,*.terminal[30].mob.centerLongitude,-3.188,,
General-110-20260718-15:07:35-5193,config,,,*.terminal[31].mob.radius,0.0,,
General-110-20260718-15:07:35-5193,config,,,*.terminal[31].mob.centerLatitude,51.481,,
General-110-20260718-15:07:35-5193,config,,,*.terminal[31].mob.centerLongitude,-3.179,,
General-110-20260718-15:07:35-5193,config,,,*.terminal[32].mob.radius,0.0,,
General-110-20260718-15:07:35-5193,config,,,*.terminal[32].mob.centerLatitude,53.349,,
General-110-20260718-15:07:35-5193,config,,,*.terminal[32].mob.centerLongitude,-6.260,,
General-110-20260718-15:07:35-5193,config,,,*.terminal[33].mob.radius,0.0,,
General-110-20260718-15:07:35-5193,config,,,*.terminal[33].mob.centerLatitude,45.764,,
General-110-20260718-15:07:35-5193,config,,,*.terminal[33].mob.centerLongitude,4.835,,
General-110-20260718-15:07:35-5193,config,,,*.terminal[34].mob.radius,0.0,,
General-110-20260718-15:07:35-5193,config,,,*.terminal[34].mob.centerLatitude,48.573,,
General-110-20260718-15:07:35-5193,config,,,*.terminal[34].mob.centerLongitude,7.752,,
General-110-20260718-15:07:35-5193,config,,,*.terminal[35].mob.radius,0.0,,
General-110-20260718-15:07:35-5193,config,,,*.terminal[35].mob.centerLatitude,44.837,,
General-110-20260718-15:07:35-5193,config,,,*.terminal[35].mob.centerLongitude,-0.579,,
General-110-20260718-15:07:35-5193,config,,,*.terminal[36].mob.radius,0.0,,
General-110-20260718-15:07:35-5193,config,,,*.terminal[36].mob.centerLatitude,41.385,,
General-110-20260718-15:07:35-5193,config,,,*.terminal[36].mob.centerLongitude,2.173,,
General-110-20260718-15:07:35-5193,config,,,*.terminal[37].mob.radius,0.0,,
General-110-20260718-15:07:35-5193,config,,,*.terminal[37].mob.centerLatitude,41.157,,
General-110-20260718-15:07:35-5193,config,,,*.terminal[37].mob.centerLongitude,-8.629,,
General-110-20260718-15:07:35-5193,config,,,*.terminal[38].mob.radius,0.0,,
General-110-20260718-15:07:35-5193,config,,,*.terminal[38].mob.centerLatitude,37.389,,
General-110-20260718-15:07:35-5193,config,,,*.terminal[38].mob.centerLongitude,-5.984,,
General-110-20260718-15:07:35-5193,config,,,*.terminal[39].mob.radius,0.0,,
General-110-20260718-15:07:35-5193,config,,,*.terminal[39].mob.centerLatitude,53.551,,
General-110-20260718-15:07:35-5193,config,,,*.terminal[39].mob.centerLongitude,9.993,,
General-110-20260718-15:07:35-5193,config,,,*.terminal[40].mob.radius,0.0,,
General-110-20260718-15:07:35-5193,config,,,*.terminal[40].mob.centerLatitude,48.135,,
General-110-20260718-15:07:35-5193,config,,,*.terminal[40].mob.centerLongitude,11.582,,
General-110-20260718-15:07:35-5193,config,,,*.terminal[41].mob.radius,0.0,,
General-110-20260718-15:07:35-5193,config,,,*.terminal[41].mob.centerLatitude,50.110,,
General-110-20260718-15:07:35-5193,config,,,*.terminal[41].mob.centerLongitude,8.682,,
General-110-20260718-15:07:35-5193,config,,,*.terminal[42].mob.radius,0.0,,
General-110-20260718-15:07:35-5193,config,,,*.terminal[42].mob.centerLatitude,45.464,,
General-110-20260718-15:07:35-5193,config,,,*.terminal[42].mob.centerLongitude,9.190,,
General-110-20260718-15:07:35-5193,config,,,*.terminal[43].mob.radius,0.0,,
General-110-20260718-15:07:35-5193,config,,,*.terminal[43].mob.centerLatitude,40.851,,
General-110-20260718-15:07:35-5193,config,,,*.terminal[43].mob.centerLongitude,14.268,,
General-110-20260718-15:07:35-5193,config,,,*.terminal[44].mob.radius,0.0,,
General-110-20260718-15:07:35-5193,config,,,*.terminal[44].mob.centerLatitude,51.209,,
General-110-20260718-15:07:35-5193,config,,,*.terminal[44].mob.centerLongitude,3.224,,
General-110-20260718-15:07:35-5193,config,,,*.terminal[45].mob.radius,0.0,,
General-110-20260718-15:07:35-5193,config,,,*.terminal[45].mob.centerLatitude,48.208,,
General-110-20260718-15:07:35-5193,config,,,*.terminal[45].mob.centerLongitude,16.373,,
General-110-20260718-15:07:35-5193,config,,,*.terminal[46].mob.radius,0.0,,
General-110-20260718-15:07:35-5193,config,,,*.terminal[46].mob.centerLatitude,52.229,,
General-110-20260718-15:07:35-5193,config,,,*.terminal[46].mob.centerLongitude,21.012,,
General-110-20260718-15:07:35-5193,config,,,*.terminal[47].mob.radius,0.0,,
General-110-20260718-15:07:35-5193,config,,,*.terminal[47].mob.centerLatitude,59.913,,
General-110-20260718-15:07:35-5193,config,,,*.terminal[47].mob.centerLongitude,10.752,,
General-110-20260718-15:07:35-5193,config,,,*.terminal[48].mob.radius,0.0,,
General-110-20260718-15:07:35-5193,config,,,*.terminal[48].mob.centerLatitude,56.949,,
General-110-20260718-15:07:35-5193,config,,,*.terminal[48].mob.centerLongitude,24.105,,
General-110-20260718-15:07:35-5193,config,,,*.terminal[49].mob.radius,0.0,,
General-110-20260718-15:07:35-5193,config,,,*.terminal[49].mob.centerLatitude,59.437,,
General-110-20260718-15:07:35-5193,config,,,*.terminal[49].mob.centerLongitude,24.753,,
General-110-20260718-15:07:35-5193,config,,,*.terminal[50].mob.radius,0.0,,
General-110-20260718-15:07:35-5193,config,,,*.terminal[50].mob.centerLatitude,50.075,,
General-110-20260718-15:07:35-5193,config,,,*.terminal[50].mob.centerLongitude,14.437,,
General-110-20260718-15:07:35-5193,config,,,*.terminal[51].mob.radius,0.0,,
General-110-20260718-15:07:35-5193,config,,,*.terminal[51].mob.centerLatitude,42.697,,
General-110-20260718-15:07:35-5193,config,,,*.terminal[51].mob.centerLongitude,23.321,,
General-110-20260718-15:07:35-5193,config,,,*.terminal[52].mob.radius,0.0,,
General-110-20260718-15:07:35-5193,config,,,*.terminal[52].mob.centerLatitude,45.815,,
General-110-20260718-15:07:35-5193,config,,,*.terminal[52].mob.centerLongitude,15.981,,
General-110-20260718-15:07:35-5193,config,,,*.terminal[53].mob.radius,0.0,,
General-110-20260718-15:07:35-5193,config,,,*.terminal[53].mob.centerLatitude,40.640,,
General-110-20260718-15:07:35-5193,config,,,*.terminal[53].mob.centerLongitude,22.944,,
General-110-20260718-15:07:35-5193,config,,,*.terminal[54].mob.radius,0.0,,
General-110-20260718-15:07:35-5193,config,,,*.terminal[54].mob.centerLatitude,39.933,,
General-110-20260718-15:07:35-5193,config,,,*.terminal[54].mob.centerLongitude,32.859,,
General-110-20260718-15:07:35-5193,config,,,*.terminal[55].mob.radius,0.0,,
General-110-20260718-15:07:35-5193,config,,,*.terminal[55].mob.centerLatitude,38.419,,
General-110-20260718-15:07:35-5193,config,,,*.terminal[55].mob.centerLongitude,27.128,,
General-110-20260718-15:07:35-5193,config,,,*.terminal[56].mob.radius,0.0,,
General-110-20260718-15:07:35-5193,config,,,*.terminal[56].mob.centerLatitude,35.898,,
General-110-20260718-15:07:35-5193,config,,,*.terminal[56].mob.centerLongitude,14.514,,
General-110-20260718-15:07:35-5193,config,,,*.terminal[57].mob.radius,0.0,,
General-110-20260718-15:07:35-5193,config,,,*.terminal[57].mob.centerLatitude,65.683,,
General-110-20260718-15:07:35-5193,config,,,*.terminal[57].mob.centerLongitude,-18.087,,
General-110-20260718-15:07:35-5193,config,,,*.terminal[58].mob.radius,0.0,,
General-110-20260718-15:07:35-5193,config,,,*.terminal[58].mob.centerLatitude,28.463,,
General-110-20260718-15:07:35-5193,config,,,*.terminal[58].mob.centerLongitude,-16.251,,
General-110-20260718-15:07:35-5193,config,,,*.terminal[59].mob.radius,0.0,,
General-110-20260718-15:07:35-5193,config,,,*.terminal[59].mob.centerLatitude,35.185,,
General-110-20260718-15:07:35-5193,config,,,*.terminal[59].mob.centerLongitude,33.382,,
General-110-20260718-15:07:35-5193,config,,,**.numStations,3,,
General-110-20260718-15:07:35-5193,config,,,**.numStations,3,,
General-110-20260718-15:07:35-5193,config,,,*.station[0].mobility.latitude,55.752,,
General-110-20260718-15:07:35-5193,config,,,*.station[0].mobility.longitude,37.616,,
General-110-20260718-15:07:35-5193,config,,,*.station[0].cityName,"""Moscow""",,
General-110-20260718-15:07:35-5193,config,,,*.station[0].groundStationId,7,,
General-110-20260718-15:07:35-5193,config,,,*.station[0].routerAddr,"""10.0.0.29""",,
General-110-20260718-15:07:35-5193,config,,,*.station[0].serving,"""10.0.0.29""",,
General-110-20260718-15:07:35-5193,config,,,*.station[1].mobility.latitude,28.652,,
General-110-20260718-15:07:35-5193,config,,,*.station[1].mobility.longitude,77.231,,
General-110-20260718-15:07:35-5193,config,,,*.station[1].cityName,"""Delhi""",,
General-110-20260718-15:07:35-5193,config,,,*.station[1].groundStationId,11,,
General-110-20260718-15:07:35-5193,config,,,*.station[1].routerAddr,"""10.0.0.45""",,
General-110-20260718-15:07:35-5193,config,,,*.station[1].serving,"""10.0.0.45""",,
General-110-20260718-15:07:35-5193,config,,,*.station[2].mobility.latitude,25.35,,
General-110-20260718-15:07:35-5193,config,,,*.station[2].mobility.longitude,51.24,,
General-110-20260718-15:07:35-5193,config,,,*.station[2].cityName,"""Katar""",,
General-110-20260718-15:07:35-5193,config,,,*.station[2].groundStationId,19,,
General-110-20260718-15:07:35-5193,config,,,*.station[2].routerAddr,"""10.0.0.77""",,
General-110-20260718-15:07:35-5193,config,,,*.station[2].serving,"""10.0.0.77""",,
General-110-20260718-15:07:35-5193,config,,,*.visualizer.canvasVisualizer.mediumVisualizer.typename,,,
General-110-20260718-15:07:35-5193,config,,,*.visualizer.*.radioVisualizer.displayAntennaLobes,true,,
General-110-20260718-15:07:35-5193,config,,,*.visualizer.*.dataLinkVisualizer.displayLinks,true,,
General-110-20260718-15:07:35-5193,config,,,*.visualizer.*.mobilityVisualizer.displayMovementTrails,true,,
General-110-20260718-15:07:35-5193,config,,,*.visualizer.*.mobilityVisualizer.movementTrailLineWidth,1,,
General-110-20260718-15:07:35-5193,config,,,*.visualizer.*.mobilityVisualizer.trailLength,3000,,
General-110-20260718-15:07:35-5193,config,,,**.ttxStart_max,1s,,
General-110-20260718-15:07:35-5193,config,,,**.ttxIdle_min,10s,,
General-110-20260718-15:07:35-5193,config,,,**.ttxIdle_max,15s,,
General-110-20260718-15:07:35-5193,config,,,**.Ntw,1,,
General-110-20260718-15:07:35-5193,config,,,**.Ntx,5,,
General-110-20260718-15:07:35-5193,config,,,**.ttwDuration,100s,,
General-110-20260718-15:07:35-5193,config,,,output-scalar-file,results/results_florasat_ml_trf/transformer-raan-175-th-0.20-General-0.sca,,
General-110-20260718-15:07:35-5193,config,,,output-vector-file,results/results_florasat_ml_trf/transformer-raan-175-th-0.20-General-0.vec,,
General-110-20260718-15:07:35-5193,vector,Florasat_Individual_Sats.terminal[42].dlk.mac,vector_preds_Transformer,,,"1.07121549663 11.19237912353 22.28345055482 32.77806058293 46.16344489972 116.47789180023 131.4302854063 144.73045538506 157.57243148494 170.92653732375 231.24530228996 244.4562030104 257.50147447898 269.41026631254 283.91484550294 346.67318603303 357.75014359783 370.00712983124 380.55705178576 391.04104289716 461.12568683387 472.83367437124 485.86923009413 496.18534904485 509.44497553096 576.41352480557 590.29723667586 604.5553642516 617.03892225795 629.91842730948 691.61099554366 703.01017315337 715.19527584175 727.32729918533 740.97600810556","4624201.1 4624202.1 4624203.1 4624204.1 4624205.1 4630201.1 4630202.1 4630203.1 4630204.1 4630205.1 4636201.1 4636202.1 4636203.1 4636204.1 4636205.1 4642201.1 4642202.1 4642203.1 4642204.1 4642205.1 4648201.1 4648202.1 4648203.1 4648204.1 4648205.1 4654201.1 4654202.1 4654203.1 4654204.1 4654205.1 4660201 4660202 4660203 4660204 4660205"
General-110-20260718-15:07:35-5193,vector,Florasat_Individual_Sats.terminal[7].dlk.mac,vector_preds_Transformer,,,"1.08152910322 15.64045064454 28.3168196138 42.55060170963 53.70632023853 116.90625844663 130.78328897269 142.88941791654 153.23343238933 165.52078195056 231.05577664147 245.68360737455 259.95659535332 271.47968044668 285.04790083203 346.72606155113 360.02031546039 373.10218858602 387.21255110646 399.03513918234 461.67794793262 476.57668611035 491.43715677317 501.98701662943 513.21726970375 576.68926050584 591.41649181768 604.96515693422 619.80078970478 633.07647206285 691.41592650977 704.85323136393 715.52773859771 728.65303846262 739.26116675906","4620701.1 4620702.1 4620703.1 4620704.1 4620705.1 4626701.1 4626702.1 4626703 4626704 4626705 4632701 4632702 4632703 4632704 4632705 4638701 4638702 4638703.1 4638704.1 4638705.1 4644701.1 4644702.1 4644703.1 4644704.1 4644705.1 4650701.1 4650702.1 4650703.1 4650704.1 4650705.1 4656701.1 4656702.1 4656703.1 4656704.1 4656705.1"
General-110-20260718-15:07:35-5193,vector,Florasat_Individual_Sats.terminal[47].dlk.mac,vector_preds_Transformer,,,"1.09386848263 14.70472581895 27.89848961379 39.02335327911 52.47936420469 116.56364157493 128.51421755436 139.71221408853 153.23306799563 165.16326905391 231.61830238602 242.77510348195 256.89748629997 266.95455707912 281.60134379472 346.63879212947 357.16411073716 371.68542263122 384.92556496547 396.51620905172 461.42783141369 471.91634998098 484.84230055264 495.15007250383 509.27189262257 576.17013559467 588.93663556105 600.65659424196 615.60921291494 627.34075285983 691.70233358745 705.61167513602 716.04527984047 726.61446709186 738.11929347227","4624701.1 4624702.1 4624703.1 4624704.1 4624705.1 4630701.1 4630702.1 4630703.1 4630704.1 4630705.1 4636701.1 4636702.1 4636703.1 4636704.1 4636705.1 4642701.1 4642702.1 4642703.1 4642704.1 4642705.1 4648701 4648702 4648703 4648704 4648705 4654701 4654702 4654703 4654704 4654705 4660701 4660702 4660703 4660704 4660705"
General-110-20260718-15:07:35-5193,vector,Florasat_Individual_Sats.terminal[32].dlk.mac,vector_preds_Transformer,,,"1.09591619205 13.03300475329 26.53635191242 39.65537933842 52.18110311986 116.89172919327 131.87319466681 142.12481563515 156.24529966107 167.12888592226 231.29116327036 242.15992247802 252.98455531825 265.21255671396 280.15124149271 346.36207970278 357.49281876324 368.87809608783 381.5765389516 393.89129894855 461.32540280255 473.4153974466 487.72973411041 499.05511370999 509.3335008705 576.23205253994 586.32782366965 599.94578504143 610.30890539079 625.23299285583 691.60137419589 705.01235336065 718.31163406605 729.17905834154 742.98749482492","4623201.1 4623202.1 4623203.1 4623204.1 4623205.1 4629201.1 4629202.1 4629203.1 4629204.1 4629205.1 4635201.1 4635202.1 4635203.1 4635204.1 4635205.1 4641201.1 4641202.1 4641203.1 4641204.1 4641205.1 4647201.1 4647202.1 4647203.1 4647204.1 4647205.1 4653201.1 4653202 4653203 4653204 4653205 4659201 4659202 4659203 4659204 4659205"
General-110-20260718-15:07:35-5193,vector,Florasat_Individual_Sats.terminal[51].dlk.mac,vector_preds_Transformer,,,"1.10648575635 11.68012913247 22.82534970367 36.43640282727 46.83331046766 116.91539770854 131.29800093058 145.29829425668 159.55423817784 169.90170978057 231.14338500169 245.26751194359 256.39632705576 266.53960256698 276.54005414783 346.97278515343 358.73076657323 372.43895199057 386.64113604953 397.20971666067 461.6435588852 471.99730227026 486.03878589836 497.71821478638 512.42079248093 576.46271124133 588.22975474177 601.06109334971 612.54609835567 625.12454830343 691.97082279134 702.76178928442 716.10788380611 729.12786577246 742.84031898947","4625101.1 4625102.1 4625103.1 4625104.1 4625105.1 4631101.1 4631102.1 4631103 4631104 4631105 4637101.1 4637102.1 4637103.1 4637104.1 4637105.1 4643101.1 4643102.1 4643103.1 4643104.1 4643105.1 4649101.1 4649102.1 4649103.1 4649104.1 4649105.1 4655101 4655102 4655103 4655104 4655105 4661101 4661102 4661103 4661104 4661105"
General-110-20260718-15:07:35-5193,vector,Florasat_Individual_Sats.terminal[19].dlk.mac,vector_preds_Transformer,,,"1.1294819694 11.16048645112 24.00575216743 34.39165446441 44.590897921 116.34143116837 129.93886876339 143.87035161094 154.11118177185 164.18974952842 231.10982245742 242.74593709362 256.36878702649 269.40691184694 283.90294123417 346.05733558536 359.96031735442 371.37197166216 382.75305997115 397.15941416333 461.32311278279 473.75203353376 487.94461993873 499.169459583 513.30427746777 576.60516546853 589.5459927856 603.63032875513 616.26282788045 628.03710461757 691.91470223572 706.04683715594 716.7598965948 729.11541721062 742.46140858485","4621901.1 4621902.1 4621903.1 4621904.1 4621905.1 4627901.1 4627902.1 4627903.1 4627904.1 4627905.1 4633901.1 4633902.1 4633903.1 4633904.1 4633905.1 4639901.1 4639902.1 4639903.1 4639904 4639905 4645901 4645902 4645903 4645904 4645905 4651901 4651902 4651903 4651904 4651905 4657901 4657902 4657903 4657904 4657905"
General-110-20260718-15:07:35-5193,vector,Florasat_Individual_Sats.terminal[11].dlk.mac,vector_preds_Transformer,,,"1.13899325323 14.07198534999 28.92802932602 41.67800784646 51.95904739852 116.15284239152 129.66151746316 140.37917820481 154.03662236384 165.14132586517 231.53378028795 244.99625268415 257.75224191509 272.28555804142 282.754245552 346.00607633218 356.73602983914 370.23105107573 382.7009842426 397.11425851541 461.48287230683 474.09767272812 485.47244241391 498.00674165878 510.08241493534 576.92097681621 588.20844914345 601.33954038657 613.44137009978 626.82572891051 691.15544186113 704.48577758064 715.70433587208 727.87250722549 738.07569197868","4621101.1 4621102.1 4621103.1 4621104.1 4621105.1 4627101.1 4627102.1 4627103.1 4627104.1 4627105.1 4633101.1 4633102.1 4633103.1 4633104.1 4633105.1 4639101.1 4639102.1 4639103.1 4639104.1 4639105.1 4645101.1 4645102.1 4645103.1 4645104.1 4645105.1 4651101.1 4651102 4651103 4651104 4651105 4657101 4657102 4657103 4657104 4657105"
General-110-20260718-15:07:35-5193,vector,Florasat_Individual_Sats.terminal[10].dlk.mac,vector_preds_Transformer,,,"1.14321126253 14.14041256765 25.30438015587 39.97179487604 53.43777332455 116.2842126356 128.23036028445 140.9684144021 154.62961529638 168.18058403232 231.8705490469 244.90379250771 257.1187801396 267.53915502271 278.72760032583 346.0942482457 359.63930552685 373.62058439734 385.2348428776 398.36207078863 461.6940867079 472.1424800104 482.45489132404 494.06426886492 507.65257722046 576.87737324229 590.19891265035 604.38186249882 614.79026874714 627.73574936274 691.21340038534 706.08081886824 718.90282031777 729.82510823803 742.33903057687","4621001.1 4621002.1 4621003.1 4621004.1 4621005.1 4627001.1 4627002.1 4627003.1 4627004.1 4627005.1 4633001.1 4633002.1 4633003.1 4633004.1 4633005.1 4639001.1 4639002.1 4639003.1 4639004.1 4639005.1 4645001.1 4645002.1 4645003.1 4645004.1 4645005.1 4651001 4651002 4651003 4651004 4651005 4657001 4657002 4657003 4657004 4657005"
General-110-20260718-15:07:35-5193,vector,Florasat_Individual_Sats.terminal[14].dlk.mac,vector_preds_Transformer,,,"1.1691308422 15.27358309878 26.67821153114 38.47700534552 48.97545868578 116.64064605394 129.08109442703 141.84480844438 153.60350529454 168.02497694409 231.70503913891 244.33679791168 257.28022833472 271.78356057267 283.32787377761 346.51351405913 360.65637675137 372.27554398845 385.69527872396 397.60859237192 461.06052179728 474.02932224819 484.60674330616 495.30883112597 505.87225623569 576.33252807846 591.13344548805 602.80890754959 617.01562370592 627.23142646206 691.3617508132 705.11479618447 716.70081240311 729.56465049949 741.14321466838","4621401.1 4621402.1 4621403.1 4621404.1 4621405.1 4627401.1 4627402.1 4627403.1 4627404.1 4627405.1 4633401.1 4633402.1 4633403.1 4633404.1 4633405.1 4639401.1 4639402.1 4639403.1 4639404.1 4639405.1 4645401.1 4645402.1 4645403.1 4645404.1 4645405.1 4651401.1 4651402 4651403 4651404 4651405 4657401 4657402 4657403 4657404 4657405"
General-110-20260718-15:07:35-5193,vector,Florasat_Individual_Sats.terminal[15].dlk.mac,vector_preds_Transformer,,,"1.17012853385 13.85058891843 25.92087168363 37.7836977155 52.18124548672 116.21896232711 128.37828645715 142.13502068072 153.58786598546 165.46959566185 231.19486014033 243.01916073566 254.96709423746 266.61225111946 277.81241851068 346.89391726814 358.58731763041 369.91584777552 380.79847653931 392.46064901887 461.31456008949 474.24034232809 487.64061690378 501.27707789489 515.35668715672 576.89057640731 589.306674822 601.87919902615 615.57260238565 628.54021054576 691.84011248569 704.76899041608 715.18313164986 726.605474649 738.74724408426","4621501.1 4621502.1 4621503.1 4621504.1 4621505.1 4627501.1 4627502.1 4627503.1 4627504.1 4627505.1 4633501.1 4633502.1 4633503.1 4633504.1 4633505.1 4639501.1 4639502.1 4639503.1 4639504.1 4639505.1 4645501.1 4645502.1 4645503.1 4645504.1 4645505.1 4651501.1 4651502 4651503 4651504 4651505 4657501 4657502 4657503 4657504 4657505"
General-110-20260718-15:07:35-5193,vector,Florasat_Individual_Sats.terminal[52].dlk.mac,vector_preds_Transformer,,,"1.18338809069 14.56791290152 25.57653351524 37.05235814978 49.69927721028 116.60733395326 129.72441744711 143.24990639533 156.58394639101 167.4596630265 231.61230946961 243.9936040279 256.27669954859 267.94482390699 278.14621137641 346.06145821954 356.74230918265 368.08636186505 382.85259599192 395.64820539183 461.98201153451 472.63580861409 486.36025721813 497.90929279314 509.61061405857 576.7699707679 588.46240728465 603.00119367382 613.78621225548 624.06685672072 691.81898937048 702.14090959937 716.81490027648 727.82424895977 740.04827865701","4625201.1 4625202.1 4625203.1 4625204.1 4625205.1 4631201.1 4631202.1 4631203.1 4631204.1 4631205.1 4637201.1 4637202.1 4637203.1 4637204.1 4637205.1 4643201.1 4643202.1 4643203.1 4643204.1 4643205.1 4649201.1 4649202.1 4649203.1 4649204.1 4649205.1 4655201.1 4655202 4655203 4655204 4655205 4661201 4661202 4661203 4661204 4661205"
General-110-20260718-15:07:35-5193,vector,Florasat_Individual_Sats.terminal[22].dlk.mac,vector_preds_Transformer,,,"1.18585587898 14.56514969771 27.86391435378 38.75181438006 51.01427927567 116.19193861121 130.50312749785 144.36058186786 158.61384678608 172.77816882682 231.97549822531 242.77827077685 253.90285409894 267.18557706592 279.6317074881 346.63275191141 357.98812517593 370.14261812134 381.64387619518 394.44429186568 461.40023763105 474.73972027236 486.54703173949 501.15640004677 513.20351153542 576.09348439611 590.35628113197 603.99667509482 618.71370712993 630.10659962426 691.65905219316 702.84243873017 716.44999827304 727.88509587337 742.87000544647","4622201.1 4622202.1 4622203.1 4622204.1 4622205.1 4628201.1 4628202.1 4628203.1 4628204.1 4628205.1 4634201.1 4634202.1 4634203.1 4634204.1 4634205.1 4640201.1 4640202.1 4640203.1 4640204.1 4640205.1 4646201.1 4646202.1 4646203.1 4646204.1 4646205.1 4652201 4652202 4652203 4652204 4652205 4658201 4658202 4658203 4658204 4658205"
General-110-20260718-15:07:35-5193,vector,Florasat_Individual_Sats.terminal[37].dlk.mac,vector_preds_Transformer,,,"1.20032239845 15.06735608936 26.20286741899 36.98967032157 51.12583619332 116.48951469827 129.21483027073 141.14280434464 154.51356497615 166.32098412861 231.6924768032 243.39228075789 255.68562923209 266.75811894098 280.70409034355 346.73243826139 357.1921809495 369.74978780025 384.54325320432 394.92013153387 461.59124867106 472.61816327158 485.93885189901 499.62010714971 512.58213637327 576.75675834948 587.56746032345 600.21891312511 614.51218253887 627.09880714608 691.39011508483 706.12562118727 719.66984698014 729.70874103299 740.0074907851","4623701.1 4623702.1 4623703.1 4623704.1 4623705.1 4629701.1 4629702.1 4629703 4629704 4629705 4635701 4635702 4635703 4635704 4635705 4641701 4641702 4641703.1 4641704.1 4641705.1 4647701.1 4647702.1 4647703.1 4647704.1 4647705.1 4653701.1 4653702.1 4653703.1 4653704.1 4653705.1 4659701.1 4659702.1 4659703.1 4659704.1 4659705.1"
General-110-20260718-15:07:35-5193,vector,Florasat_Individual_Sats.terminal[3].dlk.mac,vector_preds_Transformer,,,"1.23027744517 11.40103092697 25.86651341571 40.64763440332 52.09413750261 116.33624469582 130.92764591984 142.29102559224 156.3219805418 166.51149798603 231.5565753046 245.0069777614 257.94098830596 272.56528837886 285.53966387222 346.34437866695 359.6930821829 370.5243091071 384.64477857179 397.46597881499 461.51123526925 473.0067198358 483.90315168141 495.12571051786 506.17346837371 576.2543275163 590.47521846625 603.73651226074 618.55842027487 630.51822326053 691.50578924874 703.10651034885 713.74977901997 726.2125889149 738.96970958519","4620301.1 4620302.1 4620303.1 4620304.1 4620305.1 4626301.1 4626302.1 4626303.1 4626304.1 4626305.1 4632301.1 4632302.1 4632303.1 4632304.1 4632305.1 4638301.1 4638302.1 4638303.1 4638304.1 4638305.1 4644301.1 4644302.1 4644303.1 4644304.1 4644305.1 4650301.1 4650302.1 4650303.1 4650304.1 4650305 4656301 4656302 4656303 4656304 4656305"
General-110-20260718-15:07:35-5193,vector,Florasat_Individual_Sats.terminal[5].dlk.mac,vector_preds_Transformer,,,"1.2517637678 12.31478336268 24.49630300166 38.58926176327 48.80945095095 116.02952833613 130.58731722273 140.99540565373 154.17708937754 164.92807234731 231.83643971826 243.22867548931 254.31985485041 267.17435809457 281.3590509633 346.7684366887 357.30287572905 369.82726410567 384.006905752 395.18612405937 461.26637778035 471.87743856478 486.44606275041 500.03321379679 512.07794590643 576.59261551802 590.19420706318 604.59042885807 614.91129014874 625.73815339478 691.51593402261 705.69457505597 718.81961338106 730.47567624483 741.22049778002","4620501.1 4620502.1 4620503.1 4620504.1 4620505.1 4626501.1 4626502.1 4626503.1 4626504.1 4626505.1 4632501.1 4632502.1 4632503.1 4632504.1 4632505.1 4638501.1 4638502.1 4638503.1 4638504.1 4638505.1 4644501.1 4644502.1 4644503.1 4644504.1 4644505.1 4650501.1 4650502.1 4650503.1 4650504.1 4650505.1 4656501 4656502 4656503 4656504 4656505"
General-110-20260718-15:07:35-5193,vector,Florasat_Individual_Sats.terminal[56].dlk.mac,vector_preds_Transformer,,,"1.26355803967 13.96533993003 25.27434142586 38.29209069419 52.10444396641 116.62970176921 128.61676166672 141.07582792779 153.51908248988 164.86004267609 231.41135117412 243.20124158892 254.28264700715 266.07411970175 277.79798057769 346.63455737312 360.09792894963 371.22872841917 385.64376131305 398.32070329482 461.01268869708 475.32145281089 489.35164382564 503.69978052447 515.9688778303 576.69477494992 589.82922083791 602.71575987665 613.44691204699 628.08560625511 691.60159716755 706.36832490121 720.92080420605 730.94204310351 742.9946316618","4625601.1 4625602.1 4625603.1 4625604.1 4625605.1 4631601.1 4631602.1 4631603 4631604 4631605 4637601 4637602 4637603 4637604 4637605 4643601 4643602 4643603 4643604 4643605 4649601.1 4649602.1 4649603.1 4649604.1 4649605.1 4655601.1 4655602.1 4655603.1 4655604.1 4655605.1 4661601.1 4661602.1 4661603.1 4661604.1 4661605.1"
General-110-20260718-15:07:35-5193,vector,Florasat_Individual_Sats.terminal[0].dlk.mac,vector_preds_Transformer,,,"1.28853469598 11.79666841146 26.57506044697 36.64274335815 48.90213027922 116.42841408867 130.29616587702 143.82341157435 154.73606457724 167.95837519481 231.70617576246 244.01982279052 258.84906306653 273.47097540647 285.09304846777 346.3999920839 360.62763958937 374.79226477212 388.8961064769 401.57230208745 461.7048219128 475.54124996089 488.43142149411 501.2476262371 514.24722354765 576.65306615713 590.78091426007 604.75757464952 616.83347133756 630.66721906838 691.79640373355 701.95284697833 712.98334130925 724.22474225541 735.08761417144","4620001.1 4620002.1 4620003.1 4620004.1 4620005.1 4626001.1 4626002.1 4626003.1 4626004.1 4626005.1 4632001.1 4632002.1 4632003.1 4632004.1 4632005.1 4638001.1 4638002.1 4638003.1 4638004.1 4638005.1 4644001.1 4644002.1 4644003.1 4644004.1 4644005.1 4650001 4650002 4650003 4650004 4650005 4656001 4656002 4656003 4656004 4656005"
General-110-20260718-15:07:35-5193,vector,Florasat_Individual_Sats.terminal[36].dlk.mac,vector_preds_Transformer,,,"1.3230970765 11.89978694846 23.7427020953 35.40998871275 48.04689738038 116.47696144599 126.93252960988 140.1682716161 152.565902428 165.97676278976 231.6831139219 243.97856429569 258.41660677922 271.6394471482 286.22413295439 346.46994077205 360.62672368088 371.73234343948 384.35149347829 395.90799405775 461.23942744802 472.39653653 482.93271102361 493.70075744344 504.3383660866 576.20832670014 587.80750991194 598.65751077537 612.259197979 622.46465548873 691.93818452698 706.88722672686 717.84329516278 730.22765216465 741.32513119072","4623601.1 4623602.1 4623603.1 4623604.1 4623605.1 4629601.1 4629602.1 4629603 4629604 4629605 4635601 4635602 4635603 4635604 4635605 4641601.1 4641602.1 4641603.1 4641604.1 4641605.1 4647601.1 4647602.1 4647603.1 4647604.1 4647605.1 4653601.1 4653602.1 4653603.1 4653604.1 4653605.1 4659601.1 4659602.1 4659603.1 4659604.1 4659605.1"
General-110-20260718-15:07:35-5193,vector,Florasat_Individual_Sats.terminal[9].dlk.mac,vector_preds_Transformer,,,"1.33071705396 14.34284750768 25.77387445769 38.86512539978 48.89948541578 116.58317838376 128.60988653428 143.56107902876 158.09151791199 171.06348813092 231.72620477411 246.68536504055 259.31828612717 271.06962551618 283.75055235018 346.79637328279 360.87601191504 372.81252696086 383.73246681318 398.31299278676 461.3016846024 471.85717161908 483.84202156263 498.80297399057 509.16870987556 576.29009529063 591.21882616006 602.44640290667 615.8990865869 627.22199829458 691.13503816095 702.25924656167 714.74379011802 728.12155364686 738.54119510995","4620901.1 4620902.1 4620903.1 4620904.1 4620905.1 4626901.1 4626902.1 4626903.1 4626904.1 4626905.1 4632901.1 4632902.1 4632903.1 4632904.1 4632905.1 4638901.1 4638902.1 4638903.1 4638904.1 4638905.1 4644901.1 4644902.1 4644903.1 4644904.1 4644905.1 4650901 4650902 4650903 4650904 4650905 4656901 4656902 4656903 4656904 4656905"
General-110-20260718-15:07:35-5193,vector,Florasat_Individual_Sats.terminal[27].dlk.mac,vector_preds_Transformer,,,"1.33947761939 11.83384346869 24.53345038905 35.80412153364 47.44632995315 116.30277890619 128.95639292221 141.64091491281 153.55964378362 167.82386905422 231.96372155589 245.05462169438 257.34526476148 267.87472181512 282.67297776673 346.71504129749 356.71714329021 367.43494391069 378.17447317741 389.03583177691 461.23815355985 473.34318682714 484.44192170212 497.12219980941 511.75624655955 576.44470306905 588.31146105053 599.38535938831 610.90697492915 621.93433529092 691.49359230371 701.5164922371 714.48276217514 728.69682189379 743.55479136411","4622701.1 4622702.1 4622703.1 4622704.1 4622705.1 4628701.1 4628702.1 4628703.1 4628704.1 4628705.1 4634701.1 4634702.1 4634703.1 4634704.1 4634705.1 4640701.1 4640702.1 4640703 4640704 4640705 4646701 4646702 4646703 4646704 4646705 4652701 4652702 4652703 4652704 4652705 4658701 4658702 4658703 4658704 4658705"
General-110-20260718-15:07:35-5193,vector,Florasat_Individual_Sats.terminal[13].dlk.mac,vector_preds_Transformer,,,"1.35734614707 15.65141033754 27.80914127617 38.77595830033 50.15140226483 116.98578391457 127.65324979438 142.6385669352 154.19393672375 166.36633660295 231.93247711705 243.61574433814 257.94022073457 270.8549201088 283.29714472941 346.57472447306 360.08298581163 372.52124520181 385.60620194813 396.41139721428 461.6019257938 472.56764931604 482.91545040672 495.80700836726 507.83743693842 576.58807319216 591.17936067492 603.42843971773 614.86151632829 629.62200237531 691.06663555256 701.78345302818 715.79182042973 730.40125998319 740.63672660501","4621301.1 4621302.1 4621303.1 4621304.1 4621305.1 4627301.1 4627302.1 4627303 4627304 4627305 4633301 4633302 4633303 4633304 4633305 4639301.1 4639302.1 4639303.1 4639304.1 4639305.1 4645301.1 4645302.1 4645303.1 4645304.1 4645305.1 4651301.1 4651302.1 4651303.1 4651304.1 4651305.1 4657301 4657302 4657303 4657304 4657305"
General-110-20260718-15:07:35-5193,vector,Florasat_Individual_Sats.terminal[8].dlk.mac,vector_preds_Transformer,,,"1.36124498211 16.28145733033 26.38138532987 36.80023159947 47.82937554409 116.75488439552 130.46558799386 142.22115277477 153.80927643321 166.47015147076 231.14422215568 244.14969643299 255.54485461978 268.28722524062 278.83571707365 346.45935027255 357.70399357518 368.57247898215 383.4737181859 393.81474995379 461.04966672184 472.84272153908 485.62998493365 500.49130269606 514.48821780901 576.02426836523 586.87337802513 600.92523970431 615.25097267492 627.547609088 691.01435502223 703.68597813929 714.46429766762 724.89292106406 739.36159972149","4620801.1 4620802.1 4620803.1 4620804.1 4620805.1 4626801.1 4626802.1 4626803 4626804 4626805 4632801 4632802 4632803 4632804 4632805 4638801 4638802 4638803.1 4638804.1 4638805.1 4644801.1 4644802.1 4644803.1 4644804.1 4644805.1 4650801.1 4650802.1 4650803.1 4650804.1 4650805.1 4656801.1 4656802.1 4656803.1 4656804.1 4656805.1"
General-110-20260718-15:07:35-5193,vector,Florasat_Individual_Sats.terminal[24].dlk.mac,vector_preds_Transformer,,,"1.37412934657 16.20005069277 28.36195971095 41.91344150319 56.54559406312 116.10645777336 129.81207755184 141.94693622435 152.59183908021 166.9782866179 231.14198322408 242.11805352941 253.77115150913 266.19968274608 279.91459050565 346.50463279663 356.96598972055 371.47851456749 381.78802252375 394.51804762567 461.92931669182 472.17087291065 484.98928674963 497.28134315811 509.81173124747 576.92741405475 590.66483606841 602.11525552697 614.29874743941 624.75326410519 691.99962827866 704.05182221346 715.24609365757 730.22789284727 743.61729948456","4622401.1 4622402.1 4622403.1 4622404.1 4622405.1 4628401.1 4628402.1 4628403 4628404.1 4628405.1 4634401.1 4634402.1 4634403.1 4634404.1 4634405.1 4640401.1 4640402.1 4640403.1 4640404.1 4640405.1 4646401.1 4646402.1 4646403.1 4646404.1 4646405.1 4652401.1 4652402.1 4652403.1 4652404 4652405 4658401 4658402 4658403 4658404 4658405"
General-110-20260718-15:07:35-5193,vector,Florasat_Individual_Sats.terminal[6].dlk.mac,vector_preds_Transformer,,,"1.39958225074 13.40416920022 23.67959468509 34.61322020856 46.86285879812 116.98566660867 129.57168023218 139.71710004727 153.49237090908 165.0408073538 231.82197583211 246.14502697438 258.0478355831 270.86638096324 285.65006765374 346.03769157431 356.60575263784 368.20738834212 382.06228663562 394.09659548313 461.32420918252 474.43483035359 484.49000324052 497.14695587102 510.22155446163 576.30934984842 586.71199165005 596.97098877933 607.09909938346 620.86360136932 691.89070098032 704.48684407444 716.32644837884 727.10047596063 741.86692093661","4620601.1 4620602.1 4620603.1 4620604.1 4620605.1 4626601.1 4626602.1 4626603 4626604 4626605 4632601 4632602 4632603 4632604 4632605 4638601 4638602 4638603.1 4638604.1 4638605.1 4644601.1 4644602.1 4644603.1 4644604.1 4644605.1 4650601.1 4650602.1 4650603.1 4650604.1 4650605.1 4656601.1 4656602.1 4656603.1 4656604.1 4656605.1"
General-110-20260718-15:07:35-5193,vector,Florasat_Individual_Sats.terminal[31].dlk.mac,vector_preds_Transformer,,,"1.45024708891 13.59409299749 27.96705175843 38.1904932328 51.02227167529 116.99675684329 130.3993053385 141.89077992574 154.06025752308 169.00016569066 231.36881309212 243.25568935135 255.15798252774 265.78382770996 279.37993278843 346.10619434854 356.43513572286 369.87033737241 381.52684700559 393.22321524727 461.44488652213 473.00600644527 486.58125290973 501.43951964076 512.80463891547 576.84551169025 587.8537867181 600.10858976725 610.52513632318 625.43144696602 691.96898154286 705.21302283812 717.79381174548 732.19259188115 746.97975005559","4623101.1 4623102.1 4623103.1 4623104.1 4623105.1 4629101.1 4629102.1 4629103.1 4629104.1 4629105.1 4635101.1 4635102.1 4635103.1 4635104.1 4635105.1 4641101.1 4641102.1 4641103.1 4641104.1 4641105.1 4647101.1 4647102.1 4647103.1 4647104.1 4647105.1 4653101.1 4653102.1 4653103.1 4653104 4653105 4659101 4659102 4659103 4659104 4659105"
General-110-20260718-15:07:35-5193,vector,Florasat_Individual_Sats.terminal[38].dlk.mac,vector_preds_Transformer,,,"1.46652572276 14.08732180321 25.81521024066 40.36816964229 52.42563921796 116.39541365649 128.91502310033 143.06597585767 156.37820054638 170.50756948628 231.50443591853 241.75091927266 253.6246668126 264.03038476687 275.9562876923 346.55246182089 360.87761595939 371.69984633197 384.71743188543 396.15343102697 461.8319967601 475.3430726172 486.35232130672 500.16576137767 510.85114349984 576.53517153207 588.96367322281 599.87208032259 614.63386653085 625.34384820937 691.36079709115 704.79627572535 718.08819856215 728.78300736961 741.11592239654","4623801.1 4623802.1 4623803.1 4623804.1 4623805.1 4629801.1 4629802.1 4629803 4629804 4629805 4635801 4635802 4635803 4635804 4635805 4641801 4641802 4641803 4641804 4641805 4647801.1 4647802.1 4647803.1 4647804.1 4647805.1 4653801.1 4653802.1 4653803.1 4653804.1 4653805.1 4659801.1 4659802.1 4659803.1 4659804.1 4659805.1"
General-110-20260718-15:07:35-5193,vector,Florasat_Individual_Sats.terminal[30].dlk.mac,vector_preds_Transformer,,,"1.47169590136 15.13750906242 29.15175149124 43.7758964349 57.13245083601 116.0804973091 129.96725246799 144.04871620727 157.88532428001 171.0393872452 231.36506304145 242.02675188542 252.42500994238 263.98062952328 274.17923381668 346.29417067138 358.00124335429 369.48121958622 380.65349914809 393.49336548685 461.61907356372 473.82014683937 488.24942754489 499.01682859893 512.75256424584 576.27459979849 590.31174606644 603.27892092872 614.77974370588 625.12103743269 691.42632502154 704.00856921123 715.69349873601 728.69031959236 741.35576997208","4623001.1 4623002.1 4623003.1 4623004.1 4623005.1 4629001.1 4629002.1 4629003.1 4629004.1 4629005.1 4635001.1 4635002.1 4635003.1 4635004.1 4635005.1 4641001.1 4641002.1 4641003.1 4641004.1 4641005.1 4647001.1 4647002.1 4647003.1 4647004.1 4647005.1 4653001 4653002 4653003 4653004 4653005 4659001 4659002 4659003 4659004 4659005"
General-110-20260718-15:07:35-5193,vector,Florasat_Individual_Sats.terminal[59].dlk.mac,vector_preds_Transformer,,,"1.4892785151 14.06800635787 24.60467878309 35.48578500211 49.47716811834 116.69035794446 130.06901618791 144.58097278955 157.64724683365 172.14050557929 231.86903063837 244.81393927522 255.37308000308 265.790839914 278.15403303644 346.41880824976 360.6977340316 371.3293206743 384.00698278263 395.26461600839 461.62672687648 475.28278180957 488.80847304571 501.2576708952 511.82837505336 576.50123478728 591.37823326862 605.04953708499 615.78645612345 626.31054050987 691.28204724705 704.15309888497 717.30352883413 729.19339972268 742.88132403581","4625901.1 4625902.1 4625903.1 4625904.1 4625905.1 4631901.1 4631902.1 4631903 4631904 4631905 4637901 4637902 4637903 4637904 4637905 4643901 4643902 4643903 4643904 4643905 4649901 4649902 4649903 4649904 4649905 4655901 4655902 4655903 4655904 4655905 4661901 4661902 4661903 4661904 4661905"
General-110-20260718-15:07:35-5193,vector,Florasat_Individual_Sats.terminal[2].dlk.mac,vector_preds_Transformer,,,"1.51321355277 12.84249604587 25.93805340608 37.78219451337 48.02340523131 116.06388368248 126.76885055448 140.87742428132 153.67915035528 166.65373002132 231.05838629627 242.98231211468 253.98253383441 267.34824471851 277.35279762396 346.44709248119 356.94840787235 367.74240608118 380.90989646642 394.77404640313 461.78462892422 474.50134176296 488.78519732157 499.25494137454 510.60006777408 576.520421091 588.58767231623 602.66569459391 614.5680189277 626.82281036442 691.73324768269 704.33691293886 716.1888974621 728.34459959832 742.0090704523","4620201.1 4620202.1 4620203.1 4620204.1 4620205.1 4626201.1 4626202.1 4626203.1 4626204.1 4626205.1 4632201.1 4632202.1 4632203.1 4632204.1 4632205.1 4638201.1 4638202.1 4638203.1 4638204.1 4638205.1 4644201.1 4644202.1 4644203.1 4644204.1 4644205.1 4650201.1 4650202.1 4650203.1 4650204 4650205 4656201 4656202 4656203 4656204 4656205"
General-110-20260718-15:07:35-5193,vector,Florasat_Individual_Sats.terminal[43].dlk.mac,vector_preds_Transformer,,,"1.51648938889 16.11420570757 30.68961169222 44.15449850145 56.90020450275 116.20792408474 128.76588682411 141.56938930391 152.10863913525 164.83481094822 231.27279428532 243.55137523613 258.36099850014 270.70558162173 281.78365557105 346.75023944443 359.12507965206 373.70995235722 385.36839649057 398.98028050642 461.32968447777 474.67596891826 485.9301482353 498.16396042263 509.37363576401 576.18790685176 587.88215387473 601.08669017535 611.17879030854 622.68066791213 691.14676628984 702.84895900777 715.12271508365 725.93700426887 738.12276959908","4624301.1 4624302.1 4624303.1 4624304.1 4624305.1 4630301.1 4630302.1 4630303 4630304 4630305 4636301 4636302 4636303 4636304 4636305 4642301 4642302.1 4642303.1 4642304.1 4642305.1 4648301.1 4648302.1 4648303.1 4648304.1 4648305.1 4654301.1 4654302.1 4654303.1 4654304.1 4654305.1 4660301.1 4660302.1 4660303.1 4660304.1 4660305.1"
General-110-20260718-15:07:35-5193,vector,Florasat_Individual_Sats.terminal[46].dlk.mac,vector_preds_Transformer,,,"1.5353913242 13.61371626589 26.16833020794 36.4076478975 50.55738038012 116.51339472155 131.41250403831 143.02472325624 155.00712285168 168.48592131283 231.61882107216 245.87167564849 259.42631651484 269.76182003924 281.67421040776 346.91885882523 357.21957872855 368.50481630653 382.62480447885 395.50152620651 461.95551640866 472.92116074636 483.94657263578 494.00591646949 507.4956231045 576.84772925638 591.09008327313 604.86290103477 617.52757783584 632.50763059897 691.31320455763 705.56457329494 717.67276231967 731.41073948773 745.04800692852","4624601.1 4624602.1 4624603.1 4624604.1 4624605.1 4630601.1 4630602.1 4630603.1 4630604.1 4630605.1 4636601.1 4636602.1 4636603.1 4636604.1 4636605.1 4642601.1 4642602.1 4642603.1 4642604.1 4642605.1 4648601.1 4648602.1 4648603.1 4648604 4648605 4654601 4654602 4654603 4654604 4654605 4660601 4660602 4660603 4660604 4660605"
General-110-20260718-15:07:35-5193,vector,Florasat_Individual_Sats.terminal[49].dlk.mac,vector_preds_Transformer,,,"1.5425319944 16.05189342144 27.76984225352 39.50379932624 52.21016479282 116.40778903454 126.87850238011 141.44686004217 155.82650128822 165.94581995928 231.57901943172 243.26476128399 256.33309785719 271.30146721238 285.24892111635 346.52735607722 360.6326824266 373.59810902411 386.00954053248 399.53260101634 461.86484108958 475.73806839808 490.72295919223 504.33381631434 515.14896394381 576.61556531815 587.49693282321 597.78352553747 612.15107137361 625.0619425464 691.58131218399 704.01014777017 715.29319844325 729.27088494995 741.69366049348","4624901.1 4624902.1 4624903.1 4624904.1 4624905.1 4630901.1 4630902.1 4630903.1 4630904.1 4630905.1 4636901.1 4636902.1 4636903.1 4636904.1 4636905.1 4642901.1 4642902.1 4642903.1 4642904 4642905 4648901 4648902 4648903 4648904 4648905 4654901 4654902 4654903 4654904 4654905 4660901 4660902 4660903 4660904 4660905"
General-110-20260718-15:07:35-5193,vector,Florasat_Individual_Sats.terminal[57].dlk.mac,vector_preds_Transformer,,,"1.56870598439 16.19731498067 29.61113571422 43.79930544994 56.38196776621 116.84812512319 130.41662358283 142.40167877707 155.25080481731 168.74356969563 231.1762715166 245.75051851804 257.81939885347 270.64851073782 281.71948849923 346.21088120388 359.66593932826 369.73305385094 380.34138899413 392.22031505662 461.20567088178 471.89109882968 485.82271232432 499.46773695456 511.37134072882 576.20642146561 590.34548273659 603.52168485638 617.13618561625 631.75209850654 691.53419975378 706.18498816458 718.22748245509 730.32043407392 742.37585291569","4625701.1 4625702.1 4625703.1 4625704.1 4625705.1 4631701.1 4631702.1 4631703.1 4631704.1 4631705.1 4637701.1 4637702.1 4637703.1 4637704.1 4637705.1 4643701.1 4643702.1 4643703.1 4643704 4643705 4649701 4649702 4649703 4649704 4649705 4655701 4655702 4655703 4655704 4655705 4661701 4661702 4661703 4661704 4661705"
General-110-20260718-15:07:35-5193,vector,Florasat_Individual_Sats.terminal[50].dlk.mac,vector_preds_Transformer,,,"1.58202823927 15.19089081185 26.54377086763 39.76670658891 52.60106866807 116.1898538447 130.2059472946 141.46454970935 155.28762214468 169.79216601234 231.1451429578 245.82958660158 256.72003267519 269.32059093681 280.68192789284 346.31573714525 360.06300347717 373.25943723414 388.17039741529 398.33563213097 461.2222670943 474.97603287501 485.52203274611 496.778844635 509.08529275609 576.67839364219 587.84880875797 601.13112551347 611.86409417261 622.20240856475 691.14945360855 702.68894062424 717.3663349885 730.00407247967 741.37529837596","4625001.1 4625002.1 4625003.1 4625004.1 4625005.1 4631001.1 4631002.1 4631003.1 4631004.1 4631005.1 4637001.1 4637002.1 4637003.1 4637004.1 4637005.1 4643001.1 4643002.1 4643003.1 4643004.1 4643005.1 4649001.1 4649002.1 4649003.1 4649004.1 4649005.1 4655001 4655002 4655003 4655004 4655005 4661001 4661002 4661003 4661004 4661005"
General-110-20260718-15:07:35-5193,vector,Florasat_Individual_Sats.terminal[45].dlk.mac,vector_preds_Transformer,,,"1.60209492175 12.71239470784 26.70476548816 39.4440308304 54.39927081088 116.01669549756 127.78097982798 138.91658769269 153.55730299885 163.60844851868 231.62509335321 242.36697204527 256.95456508081 267.20527654164 279.09990798449 346.63699364266 359.22431627498 373.21970005496 385.51185869472 395.57281464664 461.23189078877 474.0504791122 488.44061449171 502.36926480547 515.65132308171 576.98162848782 591.89986419119 602.81265162583 613.10444507701 627.37277172808 691.32839475805 703.88203859842 717.49619000522 731.09351425013 742.73309706524","4624501.1 4624502.1 4624503.1 4624504.1 4624505.1 4630501.1 4630502.1 4630503.1 4630504.1 4630505.1 4636501.1 4636502.1 4636503.1 4636504.1 4636505.1 4642501.1 4642502.1 4642503.1 4642504.1 4642505.1 4648501.1 4648502.1 4648503.1 4648504.1 4648505.1 4654501.1 4654502 4654503 4654504 4654505 4660501 4660502 4660503 4660504 4660505"
General-110-20260718-15:07:35-5193,vector,Florasat_Individual_Sats.terminal[34].dlk.mac,vector_preds_Transformer,,,"1.61554327025 14.76775770332 28.66633152962 42.06046061614 56.37683958188 116.3186322921 130.07667463157 141.91704879283 155.68907797803 168.21779742256 231.86026647617 242.85493502207 254.29520904715 267.08152034366 277.94521008082 346.43102200609 356.48468706897 366.74288314907 378.45424441411 391.99324952462 461.98240520479 473.45191779942 488.36133675812 503.08949581044 517.27528904494 576.93828191515 589.5101283039 603.17108782498 615.00947676856 627.05269978406 691.90411502006 706.61137594003 721.34885027748 733.18452811776 743.55897737759","4623401.1 4623402.1 4623403.1 4623404.1 4623405.1 4629401.1 4629402.1 4629403.1 4629404.1 4629405.1 4635401.1 4635402.1 4635403.1 4635404.1 4635405.1 4641401.1 4641402.1 4641403.1 4641404.1 4641405.1 4647401.1 4647402.1 4647403.1 4647404.1 4647405.1 4653401.1 4653402.1 4653403.1 4653404 4653405 4659401 4659402 4659403 4659404 4659405"
General-110-20260718-15:07:35-5193,vector,Florasat_Individual_Sats.terminal[33].dlk.mac,vector_preds_Transformer,,,"1.61614656821 16.50855963025 29.20483924239 43.10863326676 54.26720993849 116.53764457745 130.81006508973 144.39754803619 158.97719848157 169.15520987428 231.09624946257 242.42934027105 256.37485396816 269.6574686328 280.90536969016 346.89162704418 359.79051392665 374.10566815664 387.54923101421 402.12183570861 461.40552045987 474.30893829535 488.90699017653 503.84207728063 516.46202522307 576.06477577798 588.26626746892 603.09567972645 616.23891256261 628.60220522131 691.16983311577 704.16490730574 718.6707606921 729.97476354451 741.1924324031","4623301.1 4623302.1 4623303.1 4623304.1 4623305.1 4629301.1 4629302.1 4629303.1 4629304.1 4629305.1 4635301.1 4635302.1 4635303.1 4635304.1 4635305.1 4641301.1 4641302.1 4641303.1 4641304.1 4641305.1 4647301.1 4647302.1 4647303.1 4647304.1 4647305.1 4653301.1 4653302.1 4653303.1 4653304.1 4653305.1 4659301 4659302 4659303 4659304 4659305"
General-110-20260718-15:07:35-5193,vector,Florasat_Individual_Sats.terminal[41].dlk.mac,vector_preds_Transformer,,,"1.61899693403 14.90173671953 27.72491029207 42.60716278897 52.87108603608 116.11177933891 130.18290316127 141.19581007655 155.15045708535 169.06066457416 231.33701991872 245.26496751816 256.7889628117 268.35709591513 282.9517967708 346.20998357399 358.39572803909 372.07906485046 383.14406822994 397.26538864872 461.62504314468 471.77761246473 485.4368843676 496.47888283966 511.18290060455 576.90904114349 589.28916933434 603.97427655011 616.35200999048 627.60695425979 691.95605534897 705.09186884458 716.7468254182 728.3693661082 742.05539421713","4624101.1 4624102.1 4624103.1 4624104.1 4624105.1 4630101.1 4630102.1 4630103.1 4630104.1 4630105.1 4636101.1 4636102.1 4636103.1 4636104.1 4636105.1 4642101.1 4642102.1 4642103.1 4642104.1 4642105.1 4648101.1 4648102.1 4648103.1 4648104.1 4648105.1 4654101.1 4654102 4654103 4654104 4654105 4660101 4660102 4660103 4660104 4660105"
General-110-20260718-15:07:35-5193,vector,Florasat_Individual_Sats.terminal[28].dlk.mac,vector_preds_Transformer,,,"1.65250985487 15.1261988359 28.19274529535 41.68428911315 52.27081284695 116.93140675663 127.89476786857 139.54612465692 152.22682030406 166.37901178794 231.4660320261 241.95836539427 256.64360965998 270.2762044773 282.81788097741 346.09201419842 358.97764667728 369.51691289641 384.30557436053 397.5915917973 461.26693175733 473.3317681842 488.22081539989 503.11458936403 517.33630446693 576.81279186811 587.70002868096 599.5641073347 614.16071881726 624.37308477424 691.59967562044 704.03964064876 717.86933041388 727.98545193254 741.06437419752","4622801.1 4622802.1 4622803.1 4622804.1 4622805.1 4628801.1 4628802.1 4628803 4628804 4628805 4634801 4634802 4634803 4634804 4634805 4640801 4640802 4640803 4640804 4640805 4646801 4646802 4646803.1 4646804.1 4646805.1 4652801.1 4652802.1 4652803.1 4652804.1 4652805.1 4658801.1 4658802.1 4658803.1 4658804.1 4658805.1"
General-110-20260718-15:07:35-5193,vector,Florasat_Individual_Sats.terminal[20].dlk.mac,vector_preds_Transformer,,,"1.65343256108 13.55952887935 24.54982811608 35.07324430416 46.820735757 116.00217553414 130.46032665507 142.27995082946 153.60405286286 168.53324224102 231.40889999364 241.60562488856 254.61752880737 268.57071049185 281.04644671455 346.61645326088 360.84623568714 371.19864400266 384.27946387114 395.63288611499 461.93510121526 472.61391044687 483.42126710433 497.05853608995 509.36308047245 576.57334975107 589.96461112774 600.86253864248 615.63625002536 630.40529817715 691.92108966224 705.50506799994 720.39817580185 730.55359431356 744.72494421573","4622001.1 4622002.1 4622003.1 4622004.1 4622005.1 4628001.1 4628002.1 4628003.1 4628004.1 4628005.1 4634001.1 4634002.1 4634003.1 4634004.1 4634005.1 4640001.1 4640002.1 4640003.1 4640004.1 4640005.1 4646001 4646002 4646003 4646004 4646005 4652001 4652002 4652003 4652004 4652005 4658001 4658002 4658003 4658004 4658005"
General-110-20260718-15:07:35-5193,vector,Florasat_Individual_Sats.terminal[40].dlk.mac,vector_preds_Transformer,,,"1.66463111597 16.57374120969 27.11075041745 38.57228662073 51.90109634259 116.24418729264 130.51202866062 144.67065630177 158.45555419381 168.96606190292 231.78705856507 245.70162453875 258.43474030681 272.14687702199 284.37670190306 346.9082900139 361.17476221197 373.67781781382 387.86349963886 398.47047858197 461.15551517927 475.0505535421 487.1630172967 497.95474111685 509.09976309049 576.28403815394 588.1159902045 598.1193092484 610.25385007099 621.98463924532 691.58863965771 701.66388624231 714.42916671629 726.09446289367 738.88950848137","4624001.1 4624002.1 4624003.1 4624004.1 4624005.1 4630001.1 4630002.1 4630003.1 4630004.1 4630005.1 4636001.1 4636002.1 4636003.1 4636004.1 4636005.1 4642001.1 4642002.1 4642003.1 4642004.1 4642005.1 4648001.1 4648002.1 4648003.1 4648004.1 4648005.1 4654001.1 4654002.1 4654003.1 4654004 4654005 4660001 4660002 4660003 4660004 4660005"
General-110-20260718-15:07:35-5193,vector,Florasat_Individual_Sats.terminal[23].dlk.mac,vector_preds_Transformer,,,"1.67658061045 13.13014053064 27.22376636252 38.32566661434 52.87719643581 116.60801118007 126.85813522316 139.36994556222 152.03440232902 162.78627598659 231.72056962154 246.71111238189 257.33994158101 270.70309334434 283.84323705802 346.80225493596 359.79187324504 373.96825816809 386.88312813734 397.96023556126 461.4564452644 474.83175405977 487.37540687761 499.61426247238 511.69412947703 576.30053870659 588.27127422485 601.03326843865 611.85516912653 626.09325957647 691.43712388375 702.85578538571 715.78682942805 727.26336151734 739.82464593858","4622301.1 4622302.1 4622303.1 4622304.1 4622305.1 4628301.1 4628302.1 4628303 4628304 4628305 4634301 4634302 4634303 4634304 4634305 4640301 4640302 4640303 4640304 4640305 4646301 4646302 4646303 4646304 4646305 4652301 4652302 4652303 4652304 4652305 4658301 4658302 4658303 4658304 4658305"
General-110-20260718-15:07:35-5193,vector,Florasat_Individual_Sats.terminal[55].dlk.mac,vector_preds_Transformer,,,"1.69570239005 13.79664464132 26.44907074724 37.88162780204 48.54442646005 116.47223536251 130.69615009217 141.02514080214 155.65129409521 167.62448128406 231.73044150881 246.12924707657 260.801890939 271.53366497903 285.18776766675 346.38914880995 358.60668919469 369.3584963861 379.9465755683 394.23980708072 461.95588032785 475.39216905204 486.75261583948 500.61034081225 513.47157403664 576.23033723561 591.08131343615 603.63999630441 615.51803615294 630.38760549739 691.69749648636 706.26629098994 718.79010517476 733.58165235002 748.38387404195","4625501.1 4625502.1 4625503.1 4625504.1 4625505.1 4631501.1 4631502.1 4631503 4631504 4631505 4637501 4637502 4637503 4637504 4637505 4643501 4643502 4643503 4643504 4643505 4649501 4649502 4649503 4649504 4649505 4655501 4655502 4655503 4655504 4655505 4661501 4661502 4661503 4661504 4661505"
General-110-20260718-15:07:35-5193,vector,Florasat_Individual_Sats.terminal[17].dlk.mac,vector_preds_Transformer,,,"1.70427293167 15.32844772678 26.94953467463 40.20943177048 53.57849204097 116.44096121611 130.82312573865 141.58707263367 151.65188786294 164.81306726881 231.86569766141 244.92550145601 256.27101331716 268.8854643912 283.64751392742 346.98696003505 360.19932332425 372.51608227356 384.23583237314 398.11423244397 461.08799448842 472.90620662644 485.45103710982 496.70120194577 511.31905615702 576.33032818232 590.59992989432 602.78475799155 617.25772074563 629.85528719634 691.10295242094 703.43434296827 714.56795059074 728.21727351215 741.00105301989","4621701.1 4621702.1 4621703.1 4621704.1 4621705.1 4627701.1 4627702.1 4627703.1 4627704.1 4627705.1 4633701.1 4633702.1 4633703.1 4633704.1 4633705.1 4639701.1 4639702.1 4639703.1 4639704.1 4639705.1 4645701.1 4645702.1 4645703.1 4645704.1 4645705.1 4651701 4651702 4651703 4651704 4651705 4657701 4657702 4657703 4657704 4657705"
General-110-20260718-15:07:35-5193,vector,Florasat_Individual_Sats.terminal[12].dlk.mac,vector_preds_Transformer,,,"1.75747529906 14.37295395718 28.97321136505 41.63837266341 54.87250989722 116.66788951959 126.71007012017 138.68962321547 149.56137553905 161.75241314224 231.43004844943 243.53151199687 256.6720185806 271.0095033322 283.42769154161 346.47774846433 361.36963784369 375.26436903654 389.28708991059 403.22527688951 461.78517373418 475.06737673445 486.15284655149 501.09521199971 512.46018743048 576.42976828245 587.05277628358 600.27969356253 611.02079102745 624.10974490199 691.52690569567 702.19909337977 715.54466935037 728.84877471416 740.07502747746","4621201.1 4621202.1 4621203.1 4621204.1 4621205.1 4627201.1 4627202.1 4627203 4627204 4627205 4633201.1 4633202.1 4633203.1 4633204.1 4633205.1 4639201.1 4639202.1 4639203.1 4639204.1 4639205.1 4645201.1 4645202.1 4645203.1 4645204.1 4645205.1 4651201.1 4651202.1 4651203.1 4651204.1 4651205.1 4657201 4657202 4657203 4657204 4657205"
General-110-20260718-15:07:35-5193,vector,Florasat_Individual_Sats.terminal[29].dlk.mac,vector_preds_Transformer,,,"1.78172849072 13.66480709356 23.82372592063 36.65353836445 48.43411251507 116.52571479417 131.47025758843 144.53564999253 157.6980563216 172.54356890429 231.75269080931 244.4052560071 254.8580757007 269.74305319507 279.83566184785 346.11848442582 360.92391398735 375.33099781721 388.03089723107 400.30271468567 461.47016596817 474.42853418714 486.23867313214 496.5573131591 508.74687949963 576.53350470494 588.31787398806 602.89823997323 615.08682498615 628.29400559561 691.88093888271 703.82499543415 714.48722946738 727.30549123651 738.40280402965","4622901.1 4622902.1 4622903.1 4622904.1 4622905.1 4628901.1 4628902.1 4628903 4628904 4628905 4634901 4634902 4634903 4634904 4634905 4640901 4640902 4640903 4640904 4640905 4646901 4646902 4646903 4646904 4646905 4652901 4652902 4652903 4652904 4652905 4658901 4658902 4658903 4658904 4658905"
General-110-20260718-15:07:35-5193,vector,Florasat_Individual_Sats.terminal[58].dlk.mac,vector_preds_Transformer,,,"1.78325437196 12.40910049016 26.23430767283 39.65128197288 51.76433948637 116.1439044904 129.8747449813 143.76632593945 154.19340745919 166.29425029876 231.3071616746 245.71587462514 259.88814950642 271.47858841648 285.46072269511 346.73836165597 361.0059559173 373.8905534104 386.38953264011 397.09047307516 461.26565710548 474.03040805622 485.18178852415 499.41778586735 511.47777784057 576.00876220153 587.23530786112 601.57896792749 613.81488987012 628.26224884251 691.15068983426 705.85054256278 716.5109166156 731.06071670912 742.87828767928","4625801.1 4625802.1 4625803.1 4625804.1 4625805.1 4631801.1 4631802.1 4631803 4631804 4631805 4637801 4637802 4637803 4637804 4637805 4643801 4643802 4643803 4643804 4643805 4649801 4649802 4649803.1 4649804.1 4649805.1 4655801.1 4655802.1 4655803.1 4655804.1 4655805.1 4661801.1 4661802.1 4661803.1 4661804.1 4661805.1"
General-110-20260718-15:07:35-5193,vector,Florasat_Individual_Sats.terminal[4].dlk.mac,vector_preds_Transformer,,,"1.78648754093 14.50266166893 27.49154405855 39.55436923611 52.46604885277 116.76226843148 127.40614456008 139.59327779943 152.22417227225 166.52364319306 231.8479709439 245.45875149034 257.63177943602 271.27266586944 285.69719419418 346.71066502156 361.02915969608 374.53757855623 388.88841481578 403.19158192539 461.41850713547 471.7178081281 484.32787101739 498.83283835044 509.00372525467 576.44062371552 589.26823548018 603.67411827762 616.53283093567 626.96209167922 691.8974240392 704.9757892231 716.40747069032 727.39710567752 742.26774331764","4620401.1 4620402.1 4620403.1 4620404.1 4620405.1 4626401.1 4626402.1 4626403 4626404 4626405 4632401.1 4632402.1 4632403.1 4632404.1 4632405.1 4638401.1 4638402.1 4638403.1 4638404.1 4638405.1 4644401.1 4644402.1 4644403.1 4644404.1 4644405.1 4650401.1 4650402.1 4650403.1 4650404.1 4650405.1 4656401.1 4656402.1 4656403.1 4656404.1 4656405.1"
General-110-20260718-15:07:35-5193,vector,Florasat_Individual_Sats.terminal[21].dlk.mac,vector_preds_Transformer,,,"1.79964523879 11.94446467096 25.01335967099 38.08293618844 52.44470786769 116.16248826263 126.66892472305 140.94711580081 154.27649979596 168.70865661651 231.03499611653 241.21256420086 255.85955970269 269.92130784248 280.69159209775 346.15353954351 360.16254394525 372.04949780111 383.19138477766 394.52421672968 461.99576240801 475.33985708095 489.24643086688 499.75087910494 510.9663928796 576.51350516081 588.65462575643 598.74825672665 609.83602046221 619.83694992447 691.0181224891 702.70327399927 717.4195817064 730.96224892977 741.2306089045","4622101.1 4622102.1 4622103.1 4622104.1 4622105.1 4628101.1 4628102.1 4628103.1 4628104.1 4628105.1 4634101.1 4634102.1 4634103.1 4634104.1 4634105.1 4640101.1 4640102.1 4640103.1 4640104.1 4640105.1 4646101.1 4646102.1 4646103.1 4646104.1 4646105.1 4652101 4652102 4652103 4652104 4652105 4658101 4658102 4658103 4658104 4658105"
General-110-20260718-15:07:35-5193,vector,Florasat_Individual_Sats.terminal[54].dlk.mac,vector_preds_Transformer,,,"1.79985214025 15.19353296259 26.71411424643 40.25892219856 54.78289306979 116.11938103382 130.97575541982 143.27760877833 155.84444033494 168.94437416037 231.07574839913 242.4965080684 254.60134033416 267.39901930047 278.16701364075 346.39242965518 356.76439537806 369.64866881049 380.48966594878 390.67475250014 461.73413583869 475.68451992795 488.48537090677 503.12348154234 514.01139182714 576.01464874553 586.16915044118 596.6662391622 610.28858263836 624.70638720643 691.46636207099 702.05062497617 715.63277291344 725.9956711412 740.94257671829","4625401.1 4625402.1 4625403.1 4625404.1 4625405.1 4631401.1 4631402.1 4631403 4631404 4631405 4637401 4637402 4637403 4637404 4637405 4643401 4643402 4643403 4643404 4643405 4649401 4649402 4649403 4649404 4649405 4655401 4655402 4655403 4655404 4655405 4661401 4661402 4661403 4661404 4661405"
General-110-20260718-15:07:35-5193,vector,Florasat_Individual_Sats.terminal[35].dlk.mac,vector_preds_Transformer,,,"1.82176686521 14.55922082346 27.95104988432 42.86707112147 56.38258898561 116.07852467033 127.00002245186 138.1506828107 152.29861003394 164.17381726718 231.47972017759 243.85978084639 257.05974756507 267.08950364496 280.72332337149 346.34364318266 360.78980576061 375.45131613082 388.65477024159 400.46613137052 461.75156548247 473.16055239504 485.80211435072 499.96189405187 513.85471681342 576.77221948025 587.34875465837 601.07670399803 613.15812354535 624.80493099406 691.16273495578 704.19577136729 717.9244665415 731.71475798567 744.47854389297","4623501.1 4623502.1 4623503.1 4623504.1 4623505.1 4629501.1 4629502.1 4629503 4629504 4629505 4635501.1 4635502.1 4635503.1 4635504.1 4635505.1 4641501.1 4641502.1 4641503.1 4641504.1 4641505.1 4647501.1 4647502.1 4647503.1 4647504.1 4647505.1 4653501.1 4653502.1 4653503.1 4653504.1 4653505.1 4659501.1 4659502.1 4659503.1 4659504.1 4659505"
General-110-20260718-15:07:35-5193,vector,Florasat_Individual_Sats.terminal[16].dlk.mac,vector_preds_Transformer,,,"1.85553227761 15.41824386898 27.18558590953 37.73000014923 48.96923778207 116.00559699209 128.70442078774 140.82441191514 152.70669985655 167.22967168059 231.0710797864 242.67573896656 254.46575786779 264.88887144463 279.88667370845 346.76014897763 360.44380798354 373.14446619596 385.72655098513 400.33459860715 461.64618322975 474.27416098071 486.23022306128 500.20290086162 513.21131311007 576.57431304315 587.1200369948 601.26904989685 613.93710882262 626.19850446446 691.67633251101 702.82590543665 715.60925622168 730.46222559805 741.32576842839","4621601.1 4621602.1 4621603.1 4621604.1 4621605.1 4627601.1 4627602.1 4627603.1 4627604.1 4627605.1 4633601.1 4633602.1 4633603.1 4633604.1 4633605.1 4639601.1 4639602.1 4639603.1 4639604.1 4639605.1 4645601.1 4645602.1 4645603.1 4645604.1 4645605.1 4651601.1 4651602.1 4651603.1 4651604.1 4651605.1 4657601 4657602 4657603 4657604 4657605"
General-110-20260718-15:07:35-5193,vector,Florasat_Individual_Sats.terminal[53].dlk.mac,vector_preds_Transformer,,,"1.88328126329 16.29404420499 30.58669125429 42.02405340854 52.76978680516 116.39855200145 126.81509421742 141.78914707805 153.68480604909 166.51077629601 231.54901148775 246.19072922645 256.65707608592 271.26263277279 285.97176352888 346.45519725932 359.04923483567 373.14955087566 385.18545012759 396.324054298 461.03467547987 475.94709375245 490.46166639729 505.17541839579 518.6267562206 576.06312636309 590.22717737732 600.44607677985 613.28966885129 628.08664808305 691.13278996758 705.40937242191 716.48205437208 728.90394936525 740.55397649971","4625301.1 4625302.1 4625303.1 4625304.1 4625305.1 4631301.1 4631302.1 4631303 4631304 4631305 4637301 4637302 4637303 4637304 4637305 4643301 4643302 4643303 4643304 4643305 4649301 4649302 4649303 4649304 4649305 4655301 4655302 4655303 4655304 4655305 4661301 4661302 4661303 4661304 4661305"
General-110-20260718-15:07:35-5193,vector,Florasat_Individual_Sats.terminal[25].dlk.mac,vector_preds_Transformer,,,"1.88696160004 11.91434169211 23.85852612229 36.27046406874 46.42387901456 116.13945477642 126.9408579811 137.80233587371 149.33964794501 161.91811847849 231.81304439902 244.05687359278 254.82242171187 265.73555795476 280.00888654497 346.33029682608 361.26694099907 373.95037345867 384.5089567271 397.88697264669 461.99876537779 472.1462262934 484.59128946065 499.32842809473 510.26483034015 576.32620972791 589.13669712004 603.05883513974 614.25025055628 625.41894185101 691.41256214073 702.15235114633 714.32655814057 729.31206302321 740.18272099504","4622501.1 4622502.1 4622503.1 4622504.1 4622505.1 4628501.1 4628502.1 4628503 4628504 4628505 4634501 4634502 4634503 4634504 4634505 4640501 4640502 4640503 4640504 4640505 4646501 4646502 4646503 4646504 4646505 4652501 4652502 4652503 4652504 4652505 4658501 4658502 4658503 4658504 4658505"
General-110-20260718-15:07:35-5193,vector,Florasat_Individual_Sats.terminal[26].dlk.mac,vector_preds_Transformer,,,"1.91225081193 16.01901980675 27.18596519762 37.99085967684 49.33320000161 116.86254980904 131.00651451666 145.06632605731 158.57648888999 173.40539455694 231.70923865051 242.29473959538 254.67093964456 268.76141991582 278.93961078137 346.52933362289 359.58666105871 373.28741520876 384.18365087244 396.49425416021 461.40158427064 473.87528269551 485.45791979529 495.93703492777 508.24315283447 576.8448546757 591.00358071225 602.81085652951 617.18647959595 628.06126224179 691.34600437572 701.87728349794 713.99425510293 724.31537204049 737.49809544393","4622601.1 4622602.1 4622603.1 4622604.1 4622605.1 4628601.1 4628602.1 4628603 4628604 4628605 4634601 4634602 4634603 4634604 4634605 4640601 4640602 4640603 4640604 4640605 4646601 4646602 4646603 4646604 4646605 4652601 4652602 4652603 4652604 4652605 4658601 4658602 4658603 4658604 4658605"
General-110-20260718-15:07:35-5193,vector,Florasat_Individual_Sats.terminal[44].dlk.mac,vector_preds_Transformer,,,"1.92939056782 12.45863691089 26.63449577056 41.39588457882 51.64906756022 116.55698883045 129.07392592449 141.70406152192 155.13476278796 168.76140520838 231.06701561064 241.23614978674 255.68943818961 269.41375715821 283.5641375538 346.79248928139 357.20482006134 369.06017837627 379.90465311264 394.33709614841 461.95364491385 476.75026245135 488.86928654345 499.9176860107 512.02524105505 576.85822640406 589.53485766752 600.55741804163 610.81218333426 623.50516944518 691.63778344425 702.88591679325 716.8884324925 727.70048420899 739.94763074815","4624401.1 4624402.1 4624403.1 4624404.1 4624405.1 4630401.1 4630402.1 4630403.1 4630404.1 4630405.1 4636401.1 4636402.1 4636403.1 4636404.1 4636405.1 4642401.1 4642402.1 4642403.1 4642404.1 4642405.1 4648401.1 4648402.1 4648403.1 4648404.1 4648405.1 4654401 4654402 4654403 4654404 4654405 4660401 4660402 4660403 4660404 4660405"
General-110-20260718-15:07:35-5193,vector,Florasat_Individual_Sats.terminal[18].dlk.mac,vector_preds_Transformer,,,"1.93049178645 12.18093698914 24.10808796598 37.8822876485 49.11408422468 116.97443884984 130.65314773657 144.27438608674 158.16899959185 169.29425705993 231.24701501871 241.30859526409 253.13420318485 266.46754446974 278.98871296387 346.26337742433 356.63570730249 370.67356178538 381.76513167216 396.36057785248 461.32553765993 475.17269034614 490.02022026084 500.93005284761 513.3018698413 576.38965466502 588.64943961706 600.21514933766 613.92064246442 624.62964608893 691.8804130482 703.37224841467 716.76109472057 731.68468585704 746.37856326532","4621801.1 4621802.1 4621803.1 4621804.1 4621805.1 4627801.1 4627802.1 4627803.1 4627804.1 4627805.1 4633801.1 4633802.1 4633803.1 4633804.1 4633805.1 4639801.1 4639802.1 4639803.1 4639804.1 4639805 4645801 4645802 4645803 4645804 4645805 4651801 4651802 4651803 4651804 4651805 4657801 4657802 4657803 4657804 4657805"
General-110-20260718-15:07:35-5193,vector,Florasat_Individual_Sats.terminal[48].dlk.mac,vector_preds_Transformer,,,"1.95073087467 14.4192008907 25.33535059891 37.16121592326 49.6291224903 116.4977963001 128.81759966374 141.51632371242 156.23719532625 167.09907307988 231.9239253425 244.85722028557 258.72349494044 272.1352656933 282.21777491178 346.89566839347 360.59131205757 371.54692364135 384.7999390713 396.9833602591 461.59270764422 472.07114631404 486.48372384581 500.08816611116 511.16232127162 576.74240298988 589.59691401175 602.35600822791 616.87667339062 629.37045949581 691.26897319267 704.03712730902 715.03320620908 726.61965524708 737.56979249814","4624801.1 4624802.1 4624803.1 4624804.1 4624805.1 4630801.1 4630802.1 4630803.1 4630804.1 4630805.1 4636801.1 4636802.1 4636803.1 4636804.1 4636805.1 4642801.1 4642802.1 4642803.1 4642804.1 4642805 4648801 4648802 4648803 4648804 4648805 4654801 4654802 4654803 4654804 4654805 4660801 4660802 4660803 4660804 4660805"
General-110-20260718-15:07:35-5193,vector,Florasat_Individual_Sats.terminal[1].dlk.mac,vector_preds_Transformer,,,"1.95414766925 12.24395651393 26.69866640958 40.38608216121 53.2117983119 116.1152689266 128.05425369902 141.62183256959 155.90897864219 169.28281573136 231.67357900133 246.60646079876 260.149391548 270.93729840428 282.56797607941 346.17350843525 358.09524690988 369.03920683218 383.64174166252 397.23888271279 461.12095438666 473.21928714775 486.98932315014 500.88230270451 513.40989013343 576.50448061666 588.46522077593 599.36108305492 611.50445420901 623.96844621888 691.98521713004 702.01993868197 715.38980328687 728.08823602949 742.35242927773","4620101.1 4620102.1 4620103.1 4620104.1 4620105.1 4626101.1 4626102.1 4626103.1 4626104.1 4626105.1 4632101.1 4632102.1 4632103.1 4632104.1 4632105.1 4638101.1 4638102.1 4638103.1 4638104.1 4638105.1 4644101.1 4644102.1 4644103.1 4644104.1 4644105.1 4650101.1 4650102.1 4650103.1 4650104 4650105 4656101 4656102 4656103 4656104 4656105"
General-110-20260718-15:07:35-5193,vector,Florasat_Individual_Sats.terminal[39].dlk.mac,vector_preds_Transformer,,,"1.99702676083 14.6923851762 25.91442600754 36.45786785451 49.32988717035 116.53691637632 130.65058279619 144.60129003808 155.07045627524 166.54983262018 231.0315963896 242.53031553258 257.30341787706 272.05656457716 284.39197812369 346.26465434209 359.72413903568 374.42650931655 387.59210334858 400.26410370367 461.6925873463 474.25472620478 485.85021883202 500.82204035552 512.71328766783 576.1741286288 590.52065173792 603.63178683374 617.82301942747 629.1542615327 691.6993710713 703.09108205373 717.72724507959 729.58397375537 743.21869267152","4623901.1 4623902.1 4623903.1 4623904.1 4623905.1 4629901.1 4629902.1 4629903.1 4629904.1 4629905.1 4635901.1 4635902.1 4635903.1 4635904.1 4635905.1 4641901.1 4641902.1 4641903.1 4641904.1 4641905.1 4647901.1 4647902.1 4647903.1 4647904.1 4647905 4653901 4653902 4653903 4653904 4653905 4659901 4659902 4659903 4659904 4659905"
General-110-20260718-15:07:35-5193,vector,Florasat_Individual_Sats.satellite[0].dlkDSL.mac,VectorTransmitMethod_ReceptionResult,,,"12.62437146869 12.74154245112 16.84242142144 25.32397838905 25.58680816743 31.19219171422 34.35911658293 35.97271046441 36.59464953364 38.3185116485 46.171953921 47.256959757 48.23685795315 57.96302376621 117.41066284984 127.66903038011 129.30474555436 131.08937173657 140.50274208853 144.71061008674 144.83924420727 145.45140761094 158.60522359185 165.36429634731 165.95379705391 166.39412326881 166.73634795928 169.73048105993 171.8299152452 173.56869682682 241.67237378674 244.4298280279 247.04268479876 253.57042718485 255.75762223746 256.12566218961 259.75451012717 260.585615548 264.77115752328 266.00308471396 266.90376846974 269.84998115821 270.4479966328 270.4665203912 271.37352240428 272.58310102199 273.36461657267 278.58243537641 278.60294651068 279.16382432583 284.81292590306 286.33019187222 357.73909972905 361.81968769608 367.53341114907 368.17863008118 370.26348810567 371.10978578538 371.3148371071 372.52287143948 373.31177320181 377.03237213082 379.24477241411 380.34087711264 381.34612046642 381.58900453931 382.20135567216 384.2642461859 384.443129752 385.43530657179 385.6710668776 386.39672994813 389.67894281578 392.62209889716 393.25117701887 394.77332014841 396.69852205775 399.77080850642 402.91236370861 403.98210992539 404.80633288951 473.18706453 475.22535835359 475.7792966172 478.15774211035 482.89111532404 483.72323902361 485.28053124052 486.42051293365 493.01821277317 494.49128544344 494.50049286492 497.93748387102 499.62336635044 501.28183069606 503.56807262943 505.1288940866 508.08880122046 508.62796493842 511.01208246163 511.28736749984 512.26830584057 512.51416990643 515.27874580901 517.25255322307 517.5499338303 518.06581704494 576.97139553207 578.27031650584 589.39989722281 592.99754781768 597.76151677933 598.5555332484 599.44803877537 599.79730705492 600.30830432259 606.54621293422 607.88962738346 611.96931830854 615.07009053085 623.25518348873 625.69080090199 625.78007220937 630.41253037531 631.49948330948 634.65752806285 703.63948700777 704.47650613929 705.23249972535 706.64107056278 707.67775472686 717.3014446156 718.52442256215 719.45038641388 721.25090298014 725.68344906406 726.72753226887 729.21923136961 731.01818016465 731.85124470912 738.91329759908 742.64543019752 743.66881567928 744.5756876618","4622702 4621902 4624902 4622703 4621903 4625703 4624204 4621904 4622704 4621804 4621905 4622005 4622705 4625705 4627801 4630902 4630702 4627802 4630703 4627803 4629003 4627903 4627804 4626505 4630705 4627705 4630905 4627805 4629005 4628205 4636402 4637202 4632102 4633803 4633503 4636403 4632903 4632103 4635004 4635204 4633804 4636404 4635304 4633704 4632104 4636004 4633404 4637205 4633505 4633005 4636005 4632305 4638502 4638402 4641403 4638203 4638503 4639803 4638303 4641603 4639303 4641503 4641404 4642404 4638204 4639504 4639804 4638804 4638504 4638304 4639004 4639304 4638404 4642205 4639505 4642405 4641605 4642305 4641305 4638405 4639205 4647602 4644602 4647802 4644702 4645003 4647603 4644603 4644803 4644703 4647604 4645004 4644604 4644404 4644804 4644704 4647605 4645005 4645305 4644605 4647805 4649805 4644505 4644805 4647305 4649605 4647405 4653801 4650701 4653802 4650702 4650603 4654003 4653603 4650103 4653803 4650703 4650604 4654304 4653804 4653605 4651205 4653805 4651305 4654205 4650705 4660302 4656802 4659802 4661802 4659602 4661803 4659803 4658803 4659703 4656804 4660304 4659804 4659604 4661804 4660305 4658805 4661805 4661605"
General-110-20260718-15:07:35-5193,vector,Florasat_Individual_Sats.satellite[0].dlkDSL.mac,Satellite Position when Repetition Received,,,"12.62437146869 12.74154245112 16.84242142144 25.32397838905 25.58680816743 31.19219171422 34.35911658293 35.97271046441 36.59464953364 38.3185116485 46.171953921 47.256959757 48.23685795315 57.96302376621 117.41066284984 127.66903038011 129.30474555436 131.08937173657 140.50274208853 144.71061008674 144.83924420727 145.45140761094 158.60522359185 165.36429634731 165.95379705391 166.39412326881 166.73634795928 169.73048105993 171.8299152452 173.56869682682 241.67237378674 244.4298280279 247.04268479876 253.57042718485 255.75762223746 256.12566218961 259.75451012717 260.585615548 264.77115752328 266.00308471396 266.90376846974 269.84998115821 270.4479966328 270.4665203912 271.37352240428 272.58310102199 273.36461657267 278.58243537641 278.60294651068 279.16382432583 284.81292590306 286.33019187222 357.73909972905 361.81968769608 367.53341114907 368.17863008118 370.26348810567 371.10978578538 371.3148371071 372.52287143948 373.31177320181 377.03237213082 379.24477241411 380.34087711264 381.34612046642 381.58900453931 382.20135567216 384.2642461859 384.443129752 385.43530657179 385.6710668776 386.39672994813 389.67894281578 392.62209889716 393.25117701887 394.77332014841 396.69852205775 399.77080850642 402.91236370861 403.98210992539 404.80633288951 473.18706453 475.22535835359 475.7792966172 478.15774211035 482.89111532404 483.72323902361 485.28053124052 486.42051293365 493.01821277317 494.49128544344 494.50049286492 497.93748387102 499.62336635044 501.28183069606 503.56807262943 505.1288940866 508.08880122046 508.62796493842 511.01208246163 511.28736749984 512.26830584057 512.51416990643 515.27874580901 517.25255322307 517.5499338303 518.06581704494 576.97139553207 578.27031650584 589.39989722281 592.99754781768 597.76151677933 598.5555332484 599.44803877537 599.79730705492 600.30830432259 606.54621293422 607.88962738346 611.96931830854 615.07009053085 623.25518348873 625.69080090199 625.78007220937 630.41253037531 631.49948330948 634.65752806285 703.63948700777 704.47650613929 705.23249972535 706.64107056278 707.67775472686 717.3014446156 718.52442256215 719.45038641388 721.25090298014 725.68344906406 726.72753226887 729.21923136961 731.01818016465 731.85124470912 738.91329759908 742.64543019752 743.66881567928 744.5756876618","180 180 180 180 180 180 180 180 180 180 180 180 180 180 180 180 180 180 180 180 180 180 180 180 180 180 180 180 180 180 180 180 180 180 180 180 180 180 180 180 180 180 180 180 180 180 180 180 180 180 180 180 180 180 180 180 180 180 180 180 180 180 180 180 180 180 180 180 180 180 180 180 180 180 180 180 180 180 180 180 180 180 180 180 180 180 180 180 180 180 180 180 180 180 180 180 180 180 180 180 180 180 180 180 180 180 180 180 180 180 180 180 180 180 180 180 180 180 180 180 180 180 180 180 180 180 180 180 180 180 180 180 180 180 180 180 180 180 180 180 180 180 180 180"
General-110-20260718-15:07:35-5193,vector,Florasat_Individual_Sats.satellite[0].dlkDSL.mac,Repetition Position for Node 493 at Satellite,,,"12.62437146869 25.32397838905 36.59464953364 48.23685795315","180 180 180 180"
General-110-20260718-15:07:35-5193,vector,Florasat_Individual_Sats.satellite[0].dlkDSL.mac,All Nodes Repetition Generation Delay at Satellite,,,"12.62437146869 12.74154245112 16.84242142144 25.32397838905 25.58680816743 31.19219171422 34.35911658293 35.97271046441 36.59464953364 38.3185116485 46.171953921 47.256959757 48.23685795315 57.96302376621 117.41066284984 127.66903038011 129.30474555436 131.08937173657 140.50274208853 144.71061008674 144.83924420727 145.45140761094 158.60522359185 165.36429634731 165.95379705391 166.39412326881 166.73634795928 169.73048105993 171.8299152452 173.56869682682 241.67237378674 244.4298280279 247.04268479876 253.57042718485 255.75762223746 256.12566218961 259.75451012717 260.585615548 264.77115752328 266.00308471396 266.90376846974 269.84998115821 270.4479966328 270.4665203912 271.37352240428 272.58310102199 273.36461657267 278.58243537641 278.60294651068 279.16382432583 284.81292590306 286.33019187222 357.73909972905 361.81968769608 367.53341114907 368.17863008118 370.26348810567 371.10978578538 371.3148371071 372.52287143948 373.31177320181 377.03237213082 379.24477241411 380.34087711264 381.34612046642 381.58900453931 382.20135567216 384.2642461859 384.443129752 385.43530657179 385.6710668776 386.39672994813 389.67894281578 392.62209889716 393.25117701887 394.77332014841 396.69852205775 399.77080850642 402.91236370861 403.98210992539 404.80633288951 473.18706453 475.22535835359 475.7792966172 478.15774211035 482.89111532404 483.72323902361 485.28053124052 486.42051293365 493.01821277317 494.49128544344 494.50049286492 497.93748387102 499.62336635044 501.28183069606 503.56807262943 505.1288940866 508.08880122046 508.62796493842 511.01208246163 511.28736749984 512.26830584057 512.51416990643 515.27874580901 517.25255322307 517.5499338303 518.06581704494 576.97139553207 578.27031650584 589.39989722281 592.99754781768 597.76151677933 598.5555332484 599.44803877537 599.79730705492 600.30830432259 606.54621293422 607.88962738346 611.96931830854 615.07009053085 623.25518348873 625.69080090199 625.78007220937 630.41253037531 631.49948330948 634.65752806285 703.63948700777 704.47650613929 705.23249972535 706.64107056278 707.67775472686 717.3014446156 718.52442256215 719.45038641388 721.25090298014 725.68344906406 726.72753226887 729.21923136961 731.01818016465 731.85124470912 738.91329759908 742.64543019752 743.66881567928 744.5756876618","11.62437146869 11.74154245112 15.84242142144 24.32397838905 24.58680816743 30.19219171422 33.35911658293 34.97271046441 35.59464953364 37.3185116485 45.171953921 46.256959757 47.23685795315 56.96302376621 1.41066284984 11.66903038011 13.30474555436 15.08937173657 24.50274208853 28.71061008674 28.83924420727 29.45140761094 42.60522359185 49.36429634731 49.95379705391 50.39412326881 50.73634795928 53.73048105993 55.8299152452 57.56869682682 10.67237378674 13.4298280279 16.04268479876 22.57042718485 24.75762223746 25.12566218961 28.75451012717 29.585615548 33.77115752328 35.00308471396 35.90376846974 38.84998115821 39.4479966328 39.4665203912 40.37352240428 41.58310102199 42.36461657267 47.58243537641 47.60294651068 48.16382432583 53.81292590306 55.33019187222 11.73909972905 15.81968769608 21.53341114907 22.17863008118 24.26348810567 25.10978578538 25.3148371071 26.52287143948 27.31177320181 31.03237213082 33.24477241411 34.34087711264 35.34612046642 35.58900453931 36.20135567216 38.2642461859 38.443129752 39.43530657179 39.6710668776 40.39672994813 43.67894281578 46.62209889716 47.25117701887 48.77332014841 50.69852205775 53.77080850642 56.91236370861 57.98210992539 58.80633288951 12.18706453 14.22535835359 14.7792966172 17.15774211035 21.89111532404 22.72323902361 24.28053124052 25.42051293365 32.01821277317 33.49128544344 33.50049286492 36.93748387102 38.62336635044 40.28183069606 42.56807262943 44.1288940866 47.08880122046 47.62796493842 50.01208246163 50.28736749984 51.26830584057 51.51416990643 54.27874580901 56.25255322307 56.5499338303 57.06581704494 0.97139553207001 2.27031650584 13.39989722281 16.99754781768 21.76151677933 22.5555332484 23.44803877537 23.79730705492 24.30830432259 30.54621293422 31.88962738346 35.96931830854 39.07009053085 47.25518348873 49.69080090199 49.78007220937 54.41253037531 55.49948330948 58.65752806285 12.63948700777 13.47650613929 14.23249972535 15.64107056278 16.67775472686 26.3014446156 27.52442256215 28.45038641388 30.25090298014 34.68344906406 35.72753226887 38.21923136961 40.01818016465 40.85124470912 47.91329759908 51.64543019752 52.66881567928 53.5756876618"
General-110-20260718-15:07:35-5193,vector,Florasat_Individual_Sats.satellite[0].dlkDSL.mac,Repetition Generation Delay for Node 493 at Satellite,,,"12.62437146869 25.32397838905 36.59464953364 48.23685795315","11.62437146869 24.32397838905 35.59464953364 47.23685795315"
General-110-20260718-15:07:35-5193,vector,Florasat_Individual_Sats.satellite[0].dlkDSL.mac,Successful Repetition Number counted for MAC protocol,,,"12.62437146869 12.74154245112 16.84242142144 31.19219171422 34.35911658293 38.3185116485 47.256959757 117.41066284984 127.66903038011 129.30474555436 144.83924420727 145.45140761094 165.36429634731 166.39412326881 173.56869682682 241.67237378674 244.4298280279 247.04268479876 253.57042718485 255.75762223746 259.75451012717 264.77115752328 266.00308471396 270.4479966328 270.4665203912 272.58310102199 273.36461657267 279.16382432583 286.33019187222 357.73909972905 361.81968769608 367.53341114907 368.17863008118 371.10978578538 371.3148371071 372.52287143948 373.31177320181 377.03237213082 380.34087711264 381.58900453931 384.2642461859 385.6710668776 392.62209889716 399.77080850642 402.91236370861 404.80633288951 473.18706453 475.22535835359 475.7792966172 478.15774211035 482.89111532404 486.42051293365 499.62336635044 508.62796493842 512.26830584057 512.51416990643 517.25255322307 517.5499338303 518.06581704494 576.97139553207 578.27031650584 597.76151677933 598.5555332484 599.44803877537 599.79730705492 611.96931830854 625.69080090199 630.41253037531 631.49948330948 703.63948700777 704.47650613929 705.23249972535 706.64107056278 707.67775472686 719.45038641388 721.25090298014 744.5756876618","2 2 2 3 4 4 5 1 2 2 3 3 5 5 5 2 2 2 3 3 3 4 4 4 4 4 4 5 5 2 2 3 3 3 3 3 3 3 4 4 4 4 5 5 5 5 2 2 2 2 3 3 4 5 5 5 5 5 5 1 1 3 3 3 3 4 5 5 5 2 2 2 2 2 3 3 5"
General-110-20260718-15:07:35-5193,vector,Florasat_Individual_Sats.satellite[0].dlkDSL.mac,Successful Repetition Number counted for the Model,,,"12.62437146869 12.74154245112 16.84242142144 31.19219171422 34.35911658293 38.3185116485 47.256959757 117.41066284984 127.66903038011 129.30474555436 144.83924420727 145.45140761094 165.36429634731 166.39412326881 173.56869682682 241.67237378674 244.4298280279 247.04268479876 253.57042718485 255.75762223746 259.75451012717 264.77115752328 266.00308471396 270.4479966328 270.4665203912 272.58310102199 273.36461657267 279.16382432583 286.33019187222 357.73909972905 361.81968769608 367.53341114907 368.17863008118 371.10978578538 371.3148371071 372.52287143948 373.31177320181 377.03237213082 380.34087711264 381.58900453931 384.2642461859 385.6710668776 392.62209889716 399.77080850642 402.91236370861 404.80633288951 473.18706453 475.22535835359 475.7792966172 478.15774211035 482.89111532404 486.42051293365 499.62336635044 508.62796493842 512.26830584057 512.51416990643 517.25255322307 517.5499338303 518.06581704494 576.97139553207 578.27031650584 597.76151677933 598.5555332484 599.44803877537 599.79730705492 611.96931830854 625.69080090199 630.41253037531 631.49948330948 703.63948700777 704.47650613929 705.23249972535 706.64107056278 707.67775472686 719.45038641388 721.25090298014 744.5756876618","2 2 2 3 4 4 5 1 2 2 3 3 5 5 5 2 2 2 3 3 3 4 4 4 4 4 4 5 5 2 2 3 3 3 3 3 3 3 4 4 2 4 5 4 5 5 2 2 2 2 3 3 4 5 3 5 5 5 5 1 1 3 3 3 3 4 5 5 5 2 2 2 2 2 3 3 5"
General-110-20260718-15:07:35-5193,vector,Florasat_Individual_Sats.satellite[0].dlkDSL.mac,All Nodes Message Generation Delay at Satellite,,,"12.62437146869 12.74154245112 16.84242142144 31.19219171422 34.35911658293 38.3185116485 47.256959757 117.41066284984 127.66903038011 129.30474555436 144.83924420727 145.45140761094 165.36429634731 166.39412326881 173.56869682682 241.67237378674 244.4298280279 247.04268479876 253.57042718485 255.75762223746 259.75451012717 264.77115752328 266.00308471396 270.4479966328 270.4665203912 272.58310102199 273.36461657267 279.16382432583 286.33019187222 357.73909972905 361.81968769608 367.53341114907 368.17863008118 371.10978578538 371.3148371071 372.52287143948 373.31177320181 377.03237213082 380.34087711264 381.58900453931 384.2642461859 385.6710668776 392.62209889716 399.77080850642 402.91236370861 404.80633288951 473.18706453 475.22535835359 475.7792966172 478.15774211035 482.89111532404 486.42051293365 499.62336635044 508.62796493842 512.26830584057 512.51416990643 517.25255322307 517.5499338303 518.06581704494 576.97139553207 578.27031650584 597.76151677933 598.5555332484 599.44803877537 599.79730705492 611.96931830854 625.69080090199 630.41253037531 631.49948330948 703.63948700777 704.47650613929 705.23249972535 706.64107056278 707.67775472686 719.45038641388 721.25090298014 744.5756876618","11.62437146869 11.74154245112 15.84242142144 30.19219171422 33.35911658293 37.3185116485 46.256959757 1.41066284984 11.66903038011 13.30474555436 28.83924420727 29.45140761094 49.36429634731 50.39412326881 57.56869682682 10.67237378674 13.4298280279 16.04268479876 22.57042718485 24.75762223746 28.75451012717 33.77115752328 35.00308471396 39.4479966328 39.4665203912 41.58310102199 42.36461657267 48.16382432583 55.33019187222 11.73909972905 15.81968769608 21.53341114907 22.17863008118 25.10978578538 25.3148371071 26.52287143948 27.31177320181 31.03237213082 34.34087711264 35.58900453931 38.2642461859 39.6710668776 46.62209889716 53.77080850642 56.91236370861 58.80633288951 12.18706453 14.22535835359 14.7792966172 17.15774211035 21.89111532404 25.42051293365 38.62336635044 47.62796493842 51.26830584057 51.51416990643 56.25255322307 56.5499338303 57.06581704494 0.97139553207001 2.27031650584 21.76151677933 22.5555332484 23.44803877537 23.79730705492 35.96931830854 49.69080090199 54.41253037531 55.49948330948 12.63948700777 13.47650613929 14.23249972535 15.64107056278 16.67775472686 28.45038641388 30.25090298014 53.5756876618"
General-110-20260718-15:07:35-5193,vector,Florasat_Individual_Sats.satellite[0].dlkDSL.mac,Message Generation Delay for Node 493 at Satellite,,,"12.62437146869","11.62437146869"
General-110-20260718-15:07:35-5193,vector,Florasat_Individual_Sats.satellite[0].net.packetHandler,packets received,,,"12.62437146869 12.74154245112 16.84242142144 25.32397838905 25.58680816743 31.19219171422 34.35911658293 35.97271046441 36.59464953364 38.3185116485 46.171953921 47.256959757 48.23685795315 57.96302376621 117.41066284984 127.66903038011 129.30474555436 131.08937173657 140.50274208853 144.71061008674 144.83924420727 145.45140761094 158.60522359185 165.36429634731 165.95379705391 166.39412326881 166.73634795928 169.73048105993 171.8299152452 173.56869682682 241.67237378674 244.4298280279 247.04268479876 253.57042718485 255.75762223746 256.12566218961 259.75451012717 260.585615548 264.77115752328 266.00308471396 266.90376846974 269.84998115821 270.4479966328 270.4665203912 271.37352240428 272.58310102199 273.36461657267 278.58243537641 278.60294651068 279.16382432583 284.81292590306 286.33019187222 357.73909972905 361.81968769608 367.53341114907 368.17863008118 370.26348810567 371.10978578538 371.3148371071 372.52287143948 373.31177320181 377.03237213082 379.24477241411 380.34087711264 381.34612046642 381.58900453931 382.20135567216 384.2642461859 384.443129752 385.43530657179 385.6710668776 386.39672994813 389.67894281578 392.62209889716 393.25117701887 394.77332014841 396.69852205775 399.77080850642 402.91236370861 403.98210992539 404.80633288951 473.18706453 475.22535835359 475.7792966172 478.15774211035 482.89111532404 483.72323902361 485.28053124052 486.42051293365 493.01821277317 494.49128544344 494.50049286492 497.93748387102 499.62336635044 501.28183069606 503.56807262943 505.1288940866 508.08880122046 508.62796493842 511.01208246163 511.28736749984 512.26830584057 512.51416990643 515.27874580901 517.25255322307 517.5499338303 518.06581704494 576.97139553207 578.27031650584 589.39989722281 592.99754781768 597.76151677933 598.5555332484 599.44803877537 599.79730705492 600.30830432259 606.54621293422 607.88962738346 611.96931830854 615.07009053085 623.25518348873 625.69080090199 625.78007220937 630.41253037531 631.49948330948 634.65752806285 703.63948700777 704.47650613929 705.23249972535 706.64107056278 707.67775472686 717.3014446156 718.52442256215 719.45038641388 721.25090298014 725.68344906406 726.72753226887 729.21923136961 731.01818016465 731.85124470912 738.91329759908 742.64543019752 743.66881567928 744.5756876618","1 2 3 4 5 6 7 8 9 10 11 12 13 14 15 16 17 18 19 20 21 22 23 24 25 26 27 28 29 30 31 32 33 34 35 36 37 38 39 40 41 42 43 44 45 46 47 48 49 50 51 52 53 54 55 56 57 58 59 60 61 62 63 64 65 66 67 68 69 70 71 72 73 74 75 76 77 78 79 80 81 82 83 84 85 86 87 88 89 90 91 92 93 94 95 96 97 98 99 100 101 102 103 104 105 106 107 108 109 110 111 112 113 114 115 116 117 118 119 120 121 122 123 124 125 126 127 128 129 130 131 132 133 134 135 136 137 138 139 140 141 142 143 144"
General-110-20260718-15:07:35-5193,vector,Florasat_Individual_Sats.satellite[0].net.packetHandler,dropped unroutable,,,"12.62437146869 12.74154245112 16.84242142144 25.32397838905 25.58680816743 31.19219171422 34.35911658293 35.97271046441 36.59464953364 38.3185116485 46.171953921 47.256959757 48.23685795315 57.96302376621 117.41066284984 127.66903038011 129.30474555436 131.08937173657 140.50274208853 144.71061008674 144.83924420727 145.45140761094 158.60522359185 165.36429634731 165.95379705391 166.39412326881 166.73634795928 169.73048105993 171.8299152452 173.56869682682 241.67237378674 244.4298280279 247.04268479876 253.57042718485 255.75762223746 256.12566218961 259.75451012717 260.585615548 264.77115752328 266.00308471396 266.90376846974 269.84998115821 270.4479966328 270.4665203912 271.37352240428 272.58310102199 273.36461657267 278.58243537641 278.60294651068 279.16382432583 284.81292590306 286.33019187222 357.73909972905 361.81968769608 367.53341114907 368.17863008118 370.26348810567 371.10978578538 371.3148371071 372.52287143948 373.31177320181 377.03237213082 379.24477241411 380.34087711264 381.34612046642 381.58900453931 382.20135567216 384.2642461859 384.443129752 385.43530657179 385.6710668776 386.39672994813 389.67894281578 392.62209889716 393.25117701887 394.77332014841 396.69852205775 399.77080850642 402.91236370861 403.98210992539 404.80633288951 473.18706453 475.22535835359 475.7792966172 478.15774211035 482.89111532404 483.72323902361 485.28053124052 486.42051293365 493.01821277317 494.49128544344 494.50049286492 497.93748387102 499.62336635044 501.28183069606 503.56807262943 505.1288940866 508.08880122046 508.62796493842 511.01208246163 511.28736749984 512.26830584057 512.51416990643 515.27874580901 517.25255322307 517.5499338303 518.06581704494 576.97139553207 578.27031650584 589.39989722281 592.99754781768 597.76151677933 598.5555332484 599.44803877537 599.79730705492 600.30830432259 606.54621293422 607.88962738346 611.96931830854 615.07009053085 623.25518348873 625.69080090199 625.78007220937 630.41253037531 631.49948330948 634.65752806285 703.63948700777 704.47650613929 705.23249972535 706.64107056278 707.67775472686 717.3014446156 718.52442256215 719.45038641388 721.25090298014 725.68344906406 726.72753226887 729.21923136961 731.01818016465 731.85124470912 738.91329759908 742.64543019752 743.66881567928 744.5756876618","1 2 3 4 5 6 7 8 9 10 11 12 13 14 15 16 17 18 19 20 21 22 23 24 25 26 27 28 29 30 31 32 33 34 35 36 37 38 39 40 41 42 43 44 45 46 47 48 49 50 51 52 53 54 55 56 57 58 59 60 61 62 63 64 65 66 67 68 69 70 71 72 73 74 75 76 77 78 79 80 81 82 83 84 85 86 87 88 89 90 91 92 93 94 95 96 97 98 99 100 101 102 103 104 105 106 107 108 109 110 111 112 113 114 115 116 117 118 119 120 121 122 123 124 125 126 127 128 129 130 131 132 133 134 135 136 137 138 139 140 141 142 143 144"
General-110-20260718-15:07:35-5193,vector,Florasat_Individual_Sats.satellite[0].net.packetHandler,packets dropped,,,"12.62437146869 12.74154245112 16.84242142144 25.32397838905 25.58680816743 31.19219171422 34.35911658293 35.97271046441 36.59464953364 38.3185116485 46.171953921 47.256959757 48.23685795315 57.96302376621 117.41066284984 127.66903038011 129.30474555436 131.08937173657 140.50274208853 144.71061008674 144.83924420727 145.45140761094 158.60522359185 165.36429634731 165.95379705391 166.39412326881 166.73634795928 169.73048105993 171.8299152452 173.56869682682 241.67237378674 244.4298280279 247.04268479876 253.57042718485 255.75762223746 256.12566218961 259.75451012717 260.585615548 264.77115752328 266.00308471396 266.90376846974 269.84998115821 270.4479966328 270.4665203912 271.37352240428 272.58310102199 273.36461657267 278.58243537641 278.60294651068 279.16382432583 284.81292590306 286.33019187222 357.73909972905 361.81968769608 367.53341114907 368.17863008118 370.26348810567 371.10978578538 371.3148371071 372.52287143948 373.31177320181 377.03237213082 379.24477241411 380.34087711264 381.34612046642 381.58900453931 382.20135567216 384.2642461859 384.443129752 385.43530657179 385.6710668776 386.39672994813 389.67894281578 392.62209889716 393.25117701887 394.77332014841 396.69852205775 399.77080850642 402.91236370861 403.98210992539 404.80633288951 473.18706453 475.22535835359 475.7792966172 478.15774211035 482.89111532404 483.72323902361 485.28053124052 486.42051293365 493.01821277317 494.49128544344 494.50049286492 497.93748387102 499.62336635044 501.28183069606 503.56807262943 505.1288940866 508.08880122046 508.62796493842 511.01208246163 511.28736749984 512.26830584057 512.51416990643 515.27874580901 517.25255322307 517.5499338303 518.06581704494 576.97139553207 578.27031650584 589.39989722281 592.99754781768 597.76151677933 598.5555332484 599.44803877537 599.79730705492 600.30830432259 606.54621293422 607.88962738346 611.96931830854 615.07009053085 623.25518348873 625.69080090199 625.78007220937 630.41253037531 631.49948330948 634.65752806285 703.63948700777 704.47650613929 705.23249972535 706.64107056278 707.67775472686 717.3014446156 718.52442256215 719.45038641388 721.25090298014 725.68344906406 726.72753226887 729.21923136961 731.01818016465 731.85124470912 738.91329759908 742.64543019752 743.66881567928 744.5756876618","1 2 3 4 5 6 7 8 9 10 11 12 13 14 15 16 17 18 19 20 21 22 23 24 25 26 27 28 29 30 31 32 33 34 35 36 37 38 39 40 41 42 43 44 45 46 47 48 49 50 51 52 53 54 55 56 57 58 59 60 61 62 63 64 65 66 67 68 69 70 71 72 73 74 75 76 77 78 79 80 81 82 83 84 85 86 87 88 89 90 91 92 93 94 95 96 97 98 99 100 101 102 103 104 105 106 107 108 109 110 111 112 113 114 115 116 117 118 119 120 121 122 123 124 125 126 127 128 129 130 131 132 133 134 135 136 137 138 139 140 141 142 143 144"
General-110-20260718-15:07:35-5193,vector,Florasat_Individual_Sats.satellite[0].dlkDSL.mac,Repetition Position for Node 373 at Satellite,,,"12.74154245112 25.58680816743 35.97271046441 46.171953921 145.45140761094","180 180 180 180 180"
General-110-20260718-15:07:35-5193,vector,Florasat_Individual_Sats.satellite[0].dlkDSL.mac,Repetition Generation Delay for Node 373 at Satellite,,,"12.74154245112 25.58680816743 35.97271046441 46.171953921 145.45140761094","11.74154245112 24.58680816743 34.97271046441 45.171953921 29.45140761094"
General-110-20260718-15:07:35-5193,vector,Florasat_Individual_Sats.satellite[0].dlkDSL.mac,Message Generation Delay for Node 373 at Satellite,,,"12.74154245112 145.45140761094","11.74154245112 29.45140761094"
General-110-20260718-15:07:35-5193,vector,Florasat_Individual_Sats.satellite[0].dlkDSL.mac,Repetition Position for Node 823 at Satellite,,,"16.84242142144 127.66903038011 166.73634795928","180 180 180"
General-110-20260718-15:07:35-5193,vector,Florasat_Individual_Sats.satellite[0].dlkDSL.mac,Repetition Generation Delay for Node 823 at Satellite,,,"16.84242142144 127.66903038011 166.73634795928","15.84242142144 11.66903038011 50.73634795928"
General-110-20260718-15:07:35-5193,vector,Florasat_Individual_Sats.satellite[0].dlkDSL.mac,Message Generation Delay for Node 823 at Satellite,,,"16.84242142144 127.66903038011","15.84242142144 11.66903038011"
General-110-20260718-15:07:35-5193,vector,Florasat_Individual_Sats.satellite[0].dlkDSL.mac,Repetition Position for Node 943 at Satellite,,,"31.19219171422 57.96302376621","180 180"
General-110-20260718-15:07:35-5193,vector,Florasat_Individual_Sats.satellite[0].dlkDSL.mac,Repetition Generation Delay for Node 943 at Satellite,,,"31.19219171422 57.96302376621","30.19219171422 56.96302376621"
General-110-20260718-15:07:35-5193,vector,Florasat_Individual_Sats.satellite[0].dlkDSL.mac,Message Generation Delay for Node 943 at Satellite,,,"31.19219171422","30.19219171422"
General-110-20260718-15:07:35-5193,vector,Florasat_Individual_Sats.satellite[0].dlkDSL.mac,Repetition Position for Node 718 at Satellite,,,"34.35911658293 392.62209889716 631.49948330948","180 180 180"
General-110-20260718-15:07:35-5193,vector,Florasat_Individual_Sats.satellite[0].dlkDSL.mac,Repetition Generation Delay for Node 718 at Satellite,,,"34.35911658293 392.62209889716 631.49948330948","33.35911658293 46.62209889716 55.49948330948"
General-110-20260718-15:07:35-5193,vector,Florasat_Individual_Sats.satellite[0].dlkDSL.mac,Message Generation Delay for Node 718 at Satellite,,,"34.35911658293 392.62209889716 631.49948330948","33.35911658293 46.62209889716 55.49948330948"
General-110-20260718-15:07:35-5193,vector,Florasat_Individual_Sats.satellite[0].dlkDSL.mac,Repetition Position for Node 358 at Satellite,,,"38.3185116485 117.41066284984 131.08937173657 144.71061008674 158.60522359185 169.73048105993 253.57042718485 266.90376846974 371.10978578538 382.20135567216","180 180 180 180 180 180 180 180 180 180"
General-110-20260718-15:07:35-5193,vector,Florasat_Individual_Sats.satellite[0].dlkDSL.mac,Repetition Generation Delay for Node 358 at Satellite,,,"38.3185116485 117.41066284984 131.08937173657 144.71061008674 158.60522359185 169.73048105993 253.57042718485 266.90376846974 371.10978578538 382.20135567216","37.3185116485 1.41066284984 15.08937173657 28.71061008674 42.60522359185 53.73048105993 22.57042718485 35.90376846974 25.10978578538 36.20135567216"
General-110-20260718-15:07:35-5193,vector,Florasat_Individual_Sats.satellite[0].dlkDSL.mac,Message Generation Delay for Node 358 at Satellite,,,"38.3185116485 117.41066284984 253.57042718485 371.10978578538","37.3185116485 1.41066284984 22.57042718485 25.10978578538"
General-110-20260718-15:07:35-5193,vector,Florasat_Individual_Sats.satellite[0].dlkDSL.mac,Repetition Position for Node 388 at Satellite,,,"47.256959757","180"
General-110-20260718-15:07:35-5193,vector,Florasat_Individual_Sats.satellite[0].dlkDSL.mac,Repetition Generation Delay for Node 388 at Satellite,,,"47.256959757","46.256959757"
General-110-20260718-15:07:35-5193,vector,Florasat_Individual_Sats.satellite[0].dlkDSL.mac,Message Generation Delay for Node 388 at Satellite,,,"47.256959757","46.256959757"
General-110-20260718-15:07:35-5193,vector,Florasat_Individual_Sats.satellite[0].dlkDSL.mac,Repetition Position for Node 793 at Satellite,,,"129.30474555436 140.50274208853 165.95379705391","180 180 180"
General-110-20260718-15:07:35-5193,vector,Florasat_Individual_Sats.satellite[0].dlkDSL.mac,Repetition Generation Delay for Node 793 at Satellite,,,"129.30474555436 140.50274208853 165.95379705391","13.30474555436 24.50274208853 49.95379705391"
General-110-20260718-15:07:35-5193,vector,Florasat_Individual_Sats.satellite[0].dlkDSL.mac,Message Generation Delay for Node 793 at Satellite,,,"129.30474555436","13.30474555436"
General-110-20260718-15:07:35-5193,vector,Florasat_Individual_Sats.satellite[0].dlkDSL.mac,Repetition Position for Node 538 at Satellite,,,"144.83924420727 171.8299152452 264.77115752328","180 180 180"
General-110-20260718-15:07:35-5193,vector,Florasat_Individual_Sats.satellite[0].dlkDSL.mac,Repetition Generation Delay for Node 538 at Satellite,,,"144.83924420727 171.8299152452 264.77115752328","28.83924420727 55.8299152452 33.77115752328"
General-110-20260718-15:07:35-5193,vector,Florasat_Individual_Sats.satellite[0].dlkDSL.mac,Message Generation Delay for Node 538 at Satellite,,,"144.83924420727 264.77115752328","28.83924420727 33.77115752328"
General-110-20260718-15:07:35-5193,vector,Florasat_Individual_Sats.satellite[0].dlkDSL.mac,Repetition Position for Node 163 at Satellite,,,"165.36429634731 357.73909972905 370.26348810567 384.443129752 512.51416990643","180 180 180 180 180"
General-110-20260718-15:07:35-5193,vector,Florasat_Individual_Sats.satellite[0].dlkDSL.mac,Repetition Generation Delay for Node 163 at Satellite,,,"165.36429634731 357.73909972905 370.26348810567 384.443129752 512.51416990643","49.36429634731 11.73909972905 24.26348810567 38.443129752 51.51416990643"
General-110-20260718-15:07:35-5193,vector,Florasat_Individual_Sats.satellite[0].dlkDSL.mac,Message Generation Delay for Node 163 at Satellite,,,"165.36429634731 357.73909972905 512.51416990643","49.36429634731 11.73909972905 51.51416990643"
General-110-20260718-15:07:35-5193,vector,Florasat_Individual_Sats.satellite[0].dlkDSL.mac,Repetition Position for Node 343 at Satellite,,,"166.39412326881 270.4665203912","180 180"
General-110-20260718-15:07:35-5193,vector,Florasat_Individual_Sats.satellite[0].dlkDSL.mac,Repetition Generation Delay for Node 343 at Satellite,,,"166.39412326881 270.4665203912","50.39412326881 39.4665203912"
General-110-20260718-15:07:35-5193,vector,Florasat_Individual_Sats.satellite[0].dlkDSL.mac,Message Generation Delay for Node 343 at Satellite,,,"166.39412326881 270.4665203912","50.39412326881 39.4665203912"
General-110-20260718-15:07:35-5193,vector,Florasat_Individual_Sats.satellite[0].dlkDSL.mac,Repetition Position for Node 418 at Satellite,,,"173.56869682682","180"
General-110-20260718-15:07:35-5193,vector,Florasat_Individual_Sats.satellite[0].dlkDSL.mac,Repetition Generation Delay for Node 418 at Satellite,,,"173.56869682682","57.56869682682"
General-110-20260718-15:07:35-5193,vector,Florasat_Individual_Sats.satellite[0].dlkDSL.mac,Message Generation Delay for Node 418 at Satellite,,,"173.56869682682","57.56869682682"
General-110-20260718-15:07:35-5193,vector,Florasat_Individual_Sats.satellite[0].dlkDSL.mac,Repetition Position for Node 748 at Satellite,,,"241.67237378674 256.12566218961 269.84998115821 380.34087711264 394.77332014841","180 180 180 180 180"
General-110-20260718-15:07:35-5193,vector,Florasat_Individual_Sats.satellite[0].dlkDSL.mac,Repetition Generation Delay for Node 748 at Satellite,,,"241.67237378674 256.12566218961 269.84998115821 380.34087711264 394.77332014841","10.67237378674 25.12566218961 38.84998115821 34.34087711264 48.77332014841"
General-110-20260718-15:07:35-5193,vector,Florasat_Individual_Sats.satellite[0].dlkDSL.mac,Message Generation Delay for Node 748 at Satellite,,,"241.67237378674 380.34087711264","10.67237378674 34.34087711264"
General-110-20260718-15:07:35-5193,vector,Florasat_Individual_Sats.satellite[0].dlkDSL.mac,Repetition Position for Node 868 at Satellite,,,"244.4298280279 278.58243537641","180 180"
General-110-20260718-15:07:35-5193,vector,Florasat_Individual_Sats.satellite[0].dlkDSL.mac,Repetition Generation Delay for Node 868 at Satellite,,,"244.4298280279 278.58243537641","13.4298280279 47.58243537641"
General-110-20260718-15:07:35-5193,vector,Florasat_Individual_Sats.satellite[0].dlkDSL.mac,Message Generation Delay for Node 868 at Satellite,,,"244.4298280279","13.4298280279"
General-110-20260718-15:07:35-5193,vector,Florasat_Individual_Sats.satellite[0].dlkDSL.mac,Repetition Position for Node 103 at Satellite,,,"247.04268479876 260.585615548 271.37352240428 599.79730705492","180 180 180 180"
General-110-20260718-15:07:35-5193,vector,Florasat_Individual_Sats.satellite[0].dlkDSL.mac,Repetition Generation Delay for Node 103 at Satellite,,,"247.04268479876 260.585615548 271.37352240428 599.79730705492","16.04268479876 29.585615548 40.37352240428 23.79730705492"
General-110-20260718-15:07:35-5193,vector,Florasat_Individual_Sats.satellite[0].dlkDSL.mac,Message Generation Delay for Node 103 at Satellite,,,"247.04268479876 599.79730705492","16.04268479876 23.79730705492"
General-110-20260718-15:07:35-5193,vector,Florasat_Individual_Sats.satellite[0].dlkDSL.mac,Repetition Position for Node 313 at Satellite,,,"255.75762223746 278.60294651068 381.58900453931 393.25117701887","180 180 180 180"
General-110-20260718-15:07:35-5193,vector,Florasat_Individual_Sats.satellite[0].dlkDSL.mac,Repetition Generation Delay for Node 313 at Satellite,,,"255.75762223746 278.60294651068 381.58900453931 393.25117701887","24.75762223746 47.60294651068 35.58900453931 47.25117701887"
General-110-20260718-15:07:35-5193,vector,Florasat_Individual_Sats.satellite[0].dlkDSL.mac,Message Generation Delay for Node 313 at Satellite,,,"255.75762223746 381.58900453931","24.75762223746 35.58900453931"
General-110-20260718-15:07:35-5193,vector,Florasat_Individual_Sats.satellite[0].dlkDSL.mac,Repetition Position for Node 223 at Satellite,,,"259.75451012717","180"
General-110-20260718-15:07:35-5193,vector,Florasat_Individual_Sats.satellite[0].dlkDSL.mac,Repetition Generation Delay for Node 223 at Satellite,,,"259.75451012717","28.75451012717"
General-110-20260718-15:07:35-5193,vector,Florasat_Individual_Sats.satellite[0].dlkDSL.mac,Message Generation Delay for Node 223 at Satellite,,,"259.75451012717","28.75451012717"
General-110-20260718-15:07:35-5193,vector,Florasat_Individual_Sats.satellite[0].dlkDSL.mac,Repetition Position for Node 568 at Satellite,,,"266.00308471396","180"
General-110-20260718-15:07:35-5193,vector,Florasat_Individual_Sats.satellite[0].dlkDSL.mac,Repetition Generation Delay for Node 568 at Satellite,,,"266.00308471396","35.00308471396"
General-110-20260718-15:07:35-5193,vector,Florasat_Individual_Sats.satellite[0].dlkDSL.mac,Message Generation Delay for Node 568 at Satellite,,,"266.00308471396","35.00308471396"
General-110-20260718-15:07:35-5193,vector,Florasat_Individual_Sats.satellite[0].dlkDSL.mac,Repetition Position for Node 583 at Satellite,,,"270.4479966328 402.91236370861 517.25255322307","180 180 180"
General-110-20260718-15:07:35-5193,vector,Florasat_Individual_Sats.satellite[0].dlkDSL.mac,Repetition Generation Delay for Node 583 at Satellite,,,"270.4479966328 402.91236370861 517.25255322307","39.4479966328 56.91236370861 56.25255322307"
General-110-20260718-15:07:35-5193,vector,Florasat_Individual_Sats.satellite[0].dlkDSL.mac,Message Generation Delay for Node 583 at Satellite,,,"270.4479966328 402.91236370861 517.25255322307","39.4479966328 56.91236370861 56.25255322307"
General-110-20260718-15:07:35-5193,vector,Florasat_Individual_Sats.satellite[0].dlkDSL.mac,Repetition Position for Node 688 at Satellite,,,"272.58310102199 284.81292590306 598.5555332484","180 180 180"
General-110-20260718-15:07:35-5193,vector,Florasat_Individual_Sats.satellite[0].dlkDSL.mac,Repetition Generation Delay for Node 688 at Satellite,,,"272.58310102199 284.81292590306 598.5555332484","41.58310102199 53.81292590306 22.5555332484"
General-110-20260718-15:07:35-5193,vector,Florasat_Individual_Sats.satellite[0].dlkDSL.mac,Message Generation Delay for Node 688 at Satellite,,,"272.58310102199 598.5555332484","41.58310102199 22.5555332484"
General-110-20260718-15:07:35-5193,vector,Florasat_Individual_Sats.satellite[0].dlkDSL.mac,Repetition Position for Node 298 at Satellite,,,"273.36461657267","180"
General-110-20260718-15:07:35-5193,vector,Florasat_Individual_Sats.satellite[0].dlkDSL.mac,Repetition Generation Delay for Node 298 at Satellite,,,"273.36461657267","42.36461657267"
General-110-20260718-15:07:35-5193,vector,Florasat_Individual_Sats.satellite[0].dlkDSL.mac,Message Generation Delay for Node 298 at Satellite,,,"273.36461657267","42.36461657267"
General-110-20260718-15:07:35-5193,vector,Florasat_Individual_Sats.satellite[0].dlkDSL.mac,Repetition Position for Node 238 at Satellite,,,"279.16382432583 385.6710668776 482.89111532404 494.50049286492 508.08880122046","180 180 180 180 180"
General-110-20260718-15:07:35-5193,vector,Florasat_Individual_Sats.satellite[0].dlkDSL.mac,Repetition Generation Delay for Node 238 at Satellite,,,"279.16382432583 385.6710668776 482.89111532404 494.50049286492 508.08880122046","48.16382432583 39.6710668776 21.89111532404 33.50049286492 47.08880122046"
General-110-20260718-15:07:35-5193,vector,Florasat_Individual_Sats.satellite[0].dlkDSL.mac,Message Generation Delay for Node 238 at Satellite,,,"279.16382432583 385.6710668776 482.89111532404","48.16382432583 39.6710668776 21.89111532404"
General-110-20260718-15:07:35-5193,vector,Florasat_Individual_Sats.satellite[0].dlkDSL.mac,Repetition Position for Node 133 at Satellite,,,"286.33019187222 371.3148371071 385.43530657179","180 180 180"
General-110-20260718-15:07:35-5193,vector,Florasat_Individual_Sats.satellite[0].dlkDSL.mac,Repetition Generation Delay for Node 133 at Satellite,,,"286.33019187222 371.3148371071 385.43530657179","55.33019187222 25.3148371071 39.43530657179"
General-110-20260718-15:07:35-5193,vector,Florasat_Individual_Sats.satellite[0].dlkDSL.mac,Message Generation Delay for Node 133 at Satellite,,,"286.33019187222 371.3148371071","55.33019187222 25.3148371071"
General-110-20260718-15:07:35-5193,vector,Florasat_Individual_Sats.satellite[0].dlkDSL.mac,Repetition Position for Node 148 at Satellite,,,"361.81968769608 389.67894281578 403.98210992539 499.62336635044","180 180 180 180"
General-110-20260718-15:07:35-5193,vector,Florasat_Individual_Sats.satellite[0].dlkDSL.mac,Repetition Generation Delay for Node 148 at Satellite,,,"361.81968769608 389.67894281578 403.98210992539 499.62336635044","15.81968769608 43.67894281578 57.98210992539 38.62336635044"
General-110-20260718-15:07:35-5193,vector,Florasat_Individual_Sats.satellite[0].dlkDSL.mac,Message Generation Delay for Node 148 at Satellite,,,"361.81968769608 499.62336635044","15.81968769608 38.62336635044"
General-110-20260718-15:07:35-5193,vector,Florasat_Individual_Sats.satellite[0].dlkDSL.mac,Repetition Position for Node 598 at Satellite,,,"367.53341114907 379.24477241411 518.06581704494","180 180 180"
General-110-20260718-15:07:35-5193,vector,Florasat_Individual_Sats.satellite[0].dlkDSL.mac,Repetition Generation Delay for Node 598 at Satellite,,,"367.53341114907 379.24477241411 518.06581704494","21.53341114907 33.24477241411 57.06581704494"
General-110-20260718-15:07:35-5193,vector,Florasat_Individual_Sats.satellite[0].dlkDSL.mac,Message Generation Delay for Node 598 at Satellite,,,"367.53341114907 518.06581704494","21.53341114907 57.06581704494"
General-110-20260718-15:07:35-5193,vector,Florasat_Individual_Sats.satellite[0].dlkDSL.mac,Repetition Position for Node 118 at Satellite,,,"368.17863008118 381.34612046642","180 180"
General-110-20260718-15:07:35-5193,vector,Florasat_Individual_Sats.satellite[0].dlkDSL.mac,Repetition Generation Delay for Node 118 at Satellite,,,"368.17863008118 381.34612046642","22.17863008118 35.34612046642"
General-110-20260718-15:07:35-5193,vector,Florasat_Individual_Sats.satellite[0].dlkDSL.mac,Message Generation Delay for Node 118 at Satellite,,,"368.17863008118","22.17863008118"
General-110-20260718-15:07:35-5193,vector,Florasat_Individual_Sats.satellite[0].dlkDSL.mac,Repetition Position for Node 628 at Satellite,,,"372.52287143948 396.69852205775 473.18706453 483.72323902361 494.49128544344 505.1288940866 599.44803877537 623.25518348873 707.67775472686 731.01818016465","180 180 180 180 180 180 180 180 180 180"
General-110-20260718-15:07:35-5193,vector,Florasat_Individual_Sats.satellite[0].dlkDSL.mac,Repetition Generation Delay for Node 628 at Satellite,,,"372.52287143948 396.69852205775 473.18706453 483.72323902361 494.49128544344 505.1288940866 599.44803877537 623.25518348873 707.67775472686 731.01818016465","26.52287143948 50.69852205775 12.18706453 22.72323902361 33.49128544344 44.1288940866 23.44803877537 47.25518348873 16.67775472686 40.01818016465"
General-110-20260718-15:07:35-5193,vector,Florasat_Individual_Sats.satellite[0].dlkDSL.mac,Message Generation Delay for Node 628 at Satellite,,,"372.52287143948 473.18706453 599.44803877537 707.67775472686","26.52287143948 12.18706453 23.44803877537 16.67775472686"
General-110-20260718-15:07:35-5193,vector,Florasat_Individual_Sats.satellite[0].dlkDSL.mac,Repetition Position for Node 283 at Satellite,,,"373.31177320181 386.39672994813 508.62796493842 630.41253037531","180 180 180 180"
General-110-20260718-15:07:35-5193,vector,Florasat_Individual_Sats.satellite[0].dlkDSL.mac,Repetition Generation Delay for Node 283 at Satellite,,,"373.31177320181 386.39672994813 508.62796493842 630.41253037531","27.31177320181 40.39672994813 47.62796493842 54.41253037531"
General-110-20260718-15:07:35-5193,vector,Florasat_Individual_Sats.satellite[0].dlkDSL.mac,Message Generation Delay for Node 283 at Satellite,,,"373.31177320181 508.62796493842 630.41253037531","27.31177320181 47.62796493842 54.41253037531"
General-110-20260718-15:07:35-5193,vector,Florasat_Individual_Sats.satellite[0].dlkDSL.mac,Repetition Position for Node 613 at Satellite,,,"377.03237213082","180"
General-110-20260718-15:07:35-5193,vector,Florasat_Individual_Sats.satellite[0].dlkDSL.mac,Repetition Generation Delay for Node 613 at Satellite,,,"377.03237213082","31.03237213082"
General-110-20260718-15:07:35-5193,vector,Florasat_Individual_Sats.satellite[0].dlkDSL.mac,Message Generation Delay for Node 613 at Satellite,,,"377.03237213082","31.03237213082"
General-110-20260718-15:07:35-5193,vector,Florasat_Individual_Sats.satellite[0].dlkDSL.mac,Repetition Position for Node 208 at Satellite,,,"384.2642461859 486.42051293365 501.28183069606 515.27874580901 704.47650613929 725.68344906406","180 180 180 180 180 180"
General-110-20260718-15:07:35-5193,vector,Florasat_Individual_Sats.satellite[0].dlkDSL.mac,Repetition Generation Delay for Node 208 at Satellite,,,"384.2642461859 486.42051293365 501.28183069606 515.27874580901 704.47650613929 725.68344906406","38.2642461859 25.42051293365 40.28183069606 54.27874580901 13.47650613929 34.68344906406"
General-110-20260718-15:07:35-5193,vector,Florasat_Individual_Sats.satellite[0].dlkDSL.mac,Message Generation Delay for Node 208 at Satellite,,,"384.2642461859 486.42051293365 704.47650613929","38.2642461859 25.42051293365 13.47650613929"
General-110-20260718-15:07:35-5193,vector,Florasat_Individual_Sats.satellite[0].dlkDSL.mac,Repetition Position for Node 733 at Satellite,,,"399.77080850642 611.96931830854 703.63948700777 726.72753226887 738.91329759908","180 180 180 180 180"
General-110-20260718-15:07:35-5193,vector,Florasat_Individual_Sats.satellite[0].dlkDSL.mac,Repetition Generation Delay for Node 733 at Satellite,,,"399.77080850642 611.96931830854 703.63948700777 726.72753226887 738.91329759908","53.77080850642 35.96931830854 12.63948700777 35.72753226887 47.91329759908"
General-110-20260718-15:07:35-5193,vector,Florasat_Individual_Sats.satellite[0].dlkDSL.mac,Message Generation Delay for Node 733 at Satellite,,,"399.77080850642 611.96931830854 703.63948700777","53.77080850642 35.96931830854 12.63948700777"
General-110-20260718-15:07:35-5193,vector,Florasat_Individual_Sats.satellite[0].dlkDSL.mac,Repetition Position for Node 268 at Satellite,,,"404.80633288951 625.69080090199","180 180"
General-110-20260718-15:07:35-5193,vector,Florasat_Individual_Sats.satellite[0].dlkDSL.mac,Repetition Generation Delay for Node 268 at Satellite,,,"404.80633288951 625.69080090199","58.80633288951 49.69080090199"
General-110-20260718-15:07:35-5193,vector,Florasat_Individual_Sats.satellite[0].dlkDSL.mac,Message Generation Delay for Node 268 at Satellite,,,"404.80633288951 625.69080090199","58.80633288951 49.69080090199"
General-110-20260718-15:07:35-5193,vector,Florasat_Individual_Sats.satellite[0].dlkDSL.mac,Repetition Position for Node 178 at Satellite,,,"475.22535835359 485.28053124052 497.93748387102 511.01208246163 597.76151677933 607.88962738346","180 180 180 180 180 180"
General-110-20260718-15:07:35-5193,vector,Florasat_Individual_Sats.satellite[0].dlkDSL.mac,Repetition Generation Delay for Node 178 at Satellite,,,"475.22535835359 485.28053124052 497.93748387102 511.01208246163 597.76151677933 607.88962738346","14.22535835359 24.28053124052 36.93748387102 50.01208246163 21.76151677933 31.88962738346"
General-110-20260718-15:07:35-5193,vector,Florasat_Individual_Sats.satellite[0].dlkDSL.mac,Message Generation Delay for Node 178 at Satellite,,,"475.22535835359 597.76151677933","14.22535835359 21.76151677933"
General-110-20260718-15:07:35-5193,vector,Florasat_Individual_Sats.satellite[0].dlkDSL.mac,Repetition Position for Node 658 at Satellite,,,"475.7792966172 511.28736749984 576.97139553207 589.39989722281 600.30830432259 615.07009053085 625.78007220937 705.23249972535 718.52442256215 729.21923136961","180 180 180 180 180 180 180 180 180 180"
General-110-20260718-15:07:35-5193,vector,Florasat_Individual_Sats.satellite[0].dlkDSL.mac,Repetition Generation Delay for Node 658 at Satellite,,,"475.7792966172 511.28736749984 576.97139553207 589.39989722281 600.30830432259 615.07009053085 625.78007220937 705.23249972535 718.52442256215 729.21923136961","14.7792966172 50.28736749984 0.97139553207001 13.39989722281 24.30830432259 39.07009053085 49.78007220937 14.23249972535 27.52442256215 38.21923136961"
General-110-20260718-15:07:35-5193,vector,Florasat_Individual_Sats.satellite[0].dlkDSL.mac,Message Generation Delay for Node 658 at Satellite,,,"475.7792966172 576.97139553207 705.23249972535","14.7792966172 0.97139553207001 14.23249972535"
General-110-20260718-15:07:35-5193,vector,Florasat_Individual_Sats.satellite[0].dlkDSL.mac,Repetition Position for Node 193 at Satellite,,,"478.15774211035 493.01821277317 503.56807262943 578.27031650584 592.99754781768 606.54621293422 634.65752806285","180 180 180 180 180 180 180"
General-110-20260718-15:07:35-5193,vector,Florasat_Individual_Sats.satellite[0].dlkDSL.mac,Repetition Generation Delay for Node 193 at Satellite,,,"478.15774211035 493.01821277317 503.56807262943 578.27031650584 592.99754781768 606.54621293422 634.65752806285","17.15774211035 32.01821277317 42.56807262943 2.27031650584 16.99754781768 30.54621293422 58.65752806285"
General-110-20260718-15:07:35-5193,vector,Florasat_Individual_Sats.satellite[0].dlkDSL.mac,Message Generation Delay for Node 193 at Satellite,,,"478.15774211035 578.27031650584","17.15774211035 2.27031650584"
General-110-20260718-15:07:35-5193,vector,Florasat_Individual_Sats.satellite[0].dlkDSL.mac,Repetition Position for Node 958 at Satellite,,,"512.26830584057 706.64107056278 717.3014446156 731.85124470912 743.66881567928","180 180 180 180 180"
General-110-20260718-15:07:35-5193,vector,Florasat_Individual_Sats.satellite[0].dlkDSL.mac,Repetition Generation Delay for Node 958 at Satellite,,,"512.26830584057 706.64107056278 717.3014446156 731.85124470912 743.66881567928","51.26830584057 15.64107056278 26.3014446156 40.85124470912 52.66881567928"
General-110-20260718-15:07:35-5193,vector,Florasat_Individual_Sats.satellite[0].dlkDSL.mac,Message Generation Delay for Node 958 at Satellite,,,"512.26830584057 706.64107056278","51.26830584057 15.64107056278"
General-110-20260718-15:07:35-5193,vector,Florasat_Individual_Sats.satellite[0].dlkDSL.mac,Repetition Position for Node 928 at Satellite,,,"517.5499338303 744.5756876618","180 180"
General-110-20260718-15:07:35-5193,vector,Florasat_Individual_Sats.satellite[0].dlkDSL.mac,Repetition Generation Delay for Node 928 at Satellite,,,"517.5499338303 744.5756876618","56.5499338303 53.5756876618"
General-110-20260718-15:07:35-5193,vector,Florasat_Individual_Sats.satellite[0].dlkDSL.mac,Message Generation Delay for Node 928 at Satellite,,,"517.5499338303 744.5756876618","56.5499338303 53.5756876618"
General-110-20260718-15:07:35-5193,vector,Florasat_Individual_Sats.satellite[0].dlkDSL.mac,Repetition Position for Node 508 at Satellite,,,"719.45038641388 742.64543019752","180 180"
General-110-20260718-15:07:35-5193,vector,Florasat_Individual_Sats.satellite[0].dlkDSL.mac,Repetition Generation Delay for Node 508 at Satellite,,,"719.45038641388 742.64543019752","28.45038641388 51.64543019752"
General-110-20260718-15:07:35-5193,vector,Florasat_Individual_Sats.satellite[0].dlkDSL.mac,Message Generation Delay for Node 508 at Satellite,,,"719.45038641388","28.45038641388"
General-110-20260718-15:07:35-5193,vector,Florasat_Individual_Sats.satellite[0].dlkDSL.mac,Repetition Position for Node 643 at Satellite,,,"721.25090298014","180"
General-110-20260718-15:07:35-5193,vector,Florasat_Individual_Sats.satellite[0].dlkDSL.mac,Repetition Generation Delay for Node 643 at Satellite,,,"721.25090298014","30.25090298014"
General-110-20260718-15:07:35-5193,vector,Florasat_Individual_Sats.satellite[0].dlkDSL.mac,Message Generation Delay for Node 643 at Satellite,,,"721.25090298014","30.25090298014"
