run,type,module,name,attrname,attrvalue,vectime,vecvalue
General-129-20260718-15:11:12-5193,runattr,,,configname,General,,
General-129-20260718-15:11:12-5193,runattr,,,datetime,20260718-15:11:12,,
General-129-20260718-15:11:12-5193,runattr,,,datetimef,20260718-151112,,
General-129-20260718-15:11:12-5193,runattr,,,experiment,General,,
General-129-20260718-15:11:12-5193,runattr,,,inifile,Test_MLModel_1.ini,,
General-129-20260718-15:11:12-5193,runattr,,,iterationvars,"$myraan=175, $threshold=0.30, $0=92115",,
General-129-20260718-15:11:12-5193,runattr,,,iterationvarsd,myraan=175/threshold=0.30/92115,,
General-129-20260718-15:11:12-5193,runattr,,,iterationvarsf,"myraan=175,threshold=0.30,92115-",,
General-129-20260718-15:11:12-5193,runattr,,,measurement,"$myraan=175, $threshold=0.30, $0=92115",,
General-129-20260718-15:11:12-5193,runattr,,,network,Florasat.Test_Individual.Florasat_Individual_Sats,,
General-129-20260718-15:11:12-5193,runattr,,,processid,5193,,
General-129-20260718-15:11:12-5193,runattr,,,repetition,9,,
General-129-20260718-15:11:12-5193,runattr,,,replication,#9,,
General-129-20260718-15:11:12-5193,runattr,,,resultdir,results,,
General-129-20260718-15:11:12-5193,runattr,,,runnumber,129,,
General-129-20260718-15:11:12-5193,runattr,,,seedset,129,,
General-129-20260718-15:11:12-5193,itervar,,,myraan,175,,
General-129-20260718-15:11:12-5193,itervar,,,threshold,0.30,,
General-129-20260718-15:11:12-5193,config,,,*.stats_altitude,670,,
General-129-20260718-15:11:12-5193,config,,,*.stats_raan,185,,
General-129-20260718-15:11:12-5193,config,,,image-path,../../images:../../../../samples/inet4.5_2/images,,
General-129-20260718-15:11:12-5193,config,,,network,Florasat.Test_Individual.Florasat_Individual_Sats,,
General-129-20260718-15:11:12-5193,config,,,rng-class,cMersenneTwister,,
General-129-20260718-15:11:12-5193,config,,,*.**.result-recording-modes,-,,
General-129-20260718-15:11:12-5193,config,,,**.result-recording-modes,-,,
General-129-20260718-15:11:12-5193,config,,,**.statistic-recording,true,,
General-129-20260718-15:11:12-5193,config,,,**.scalar-recording,true,,
General-129-20260718-15:11:12-5193,config,,,**.vector-recording,true,,
General-129-20260718-15:11:12-5193,config,,,**.vector-record-eventnumbers,true,,
General-129-20260718-15:11:12-5193,config,,,repeat,10,,
General-129-20260718-15:11:12-5193,config,,,seed-0-mt,92115,,
General-129-20260718-15:11:12-5193,config,,,sim-time-limit,749s,,
General-129-20260718-15:11:12-5193,config,,,simtime-resolution,-11,,
General-129-20260718-15:11:12-5193,config,,,**.stats_altitude,670,,
General-129-20260718-15:11:12-5193,config,,,**.stats_raan,185,,
General-129-20260718-15:11:12-5193,config,,,*.radioMedium.backgroundNoise.power,-110dBm,,
General-129-20260718-15:11:12-5193,config,,,*.radioMedium.mediumLimitCache.centerFrequency,868MHz,,
General-129-20260718-15:11:12-5193,config,,,*.radioMedium.mediumLimitCache.maxTransmissionDuration,4s,,
General-129-20260718-15:11:12-5193,config,,,*.radioMedium.mediumLimitCache.minInterferenceTime,0s,,
General-129-20260718-15:11:12-5193,config,,,**.numSatellites,1,,
General-129-20260718-15:11:12-5193,config,,,*.satellite[*].mobilityType,"""Sat_Mob_SatelliteMobility_Standalone""",,
General-129-20260718-15:11:12-5193,config,,,*.satellite[*].noradModuleType,"""Sat_Mob_NoradA""",,
General-129-20260718-15:11:12-5193,config,,,**.satellite[*].**.initFromDisplayString,false,,
General-129-20260718-15:11:12-5193,config,,,*.satellite[*].mobility.faceForward,true,,
General-129-20260718-15:11:12-5193,config,,,*.satellite[*].mobility.updateInterval,20s,,
General-129-20260718-15:11:12-5193,config,,,*.satellite[*].NoradModule.satName,"""FLoRaSat""",,
General-129-20260718-15:11:12-5193,config,,,*.satellite[*].NoradModule.satIndex,-1,,
General-129-20260718-15:11:12-5193,config,,,*.satellite[*].NoradModule.baseYear,20,,
General-129-20260718-15:11:12-5193,config,,,*.satellite[*].NoradModule.baseDay,1.5,,
General-129-20260718-15:11:12-5193,config,,,*.satellite[*].NoradModule.planes,1,,
General-129-20260718-15:11:12-5193,config,,,*.satellite[*].NoradModule.satPerPlane,1,,
General-129-20260718-15:11:12-5193,config,,,*.satellite[*].NoradModule.eccentricity,0.000001,,
General-129-20260718-15:11:12-5193,config,,,*.satellite[*].NoradModule.inclination,98,,
General-129-20260718-15:11:12-5193,config,,,*.satellite[*].NoradModule.altitude,670,,
General-129-20260718-15:11:12-5193,config,,,*.satellite[0].NoradModule.raan,175,,
General-129-20260718-15:11:12-5193,config,,,*.satellite[0].NoradModule.meanAnomaly,195,,
General-129-20260718-15:11:12-5193,config,,,*.satellite[*].phyDSL.radio.receiver.enableCollisionOverlap,true,,
General-129-20260718-15:11:12-5193,config,,,*.satellite[*].phyDSL.radio.receiver.minCollisionOverlap,0s,,
General-129-20260718-15:11:12-5193,config,,,*.satellite[*].phyDSL.radio.antenna.typename,ConstantGainAntenna,,
General-129-20260718-15:11:12-5193,config,,,*.satellite[*].phyDSL.radio.antenna.mobilityModule,"""^.^.^.mobility""",,
General-129-20260718-15:11:12-5193,config,,,*.satellite[*].phyISL.radio.antenna.mobilityModule,"""^.^.^.mobility""",,
General-129-20260718-15:11:12-5193,config,,,*.satellite[*].phyGSL.radio.antenna.mobilityModule,"""^.^.^.mobility""",,
General-129-20260718-15:11:12-5193,config,,,*.satellite[*].phyDSL.radio.antenna.gain,12dB,,
General-129-20260718-15:11:12-5193,config,,,*.satellite[*].net.routingType,"""Null_Routing""",,
General-129-20260718-15:11:12-5193,config,,,*.terminal[*].net.routingType,"""Ter_Null_Routing""",,
General-129-20260718-15:11:12-5193,config,,,*.**.numGroundLinks,40,,
General-129-20260718-15:11:12-5193,config,,,*.satellite[*].**.interfaceTableModule,"""""",,
General-129-20260718-15:11:12-5193,config,,,**.radioMedium.typename,LoRaMedium,,
General-129-20260718-15:11:12-5193,config,,,**.radioMedium.analogModel.typename,LoRaAnalogModel,,
General-129-20260718-15:11:12-5193,config,,,**.intraPlaneIslDisabled,false,,
General-129-20260718-15:11:12-5193,config,,,**.interPlaneIslDisabled,false,,
General-129-20260718-15:11:12-5193,config,,,**.numTerminals,60,,
General-129-20260718-15:11:12-5193,config,,,*.terminal[*].phy.radio.antenna.mobilityModule,"""^.^.^.mob""",,
General-129-20260718-15:11:12-5193,config,,,*.terminal[*].dlk.mac.interfaceTableModule,"""""",,
General-129-20260718-15:11:12-5193,config,,,*.terminal[*].dlk.energySourceModule,"""""",,
General-129-20260718-15:11:12-5193,config,,,*.terminal[*].dlk.mac.LoRaTP,"intuniform(12, 14)",,
General-129-20260718-15:11:12-5193,config,,,*.terminal[*].dlk.mac.LoRaSF,"intuniform(10, 12)",,
General-129-20260718-15:11:12-5193,config,,,*.terminal[*].dlk.mac.useMLBox,true,,
General-129-20260718-15:11:12-5193,config,,,*.terminal[*].dlk.mac.mlBox.modelPath,"""/home/ylnner/Documents/omnet++/omnetpp-6.3.0/projects/florasat_v4_ult_routing/simulations/Test_Individual/mlmodels/transformer_scripted.pt""",,
General-129-20260718-15:11:12-5193,config,,,*.terminal[*].dlk.mac.mlBox.threshold,0.30,,
General-129-20260718-15:11:12-5193,config,,,**.numberOfPacketsToSend,0,,
General-129-20260718-15:11:12-5193,config,,,**.timeToFirstPacket,1s,,
General-129-20260718-15:11:12-5193,config,,,**.timeToNextPacket,115s,,
General-129-20260718-15:11:12-5193,config,,,*.terminal[0].mob.radius,0.0,,
General-129-20260718-15:11:12-5193,config,,,*.terminal[0].mob.centerLatitude,54.978,,
General-129-20260718-15:11:12-5193,config,,,*.terminal[0].mob.centerLongitude,-1.617,,
General-129-20260718-15:11:12-5193,config,,,*.terminal[1].mob.radius,0.0,,
General-129-20260718-15:11:12-5193,config,,,*.terminal[1].mob.centerLatitude,52.630,,
General-129-20260718-15:11:12-5193,config,,,*.terminal[1].mob.centerLongitude,-1.139,,
General-129-20260718-15:11:12-5193,config,,,*.terminal[2].mob.radius,0.0,,
General-129-20260718-15:11:12-5193,config,,,*.terminal[2].mob.centerLatitude,52.612,,
General-129-20260718-15:11:12-5193,config,,,*.terminal[2].mob.centerLongitude,-6.295,,
General-129-20260718-15:11:12-5193,config,,,*.terminal[3].mob.radius,0.0,,
General-129-20260718-15:11:12-5193,config,,,*.terminal[3].mob.centerLatitude,47.243,,
General-129-20260718-15:11:12-5193,config,,,*.terminal[3].mob.centerLongitude,6.024,,
General-129-20260718-15:11:12-5193,config,,,*.terminal[4].mob.radius,0.0,,
General-129-20260718-15:11:12-5193,config,,,*.terminal[4].mob.centerLatitude,43.610,,
General-129-20260718-15:11:12-5193,config,,,*.terminal[4].mob.centerLongitude,3.876,,
General-129-20260718-15:11:12-5193,config,,,*.terminal[5].mob.radius,0.0,,
General-129-20260718-15:11:12-5193,config,,,*.terminal[5].mob.centerLatitude,49.443,,
General-129-20260718-15:11:12-5193,config,,,*.terminal[5].mob.centerLongitude,1.099,,
General-129-20260718-15:11:12-5193,config,,,*.terminal[6].mob.radius,0.0,,
General-129-20260718-15:11:12-5193,config,,,*.terminal[6].mob.centerLatitude,37.992,,
General-129-20260718-15:11:12-5193,config,,,*.terminal[6].mob.centerLongitude,-1.130,,
General-129-20260718-15:11:12-5193,config,,,*.terminal[7].mob.radius,0.0,,
General-129-20260718-15:11:12-5193,config,,,*.terminal[7].mob.centerLatitude,40.965,,
General-129-20260718-15:11:12-5193,config,,,*.terminal[7].mob.centerLongitude,-5.664,,
General-129-20260718-15:11:12-5193,config,,,*.terminal[8].mob.radius,0.0,,
General-129-20260718-15:11:12-5193,config,,,*.terminal[8].mob.centerLatitude,40.657,,
General-129-20260718-15:11:12-5193,config,,,*.terminal[8].mob.centerLongitude,-7.914,,
General-129-20260718-15:11:12-5193,config,,,*.terminal[9].mob.radius,0.0,,
General-129-20260718-15:11:12-5193,config,,,*.terminal[9].mob.centerLatitude,51.340,,
General-129-20260718-15:11:12-5193,config,,,*.terminal[9].mob.centerLongitude,12.373,,
General-129-20260718-15:11:12-5193,config,,,*.terminal[10].mob.radius,0.0,,
General-129-20260718-15:11:12-5193,config,,,*.terminal[10].mob.centerLatitude,51.455,,
General-129-20260718-15:11:12-5193,config,,,*.terminal[10].mob.centerLongitude,7.011,,
General-129-20260718-15:11:12-5193,config,,,*.terminal[11].mob.radius,0.0,,
General-129-20260718-15:11:12-5193,config,,,*.terminal[11].mob.centerLatitude,49.452,,
General-129-20260718-15:11:12-5193,config,,,*.terminal[11].mob.centerLongitude,11.076,,
General-129-20260718-15:11:12-5193,config,,,*.terminal[12].mob.radius,0.0,,
General-129-20260718-15:11:12-5193,config,,,*.terminal[12].mob.centerLatitude,43.769,,
General-129-20260718-15:11:12-5193,config,,,*.terminal[12].mob.centerLongitude,11.255,,
General-129-20260718-15:11:12-5193,config,,,*.terminal[13].mob.radius,0.0,,
General-129-20260718-15:11:12-5193,config,,,*.terminal[13].mob.centerLatitude,41.117,,
General-129-20260718-15:11:12-5193,config,,,*.terminal[13].mob.centerLongitude,16.871,,
General-129-20260718-15:11:12-5193,config,,,*.terminal[14].mob.radius,0.0,,
General-129-20260718-15:11:12-5193,config,,,*.terminal[14].mob.centerLatitude,52.132,,
General-129-20260718-15:11:12-5193,config,,,*.terminal[14].mob.centerLongitude,5.291,,
General-129-20260718-15:11:12-5193,config,,,*.terminal[15].mob.radius,0.0,,
General-129-20260718-15:11:12-5193,config,,,*.terminal[15].mob.centerLatitude,50.411,,
General-129-20260718-15:11:12-5193,config,,,*.terminal[15].mob.centerLongitude,4.444,,
General-129-20260718-15:11:12-5193,config,,,*.terminal[16].mob.radius,0.0,,
General-129-20260718-15:11:12-5193,config,,,*.terminal[16].mob.centerLatitude,47.559,,
General-129-20260718-15:11:12-5193,config,,,*.terminal[16].mob.centerLongitude,7.588,,
General-129-20260718-15:11:12-5193,config,,,*.terminal[17].mob.radius,0.0,,
General-129-20260718-15:11:12-5193,config,,,*.terminal[17].mob.centerLatitude,55.403,,
General-129-20260718-15:11:12-5193,config,,,*.terminal[17].mob.centerLongitude,10.402,,
General-129-20260718-15:11:12-5193,config,,,*.terminal[18].mob.radius,0.0,,
General-129-20260718-15:11:12-5193,config,,,*.terminal[18].mob.centerLatitude,59.858,,
General-129-20260718-15:11:12-5193,config,,,*.terminal[18].mob.centerLongitude,17.638,,
General-129-20260718-15:11:12-5193,config,,,*.terminal[19].mob.radius,0.0,,
General-129-20260718-15:11:12-5193,config,,,*.terminal[19].mob.centerLatitude,60.451,,
General-129-20260718-15:11:12-5193,config,,,*.terminal[19].mob.centerLongitude,22.266,,
General-129-20260718-15:11:12-5193,config,,,*.terminal[20].mob.radius,0.0,,
General-129-20260718-15:11:12-5193,config,,,*.terminal[20].mob.centerLatitude,56.325,,
General-129-20260718-15:11:12-5193,config,,,*.terminal[20].mob.centerLongitude,22.349,,
General-129-20260718-15:11:12-5193,config,,,*.terminal[21].mob.radius,0.0,,
General-129-20260718-15:11:12-5193,config,,,*.terminal[21].mob.centerLatitude,49.883,,
General-129-20260718-15:11:12-5193,config,,,*.terminal[21].mob.centerLongitude,18.568,,
General-129-20260718-15:11:12-5193,config,,,*.terminal[22].mob.radius,0.0,,
General-129-20260718-15:11:12-5193,config,,,*.terminal[22].mob.centerLatitude,47.531,,
General-129-20260718-15:11:12-5193,config,,,*.terminal[22].mob.centerLongitude,21.627,,
General-129-20260718-15:11:12-5193,config,,,*.terminal[23].mob.radius,0.0,,
General-129-20260718-15:11:12-5193,config,,,*.terminal[23].mob.centerLatitude,44.179,,
General-129-20260718-15:11:12-5193,config,,,*.terminal[23].mob.centerLongitude,28.649,,
General-129-20260718-15:11:12-5193,config,,,*.terminal[24].mob.radius,0.0,,
General-129-20260718-15:11:12-5193,config,,,*.terminal[24].mob.centerLatitude,45.327,,
General-129-20260718-15:11:12-5193,config,,,*.terminal[24].mob.centerLongitude,14.442,,
General-129-20260718-15:11:12-5193,config,,,*.terminal[25].mob.radius,0.0,,
General-129-20260718-15:11:12-5193,config,,,*.terminal[25].mob.centerLatitude,40.694,,
General-129-20260718-15:11:12-5193,config,,,*.terminal[25].mob.centerLongitude,30.400,,
General-129-20260718-15:11:12-5193,config,,,*.terminal[26].mob.radius,0.0,,
General-129-20260718-15:11:12-5193,config,,,*.terminal[26].mob.centerLatitude,37.066,,
General-129-20260718-15:11:12-5193,config,,,*.terminal[26].mob.centerLongitude,37.383,,
General-129-20260718-15:11:12-5193,config,,,*.terminal[27].mob.radius,0.0,,
General-129-20260718-15:11:12-5193,config,,,*.terminal[27].mob.centerLatitude,64.836,,
General-129-20260718-15:11:12-5193,config,,,*.terminal[27].mob.centerLongitude,-23.708,,
General-129-20260718-15:11:12-5193,config,,,*.terminal[28].mob.radius,0.0,,
General-129-20260718-15:11:12-5193,config,,,*.terminal[28].mob.centerLatitude,28.099,,
General-129-20260718-15:11:12-5193,config,,,*.terminal[28].mob.centerLongitude,-17.113,,
General-129-20260718-15:11:12-5193,config,,,*.terminal[29].mob.radius,0.0,,
General-129-20260718-15:11:12-5193,config,,,*.terminal[29].mob.centerLatitude,34.921,,
General-129-20260718-15:11:12-5193,config,,,*.terminal[29].mob.centerLongitude,33.623,,
General-129-20260718-15:11:12-5193,config,,,*.terminal[30].mob.radius,0.0,,
General-129-20260718-15:11:12-5193,config,,,*.terminal[30].mob.centerLatitude,55.953,,
General-129-20260718-15:11:12-5193,config,,,*.terminal[30].mob.centerLongitude,-3.188,,
General-129-20260718-15:11:12-5193,config,,,*.terminal[31].mob.radius,0.0,,
General-129-20260718-15:11:12-5193,config,,,*.terminal[31].mob.centerLatitude,51.481,,
General-129-20260718-15:11:12-5193,config,,,*.terminal[31].mob.centerLongitude,-3.179,,
General-129-20260718-15:11:12-5193,config,,,*.terminal[32].mob.radius,0.0,,
General-129-20260718-15:11:12-5193,config,,,*.terminal[32].mob.centerLatitude,53.349,,
General-129-20260718-15:11:12-5193,config,,,*.terminal[32].mob.centerLongitude,-6.260,,
General-129-20260718-15:11:12-5193,config,,,*.terminal[33].mob.radius,0.0,,
General-129-20260718-15:11:12-5193,config,,,*.terminal[33].mob.centerLatitude,45.764,,
General-129-20260718-15:11:12-5193,config,,,*.terminal[33].mob.centerLongitude,4.835,,
General-129-20260718-15:11:12-5193,config,,,*.terminal[34].mob.radius,0.0,,
General-129-20260718-15:11:12-5193,config,,,*.terminal[34].mob.centerLatitude,48.573,,
General-129-20260718-15:11:12-5193,config,,,*.terminal[34].mob.centerLongitude,7.752,,
General-129-20260718-15:11:12-5193,config,,,*.terminal[35].mob.radius,0.0,,
General-129-20260718-15:11:12-5193,config,,,*.terminal[35].mob.centerLatitude,44.837,,
General-129-20260718-15:11:12-5193,config,,,*.terminal[35].mob.centerLongitude,-0.579,,
General-129-20260718-15:11:12-5193,config,,,*.terminal[36].mob.radius,0.0,,
General-129-20260718-15:11:12-5193,config,,,*.terminal[36].mob.centerLatitude,41.385,,
General-129-20260718-15:11:12-5193,config,,,*.terminal[36].mob.centerLongitude,2.173,,
General-129-20260718-15:11:12-5193,config,,,*.terminal[37].mob.radius,0.0,,
General-129-20260718-15:11:12-5193,config,,,*.terminal[37].mob.centerLatitude,41.157,,
General-129-20260718-15:11:12-5193,config,,,*.terminal[37].mob.centerLongitude,-8.629,,
General-129-20260718-15:11:12-5193,config,,,*.terminal[38].mob.radius,0.0,,
General-129-20260718-15:11:12-5193,config,,,*.terminal[38].mob.centerLatitude,37.389,,
General-129-20260718-15:11:12-5193,config,,,*.terminal[38].mob.centerLongitude,-5.984,,
General-129-20260718-15:11:12-5193,config,,,*.terminal[39].mob.radius,0.0,,
General-129-20260718-15:11:12-5193,config,,,*.terminal[39].mob.centerLatitude,53.551,,
General-129-20260718-15:11:12-5193,config,,,*.terminal[39].mob.centerLongitude,9.993,,
General-129-20260718-15:11:12-5193,config,,,*.terminal[40].mob.radius,0.0,,
General-129-20260718-15:11:12-5193,config,,,*.terminal[40].mob.centerLatitude,48.135,,
General-129-20260718-15:11:12-5193,config,,,*.terminal[40].mob.centerLongitude,11.582,,
General-129-20260718-15:11:12-5193,config,,,*.terminal[41].mob.radius,0.0,,
General-129-20260718-15:11:12-5193,config,,,*.terminal[41].mob.centerLatitude,50.110,,
General-129-20260718-15:11:12-5193,config,,,*.terminal[41].mob.centerLongitude,8.682,,
General-129-20260718-15:11:12-5193,config,,,*.terminal[42].mob.radius,0.0,,
General-129-20260718-15:11:12-5193,config,,,*.terminal[42].mob.centerLatitude,45.464,,
General-129-20260718-15:11:12-5193,config,,,*.terminal[42].mob.centerLongitude,9.190,,
General-129-20260718-15:11:12-5193,config,,,*.terminal[43].mob.radius,0.0,,
General-129-20260718-15:11:12-5193,config,,,*.terminal[43].mob.centerLatitude,40.851,,
General-129-20260718-15:11:12-5193,config,,,*.terminal[43].mob.centerLongitude,14.268,,
General-129-20260718-15:11:12-5193,config,,,*.terminal[44].mob.radius,0.0,,
General-129-20260718-15:11:12-5193,config,,,*.terminal[44].mob.centerLatitude,51.209,,
General-129-20260718-15:11:12-5193,config,,,*.terminal[44].mob.centerLongitude,3.224,,
General-129-20260718-15:11:12-5193,config,,,*.terminal[45].mob.radius,0.0,,
General-129-20260718-15:11:12-5193,config,,,*.terminal[45].mob.centerLatitude,48.208,,
General-129-20260718-15:11:12-5193,config,,,*.terminal[45].mob.centerLongitude,16.373,,
General-129-20260718-15:11:12-5193,config,,,*.terminal[46].mob.radius,0.0,,
General-129-20260718-15:11:12-5193,config,,,*.terminal[46].mob.centerLatitude,52.229,,
General-129-20260718-15:11:12-5193,config,,,*.terminal[46].mob.centerLongitude,21.012,,
General-129-20260718-15:11:12-5193,config,,,*.terminal[47].mob.radius,0.0,,
General-129-20260718-15:11:12-5193,config,,,*.terminal[47].mob.centerLatitude,59.913,,
General-129-20260718-15:11:12-5193,config,,,*.terminal[47].mob.centerLongitude,10.752,,
General-129-20260718-15:11:12-5193,config,,,*.terminal[48].mob.radius,0.0,,
General-129-20260718-15:11:12-5193,config,,,*.terminal[48].mob.centerLatitude,56.949,,
General-129-20260718-15:11:12-5193,config,,,*.terminal[48].mob.centerLongitude,24.105,,
General-129-20260718-15:11:12-5193,config,,,*.terminal[49].mob.radius,0.0,,
General-129-20260718-15:11:12-5193,config,,,*.terminal[49].mob.centerLatitude,59.437,,
General-129-20260718-15:11:12-5193,config,,,*.terminal[49].mob.centerLongitude,24.753,,
General-129-20260718-15:11:12-5193,config,,,*.terminal[50].mob.radius,0.0,,
General-129-20260718-15:11:12-5193,config,,,*.terminal[50].mob.centerLatitude,50.075,,
General-129-20260718-15:11:12-5193,config,,,*.terminal[50].mob.centerLongitude,14.437,,
General-129-20260718-15:11:12-5193,config,,,*.terminal[51].mob.radius,0.0,,
General-129-20260718-15:11:12-5193,config,,,*.terminal[51].mob.centerLatitude,42.697,,
General-129-20260718-15:11:12-5193,config,,,*.terminal[51].mob.centerLongitude,23.321,,
General-129-20260718-15:11:12-5193,config,,,*.terminal[52].mob.radius,0.0,,
General-129-20260718-15:11:12-5193,config,,,*.terminal[52].mob.centerLatitude,45.815,,
General-129-20260718-15:11:12-5193,config,,,*.terminal[52].mob.centerLongitude,15.981,,
General-129-20260718-15:11:12-5193,config,,,*.terminal[53].mob.radius,0.0,,
General-129-20260718-15:11:12-5193,config,,,*.terminal[53].mob.centerLatitude,40.640,,
General-129-20260718-15:11:12-5193,config,,,*.terminal[53].mob.centerLongitude,22.944,,
General-129-20260718-15:11:12-5193,config,,,*.terminal[54].mob.radius,0.0,,
General-129-20260718-15:11:12-5193,config,,,*.terminal[54].mob.centerLatitude,39.933,,
General-129-20260718-15:11:12-5193,config,,,*.terminal[54].mob.centerLongitude,32.859,,
General-129-20260718-15:11:12-5193,config,,,*.terminal[55].mob.radius,0.0,,
General-129-20260718-15:11:12-5193,config,,,*.terminal[55].mob.centerLatitude,38.419,,
General-129-20260718-15:11:12-5193,config,,,*.terminal[55].mob.centerLongitude,27.128,,
General-129-20260718-15:11:12-5193,config,,,*.terminal[56].mob.radius,0.0,,
General-129-20260718-15:11:12-5193,config,,,*.terminal[56].mob.centerLatitude,35.898,,
General-129-20260718-15:11:12-5193,config,,,*.terminal[56].mob.centerLongitude,14.514,,
General-129-20260718-15:11:12-5193,config,,,*.terminal[57].mob.radius,0.0,,
General-129-20260718-15:11:12-5193,config,,,*.terminal[57].mob.centerLatitude,65.683,,
General-129-20260718-15:11:12-5193,config,,,*.terminal[57].mob.centerLongitude,-18.087,,
General-129-20260718-15:11:12-5193,config,,,*.terminal[58].mob.radius,0.0,,
General-129-20260718-15:11:12-5193,config,,,*.terminal[58].mob.centerLatitude,28.463,,
General-129-20260718-15:11:12-5193,config,,,*.terminal[58].mob.centerLongitude,-16.251,,
General-129-20260718-15:11:12-5193,config,,,*.terminal[59].mob.radius,0.0,,
General-129-20260718-15:11:12-5193,config,,,*.terminal[59].mob.centerLatitude,35.185,,
General-129-20260718-15:11:12-5193,config,,,*.terminal[59].mob.centerLongitude,33.382,,
General-129-20260718-15:11:12-5193,config,,,**.numStations,3,,
General-129-20260718-15:11:12-5193,config,,,**.numStations,3,,
General-129-20260718-15:11:12-5193,config,,,*.station[0].mobility.latitude,55.752,,
General-129-20260718-15:11:12-5193,config,,,*.station[0].mobility.longitude,37.616,,
General-129-20260718-15:11:12-5193,config,,,*.station[0].cityName,"""Moscow""",,
General-129-20260718-15:11:12-5193,config,,,*.station[0].groundStationId,7,,
General-129-20260718-15:11:12-5193,config,,,*.station[0].routerAddr,"""10.0.0.29""",,
General-129-20260718-15:11:12-5193,config,,,*.station[0].serving,"""10.0.0.29""",,
General-129-20260718-15:11:12-5193,config,,,*.station[1].mobility.latitude,28.652,,
General-129-20260718-15:11:12-5193,config,,,*.station[1].mobility.longitude,77.231,,
General-129-20260718-15:11:12-5193,config,,,*.station[1].cityName,"""Delhi""",,
General-129-20260718-15:11:12-5193,config,,,*.station[1].groundStationId,11,,
General-129-20260718-15:11:12-5193,config,,,*.station[1].routerAddr,"""10.0.0.45""",,
General-129-20260718-15:11:12-5193,config,,,*.station[1].serving,"""10.0.0.45""",,
General-129-20260718-15:11:12-5193,config,,,*.station[2].mobility.latitude,25.35,,
General-129-20260718-15:11:12-5193,config,,,*.station[2].mobility.longitude,51.24,,
General-129-20260718-15:11:12-5193,config,,,*.station[2].cityName,"""Katar""",,
General-129-20260718-15:11:12-5193,config,,,*.station[2].groundStationId,19,,
General-129-20260718-15:11:12-5193,config,,,*.station[2].routerAddr,"""10.0.0.77""",,
General-129-20260718-15:11:12-5193,config,,,*.station[2].serving,"""10.0.0.77""",,
General-129-20260718-15:11:12-5193,config,,,*.visualizer.canvasVisualizer.mediumVisualizer.typename,,,
General-129-20260718-15:11:12-5193,config,,,*.visualizer.*.radioVisualizer.displayAntennaLobes,true,,
General-129-20260718-15:11:12-5193,config,,,*.visualizer.*.dataLinkVisualizer.displayLinks,true,,
General-129-20260718-15:11:12-5193,config,,,*.visualizer.*.mobilityVisualizer.displayMovementTrails,true,,
General-129-20260718-15:11:12-5193,config,,,*.visualizer.*.mobilityVisualizer.movementTrailLineWidth,1,,
General-129-20260718-15:11:12-5193,config,,,*.visualizer.*.mobilityVisualizer.trailLength,3000,,
General-129-20260718-15:11:12-5193,config,,,**.ttxStart_max,1s,,
General-129-20260718-15:11:12-5193,config,,,**.ttxIdle_min,10s,,
General-129-20260718-15:11:12-5193,config,,,**.ttxIdle_max,15s,,
General-129-20260718-15:11:12-5193,config,,,**.Ntw,1,,
General-129-20260718-15:11:12-5193,config,,,**.Ntx,5,,
General-129-20260718-15:11:12-5193,config,,,**.ttwDuration,100s,,
General-129-20260718-15:11:12-5193,config,,,output-scalar-file,results/results_florasat_ml_trf/transformer-raan-175-th-0.30-General-9.sca,,
General-129-20260718-15:11:12-5193,config,,,output-vector-file,results/results_florasat_ml_trf/transformer-raan-175-th-0.30-General-9.vec,,
General-129-20260718-15:11:12-5193,vector,Florasat_Individual_Sats.terminal[40].dlk.mac,vector_preds_Transformer,,,"1.00945447292 15.84677969059 29.31998248049 41.26095495955 54.59779171459 116.17718564975 129.38947439007 141.88333191024 154.7846832294 168.18852692656 231.30989773478 241.67406417941 253.06012644711 264.95049283071 278.84139038319 346.11653115205 356.37849711068 368.1022211893 380.22191270324 394.89434704138 461.03114164993 475.88675685436 489.59127875254 503.14754885598 514.80642042565 576.59335823706 589.04289853735 599.317113013 614.16432926524 626.89644526667 691.8405337166 706.47593895788 717.7166612877 731.24169144313 741.48751334286","5422001.1 5422002.1 5422003.1 5422004.1 5422005.1 5428001.1 5428002.1 5428003.1 5428004.1 5428005.1 5434001.1 5434002.1 5434003.1 5434004.1 5434005.1 5440001.1 5440002.1 5440003.1 5440004.1 5440005.1 5446001.1 5446002.1 5446003.1 5446004.1 5446005.1 5452001 5452002 5452003 5452004 5452005 5458001 5458002 5458003 5458004 5458005"
General-129-20260718-15:11:12-5193,vector,Florasat_Individual_Sats.terminal[43].dlk.mac,vector_preds_Transformer,,,"1.01426395704 13.1335690245 25.87244017515 37.17185146873 48.60331865492 116.297715466 130.85853107296 142.03106870199 156.87518229032 168.47061972156 231.04582821345 244.44027193217 258.77779783658 273.70697824029 288.07687012573 346.8552918497 359.8883655956 372.47622323199 384.99099283689 397.59523569816 461.9748437393 475.66932950867 490.58972237049 500.81270826747 515.12759081087 576.06220275862 587.89086834993 602.59814805002 616.8582948111 631.67982532876 691.91579562984 704.64253220614 717.71850838466 728.57728496683 739.176350469","5422301.1 5422302.1 5422303.1 5422304.1 5422305.1 5428301.1 5428302.1 5428303 5428304 5428305 5434301 5434302 5434303 5434304 5434305 5440301 5440302 5440303.1 5440304.1 5440305.1 5446301.1 5446302.1 5446303.1 5446304.1 5446305.1 5452301.1 5452302 5452303 5452304 5452305 5458301 5458302 5458303 5458304 5458305"
General-129-20260718-15:11:12-5193,vector,Florasat_Individual_Sats.terminal[3].dlk.mac,vector_preds_Transformer,,,"1.0511981782 14.76268802816 27.64655353781 38.61202208488 48.89051812398 116.75539648416 131.21489019622 146.16751960036 160.2128027766 173.76809843606 231.72803496616 245.81659399811 258.89098934037 270.96762890135 283.48674999572 346.28401179356 358.53780148342 369.57661648538 384.49501961494 396.6731801841 461.04833289655 473.50241140951 487.52832224383 500.34819603339 513.38727391465 576.4753701149 586.95344320801 598.14799430035 613.11262836866 624.9347642432 691.71301122243 704.5721456369 718.25851351559 730.07692545607 741.71678198922","5418301.1 5418302.1 5418303.1 5418304.1 5418305.1 5424301.1 5424302.1 5424303.1 5424304.1 5424305.1 5430301.1 5430302.1 5430303.1 5430304.1 5430305.1 5436301.1 5436302.1 5436303.1 5436304.1 5436305.1 5442301.1 5442302.1 5442303.1 5442304.1 5442305.1 5448301.1 5448302.1 5448303 5448304 5448305 5454301 5454302 5454303 5454304 5454305"
General-129-20260718-15:11:12-5193,vector,Florasat_Individual_Sats.terminal[7].dlk.mac,vector_preds_Transformer,,,"1.06787980627 14.33952616155 27.01680091536 37.20106208208 47.29949689331 116.44042012608 127.58072720585 140.04521107162 153.44508853718 167.49500398385 231.88968878752 246.75505544339 259.87361003459 271.52688387246 283.68132308289 346.07526258216 360.74115380877 375.54631907841 386.45317992544 398.01395826157 461.64164912514 473.41895152558 484.08689605048 496.92868717806 510.58324552117 576.87759737321 587.94673479232 600.0388929348 611.55180762825 624.34083253798 691.65929260105 703.03404662199 716.4955990985 728.11987782153 742.81568905711","5418701.1 5418702.1 5418703.1 5418704.1 5418705.1 5424701.1 5424702.1 5424703 5424704 5424705 5430701 5430702 5430703 5430704 5430705 5436701 5436702 5436703 5436704.1 5436705.1 5442701.1 5442702.1 5442703.1 5442704.1 5442705.1 5448701.1 5448702.1 5448703.1 5448704.1 5448705.1 5454701.1 5454702.1 5454703.1 5454704.1 5454705.1"
General-129-20260718-15:11:12-5193,vector,Florasat_Individual_Sats.terminal[39].dlk.mac,vector_preds_Transformer,,,"1.10804384435 14.88917792077 27.90407294385 41.90293888539 52.96276015324 116.07784721092 127.27616528654 139.58908697729 150.27348704076 161.20845733582 231.06823689211 245.42656675819 257.13205614965 270.31820640456 285.19970995396 346.7978030995 360.4930500295 372.58721940033 383.3533271756 393.96914132917 461.19724261248 473.73528491263 483.96033982536 497.6995376069 509.32845405791 576.41095278994 589.42076026089 600.14970622234 611.95676664681 625.98074251296 691.42208844959 704.32308931905 714.73108307645 724.9943113823 738.9215660696","5421901.1 5421902.1 5421903.1 5421904.1 5421905.1 5427901.1 5427902.1 5427903.1 5427904.1 5427905.1 5433901.1 5433902.1 5433903.1 5433904.1 5433905.1 5439901.1 5439902.1 5439903.1 5439904.1 5439905.1 5445901.1 5445902.1 5445903.1 5445904 5445905 5451901 5451902 5451903 5451904 5451905 5457901 5457902 5457903 5457904 5457905"
General-129-20260718-15:11:12-5193,vector,Florasat_Individual_Sats.terminal[8].dlk.mac,vector_preds_Transformer,,,"1.11962924246 15.59567415621 27.4599622807 37.85999467946 49.08703147085 116.97860271344 131.19894778146 142.08754881075 156.26990311569 170.09103657701 231.66227248521 245.68602328096 256.72274404928 271.05801297259 283.60770884343 346.71404475393 359.72686790792 372.06608610857 386.62611194235 400.60982976389 461.20171215199 471.35869735899 482.80234645517 493.6560502816 504.29463608703 576.22640441195 590.21832887106 602.95206766016 613.92242614435 625.78604237082 691.55857889401 705.1442447335 719.4435488102 732.49947227025 747.1523955448","5418801.1 5418802.1 5418803.1 5418804.1 5418805.1 5424801.1 5424802.1 5424803 5424804 5424805 5430801 5430802 5430803 5430804 5430805 5436801 5436802 5436803 5436804 5436805.1 5442801.1 5442802.1 5442803.1 5442804.1 5442805.1 5448801.1 5448802.1 5448803.1 5448804.1 5448805.1 5454801.1 5454802.1 5454803.1 5454804.1 5454805.1"
General-129-20260718-15:11:12-5193,vector,Florasat_Individual_Sats.terminal[33].dlk.mac,vector_preds_Transformer,,,"1.13112418493 11.77599469479 23.41137323808 37.07394789718 48.13388118101 116.06238061911 130.9393352014 141.04457999929 155.83032886847 169.94873911841 231.8012143001 244.81101642177 259.03449642053 271.91787462146 282.67692600307 346.47134038317 356.63430118165 368.16085706162 380.22639005142 394.97108124359 461.23322220519 475.59235729859 489.93298575398 500.31058356398 514.76189615204 576.92690407368 587.01130514126 597.44883514102 611.13140433421 622.53679125779 691.60123162763 702.81333555211 714.41751459241 724.79991956824 737.46234628349","5421301.1 5421302.1 5421303.1 5421304.1 5421305.1 5427301.1 5427302.1 5427303 5427304 5427305 5433301 5433302 5433303 5433304.1 5433305.1 5439301.1 5439302.1 5439303.1 5439304.1 5439305.1 5445301.1 5445302.1 5445303.1 5445304.1 5445305.1 5451301.1 5451302.1 5451303.1 5451304.1 5451305.1 5457301.1 5457302 5457303 5457304 5457305"
General-129-20260718-15:11:12-5193,vector,Florasat_Individual_Sats.terminal[18].dlk.mac,vector_preds_Transformer,,,"1.15106932563 13.70651731012 25.58460960142 38.31407745928 52.08652178152 116.03850680008 129.90286751138 141.8498860551 156.78146865172 168.06674694013 231.15223321528 246.09379681456 258.90156113356 273.22524596867 284.51486444147 346.54726197897 356.82344143116 370.66585387755 385.24724330357 398.03726027906 461.4720006932 474.51074774423 489.46443458483 502.46474007191 516.20063658967 576.14580093371 587.63476909441 601.18712348701 613.24893227267 624.49452696788 691.74155511684 705.76189862122 716.00783739495 728.44625305757 742.92185749533","5419801.1 5419802.1 5419803.1 5419804.1 5419805.1 5425801.1 5425802.1 5425803.1 5425804.1 5425805.1 5431801.1 5431802.1 5431803.1 5431804.1 5431805.1 5437801.1 5437802.1 5437803.1 5437804 5437805 5443801 5443802 5443803 5443804 5443805 5449801 5449802 5449803 5449804 5449805 5455801 5455802 5455803 5455804 5455805"
General-129-20260718-15:11:12-5193,vector,Florasat_Individual_Sats.terminal[41].dlk.mac,vector_preds_Transformer,,,"1.17387304618 11.70110724238 22.98466418241 33.57739578537 46.90915668104 116.33184730308 126.864223273 140.53008115151 155.40929381735 170.15716822002 231.80203309492 245.76116403076 258.33234002208 268.93615123909 283.34061541571 346.81665606168 359.62996296072 370.90349140763 381.11122738174 394.63427076535 461.59209203837 473.39958750923 487.62979807379 498.49026288768 512.74420430815 576.56673757639 587.04831756698 600.68417571881 613.18938941625 627.23400272941 691.86341234925 704.50523301353 714.70564030203 729.17068203538 743.64293686207","5422101.1 5422102.1 5422103.1 5422104.1 5422105.1 5428101.1 5428102.1 5428103.1 5428104.1 5428105.1 5434101.1 5434102.1 5434103.1 5434104.1 5434105.1 5440101.1 5440102.1 5440103.1 5440104.1 5440105.1 5446101.1 5446102.1 5446103.1 5446104.1 5446105.1 5452101 5452102 5452103 5452104 5452105 5458101 5458102 5458103 5458104 5458105"
General-129-20260718-15:11:12-5193,vector,Florasat_Individual_Sats.terminal[5].dlk.mac,vector_preds_Transformer,,,"1.21704925736 13.25495326612 26.75669961679 37.26666588872 47.77114273003 116.90119282808 128.41076796176 139.49710454675 151.90161965671 165.1455121371 231.98109281994 242.40375224547 257.20700181834 268.08626155648 282.82703169668 346.07140047685 356.58338342421 371.47494217009 384.69897318958 398.92075663992 461.69099442218 474.23672869009 487.70971873215 500.00127027182 510.51200608046 576.60046727513 591.27782823402 601.68837836711 613.87812576839 624.34586632299 691.76963013969 702.28017524839 716.9394735645 730.20548793743 744.01166400429","5418501.1 5418502.1 5418503.1 5418504.1 5418505.1 5424501.1 5424502.1 5424503.1 5424504.1 5424505.1 5430501.1 5430502.1 5430503.1 5430504.1 5430505.1 5436501.1 5436502.1 5436503.1 5436504.1 5436505.1 5442501.1 5442502.1 5442503.1 5442504.1 5442505.1 5448501.1 5448502.1 5448503 5448504 5448505 5454501 5454502 5454503 5454504 5454505"
General-129-20260718-15:11:12-5193,vector,Florasat_Individual_Sats.terminal[35].dlk.mac,vector_preds_Transformer,,,"1.22709167562 13.20675491262 25.13286342518 37.80227662669 48.09085886715 116.02010413841 127.86119548557 140.49572806409 151.22454828186 163.57203475501 231.0850854537 241.1559985315 254.79280805844 265.59693456208 276.4832715427 346.64721672609 357.99710539705 368.23577767424 381.98852057405 392.4197718345 461.49845873774 475.21055312897 485.46395362192 499.10918582417 511.09180591139 576.78948360449 588.0962143275 598.36679518875 608.67928649485 623.32582912012 691.26950214291 704.41131065157 718.84746453864 730.4969661918 744.4819464793","5421501.1 5421502.1 5421503.1 5421504.1 5421505.1 5427501.1 5427502.1 5427503 5427504 5427505 5433501 5433502 5433503.1 5433504.1 5433505.1 5439501.1 5439502.1 5439503.1 5439504.1 5439505.1 5445501.1 5445502.1 5445503.1 5445504.1 5445505.1 5451501.1 5451502.1 5451503.1 5451504.1 5451505.1 5457501.1 5457502.1 5457503 5457504 5457505"
General-129-20260718-15:11:12-5193,vector,Florasat_Individual_Sats.terminal[32].dlk.mac,vector_preds_Transformer,,,"1.22720087925 14.22937844344 28.75690989126 39.04214175348 53.75219516852 116.1626251752 130.43184847221 143.12067162943 155.34666622755 168.4708455298 231.41404123697 242.76773021859 257.58796289633 271.88391000917 285.37118924502 346.0769601611 360.48941439856 372.08197031892 385.86612155684 397.91623673541 461.20140343532 474.12110982789 487.4005521657 500.71816055431 515.58853044618 576.99501335225 589.44925617846 604.30258003599 615.03228843631 626.82289153524 691.81127502769 702.94590807473 717.45751395309 727.53489365638 742.06058589928","5421201.1 5421202.1 5421203.1 5421204.1 5421205.1 5427201.1 5427202.1 5427203.1 5427204.1 5427205.1 5433201.1 5433202.1 5433203.1 5433204.1 5433205.1 5439201.1 5439202.1 5439203.1 5439204.1 5439205.1 5445201.1 5445202.1 5445203.1 5445204.1 5445205.1 5451201 5451202 5451203 5451204 5451205 5457201 5457202 5457203 5457204 5457205"
General-129-20260718-15:11:12-5193,vector,Florasat_Individual_Sats.terminal[56].dlk.mac,vector_preds_Transformer,,,"1.22737139161 13.5169072419 26.91343806731 39.53728036653 53.30447749631 116.40725333383 126.4794700921 137.01333616883 147.1535377358 160.83401199103 231.26579754101 245.68860991089 258.48022479028 269.07819281611 283.56313357176 346.67384036304 359.63607832859 371.76687267679 383.118927398 396.36070449208 461.66117220023 471.88619730017 483.86765418412 497.42788947258 507.47752923589 576.95384730934 587.59314454743 598.29325601342 609.35217536636 624.28385111736 691.3108007987 705.8249460957 719.16436589137 730.91119673616 740.9948948985","5423601.1 5423602.1 5423603.1 5423604.1 5423605.1 5429601.1 5429602.1 5429603 5429604 5429605 5435601 5435602 5435603 5435604 5435605 5441601 5441602 5441603 5441604 5441605 5447601 5447602.1 5447603.1 5447604.1 5447605.1 5453601.1 5453602.1 5453603.1 5453604.1 5453605.1 5459601.1 5459602.1 5459603.1 5459604.1 5459605.1"
General-129-20260718-15:11:12-5193,vector,Florasat_Individual_Sats.terminal[47].dlk.mac,vector_preds_Transformer,,,"1.23262915062 16.10565691372 26.16604609415 39.35982986121 52.8275309573 116.18487176881 130.31322868937 142.42892191443 155.74939327129 167.06407226669 231.55601025443 245.60560018174 259.25931318198 274.10481266678 288.16914458411 346.25623607053 358.56719658337 371.89846298866 383.31643660878 395.56677336431 461.81423807424 474.58894180274 487.91127793398 499.54142654687 513.6594717463 576.87392506236 588.35580752999 603.21280368557 618.17491506878 630.92200174299 691.21063875314 701.83498833724 714.84800982685 728.91941212514 742.34202457057","5422701.1 5422702.1 5422703.1 5422704.1 5422705.1 5428701.1 5428702.1 5428703.1 5428704.1 5428705.1 5434701.1 5434702.1 5434703.1 5434704.1 5434705.1 5440701.1 5440702.1 5440703.1 5440704.1 5440705 5446701 5446702 5446703 5446704 5446705 5452701 5452702 5452703 5452704 5452705 5458701 5458702 5458703 5458704 5458705"
General-129-20260718-15:11:12-5193,vector,Florasat_Individual_Sats.terminal[30].dlk.mac,vector_preds_Transformer,,,"1.26288277144 12.27887904318 26.17626986746 39.67700256198 51.9922281981 116.29945653793 128.62896846211 141.37432184489 155.91923367767 168.0368411641 231.99569147546 246.37969207717 259.28409104701 273.79485350801 285.81387001206 346.13835243648 358.19638772775 370.02509488515 381.48293138622 395.25353636966 461.98553436762 474.98576221732 486.62751779869 497.70371257305 510.57257170534 576.49142334051 590.81672353833 604.28348499862 616.37229660106 628.34929086896 691.63934329152 701.70556708332 712.14526100061 726.37975685625 739.87900891901","5421001.1 5421002.1 5421003.1 5421004.1 5421005.1 5427001.1 5427002.1 5427003.1 5427004.1 5427005.1 5433001.1 5433002.1 5433003.1 5433004.1 5433005.1 5439001.1 5439002.1 5439003.1 5439004.1 5439005.1 5445001.1 5445002.1 5445003.1 5445004.1 5445005 5451001 5451002 5451003 5451004 5451005 5457001 5457002 5457003 5457004 5457005"
General-129-20260718-15:11:12-5193,vector,Florasat_Individual_Sats.terminal[50].dlk.mac,vector_preds_Transformer,,,"1.27133408608 16.19859123067 28.54471648508 41.09216175438 54.54478543648 116.23794626701 127.13924631384 137.60451001954 150.60640805541 160.99266925035 231.05073141004 245.05347984564 257.82687850832 269.76204291987 283.50582341617 346.947343793 359.75606937893 371.58592529944 382.30392054771 392.52817455912 461.63637666148 474.14470882504 484.30151824956 494.72507863888 506.33453607094 576.02812734665 588.53088742355 599.23157948535 610.72128990316 622.93062373297 691.94760841131 702.237367308 715.86348983506 729.15813950636 739.6004021254","5423001.1 5423002.1 5423003.1 5423004.1 5423005.1 5429001.1 5429002.1 5429003.1 5429004.1 5429005.1 5435001.1 5435002.1 5435003.1 5435004.1 5435005.1 5441001.1 5441002.1 5441003.1 5441004.1 5441005.1 5447001.1 5447002.1 5447003.1 5447004.1 5447005.1 5453001 5453002 5453003 5453004 5453005 5459001 5459002 5459003 5459004 5459005"
General-129-20260718-15:11:12-5193,vector,Florasat_Individual_Sats.terminal[52].dlk.mac,vector_preds_Transformer,,,"1.27809432708 13.21143307281 27.03571368149 40.00254854002 54.89592358261 116.64125205716 128.91321774106 140.48847586032 155.45576188712 170.37915826192 231.72666088119 244.82731048623 259.82145691896 271.34354531672 282.80620733882 346.37646774924 358.50329573196 371.30246004136 385.4932436957 399.09446554887 461.64367978415 472.68782903627 486.77573388629 500.74347531027 511.14938249648 576.21135171154 590.37986591575 601.78955501528 612.81065312797 624.49570611353 691.46264067967 701.82451374363 712.11036776309 725.81307125278 737.97089219094","5423201.1 5423202.1 5423203.1 5423204.1 5423205.1 5429201.1 5429202.1 5429203 5429204 5429205.1 5435201.1 5435202.1 5435203.1 5435204.1 5435205.1 5441201.1 5441202.1 5441203.1 5441204.1 5441205.1 5447201.1 5447202.1 5447203.1 5447204.1 5447205.1 5453201 5453202 5453203 5453204 5453205 5459201 5459202 5459203 5459204 5459205"
General-129-20260718-15:11:12-5193,vector,Florasat_Individual_Sats.terminal[16].dlk.mac,vector_preds_Transformer,,,"1.28762164828 16.07604958326 28.80159277329 41.01924142893 55.93610397749 116.00118683069 127.76665090001 140.71503441431 154.41377475857 165.62825580942 231.58905906766 245.96117469529 257.53118153359 270.97944543977 281.67283958803 346.24496436352 360.25361448783 374.6609540321 385.04281471042 395.95699979948 461.40712360293 471.5229842302 484.12656050432 498.38217066974 512.56721060514 576.59143619216 588.22615328687 602.96331949625 617.8776024396 631.92663253145 691.51261939248 702.21729256026 713.47522287559 726.52326624421 740.69071815046","5419601.1 5419602.1 5419603.1 5419604.1 5419605.1 5425601.1 5425602.1 5425603 5425604.1 5425605.1 5431601.1 5431602.1 5431603.1 5431604.1 5431605.1 5437601.1 5437602.1 5437603.1 5437604.1 5437605.1 5443601.1 5443602.1 5443603.1 5443604.1 5443605.1 5449601.1 5449602 5449603 5449604 5449605 5455601 5455602 5455603 5455604 5455605"
General-129-20260718-15:11:12-5193,vector,Florasat_Individual_Sats.terminal[34].dlk.mac,vector_preds_Transformer,,,"1.2891479847 12.32848355407 24.15814498067 39.08213493973 51.67652320908 116.00351133617 126.14468559856 137.83952892409 151.97805043077 164.49311191682 231.96117082797 244.65580298402 255.01813600491 266.17280835122 278.13710250844 346.26719175372 358.65073023713 369.50304534985 380.80909574288 392.12542532245 461.11408625869 471.62958597555 483.73911864264 498.00463885907 510.19302327093 576.424534566 588.37096168147 601.74253029003 615.61349740088 628.49309781402 691.42157629854 703.77925813338 715.05627035303 725.89032809157 736.53120846395","5421401.1 5421402.1 5421403.1 5421404.1 5421405.1 5427401.1 5427402.1 5427403.1 5427404.1 5427405.1 5433401.1 5433402.1 5433403.1 5433404.1 5433405.1 5439401.1 5439402.1 5439403.1 5439404.1 5439405.1 5445401.1 5445402.1 5445403.1 5445404.1 5445405.1 5451401 5451402 5451403 5451404 5451405 5457401 5457402 5457403 5457404 5457405"
General-129-20260718-15:11:12-5193,vector,Florasat_Individual_Sats.terminal[1].dlk.mac,vector_preds_Transformer,,,"1.30533288885 15.0078733901 29.09940428752 40.88328187889 54.38558484264 116.51766426302 126.74012869619 140.41205716924 154.75139914452 165.33643321506 231.30623715464 245.77236432931 257.15654325089 270.97155699273 282.75753847556 346.2345583078 358.7440905096 371.44773410913 386.01703374344 399.16267970856 461.15597926104 475.43288140116 487.9782480714 501.0949347776 512.80181129487 576.14829576318 590.49365367833 604.2045888896 617.25441796332 627.57347865006 691.06024618656 705.34514172165 716.72866344963 730.67569928755 742.96547634922","5418101.1 5418102.1 5418103.1 5418104.1 5418105.1 5424101.1 5424102.1 5424103.1 5424104.1 5424105.1 5430101.1 5430102.1 5430103.1 5430104.1 5430105.1 5436101.1 5436102.1 5436103.1 5436104.1 5436105.1 5442101.1 5442102.1 5442103.1 5442104.1 5442105.1 5448101.1 5448102 5448103 5448104 5448105 5454101 5454102 5454103 5454104 5454105"
General-129-20260718-15:11:12-5193,vector,Florasat_Individual_Sats.terminal[22].dlk.mac,vector_preds_Transformer,,,"1.33759571193 15.02623208054 27.32932918892 39.769639235 50.48408126762 116.24616627721 129.82307967637 142.78263212438 154.49053586135 164.86614111252 231.70800991752 245.2136617112 255.90045053093 266.36732632458 277.88265242871 346.56273177546 357.51076282305 372.0049585863 382.57791293505 396.89315127045 461.68995164195 471.83347650082 485.72102266923 498.42406055169 512.98518796778 576.10740948771 588.87403070414 602.58727842778 615.36185115528 626.07047684792 691.65937148524 703.7136643068 715.10857818672 725.5905678405 738.02916221926","5420201.1 5420202.1 5420203.1 5420204.1 5420205.1 5426201.1 5426202.1 5426203.1 5426204.1 5426205.1 5432201.1 5432202.1 5432203.1 5432204.1 5432205.1 5438201 5438202 5438203 5438204 5438205 5444201 5444202 5444203 5444204 5444205 5450201 5450202 5450203 5450204 5450205 5456201 5456202 5456203 5456204 5456205"
General-129-20260718-15:11:12-5193,vector,Florasat_Individual_Sats.terminal[49].dlk.mac,vector_preds_Transformer,,,"1.33983661793 16.13507152092 26.65120548358 37.49754420038 51.92951407655 116.24523376278 128.00478987326 142.57976455311 156.94733223924 168.33837851695 231.3442659087 241.88765877508 256.27299470943 267.26147880661 282.1262076369 346.39167953259 356.55765195354 368.59667043178 383.57886099466 397.75436438713 461.46548109967 474.99534190772 487.94897319889 500.01389673469 513.08183847252 576.24568729359 587.09802327259 598.4920613647 610.74633957516 621.6756045241 691.67171351356 704.71430207929 718.58502387163 731.43023324991 745.68870092719","5422901.1 5422902.1 5422903.1 5422904.1 5422905.1 5428901.1 5428902.1 5428903.1 5428904.1 5428905.1 5434901.1 5434902.1 5434903.1 5434904.1 5434905.1 5440901 5440902 5440903 5440904 5440905 5446901 5446902 5446903 5446904 5446905 5452901 5452902 5452903 5452904 5452905 5458901 5458902 5458903 5458904 5458905"
General-129-20260718-15:11:12-5193,vector,Florasat_Individual_Sats.terminal[25].dlk.mac,vector_preds_Transformer,,,"1.35290261032 13.81376645202 25.84872114146 37.50116668432 49.14777803491 116.1810208424 127.15041812952 141.50532874954 152.16261847969 165.52455164003 231.45309738209 246.43546334793 258.21864328439 272.48360099014 286.82286205212 346.47267482011 358.28895917861 368.43733028043 381.7072041193 395.38597750244 461.04481039755 475.29760583607 486.76304056845 498.20420663292 510.87904817495 576.97010359843 587.71996148163 601.95531709818 614.34870080091 624.85937663121 691.86801679106 705.87288134638 718.74346405407 732.59410571097 744.46548251807","5420501.1 5420502.1 5420503.1 5420504.1 5420505.1 5426501.1 5426502.1 5426503 5426504 5426505 5432501 5432502 5432503 5432504 5432505 5438501 5438502 5438503 5438504 5438505 5444501 5444502 5444503 5444504 5444505 5450501 5450502 5450503 5450504 5450505 5456501 5456502 5456503 5456504 5456505"
General-129-20260718-15:11:12-5193,vector,Florasat_Individual_Sats.terminal[17].dlk.mac,vector_preds_Transformer,,,"1.35301859747 12.79070330016 26.84291531961 38.32925293525 52.79157166649 116.09807721432 130.64348574937 142.10073565459 156.49591710046 171.04978471855 231.84096679674 242.14365607244 252.30806170846 266.37951466604 280.38209514925 346.94399020309 359.69205801748 372.76777426619 387.34728247183 402.25791754806 461.54473098204 473.43694069515 486.68443764652 498.44535790243 509.95291272387 576.34770822804 591.2050599067 603.646646498 617.02630435093 631.88475891575 691.53439210495 702.38210212672 714.40374534926 727.53606668091 740.16247974941","5419701.1 5419702.1 5419703.1 5419704.1 5419705.1 5425701.1 5425702.1 5425703.1 5425704.1 5425705.1 5431701.1 5431702.1 5431703.1 5431704.1 5431705.1 5437701.1 5437702.1 5437703.1 5437704.1 5437705.1 5443701 5443702 5443703 5443704 5443705 5449701 5449702 5449703 5449704 5449705 5455701 5455702 5455703 5455704 5455705"
General-129-20260718-15:11:12-5193,vector,Florasat_Individual_Sats.terminal[23].dlk.mac,vector_preds_Transformer,,,"1.3749865077 12.56837704056 26.09924258618 37.64773633401 47.85617467668 116.03342645918 127.22796672722 138.9719165815 150.08924845606 160.37096839514 231.56060500001 243.66417197674 257.2882663149 270.09258841445 283.758070105 346.73591737403 358.8536748488 372.96496177442 384.48505845154 395.39016752737 461.23306486802 471.32562811067 481.94067030959 493.00131826825 507.93454806018 576.69162950572 589.11212107377 603.99181285036 614.9932770522 626.12533656044 691.95275875344 706.25310876593 719.19914714596 729.5347261494 744.04422422591","5420301.1 5420302.1 5420303.1 5420304.1 5420305.1 5426301.1 5426302.1 5426303 5426304 5426305 5432301 5432302 5432303 5432304 5432305 5438301 5438302 5438303 5438304 5438305 5444301 5444302 5444303 5444304 5444305 5450301 5450302 5450303 5450304 5450305 5456301 5456302 5456303 5456304 5456305"
General-129-20260718-15:11:12-5193,vector,Florasat_Individual_Sats.terminal[6].dlk.mac,vector_preds_Transformer,,,"1.44701354043 14.35132014403 27.88912682399 39.38074858231 50.27273997851 116.73998046643 127.64335312159 139.5370748858 152.55005739257 163.80099414708 231.76335097104 243.82427427498 257.06478108349 267.1677899179 281.25059693166 346.31320335786 359.62149407482 372.40231574862 385.84450295777 398.53554539033 461.27981018019 474.02577807522 484.13504240197 495.0518954415 507.11374225888 576.6283590172 589.14424277028 600.83599429113 613.58735585353 626.53663141071 691.63927479996 703.40341045987 714.63561417884 726.27807377139 737.62803410296","5418601.1 5418602.1 5418603.1 5418604.1 5418605.1 5424601.1 5424602.1 5424603 5424604 5424605 5430601 5430602 5430603 5430604 5430605 5436601 5436602 5436603 5436604 5436605 5442601.1 5442602.1 5442603.1 5442604.1 5442605.1 5448601.1 5448602.1 5448603.1 5448604.1 5448605.1 5454601.1 5454602.1 5454603.1 5454604.1 5454605.1"
General-129-20260718-15:11:12-5193,vector,Florasat_Individual_Sats.terminal[24].dlk.mac,vector_preds_Transformer,,,"1.44923193962 11.97698933538 23.35096527822 34.63414750178 47.94164551538 116.53854968515 127.03174268035 138.98265317338 150.22415031818 163.01229431433 231.30782096297 246.16943289292 256.77443129126 269.13346531218 279.66115347924 346.64596113306 359.21498234896 370.06080818758 384.75677201454 395.31587455235 461.36633979599 473.87481441582 488.80674570776 499.71793014999 511.00489126728 576.79766011075 587.36904986552 599.82440911583 609.93905444164 623.95295916475 691.74734732904 705.02771751675 717.82647534226 728.9675942955 743.84847469464","5420401.1 5420402.1 5420403.1 5420404.1 5420405.1 5426401.1 5426402.1 5426403 5426404 5426405 5432401 5432402 5432403 5432404 5432405.1 5438401.1 5438402.1 5438403.1 5438404.1 5438405.1 5444401.1 5444402.1 5444403.1 5444404.1 5444405.1 5450401 5450402 5450403 5450404 5450405 5456401 5456402 5456403 5456404 5456405"
General-129-20260718-15:11:12-5193,vector,Florasat_Individual_Sats.terminal[19].dlk.mac,vector_preds_Transformer,,,"1.46416907967 15.67698531854 28.62966837315 42.79587755166 57.06933934777 116.94220495992 127.14963105274 137.84386945888 152.23156900145 164.58674690802 231.87652401323 243.42723780358 253.98528406676 267.80613345956 278.28214137978 346.28478162992 358.27513879817 369.41374604078 380.61703915079 392.30292342324 461.39363312325 473.70215196674 487.31868843827 501.85826025251 514.11781334248 576.59996038349 586.65702697285 598.42567904666 611.82575644273 623.76038412144 691.49536061031 703.81713948026 714.67599099781 728.61260044668 739.50466797967","5419901.1 5419902.1 5419903.1 5419904.1 5419905.1 5425901.1 5425902.1 5425903.1 5425904.1 5425905.1 5431901.1 5431902.1 5431903.1 5431904.1 5431905.1 5437901.1 5437902 5437903 5437904 5437905 5443901 5443902 5443903 5443904 5443905 5449901 5449902 5449903 5449904 5449905 5455901 5455902 5455903 5455904 5455905"
General-129-20260718-15:11:12-5193,vector,Florasat_Individual_Sats.terminal[53].dlk.mac,vector_preds_Transformer,,,"1.46701051784 12.98679671181 25.53492367315 37.29566018959 51.48755449499 116.72803767351 129.97097633755 143.14472496253 156.45007323799 169.88980733067 231.80178856663 245.45860750204 259.10302782035 273.18829244305 286.76642823685 346.37654543342 361.35100506665 375.38339206786 387.32263424038 401.05313189165 461.20701095974 474.19968237355 487.48956999229 499.96783849038 510.9074783693 576.9308766122 588.04780037306 599.17398829526 613.05850856286 625.34592447384 691.56558902771 705.33769061276 715.88494518957 726.63278955919 736.92566302325","5423301.1 5423302.1 5423303.1 5423304.1 5423305.1 5429301.1 5429302.1 5429303 5429304 5429305 5435301 5435302 5435303 5435304 5435305 5441301 5441302 5441303 5441304 5441305 5447301 5447302 5447303 5447304 5447305 5453301 5453302 5453303 5453304 5453305 5459301 5459302 5459303 5459304 5459305"
General-129-20260718-15:11:12-5193,vector,Florasat_Individual_Sats.terminal[31].dlk.mac,vector_preds_Transformer,,,"1.49861307535 15.86038181977 28.72619286482 38.93717633514 51.52404636797 116.79209700995 127.61808918998 138.58257037098 150.1754797108 161.39869777346 231.05895866733 245.36177143548 257.66907895194 270.16525991704 283.47730059853 346.55130348145 360.11415743362 370.98083959753 384.13356321841 396.09830100299 461.66993615939 474.23064466007 487.68082815362 501.20038410323 514.43764973455 576.43721496733 587.80055015977 598.75589213963 609.48844438582 622.77385310666 691.58973226091 702.39174999995 714.17653574026 728.67844371125 743.04619851755","5421101.1 5421102.1 5421103.1 5421104.1 5421105.1 5427101.1 5427102.1 5427103.1 5427104.1 5427105.1 5433101.1 5433102.1 5433103.1 5433104.1 5433105.1 5439101.1 5439102.1 5439103.1 5439104.1 5439105.1 5445101.1 5445102.1 5445103.1 5445104.1 5445105.1 5451101 5451102 5451103 5451104 5451105 5457101 5457102 5457103 5457104 5457105"
General-129-20260718-15:11:12-5193,vector,Florasat_Individual_Sats.terminal[26].dlk.mac,vector_preds_Transformer,,,"1.50248974352 12.04053459945 22.99236684828 37.98706190917 49.83614782826 116.33610219532 128.34252194339 138.56804258726 151.35685367464 165.78791797697 231.7235971156 244.72595854848 258.3664512583 269.1060554115 283.76582926208 346.56517195445 357.80190156004 371.80007221922 384.36535347649 397.51892830874 461.2888012256 473.22117717005 487.44906704407 501.25150236767 511.78424381302 576.60672542709 589.93287959206 602.53828489524 613.29955777223 627.62986159138 691.12822253699 703.86667984747 718.78237155475 731.15535599505 741.25995983579","5420601.1 5420602.1 5420603.1 5420604.1 5420605.1 5426601.1 5426602.1 5426603 5426604 5426605 5432601 5432602 5432603 5432604 5432605 5438601 5438602 5438603 5438604 5438605 5444601 5444602 5444603 5444604 5444605 5450601 5450602 5450603 5450604 5450605 5456601 5456602 5456603 5456604 5456605"
General-129-20260718-15:11:12-5193,vector,Florasat_Individual_Sats.terminal[45].dlk.mac,vector_preds_Transformer,,,"1.51150518097 13.30597663997 24.4367731316 39.1956863855 50.17604070832 116.66407751106 128.36139234784 140.18918644357 150.96592524275 164.15099358489 231.30334127997 244.06629487243 254.18302833056 267.39752159291 279.86077089049 346.98148896103 357.63107226929 368.53082051734 379.40771342139 391.90963322646 461.38542731362 472.24431392341 484.82174159098 498.19889918156 511.50805529044 576.13194189104 588.2503334789 598.5468630325 610.54177839611 624.79407182731 691.21483610175 704.56029809826 718.39478123398 731.17018885143 746.11797257723","5422501.1 5422502.1 5422503.1 5422504.1 5422505.1 5428501.1 5428502.1 5428503.1 5428504.1 5428505.1 5434501.1 5434502.1 5434503.1 5434504.1 5434505.1 5440501.1 5440502.1 5440503.1 5440504.1 5440505.1 5446501.1 5446502.1 5446503.1 5446504 5446505 5452501 5452502 5452503 5452504 5452505 5458501 5458502 5458503 5458504 5458505"
General-129-20260718-15:11:12-5193,vector,Florasat_Individual_Sats.terminal[48].dlk.mac,vector_preds_Transformer,,,"1.55058033415 14.934839739 28.60410599387 43.37272098521 56.92977922503 116.7328114002 127.52588125155 141.08360259421 155.65786762838 167.92671046429 231.94226275315 242.09691356984 256.00235296181 268.98678916041 280.2327456302 346.91230930574 360.67588137416 373.90579933952 386.69272755342 398.69467049441 461.79305233946 473.57463492267 485.85716195009 498.26327761007 511.25064907666 576.76980524184 589.41161187808 603.70925549511 614.99691924057 628.9022079003 691.62771109492 705.87888891227 717.36145037809 731.8427663087 743.58315491002","5422801.1 5422802.1 5422803.1 5422804.1 5422805.1 5428801.1 5428802.1 5428803.1 5428804.1 5428805.1 5434801.1 5434802.1 5434803.1 5434804.1 5434805.1 5440801.1 5440802 5440803 5440804 5440805 5446801 5446802 5446803 5446804 5446805 5452801 5452802 5452803 5452804 5452805 5458801 5458802 5458803 5458804 5458805"
General-129-20260718-15:11:12-5193,vector,Florasat_Individual_Sats.terminal[55].dlk.mac,vector_preds_Transformer,,,"1.56208386621 13.0717708168 25.65101576479 39.60390401281 52.50831062532 116.65726748062 130.14560402487 141.92235430353 155.5927799223 169.48863406084 231.27701243153 244.62735522306 258.38660412585 271.98390893872 283.77548786463 346.80111761787 359.4515470101 370.44120017904 380.5031938164 391.47997572203 461.24885425041 473.92715274891 486.336653508 498.68791983764 509.01577462045 576.77915348951 591.2014031508 602.32838825835 615.01925362554 628.80048757117 691.66338667274 703.00323730102 716.59293623059 729.39920996781 743.79994287621","5423501.1 5423502.1 5423503.1 5423504.1 5423505.1 5429501.1 5429502.1 5429503 5429504 5429505 5435501 5435502 5435503 5435504 5435505 5441501 5441502 5441503 5441504 5441505 5447501 5447502 5447503 5447504 5447505 5453501 5453502 5453503 5453504 5453505 5459501 5459502 5459503 5459504 5459505"
General-129-20260718-15:11:12-5193,vector,Florasat_Individual_Sats.terminal[9].dlk.mac,vector_preds_Transformer,,,"1.57534221839 16.16190630663 31.12844202388 45.89553398848 60.13753391755 116.93042991031 129.90585703915 142.21202951088 155.03981736652 169.70971798688 231.73516126233 246.16581646493 259.40630706493 274.01277756901 287.551899408 346.92204879737 358.11589114974 371.60491480516 383.41555243266 394.07776621544 461.41776450747 476.08452807134 490.68397649983 502.12022198434 513.5082767969 576.44189374591 590.75476999697 601.40604859055 614.38379534706 625.60074107442 691.90956896544 703.89753345773 714.47159484169 727.28139285371 738.54108793685","5418901.1 5418902.1 5418903.1 5418904.1 5418905.1 5424901.1 5424902.1 5424903.1 5424904.1 5424905.1 5430901.1 5430902.1 5430903.1 5430904.1 5430905.1 5436901.1 5436902.1 5436903.1 5436904.1 5436905.1 5442901.1 5442902 5442903 5442904 5442905 5448901 5448902 5448903 5448904 5448905 5454901 5454902 5454903 5454904 5454905"
General-129-20260718-15:11:12-5193,vector,Florasat_Individual_Sats.terminal[15].dlk.mac,vector_preds_Transformer,,,"1.58852275042 16.50279447483 29.00706306147 43.85728361598 57.22849473987 116.50783481682 127.9446572219 138.15938890236 149.76141530927 162.67165004299 231.50322705205 243.2353239418 254.96124619082 268.93975756759 279.22980585414 346.18984108907 356.53542765416 366.66438772576 377.23230776261 389.87465768238 461.05822145822 474.28592258249 485.58859029435 499.04283893993 512.27028440335 576.37022949662 587.10906044487 598.51363225165 608.77661478613 619.35880287574 691.04054741492 703.28057209892 716.7136641515 728.06534349965 739.40842522122","5419501.1 5419502.1 5419503.1 5419504.1 5419505.1 5425501.1 5425502.1 5425503.1 5425504.1 5425505.1 5431501.1 5431502.1 5431503.1 5431504.1 5431505.1 5437501.1 5437502.1 5437503.1 5437504.1 5437505.1 5443501.1 5443502.1 5443503.1 5443504.1 5443505.1 5449501.1 5449502.1 5449503.1 5449504 5449505 5455501 5455502 5455503 5455504 5455505"
General-129-20260718-15:11:12-5193,vector,Florasat_Individual_Sats.terminal[51].dlk.mac,vector_preds_Transformer,,,"1.59264520137 15.64324905258 28.48096043896 39.00327287358 53.39905681065 116.67645121063 128.03013255424 141.61861946993 153.19976191223 166.19764362183 231.94091694825 243.68867537984 256.24276956124 266.54136916552 277.14799583121 346.06062266626 357.87243789876 368.80676089552 379.09859474631 392.79738649725 461.52736124303 475.50050518312 487.88824272877 498.69029597449 512.59515371243 576.46878656093 587.32271334599 600.43915287452 612.63019885845 626.31591024437 691.9803603543 703.31625789777 715.23614267493 726.87336767 738.13867720799","5423101.1 5423102.1 5423103.1 5423104.1 5423105.1 5429101.1 5429102.1 5429103 5429104 5429105 5435101 5435102 5435103 5435104 5435105 5441101 5441102 5441103 5441104 5441105 5447101 5447102 5447103 5447104 5447105 5453101 5453102 5453103 5453104 5453105 5459101 5459102 5459103 5459104 5459105"
General-129-20260718-15:11:12-5193,vector,Florasat_Individual_Sats.terminal[27].dlk.mac,vector_preds_Transformer,,,"1.60584700783 15.99978881562 26.96317148302 39.25116147637 50.54572582967 116.43071634532 129.99018105399 144.41879322822 154.82396690128 168.75524186133 231.91574772215 242.81223804201 253.08090149635 263.92336306605 277.70028647944 346.52839958132 358.47264106781 370.77513431944 383.08544554096 393.70905792038 461.15708999196 473.73758879583 484.62760679167 498.01231777737 512.88427565688 576.88364589517 591.2283063475 605.35300994454 619.04869671142 630.13254643813 691.97077171691 706.06132444972 716.39269094611 728.58527906984 742.81939921481","5420701.1 5420702.1 5420703.1 5420704.1 5420705.1 5426701.1 5426702.1 5426703.1 5426704.1 5426705.1 5432701.1 5432702.1 5432703.1 5432704.1 5432705.1 5438701 5438702 5438703 5438704 5438705 5444701 5444702 5444703 5444704 5444705 5450701 5450702 5450703 5450704 5450705 5456701 5456702 5456703 5456704 5456705"
General-129-20260718-15:11:12-5193,vector,Florasat_Individual_Sats.terminal[37].dlk.mac,vector_preds_Transformer,,,"1.61944065429 15.75240857736 27.14348649559 41.58063669293 54.84651559801 116.29367128527 129.21889243345 142.11656225659 156.75033561932 171.3783234281 231.10659429315 245.21604710701 259.34492121427 273.97695936821 287.78198716207 346.49328840245 358.32126591285 371.86521233921 386.82571084169 400.19772836752 461.71277751378 472.94606452505 485.26186279184 499.76839386555 510.67914265371 576.05150057748 587.27678340673 600.44513286603 614.03588799922 627.55502092465 691.57213633321 706.49926903331 718.14108214597 729.42074092943 740.63625289267","5421701.1 5421702.1 5421703.1 5421704.1 5421705.1 5427701.1 5427702.1 5427703 5427704 5427705 5433701 5433702 5433703 5433704 5433705 5439701 5439702 5439703 5439704 5439705.1 5445701.1 5445702.1 5445703.1 5445704.1 5445705.1 5451701.1 5451702.1 5451703.1 5451704.1 5451705.1 5457701.1 5457702.1 5457703.1 5457704.1 5457705.1"
General-129-20260718-15:11:12-5193,vector,Florasat_Individual_Sats.terminal[20].dlk.mac,vector_preds_Transformer,,,"1.63636511704 14.28711511591 24.78241393157 37.76985880733 48.90672168858 116.14669137262 127.21398098371 138.18986841221 152.17293685162 164.46363127534 231.69968520151 246.38779474399 256.88359328872 271.73516677553 285.01146301022 346.71717665577 361.07390023139 373.52995158359 385.90588472271 400.8907093103 461.49113193387 473.61759325722 485.79819793114 498.54670364409 513.40632958803 576.03691181913 587.43696578592 598.80508867023 613.34928714834 625.05360097905 691.52265149914 701.57260396565 715.10112477164 726.66979717021 737.14706299873","5420001.1 5420002.1 5420003.1 5420004.1 5420005.1 5426001.1 5426002.1 5426003.1 5426004.1 5426005.1 5432001.1 5432002.1 5432003.1 5432004.1 5432005.1 5438001.1 5438002.1 5438003.1 5438004.1 5438005 5444001 5444002 5444003 5444004 5444005 5450001 5450002 5450003 5450004 5450005 5456001 5456002 5456003 5456004 5456005"
General-129-20260718-15:11:12-5193,vector,Florasat_Individual_Sats.terminal[46].dlk.mac,vector_preds_Transformer,,,"1.64549168595 13.37553535984 24.72243425716 36.95261378121 48.62493218552 116.46506758686 128.35990277282 142.06044834736 155.87796224561 168.10405309592 231.43134055124 241.76677264902 253.99437803123 266.18230031617 279.01205661288 346.29865113925 360.40407243464 374.09069852368 384.56786680431 394.85326973651 461.84593558148 474.88522138632 489.81687745032 501.28451467444 513.96239844918 576.42098228028 589.42490489851 600.40945565608 610.75446203398 624.88165510865 691.2358515244 703.26838349924 716.99520746829 731.19641594473 743.05745831691","5422601.1 5422602.1 5422603.1 5422604.1 5422605.1 5428601.1 5428602.1 5428603.1 5428604.1 5428605.1 5434601.1 5434602.1 5434603.1 5434604.1 5434605.1 5440601.1 5440602.1 5440603.1 5440604.1 5440605.1 5446601.1 5446602 5446603 5446604 5446605 5452601 5452602 5452603 5452604 5452605 5458601 5458602 5458603 5458604 5458605"
General-129-20260718-15:11:12-5193,vector,Florasat_Individual_Sats.terminal[42].dlk.mac,vector_preds_Transformer,,,"1.6459735895 12.96571070258 27.65637930063 40.15719930105 53.17860333062 116.03804596048 129.88113801042 140.81406407454 154.54336734069 164.97077329712 231.10764740431 246.10023000092 257.48195940792 269.22050997895 283.99533843902 346.45298920223 359.84700004454 372.92031903053 383.87346394477 396.39692524914 461.60106738401 476.49621214322 489.13477117382 502.67381517868 515.19755613594 576.36696595838 588.65040893922 600.28345578489 611.06667845067 622.90982907079 691.32944972068 702.73498600628 716.163568496 728.35166250402 742.1533552946","5422201.1 5422202.1 5422203.1 5422204.1 5422205.1 5428201.1 5428202.1 5428203 5428204.1 5428205.1 5434201.1 5434202.1 5434203.1 5434204.1 5434205.1 5440201.1 5440202.1 5440203.1 5440204.1 5440205.1 5446201.1 5446202.1 5446203.1 5446204.1 5446205.1 5452201.1 5452202 5452203 5452204 5452205 5458201 5458202 5458203 5458204 5458205"
General-129-20260718-15:11:12-5193,vector,Florasat_Individual_Sats.terminal[10].dlk.mac,vector_preds_Transformer,,,"1.69410424284 13.01493691257 23.60809593089 35.73670482822 50.05046698824 116.852145307 131.31209748355 143.83644141513 155.0271379624 167.05794967152 231.79274753155 246.66646542679 257.31077235494 271.80022079567 284.7434902687 346.53361013834 358.17217040783 372.21552675333 383.88613025867 396.99156544613 461.87361384998 476.5298962642 488.67425933969 502.30339525873 512.7210496869 576.73694381327 591.42915200279 604.24962434056 615.12608725531 627.08460011473 691.45718727726 704.26058719051 718.86809416697 733.49369516596 745.61419323319","5419001.1 5419002.1 5419003.1 5419004.1 5419005.1 5425001.1 5425002.1 5425003.1 5425004.1 5425005.1 5431001.1 5431002.1 5431003.1 5431004.1 5431005.1 5437001.1 5437002.1 5437003.1 5437004.1 5437005.1 5443001.1 5443002.1 5443003.1 5443004.1 5443005.1 5449001 5449002 5449003 5449004 5449005 5455001 5455002 5455003 5455004 5455005"
General-129-20260718-15:11:12-5193,vector,Florasat_Individual_Sats.terminal[14].dlk.mac,vector_preds_Transformer,,,"1.71758676367 16.02304047276 26.84884861996 36.91420908388 50.29315193835 116.28611939563 129.47752974415 140.75889729848 153.26159546687 163.56470544659 231.13093978795 242.28486776189 254.54131830204 267.52991785831 278.51038148115 346.45952142263 357.43562506233 372.31294093142 382.37129430939 392.97622291092 461.73299639905 473.93492522952 484.08945084386 494.77056418848 509.30790603929 576.47143516154 586.47412921465 598.54408275499 612.43158303015 626.36530634062 691.92289158539 706.75153420842 717.50375336688 730.38555228687 742.45374785806","5419401.1 5419402.1 5419403.1 5419404.1 5419405.1 5425401.1 5425402.1 5425403.1 5425404.1 5425405.1 5431401.1 5431402.1 5431403.1 5431404.1 5431405.1 5437401.1 5437402.1 5437403.1 5437404.1 5437405.1 5443401.1 5443402.1 5443403.1 5443404.1 5443405.1 5449401 5449402 5449403 5449404 5449405 5455401 5455402 5455403 5455404 5455405"
General-129-20260718-15:11:12-5193,vector,Florasat_Individual_Sats.terminal[4].dlk.mac,vector_preds_Transformer,,,"1.71892222599 11.83665650198 23.9264354459 35.29699149774 49.80734316399 116.24988510367 127.19258040283 140.59499497269 154.53863246925 167.18090653512 231.02355818008 244.54302554112 255.39628486591 270.33860482717 284.7036926248 346.11280873627 357.82627241662 368.16517549659 379.83018261123 392.71173407299 461.71355199651 475.00724725425 489.97499322169 503.66634116391 518.52343488484 576.36012302223 586.80252998695 597.77210246516 609.92396605295 621.1512511035 691.96801213035 706.93626774544 720.75358323705 734.46767131052 747.73880404838","5418401.1 5418402.1 5418403.1 5418404.1 5418405.1 5424401.1 5424402.1 5424403 5424404 5424405 5430401 5430402 5430403 5430404 5430405 5436401.1 5436402.1 5436403.1 5436404.1 5436405.1 5442401.1 5442402.1 5442403.1 5442404.1 5442405.1 5448401.1 5448402.1 5448403.1 5448404.1 5448405.1 5454401.1 5454402.1 5454403.1 5454404.1 5454405.1"
General-129-20260718-15:11:12-5193,vector,Florasat_Individual_Sats.terminal[38].dlk.mac,vector_preds_Transformer,,,"1.74320625141 14.71285921754 27.70550724235 38.08650490711 50.02444644458 116.77253882098 130.10552053736 142.99873163621 154.04374237917 167.14023006311 231.90318337781 244.17085388815 258.07122115302 268.88685146021 281.39965998382 346.93816696573 358.13417021465 368.25010586577 378.58451372874 391.74707633257 461.94105845806 474.13864644524 487.23892250262 500.15054391977 513.8461250607 576.17391471379 588.85981322593 599.47214595718 612.58770037653 627.28633397353 691.16865153029 705.01420845115 716.13305586693 727.96199458023 740.30732000783","5421801.1 5421802.1 5421803.1 5421804.1 5421805.1 5427801.1 5427802.1 5427803 5427804 5427805 5433801 5433802 5433803 5433804 5433805 5439801 5439802 5439803 5439804 5439805 5445801.1 5445802.1 5445803.1 5445804.1 5445805.1 5451801.1 5451802.1 5451803.1 5451804.1 5451805.1 5457801.1 5457802.1 5457803.1 5457804.1 5457805.1"
General-129-20260718-15:11:12-5193,vector,Florasat_Individual_Sats.terminal[29].dlk.mac,vector_preds_Transformer,,,"1.7458436396 15.0498589864 28.45843009325 41.29638317647 52.70871724957 116.0853293445 129.15103264503 142.0204227185 152.11826956483 166.40465702746 231.73794927611 242.71854723291 256.55113957892 270.80524911824 282.78692263248 346.90719524468 360.42351827677 372.19369344599 386.28396702185 398.64464752795 461.25451493217 474.33684569109 489.31621209393 499.50506979973 512.61287053023 576.5232778783 590.36129692104 603.65541458596 614.14008004242 626.4545236365 691.82600095682 702.10456295335 714.31267831172 726.6263221337 741.36893071747","5420901.1 5420902.1 5420903.1 5420904.1 5420905.1 5426901.1 5426902.1 5426903 5426904 5426905 5432901 5432902 5432903 5432904 5432905 5438901 5438902 5438903 5438904 5438905 5444901 5444902 5444903 5444904 5444905 5450901 5450902 5450903 5450904 5450905 5456901 5456902 5456903 5456904 5456905"
General-129-20260718-15:11:12-5193,vector,Florasat_Individual_Sats.terminal[21].dlk.mac,vector_preds_Transformer,,,"1.76448147208 13.6824223916 26.98674792586 36.98706721467 48.69983034487 116.58490972035 127.74155430752 142.11599706113 154.27978763147 168.21719615743 231.50718167517 242.3594783477 256.93702560942 269.33102265559 280.81242367369 346.9786689952 358.688769778 370.26505598891 381.95512129319 396.03404098283 461.15921007935 473.99285310064 487.91178826359 499.56421619165 513.1286378298 576.58868080983 587.22179406253 600.09155147872 614.30494560208 627.72284835274 691.51164402673 702.84913365566 713.77624188154 724.33628187934 735.53286520136","5420101.1 5420102.1 5420103.1 5420104.1 5420105.1 5426101.1 5426102.1 5426103.1 5426104.1 5426105.1 5432101.1 5432102.1 5432103.1 5432104.1 5432105.1 5438101.1 5438102.1 5438103.1 5438104.1 5438105.1 5444101.1 5444102.1 5444103.1 5444104 5444105 5450101 5450102 5450103 5450104 5450105 5456101 5456102 5456103 5456104 5456105"
General-129-20260718-15:11:12-5193,vector,Florasat_Individual_Sats.terminal[57].dlk.mac,vector_preds_Transformer,,,"1.8295399691 15.55083640712 27.80357488758 39.46516313219 50.91816519016 116.70366367023 127.98605869106 138.83893186856 153.17850024138 165.39909807198 231.49273925694 243.23934677174 256.06615541387 270.04435777781 280.23328837008 346.06585627771 360.88537522242 371.59400330972 382.17427205526 392.60952611802 461.06758379727 475.89563231566 486.75885520526 499.77668316569 513.67288932786 576.03604689706 586.68788926676 599.01949687628 612.75026757154 624.93595210254 691.11383416899 701.14040477876 714.37524958257 727.20285366498 738.66158794005","5423701.1 5423702.1 5423703.1 5423704.1 5423705.1 5429701.1 5429702.1 5429703.1 5429704.1 5429705.1 5435701.1 5435702.1 5435703.1 5435704.1 5435705.1 5441701.1 5441702 5441703 5441704 5441705 5447701 5447702 5447703 5447704 5447705 5453701 5453702 5453703 5453704 5453705 5459701 5459702 5459703 5459704 5459705"
General-129-20260718-15:11:12-5193,vector,Florasat_Individual_Sats.terminal[36].dlk.mac,vector_preds_Transformer,,,"1.83025818854 15.18864514376 28.68778010202 43.03350255662 54.90775004682 116.09328599996 127.27623654879 137.30121409986 148.41603732784 161.53357642004 231.36622427707 242.96207847167 255.99170029373 266.89464121335 278.72183826263 346.47234377288 358.73241444188 372.08539181924 385.11697648046 397.73579159937 461.30267948983 476.0005397154 490.4619365572 502.93454622407 513.5033509056 576.37958858022 590.00948418024 602.07744834105 615.86789950005 627.04070791926 691.45093806996 706.00808217865 720.9380384346 734.14271627995 745.43829667358","5421601.1 5421602.1 5421603.1 5421604.1 5421605.1 5427601.1 5427602.1 5427603 5427604 5427605 5433601 5433602 5433603 5433604 5433605 5439601.1 5439602.1 5439603.1 5439604.1 5439605.1 5445601.1 5445602.1 5445603.1 5445604.1 5445605.1 5451601.1 5451602.1 5451603.1 5451604.1 5451605.1 5457601.1 5457602.1 5457603.1 5457604.1 5457605.1"
General-129-20260718-15:11:12-5193,vector,Florasat_Individual_Sats.terminal[58].dlk.mac,vector_preds_Transformer,,,"1.84390380327 16.68334951206 27.95360633918 39.12752417429 50.25483086752 116.25384309213 127.46039558086 139.27350686747 153.39451211505 168.255029656 231.87623238028 246.07486219215 257.55989746609 269.88088960014 280.31650388566 346.44762101816 359.6588204999 370.31653083977 381.45317387767 395.15364757739 461.9580345042 473.4291336243 484.15593295823 497.31768589932 507.72863944992 576.63780636131 591.40525884554 601.7783706924 612.85742024519 626.57557387231 691.97088071797 702.15656596539 712.37928932603 723.66424709163 734.89702929929","5423801.1 5423802.1 5423803.1 5423804.1 5423805.1 5429801.1 5429802.1 5429803 5429804 5429805 5435801 5435802 5435803 5435804 5435805 5441801 5441802 5441803 5441804 5441805 5447801 5447802 5447803 5447804 5447805 5453801.1 5453802.1 5453803.1 5453804.1 5453805.1 5459801.1 5459802.1 5459803.1 5459804.1 5459805.1"
General-129-20260718-15:11:12-5193,vector,Florasat_Individual_Sats.terminal[44].dlk.mac,vector_preds_Transformer,,,"1.8819921494 13.91520774062 25.25222872105 39.52981501539 50.03440362705 116.73891126201 130.18810970382 144.83736303308 157.36405798024 170.82594609027 231.57615227229 242.98606296722 254.20675551822 267.91263131029 279.66843322222 346.2437161156 359.5869558868 371.48844429338 384.71944332518 397.25331783108 461.02996808523 473.98844115948 484.70775572164 495.40585018741 509.39115312463 576.70488633448 587.97554588294 600.6724178791 614.31912121595 629.2227192223 691.01890387456 703.54917950207 714.87592809462 729.52413659404 742.92316804618","5422401.1 5422402.1 5422403.1 5422404.1 5422405.1 5428401.1 5428402.1 5428403.1 5428404.1 5428405.1 5434401.1 5434402.1 5434403.1 5434404.1 5434405.1 5440401.1 5440402.1 5440403.1 5440404.1 5440405.1 5446401.1 5446402.1 5446403.1 5446404.1 5446405.1 5452401 5452402 5452403 5452404 5452405 5458401 5458402 5458403 5458404 5458405"
General-129-20260718-15:11:12-5193,vector,Florasat_Individual_Sats.terminal[13].dlk.mac,vector_preds_Transformer,,,"1.90910200425 14.75571211264 27.06942096422 37.67728911084 49.89002529019 116.93960121926 130.69394061086 145.13690983854 157.4481073951 169.60112346547 231.67335042474 246.06976821646 260.00141548901 270.85318949982 285.51606270113 346.89421674982 357.7428904064 370.6216403509 381.38533212058 393.66565141757 461.61474961811 471.79788824194 483.85749218543 495.42055770662 506.69541789126 576.75188445253 588.93483173451 601.28333200817 613.96124178194 626.8826394726 691.96037285123 703.94092899025 714.74422070407 727.04111598176 738.5184218802","5419301.1 5419302.1 5419303.1 5419304.1 5419305.1 5425301.1 5425302.1 5425303 5425304 5425305 5431301 5431302 5431303 5431304 5431305 5437301 5437302 5437303 5437304 5437305 5443301 5443302 5443303 5443304 5443305 5449301 5449302 5449303 5449304 5449305 5455301 5455302 5455303 5455304 5455305"
General-129-20260718-15:11:12-5193,vector,Florasat_Individual_Sats.terminal[11].dlk.mac,vector_preds_Transformer,,,"1.91073534568 14.68087407551 28.23245185102 38.71283395473 51.76091080556 116.39573391248 129.97350164643 140.10882434738 152.01500555687 165.24805796054 231.88738039671 241.94328950345 253.1705767624 266.27382717537 278.67509947251 346.48851662432 356.59563614777 369.19575505913 381.93885632697 392.52233616798 461.70432090457 471.99201755855 483.78289423115 496.24138291623 510.39664090192 576.92104197736 591.39734773827 605.47334624967 618.98508962873 630.05715249153 691.82484858809 703.58040818153 716.07142235874 729.35929608671 741.74744572747","5419101.1 5419102.1 5419103.1 5419104.1 5419105.1 5425101.1 5425102.1 5425103.1 5425104.1 5425105.1 5431101.1 5431102.1 5431103.1 5431104.1 5431105.1 5437101.1 5437102.1 5437103.1 5437104.1 5437105.1 5443101.1 5443102.1 5443103.1 5443104.1 5443105.1 5449101 5449102 5449103 5449104 5449105 5455101 5455102 5455103 5455104 5455105"
General-129-20260718-15:11:12-5193,vector,Florasat_Individual_Sats.terminal[59].dlk.mac,vector_preds_Transformer,,,"1.91737831151 16.86058873706 30.76029768609 42.40044010966 55.29743870883 116.4647216876 128.90603666799 139.83478379459 149.95251176553 162.75180150196 231.52024349151 242.70219243201 256.74000950716 270.80769576784 282.23010375467 346.19172128942 360.71375944163 373.53475903604 384.52417502972 395.78534764448 461.19646478724 475.96671911469 487.91069166549 499.67806686811 512.47325839522 576.93020670046 588.76283939066 603.67092806217 615.66514803166 630.57661265903 691.21957232174 701.6097145311 716.00937065947 727.20230102003 738.2413413322","5423901.1 5423902.1 5423903.1 5423904.1 5423905.1 5429901.1 5429902.1 5429903 5429904 5429905 5435901 5435902 5435903 5435904 5435905 5441901 5441902 5441903 5441904 5441905 5447901 5447902 5447903 5447904 5447905 5453901 5453902 5453903 5453904 5453905 5459901 5459902 5459903 5459904 5459905"
General-129-20260718-15:11:12-5193,vector,Florasat_Individual_Sats.terminal[0].dlk.mac,vector_preds_Transformer,,,"1.9386363416 13.8869448707 26.98233033321 39.51084996946 51.59691112023 116.76598281134 131.16544290097 144.11236909219 155.11445619982 165.58296209202 231.44505247567 245.08073848882 256.92052785983 268.04230759014 280.61404136336 346.4226170273 356.51946013956 370.77693229238 382.21336801815 395.45414837356 461.32466256479 472.32646512892 484.54035625188 494.82022976014 505.88766428852 576.5794951315 590.38992422609 604.850780881 619.0312076474 631.38715776824 691.75952958805 702.97203622805 717.48072847305 728.04586882051 742.85996646783","5418001.1 5418002.1 5418003.1 5418004.1 5418005.1 5424001.1 5424002.1 5424003.1 5424004.1 5424005.1 5430001.1 5430002.1 5430003.1 5430004.1 5430005.1 5436001.1 5436002.1 5436003.1 5436004.1 5436005.1 5442001.1 5442002.1 5442003.1 5442004 5442005 5448001 5448002 5448003 5448004 5448005 5454001 5454002 5454003 5454004 5454005"
General-129-20260718-15:11:12-5193,vector,Florasat_Individual_Sats.terminal[54].dlk.mac,vector_preds_Transformer,,,"1.95528347092 12.33191238763 24.35573859653 35.73536374071 47.85052525043 116.21761722118 127.08943059645 138.07649849193 148.63177383762 159.81321198844 231.54089575261 246.21963252872 260.35578060406 274.13502246001 288.41253918339 346.86076202244 361.26411862602 371.89471045789 386.1954684211 397.87863495574 461.0790568206 474.35794050107 485.40481939679 498.06239487487 509.5048236486 576.74744535424 591.69029177935 606.34567749058 618.25144688436 630.35090984148 691.92616608134 706.3605530283 718.98334558611 732.65819576592 747.20898152119","5423401.1 5423402.1 5423403.1 5423404.1 5423405.1 5429401.1 5429402.1 5429403 5429404 5429405 5435401 5435402 5435403 5435404 5435405 5441401 5441402 5441403 5441404 5441405 5447401 5447402 5447403 5447404 5447405 5453401 5453402 5453403 5453404 5453405 5459401 5459402 5459403 5459404 5459405"
General-129-20260718-15:11:12-5193,vector,Florasat_Individual_Sats.terminal[12].dlk.mac,vector_preds_Transformer,,,"1.97286793613 14.83282854664 27.28725047898 38.80519277881 53.37950777145 116.16966014192 130.28305778093 141.82544421334 155.22486801538 169.23712107399 231.02952968515 243.652181576 258.56913791573 271.40032084844 284.794178345 346.55450122105 359.56429811567 369.81139075151 380.756330651 390.88588645007 461.39680384821 472.55756331188 487.21684776642 500.7830762309 515.71514452388 576.36815160909 589.20047353767 603.7390908394 616.13578871521 629.3204069701 691.82655294705 703.39782988466 717.24765062728 727.49073526869 742.14415121987","5419201.1 5419202.1 5419203.1 5419204.1 5419205.1 5425201.1 5425202.1 5425203 5425204 5425205 5431201 5431202 5431203 5431204 5431205 5437201.1 5437202.1 5437203.1 5437204.1 5437205.1 5443201.1 5443202.1 5443203.1 5443204.1 5443205.1 5449201.1 5449202.1 5449203.1 5449204.1 5449205.1 5455201.1 5455202 5455203 5455204 5455205"
General-129-20260718-15:11:12-5193,vector,Florasat_Individual_Sats.terminal[2].dlk.mac,vector_preds_Transformer,,,"1.97729337285 12.30208888207 27.15648188162 40.11012038239 52.48283788236 116.22717300802 130.72846053191 141.20720700151 153.79235287918 167.27360854763 231.80085064517 246.71673430618 259.8164490275 272.994252 283.47464126674 346.67649577837 359.27013681852 372.48845162685 385.29313896084 399.94691091124 461.34738091449 473.35818160395 485.95451137703 500.0747824572 512.94377162656 576.11214204342 586.14628386218 598.60017238418 613.35580133601 624.57750553499 691.6304806543 702.42981273843 714.87473565432 727.89985263183 742.38056360672","5418201.1 5418202.1 5418203.1 5418204.1 5418205.1 5424201.1 5424202.1 5424203.1 5424204.1 5424205.1 5430201.1 5430202.1 5430203.1 5430204.1 5430205.1 5436201.1 5436202.1 5436203.1 5436204.1 5436205.1 5442201.1 5442202.1 5442203.1 5442204.1 5442205.1 5448201.1 5448202.1 5448203 5448204 5448205 5454201 5454202 5454203 5454204 5454205"
General-129-20260718-15:11:12-5193,vector,Florasat_Individual_Sats.terminal[28].dlk.mac,vector_preds_Transformer,,,"1.97851230996 13.25430486608 24.6910659005 39.50053086295 52.69561496354 116.07058116375 127.60800823011 138.76586535736 153.13558230898 163.98177285585 231.65376002085 242.32300307019 253.39436140959 265.93438385054 279.25123281078 346.66920394776 358.74138235021 373.66072444152 386.22689114674 400.06969229924 461.38068845752 473.53707597498 487.51791270939 501.38035694743 514.13460362493 576.00187775539 588.20397327048 600.59606074564 614.05706637631 626.40232204319 691.84069167357 702.45196404052 715.61395547236 725.96122918534 738.69479928282","5420801.1 5420802.1 5420803.1 5420804.1 5420805.1 5426801.1 5426802.1 5426803 5426804 5426805 5432801 5432802 5432803 5432804 5432805 5438801 5438802 5438803 5438804 5438805 5444801 5444802 5444803 5444804 5444805.1 5450801.1 5450802.1 5450803.1 5450804.1 5450805.1 5456801.1 5456802.1 5456803.1 5456804.1 5456805.1"
General-129-20260718-15:11:12-5193,vector,Florasat_Individual_Sats.satellite[0].dlkDSL.mac,VectorTransmitMethod_ReceptionResult,,,"31.56466602388 34.36792378537 38.28807220038 46.33175798848 49.69724968858 52.72004207655 54.54272316852 57.36600322503 57.85986734777 60.57375791755 127.94015905274 127.96210525155 138.63439745888 141.51982659421 143.21944991443 145.69342509219 150.9660077108 151.75645324275 153.02209700145 157.73786023924 161.0033307766 162.18922577346 163.46217804299 165.37727490802 167.16401809202 167.85460026669 168.50297094013 171.48600871855 172.40700209027 174.55862643606 232.27719079674 242.57988007244 242.67818677508 244.0258519418 246.60204046493 252.74428570846 255.22903205844 259.33778513356 259.84253106493 266.03315856208 266.81573866604 268.18804959291 269.42301316041 270.95578791704 272.35409862146 272.67443800917 273.66146996867 274.44900156901 276.9194955427 280.02033385414 280.81831914925 282.46336758803 283.11315000307 284.95108844147 287.988123408 288.95967258411 357.07052518165 357.32595565416 358.43332939705 367.45491572576 369.32134851734 370.24761475151 371.10207787755 373.20399826619 374.32047958359 375.4514820321 378.02283576261 380.19824142139 381.192554651 381.80296870324 382.42474457405 384.10696460878 385.42721683689 387.78350647183 390.66518568238 391.32211045007 392.8559958345 395.40730524359 398.03145969816 399.88499354887 402.69414154806 462.88373548983 472.99378731188 477.5815957154 483.59287445517 484.87742405048 485.71609840197 485.90017762192 486.05239079184 487.67514650262 490.41121722169 494.4465782816 496.6329514415 497.71921517806 499.00894547258 500.55892186555 504.10256516391 504.51560222407 505.08516408703 508.69479825888 511.52802991139 514.2823490607 515.0844069056 516.15136852388 518.95965888484 576.61013871379 578.2094150172 588.06731140673 588.5324383275 589.29603722593 590.72529877028 591.00885687106 591.84148284554 599.87431201342 599.90836995718 601.03228474564 602.2145946924 602.41705029113 603.74259566016 604.1753148394 609.11551049485 610.36019005295 610.93323136636 611.56762833421 612.34233562825 613.02392437653 614.49329037631 615.16841185353 616.57201271521 617.44895550005 621.5874751035 622.97301525779 623.76205312012 625.13136053798 625.86490711736 627.72255797353 628.34554892465 629.7566309701 705.45043245115 705.9347727335 707.28979703331 712.81551332603 716.05017947236 716.21667017884 716.56927986693 717.2861270985 718.93161014597 720.2340768102 720.74542189137 724.10047109163 726.39745318534 727.85912977139 728.39821858023 728.91040582153 730.21126892943 732.49225273616 733.29000027025 735.33325329929 739.13102328282 739.20909010296 740.74354400783 741.42678089267 742.5759508985 743.60621705711 747.01935267358 747.9429235448","5418903 5422104 5422904 5418904 5420005 5422905 5421205 5422805 5419905 5418905 5425902 5428802 5425903 5428803 5428703 5424003 5427104 5428504 5425904 5428904 5424304 5427105 5425505 5425905 5424005 5428705 5425805 5425705 5428405 5424305 5431701 5431702 5434902 5431502 5430902 5431703 5433503 5431803 5430903 5433504 5431704 5434504 5434804 5433104 5433304 5433204 5431804 5430904 5433505 5431505 5431705 5431605 5433305 5431805 5430905 5434705 5439302 5437502 5439502 5437503 5440503 5437203 5437803 5437703 5438003 5437603 5437504 5440504 5437204 5440004 5439504 5440704 5440304 5437704 5437505 5437205 5439505 5439305 5440305 5441205 5437705 5445601 5443202 5445602 5442803 5442703 5442603 5445503 5445703 5445803 5442403 5442804 5442604 5442704 5447604 5445704 5442404 5445604 5442805 5442605 5445505 5445805 5445605 5443205 5442405 5451801 5448601 5451702 5451502 5451802 5448602 5448802 5453802 5453603 5451803 5450803 5453803 5448603 5448803 5449203 5451504 5448404 5453604 5451304 5448704 5451804 5450804 5448604 5449204 5451604 5448405 5451305 5451505 5448705 5453605 5451805 5451705 5449205 5457802 5454802 5457702 5459803 5456803 5454603 5457803 5454703 5457703 5454803 5459603 5459804 5456804 5454604 5457804 5454704 5457704 5459604 5454804 5459805 5456805 5454605 5457805 5457705 5459605 5454705 5457605 5454805"
General-129-20260718-15:11:12-5193,vector,Florasat_Individual_Sats.satellite[0].dlkDSL.mac,Satellite Position when Repetition Received,,,"31.56466602388 34.36792378537 38.28807220038 46.33175798848 49.69724968858 52.72004207655 54.54272316852 57.36600322503 57.85986734777 60.57375791755 127.94015905274 127.96210525155 138.63439745888 141.51982659421 143.21944991443 145.69342509219 150.9660077108 151.75645324275 153.02209700145 157.73786023924 161.0033307766 162.18922577346 163.46217804299 165.37727490802 167.16401809202 167.85460026669 168.50297094013 171.48600871855 172.40700209027 174.55862643606 232.27719079674 242.57988007244 242.67818677508 244.0258519418 246.60204046493 252.74428570846 255.22903205844 259.33778513356 259.84253106493 266.03315856208 266.81573866604 268.18804959291 269.42301316041 270.95578791704 272.35409862146 272.67443800917 273.66146996867 274.44900156901 276.9194955427 280.02033385414 280.81831914925 282.46336758803 283.11315000307 284.95108844147 287.988123408 288.95967258411 357.07052518165 357.32595565416 358.43332939705 367.45491572576 369.32134851734 370.24761475151 371.10207787755 373.20399826619 374.32047958359 375.4514820321 378.02283576261 380.19824142139 381.192554651 381.80296870324 382.42474457405 384.10696460878 385.42721683689 387.78350647183 390.66518568238 391.32211045007 392.8559958345 395.40730524359 398.03145969816 399.88499354887 402.69414154806 462.88373548983 472.99378731188 477.5815957154 483.59287445517 484.87742405048 485.71609840197 485.90017762192 486.05239079184 487.67514650262 490.41121722169 494.4465782816 496.6329514415 497.71921517806 499.00894547258 500.55892186555 504.10256516391 504.51560222407 505.08516408703 508.69479825888 511.52802991139 514.2823490607 515.0844069056 516.15136852388 518.95965888484 576.61013871379 578.2094150172 588.06731140673 588.5324383275 589.29603722593 590.72529877028 591.00885687106 591.84148284554 599.87431201342 599.90836995718 601.03228474564 602.2145946924 602.41705029113 603.74259566016 604.1753148394 609.11551049485 610.36019005295 610.93323136636 611.56762833421 612.34233562825 613.02392437653 614.49329037631 615.16841185353 616.57201271521 617.44895550005 621.5874751035 622.97301525779 623.76205312012 625.13136053798 625.86490711736 627.72255797353 628.34554892465 629.7566309701 705.45043245115 705.9347727335 707.28979703331 712.81551332603 716.05017947236 716.21667017884 716.56927986693 717.2861270985 718.93161014597 720.2340768102 720.74542189137 724.10047109163 726.39745318534 727.85912977139 728.39821858023 728.91040582153 730.21126892943 732.49225273616 733.29000027025 735.33325329929 739.13102328282 739.20909010296 740.74354400783 741.42678089267 742.5759508985 743.60621705711 747.01935267358 747.9429235448","180 180 180 180 180 180 180 180 180 180 180 180 180 180 180 180 180 180 180 180 180 180 180 180 180 180 180 180 180 180 180 180 180 180 180 180 180 180 180 180 180 180 180 180 180 180 180 180 180 180 180 180 180 180 180 180 180 180 180 180 180 180 180 180 180 180 180 180 180 180 180 180 180 180 180 180 180 180 180 180 180 180 180 180 180 180 180 180 180 180 180 180 180 180 180 180 180 180 180 180 180 180 180 180 180 180 180 180 180 180 180 180 180 180 180 180 180 180 180 180 180 180 180 180 180 180 180 180 180 180 180 180 180 180 180 180 180 180 180 180 180 180 180 180 180 180 180 180 180 180 180 180 180 180 180 180 180 180 180 180 180 180 180 180 180 180"
General-129-20260718-15:11:12-5193,vector,Florasat_Individual_Sats.satellite[0].dlkDSL.mac,Repetition Position for Node 223 at Satellite,,,"31.56466602388 46.33175798848 60.57375791755 246.60204046493 259.84253106493 274.44900156901 287.988123408","180 180 180 180 180 180 180"
General-129-20260718-15:11:12-5193,vector,Florasat_Individual_Sats.satellite[0].dlkDSL.mac,All Nodes Repetition Generation Delay at Satellite,,,"31.56466602388 34.36792378537 38.28807220038 46.33175798848 49.69724968858 52.72004207655 54.54272316852 57.36600322503 57.85986734777 60.57375791755 127.94015905274 127.96210525155 138.63439745888 141.51982659421 143.21944991443 145.69342509219 150.9660077108 151.75645324275 153.02209700145 157.73786023924 161.0033307766 162.18922577346 163.46217804299 165.37727490802 167.16401809202 167.85460026669 168.50297094013 171.48600871855 172.40700209027 174.55862643606 232.27719079674 242.57988007244 242.67818677508 244.0258519418 246.60204046493 252.74428570846 255.22903205844 259.33778513356 259.84253106493 266.03315856208 266.81573866604 268.18804959291 269.42301316041 270.95578791704 272.35409862146 272.67443800917 273.66146996867 274.44900156901 276.9194955427 280.02033385414 280.81831914925 282.46336758803 283.11315000307 284.95108844147 287.988123408 288.95967258411 357.07052518165 357.32595565416 358.43332939705 367.45491572576 369.32134851734 370.24761475151 371.10207787755 373.20399826619 374.32047958359 375.4514820321 378.02283576261 380.19824142139 381.192554651 381.80296870324 382.42474457405 384.10696460878 385.42721683689 387.78350647183 390.66518568238 391.32211045007 392.8559958345 395.40730524359 398.03145969816 399.88499354887 402.69414154806 462.88373548983 472.99378731188 477.5815957154 483.59287445517 484.87742405048 485.71609840197 485.90017762192 486.05239079184 487.67514650262 490.41121722169 494.4465782816 496.6329514415 497.71921517806 499.00894547258 500.55892186555 504.10256516391 504.51560222407 505.08516408703 508.69479825888 511.52802991139 514.2823490607 515.0844069056 516.15136852388 518.95965888484 576.61013871379 578.2094150172 588.06731140673 588.5324383275 589.29603722593 590.72529877028 591.00885687106 591.84148284554 599.87431201342 599.90836995718 601.03228474564 602.2145946924 602.41705029113 603.74259566016 604.1753148394 609.11551049485 610.36019005295 610.93323136636 611.56762833421 612.34233562825 613.02392437653 614.49329037631 615.16841185353 616.57201271521 617.44895550005 621.5874751035 622.97301525779 623.76205312012 625.13136053798 625.86490711736 627.72255797353 628.34554892465 629.7566309701 705.45043245115 705.9347727335 707.28979703331 712.81551332603 716.05017947236 716.21667017884 716.56927986693 717.2861270985 718.93161014597 720.2340768102 720.74542189137 724.10047109163 726.39745318534 727.85912977139 728.39821858023 728.91040582153 730.21126892943 732.49225273616 733.29000027025 735.33325329929 739.13102328282 739.20909010296 740.74354400783 741.42678089267 742.5759508985 743.60621705711 747.01935267358 747.9429235448","30.56466602388 33.36792378537 37.28807220038 45.33175798848 48.69724968858 51.72004207655 53.54272316852 56.36600322503 56.85986734777 59.57375791755 11.94015905274 11.96210525155 22.63439745888 25.51982659421 27.21944991443 29.69342509219 34.9660077108 35.75645324275 37.02209700145 41.73786023924 45.0033307766 46.18922577346 47.46217804299 49.37727490802 51.16401809202 51.85460026669 52.50297094013 55.48600871855 56.40700209027 58.55862643606 1.27719079674 11.57988007244 11.67818677508 13.0258519418 15.60204046493 21.74428570846 24.22903205844 28.33778513356 28.84253106493 35.03315856208 35.81573866604 37.18804959291 38.42301316041 39.95578791704 41.35409862146 41.67443800917 42.66146996867 43.44900156901 45.9194955427 49.02033385414 49.81831914925 51.46336758803 52.11315000307 53.95108844147 56.988123408 57.95967258411 11.07052518165 11.32595565416 12.43332939705 21.45491572576 23.32134851734 24.24761475151 25.10207787755 27.20399826619 28.32047958359 29.4514820321 32.02283576261 34.19824142139 35.192554651 35.80296870324 36.42474457405 38.10696460878 39.42721683689 41.78350647183 44.66518568238 45.32211045007 46.8559958345 49.40730524359 52.03145969816 53.88499354887 56.69414154806 1.88373548983 11.99378731188 16.5815957154 22.59287445517 23.87742405048 24.71609840197 24.90017762192 25.05239079184 26.67514650262 29.41121722169 33.4465782816 35.6329514415 36.71921517806 38.00894547258 39.55892186555 43.10256516391 43.51560222407 44.08516408703 47.69479825888 50.52802991139 53.2823490607 54.0844069056 55.15136852388 57.95965888484 0.61013871378998 2.2094150171999 12.06731140673 12.5324383275 13.29603722593 14.72529877028 15.00885687106 15.84148284554 23.87431201342 23.90836995718 25.03228474564 26.2145946924 26.41705029113 27.74259566016 28.1753148394 33.11551049485 34.36019005295 34.93323136636 35.56762833421 36.34233562825 37.02392437653 38.49329037631 39.16841185353 40.57201271521 41.44895550005 45.5874751035 46.97301525779 47.76205312012 49.13136053798 49.86490711736 51.72255797353 52.34554892465 53.7566309701 14.45043245115 14.9347727335 16.28979703331 21.81551332603 25.05017947236 25.21667017884 25.56927986693 26.2861270985 27.93161014597 29.2340768102 29.74542189137 33.10047109163 35.39745318534 36.85912977139 37.39821858023 37.91040582153 39.21126892943 41.49225273616 42.29000027025 44.33325329929 48.13102328282 48.20909010296 49.74354400783 50.42678089267 51.5759508985 52.60621705711 56.01935267358 56.9429235448"
General-129-20260718-15:11:12-5193,vector,Florasat_Individual_Sats.satellite[0].dlkDSL.mac,Repetition Generation Delay for Node 223 at Satellite,,,"31.56466602388 46.33175798848 60.57375791755 246.60204046493 259.84253106493 274.44900156901 287.988123408","30.56466602388 45.33175798848 59.57375791755 15.60204046493 28.84253106493 43.44900156901 56.988123408"
General-129-20260718-15:11:12-5193,vector,Florasat_Individual_Sats.satellite[0].dlkDSL.mac,Successful Repetition Number counted for MAC protocol,,,"31.56466602388 34.36792378537 38.28807220038 49.69724968858 54.54272316852 57.36600322503 57.85986734777 127.94015905274 127.96210525155 143.21944991443 145.69342509219 150.9660077108 151.75645324275 157.73786023924 161.0033307766 163.46217804299 168.50297094013 171.48600871855 172.40700209027 232.27719079674 242.67818677508 244.0258519418 246.60204046493 255.22903205844 259.33778513356 268.18804959291 269.42301316041 270.95578791704 272.35409862146 272.67443800917 282.46336758803 288.95967258411 357.07052518165 357.32595565416 358.43332939705 369.32134851734 370.24761475151 371.10207787755 373.20399826619 374.32047958359 375.4514820321 381.80296870324 384.10696460878 385.42721683689 399.88499354887 462.88373548983 472.99378731188 483.59287445517 484.87742405048 485.71609840197 485.90017762192 486.05239079184 487.67514650262 490.41121722169 499.00894547258 576.61013871379 578.2094150172 588.06731140673 588.5324383275 591.00885687106 591.84148284554 599.87431201342 601.03228474564 604.1753148394 610.36019005295 611.56762833421 612.34233562825 617.44895550005 705.45043245115 705.9347727335 707.28979703331 712.81551332603 716.05017947236 716.21667017884 717.2861270985 720.74542189137 747.01935267358","3 4 4 5 5 5 5 2 2 3 3 4 4 4 4 5 5 5 5 1 2 2 2 3 3 4 4 4 4 4 5 5 2 2 2 3 3 3 3 3 3 4 4 4 5 1 2 3 3 3 3 3 3 3 4 1 1 2 2 2 2 3 3 3 4 4 4 4 2 2 2 3 3 3 3 3 5"
General-129-20260718-15:11:12-5193,vector,Florasat_Individual_Sats.satellite[0].dlkDSL.mac,Successful Repetition Number counted for the Model,,,"31.56466602388 34.36792378537 38.28807220038 49.69724968858 54.54272316852 57.36600322503 57.85986734777 127.94015905274 127.96210525155 143.21944991443 145.69342509219 150.9660077108 151.75645324275 157.73786023924 161.0033307766 163.46217804299 168.50297094013 171.48600871855 172.40700209027 232.27719079674 242.67818677508 244.0258519418 246.60204046493 255.22903205844 259.33778513356 268.18804959291 269.42301316041 270.95578791704 272.35409862146 272.67443800917 282.46336758803 288.95967258411 357.07052518165 357.32595565416 358.43332939705 369.32134851734 370.24761475151 371.10207787755 373.20399826619 374.32047958359 375.4514820321 381.80296870324 384.10696460878 385.42721683689 399.88499354887 462.88373548983 472.99378731188 483.59287445517 484.87742405048 485.71609840197 485.90017762192 486.05239079184 487.67514650262 490.41121722169 499.00894547258 576.61013871379 578.2094150172 588.06731140673 588.5324383275 591.00885687106 591.84148284554 599.87431201342 601.03228474564 604.1753148394 610.36019005295 611.56762833421 612.34233562825 617.44895550005 705.45043245115 705.9347727335 707.28979703331 712.81551332603 716.05017947236 716.21667017884 717.2861270985 720.74542189137 747.01935267358","3 4 4 5 5 5 5 2 2 3 3 4 4 4 4 5 5 5 5 1 2 2 2 1 3 4 4 4 1 4 5 5 2 2 2 3 3 3 3 3 3 4 4 2 5 1 2 3 3 3 3 3 3 3 3 1 1 2 2 2 2 3 3 3 4 4 4 4 2 2 2 3 3 3 3 3 5"
General-129-20260718-15:11:12-5193,vector,Florasat_Individual_Sats.satellite[0].dlkDSL.mac,All Nodes Message Generation Delay at Satellite,,,"31.56466602388 34.36792378537 38.28807220038 49.69724968858 54.54272316852 57.36600322503 57.85986734777 127.94015905274 127.96210525155 143.21944991443 145.69342509219 150.9660077108 151.75645324275 157.73786023924 161.0033307766 163.46217804299 168.50297094013 171.48600871855 172.40700209027 232.27719079674 242.67818677508 244.0258519418 246.60204046493 255.22903205844 259.33778513356 268.18804959291 269.42301316041 270.95578791704 272.35409862146 272.67443800917 282.46336758803 288.95967258411 357.07052518165 357.32595565416 358.43332939705 369.32134851734 370.24761475151 371.10207787755 373.20399826619 374.32047958359 375.4514820321 381.80296870324 384.10696460878 385.42721683689 399.88499354887 462.88373548983 472.99378731188 483.59287445517 484.87742405048 485.71609840197 485.90017762192 486.05239079184 487.67514650262 490.41121722169 499.00894547258 576.61013871379 578.2094150172 588.06731140673 588.5324383275 591.00885687106 591.84148284554 599.87431201342 601.03228474564 604.1753148394 610.36019005295 611.56762833421 612.34233562825 617.44895550005 705.45043245115 705.9347727335 707.28979703331 712.81551332603 716.05017947236 716.21667017884 717.2861270985 720.74542189137 747.01935267358","30.56466602388 33.36792378537 37.28807220038 48.69724968858 53.54272316852 56.36600322503 56.85986734777 11.94015905274 11.96210525155 27.21944991443 29.69342509219 34.9660077108 35.75645324275 41.73786023924 45.0033307766 47.46217804299 52.50297094013 55.48600871855 56.40700209027 1.27719079674 11.67818677508 13.0258519418 15.60204046493 24.22903205844 28.33778513356 37.18804959291 38.42301316041 39.95578791704 41.35409862146 41.67443800917 51.46336758803 57.95967258411 11.07052518165 11.32595565416 12.43332939705 23.32134851734 24.24761475151 25.10207787755 27.20399826619 28.32047958359 29.4514820321 35.80296870324 38.10696460878 39.42721683689 53.88499354887 1.88373548983 11.99378731188 22.59287445517 23.87742405048 24.71609840197 24.90017762192 25.05239079184 26.67514650262 29.41121722169 38.00894547258 0.61013871378998 2.2094150171999 12.06731140673 12.5324383275 15.00885687106 15.84148284554 23.87431201342 25.03228474564 28.1753148394 34.36019005295 35.56762833421 36.34233562825 41.44895550005 14.45043245115 14.9347727335 16.28979703331 21.81551332603 25.05017947236 25.21667017884 26.2861270985 29.74542189137 56.01935267358"
General-129-20260718-15:11:12-5193,vector,Florasat_Individual_Sats.satellite[0].dlkDSL.mac,Message Generation Delay for Node 223 at Satellite,,,"31.56466602388 246.60204046493","30.56466602388 15.60204046493"
General-129-20260718-15:11:12-5193,vector,Florasat_Individual_Sats.satellite[0].net.packetHandler,packets received,,,"31.56466602388 34.36792378537 38.28807220038 46.33175798848 49.69724968858 52.72004207655 54.54272316852 57.36600322503 57.85986734777 60.57375791755 127.94015905274 127.96210525155 138.63439745888 141.51982659421 143.21944991443 145.69342509219 150.9660077108 151.75645324275 153.02209700145 157.73786023924 161.0033307766 162.18922577346 163.46217804299 165.37727490802 167.16401809202 167.85460026669 168.50297094013 171.48600871855 172.40700209027 174.55862643606 232.27719079674 242.57988007244 242.67818677508 244.0258519418 246.60204046493 252.74428570846 255.22903205844 259.33778513356 259.84253106493 266.03315856208 266.81573866604 268.18804959291 269.42301316041 270.95578791704 272.35409862146 272.67443800917 273.66146996867 274.44900156901 276.9194955427 280.02033385414 280.81831914925 282.46336758803 283.11315000307 284.95108844147 287.988123408 288.95967258411 357.07052518165 357.32595565416 358.43332939705 367.45491572576 369.32134851734 370.24761475151 371.10207787755 373.20399826619 374.32047958359 375.4514820321 378.02283576261 380.19824142139 381.192554651 381.80296870324 382.42474457405 384.10696460878 385.42721683689 387.78350647183 390.66518568238 391.32211045007 392.8559958345 395.40730524359 398.03145969816 399.88499354887 402.69414154806 462.88373548983 472.99378731188 477.5815957154 483.59287445517 484.87742405048 485.71609840197 485.90017762192 486.05239079184 487.67514650262 490.41121722169 494.4465782816 496.6329514415 497.71921517806 499.00894547258 500.55892186555 504.10256516391 504.51560222407 505.08516408703 508.69479825888 511.52802991139 514.2823490607 515.0844069056 516.15136852388 518.95965888484 576.61013871379 578.2094150172 588.06731140673 588.5324383275 589.29603722593 590.72529877028 591.00885687106 591.84148284554 599.87431201342 599.90836995718 601.03228474564 602.2145946924 602.41705029113 603.74259566016 604.1753148394 609.11551049485 610.36019005295 610.93323136636 611.56762833421 612.34233562825 613.02392437653 614.49329037631 615.16841185353 616.57201271521 617.44895550005 621.5874751035 622.97301525779 623.76205312012 625.13136053798 625.86490711736 627.72255797353 628.34554892465 629.7566309701 705.45043245115 705.9347727335 707.28979703331 712.81551332603 716.05017947236 716.21667017884 716.56927986693 717.2861270985 718.93161014597 720.2340768102 720.74542189137 724.10047109163 726.39745318534 727.85912977139 728.39821858023 728.91040582153 730.21126892943 732.49225273616 733.29000027025 735.33325329929 739.13102328282 739.20909010296 740.74354400783 741.42678089267 742.5759508985 743.60621705711 747.01935267358 747.9429235448","1 2 3 4 5 6 7 8 9 10 11 12 13 14 15 16 17 18 19 20 21 22 23 24 25 26 27 28 29 30 31 32 33 34 35 36 37 38 39 40 41 42 43 44 45 46 47 48 49 50 51 52 53 54 55 56 57 58 59 60 61 62 63 64 65 66 67 68 69 70 71 72 73 74 75 76 77 78 79 80 81 82 83 84 85 86 87 88 89 90 91 92 93 94 95 96 97 98 99 100 101 102 103 104 105 106 107 108 109 110 111 112 113 114 115 116 117 118 119 120 121 122 123 124 125 126 127 128 129 130 131 132 133 134 135 136 137 138 139 140 141 142 143 144 145 146 147 148 149 150 151 152 153 154 155 156 157 158 159 160 161 162 163 164 165 166"
General-129-20260718-15:11:12-5193,vector,Florasat_Individual_Sats.satellite[0].net.packetHandler,dropped unroutable,,,"31.56466602388 34.36792378537 38.28807220038 46.33175798848 49.69724968858 52.72004207655 54.54272316852 57.36600322503 57.85986734777 60.57375791755 127.94015905274 127.96210525155 138.63439745888 141.51982659421 143.21944991443 145.69342509219 150.9660077108 151.75645324275 153.02209700145 157.73786023924 161.0033307766 162.18922577346 163.46217804299 165.37727490802 167.16401809202 167.85460026669 168.50297094013 171.48600871855 172.40700209027 174.55862643606 232.27719079674 242.57988007244 242.67818677508 244.0258519418 246.60204046493 252.74428570846 255.22903205844 259.33778513356 259.84253106493 266.03315856208 266.81573866604 268.18804959291 269.42301316041 270.95578791704 272.35409862146 272.67443800917 273.66146996867 274.44900156901 276.9194955427 280.02033385414 280.81831914925 282.46336758803 283.11315000307 284.95108844147 287.988123408 288.95967258411 357.07052518165 357.32595565416 358.43332939705 367.45491572576 369.32134851734 370.24761475151 371.10207787755 373.20399826619 374.32047958359 375.4514820321 378.02283576261 380.19824142139 381.192554651 381.80296870324 382.42474457405 384.10696460878 385.42721683689 387.78350647183 390.66518568238 391.32211045007 392.8559958345 395.40730524359 398.03145969816 399.88499354887 402.69414154806 462.88373548983 472.99378731188 477.5815957154 483.59287445517 484.87742405048 485.71609840197 485.90017762192 486.05239079184 487.67514650262 490.41121722169 494.4465782816 496.6329514415 497.71921517806 499.00894547258 500.55892186555 504.10256516391 504.51560222407 505.08516408703 508.69479825888 511.52802991139 514.2823490607 515.0844069056 516.15136852388 518.95965888484 576.61013871379 578.2094150172 588.06731140673 588.5324383275 589.29603722593 590.72529877028 591.00885687106 591.84148284554 599.87431201342 599.90836995718 601.03228474564 602.2145946924 602.41705029113 603.74259566016 604.1753148394 609.11551049485 610.36019005295 610.93323136636 611.56762833421 612.34233562825 613.02392437653 614.49329037631 615.16841185353 616.57201271521 617.44895550005 621.5874751035 622.97301525779 623.76205312012 625.13136053798 625.86490711736 627.72255797353 628.34554892465 629.7566309701 705.45043245115 705.9347727335 707.28979703331 712.81551332603 716.05017947236 716.21667017884 716.56927986693 717.2861270985 718.93161014597 720.2340768102 720.74542189137 724.10047109163 726.39745318534 727.85912977139 728.39821858023 728.91040582153 730.21126892943 732.49225273616 733.29000027025 735.33325329929 739.13102328282 739.20909010296 740.74354400783 741.42678089267 742.5759508985 743.60621705711 747.01935267358 747.9429235448","1 2 3 4 5 6 7 8 9 10 11 12 13 14 15 16 17 18 19 20 21 22 23 24 25 26 27 28 29 30 31 32 33 34 35 36 37 38 39 40 41 42 43 44 45 46 47 48 49 50 51 52 53 54 55 56 57 58 59 60 61 62 63 64 65 66 67 68 69 70 71 72 73 74 75 76 77 78 79 80 81 82 83 84 85 86 87 88 89 90 91 92 93 94 95 96 97 98 99 100 101 102 103 104 105 106 107 108 109 110 111 112 113 114 115 116 117 118 119 120 121 122 123 124 125 126 127 128 129 130 131 132 133 134 135 136 137 138 139 140 141 142 143 144 145 146 147 148 149 150 151 152 153 154 155 156 157 158 159 160 161 162 163 164 165 166"
General-129-20260718-15:11:12-5193,vector,Florasat_Individual_Sats.satellite[0].net.packetHandler,packets dropped,,,"31.56466602388 34.36792378537 38.28807220038 46.33175798848 49.69724968858 52.72004207655 54.54272316852 57.36600322503 57.85986734777 60.57375791755 127.94015905274 127.96210525155 138.63439745888 141.51982659421 143.21944991443 145.69342509219 150.9660077108 151.75645324275 153.02209700145 157.73786023924 161.0033307766 162.18922577346 163.46217804299 165.37727490802 167.16401809202 167.85460026669 168.50297094013 171.48600871855 172.40700209027 174.55862643606 232.27719079674 242.57988007244 242.67818677508 244.0258519418 246.60204046493 252.74428570846 255.22903205844 259.33778513356 259.84253106493 266.03315856208 266.81573866604 268.18804959291 269.42301316041 270.95578791704 272.35409862146 272.67443800917 273.66146996867 274.44900156901 276.9194955427 280.02033385414 280.81831914925 282.46336758803 283.11315000307 284.95108844147 287.988123408 288.95967258411 357.07052518165 357.32595565416 358.43332939705 367.45491572576 369.32134851734 370.24761475151 371.10207787755 373.20399826619 374.32047958359 375.4514820321 378.02283576261 380.19824142139 381.192554651 381.80296870324 382.42474457405 384.10696460878 385.42721683689 387.78350647183 390.66518568238 391.32211045007 392.8559958345 395.40730524359 398.03145969816 399.88499354887 402.69414154806 462.88373548983 472.99378731188 477.5815957154 483.59287445517 484.87742405048 485.71609840197 485.90017762192 486.05239079184 487.67514650262 490.41121722169 494.4465782816 496.6329514415 497.71921517806 499.00894547258 500.55892186555 504.10256516391 504.51560222407 505.08516408703 508.69479825888 511.52802991139 514.2823490607 515.0844069056 516.15136852388 518.95965888484 576.61013871379 578.2094150172 588.06731140673 588.5324383275 589.29603722593 590.72529877028 591.00885687106 591.84148284554 599.87431201342 599.90836995718 601.03228474564 602.2145946924 602.41705029113 603.74259566016 604.1753148394 609.11551049485 610.36019005295 610.93323136636 611.56762833421 612.34233562825 613.02392437653 614.49329037631 615.16841185353 616.57201271521 617.44895550005 621.5874751035 622.97301525779 623.76205312012 625.13136053798 625.86490711736 627.72255797353 628.34554892465 629.7566309701 705.45043245115 705.9347727335 707.28979703331 712.81551332603 716.05017947236 716.21667017884 716.56927986693 717.2861270985 718.93161014597 720.2340768102 720.74542189137 724.10047109163 726.39745318534 727.85912977139 728.39821858023 728.91040582153 730.21126892943 732.49225273616 733.29000027025 735.33325329929 739.13102328282 739.20909010296 740.74354400783 741.42678089267 742.5759508985 743.60621705711 747.01935267358 747.9429235448","1 2 3 4 5 6 7 8 9 10 11 12 13 14 15 16 17 18 19 20 21 22 23 24 25 26 27 28 29 30 31 32 33 34 35 36 37 38 39 40 41 42 43 44 45 46 47 48 49 50 51 52 53 54 55 56 57 58 59 60 61 62 63 64 65 66 67 68 69 70 71 72 73 74 75 76 77 78 79 80 81 82 83 84 85 86 87 88 89 90 91 92 93 94 95 96 97 98 99 100 101 102 103 104 105 106 107 108 109 110 111 112 113 114 115 116 117 118 119 120 121 122 123 124 125 126 127 128 129 130 131 132 133 134 135 136 137 138 139 140 141 142 143 144 145 146 147 148 149 150 151 152 153 154 155 156 157 158 159 160 161 162 163 164 165 166"
General-129-20260718-15:11:12-5193,vector,Florasat_Individual_Sats.satellite[0].dlkDSL.mac,Repetition Position for Node 703 at Satellite,,,"34.36792378537","180"
General-129-20260718-15:11:12-5193,vector,Florasat_Individual_Sats.satellite[0].dlkDSL.mac,Repetition Generation Delay for Node 703 at Satellite,,,"34.36792378537","33.36792378537"
General-129-20260718-15:11:12-5193,vector,Florasat_Individual_Sats.satellite[0].dlkDSL.mac,Message Generation Delay for Node 703 at Satellite,,,"34.36792378537","33.36792378537"
General-129-20260718-15:11:12-5193,vector,Florasat_Individual_Sats.satellite[0].dlkDSL.mac,Repetition Position for Node 823 at Satellite,,,"38.28807220038 52.72004207655 157.73786023924 242.67818677508","180 180 180 180"
General-129-20260718-15:11:12-5193,vector,Florasat_Individual_Sats.satellite[0].dlkDSL.mac,Repetition Generation Delay for Node 823 at Satellite,,,"38.28807220038 52.72004207655 157.73786023924 242.67818677508","37.28807220038 51.72004207655 41.73786023924 11.67818677508"
General-129-20260718-15:11:12-5193,vector,Florasat_Individual_Sats.satellite[0].dlkDSL.mac,Message Generation Delay for Node 823 at Satellite,,,"38.28807220038 157.73786023924 242.67818677508","37.28807220038 41.73786023924 11.67818677508"
General-129-20260718-15:11:12-5193,vector,Florasat_Individual_Sats.satellite[0].dlkDSL.mac,Repetition Position for Node 388 at Satellite,,,"49.69724968858 374.32047958359","180 180"
General-129-20260718-15:11:12-5193,vector,Florasat_Individual_Sats.satellite[0].dlkDSL.mac,Repetition Generation Delay for Node 388 at Satellite,,,"49.69724968858 374.32047958359","48.69724968858 28.32047958359"
General-129-20260718-15:11:12-5193,vector,Florasat_Individual_Sats.satellite[0].dlkDSL.mac,Message Generation Delay for Node 388 at Satellite,,,"49.69724968858 374.32047958359","48.69724968858 28.32047958359"
General-129-20260718-15:11:12-5193,vector,Florasat_Individual_Sats.satellite[0].dlkDSL.mac,Repetition Position for Node 568 at Satellite,,,"54.54272316852 272.67443800917","180 180"
General-129-20260718-15:11:12-5193,vector,Florasat_Individual_Sats.satellite[0].dlkDSL.mac,Repetition Generation Delay for Node 568 at Satellite,,,"54.54272316852 272.67443800917","53.54272316852 41.67443800917"
General-129-20260718-15:11:12-5193,vector,Florasat_Individual_Sats.satellite[0].dlkDSL.mac,Message Generation Delay for Node 568 at Satellite,,,"54.54272316852 272.67443800917","53.54272316852 41.67443800917"
General-129-20260718-15:11:12-5193,vector,Florasat_Individual_Sats.satellite[0].dlkDSL.mac,Repetition Position for Node 808 at Satellite,,,"57.36600322503 127.96210525155 141.51982659421 269.42301316041","180 180 180 180"
General-129-20260718-15:11:12-5193,vector,Florasat_Individual_Sats.satellite[0].dlkDSL.mac,Repetition Generation Delay for Node 808 at Satellite,,,"57.36600322503 127.96210525155 141.51982659421 269.42301316041","56.36600322503 11.96210525155 25.51982659421 38.42301316041"
General-129-20260718-15:11:12-5193,vector,Florasat_Individual_Sats.satellite[0].dlkDSL.mac,Message Generation Delay for Node 808 at Satellite,,,"57.36600322503 127.96210525155 269.42301316041","56.36600322503 11.96210525155 38.42301316041"
General-129-20260718-15:11:12-5193,vector,Florasat_Individual_Sats.satellite[0].dlkDSL.mac,Repetition Position for Node 373 at Satellite,,,"57.85986734777 127.94015905274 138.63439745888 153.02209700145 165.37727490802","180 180 180 180 180"
General-129-20260718-15:11:12-5193,vector,Florasat_Individual_Sats.satellite[0].dlkDSL.mac,Repetition Generation Delay for Node 373 at Satellite,,,"57.85986734777 127.94015905274 138.63439745888 153.02209700145 165.37727490802","56.85986734777 11.94015905274 22.63439745888 37.02209700145 49.37727490802"
General-129-20260718-15:11:12-5193,vector,Florasat_Individual_Sats.satellite[0].dlkDSL.mac,Message Generation Delay for Node 373 at Satellite,,,"57.85986734777 127.94015905274","56.85986734777 11.94015905274"
General-129-20260718-15:11:12-5193,vector,Florasat_Individual_Sats.satellite[0].dlkDSL.mac,Repetition Position for Node 793 at Satellite,,,"143.21944991443 167.85460026669 288.95967258411 384.10696460878","180 180 180 180"
General-129-20260718-15:11:12-5193,vector,Florasat_Individual_Sats.satellite[0].dlkDSL.mac,Repetition Generation Delay for Node 793 at Satellite,,,"143.21944991443 167.85460026669 288.95967258411 384.10696460878","27.21944991443 51.85460026669 57.95967258411 38.10696460878"
General-129-20260718-15:11:12-5193,vector,Florasat_Individual_Sats.satellite[0].dlkDSL.mac,Message Generation Delay for Node 793 at Satellite,,,"143.21944991443 288.95967258411 384.10696460878","27.21944991443 57.95967258411 38.10696460878"
General-129-20260718-15:11:12-5193,vector,Florasat_Individual_Sats.satellite[0].dlkDSL.mac,Repetition Position for Node 88 at Satellite,,,"145.69342509219 167.16401809202","180 180"
General-129-20260718-15:11:12-5193,vector,Florasat_Individual_Sats.satellite[0].dlkDSL.mac,Repetition Generation Delay for Node 88 at Satellite,,,"145.69342509219 167.16401809202","29.69342509219 51.16401809202"
General-129-20260718-15:11:12-5193,vector,Florasat_Individual_Sats.satellite[0].dlkDSL.mac,Message Generation Delay for Node 88 at Satellite,,,"145.69342509219","29.69342509219"
General-129-20260718-15:11:12-5193,vector,Florasat_Individual_Sats.satellite[0].dlkDSL.mac,Repetition Position for Node 553 at Satellite,,,"150.9660077108 162.18922577346 270.95578791704","180 180 180"
General-129-20260718-15:11:12-5193,vector,Florasat_Individual_Sats.satellite[0].dlkDSL.mac,Repetition Generation Delay for Node 553 at Satellite,,,"150.9660077108 162.18922577346 270.95578791704","34.9660077108 46.18922577346 39.95578791704"
General-129-20260718-15:11:12-5193,vector,Florasat_Individual_Sats.satellite[0].dlkDSL.mac,Message Generation Delay for Node 553 at Satellite,,,"150.9660077108 270.95578791704","34.9660077108 39.95578791704"
General-129-20260718-15:11:12-5193,vector,Florasat_Individual_Sats.satellite[0].dlkDSL.mac,Repetition Position for Node 763 at Satellite,,,"151.75645324275 268.18804959291 369.32134851734 380.19824142139","180 180 180 180"
General-129-20260718-15:11:12-5193,vector,Florasat_Individual_Sats.satellite[0].dlkDSL.mac,Repetition Generation Delay for Node 763 at Satellite,,,"151.75645324275 268.18804959291 369.32134851734 380.19824142139","35.75645324275 37.18804959291 23.32134851734 34.19824142139"
General-129-20260718-15:11:12-5193,vector,Florasat_Individual_Sats.satellite[0].dlkDSL.mac,Message Generation Delay for Node 763 at Satellite,,,"151.75645324275 268.18804959291 369.32134851734","35.75645324275 37.18804959291 23.32134851734"
General-129-20260718-15:11:12-5193,vector,Florasat_Individual_Sats.satellite[0].dlkDSL.mac,Repetition Position for Node 133 at Satellite,,,"161.0033307766 174.55862643606","180 180"
General-129-20260718-15:11:12-5193,vector,Florasat_Individual_Sats.satellite[0].dlkDSL.mac,Repetition Generation Delay for Node 133 at Satellite,,,"161.0033307766 174.55862643606","45.0033307766 58.55862643606"
General-129-20260718-15:11:12-5193,vector,Florasat_Individual_Sats.satellite[0].dlkDSL.mac,Message Generation Delay for Node 133 at Satellite,,,"161.0033307766","45.0033307766"
General-129-20260718-15:11:12-5193,vector,Florasat_Individual_Sats.satellite[0].dlkDSL.mac,Repetition Position for Node 313 at Satellite,,,"163.46217804299 244.0258519418 280.02033385414 357.32595565416 367.45491572576 378.02283576261 390.66518568238","180 180 180 180 180 180 180"
General-129-20260718-15:11:12-5193,vector,Florasat_Individual_Sats.satellite[0].dlkDSL.mac,Repetition Generation Delay for Node 313 at Satellite,,,"163.46217804299 244.0258519418 280.02033385414 357.32595565416 367.45491572576 378.02283576261 390.66518568238","47.46217804299 13.0258519418 49.02033385414 11.32595565416 21.45491572576 32.02283576261 44.66518568238"
General-129-20260718-15:11:12-5193,vector,Florasat_Individual_Sats.satellite[0].dlkDSL.mac,Message Generation Delay for Node 313 at Satellite,,,"163.46217804299 244.0258519418 357.32595565416","47.46217804299 13.0258519418 11.32595565416"
General-129-20260718-15:11:12-5193,vector,Florasat_Individual_Sats.satellite[0].dlkDSL.mac,Repetition Position for Node 358 at Satellite,,,"168.50297094013 259.33778513356 273.66146996867 284.95108844147 371.10207787755","180 180 180 180 180"
General-129-20260718-15:11:12-5193,vector,Florasat_Individual_Sats.satellite[0].dlkDSL.mac,Repetition Generation Delay for Node 358 at Satellite,,,"168.50297094013 259.33778513356 273.66146996867 284.95108844147 371.10207787755","52.50297094013 28.33778513356 42.66146996867 53.95108844147 25.10207787755"
General-129-20260718-15:11:12-5193,vector,Florasat_Individual_Sats.satellite[0].dlkDSL.mac,Message Generation Delay for Node 358 at Satellite,,,"168.50297094013 259.33778513356 371.10207787755","52.50297094013 28.33778513356 25.10207787755"
General-129-20260718-15:11:12-5193,vector,Florasat_Individual_Sats.satellite[0].dlkDSL.mac,Repetition Position for Node 343 at Satellite,,,"171.48600871855 232.27719079674 242.57988007244 252.74428570846 266.81573866604 280.81831914925 373.20399826619 387.78350647183 402.69414154806","180 180 180 180 180 180 180 180 180"
General-129-20260718-15:11:12-5193,vector,Florasat_Individual_Sats.satellite[0].dlkDSL.mac,Repetition Generation Delay for Node 343 at Satellite,,,"171.48600871855 232.27719079674 242.57988007244 252.74428570846 266.81573866604 280.81831914925 373.20399826619 387.78350647183 402.69414154806","55.48600871855 1.27719079674 11.57988007244 21.74428570846 35.81573866604 49.81831914925 27.20399826619 41.78350647183 56.69414154806"
General-129-20260718-15:11:12-5193,vector,Florasat_Individual_Sats.satellite[0].dlkDSL.mac,Message Generation Delay for Node 343 at Satellite,,,"171.48600871855 232.27719079674 373.20399826619","55.48600871855 1.27719079674 27.20399826619"
General-129-20260718-15:11:12-5193,vector,Florasat_Individual_Sats.satellite[0].dlkDSL.mac,Repetition Position for Node 748 at Satellite,,,"172.40700209027","180"
General-129-20260718-15:11:12-5193,vector,Florasat_Individual_Sats.satellite[0].dlkDSL.mac,Repetition Generation Delay for Node 748 at Satellite,,,"172.40700209027","56.40700209027"
General-129-20260718-15:11:12-5193,vector,Florasat_Individual_Sats.satellite[0].dlkDSL.mac,Message Generation Delay for Node 748 at Satellite,,,"172.40700209027","56.40700209027"
General-129-20260718-15:11:12-5193,vector,Florasat_Individual_Sats.satellite[0].dlkDSL.mac,Repetition Position for Node 613 at Satellite,,,"255.22903205844 266.03315856208 276.9194955427 358.43332939705 382.42474457405 392.8559958345 485.90017762192 511.52802991139 588.5324383275 609.11551049485 623.76205312012","180 180 180 180 180 180 180 180 180 180 180"
General-129-20260718-15:11:12-5193,vector,Florasat_Individual_Sats.satellite[0].dlkDSL.mac,Repetition Generation Delay for Node 613 at Satellite,,,"255.22903205844 266.03315856208 276.9194955427 358.43332939705 382.42474457405 392.8559958345 485.90017762192 511.52802991139 588.5324383275 609.11551049485 623.76205312012","24.22903205844 35.03315856208 45.9194955427 12.43332939705 36.42474457405 46.8559958345 24.90017762192 50.52802991139 12.5324383275 33.11551049485 47.76205312012"
General-129-20260718-15:11:12-5193,vector,Florasat_Individual_Sats.satellite[0].dlkDSL.mac,Message Generation Delay for Node 613 at Satellite,,,"255.22903205844 358.43332939705 485.90017762192 588.5324383275","24.22903205844 12.43332939705 24.90017762192 12.5324383275"
General-129-20260718-15:11:12-5193,vector,Florasat_Individual_Sats.satellite[0].dlkDSL.mac,Repetition Position for Node 583 at Satellite,,,"272.35409862146 283.11315000307 357.07052518165 395.40730524359 611.56762833421 622.97301525779","180 180 180 180 180 180"
General-129-20260718-15:11:12-5193,vector,Florasat_Individual_Sats.satellite[0].dlkDSL.mac,Repetition Generation Delay for Node 583 at Satellite,,,"272.35409862146 283.11315000307 357.07052518165 395.40730524359 611.56762833421 622.97301525779","41.35409862146 52.11315000307 11.07052518165 49.40730524359 35.56762833421 46.97301525779"
General-129-20260718-15:11:12-5193,vector,Florasat_Individual_Sats.satellite[0].dlkDSL.mac,Message Generation Delay for Node 583 at Satellite,,,"272.35409862146 357.07052518165 611.56762833421","41.35409862146 11.07052518165 35.56762833421"
General-129-20260718-15:11:12-5193,vector,Florasat_Individual_Sats.satellite[0].dlkDSL.mac,Repetition Position for Node 328 at Satellite,,,"282.46336758803 375.4514820321","180 180"
General-129-20260718-15:11:12-5193,vector,Florasat_Individual_Sats.satellite[0].dlkDSL.mac,Repetition Generation Delay for Node 328 at Satellite,,,"282.46336758803 375.4514820321","51.46336758803 29.4514820321"
General-129-20260718-15:11:12-5193,vector,Florasat_Individual_Sats.satellite[0].dlkDSL.mac,Message Generation Delay for Node 328 at Satellite,,,"282.46336758803 375.4514820321","51.46336758803 29.4514820321"
General-129-20260718-15:11:12-5193,vector,Florasat_Individual_Sats.satellite[0].dlkDSL.mac,Repetition Position for Node 268 at Satellite,,,"370.24761475151 381.192554651 391.32211045007 472.99378731188 516.15136852388 604.1753148394 616.57201271521 629.7566309701","180 180 180 180 180 180 180 180"
General-129-20260718-15:11:12-5193,vector,Florasat_Individual_Sats.satellite[0].dlkDSL.mac,Repetition Generation Delay for Node 268 at Satellite,,,"370.24761475151 381.192554651 391.32211045007 472.99378731188 516.15136852388 604.1753148394 616.57201271521 629.7566309701","24.24761475151 35.192554651 45.32211045007 11.99378731188 55.15136852388 28.1753148394 40.57201271521 53.7566309701"
General-129-20260718-15:11:12-5193,vector,Florasat_Individual_Sats.satellite[0].dlkDSL.mac,Message Generation Delay for Node 268 at Satellite,,,"370.24761475151 472.99378731188 604.1753148394","24.24761475151 11.99378731188 28.1753148394"
General-129-20260718-15:11:12-5193,vector,Florasat_Individual_Sats.satellite[0].dlkDSL.mac,Repetition Position for Node 688 at Satellite,,,"381.80296870324","180"
General-129-20260718-15:11:12-5193,vector,Florasat_Individual_Sats.satellite[0].dlkDSL.mac,Repetition Generation Delay for Node 688 at Satellite,,,"381.80296870324","35.80296870324"
General-129-20260718-15:11:12-5193,vector,Florasat_Individual_Sats.satellite[0].dlkDSL.mac,Message Generation Delay for Node 688 at Satellite,,,"381.80296870324","35.80296870324"
General-129-20260718-15:11:12-5193,vector,Florasat_Individual_Sats.satellite[0].dlkDSL.mac,Repetition Position for Node 733 at Satellite,,,"385.42721683689 398.03145969816","180 180"
General-129-20260718-15:11:12-5193,vector,Florasat_Individual_Sats.satellite[0].dlkDSL.mac,Repetition Generation Delay for Node 733 at Satellite,,,"385.42721683689 398.03145969816","39.42721683689 52.03145969816"
General-129-20260718-15:11:12-5193,vector,Florasat_Individual_Sats.satellite[0].dlkDSL.mac,Message Generation Delay for Node 733 at Satellite,,,"385.42721683689","39.42721683689"
General-129-20260718-15:11:12-5193,vector,Florasat_Individual_Sats.satellite[0].dlkDSL.mac,Repetition Position for Node 868 at Satellite,,,"399.88499354887","180"
General-129-20260718-15:11:12-5193,vector,Florasat_Individual_Sats.satellite[0].dlkDSL.mac,Repetition Generation Delay for Node 868 at Satellite,,,"399.88499354887","53.88499354887"
General-129-20260718-15:11:12-5193,vector,Florasat_Individual_Sats.satellite[0].dlkDSL.mac,Message Generation Delay for Node 868 at Satellite,,,"399.88499354887","53.88499354887"
General-129-20260718-15:11:12-5193,vector,Florasat_Individual_Sats.satellite[0].dlkDSL.mac,Repetition Position for Node 628 at Satellite,,,"462.88373548983 477.5815957154 504.51560222407 515.0844069056 617.44895550005 747.01935267358","180 180 180 180 180 180"
General-129-20260718-15:11:12-5193,vector,Florasat_Individual_Sats.satellite[0].dlkDSL.mac,Repetition Generation Delay for Node 628 at Satellite,,,"462.88373548983 477.5815957154 504.51560222407 515.0844069056 617.44895550005 747.01935267358","1.88373548983 16.5815957154 43.51560222407 54.0844069056 41.44895550005 56.01935267358"
General-129-20260718-15:11:12-5193,vector,Florasat_Individual_Sats.satellite[0].dlkDSL.mac,Message Generation Delay for Node 628 at Satellite,,,"462.88373548983 617.44895550005 747.01935267358","1.88373548983 41.44895550005 56.01935267358"
General-129-20260718-15:11:12-5193,vector,Florasat_Individual_Sats.satellite[0].dlkDSL.mac,Repetition Position for Node 208 at Satellite,,,"483.59287445517 494.4465782816 505.08516408703 591.00885687106 603.74259566016 705.9347727335 720.2340768102 733.29000027025 747.9429235448","180 180 180 180 180 180 180 180 180"
General-129-20260718-15:11:12-5193,vector,Florasat_Individual_Sats.satellite[0].dlkDSL.mac,Repetition Generation Delay for Node 208 at Satellite,,,"483.59287445517 494.4465782816 505.08516408703 591.00885687106 603.74259566016 705.9347727335 720.2340768102 733.29000027025 747.9429235448","22.59287445517 33.4465782816 44.08516408703 15.00885687106 27.74259566016 14.9347727335 29.2340768102 42.29000027025 56.9429235448"
General-129-20260718-15:11:12-5193,vector,Florasat_Individual_Sats.satellite[0].dlkDSL.mac,Message Generation Delay for Node 208 at Satellite,,,"483.59287445517 591.00885687106 705.9347727335","22.59287445517 15.00885687106 14.9347727335"
General-129-20260718-15:11:12-5193,vector,Florasat_Individual_Sats.satellite[0].dlkDSL.mac,Repetition Position for Node 193 at Satellite,,,"484.87742405048 497.71921517806 612.34233562825 625.13136053798 717.2861270985 728.91040582153 743.60621705711","180 180 180 180 180 180 180"
General-129-20260718-15:11:12-5193,vector,Florasat_Individual_Sats.satellite[0].dlkDSL.mac,Repetition Generation Delay for Node 193 at Satellite,,,"484.87742405048 497.71921517806 612.34233562825 625.13136053798 717.2861270985 728.91040582153 743.60621705711","23.87742405048 36.71921517806 36.34233562825 49.13136053798 26.2861270985 37.91040582153 52.60621705711"
General-129-20260718-15:11:12-5193,vector,Florasat_Individual_Sats.satellite[0].dlkDSL.mac,Message Generation Delay for Node 193 at Satellite,,,"484.87742405048 612.34233562825 717.2861270985","23.87742405048 36.34233562825 26.2861270985"
General-129-20260718-15:11:12-5193,vector,Florasat_Individual_Sats.satellite[0].dlkDSL.mac,Repetition Position for Node 178 at Satellite,,,"485.71609840197 496.6329514415 508.69479825888 578.2094150172 590.72529877028 602.41705029113 615.16841185353 716.21667017884 727.85912977139 739.20909010296","180 180 180 180 180 180 180 180 180 180"
General-129-20260718-15:11:12-5193,vector,Florasat_Individual_Sats.satellite[0].dlkDSL.mac,Repetition Generation Delay for Node 178 at Satellite,,,"485.71609840197 496.6329514415 508.69479825888 578.2094150172 590.72529877028 602.41705029113 615.16841185353 716.21667017884 727.85912977139 739.20909010296","24.71609840197 35.6329514415 47.69479825888 2.2094150171999 14.72529877028 26.41705029113 39.16841185353 25.21667017884 36.85912977139 48.20909010296"
General-129-20260718-15:11:12-5193,vector,Florasat_Individual_Sats.satellite[0].dlkDSL.mac,Message Generation Delay for Node 178 at Satellite,,,"485.71609840197 578.2094150172 716.21667017884","24.71609840197 2.2094150171999 25.21667017884"
General-129-20260718-15:11:12-5193,vector,Florasat_Individual_Sats.satellite[0].dlkDSL.mac,Repetition Position for Node 643 at Satellite,,,"486.05239079184 500.55892186555 588.06731140673 628.34554892465 707.28979703331 718.93161014597 730.21126892943 741.42678089267","180 180 180 180 180 180 180 180"
General-129-20260718-15:11:12-5193,vector,Florasat_Individual_Sats.satellite[0].dlkDSL.mac,Repetition Generation Delay for Node 643 at Satellite,,,"486.05239079184 500.55892186555 588.06731140673 628.34554892465 707.28979703331 718.93161014597 730.21126892943 741.42678089267","25.05239079184 39.55892186555 12.06731140673 52.34554892465 16.28979703331 27.93161014597 39.21126892943 50.42678089267"
General-129-20260718-15:11:12-5193,vector,Florasat_Individual_Sats.satellite[0].dlkDSL.mac,Message Generation Delay for Node 643 at Satellite,,,"486.05239079184 588.06731140673 707.28979703331","25.05239079184 12.06731140673 16.28979703331"
General-129-20260718-15:11:12-5193,vector,Florasat_Individual_Sats.satellite[0].dlkDSL.mac,Repetition Position for Node 658 at Satellite,,,"487.67514650262 514.2823490607 576.61013871379 589.29603722593 599.90836995718 613.02392437653 627.72255797353 705.45043245115 716.56927986693 728.39821858023 740.74354400783","180 180 180 180 180 180 180 180 180 180 180"
General-129-20260718-15:11:12-5193,vector,Florasat_Individual_Sats.satellite[0].dlkDSL.mac,Repetition Generation Delay for Node 658 at Satellite,,,"487.67514650262 514.2823490607 576.61013871379 589.29603722593 599.90836995718 613.02392437653 627.72255797353 705.45043245115 716.56927986693 728.39821858023 740.74354400783","26.67514650262 53.2823490607 0.61013871378998 13.29603722593 23.90836995718 37.02392437653 51.72255797353 14.45043245115 25.56927986693 37.39821858023 49.74354400783"
General-129-20260718-15:11:12-5193,vector,Florasat_Individual_Sats.satellite[0].dlkDSL.mac,Message Generation Delay for Node 658 at Satellite,,,"487.67514650262 576.61013871379 705.45043245115","26.67514650262 0.61013871378998 14.45043245115"
General-129-20260718-15:11:12-5193,vector,Florasat_Individual_Sats.satellite[0].dlkDSL.mac,Repetition Position for Node 148 at Satellite,,,"490.41121722169 504.10256516391 518.95965888484 610.36019005295 621.5874751035","180 180 180 180 180"
General-129-20260718-15:11:12-5193,vector,Florasat_Individual_Sats.satellite[0].dlkDSL.mac,Repetition Generation Delay for Node 148 at Satellite,,,"490.41121722169 504.10256516391 518.95965888484 610.36019005295 621.5874751035","29.41121722169 43.10256516391 57.95965888484 34.36019005295 45.5874751035"
General-129-20260718-15:11:12-5193,vector,Florasat_Individual_Sats.satellite[0].dlkDSL.mac,Message Generation Delay for Node 148 at Satellite,,,"490.41121722169 610.36019005295","29.41121722169 34.36019005295"
General-129-20260718-15:11:12-5193,vector,Florasat_Individual_Sats.satellite[0].dlkDSL.mac,Repetition Position for Node 928 at Satellite,,,"499.00894547258 599.87431201342 610.93323136636 625.86490711736 720.74542189137 732.49225273616 742.5759508985","180 180 180 180 180 180 180"
General-129-20260718-15:11:12-5193,vector,Florasat_Individual_Sats.satellite[0].dlkDSL.mac,Repetition Generation Delay for Node 928 at Satellite,,,"499.00894547258 599.87431201342 610.93323136636 625.86490711736 720.74542189137 732.49225273616 742.5759508985","38.00894547258 23.87431201342 34.93323136636 49.86490711736 29.74542189137 41.49225273616 51.5759508985"
General-129-20260718-15:11:12-5193,vector,Florasat_Individual_Sats.satellite[0].dlkDSL.mac,Message Generation Delay for Node 928 at Satellite,,,"499.00894547258 599.87431201342 720.74542189137","38.00894547258 23.87431201342 29.74542189137"
General-129-20260718-15:11:12-5193,vector,Florasat_Individual_Sats.satellite[0].dlkDSL.mac,Repetition Position for Node 958 at Satellite,,,"591.84148284554 602.2145946924 712.81551332603 724.10047109163 735.33325329929","180 180 180 180 180"
General-129-20260718-15:11:12-5193,vector,Florasat_Individual_Sats.satellite[0].dlkDSL.mac,Repetition Generation Delay for Node 958 at Satellite,,,"591.84148284554 602.2145946924 712.81551332603 724.10047109163 735.33325329929","15.84148284554 26.2145946924 21.81551332603 33.10047109163 44.33325329929"
General-129-20260718-15:11:12-5193,vector,Florasat_Individual_Sats.satellite[0].dlkDSL.mac,Message Generation Delay for Node 958 at Satellite,,,"591.84148284554 712.81551332603","15.84148284554 21.81551332603"
General-129-20260718-15:11:12-5193,vector,Florasat_Individual_Sats.satellite[0].dlkDSL.mac,Repetition Position for Node 508 at Satellite,,,"601.03228474564 614.49329037631 716.05017947236 726.39745318534 739.13102328282","180 180 180 180 180"
General-129-20260718-15:11:12-5193,vector,Florasat_Individual_Sats.satellite[0].dlkDSL.mac,Repetition Generation Delay for Node 508 at Satellite,,,"601.03228474564 614.49329037631 716.05017947236 726.39745318534 739.13102328282","25.03228474564 38.49329037631 25.05017947236 35.39745318534 48.13102328282"
General-129-20260718-15:11:12-5193,vector,Florasat_Individual_Sats.satellite[0].dlkDSL.mac,Message Generation Delay for Node 508 at Satellite,,,"601.03228474564 716.05017947236","25.03228474564 25.05017947236"
